algorithm,dataset,run_id,iteration,nfe,fitness
RG-SCSO,Zoo,4,0,68,0.06267857142857144
RG-SCSO,Zoo,4,1,106,0.04475357142857142
RG-SCSO,Zoo,4,2,144,0.03438214285714291
RG-SCSO,Zoo,4,3,182,0.03438214285714291
RG-SCSO,Zoo,4,4,220,0.03438214285714291
RG-SCSO,Zoo,4,5,258,0.03438214285714291
RG-SCSO,Zoo,4,6,296,0.03438214285714291
RG-SCSO,Zoo,4,7,334,0.03438214285714291
RG-SCSO,Zoo,4,8,372,0.03438214285714291
RG-SCSO,Zoo,4,9,410,0.03438214285714291
RG-SCSO,Zoo,4,10,448,0.03438214285714291
RG-SCSO,Zoo,4,11,486,0.03438214285714291
RG-SCSO,Zoo,4,12,524,0.03438214285714291
RG-SCSO,Zoo,4,13,562,0.03438214285714291
RG-SCSO,Zoo,4,14,600,0.03438214285714291
RG-SCSO,Zoo,4,15,638,0.03438214285714291
RG-SCSO,Zoo,4,16,676,0.03438214285714291
RG-SCSO,Zoo,4,17,714,0.03438214285714291
RG-SCSO,Zoo,4,18,752,0.03438214285714291
RG-SCSO,Zoo,4,19,790,0.03438214285714291
RG-SCSO,Zoo,4,20,828,0.03438214285714291
RG-SCSO,Zoo,4,21,866,0.03438214285714291
RG-SCSO,Zoo,4,22,904,0.03438214285714291
RG-SCSO,Zoo,4,23,942,0.03438214285714291
RG-SCSO,Zoo,4,24,980,0.03438214285714291
RG-SCSO,Zoo,4,25,1018,0.03438214285714291
RG-SCSO,Zoo,4,26,1056,0.03438214285714291
RG-SCSO,Zoo,4,27,1094,0.03438214285714291
RG-SCSO,Zoo,4,28,1132,0.03438214285714291
RG-SCSO,Zoo,4,29,1170,0.03438214285714291
RG-SCSO,Zoo,4,30,1208,0.03438214285714291
RG-SCSO,Zoo,4,31,1246,0.03438214285714291
RG-SCSO,Zoo,4,32,1284,0.03438214285714291
RG-SCSO,Zoo,4,33,1322,0.03438214285714291
RG-SCSO,Zoo,4,34,1360,0.03438214285714291
RG-SCSO,Zoo,4,35,1398,0.03438214285714291
RG-SCSO,Zoo,4,36,1436,0.03438214285714291
RG-SCSO,Zoo,4,37,1474,0.03438214285714291
RG-SCSO,Zoo,4,38,1512,0.03438214285714291
RG-SCSO,Zoo,4,39,1550,0.03438214285714291
RG-SCSO,Zoo,4,40,1588,0.03438214285714291
RG-SCSO,Zoo,4,41,1626,0.03438214285714291
RG-SCSO,Zoo,4,42,1664,0.03438214285714291
RG-SCSO,Zoo,4,43,1702,0.03438214285714291
RG-SCSO,Zoo,4,44,1740,0.03438214285714291
RG-SCSO,Zoo,4,45,1778,0.03438214285714291
RG-SCSO,Zoo,4,46,1816,0.03438214285714291
RG-SCSO,Zoo,4,47,1854,0.03438214285714291
RG-SCSO,Zoo,4,48,1892,0.03438214285714291
RG-SCSO,Zoo,4,49,1930,0.03438214285714291
RG-SCSO,Zoo,4,50,1968,0.03438214285714291
RG-SCSO,Zoo,4,51,2006,0.03438214285714291
RG-SCSO,Zoo,4,52,2044,0.03438214285714291
RG-SCSO,Zoo,4,53,2082,0.03438214285714291
RG-SCSO,Zoo,4,54,2120,0.03438214285714291
RG-SCSO,Zoo,4,55,2158,0.03438214285714291
RG-SCSO,Zoo,4,56,2196,0.03438214285714291
RG-SCSO,Zoo,4,57,2234,0.03438214285714291
RG-SCSO,Zoo,4,58,2272,0.03438214285714291
RG-SCSO,Zoo,4,59,2310,0.03438214285714291
RG-SCSO,Zoo,4,60,2348,0.03438214285714291
RG-SCSO,Zoo,4,61,2386,0.03438214285714291
RG-SCSO,Zoo,4,62,2424,0.03438214285714291
RG-SCSO,Zoo,4,63,2462,0.03438214285714291
RG-SCSO,Zoo,4,64,2500,0.03438214285714291
RG-SCSO,Zoo,4,65,2538,0.03438214285714291
RG-SCSO,Zoo,4,66,2576,0.03438214285714291
RG-SCSO,Zoo,4,67,2614,0.03438214285714291
RG-SCSO,Zoo,4,68,2652,0.03438214285714291
RG-SCSO,Zoo,4,69,2690,0.03438214285714291
RG-SCSO,Zoo,4,70,2728,0.03438214285714291
RG-SCSO,Zoo,4,71,2766,0.03438214285714291
RG-SCSO,Zoo,4,72,2804,0.03438214285714291
RG-SCSO,Zoo,4,73,2842,0.03438214285714291
RG-SCSO,Zoo,4,74,2880,0.03313214285714291
RG-SCSO,Zoo,4,75,2918,0.03313214285714291
RG-SCSO,Zoo,4,76,2956,0.03313214285714291
RG-SCSO,Zoo,4,77,2994,0.03313214285714291
RG-SCSO,Zoo,4,78,3032,0.03313214285714291
RG-SCSO,Zoo,4,79,3070,0.03313214285714291
RG-SCSO,Zoo,4,80,3108,0.03313214285714291
RG-SCSO,Zoo,4,81,3146,0.03313214285714291
RG-SCSO,Zoo,4,82,3184,0.022453571428571514
RG-SCSO,Zoo,4,83,3222,0.022453571428571514
RG-SCSO,Zoo,4,84,3260,0.022453571428571514
RG-SCSO,Zoo,4,85,3298,0.022453571428571514
RG-SCSO,Zoo,4,86,3336,0.022453571428571514
RG-SCSO,Zoo,4,87,3374,0.022453571428571514
RG-SCSO,Zoo,4,88,3412,0.022453571428571514
RG-SCSO,Zoo,4,89,3450,0.022453571428571514
RG-SCSO,Zoo,4,90,3488,0.022453571428571514
RG-SCSO,Zoo,4,91,3526,0.022453571428571514
RG-SCSO,Zoo,4,92,3564,0.022453571428571514
RG-SCSO,Zoo,4,93,3602,0.022453571428571514
RG-SCSO,Zoo,4,94,3640,0.022453571428571514
RG-SCSO,Zoo,4,95,3678,0.022453571428571514
RG-SCSO,Zoo,4,96,3716,0.022453571428571514
RG-SCSO,Zoo,4,97,3754,0.022453571428571514
RG-SCSO,Zoo,4,98,3792,0.022453571428571514
RG-SCSO,Zoo,4,99,3830,0.022453571428571514
RG-SCSO,Zoo,4,100,3868,0.022453571428571514
RG-SCSO,Zoo,4,101,3906,0.022453571428571514
RG-SCSO,Zoo,4,102,3944,0.022453571428571514
RG-SCSO,Zoo,4,103,3982,0.022453571428571514
RG-SCSO,Zoo,4,104,4020,0.022453571428571514
RG-SCSO,Zoo,4,105,4058,0.022453571428571514
RG-SCSO,Zoo,4,106,4096,0.022453571428571514
RG-SCSO,Zoo,4,107,4134,0.022453571428571514
RG-SCSO,Zoo,4,108,4172,0.022453571428571514
RG-SCSO,Zoo,4,109,4210,0.022453571428571514
RG-SCSO,Zoo,4,110,4248,0.022453571428571514
RG-SCSO,Zoo,4,111,4286,0.022453571428571514
RG-SCSO,Zoo,4,112,4324,0.022453571428571514
RG-SCSO,Zoo,4,113,4362,0.022453571428571514
RG-SCSO,Zoo,4,114,4400,0.022453571428571514
RG-SCSO,Zoo,4,115,4438,0.022453571428571514
RG-SCSO,Zoo,4,116,4476,0.022453571428571514
RG-SCSO,Zoo,4,117,4514,0.022453571428571514
RG-SCSO,Zoo,4,118,4552,0.022453571428571514
RG-SCSO,Zoo,4,119,4590,0.022453571428571514
RG-SCSO,Zoo,4,120,4628,0.022453571428571514
RG-SCSO,Zoo,4,121,4666,0.022453571428571514
RG-SCSO,Zoo,4,122,4704,0.022453571428571514
RG-SCSO,Zoo,4,123,4742,0.022453571428571514
RG-SCSO,Zoo,4,124,4780,0.022453571428571514
RG-SCSO,Zoo,4,125,4818,0.022453571428571514
RG-SCSO,Zoo,4,126,4856,0.022453571428571514
RG-SCSO,Zoo,4,127,4894,0.022453571428571514
RG-SCSO,Zoo,4,128,4932,0.022453571428571514
RG-SCSO,Zoo,4,129,4970,0.022453571428571514
RG-SCSO,Zoo,4,130,5008,0.022453571428571514
RG-SCSO,Zoo,4,131,5046,0.022453571428571514
RG-SCSO,Zoo,4,132,5084,0.022453571428571514
RG-SCSO,Zoo,4,133,5122,0.022453571428571514
RG-SCSO,Zoo,4,134,5160,0.022453571428571514
RG-SCSO,Zoo,4,135,5198,0.022453571428571514
RG-SCSO,Zoo,4,136,5236,0.022453571428571514
RG-SCSO,Zoo,4,137,5274,0.022453571428571514
RG-SCSO,Zoo,4,138,5312,0.022453571428571514
RG-SCSO,Zoo,4,139,5350,0.022453571428571514
RG-SCSO,Zoo,4,140,5388,0.022453571428571514
RG-SCSO,Zoo,4,141,5426,0.022453571428571514
RG-SCSO,Zoo,4,142,5464,0.022453571428571514
RG-SCSO,Zoo,4,143,5502,0.022453571428571514
RG-SCSO,Zoo,4,144,5540,0.022453571428571514
RG-SCSO,Zoo,4,145,5578,0.022453571428571514
RG-SCSO,Zoo,4,146,5616,0.022453571428571514
RG-SCSO,Zoo,4,147,5654,0.022453571428571514
RG-SCSO,Zoo,4,148,5692,0.022453571428571514
RG-SCSO,Zoo,4,149,5730,0.022453571428571514
RG-SCSO,Zoo,4,150,5768,0.022453571428571514
RG-SCSO,Zoo,4,151,5806,0.022453571428571514
RG-SCSO,Zoo,4,152,5844,0.022453571428571514
RG-SCSO,Zoo,4,153,5882,0.022453571428571514
RG-SCSO,Zoo,4,154,5920,0.022453571428571514
RG-SCSO,Zoo,4,155,5958,0.022453571428571514
RG-SCSO,Zoo,4,156,5996,0.022453571428571514
RG-SCSO,Zoo,4,157,6034,0.022453571428571514
RG-SCSO,Zoo,4,158,6072,0.022453571428571514
RG-SCSO,Zoo,4,159,6110,0.022453571428571514
RG-SCSO,Zoo,4,160,6148,0.022453571428571514
RG-SCSO,Zoo,4,161,6186,0.022453571428571514
RG-SCSO,Zoo,4,162,6224,0.022453571428571514
RG-SCSO,Zoo,4,163,6262,0.022453571428571514
RG-SCSO,Zoo,4,164,6300,0.022453571428571514
RG-SCSO,Zoo,4,165,6338,0.022453571428571514
RG-SCSO,Zoo,4,166,6376,0.022453571428571514
RG-SCSO,Zoo,4,167,6414,0.022453571428571514
RG-SCSO,Zoo,4,168,6452,0.022453571428571514
RG-SCSO,Zoo,4,169,6490,0.022453571428571514
RG-SCSO,Zoo,4,170,6528,0.022453571428571514
RG-SCSO,Zoo,4,171,6566,0.022453571428571514
RG-SCSO,Zoo,4,172,6604,0.022453571428571514
RG-SCSO,Zoo,4,173,6642,0.022453571428571514
RG-SCSO,Zoo,4,174,6680,0.022453571428571514
RG-SCSO,Zoo,4,175,6718,0.022453571428571514
RG-SCSO,Zoo,4,176,6756,0.022453571428571514
RG-SCSO,Zoo,4,177,6794,0.022453571428571514
RG-SCSO,Zoo,4,178,6832,0.022453571428571514
RG-SCSO,Zoo,4,179,6870,0.022453571428571514
RG-SCSO,Zoo,4,180,6908,0.022453571428571514
RG-SCSO,Zoo,4,181,6946,0.022453571428571514
RG-SCSO,Zoo,4,182,6984,0.022453571428571514
RG-SCSO,Zoo,4,183,7022,0.022453571428571514
RG-SCSO,Zoo,4,184,7060,0.022453571428571514
RG-SCSO,Zoo,4,185,7098,0.022453571428571514
RG-SCSO,Zoo,4,186,7136,0.022453571428571514
RG-SCSO,Zoo,4,187,7174,0.022453571428571514
RG-SCSO,Zoo,4,188,7212,0.022453571428571514
RG-SCSO,Zoo,4,189,7250,0.022453571428571514
RG-SCSO,Zoo,4,190,7288,0.022453571428571514
RG-SCSO,Zoo,4,191,7326,0.022453571428571514
RG-SCSO,Zoo,4,192,7364,0.022453571428571514
RG-SCSO,Zoo,4,193,7402,0.022453571428571514
RG-SCSO,Zoo,4,194,7440,0.022453571428571514
RG-SCSO,Zoo,4,195,7478,0.022453571428571514
RG-SCSO,Zoo,4,196,7516,0.022453571428571514
RG-SCSO,Zoo,4,197,7554,0.022453571428571514
RG-SCSO,Zoo,4,198,7592,0.022453571428571514
RG-SCSO,Zoo,4,199,7630,0.022453571428571514
RG-SCSO,Zoo,4,200,7668,0.022453571428571514
RG-SCSO,Zoo,4,201,7706,0.022453571428571514
RG-SCSO,Zoo,4,202,7744,0.022453571428571514
RG-SCSO,Zoo,4,203,7782,0.022453571428571514
RG-SCSO,Zoo,4,204,7820,0.022453571428571514
RG-SCSO,Zoo,4,205,7858,0.022453571428571514
RG-SCSO,Zoo,4,206,7896,0.022453571428571514
RG-SCSO,Zoo,4,207,7934,0.022453571428571514
RG-SCSO,Zoo,4,208,7972,0.022453571428571514
RG-SCSO,Zoo,4,209,8010,0.022453571428571514
RG-SCSO,Zoo,4,210,8048,0.022453571428571514
RG-SCSO,Zoo,4,211,8086,0.022453571428571514
RG-SCSO,Zoo,4,212,8124,0.022453571428571514
RG-SCSO,Zoo,4,213,8162,0.022453571428571514
RG-SCSO,Zoo,4,214,8200,0.022453571428571514
RG-SCSO,Zoo,4,215,8238,0.022453571428571514
RG-SCSO,Zoo,4,216,8276,0.022453571428571514
RG-SCSO,Zoo,4,217,8314,0.022453571428571514
RG-SCSO,Zoo,4,218,8352,0.022453571428571514
RG-SCSO,Zoo,4,219,8390,0.022453571428571514
RG-SCSO,Zoo,4,220,8428,0.022453571428571514
RG-SCSO,Zoo,4,221,8466,0.022453571428571514
RG-SCSO,Zoo,4,222,8504,0.022453571428571514
RG-SCSO,Zoo,4,223,8542,0.022453571428571514
RG-SCSO,Zoo,4,224,8580,0.022453571428571514
RG-SCSO,Zoo,4,225,8618,0.022453571428571514
RG-SCSO,Zoo,4,226,8656,0.022453571428571514
RG-SCSO,Zoo,4,227,8694,0.022453571428571514
RG-SCSO,Zoo,4,228,8732,0.022453571428571514
RG-SCSO,Zoo,4,229,8770,0.022453571428571514
RG-SCSO,Zoo,4,230,8808,0.022453571428571514
RG-SCSO,Zoo,4,231,8846,0.022453571428571514
RG-SCSO,Zoo,4,232,8884,0.022453571428571514
RG-SCSO,Zoo,4,233,8922,0.022453571428571514
RG-SCSO,Zoo,4,234,8960,0.022453571428571514
RG-SCSO,Zoo,4,235,8998,0.022453571428571514
RG-SCSO,Zoo,4,236,9036,0.022453571428571514
RG-SCSO,Zoo,4,237,9074,0.022453571428571514
RG-SCSO,Zoo,4,238,9112,0.022453571428571514
RG-SCSO,Zoo,4,239,9150,0.022453571428571514
RG-SCSO,Zoo,4,240,9188,0.022453571428571514
RG-SCSO,Zoo,4,241,9226,0.022453571428571514
RG-SCSO,Zoo,4,242,9264,0.022453571428571514
RG-SCSO,Zoo,4,243,9302,0.022453571428571514
RG-SCSO,Zoo,4,244,9340,0.022453571428571514
RG-SCSO,Zoo,4,245,9378,0.022453571428571514
RG-SCSO,Zoo,4,246,9416,0.022453571428571514
RG-SCSO,Zoo,4,247,9454,0.022453571428571514
RG-SCSO,Zoo,4,248,9492,0.022453571428571514
RG-SCSO,Zoo,4,249,9530,0.022453571428571514
RG-SCSO,Zoo,4,250,9568,0.022453571428571514
RG-SCSO,Zoo,4,251,9606,0.022453571428571514
RG-SCSO,Zoo,4,252,9644,0.022453571428571514
RG-SCSO,Zoo,4,253,9682,0.022453571428571514
RG-SCSO,Zoo,4,254,9720,0.022453571428571514
RG-SCSO,Zoo,4,255,9758,0.022453571428571514
RG-SCSO,Zoo,4,256,9796,0.022453571428571514
RG-SCSO,Zoo,4,257,9834,0.022453571428571514
RG-SCSO,Zoo,4,258,9872,0.022453571428571514
RG-SCSO,Zoo,4,259,9910,0.022453571428571514
RG-SCSO,Zoo,4,260,9948,0.022453571428571514
RG-SCSO,Zoo,4,261,9986,0.022453571428571514
RG-SCSO,Zoo,4,262,10024,0.022453571428571514
RG-SCSO,Zoo,4,263,10062,0.022453571428571514
RG-SCSO,Zoo,4,264,10100,0.022453571428571514
RG-SCSO,Zoo,4,265,10138,0.022453571428571514
RG-SCSO,Zoo,4,266,10176,0.022453571428571514
RG-SCSO,Zoo,4,267,10214,0.022453571428571514
RG-SCSO,Zoo,4,268,10252,0.022453571428571514
RG-SCSO,Zoo,4,269,10290,0.022453571428571514
RG-SCSO,Zoo,4,270,10328,0.022453571428571514
RG-SCSO,Zoo,4,271,10366,0.022453571428571514
RG-SCSO,Zoo,4,272,10404,0.022453571428571514
RG-SCSO,Zoo,4,273,10442,0.022453571428571514
RG-SCSO,Zoo,4,274,10480,0.022453571428571514
RG-SCSO,Zoo,4,275,10518,0.022453571428571514
RG-SCSO,Zoo,4,276,10556,0.022453571428571514
RG-SCSO,Zoo,4,277,10594,0.022453571428571514
RG-SCSO,Zoo,4,278,10632,0.022453571428571514
RG-SCSO,Zoo,4,279,10670,0.022453571428571514
RG-SCSO,Zoo,4,280,10708,0.022453571428571514
RG-SCSO,Zoo,4,281,10746,0.022453571428571514
RG-SCSO,Zoo,4,282,10784,0.022453571428571514
RG-SCSO,Zoo,4,283,10822,0.022453571428571514
RG-SCSO,Zoo,4,284,10860,0.022453571428571514
RG-SCSO,Zoo,4,285,10898,0.022453571428571514
RG-SCSO,Zoo,4,286,10936,0.022453571428571514
RG-SCSO,Zoo,4,287,10974,0.022453571428571514
RG-SCSO,Zoo,4,288,11012,0.022453571428571514
RG-SCSO,Zoo,4,289,11050,0.022453571428571514
RG-SCSO,Zoo,4,290,11088,0.022453571428571514
RG-SCSO,Zoo,4,291,11126,0.022453571428571514
RG-SCSO,Zoo,4,292,11164,0.022453571428571514
RG-SCSO,Zoo,4,293,11202,0.022453571428571514
RG-SCSO,Zoo,4,294,11240,0.022453571428571514
RG-SCSO,Zoo,4,295,11278,0.022453571428571514
RG-SCSO,Zoo,4,296,11316,0.022453571428571514
RG-SCSO,Zoo,4,297,11354,0.022453571428571514
RG-SCSO,Zoo,4,298,11392,0.022453571428571514
RG-SCSO,Zoo,4,299,11430,0.022453571428571514
RG-SCSO,Zoo,4,300,11468,0.022453571428571514
RG-SCSO,Zoo,4,301,11506,0.022453571428571514
RG-SCSO,Zoo,4,302,11544,0.022453571428571514
RG-SCSO,Zoo,4,303,11582,0.022453571428571514
RG-SCSO,Zoo,4,304,11620,0.022453571428571514
RG-SCSO,Zoo,4,305,11658,0.022453571428571514
RG-SCSO,Zoo,4,306,11696,0.022453571428571514
RG-SCSO,Zoo,4,307,11734,0.022453571428571514
RG-SCSO,Zoo,4,308,11772,0.022453571428571514
RG-SCSO,Zoo,4,309,11810,0.022453571428571514
RG-SCSO,Zoo,4,310,11848,0.022453571428571514
RG-SCSO,Zoo,4,311,11886,0.022453571428571514
RG-SCSO,Zoo,4,312,11924,0.022453571428571514
RG-SCSO,Zoo,4,313,11962,0.022453571428571514
RG-SCSO,Zoo,4,314,12000,0.022453571428571514
RG-SCSO,Zoo,4,315,12038,0.022453571428571514
RG-SCSO,Zoo,4,316,12076,0.022453571428571514
RG-SCSO,Zoo,4,317,12114,0.022453571428571514
RG-SCSO,Zoo,4,318,12152,0.022453571428571514
RG-SCSO,Zoo,4,319,12190,0.022453571428571514
RG-SCSO,Zoo,4,320,12228,0.022453571428571514
RG-SCSO,Zoo,4,321,12266,0.022453571428571514
RG-SCSO,Zoo,4,322,12304,0.022453571428571514
RG-SCSO,Zoo,4,323,12342,0.022453571428571514
RG-SCSO,Zoo,4,324,12380,0.022453571428571514
RG-SCSO,Zoo,4,325,12418,0.022453571428571514
RG-SCSO,Zoo,4,326,12456,0.022453571428571514
RG-SCSO,Zoo,4,327,12494,0.022453571428571514
RG-SCSO,Zoo,4,328,12532,0.022453571428571514
RG-SCSO,Zoo,4,329,12570,0.022453571428571514
RG-SCSO,Zoo,4,330,12608,0.022453571428571514
RG-SCSO,Zoo,4,331,12646,0.022453571428571514
RG-SCSO,Zoo,4,332,12684,0.022453571428571514
RG-SCSO,Zoo,4,333,12722,0.022453571428571514
RG-SCSO,Zoo,4,334,12760,0.022453571428571514
RG-SCSO,Zoo,4,335,12798,0.022453571428571514
RG-SCSO,Zoo,4,336,12836,0.022453571428571514
RG-SCSO,Zoo,4,337,12874,0.022453571428571514
RG-SCSO,Zoo,4,338,12912,0.022453571428571514
RG-SCSO,Zoo,4,339,12950,0.022453571428571514
RG-SCSO,Zoo,4,340,12988,0.022453571428571514
RG-SCSO,Zoo,4,341,13026,0.022453571428571514
RG-SCSO,Zoo,4,342,13064,0.022453571428571514
RG-SCSO,Zoo,4,343,13102,0.022453571428571514
RG-SCSO,Zoo,4,344,13140,0.022453571428571514
RG-SCSO,Zoo,4,345,13178,0.022453571428571514
RG-SCSO,Zoo,4,346,13216,0.022453571428571514
RG-SCSO,Zoo,4,347,13254,0.022453571428571514
RG-SCSO,Zoo,4,348,13292,0.022453571428571514
RG-SCSO,Zoo,4,349,13330,0.022453571428571514
RG-SCSO,Zoo,4,350,13368,0.022453571428571514
RG-SCSO,Zoo,4,351,13406,0.022453571428571514
RG-SCSO,Zoo,4,352,13444,0.022453571428571514
RG-SCSO,Zoo,4,353,13482,0.022453571428571514
RG-SCSO,Zoo,4,354,13520,0.022453571428571514
RG-SCSO,Zoo,4,355,13558,0.022453571428571514
RG-SCSO,Zoo,4,356,13596,0.022453571428571514
RG-SCSO,Zoo,4,357,13634,0.022453571428571514
RG-SCSO,Zoo,4,358,13672,0.022453571428571514
RG-SCSO,Zoo,4,359,13710,0.022453571428571514
RG-SCSO,Zoo,4,360,13748,0.022453571428571514
RG-SCSO,Zoo,4,361,13786,0.022453571428571514
RG-SCSO,Zoo,4,362,13824,0.022453571428571514
RG-SCSO,Zoo,4,363,13862,0.022453571428571514
RG-SCSO,Zoo,4,364,13900,0.022453571428571514
RG-SCSO,Zoo,4,365,13938,0.022453571428571514
RG-SCSO,Zoo,4,366,13976,0.022453571428571514
RG-SCSO,Zoo,4,367,14014,0.022453571428571514
RG-SCSO,Zoo,4,368,14052,0.022453571428571514
RG-SCSO,Zoo,4,369,14090,0.022453571428571514
RG-SCSO,Zoo,4,370,14128,0.022453571428571514
RG-SCSO,Zoo,4,371,14166,0.022453571428571514
RG-SCSO,Zoo,4,372,14204,0.022453571428571514
RG-SCSO,Zoo,4,373,14242,0.022453571428571514
RG-SCSO,Zoo,4,374,14280,0.022453571428571514
RG-SCSO,Zoo,4,375,14318,0.022453571428571514
RG-SCSO,Zoo,4,376,14356,0.022453571428571514
RG-SCSO,Zoo,4,377,14394,0.022453571428571514
RG-SCSO,Zoo,4,378,14432,0.022453571428571514
RG-SCSO,Zoo,4,379,14470,0.022453571428571514
RG-SCSO,Zoo,4,380,14508,0.022453571428571514
RG-SCSO,Zoo,4,381,14546,0.022453571428571514
RG-SCSO,Zoo,4,382,14584,0.022453571428571514
RG-SCSO,Zoo,4,383,14622,0.022453571428571514
RG-SCSO,Zoo,4,384,14660,0.022453571428571514
RG-SCSO,Zoo,4,385,14698,0.022453571428571514
RG-SCSO,Zoo,4,386,14736,0.022453571428571514
RG-SCSO,Zoo,4,387,14774,0.022453571428571514
RG-SCSO,Zoo,4,388,14812,0.022453571428571514
RG-SCSO,Zoo,4,389,14850,0.022453571428571514
RG-SCSO,Zoo,4,390,14888,0.022453571428571514
RG-SCSO,Zoo,4,391,14926,0.022453571428571514
RG-SCSO,Zoo,4,392,14964,0.022453571428571514
RG-SCSO,Zoo,4,393,15000,0.022453571428571514
RG-SCSO,Zoo,4,394,15000,0.022453571428571514
RG-SCSO,Zoo,4,395,15000,0.022453571428571514
RG-SCSO,Zoo,4,396,15000,0.022453571428571514
RG-SCSO,Zoo,4,397,15000,0.022453571428571514
RG-SCSO,Zoo,4,398,15000,0.022453571428571514
RG-SCSO,Zoo,4,399,15000,0.022453571428571514
RG-SCSO,Zoo,4,400,15000,0.022453571428571514
RG-SCSO,Zoo,4,401,15000,0.022453571428571514
RG-SCSO,Zoo,4,402,15000,0.022453571428571514
RG-SCSO,Zoo,4,403,15000,0.022453571428571514
RG-SCSO,Zoo,4,404,15000,0.022453571428571514
RG-SCSO,Zoo,4,405,15000,0.022453571428571514
RG-SCSO,Zoo,4,406,15000,0.022453571428571514
RG-SCSO,Zoo,4,407,15000,0.022453571428571514
RG-SCSO,Zoo,4,408,15000,0.022453571428571514
RG-SCSO,Zoo,4,409,15000,0.022453571428571514
RG-SCSO,Zoo,4,410,15000,0.022453571428571514
RG-SCSO,Zoo,4,411,15000,0.022453571428571514
RG-SCSO,Zoo,4,412,15000,0.022453571428571514
RG-SCSO,Zoo,4,413,15000,0.022453571428571514
RG-SCSO,Zoo,4,414,15000,0.022453571428571514
RG-SCSO,Zoo,4,415,15000,0.022453571428571514
RG-SCSO,Zoo,4,416,15000,0.022453571428571514
RG-SCSO,Zoo,4,417,15000,0.022453571428571514
RG-SCSO,Zoo,4,418,15000,0.022453571428571514
RG-SCSO,Zoo,4,419,15000,0.022453571428571514
RG-SCSO,Zoo,4,420,15000,0.022453571428571514
RG-SCSO,Zoo,4,421,15000,0.022453571428571514
RG-SCSO,Zoo,4,422,15000,0.022453571428571514
RG-SCSO,Zoo,4,423,15000,0.022453571428571514
RG-SCSO,Zoo,4,424,15000,0.022453571428571514
RG-SCSO,Zoo,4,425,15000,0.022453571428571514
RG-SCSO,Zoo,4,426,15000,0.022453571428571514
RG-SCSO,Zoo,4,427,15000,0.022453571428571514
RG-SCSO,Zoo,4,428,15000,0.022453571428571514
RG-SCSO,Zoo,4,429,15000,0.022453571428571514
RG-SCSO,Zoo,4,430,15000,0.022453571428571514
RG-SCSO,Zoo,4,431,15000,0.022453571428571514
RG-SCSO,Zoo,4,432,15000,0.022453571428571514
RG-SCSO,Zoo,4,433,15000,0.022453571428571514
RG-SCSO,Zoo,4,434,15000,0.022453571428571514
RG-SCSO,Zoo,4,435,15000,0.022453571428571514
RG-SCSO,Zoo,4,436,15000,0.022453571428571514
RG-SCSO,Zoo,4,437,15000,0.022453571428571514
RG-SCSO,Zoo,4,438,15000,0.022453571428571514
RG-SCSO,Zoo,4,439,15000,0.022453571428571514
RG-SCSO,Zoo,4,440,15000,0.022453571428571514
RG-SCSO,Zoo,4,441,15000,0.022453571428571514
RG-SCSO,Zoo,4,442,15000,0.022453571428571514
RG-SCSO,Zoo,4,443,15000,0.022453571428571514
RG-SCSO,Zoo,4,444,15000,0.022453571428571514
RG-SCSO,Zoo,4,445,15000,0.022453571428571514
RG-SCSO,Zoo,4,446,15000,0.022453571428571514
RG-SCSO,Zoo,4,447,15000,0.022453571428571514
RG-SCSO,Zoo,4,448,15000,0.022453571428571514
RG-SCSO,Zoo,4,449,15000,0.022453571428571514
RG-SCSO,Zoo,4,450,15000,0.022453571428571514
RG-SCSO,Zoo,4,451,15000,0.022453571428571514
RG-SCSO,Zoo,4,452,15000,0.022453571428571514
RG-SCSO,Zoo,4,453,15000,0.022453571428571514
RG-SCSO,Zoo,4,454,15000,0.022453571428571514
RG-SCSO,Zoo,4,455,15000,0.022453571428571514
RG-SCSO,Zoo,4,456,15000,0.022453571428571514
RG-SCSO,Zoo,4,457,15000,0.022453571428571514
RG-SCSO,Zoo,4,458,15000,0.022453571428571514
RG-SCSO,Zoo,4,459,15000,0.022453571428571514
RG-SCSO,Zoo,4,460,15000,0.022453571428571514
RG-SCSO,Zoo,4,461,15000,0.022453571428571514
RG-SCSO,Zoo,4,462,15000,0.022453571428571514
RG-SCSO,Zoo,4,463,15000,0.022453571428571514
RG-SCSO,Zoo,4,464,15000,0.022453571428571514
RG-SCSO,Zoo,4,465,15000,0.022453571428571514
RG-SCSO,Zoo,4,466,15000,0.022453571428571514
RG-SCSO,Zoo,4,467,15000,0.022453571428571514
RG-SCSO,Zoo,4,468,15000,0.022453571428571514
RG-SCSO,Zoo,4,469,15000,0.022453571428571514
RG-SCSO,Zoo,4,470,15000,0.022453571428571514
RG-SCSO,Zoo,4,471,15000,0.022453571428571514
RG-SCSO,Zoo,4,472,15000,0.022453571428571514
RG-SCSO,Zoo,4,473,15000,0.022453571428571514
RG-SCSO,Zoo,4,474,15000,0.022453571428571514
RG-SCSO,Zoo,4,475,15000,0.022453571428571514
RG-SCSO,Zoo,4,476,15000,0.022453571428571514
RG-SCSO,Zoo,4,477,15000,0.022453571428571514
RG-SCSO,Zoo,4,478,15000,0.022453571428571514
RG-SCSO,Zoo,4,479,15000,0.022453571428571514
RG-SCSO,Zoo,4,480,15000,0.022453571428571514
RG-SCSO,Zoo,4,481,15000,0.022453571428571514
RG-SCSO,Zoo,4,482,15000,0.022453571428571514
RG-SCSO,Zoo,4,483,15000,0.022453571428571514
RG-SCSO,Zoo,4,484,15000,0.022453571428571514
RG-SCSO,Zoo,4,485,15000,0.022453571428571514
RG-SCSO,Zoo,4,486,15000,0.022453571428571514
RG-SCSO,Zoo,4,487,15000,0.022453571428571514
RG-SCSO,Zoo,4,488,15000,0.022453571428571514
RG-SCSO,Zoo,4,489,15000,0.022453571428571514
RG-SCSO,Zoo,4,490,15000,0.022453571428571514
RG-SCSO,Zoo,4,491,15000,0.022453571428571514
RG-SCSO,Zoo,4,492,15000,0.022453571428571514
RG-SCSO,Zoo,4,493,15000,0.022453571428571514
RG-SCSO,Zoo,4,494,15000,0.022453571428571514
RG-SCSO,Zoo,4,495,15000,0.022453571428571514
RG-SCSO,Zoo,4,496,15000,0.022453571428571514
RG-SCSO,Zoo,4,497,15000,0.022453571428571514
RG-SCSO,Zoo,4,498,15000,0.022453571428571514
RG-SCSO,Zoo,4,499,15000,0.022453571428571514
RG-SCSO,Zoo,1,0,68,0.025424999999999906
RG-SCSO,Zoo,1,1,106,0.025424999999999906
RG-SCSO,Zoo,1,2,144,0.025424999999999906
RG-SCSO,Zoo,1,3,182,0.025424999999999906
RG-SCSO,Zoo,1,4,220,0.025424999999999906
RG-SCSO,Zoo,1,5,258,0.025424999999999906
RG-SCSO,Zoo,1,6,296,0.025424999999999906
RG-SCSO,Zoo,1,7,334,0.025424999999999906
RG-SCSO,Zoo,1,8,372,0.025424999999999906
RG-SCSO,Zoo,1,9,410,0.025424999999999906
RG-SCSO,Zoo,1,10,448,0.025424999999999906
RG-SCSO,Zoo,1,11,486,0.025424999999999906
RG-SCSO,Zoo,1,12,524,0.025424999999999906
RG-SCSO,Zoo,1,13,562,0.025424999999999906
RG-SCSO,Zoo,1,14,600,0.025424999999999906
RG-SCSO,Zoo,1,15,638,0.025424999999999906
RG-SCSO,Zoo,1,16,676,0.025424999999999906
RG-SCSO,Zoo,1,17,714,0.025424999999999906
RG-SCSO,Zoo,1,18,752,0.025424999999999906
RG-SCSO,Zoo,1,19,790,0.025424999999999906
RG-SCSO,Zoo,1,20,828,0.025424999999999906
RG-SCSO,Zoo,1,21,866,0.025424999999999906
RG-SCSO,Zoo,1,22,904,0.025424999999999906
RG-SCSO,Zoo,1,23,942,0.025424999999999906
RG-SCSO,Zoo,1,24,980,0.025424999999999906
RG-SCSO,Zoo,1,25,1018,0.025424999999999906
RG-SCSO,Zoo,1,26,1056,0.025424999999999906
RG-SCSO,Zoo,1,27,1094,0.025424999999999906
RG-SCSO,Zoo,1,28,1132,0.025424999999999906
RG-SCSO,Zoo,1,29,1170,0.025424999999999906
RG-SCSO,Zoo,1,30,1208,0.025424999999999906
RG-SCSO,Zoo,1,31,1246,0.025424999999999906
RG-SCSO,Zoo,1,32,1284,0.025424999999999906
RG-SCSO,Zoo,1,33,1322,0.025424999999999906
RG-SCSO,Zoo,1,34,1360,0.025424999999999906
RG-SCSO,Zoo,1,35,1398,0.025424999999999906
RG-SCSO,Zoo,1,36,1436,0.025424999999999906
RG-SCSO,Zoo,1,37,1474,0.025424999999999906
RG-SCSO,Zoo,1,38,1512,0.025424999999999906
RG-SCSO,Zoo,1,39,1550,0.025424999999999906
RG-SCSO,Zoo,1,40,1588,0.025424999999999906
RG-SCSO,Zoo,1,41,1626,0.025424999999999906
RG-SCSO,Zoo,1,42,1664,0.025424999999999906
RG-SCSO,Zoo,1,43,1702,0.025424999999999906
RG-SCSO,Zoo,1,44,1740,0.025424999999999906
RG-SCSO,Zoo,1,45,1778,0.025424999999999906
RG-SCSO,Zoo,1,46,1816,0.025424999999999906
RG-SCSO,Zoo,1,47,1854,0.025424999999999906
RG-SCSO,Zoo,1,48,1892,0.025424999999999906
RG-SCSO,Zoo,1,49,1930,0.025424999999999906
RG-SCSO,Zoo,1,50,1968,0.025424999999999906
RG-SCSO,Zoo,1,51,2006,0.025424999999999906
RG-SCSO,Zoo,1,52,2044,0.025424999999999906
RG-SCSO,Zoo,1,53,2082,0.025424999999999906
RG-SCSO,Zoo,1,54,2120,0.025424999999999906
RG-SCSO,Zoo,1,55,2158,0.025424999999999906
RG-SCSO,Zoo,1,56,2196,0.025424999999999906
RG-SCSO,Zoo,1,57,2234,0.025424999999999906
RG-SCSO,Zoo,1,58,2272,0.025424999999999906
RG-SCSO,Zoo,1,59,2310,0.025424999999999906
RG-SCSO,Zoo,1,60,2348,0.025424999999999906
RG-SCSO,Zoo,1,61,2386,0.025424999999999906
RG-SCSO,Zoo,1,62,2424,0.025424999999999906
RG-SCSO,Zoo,1,63,2462,0.025424999999999906
RG-SCSO,Zoo,1,64,2500,0.025424999999999906
RG-SCSO,Zoo,1,65,2538,0.025424999999999906
RG-SCSO,Zoo,1,66,2576,0.025424999999999906
RG-SCSO,Zoo,1,67,2614,0.025424999999999906
RG-SCSO,Zoo,1,68,2652,0.025424999999999906
RG-SCSO,Zoo,1,69,2690,0.025424999999999906
RG-SCSO,Zoo,1,70,2728,0.025424999999999906
RG-SCSO,Zoo,1,71,2766,0.025424999999999906
RG-SCSO,Zoo,1,72,2804,0.025424999999999906
RG-SCSO,Zoo,1,73,2842,0.025424999999999906
RG-SCSO,Zoo,1,74,2880,0.025424999999999906
RG-SCSO,Zoo,1,75,2918,0.025424999999999906
RG-SCSO,Zoo,1,76,2956,0.025424999999999906
RG-SCSO,Zoo,1,77,2994,0.025424999999999906
RG-SCSO,Zoo,1,78,3032,0.025424999999999906
RG-SCSO,Zoo,1,79,3070,0.025424999999999906
RG-SCSO,Zoo,1,80,3108,0.025424999999999906
RG-SCSO,Zoo,1,81,3146,0.025424999999999906
RG-SCSO,Zoo,1,82,3184,0.025424999999999906
RG-SCSO,Zoo,1,83,3222,0.025424999999999906
RG-SCSO,Zoo,1,84,3260,0.025424999999999906
RG-SCSO,Zoo,1,85,3298,0.025424999999999906
RG-SCSO,Zoo,1,86,3336,0.025424999999999906
RG-SCSO,Zoo,1,87,3374,0.025424999999999906
RG-SCSO,Zoo,1,88,3412,0.025424999999999906
RG-SCSO,Zoo,1,89,3450,0.025424999999999906
RG-SCSO,Zoo,1,90,3488,0.025424999999999906
RG-SCSO,Zoo,1,91,3526,0.025424999999999906
RG-SCSO,Zoo,1,92,3564,0.025424999999999906
RG-SCSO,Zoo,1,93,3602,0.025424999999999906
RG-SCSO,Zoo,1,94,3640,0.025424999999999906
RG-SCSO,Zoo,1,95,3678,0.025424999999999906
RG-SCSO,Zoo,1,96,3716,0.025424999999999906
RG-SCSO,Zoo,1,97,3754,0.025424999999999906
RG-SCSO,Zoo,1,98,3792,0.025424999999999906
RG-SCSO,Zoo,1,99,3830,0.025424999999999906
RG-SCSO,Zoo,1,100,3868,0.025424999999999906
RG-SCSO,Zoo,1,101,3906,0.025424999999999906
RG-SCSO,Zoo,1,102,3944,0.025424999999999906
RG-SCSO,Zoo,1,103,3982,0.025424999999999906
RG-SCSO,Zoo,1,104,4020,0.025424999999999906
RG-SCSO,Zoo,1,105,4058,0.025424999999999906
RG-SCSO,Zoo,1,106,4096,0.025424999999999906
RG-SCSO,Zoo,1,107,4134,0.025424999999999906
RG-SCSO,Zoo,1,108,4172,0.025424999999999906
RG-SCSO,Zoo,1,109,4210,0.025424999999999906
RG-SCSO,Zoo,1,110,4248,0.025424999999999906
RG-SCSO,Zoo,1,111,4286,0.025424999999999906
RG-SCSO,Zoo,1,112,4324,0.025424999999999906
RG-SCSO,Zoo,1,113,4362,0.025424999999999906
RG-SCSO,Zoo,1,114,4400,0.025424999999999906
RG-SCSO,Zoo,1,115,4438,0.025424999999999906
RG-SCSO,Zoo,1,116,4476,0.025424999999999906
RG-SCSO,Zoo,1,117,4514,0.025424999999999906
RG-SCSO,Zoo,1,118,4552,0.025424999999999906
RG-SCSO,Zoo,1,119,4590,0.025424999999999906
RG-SCSO,Zoo,1,120,4628,0.025424999999999906
RG-SCSO,Zoo,1,121,4666,0.025424999999999906
RG-SCSO,Zoo,1,122,4704,0.025424999999999906
RG-SCSO,Zoo,1,123,4742,0.025424999999999906
RG-SCSO,Zoo,1,124,4780,0.025424999999999906
RG-SCSO,Zoo,1,125,4818,0.025424999999999906
RG-SCSO,Zoo,1,126,4856,0.025424999999999906
RG-SCSO,Zoo,1,127,4894,0.025424999999999906
RG-SCSO,Zoo,1,128,4932,0.025424999999999906
RG-SCSO,Zoo,1,129,4970,0.025424999999999906
RG-SCSO,Zoo,1,130,5008,0.025424999999999906
RG-SCSO,Zoo,1,131,5046,0.025424999999999906
RG-SCSO,Zoo,1,132,5084,0.025424999999999906
RG-SCSO,Zoo,1,133,5122,0.025424999999999906
RG-SCSO,Zoo,1,134,5160,0.025424999999999906
RG-SCSO,Zoo,1,135,5198,0.025424999999999906
RG-SCSO,Zoo,1,136,5236,0.025424999999999906
RG-SCSO,Zoo,1,137,5274,0.025424999999999906
RG-SCSO,Zoo,1,138,5312,0.025424999999999906
RG-SCSO,Zoo,1,139,5350,0.025424999999999906
RG-SCSO,Zoo,1,140,5388,0.025424999999999906
RG-SCSO,Zoo,1,141,5426,0.025424999999999906
RG-SCSO,Zoo,1,142,5464,0.025424999999999906
RG-SCSO,Zoo,1,143,5502,0.025424999999999906
RG-SCSO,Zoo,1,144,5540,0.025424999999999906
RG-SCSO,Zoo,1,145,5578,0.025424999999999906
RG-SCSO,Zoo,1,146,5616,0.025424999999999906
RG-SCSO,Zoo,1,147,5654,0.025424999999999906
RG-SCSO,Zoo,1,148,5692,0.025424999999999906
RG-SCSO,Zoo,1,149,5730,0.025424999999999906
RG-SCSO,Zoo,1,150,5768,0.025424999999999906
RG-SCSO,Zoo,1,151,5806,0.025424999999999906
RG-SCSO,Zoo,1,152,5844,0.025424999999999906
RG-SCSO,Zoo,1,153,5882,0.025424999999999906
RG-SCSO,Zoo,1,154,5920,0.025424999999999906
RG-SCSO,Zoo,1,155,5958,0.025424999999999906
RG-SCSO,Zoo,1,156,5996,0.025424999999999906
RG-SCSO,Zoo,1,157,6034,0.025424999999999906
RG-SCSO,Zoo,1,158,6072,0.025424999999999906
RG-SCSO,Zoo,1,159,6110,0.025424999999999906
RG-SCSO,Zoo,1,160,6148,0.025424999999999906
RG-SCSO,Zoo,1,161,6186,0.025424999999999906
RG-SCSO,Zoo,1,162,6224,0.025424999999999906
RG-SCSO,Zoo,1,163,6262,0.025424999999999906
RG-SCSO,Zoo,1,164,6300,0.025424999999999906
RG-SCSO,Zoo,1,165,6338,0.025424999999999906
RG-SCSO,Zoo,1,166,6376,0.025424999999999906
RG-SCSO,Zoo,1,167,6414,0.025424999999999906
RG-SCSO,Zoo,1,168,6452,0.025424999999999906
RG-SCSO,Zoo,1,169,6490,0.025424999999999906
RG-SCSO,Zoo,1,170,6528,0.025424999999999906
RG-SCSO,Zoo,1,171,6566,0.025424999999999906
RG-SCSO,Zoo,1,172,6604,0.025424999999999906
RG-SCSO,Zoo,1,173,6642,0.025424999999999906
RG-SCSO,Zoo,1,174,6680,0.025424999999999906
RG-SCSO,Zoo,1,175,6718,0.025424999999999906
RG-SCSO,Zoo,1,176,6756,0.025424999999999906
RG-SCSO,Zoo,1,177,6794,0.025424999999999906
RG-SCSO,Zoo,1,178,6832,0.025424999999999906
RG-SCSO,Zoo,1,179,6870,0.025424999999999906
RG-SCSO,Zoo,1,180,6908,0.025424999999999906
RG-SCSO,Zoo,1,181,6946,0.025424999999999906
RG-SCSO,Zoo,1,182,6984,0.025424999999999906
RG-SCSO,Zoo,1,183,7022,0.025424999999999906
RG-SCSO,Zoo,1,184,7060,0.025424999999999906
RG-SCSO,Zoo,1,185,7098,0.025424999999999906
RG-SCSO,Zoo,1,186,7136,0.025424999999999906
RG-SCSO,Zoo,1,187,7174,0.025424999999999906
RG-SCSO,Zoo,1,188,7212,0.025424999999999906
RG-SCSO,Zoo,1,189,7250,0.025424999999999906
RG-SCSO,Zoo,1,190,7288,0.025424999999999906
RG-SCSO,Zoo,1,191,7326,0.025424999999999906
RG-SCSO,Zoo,1,192,7364,0.025424999999999906
RG-SCSO,Zoo,1,193,7402,0.025424999999999906
RG-SCSO,Zoo,1,194,7440,0.025424999999999906
RG-SCSO,Zoo,1,195,7478,0.025424999999999906
RG-SCSO,Zoo,1,196,7516,0.025424999999999906
RG-SCSO,Zoo,1,197,7554,0.025424999999999906
RG-SCSO,Zoo,1,198,7592,0.025424999999999906
RG-SCSO,Zoo,1,199,7630,0.025424999999999906
RG-SCSO,Zoo,1,200,7668,0.025424999999999906
RG-SCSO,Zoo,1,201,7706,0.025424999999999906
RG-SCSO,Zoo,1,202,7744,0.025424999999999906
RG-SCSO,Zoo,1,203,7782,0.025424999999999906
RG-SCSO,Zoo,1,204,7820,0.025424999999999906
RG-SCSO,Zoo,1,205,7858,0.025424999999999906
RG-SCSO,Zoo,1,206,7896,0.025424999999999906
RG-SCSO,Zoo,1,207,7934,0.025424999999999906
RG-SCSO,Zoo,1,208,7972,0.025424999999999906
RG-SCSO,Zoo,1,209,8010,0.025424999999999906
RG-SCSO,Zoo,1,210,8048,0.025424999999999906
RG-SCSO,Zoo,1,211,8086,0.025424999999999906
RG-SCSO,Zoo,1,212,8124,0.025424999999999906
RG-SCSO,Zoo,1,213,8162,0.025424999999999906
RG-SCSO,Zoo,1,214,8200,0.025424999999999906
RG-SCSO,Zoo,1,215,8238,0.025424999999999906
RG-SCSO,Zoo,1,216,8276,0.025424999999999906
RG-SCSO,Zoo,1,217,8314,0.025424999999999906
RG-SCSO,Zoo,1,218,8352,0.025424999999999906
RG-SCSO,Zoo,1,219,8390,0.025424999999999906
RG-SCSO,Zoo,1,220,8428,0.025424999999999906
RG-SCSO,Zoo,1,221,8466,0.025424999999999906
RG-SCSO,Zoo,1,222,8504,0.025424999999999906
RG-SCSO,Zoo,1,223,8542,0.025424999999999906
RG-SCSO,Zoo,1,224,8580,0.025424999999999906
RG-SCSO,Zoo,1,225,8618,0.025424999999999906
RG-SCSO,Zoo,1,226,8656,0.025424999999999906
RG-SCSO,Zoo,1,227,8694,0.025424999999999906
RG-SCSO,Zoo,1,228,8732,0.025424999999999906
RG-SCSO,Zoo,1,229,8770,0.025424999999999906
RG-SCSO,Zoo,1,230,8808,0.025424999999999906
RG-SCSO,Zoo,1,231,8846,0.025424999999999906
RG-SCSO,Zoo,1,232,8884,0.025424999999999906
RG-SCSO,Zoo,1,233,8922,0.025424999999999906
RG-SCSO,Zoo,1,234,8960,0.025424999999999906
RG-SCSO,Zoo,1,235,8998,0.025424999999999906
RG-SCSO,Zoo,1,236,9036,0.025424999999999906
RG-SCSO,Zoo,1,237,9074,0.025424999999999906
RG-SCSO,Zoo,1,238,9112,0.025424999999999906
RG-SCSO,Zoo,1,239,9150,0.025424999999999906
RG-SCSO,Zoo,1,240,9188,0.025424999999999906
RG-SCSO,Zoo,1,241,9226,0.025424999999999906
RG-SCSO,Zoo,1,242,9264,0.025424999999999906
RG-SCSO,Zoo,1,243,9302,0.025424999999999906
RG-SCSO,Zoo,1,244,9340,0.025424999999999906
RG-SCSO,Zoo,1,245,9378,0.025424999999999906
RG-SCSO,Zoo,1,246,9416,0.025424999999999906
RG-SCSO,Zoo,1,247,9454,0.025424999999999906
RG-SCSO,Zoo,1,248,9492,0.025424999999999906
RG-SCSO,Zoo,1,249,9530,0.025424999999999906
RG-SCSO,Zoo,1,250,9568,0.025424999999999906
RG-SCSO,Zoo,1,251,9606,0.025424999999999906
RG-SCSO,Zoo,1,252,9644,0.025424999999999906
RG-SCSO,Zoo,1,253,9682,0.025424999999999906
RG-SCSO,Zoo,1,254,9720,0.025424999999999906
RG-SCSO,Zoo,1,255,9758,0.025424999999999906
RG-SCSO,Zoo,1,256,9796,0.025424999999999906
RG-SCSO,Zoo,1,257,9834,0.025424999999999906
RG-SCSO,Zoo,1,258,9872,0.025424999999999906
RG-SCSO,Zoo,1,259,9910,0.025424999999999906
RG-SCSO,Zoo,1,260,9948,0.025424999999999906
RG-SCSO,Zoo,1,261,9986,0.025424999999999906
RG-SCSO,Zoo,1,262,10024,0.025424999999999906
RG-SCSO,Zoo,1,263,10062,0.025424999999999906
RG-SCSO,Zoo,1,264,10100,0.025424999999999906
RG-SCSO,Zoo,1,265,10138,0.025424999999999906
RG-SCSO,Zoo,1,266,10176,0.025424999999999906
RG-SCSO,Zoo,1,267,10214,0.025424999999999906
RG-SCSO,Zoo,1,268,10252,0.025424999999999906
RG-SCSO,Zoo,1,269,10290,0.025424999999999906
RG-SCSO,Zoo,1,270,10328,0.025424999999999906
RG-SCSO,Zoo,1,271,10366,0.025424999999999906
RG-SCSO,Zoo,1,272,10404,0.025424999999999906
RG-SCSO,Zoo,1,273,10442,0.025424999999999906
RG-SCSO,Zoo,1,274,10480,0.025424999999999906
RG-SCSO,Zoo,1,275,10518,0.025424999999999906
RG-SCSO,Zoo,1,276,10556,0.025424999999999906
RG-SCSO,Zoo,1,277,10594,0.025424999999999906
RG-SCSO,Zoo,1,278,10632,0.025424999999999906
RG-SCSO,Zoo,1,279,10670,0.025424999999999906
RG-SCSO,Zoo,1,280,10708,0.025424999999999906
RG-SCSO,Zoo,1,281,10746,0.025424999999999906
RG-SCSO,Zoo,1,282,10784,0.025424999999999906
RG-SCSO,Zoo,1,283,10822,0.025424999999999906
RG-SCSO,Zoo,1,284,10860,0.025424999999999906
RG-SCSO,Zoo,1,285,10898,0.025424999999999906
RG-SCSO,Zoo,1,286,10936,0.025424999999999906
RG-SCSO,Zoo,1,287,10974,0.025424999999999906
RG-SCSO,Zoo,1,288,11012,0.025424999999999906
RG-SCSO,Zoo,1,289,11050,0.025424999999999906
RG-SCSO,Zoo,1,290,11088,0.025424999999999906
RG-SCSO,Zoo,1,291,11126,0.025424999999999906
RG-SCSO,Zoo,1,292,11164,0.025424999999999906
RG-SCSO,Zoo,1,293,11202,0.025424999999999906
RG-SCSO,Zoo,1,294,11240,0.025424999999999906
RG-SCSO,Zoo,1,295,11278,0.025424999999999906
RG-SCSO,Zoo,1,296,11316,0.025424999999999906
RG-SCSO,Zoo,1,297,11354,0.025424999999999906
RG-SCSO,Zoo,1,298,11392,0.025424999999999906
RG-SCSO,Zoo,1,299,11430,0.025424999999999906
RG-SCSO,Zoo,1,300,11468,0.025424999999999906
RG-SCSO,Zoo,1,301,11506,0.025424999999999906
RG-SCSO,Zoo,1,302,11544,0.025424999999999906
RG-SCSO,Zoo,1,303,11582,0.025424999999999906
RG-SCSO,Zoo,1,304,11620,0.025424999999999906
RG-SCSO,Zoo,1,305,11658,0.025424999999999906
RG-SCSO,Zoo,1,306,11696,0.025424999999999906
RG-SCSO,Zoo,1,307,11734,0.025424999999999906
RG-SCSO,Zoo,1,308,11772,0.025424999999999906
RG-SCSO,Zoo,1,309,11810,0.025424999999999906
RG-SCSO,Zoo,1,310,11848,0.025424999999999906
RG-SCSO,Zoo,1,311,11886,0.025424999999999906
RG-SCSO,Zoo,1,312,11924,0.025424999999999906
RG-SCSO,Zoo,1,313,11962,0.025424999999999906
RG-SCSO,Zoo,1,314,12000,0.025424999999999906
RG-SCSO,Zoo,1,315,12038,0.025424999999999906
RG-SCSO,Zoo,1,316,12076,0.025424999999999906
RG-SCSO,Zoo,1,317,12114,0.025424999999999906
RG-SCSO,Zoo,1,318,12152,0.025424999999999906
RG-SCSO,Zoo,1,319,12190,0.025424999999999906
RG-SCSO,Zoo,1,320,12228,0.025424999999999906
RG-SCSO,Zoo,1,321,12266,0.025424999999999906
RG-SCSO,Zoo,1,322,12304,0.025424999999999906
RG-SCSO,Zoo,1,323,12342,0.025424999999999906
RG-SCSO,Zoo,1,324,12380,0.025424999999999906
RG-SCSO,Zoo,1,325,12418,0.025424999999999906
RG-SCSO,Zoo,1,326,12456,0.025424999999999906
RG-SCSO,Zoo,1,327,12494,0.025424999999999906
RG-SCSO,Zoo,1,328,12532,0.025424999999999906
RG-SCSO,Zoo,1,329,12570,0.025424999999999906
RG-SCSO,Zoo,1,330,12608,0.025424999999999906
RG-SCSO,Zoo,1,331,12646,0.025424999999999906
RG-SCSO,Zoo,1,332,12684,0.025424999999999906
RG-SCSO,Zoo,1,333,12722,0.025424999999999906
RG-SCSO,Zoo,1,334,12760,0.025424999999999906
RG-SCSO,Zoo,1,335,12798,0.025424999999999906
RG-SCSO,Zoo,1,336,12836,0.025424999999999906
RG-SCSO,Zoo,1,337,12874,0.025424999999999906
RG-SCSO,Zoo,1,338,12912,0.025424999999999906
RG-SCSO,Zoo,1,339,12950,0.025424999999999906
RG-SCSO,Zoo,1,340,12988,0.025424999999999906
RG-SCSO,Zoo,1,341,13026,0.025424999999999906
RG-SCSO,Zoo,1,342,13064,0.025424999999999906
RG-SCSO,Zoo,1,343,13102,0.025424999999999906
RG-SCSO,Zoo,1,344,13140,0.025424999999999906
RG-SCSO,Zoo,1,345,13178,0.025424999999999906
RG-SCSO,Zoo,1,346,13216,0.025424999999999906
RG-SCSO,Zoo,1,347,13254,0.025424999999999906
RG-SCSO,Zoo,1,348,13292,0.025424999999999906
RG-SCSO,Zoo,1,349,13330,0.025424999999999906
RG-SCSO,Zoo,1,350,13368,0.025424999999999906
RG-SCSO,Zoo,1,351,13406,0.025424999999999906
RG-SCSO,Zoo,1,352,13444,0.025424999999999906
RG-SCSO,Zoo,1,353,13482,0.025424999999999906
RG-SCSO,Zoo,1,354,13520,0.025424999999999906
RG-SCSO,Zoo,1,355,13558,0.025424999999999906
RG-SCSO,Zoo,1,356,13596,0.025424999999999906
RG-SCSO,Zoo,1,357,13634,0.025424999999999906
RG-SCSO,Zoo,1,358,13672,0.025424999999999906
RG-SCSO,Zoo,1,359,13710,0.025424999999999906
RG-SCSO,Zoo,1,360,13748,0.025424999999999906
RG-SCSO,Zoo,1,361,13786,0.025424999999999906
RG-SCSO,Zoo,1,362,13824,0.025424999999999906
RG-SCSO,Zoo,1,363,13862,0.025424999999999906
RG-SCSO,Zoo,1,364,13900,0.025424999999999906
RG-SCSO,Zoo,1,365,13938,0.025424999999999906
RG-SCSO,Zoo,1,366,13976,0.025424999999999906
RG-SCSO,Zoo,1,367,14014,0.025424999999999906
RG-SCSO,Zoo,1,368,14052,0.025424999999999906
RG-SCSO,Zoo,1,369,14090,0.025424999999999906
RG-SCSO,Zoo,1,370,14128,0.025424999999999906
RG-SCSO,Zoo,1,371,14166,0.025424999999999906
RG-SCSO,Zoo,1,372,14204,0.025424999999999906
RG-SCSO,Zoo,1,373,14242,0.025424999999999906
RG-SCSO,Zoo,1,374,14280,0.025424999999999906
RG-SCSO,Zoo,1,375,14318,0.025424999999999906
RG-SCSO,Zoo,1,376,14356,0.025424999999999906
RG-SCSO,Zoo,1,377,14394,0.025424999999999906
RG-SCSO,Zoo,1,378,14432,0.025424999999999906
RG-SCSO,Zoo,1,379,14470,0.025424999999999906
RG-SCSO,Zoo,1,380,14508,0.025424999999999906
RG-SCSO,Zoo,1,381,14546,0.025424999999999906
RG-SCSO,Zoo,1,382,14584,0.025424999999999906
RG-SCSO,Zoo,1,383,14622,0.025424999999999906
RG-SCSO,Zoo,1,384,14660,0.025424999999999906
RG-SCSO,Zoo,1,385,14698,0.025424999999999906
RG-SCSO,Zoo,1,386,14736,0.025424999999999906
RG-SCSO,Zoo,1,387,14774,0.025424999999999906
RG-SCSO,Zoo,1,388,14812,0.025424999999999906
RG-SCSO,Zoo,1,389,14850,0.025424999999999906
RG-SCSO,Zoo,1,390,14888,0.025424999999999906
RG-SCSO,Zoo,1,391,14926,0.025424999999999906
RG-SCSO,Zoo,1,392,14964,0.025424999999999906
RG-SCSO,Zoo,1,393,15000,0.025424999999999906
RG-SCSO,Zoo,1,394,15000,0.025424999999999906
RG-SCSO,Zoo,1,395,15000,0.025424999999999906
RG-SCSO,Zoo,1,396,15000,0.025424999999999906
RG-SCSO,Zoo,1,397,15000,0.025424999999999906
RG-SCSO,Zoo,1,398,15000,0.025424999999999906
RG-SCSO,Zoo,1,399,15000,0.025424999999999906
RG-SCSO,Zoo,1,400,15000,0.025424999999999906
RG-SCSO,Zoo,1,401,15000,0.025424999999999906
RG-SCSO,Zoo,1,402,15000,0.025424999999999906
RG-SCSO,Zoo,1,403,15000,0.025424999999999906
RG-SCSO,Zoo,1,404,15000,0.025424999999999906
RG-SCSO,Zoo,1,405,15000,0.025424999999999906
RG-SCSO,Zoo,1,406,15000,0.025424999999999906
RG-SCSO,Zoo,1,407,15000,0.025424999999999906
RG-SCSO,Zoo,1,408,15000,0.025424999999999906
RG-SCSO,Zoo,1,409,15000,0.025424999999999906
RG-SCSO,Zoo,1,410,15000,0.025424999999999906
RG-SCSO,Zoo,1,411,15000,0.025424999999999906
RG-SCSO,Zoo,1,412,15000,0.025424999999999906
RG-SCSO,Zoo,1,413,15000,0.025424999999999906
RG-SCSO,Zoo,1,414,15000,0.025424999999999906
RG-SCSO,Zoo,1,415,15000,0.025424999999999906
RG-SCSO,Zoo,1,416,15000,0.025424999999999906
RG-SCSO,Zoo,1,417,15000,0.025424999999999906
RG-SCSO,Zoo,1,418,15000,0.025424999999999906
RG-SCSO,Zoo,1,419,15000,0.025424999999999906
RG-SCSO,Zoo,1,420,15000,0.025424999999999906
RG-SCSO,Zoo,1,421,15000,0.025424999999999906
RG-SCSO,Zoo,1,422,15000,0.025424999999999906
RG-SCSO,Zoo,1,423,15000,0.025424999999999906
RG-SCSO,Zoo,1,424,15000,0.025424999999999906
RG-SCSO,Zoo,1,425,15000,0.025424999999999906
RG-SCSO,Zoo,1,426,15000,0.025424999999999906
RG-SCSO,Zoo,1,427,15000,0.025424999999999906
RG-SCSO,Zoo,1,428,15000,0.025424999999999906
RG-SCSO,Zoo,1,429,15000,0.025424999999999906
RG-SCSO,Zoo,1,430,15000,0.025424999999999906
RG-SCSO,Zoo,1,431,15000,0.025424999999999906
RG-SCSO,Zoo,1,432,15000,0.025424999999999906
RG-SCSO,Zoo,1,433,15000,0.025424999999999906
RG-SCSO,Zoo,1,434,15000,0.025424999999999906
RG-SCSO,Zoo,1,435,15000,0.025424999999999906
RG-SCSO,Zoo,1,436,15000,0.025424999999999906
RG-SCSO,Zoo,1,437,15000,0.025424999999999906
RG-SCSO,Zoo,1,438,15000,0.025424999999999906
RG-SCSO,Zoo,1,439,15000,0.025424999999999906
RG-SCSO,Zoo,1,440,15000,0.025424999999999906
RG-SCSO,Zoo,1,441,15000,0.025424999999999906
RG-SCSO,Zoo,1,442,15000,0.025424999999999906
RG-SCSO,Zoo,1,443,15000,0.025424999999999906
RG-SCSO,Zoo,1,444,15000,0.025424999999999906
RG-SCSO,Zoo,1,445,15000,0.025424999999999906
RG-SCSO,Zoo,1,446,15000,0.025424999999999906
RG-SCSO,Zoo,1,447,15000,0.025424999999999906
RG-SCSO,Zoo,1,448,15000,0.025424999999999906
RG-SCSO,Zoo,1,449,15000,0.025424999999999906
RG-SCSO,Zoo,1,450,15000,0.025424999999999906
RG-SCSO,Zoo,1,451,15000,0.025424999999999906
RG-SCSO,Zoo,1,452,15000,0.025424999999999906
RG-SCSO,Zoo,1,453,15000,0.025424999999999906
RG-SCSO,Zoo,1,454,15000,0.025424999999999906
RG-SCSO,Zoo,1,455,15000,0.025424999999999906
RG-SCSO,Zoo,1,456,15000,0.025424999999999906
RG-SCSO,Zoo,1,457,15000,0.025424999999999906
RG-SCSO,Zoo,1,458,15000,0.025424999999999906
RG-SCSO,Zoo,1,459,15000,0.025424999999999906
RG-SCSO,Zoo,1,460,15000,0.025424999999999906
RG-SCSO,Zoo,1,461,15000,0.025424999999999906
RG-SCSO,Zoo,1,462,15000,0.025424999999999906
RG-SCSO,Zoo,1,463,15000,0.025424999999999906
RG-SCSO,Zoo,1,464,15000,0.025424999999999906
RG-SCSO,Zoo,1,465,15000,0.025424999999999906
RG-SCSO,Zoo,1,466,15000,0.025424999999999906
RG-SCSO,Zoo,1,467,15000,0.025424999999999906
RG-SCSO,Zoo,1,468,15000,0.025424999999999906
RG-SCSO,Zoo,1,469,15000,0.025424999999999906
RG-SCSO,Zoo,1,470,15000,0.025424999999999906
RG-SCSO,Zoo,1,471,15000,0.025424999999999906
RG-SCSO,Zoo,1,472,15000,0.025424999999999906
RG-SCSO,Zoo,1,473,15000,0.025424999999999906
RG-SCSO,Zoo,1,474,15000,0.025424999999999906
RG-SCSO,Zoo,1,475,15000,0.025424999999999906
RG-SCSO,Zoo,1,476,15000,0.025424999999999906
RG-SCSO,Zoo,1,477,15000,0.025424999999999906
RG-SCSO,Zoo,1,478,15000,0.025424999999999906
RG-SCSO,Zoo,1,479,15000,0.025424999999999906
RG-SCSO,Zoo,1,480,15000,0.025424999999999906
RG-SCSO,Zoo,1,481,15000,0.025424999999999906
RG-SCSO,Zoo,1,482,15000,0.025424999999999906
RG-SCSO,Zoo,1,483,15000,0.025424999999999906
RG-SCSO,Zoo,1,484,15000,0.025424999999999906
RG-SCSO,Zoo,1,485,15000,0.025424999999999906
RG-SCSO,Zoo,1,486,15000,0.025424999999999906
RG-SCSO,Zoo,1,487,15000,0.025424999999999906
RG-SCSO,Zoo,1,488,15000,0.025424999999999906
RG-SCSO,Zoo,1,489,15000,0.025424999999999906
RG-SCSO,Zoo,1,490,15000,0.025424999999999906
RG-SCSO,Zoo,1,491,15000,0.025424999999999906
RG-SCSO,Zoo,1,492,15000,0.025424999999999906
RG-SCSO,Zoo,1,493,15000,0.025424999999999906
RG-SCSO,Zoo,1,494,15000,0.025424999999999906
RG-SCSO,Zoo,1,495,15000,0.025424999999999906
RG-SCSO,Zoo,1,496,15000,0.025424999999999906
RG-SCSO,Zoo,1,497,15000,0.025424999999999906
RG-SCSO,Zoo,1,498,15000,0.025424999999999906
RG-SCSO,Zoo,1,499,15000,0.025424999999999906
RG-SCSO,Zoo,0,0,68,0.034228571428571525
RG-SCSO,Zoo,0,1,106,0.034228571428571525
RG-SCSO,Zoo,0,2,144,0.034228571428571525
RG-SCSO,Zoo,0,3,182,0.034228571428571525
RG-SCSO,Zoo,0,4,220,0.034228571428571525
RG-SCSO,Zoo,0,5,258,0.034228571428571525
RG-SCSO,Zoo,0,6,296,0.034228571428571525
RG-SCSO,Zoo,0,7,334,0.034228571428571525
RG-SCSO,Zoo,0,8,372,0.034228571428571525
RG-SCSO,Zoo,0,9,410,0.034228571428571525
RG-SCSO,Zoo,0,10,448,0.034228571428571525
RG-SCSO,Zoo,0,11,486,0.034228571428571525
RG-SCSO,Zoo,0,12,524,0.034228571428571525
RG-SCSO,Zoo,0,13,562,0.034228571428571525
RG-SCSO,Zoo,0,14,600,0.034228571428571525
RG-SCSO,Zoo,0,15,638,0.034228571428571525
RG-SCSO,Zoo,0,16,676,0.034228571428571525
RG-SCSO,Zoo,0,17,714,0.034228571428571525
RG-SCSO,Zoo,0,18,752,0.034228571428571525
RG-SCSO,Zoo,0,19,790,0.034228571428571525
RG-SCSO,Zoo,0,20,828,0.034228571428571525
RG-SCSO,Zoo,0,21,866,0.034228571428571525
RG-SCSO,Zoo,0,22,904,0.034228571428571525
RG-SCSO,Zoo,0,23,942,0.034228571428571525
RG-SCSO,Zoo,0,24,980,0.034228571428571525
RG-SCSO,Zoo,0,25,1018,0.034228571428571525
RG-SCSO,Zoo,0,26,1056,0.034228571428571525
RG-SCSO,Zoo,0,27,1094,0.034228571428571525
RG-SCSO,Zoo,0,28,1132,0.034228571428571525
RG-SCSO,Zoo,0,29,1170,0.034228571428571525
RG-SCSO,Zoo,0,30,1208,0.034228571428571525
RG-SCSO,Zoo,0,31,1246,0.034228571428571525
RG-SCSO,Zoo,0,32,1284,0.034228571428571525
RG-SCSO,Zoo,0,33,1322,0.034228571428571525
RG-SCSO,Zoo,0,34,1360,0.034228571428571525
RG-SCSO,Zoo,0,35,1398,0.034228571428571525
RG-SCSO,Zoo,0,36,1436,0.034228571428571525
RG-SCSO,Zoo,0,37,1474,0.034228571428571525
RG-SCSO,Zoo,0,38,1512,0.034228571428571525
RG-SCSO,Zoo,0,39,1550,0.034228571428571525
RG-SCSO,Zoo,0,40,1588,0.034228571428571525
RG-SCSO,Zoo,0,41,1626,0.034228571428571525
RG-SCSO,Zoo,0,42,1664,0.034228571428571525
RG-SCSO,Zoo,0,43,1702,0.034228571428571525
RG-SCSO,Zoo,0,44,1740,0.034228571428571525
RG-SCSO,Zoo,0,45,1778,0.034228571428571525
RG-SCSO,Zoo,0,46,1816,0.025424999999999906
RG-SCSO,Zoo,0,47,1854,0.025424999999999906
RG-SCSO,Zoo,0,48,1892,0.025424999999999906
RG-SCSO,Zoo,0,49,1930,0.025424999999999906
RG-SCSO,Zoo,0,50,1968,0.025424999999999906
RG-SCSO,Zoo,0,51,2006,0.025424999999999906
RG-SCSO,Zoo,0,52,2044,0.025424999999999906
RG-SCSO,Zoo,0,53,2082,0.025424999999999906
RG-SCSO,Zoo,0,54,2120,0.025424999999999906
RG-SCSO,Zoo,0,55,2158,0.025424999999999906
RG-SCSO,Zoo,0,56,2196,0.025424999999999906
RG-SCSO,Zoo,0,57,2234,0.025424999999999906
RG-SCSO,Zoo,0,58,2272,0.025424999999999906
RG-SCSO,Zoo,0,59,2310,0.025424999999999906
RG-SCSO,Zoo,0,60,2348,0.025424999999999906
RG-SCSO,Zoo,0,61,2386,0.025424999999999906
RG-SCSO,Zoo,0,62,2424,0.025424999999999906
RG-SCSO,Zoo,0,63,2462,0.025424999999999906
RG-SCSO,Zoo,0,64,2500,0.025424999999999906
RG-SCSO,Zoo,0,65,2538,0.025424999999999906
RG-SCSO,Zoo,0,66,2576,0.025424999999999906
RG-SCSO,Zoo,0,67,2614,0.025424999999999906
RG-SCSO,Zoo,0,68,2652,0.025424999999999906
RG-SCSO,Zoo,0,69,2690,0.025424999999999906
RG-SCSO,Zoo,0,70,2728,0.025424999999999906
RG-SCSO,Zoo,0,71,2766,0.025424999999999906
RG-SCSO,Zoo,0,72,2804,0.025424999999999906
RG-SCSO,Zoo,0,73,2842,0.025424999999999906
RG-SCSO,Zoo,0,74,2880,0.025424999999999906
RG-SCSO,Zoo,0,75,2918,0.025424999999999906
RG-SCSO,Zoo,0,76,2956,0.025424999999999906
RG-SCSO,Zoo,0,77,2994,0.025424999999999906
RG-SCSO,Zoo,0,78,3032,0.025424999999999906
RG-SCSO,Zoo,0,79,3070,0.025424999999999906
RG-SCSO,Zoo,0,80,3108,0.025424999999999906
RG-SCSO,Zoo,0,81,3146,0.025424999999999906
RG-SCSO,Zoo,0,82,3184,0.025424999999999906
RG-SCSO,Zoo,0,83,3222,0.025424999999999906
RG-SCSO,Zoo,0,84,3260,0.025424999999999906
RG-SCSO,Zoo,0,85,3298,0.025424999999999906
RG-SCSO,Zoo,0,86,3336,0.025424999999999906
RG-SCSO,Zoo,0,87,3374,0.025424999999999906
RG-SCSO,Zoo,0,88,3412,0.025424999999999906
RG-SCSO,Zoo,0,89,3450,0.025424999999999906
RG-SCSO,Zoo,0,90,3488,0.025424999999999906
RG-SCSO,Zoo,0,91,3526,0.025424999999999906
RG-SCSO,Zoo,0,92,3564,0.025424999999999906
RG-SCSO,Zoo,0,93,3602,0.025424999999999906
RG-SCSO,Zoo,0,94,3640,0.025424999999999906
RG-SCSO,Zoo,0,95,3678,0.025424999999999906
RG-SCSO,Zoo,0,96,3716,0.025424999999999906
RG-SCSO,Zoo,0,97,3754,0.025424999999999906
RG-SCSO,Zoo,0,98,3792,0.025424999999999906
RG-SCSO,Zoo,0,99,3830,0.025424999999999906
RG-SCSO,Zoo,0,100,3868,0.025424999999999906
RG-SCSO,Zoo,0,101,3906,0.025424999999999906
RG-SCSO,Zoo,0,102,3944,0.025424999999999906
RG-SCSO,Zoo,0,103,3982,0.025424999999999906
RG-SCSO,Zoo,0,104,4020,0.025424999999999906
RG-SCSO,Zoo,0,105,4058,0.025424999999999906
RG-SCSO,Zoo,0,106,4096,0.025424999999999906
RG-SCSO,Zoo,0,107,4134,0.025424999999999906
RG-SCSO,Zoo,0,108,4172,0.025424999999999906
RG-SCSO,Zoo,0,109,4210,0.025424999999999906
RG-SCSO,Zoo,0,110,4248,0.025424999999999906
RG-SCSO,Zoo,0,111,4286,0.025424999999999906
RG-SCSO,Zoo,0,112,4324,0.025424999999999906
RG-SCSO,Zoo,0,113,4362,0.025424999999999906
RG-SCSO,Zoo,0,114,4400,0.025424999999999906
RG-SCSO,Zoo,0,115,4438,0.025424999999999906
RG-SCSO,Zoo,0,116,4476,0.025424999999999906
RG-SCSO,Zoo,0,117,4514,0.025424999999999906
RG-SCSO,Zoo,0,118,4552,0.025424999999999906
RG-SCSO,Zoo,0,119,4590,0.025424999999999906
RG-SCSO,Zoo,0,120,4628,0.025424999999999906
RG-SCSO,Zoo,0,121,4666,0.025424999999999906
RG-SCSO,Zoo,0,122,4704,0.025424999999999906
RG-SCSO,Zoo,0,123,4742,0.025424999999999906
RG-SCSO,Zoo,0,124,4780,0.025424999999999906
RG-SCSO,Zoo,0,125,4818,0.025424999999999906
RG-SCSO,Zoo,0,126,4856,0.025424999999999906
RG-SCSO,Zoo,0,127,4894,0.025424999999999906
RG-SCSO,Zoo,0,128,4932,0.025424999999999906
RG-SCSO,Zoo,0,129,4970,0.025424999999999906
RG-SCSO,Zoo,0,130,5008,0.025424999999999906
RG-SCSO,Zoo,0,131,5046,0.025424999999999906
RG-SCSO,Zoo,0,132,5084,0.025424999999999906
RG-SCSO,Zoo,0,133,5122,0.025424999999999906
RG-SCSO,Zoo,0,134,5160,0.025424999999999906
RG-SCSO,Zoo,0,135,5198,0.025424999999999906
RG-SCSO,Zoo,0,136,5236,0.025424999999999906
RG-SCSO,Zoo,0,137,5274,0.025424999999999906
RG-SCSO,Zoo,0,138,5312,0.025424999999999906
RG-SCSO,Zoo,0,139,5350,0.025424999999999906
RG-SCSO,Zoo,0,140,5388,0.025424999999999906
RG-SCSO,Zoo,0,141,5426,0.025424999999999906
RG-SCSO,Zoo,0,142,5464,0.025424999999999906
RG-SCSO,Zoo,0,143,5502,0.025424999999999906
RG-SCSO,Zoo,0,144,5540,0.025424999999999906
RG-SCSO,Zoo,0,145,5578,0.025424999999999906
RG-SCSO,Zoo,0,146,5616,0.025424999999999906
RG-SCSO,Zoo,0,147,5654,0.025424999999999906
RG-SCSO,Zoo,0,148,5692,0.025424999999999906
RG-SCSO,Zoo,0,149,5730,0.025424999999999906
RG-SCSO,Zoo,0,150,5768,0.025424999999999906
RG-SCSO,Zoo,0,151,5806,0.025424999999999906
RG-SCSO,Zoo,0,152,5844,0.025424999999999906
RG-SCSO,Zoo,0,153,5882,0.025424999999999906
RG-SCSO,Zoo,0,154,5920,0.025424999999999906
RG-SCSO,Zoo,0,155,5958,0.025424999999999906
RG-SCSO,Zoo,0,156,5996,0.025424999999999906
RG-SCSO,Zoo,0,157,6034,0.025424999999999906
RG-SCSO,Zoo,0,158,6072,0.025424999999999906
RG-SCSO,Zoo,0,159,6110,0.025424999999999906
RG-SCSO,Zoo,0,160,6148,0.025424999999999906
RG-SCSO,Zoo,0,161,6186,0.025424999999999906
RG-SCSO,Zoo,0,162,6224,0.025424999999999906
RG-SCSO,Zoo,0,163,6262,0.025424999999999906
RG-SCSO,Zoo,0,164,6300,0.025424999999999906
RG-SCSO,Zoo,0,165,6338,0.025424999999999906
RG-SCSO,Zoo,0,166,6376,0.025424999999999906
RG-SCSO,Zoo,0,167,6414,0.025424999999999906
RG-SCSO,Zoo,0,168,6452,0.025424999999999906
RG-SCSO,Zoo,0,169,6490,0.025424999999999906
RG-SCSO,Zoo,0,170,6528,0.025424999999999906
RG-SCSO,Zoo,0,171,6566,0.025424999999999906
RG-SCSO,Zoo,0,172,6604,0.025424999999999906
RG-SCSO,Zoo,0,173,6642,0.025424999999999906
RG-SCSO,Zoo,0,174,6680,0.025424999999999906
RG-SCSO,Zoo,0,175,6718,0.025424999999999906
RG-SCSO,Zoo,0,176,6756,0.025424999999999906
RG-SCSO,Zoo,0,177,6794,0.025424999999999906
RG-SCSO,Zoo,0,178,6832,0.025424999999999906
RG-SCSO,Zoo,0,179,6870,0.025424999999999906
RG-SCSO,Zoo,0,180,6908,0.025424999999999906
RG-SCSO,Zoo,0,181,6946,0.025424999999999906
RG-SCSO,Zoo,0,182,6984,0.025424999999999906
RG-SCSO,Zoo,0,183,7022,0.025424999999999906
RG-SCSO,Zoo,0,184,7060,0.025424999999999906
RG-SCSO,Zoo,0,185,7098,0.025424999999999906
RG-SCSO,Zoo,0,186,7136,0.025424999999999906
RG-SCSO,Zoo,0,187,7174,0.025424999999999906
RG-SCSO,Zoo,0,188,7212,0.025424999999999906
RG-SCSO,Zoo,0,189,7250,0.025424999999999906
RG-SCSO,Zoo,0,190,7288,0.025424999999999906
RG-SCSO,Zoo,0,191,7326,0.025424999999999906
RG-SCSO,Zoo,0,192,7364,0.025424999999999906
RG-SCSO,Zoo,0,193,7402,0.025424999999999906
RG-SCSO,Zoo,0,194,7440,0.025424999999999906
RG-SCSO,Zoo,0,195,7478,0.025424999999999906
RG-SCSO,Zoo,0,196,7516,0.025424999999999906
RG-SCSO,Zoo,0,197,7554,0.025424999999999906
RG-SCSO,Zoo,0,198,7592,0.025424999999999906
RG-SCSO,Zoo,0,199,7630,0.025424999999999906
RG-SCSO,Zoo,0,200,7668,0.025424999999999906
RG-SCSO,Zoo,0,201,7706,0.025424999999999906
RG-SCSO,Zoo,0,202,7744,0.025424999999999906
RG-SCSO,Zoo,0,203,7782,0.025424999999999906
RG-SCSO,Zoo,0,204,7820,0.025424999999999906
RG-SCSO,Zoo,0,205,7858,0.025424999999999906
RG-SCSO,Zoo,0,206,7896,0.025424999999999906
RG-SCSO,Zoo,0,207,7934,0.025424999999999906
RG-SCSO,Zoo,0,208,7972,0.025424999999999906
RG-SCSO,Zoo,0,209,8010,0.025424999999999906
RG-SCSO,Zoo,0,210,8048,0.025424999999999906
RG-SCSO,Zoo,0,211,8086,0.025424999999999906
RG-SCSO,Zoo,0,212,8124,0.025424999999999906
RG-SCSO,Zoo,0,213,8162,0.025424999999999906
RG-SCSO,Zoo,0,214,8200,0.025424999999999906
RG-SCSO,Zoo,0,215,8238,0.025424999999999906
RG-SCSO,Zoo,0,216,8276,0.025424999999999906
RG-SCSO,Zoo,0,217,8314,0.025424999999999906
RG-SCSO,Zoo,0,218,8352,0.025424999999999906
RG-SCSO,Zoo,0,219,8390,0.025424999999999906
RG-SCSO,Zoo,0,220,8428,0.025424999999999906
RG-SCSO,Zoo,0,221,8466,0.025424999999999906
RG-SCSO,Zoo,0,222,8504,0.025424999999999906
RG-SCSO,Zoo,0,223,8542,0.025424999999999906
RG-SCSO,Zoo,0,224,8580,0.025424999999999906
RG-SCSO,Zoo,0,225,8618,0.025424999999999906
RG-SCSO,Zoo,0,226,8656,0.025424999999999906
RG-SCSO,Zoo,0,227,8694,0.025424999999999906
RG-SCSO,Zoo,0,228,8732,0.025424999999999906
RG-SCSO,Zoo,0,229,8770,0.025424999999999906
RG-SCSO,Zoo,0,230,8808,0.025424999999999906
RG-SCSO,Zoo,0,231,8846,0.025424999999999906
RG-SCSO,Zoo,0,232,8884,0.025424999999999906
RG-SCSO,Zoo,0,233,8922,0.025424999999999906
RG-SCSO,Zoo,0,234,8960,0.025424999999999906
RG-SCSO,Zoo,0,235,8998,0.025424999999999906
RG-SCSO,Zoo,0,236,9036,0.025424999999999906
RG-SCSO,Zoo,0,237,9074,0.025424999999999906
RG-SCSO,Zoo,0,238,9112,0.025424999999999906
RG-SCSO,Zoo,0,239,9150,0.025424999999999906
RG-SCSO,Zoo,0,240,9188,0.025424999999999906
RG-SCSO,Zoo,0,241,9226,0.025424999999999906
RG-SCSO,Zoo,0,242,9264,0.025424999999999906
RG-SCSO,Zoo,0,243,9302,0.025424999999999906
RG-SCSO,Zoo,0,244,9340,0.025424999999999906
RG-SCSO,Zoo,0,245,9378,0.025424999999999906
RG-SCSO,Zoo,0,246,9416,0.025424999999999906
RG-SCSO,Zoo,0,247,9454,0.025424999999999906
RG-SCSO,Zoo,0,248,9492,0.025424999999999906
RG-SCSO,Zoo,0,249,9530,0.025424999999999906
RG-SCSO,Zoo,0,250,9568,0.025424999999999906
RG-SCSO,Zoo,0,251,9606,0.025424999999999906
RG-SCSO,Zoo,0,252,9644,0.025424999999999906
RG-SCSO,Zoo,0,253,9682,0.025424999999999906
RG-SCSO,Zoo,0,254,9720,0.025424999999999906
RG-SCSO,Zoo,0,255,9758,0.025424999999999906
RG-SCSO,Zoo,0,256,9796,0.025424999999999906
RG-SCSO,Zoo,0,257,9834,0.025424999999999906
RG-SCSO,Zoo,0,258,9872,0.025424999999999906
RG-SCSO,Zoo,0,259,9910,0.025424999999999906
RG-SCSO,Zoo,0,260,9948,0.025424999999999906
RG-SCSO,Zoo,0,261,9986,0.025424999999999906
RG-SCSO,Zoo,0,262,10024,0.025424999999999906
RG-SCSO,Zoo,0,263,10062,0.025424999999999906
RG-SCSO,Zoo,0,264,10100,0.025424999999999906
RG-SCSO,Zoo,0,265,10138,0.025424999999999906
RG-SCSO,Zoo,0,266,10176,0.025424999999999906
RG-SCSO,Zoo,0,267,10214,0.025424999999999906
RG-SCSO,Zoo,0,268,10252,0.025424999999999906
RG-SCSO,Zoo,0,269,10290,0.025424999999999906
RG-SCSO,Zoo,0,270,10328,0.025424999999999906
RG-SCSO,Zoo,0,271,10366,0.025424999999999906
RG-SCSO,Zoo,0,272,10404,0.025424999999999906
RG-SCSO,Zoo,0,273,10442,0.025424999999999906
RG-SCSO,Zoo,0,274,10480,0.025424999999999906
RG-SCSO,Zoo,0,275,10518,0.025424999999999906
RG-SCSO,Zoo,0,276,10556,0.025424999999999906
RG-SCSO,Zoo,0,277,10594,0.025424999999999906
RG-SCSO,Zoo,0,278,10632,0.025424999999999906
RG-SCSO,Zoo,0,279,10670,0.025424999999999906
RG-SCSO,Zoo,0,280,10708,0.025424999999999906
RG-SCSO,Zoo,0,281,10746,0.025424999999999906
RG-SCSO,Zoo,0,282,10784,0.025424999999999906
RG-SCSO,Zoo,0,283,10822,0.025424999999999906
RG-SCSO,Zoo,0,284,10860,0.025424999999999906
RG-SCSO,Zoo,0,285,10898,0.025424999999999906
RG-SCSO,Zoo,0,286,10936,0.025424999999999906
RG-SCSO,Zoo,0,287,10974,0.025424999999999906
RG-SCSO,Zoo,0,288,11012,0.025424999999999906
RG-SCSO,Zoo,0,289,11050,0.025424999999999906
RG-SCSO,Zoo,0,290,11088,0.025424999999999906
RG-SCSO,Zoo,0,291,11126,0.025424999999999906
RG-SCSO,Zoo,0,292,11164,0.025424999999999906
RG-SCSO,Zoo,0,293,11202,0.025424999999999906
RG-SCSO,Zoo,0,294,11240,0.025424999999999906
RG-SCSO,Zoo,0,295,11278,0.025424999999999906
RG-SCSO,Zoo,0,296,11316,0.025424999999999906
RG-SCSO,Zoo,0,297,11354,0.025424999999999906
RG-SCSO,Zoo,0,298,11392,0.025424999999999906
RG-SCSO,Zoo,0,299,11430,0.025424999999999906
RG-SCSO,Zoo,0,300,11468,0.025424999999999906
RG-SCSO,Zoo,0,301,11506,0.025424999999999906
RG-SCSO,Zoo,0,302,11544,0.025424999999999906
RG-SCSO,Zoo,0,303,11582,0.025424999999999906
RG-SCSO,Zoo,0,304,11620,0.025424999999999906
RG-SCSO,Zoo,0,305,11658,0.025424999999999906
RG-SCSO,Zoo,0,306,11696,0.025424999999999906
RG-SCSO,Zoo,0,307,11734,0.025424999999999906
RG-SCSO,Zoo,0,308,11772,0.025424999999999906
RG-SCSO,Zoo,0,309,11810,0.025424999999999906
RG-SCSO,Zoo,0,310,11848,0.025424999999999906
RG-SCSO,Zoo,0,311,11886,0.025424999999999906
RG-SCSO,Zoo,0,312,11924,0.025424999999999906
RG-SCSO,Zoo,0,313,11962,0.025424999999999906
RG-SCSO,Zoo,0,314,12000,0.025424999999999906
RG-SCSO,Zoo,0,315,12038,0.025424999999999906
RG-SCSO,Zoo,0,316,12076,0.025424999999999906
RG-SCSO,Zoo,0,317,12114,0.025424999999999906
RG-SCSO,Zoo,0,318,12152,0.025424999999999906
RG-SCSO,Zoo,0,319,12190,0.025424999999999906
RG-SCSO,Zoo,0,320,12228,0.025424999999999906
RG-SCSO,Zoo,0,321,12266,0.025424999999999906
RG-SCSO,Zoo,0,322,12304,0.025424999999999906
RG-SCSO,Zoo,0,323,12342,0.025424999999999906
RG-SCSO,Zoo,0,324,12380,0.025424999999999906
RG-SCSO,Zoo,0,325,12418,0.025424999999999906
RG-SCSO,Zoo,0,326,12456,0.025424999999999906
RG-SCSO,Zoo,0,327,12494,0.025424999999999906
RG-SCSO,Zoo,0,328,12532,0.025424999999999906
RG-SCSO,Zoo,0,329,12570,0.025424999999999906
RG-SCSO,Zoo,0,330,12608,0.025424999999999906
RG-SCSO,Zoo,0,331,12646,0.025424999999999906
RG-SCSO,Zoo,0,332,12684,0.025424999999999906
RG-SCSO,Zoo,0,333,12722,0.025424999999999906
RG-SCSO,Zoo,0,334,12760,0.025424999999999906
RG-SCSO,Zoo,0,335,12798,0.025424999999999906
RG-SCSO,Zoo,0,336,12836,0.025424999999999906
RG-SCSO,Zoo,0,337,12874,0.025424999999999906
RG-SCSO,Zoo,0,338,12912,0.025424999999999906
RG-SCSO,Zoo,0,339,12950,0.025424999999999906
RG-SCSO,Zoo,0,340,12988,0.025424999999999906
RG-SCSO,Zoo,0,341,13026,0.025424999999999906
RG-SCSO,Zoo,0,342,13064,0.025424999999999906
RG-SCSO,Zoo,0,343,13102,0.025424999999999906
RG-SCSO,Zoo,0,344,13140,0.025424999999999906
RG-SCSO,Zoo,0,345,13178,0.025424999999999906
RG-SCSO,Zoo,0,346,13216,0.025424999999999906
RG-SCSO,Zoo,0,347,13254,0.025424999999999906
RG-SCSO,Zoo,0,348,13292,0.025424999999999906
RG-SCSO,Zoo,0,349,13330,0.025424999999999906
RG-SCSO,Zoo,0,350,13368,0.025424999999999906
RG-SCSO,Zoo,0,351,13406,0.025424999999999906
RG-SCSO,Zoo,0,352,13444,0.025424999999999906
RG-SCSO,Zoo,0,353,13482,0.025424999999999906
RG-SCSO,Zoo,0,354,13520,0.025424999999999906
RG-SCSO,Zoo,0,355,13558,0.025424999999999906
RG-SCSO,Zoo,0,356,13596,0.025424999999999906
RG-SCSO,Zoo,0,357,13634,0.025424999999999906
RG-SCSO,Zoo,0,358,13672,0.025424999999999906
RG-SCSO,Zoo,0,359,13710,0.025424999999999906
RG-SCSO,Zoo,0,360,13748,0.025424999999999906
RG-SCSO,Zoo,0,361,13786,0.025424999999999906
RG-SCSO,Zoo,0,362,13824,0.025424999999999906
RG-SCSO,Zoo,0,363,13862,0.025424999999999906
RG-SCSO,Zoo,0,364,13900,0.025424999999999906
RG-SCSO,Zoo,0,365,13938,0.025424999999999906
RG-SCSO,Zoo,0,366,13976,0.025424999999999906
RG-SCSO,Zoo,0,367,14014,0.025424999999999906
RG-SCSO,Zoo,0,368,14052,0.025424999999999906
RG-SCSO,Zoo,0,369,14090,0.025424999999999906
RG-SCSO,Zoo,0,370,14128,0.025424999999999906
RG-SCSO,Zoo,0,371,14166,0.025424999999999906
RG-SCSO,Zoo,0,372,14204,0.025424999999999906
RG-SCSO,Zoo,0,373,14242,0.025424999999999906
RG-SCSO,Zoo,0,374,14280,0.025424999999999906
RG-SCSO,Zoo,0,375,14318,0.025424999999999906
RG-SCSO,Zoo,0,376,14356,0.025424999999999906
RG-SCSO,Zoo,0,377,14394,0.025424999999999906
RG-SCSO,Zoo,0,378,14432,0.025424999999999906
RG-SCSO,Zoo,0,379,14470,0.025424999999999906
RG-SCSO,Zoo,0,380,14508,0.025424999999999906
RG-SCSO,Zoo,0,381,14546,0.025424999999999906
RG-SCSO,Zoo,0,382,14584,0.025424999999999906
RG-SCSO,Zoo,0,383,14622,0.025424999999999906
RG-SCSO,Zoo,0,384,14660,0.025424999999999906
RG-SCSO,Zoo,0,385,14698,0.025424999999999906
RG-SCSO,Zoo,0,386,14736,0.025424999999999906
RG-SCSO,Zoo,0,387,14774,0.025424999999999906
RG-SCSO,Zoo,0,388,14812,0.025424999999999906
RG-SCSO,Zoo,0,389,14850,0.025424999999999906
RG-SCSO,Zoo,0,390,14888,0.025424999999999906
RG-SCSO,Zoo,0,391,14926,0.025424999999999906
RG-SCSO,Zoo,0,392,14964,0.025424999999999906
RG-SCSO,Zoo,0,393,15000,0.025424999999999906
RG-SCSO,Zoo,0,394,15000,0.025424999999999906
RG-SCSO,Zoo,0,395,15000,0.025424999999999906
RG-SCSO,Zoo,0,396,15000,0.025424999999999906
RG-SCSO,Zoo,0,397,15000,0.025424999999999906
RG-SCSO,Zoo,0,398,15000,0.025424999999999906
RG-SCSO,Zoo,0,399,15000,0.025424999999999906
RG-SCSO,Zoo,0,400,15000,0.025424999999999906
RG-SCSO,Zoo,0,401,15000,0.025424999999999906
RG-SCSO,Zoo,0,402,15000,0.025424999999999906
RG-SCSO,Zoo,0,403,15000,0.025424999999999906
RG-SCSO,Zoo,0,404,15000,0.025424999999999906
RG-SCSO,Zoo,0,405,15000,0.025424999999999906
RG-SCSO,Zoo,0,406,15000,0.025424999999999906
RG-SCSO,Zoo,0,407,15000,0.025424999999999906
RG-SCSO,Zoo,0,408,15000,0.025424999999999906
RG-SCSO,Zoo,0,409,15000,0.025424999999999906
RG-SCSO,Zoo,0,410,15000,0.025424999999999906
RG-SCSO,Zoo,0,411,15000,0.025424999999999906
RG-SCSO,Zoo,0,412,15000,0.025424999999999906
RG-SCSO,Zoo,0,413,15000,0.025424999999999906
RG-SCSO,Zoo,0,414,15000,0.025424999999999906
RG-SCSO,Zoo,0,415,15000,0.025424999999999906
RG-SCSO,Zoo,0,416,15000,0.025424999999999906
RG-SCSO,Zoo,0,417,15000,0.025424999999999906
RG-SCSO,Zoo,0,418,15000,0.025424999999999906
RG-SCSO,Zoo,0,419,15000,0.025424999999999906
RG-SCSO,Zoo,0,420,15000,0.025424999999999906
RG-SCSO,Zoo,0,421,15000,0.025424999999999906
RG-SCSO,Zoo,0,422,15000,0.025424999999999906
RG-SCSO,Zoo,0,423,15000,0.025424999999999906
RG-SCSO,Zoo,0,424,15000,0.025424999999999906
RG-SCSO,Zoo,0,425,15000,0.025424999999999906
RG-SCSO,Zoo,0,426,15000,0.025424999999999906
RG-SCSO,Zoo,0,427,15000,0.025424999999999906
RG-SCSO,Zoo,0,428,15000,0.025424999999999906
RG-SCSO,Zoo,0,429,15000,0.025424999999999906
RG-SCSO,Zoo,0,430,15000,0.025424999999999906
RG-SCSO,Zoo,0,431,15000,0.025424999999999906
RG-SCSO,Zoo,0,432,15000,0.025424999999999906
RG-SCSO,Zoo,0,433,15000,0.025424999999999906
RG-SCSO,Zoo,0,434,15000,0.025424999999999906
RG-SCSO,Zoo,0,435,15000,0.025424999999999906
RG-SCSO,Zoo,0,436,15000,0.025424999999999906
RG-SCSO,Zoo,0,437,15000,0.025424999999999906
RG-SCSO,Zoo,0,438,15000,0.025424999999999906
RG-SCSO,Zoo,0,439,15000,0.025424999999999906
RG-SCSO,Zoo,0,440,15000,0.025424999999999906
RG-SCSO,Zoo,0,441,15000,0.025424999999999906
RG-SCSO,Zoo,0,442,15000,0.025424999999999906
RG-SCSO,Zoo,0,443,15000,0.025424999999999906
RG-SCSO,Zoo,0,444,15000,0.025424999999999906
RG-SCSO,Zoo,0,445,15000,0.025424999999999906
RG-SCSO,Zoo,0,446,15000,0.025424999999999906
RG-SCSO,Zoo,0,447,15000,0.025424999999999906
RG-SCSO,Zoo,0,448,15000,0.025424999999999906
RG-SCSO,Zoo,0,449,15000,0.025424999999999906
RG-SCSO,Zoo,0,450,15000,0.025424999999999906
RG-SCSO,Zoo,0,451,15000,0.025424999999999906
RG-SCSO,Zoo,0,452,15000,0.025424999999999906
RG-SCSO,Zoo,0,453,15000,0.025424999999999906
RG-SCSO,Zoo,0,454,15000,0.025424999999999906
RG-SCSO,Zoo,0,455,15000,0.025424999999999906
RG-SCSO,Zoo,0,456,15000,0.025424999999999906
RG-SCSO,Zoo,0,457,15000,0.025424999999999906
RG-SCSO,Zoo,0,458,15000,0.025424999999999906
RG-SCSO,Zoo,0,459,15000,0.025424999999999906
RG-SCSO,Zoo,0,460,15000,0.025424999999999906
RG-SCSO,Zoo,0,461,15000,0.025424999999999906
RG-SCSO,Zoo,0,462,15000,0.025424999999999906
RG-SCSO,Zoo,0,463,15000,0.025424999999999906
RG-SCSO,Zoo,0,464,15000,0.025424999999999906
RG-SCSO,Zoo,0,465,15000,0.025424999999999906
RG-SCSO,Zoo,0,466,15000,0.025424999999999906
RG-SCSO,Zoo,0,467,15000,0.025424999999999906
RG-SCSO,Zoo,0,468,15000,0.025424999999999906
RG-SCSO,Zoo,0,469,15000,0.025424999999999906
RG-SCSO,Zoo,0,470,15000,0.025424999999999906
RG-SCSO,Zoo,0,471,15000,0.025424999999999906
RG-SCSO,Zoo,0,472,15000,0.025424999999999906
RG-SCSO,Zoo,0,473,15000,0.025424999999999906
RG-SCSO,Zoo,0,474,15000,0.025424999999999906
RG-SCSO,Zoo,0,475,15000,0.025424999999999906
RG-SCSO,Zoo,0,476,15000,0.025424999999999906
RG-SCSO,Zoo,0,477,15000,0.025424999999999906
RG-SCSO,Zoo,0,478,15000,0.025424999999999906
RG-SCSO,Zoo,0,479,15000,0.025424999999999906
RG-SCSO,Zoo,0,480,15000,0.025424999999999906
RG-SCSO,Zoo,0,481,15000,0.025424999999999906
RG-SCSO,Zoo,0,482,15000,0.025424999999999906
RG-SCSO,Zoo,0,483,15000,0.025424999999999906
RG-SCSO,Zoo,0,484,15000,0.025424999999999906
RG-SCSO,Zoo,0,485,15000,0.025424999999999906
RG-SCSO,Zoo,0,486,15000,0.025424999999999906
RG-SCSO,Zoo,0,487,15000,0.025424999999999906
RG-SCSO,Zoo,0,488,15000,0.025424999999999906
RG-SCSO,Zoo,0,489,15000,0.025424999999999906
RG-SCSO,Zoo,0,490,15000,0.025424999999999906
RG-SCSO,Zoo,0,491,15000,0.025424999999999906
RG-SCSO,Zoo,0,492,15000,0.025424999999999906
RG-SCSO,Zoo,0,493,15000,0.025424999999999906
RG-SCSO,Zoo,0,494,15000,0.025424999999999906
RG-SCSO,Zoo,0,495,15000,0.025424999999999906
RG-SCSO,Zoo,0,496,15000,0.025424999999999906
RG-SCSO,Zoo,0,497,15000,0.025424999999999906
RG-SCSO,Zoo,0,498,15000,0.025424999999999906
RG-SCSO,Zoo,0,499,15000,0.025424999999999906
RG-SCSO,Zoo,2,0,68,0.07288571428571422
RG-SCSO,Zoo,2,1,106,0.07288571428571422
RG-SCSO,Zoo,2,2,144,0.07288571428571422
RG-SCSO,Zoo,2,3,182,0.07288571428571422
RG-SCSO,Zoo,2,4,220,0.06392857142857145
RG-SCSO,Zoo,2,5,258,0.06392857142857145
RG-SCSO,Zoo,2,6,296,0.04412857142857142
RG-SCSO,Zoo,2,7,334,0.04412857142857142
RG-SCSO,Zoo,2,8,372,0.04412857142857142
RG-SCSO,Zoo,2,9,410,0.04412857142857142
RG-SCSO,Zoo,2,10,448,0.04412857142857142
RG-SCSO,Zoo,2,11,486,0.04412857142857142
RG-SCSO,Zoo,2,12,524,0.04412857142857142
RG-SCSO,Zoo,2,13,562,0.04412857142857142
RG-SCSO,Zoo,2,14,600,0.04412857142857142
RG-SCSO,Zoo,2,15,638,0.04412857142857142
RG-SCSO,Zoo,2,16,676,0.04412857142857142
RG-SCSO,Zoo,2,17,714,0.04412857142857142
RG-SCSO,Zoo,2,18,752,0.04412857142857142
RG-SCSO,Zoo,2,19,790,0.04412857142857142
RG-SCSO,Zoo,2,20,828,0.04412857142857142
RG-SCSO,Zoo,2,21,866,0.04412857142857142
RG-SCSO,Zoo,2,22,904,0.04412857142857142
RG-SCSO,Zoo,2,23,942,0.04412857142857142
RG-SCSO,Zoo,2,24,980,0.04412857142857142
RG-SCSO,Zoo,2,25,1018,0.04412857142857142
RG-SCSO,Zoo,2,26,1056,0.04412857142857142
RG-SCSO,Zoo,2,27,1094,0.04412857142857142
RG-SCSO,Zoo,2,28,1132,0.04412857142857142
RG-SCSO,Zoo,2,29,1170,0.04412857142857142
RG-SCSO,Zoo,2,30,1208,0.04412857142857142
RG-SCSO,Zoo,2,31,1246,0.04412857142857142
RG-SCSO,Zoo,2,32,1284,0.04412857142857142
RG-SCSO,Zoo,2,33,1322,0.04412857142857142
RG-SCSO,Zoo,2,34,1360,0.04412857142857142
RG-SCSO,Zoo,2,35,1398,0.04412857142857142
RG-SCSO,Zoo,2,36,1436,0.04412857142857142
RG-SCSO,Zoo,2,37,1474,0.04412857142857142
RG-SCSO,Zoo,2,38,1512,0.04412857142857142
RG-SCSO,Zoo,2,39,1550,0.04412857142857142
RG-SCSO,Zoo,2,40,1588,0.04412857142857142
RG-SCSO,Zoo,2,41,1626,0.04412857142857142
RG-SCSO,Zoo,2,42,1664,0.04412857142857142
RG-SCSO,Zoo,2,43,1702,0.04412857142857142
RG-SCSO,Zoo,2,44,1740,0.04412857142857142
RG-SCSO,Zoo,2,45,1778,0.04412857142857142
RG-SCSO,Zoo,2,46,1816,0.04412857142857142
RG-SCSO,Zoo,2,47,1854,0.04412857142857142
RG-SCSO,Zoo,2,48,1892,0.04412857142857142
RG-SCSO,Zoo,2,49,1930,0.04412857142857142
RG-SCSO,Zoo,2,50,1968,0.04412857142857142
RG-SCSO,Zoo,2,51,2006,0.04412857142857142
RG-SCSO,Zoo,2,52,2044,0.04412857142857142
RG-SCSO,Zoo,2,53,2082,0.04412857142857142
RG-SCSO,Zoo,2,54,2120,0.04412857142857142
RG-SCSO,Zoo,2,55,2158,0.04412857142857142
RG-SCSO,Zoo,2,56,2196,0.04412857142857142
RG-SCSO,Zoo,2,57,2234,0.04412857142857142
RG-SCSO,Zoo,2,58,2272,0.04412857142857142
RG-SCSO,Zoo,2,59,2310,0.04412857142857142
RG-SCSO,Zoo,2,60,2348,0.04412857142857142
RG-SCSO,Zoo,2,61,2386,0.04412857142857142
RG-SCSO,Zoo,2,62,2424,0.04287857142857142
RG-SCSO,Zoo,2,63,2462,0.04287857142857142
RG-SCSO,Zoo,2,64,2500,0.04287857142857142
RG-SCSO,Zoo,2,65,2538,0.04287857142857142
RG-SCSO,Zoo,2,66,2576,0.04287857142857142
RG-SCSO,Zoo,2,67,2614,0.04287857142857142
RG-SCSO,Zoo,2,68,2652,0.04287857142857142
RG-SCSO,Zoo,2,69,2690,0.04287857142857142
RG-SCSO,Zoo,2,70,2728,0.04287857142857142
RG-SCSO,Zoo,2,71,2766,0.04287857142857142
RG-SCSO,Zoo,2,72,2804,0.026049999999999907
RG-SCSO,Zoo,2,73,2842,0.026049999999999907
RG-SCSO,Zoo,2,74,2880,0.026049999999999907
RG-SCSO,Zoo,2,75,2918,0.026049999999999907
RG-SCSO,Zoo,2,76,2956,0.026049999999999907
RG-SCSO,Zoo,2,77,2994,0.026049999999999907
RG-SCSO,Zoo,2,78,3032,0.026049999999999907
RG-SCSO,Zoo,2,79,3070,0.026049999999999907
RG-SCSO,Zoo,2,80,3108,0.026049999999999907
RG-SCSO,Zoo,2,81,3146,0.026049999999999907
RG-SCSO,Zoo,2,82,3184,0.026049999999999907
RG-SCSO,Zoo,2,83,3222,0.026049999999999907
RG-SCSO,Zoo,2,84,3260,0.026049999999999907
RG-SCSO,Zoo,2,85,3298,0.026049999999999907
RG-SCSO,Zoo,2,86,3336,0.026049999999999907
RG-SCSO,Zoo,2,87,3374,0.026049999999999907
RG-SCSO,Zoo,2,88,3412,0.026049999999999907
RG-SCSO,Zoo,2,89,3450,0.026049999999999907
RG-SCSO,Zoo,2,90,3488,0.026049999999999907
RG-SCSO,Zoo,2,91,3526,0.026049999999999907
RG-SCSO,Zoo,2,92,3564,0.026049999999999907
RG-SCSO,Zoo,2,93,3602,0.026049999999999907
RG-SCSO,Zoo,2,94,3640,0.026049999999999907
RG-SCSO,Zoo,2,95,3678,0.026049999999999907
RG-SCSO,Zoo,2,96,3716,0.026049999999999907
RG-SCSO,Zoo,2,97,3754,0.026049999999999907
RG-SCSO,Zoo,2,98,3792,0.026049999999999907
RG-SCSO,Zoo,2,99,3830,0.026049999999999907
RG-SCSO,Zoo,2,100,3868,0.026049999999999907
RG-SCSO,Zoo,2,101,3906,0.026049999999999907
RG-SCSO,Zoo,2,102,3944,0.026049999999999907
RG-SCSO,Zoo,2,103,3982,0.026049999999999907
RG-SCSO,Zoo,2,104,4020,0.026049999999999907
RG-SCSO,Zoo,2,105,4058,0.026049999999999907
RG-SCSO,Zoo,2,106,4096,0.026049999999999907
RG-SCSO,Zoo,2,107,4134,0.026049999999999907
RG-SCSO,Zoo,2,108,4172,0.026049999999999907
RG-SCSO,Zoo,2,109,4210,0.026049999999999907
RG-SCSO,Zoo,2,110,4248,0.026049999999999907
RG-SCSO,Zoo,2,111,4286,0.026049999999999907
RG-SCSO,Zoo,2,112,4324,0.026049999999999907
RG-SCSO,Zoo,2,113,4362,0.026049999999999907
RG-SCSO,Zoo,2,114,4400,0.026049999999999907
RG-SCSO,Zoo,2,115,4438,0.026049999999999907
RG-SCSO,Zoo,2,116,4476,0.026049999999999907
RG-SCSO,Zoo,2,117,4514,0.026049999999999907
RG-SCSO,Zoo,2,118,4552,0.026049999999999907
RG-SCSO,Zoo,2,119,4590,0.026049999999999907
RG-SCSO,Zoo,2,120,4628,0.026049999999999907
RG-SCSO,Zoo,2,121,4666,0.026049999999999907
RG-SCSO,Zoo,2,122,4704,0.026049999999999907
RG-SCSO,Zoo,2,123,4742,0.026049999999999907
RG-SCSO,Zoo,2,124,4780,0.026049999999999907
RG-SCSO,Zoo,2,125,4818,0.026049999999999907
RG-SCSO,Zoo,2,126,4856,0.026049999999999907
RG-SCSO,Zoo,2,127,4894,0.026049999999999907
RG-SCSO,Zoo,2,128,4932,0.026049999999999907
RG-SCSO,Zoo,2,129,4970,0.026049999999999907
RG-SCSO,Zoo,2,130,5008,0.026049999999999907
RG-SCSO,Zoo,2,131,5046,0.026049999999999907
RG-SCSO,Zoo,2,132,5084,0.026049999999999907
RG-SCSO,Zoo,2,133,5122,0.026049999999999907
RG-SCSO,Zoo,2,134,5160,0.026049999999999907
RG-SCSO,Zoo,2,135,5198,0.026049999999999907
RG-SCSO,Zoo,2,136,5236,0.026049999999999907
RG-SCSO,Zoo,2,137,5274,0.026049999999999907
RG-SCSO,Zoo,2,138,5312,0.026049999999999907
RG-SCSO,Zoo,2,139,5350,0.026049999999999907
RG-SCSO,Zoo,2,140,5388,0.026049999999999907
RG-SCSO,Zoo,2,141,5426,0.026049999999999907
RG-SCSO,Zoo,2,142,5464,0.026049999999999907
RG-SCSO,Zoo,2,143,5502,0.026049999999999907
RG-SCSO,Zoo,2,144,5540,0.026049999999999907
RG-SCSO,Zoo,2,145,5578,0.026049999999999907
RG-SCSO,Zoo,2,146,5616,0.026049999999999907
RG-SCSO,Zoo,2,147,5654,0.026049999999999907
RG-SCSO,Zoo,2,148,5692,0.026049999999999907
RG-SCSO,Zoo,2,149,5730,0.026049999999999907
RG-SCSO,Zoo,2,150,5768,0.026049999999999907
RG-SCSO,Zoo,2,151,5806,0.026049999999999907
RG-SCSO,Zoo,2,152,5844,0.026049999999999907
RG-SCSO,Zoo,2,153,5882,0.026049999999999907
RG-SCSO,Zoo,2,154,5920,0.026049999999999907
RG-SCSO,Zoo,2,155,5958,0.026049999999999907
RG-SCSO,Zoo,2,156,5996,0.026049999999999907
RG-SCSO,Zoo,2,157,6034,0.026049999999999907
RG-SCSO,Zoo,2,158,6072,0.026049999999999907
RG-SCSO,Zoo,2,159,6110,0.026049999999999907
RG-SCSO,Zoo,2,160,6148,0.026049999999999907
RG-SCSO,Zoo,2,161,6186,0.026049999999999907
RG-SCSO,Zoo,2,162,6224,0.026049999999999907
RG-SCSO,Zoo,2,163,6262,0.026049999999999907
RG-SCSO,Zoo,2,164,6300,0.026049999999999907
RG-SCSO,Zoo,2,165,6338,0.026049999999999907
RG-SCSO,Zoo,2,166,6376,0.026049999999999907
RG-SCSO,Zoo,2,167,6414,0.026049999999999907
RG-SCSO,Zoo,2,168,6452,0.026049999999999907
RG-SCSO,Zoo,2,169,6490,0.026049999999999907
RG-SCSO,Zoo,2,170,6528,0.026049999999999907
RG-SCSO,Zoo,2,171,6566,0.026049999999999907
RG-SCSO,Zoo,2,172,6604,0.026049999999999907
RG-SCSO,Zoo,2,173,6642,0.026049999999999907
RG-SCSO,Zoo,2,174,6680,0.026049999999999907
RG-SCSO,Zoo,2,175,6718,0.026049999999999907
RG-SCSO,Zoo,2,176,6756,0.026049999999999907
RG-SCSO,Zoo,2,177,6794,0.026049999999999907
RG-SCSO,Zoo,2,178,6832,0.026049999999999907
RG-SCSO,Zoo,2,179,6870,0.026049999999999907
RG-SCSO,Zoo,2,180,6908,0.026049999999999907
RG-SCSO,Zoo,2,181,6946,0.026049999999999907
RG-SCSO,Zoo,2,182,6984,0.026049999999999907
RG-SCSO,Zoo,2,183,7022,0.026049999999999907
RG-SCSO,Zoo,2,184,7060,0.026049999999999907
RG-SCSO,Zoo,2,185,7098,0.026049999999999907
RG-SCSO,Zoo,2,186,7136,0.026049999999999907
RG-SCSO,Zoo,2,187,7174,0.026049999999999907
RG-SCSO,Zoo,2,188,7212,0.026049999999999907
RG-SCSO,Zoo,2,189,7250,0.026049999999999907
RG-SCSO,Zoo,2,190,7288,0.026049999999999907
RG-SCSO,Zoo,2,191,7326,0.026049999999999907
RG-SCSO,Zoo,2,192,7364,0.026049999999999907
RG-SCSO,Zoo,2,193,7402,0.026049999999999907
RG-SCSO,Zoo,2,194,7440,0.026049999999999907
RG-SCSO,Zoo,2,195,7478,0.026049999999999907
RG-SCSO,Zoo,2,196,7516,0.026049999999999907
RG-SCSO,Zoo,2,197,7554,0.026049999999999907
RG-SCSO,Zoo,2,198,7592,0.026049999999999907
RG-SCSO,Zoo,2,199,7630,0.026049999999999907
RG-SCSO,Zoo,2,200,7668,0.026049999999999907
RG-SCSO,Zoo,2,201,7706,0.026049999999999907
RG-SCSO,Zoo,2,202,7744,0.026049999999999907
RG-SCSO,Zoo,2,203,7782,0.026049999999999907
RG-SCSO,Zoo,2,204,7820,0.026049999999999907
RG-SCSO,Zoo,2,205,7858,0.026049999999999907
RG-SCSO,Zoo,2,206,7896,0.026049999999999907
RG-SCSO,Zoo,2,207,7934,0.026049999999999907
RG-SCSO,Zoo,2,208,7972,0.026049999999999907
RG-SCSO,Zoo,2,209,8010,0.026049999999999907
RG-SCSO,Zoo,2,210,8048,0.026049999999999907
RG-SCSO,Zoo,2,211,8086,0.026049999999999907
RG-SCSO,Zoo,2,212,8124,0.026049999999999907
RG-SCSO,Zoo,2,213,8162,0.026049999999999907
RG-SCSO,Zoo,2,214,8200,0.026049999999999907
RG-SCSO,Zoo,2,215,8238,0.026049999999999907
RG-SCSO,Zoo,2,216,8276,0.026049999999999907
RG-SCSO,Zoo,2,217,8314,0.026049999999999907
RG-SCSO,Zoo,2,218,8352,0.026049999999999907
RG-SCSO,Zoo,2,219,8390,0.026049999999999907
RG-SCSO,Zoo,2,220,8428,0.026049999999999907
RG-SCSO,Zoo,2,221,8466,0.026049999999999907
RG-SCSO,Zoo,2,222,8504,0.026049999999999907
RG-SCSO,Zoo,2,223,8542,0.026049999999999907
RG-SCSO,Zoo,2,224,8580,0.026049999999999907
RG-SCSO,Zoo,2,225,8618,0.026049999999999907
RG-SCSO,Zoo,2,226,8656,0.026049999999999907
RG-SCSO,Zoo,2,227,8694,0.026049999999999907
RG-SCSO,Zoo,2,228,8732,0.026049999999999907
RG-SCSO,Zoo,2,229,8770,0.026049999999999907
RG-SCSO,Zoo,2,230,8808,0.026049999999999907
RG-SCSO,Zoo,2,231,8846,0.026049999999999907
RG-SCSO,Zoo,2,232,8884,0.026049999999999907
RG-SCSO,Zoo,2,233,8922,0.026049999999999907
RG-SCSO,Zoo,2,234,8960,0.026049999999999907
RG-SCSO,Zoo,2,235,8998,0.026049999999999907
RG-SCSO,Zoo,2,236,9036,0.026049999999999907
RG-SCSO,Zoo,2,237,9074,0.026049999999999907
RG-SCSO,Zoo,2,238,9112,0.026049999999999907
RG-SCSO,Zoo,2,239,9150,0.026049999999999907
RG-SCSO,Zoo,2,240,9188,0.026049999999999907
RG-SCSO,Zoo,2,241,9226,0.026049999999999907
RG-SCSO,Zoo,2,242,9264,0.026049999999999907
RG-SCSO,Zoo,2,243,9302,0.026049999999999907
RG-SCSO,Zoo,2,244,9340,0.026049999999999907
RG-SCSO,Zoo,2,245,9378,0.026049999999999907
RG-SCSO,Zoo,2,246,9416,0.026049999999999907
RG-SCSO,Zoo,2,247,9454,0.026049999999999907
RG-SCSO,Zoo,2,248,9492,0.026049999999999907
RG-SCSO,Zoo,2,249,9530,0.026049999999999907
RG-SCSO,Zoo,2,250,9568,0.026049999999999907
RG-SCSO,Zoo,2,251,9606,0.026049999999999907
RG-SCSO,Zoo,2,252,9644,0.026049999999999907
RG-SCSO,Zoo,2,253,9682,0.026049999999999907
RG-SCSO,Zoo,2,254,9720,0.026049999999999907
RG-SCSO,Zoo,2,255,9758,0.026049999999999907
RG-SCSO,Zoo,2,256,9796,0.026049999999999907
RG-SCSO,Zoo,2,257,9834,0.026049999999999907
RG-SCSO,Zoo,2,258,9872,0.026049999999999907
RG-SCSO,Zoo,2,259,9910,0.026049999999999907
RG-SCSO,Zoo,2,260,9948,0.026049999999999907
RG-SCSO,Zoo,2,261,9986,0.026049999999999907
RG-SCSO,Zoo,2,262,10024,0.026049999999999907
RG-SCSO,Zoo,2,263,10062,0.026049999999999907
RG-SCSO,Zoo,2,264,10100,0.026049999999999907
RG-SCSO,Zoo,2,265,10138,0.026049999999999907
RG-SCSO,Zoo,2,266,10176,0.026049999999999907
RG-SCSO,Zoo,2,267,10214,0.026049999999999907
RG-SCSO,Zoo,2,268,10252,0.026049999999999907
RG-SCSO,Zoo,2,269,10290,0.026049999999999907
RG-SCSO,Zoo,2,270,10328,0.026049999999999907
RG-SCSO,Zoo,2,271,10366,0.026049999999999907
RG-SCSO,Zoo,2,272,10404,0.026049999999999907
RG-SCSO,Zoo,2,273,10442,0.026049999999999907
RG-SCSO,Zoo,2,274,10480,0.026049999999999907
RG-SCSO,Zoo,2,275,10518,0.026049999999999907
RG-SCSO,Zoo,2,276,10556,0.026049999999999907
RG-SCSO,Zoo,2,277,10594,0.026049999999999907
RG-SCSO,Zoo,2,278,10632,0.026049999999999907
RG-SCSO,Zoo,2,279,10670,0.026049999999999907
RG-SCSO,Zoo,2,280,10708,0.026049999999999907
RG-SCSO,Zoo,2,281,10746,0.026049999999999907
RG-SCSO,Zoo,2,282,10784,0.026049999999999907
RG-SCSO,Zoo,2,283,10822,0.026049999999999907
RG-SCSO,Zoo,2,284,10860,0.026049999999999907
RG-SCSO,Zoo,2,285,10898,0.026049999999999907
RG-SCSO,Zoo,2,286,10936,0.026049999999999907
RG-SCSO,Zoo,2,287,10974,0.026049999999999907
RG-SCSO,Zoo,2,288,11012,0.026049999999999907
RG-SCSO,Zoo,2,289,11050,0.026049999999999907
RG-SCSO,Zoo,2,290,11088,0.026049999999999907
RG-SCSO,Zoo,2,291,11126,0.026049999999999907
RG-SCSO,Zoo,2,292,11164,0.026049999999999907
RG-SCSO,Zoo,2,293,11202,0.026049999999999907
RG-SCSO,Zoo,2,294,11240,0.026049999999999907
RG-SCSO,Zoo,2,295,11278,0.026049999999999907
RG-SCSO,Zoo,2,296,11316,0.026049999999999907
RG-SCSO,Zoo,2,297,11354,0.026049999999999907
RG-SCSO,Zoo,2,298,11392,0.026049999999999907
RG-SCSO,Zoo,2,299,11430,0.026049999999999907
RG-SCSO,Zoo,2,300,11468,0.026049999999999907
RG-SCSO,Zoo,2,301,11506,0.026049999999999907
RG-SCSO,Zoo,2,302,11544,0.026049999999999907
RG-SCSO,Zoo,2,303,11582,0.026049999999999907
RG-SCSO,Zoo,2,304,11620,0.026049999999999907
RG-SCSO,Zoo,2,305,11658,0.026049999999999907
RG-SCSO,Zoo,2,306,11696,0.026049999999999907
RG-SCSO,Zoo,2,307,11734,0.026049999999999907
RG-SCSO,Zoo,2,308,11772,0.026049999999999907
RG-SCSO,Zoo,2,309,11810,0.026049999999999907
RG-SCSO,Zoo,2,310,11848,0.026049999999999907
RG-SCSO,Zoo,2,311,11886,0.026049999999999907
RG-SCSO,Zoo,2,312,11924,0.026049999999999907
RG-SCSO,Zoo,2,313,11962,0.026049999999999907
RG-SCSO,Zoo,2,314,12000,0.026049999999999907
RG-SCSO,Zoo,2,315,12038,0.026049999999999907
RG-SCSO,Zoo,2,316,12076,0.026049999999999907
RG-SCSO,Zoo,2,317,12114,0.026049999999999907
RG-SCSO,Zoo,2,318,12152,0.026049999999999907
RG-SCSO,Zoo,2,319,12190,0.026049999999999907
RG-SCSO,Zoo,2,320,12228,0.026049999999999907
RG-SCSO,Zoo,2,321,12266,0.026049999999999907
RG-SCSO,Zoo,2,322,12304,0.026049999999999907
RG-SCSO,Zoo,2,323,12342,0.026049999999999907
RG-SCSO,Zoo,2,324,12380,0.026049999999999907
RG-SCSO,Zoo,2,325,12418,0.026049999999999907
RG-SCSO,Zoo,2,326,12456,0.026049999999999907
RG-SCSO,Zoo,2,327,12494,0.026049999999999907
RG-SCSO,Zoo,2,328,12532,0.026049999999999907
RG-SCSO,Zoo,2,329,12570,0.026049999999999907
RG-SCSO,Zoo,2,330,12608,0.026049999999999907
RG-SCSO,Zoo,2,331,12646,0.026049999999999907
RG-SCSO,Zoo,2,332,12684,0.026049999999999907
RG-SCSO,Zoo,2,333,12722,0.026049999999999907
RG-SCSO,Zoo,2,334,12760,0.026049999999999907
RG-SCSO,Zoo,2,335,12798,0.026049999999999907
RG-SCSO,Zoo,2,336,12836,0.026049999999999907
RG-SCSO,Zoo,2,337,12874,0.026049999999999907
RG-SCSO,Zoo,2,338,12912,0.026049999999999907
RG-SCSO,Zoo,2,339,12950,0.026049999999999907
RG-SCSO,Zoo,2,340,12988,0.026049999999999907
RG-SCSO,Zoo,2,341,13026,0.026049999999999907
RG-SCSO,Zoo,2,342,13064,0.026049999999999907
RG-SCSO,Zoo,2,343,13102,0.026049999999999907
RG-SCSO,Zoo,2,344,13140,0.026049999999999907
RG-SCSO,Zoo,2,345,13178,0.026049999999999907
RG-SCSO,Zoo,2,346,13216,0.026049999999999907
RG-SCSO,Zoo,2,347,13254,0.026049999999999907
RG-SCSO,Zoo,2,348,13292,0.026049999999999907
RG-SCSO,Zoo,2,349,13330,0.026049999999999907
RG-SCSO,Zoo,2,350,13368,0.026049999999999907
RG-SCSO,Zoo,2,351,13406,0.025578571428571513
RG-SCSO,Zoo,2,352,13444,0.025578571428571513
RG-SCSO,Zoo,2,353,13482,0.025578571428571513
RG-SCSO,Zoo,2,354,13520,0.025578571428571513
RG-SCSO,Zoo,2,355,13558,0.025578571428571513
RG-SCSO,Zoo,2,356,13596,0.025578571428571513
RG-SCSO,Zoo,2,357,13634,0.025578571428571513
RG-SCSO,Zoo,2,358,13672,0.025578571428571513
RG-SCSO,Zoo,2,359,13710,0.025578571428571513
RG-SCSO,Zoo,2,360,13748,0.025578571428571513
RG-SCSO,Zoo,2,361,13786,0.025578571428571513
RG-SCSO,Zoo,2,362,13824,0.025578571428571513
RG-SCSO,Zoo,2,363,13862,0.025578571428571513
RG-SCSO,Zoo,2,364,13900,0.025578571428571513
RG-SCSO,Zoo,2,365,13938,0.025578571428571513
RG-SCSO,Zoo,2,366,13976,0.025578571428571513
RG-SCSO,Zoo,2,367,14014,0.025578571428571513
RG-SCSO,Zoo,2,368,14052,0.025578571428571513
RG-SCSO,Zoo,2,369,14090,0.025578571428571513
RG-SCSO,Zoo,2,370,14128,0.025578571428571513
RG-SCSO,Zoo,2,371,14166,0.025578571428571513
RG-SCSO,Zoo,2,372,14204,0.025578571428571513
RG-SCSO,Zoo,2,373,14242,0.025578571428571513
RG-SCSO,Zoo,2,374,14280,0.025578571428571513
RG-SCSO,Zoo,2,375,14318,0.025578571428571513
RG-SCSO,Zoo,2,376,14356,0.025578571428571513
RG-SCSO,Zoo,2,377,14394,0.025578571428571513
RG-SCSO,Zoo,2,378,14432,0.025578571428571513
RG-SCSO,Zoo,2,379,14470,0.025578571428571513
RG-SCSO,Zoo,2,380,14508,0.025578571428571513
RG-SCSO,Zoo,2,381,14546,0.025578571428571513
RG-SCSO,Zoo,2,382,14584,0.01677500000000001
RG-SCSO,Zoo,2,383,14622,0.01677500000000001
RG-SCSO,Zoo,2,384,14660,0.01677500000000001
RG-SCSO,Zoo,2,385,14698,0.01677500000000001
RG-SCSO,Zoo,2,386,14736,0.01677500000000001
RG-SCSO,Zoo,2,387,14774,0.01677500000000001
RG-SCSO,Zoo,2,388,14812,0.01677500000000001
RG-SCSO,Zoo,2,389,14850,0.01677500000000001
RG-SCSO,Zoo,2,390,14888,0.01677500000000001
RG-SCSO,Zoo,2,391,14926,0.01677500000000001
RG-SCSO,Zoo,2,392,14964,0.01677500000000001
RG-SCSO,Zoo,2,393,15000,0.01677500000000001
RG-SCSO,Zoo,2,394,15000,0.01677500000000001
RG-SCSO,Zoo,2,395,15000,0.01677500000000001
RG-SCSO,Zoo,2,396,15000,0.01677500000000001
RG-SCSO,Zoo,2,397,15000,0.01677500000000001
RG-SCSO,Zoo,2,398,15000,0.01677500000000001
RG-SCSO,Zoo,2,399,15000,0.01677500000000001
RG-SCSO,Zoo,2,400,15000,0.01677500000000001
RG-SCSO,Zoo,2,401,15000,0.01677500000000001
RG-SCSO,Zoo,2,402,15000,0.01677500000000001
RG-SCSO,Zoo,2,403,15000,0.01677500000000001
RG-SCSO,Zoo,2,404,15000,0.01677500000000001
RG-SCSO,Zoo,2,405,15000,0.01677500000000001
RG-SCSO,Zoo,2,406,15000,0.01677500000000001
RG-SCSO,Zoo,2,407,15000,0.01677500000000001
RG-SCSO,Zoo,2,408,15000,0.01677500000000001
RG-SCSO,Zoo,2,409,15000,0.01677500000000001
RG-SCSO,Zoo,2,410,15000,0.01677500000000001
RG-SCSO,Zoo,2,411,15000,0.01677500000000001
RG-SCSO,Zoo,2,412,15000,0.01677500000000001
RG-SCSO,Zoo,2,413,15000,0.01677500000000001
RG-SCSO,Zoo,2,414,15000,0.01677500000000001
RG-SCSO,Zoo,2,415,15000,0.01677500000000001
RG-SCSO,Zoo,2,416,15000,0.01677500000000001
RG-SCSO,Zoo,2,417,15000,0.01677500000000001
RG-SCSO,Zoo,2,418,15000,0.01677500000000001
RG-SCSO,Zoo,2,419,15000,0.01677500000000001
RG-SCSO,Zoo,2,420,15000,0.01677500000000001
RG-SCSO,Zoo,2,421,15000,0.01677500000000001
RG-SCSO,Zoo,2,422,15000,0.01677500000000001
RG-SCSO,Zoo,2,423,15000,0.01677500000000001
RG-SCSO,Zoo,2,424,15000,0.01677500000000001
RG-SCSO,Zoo,2,425,15000,0.01677500000000001
RG-SCSO,Zoo,2,426,15000,0.01677500000000001
RG-SCSO,Zoo,2,427,15000,0.01677500000000001
RG-SCSO,Zoo,2,428,15000,0.01677500000000001
RG-SCSO,Zoo,2,429,15000,0.01677500000000001
RG-SCSO,Zoo,2,430,15000,0.01677500000000001
RG-SCSO,Zoo,2,431,15000,0.01677500000000001
RG-SCSO,Zoo,2,432,15000,0.01677500000000001
RG-SCSO,Zoo,2,433,15000,0.01677500000000001
RG-SCSO,Zoo,2,434,15000,0.01677500000000001
RG-SCSO,Zoo,2,435,15000,0.01677500000000001
RG-SCSO,Zoo,2,436,15000,0.01677500000000001
RG-SCSO,Zoo,2,437,15000,0.01677500000000001
RG-SCSO,Zoo,2,438,15000,0.01677500000000001
RG-SCSO,Zoo,2,439,15000,0.01677500000000001
RG-SCSO,Zoo,2,440,15000,0.01677500000000001
RG-SCSO,Zoo,2,441,15000,0.01677500000000001
RG-SCSO,Zoo,2,442,15000,0.01677500000000001
RG-SCSO,Zoo,2,443,15000,0.01677500000000001
RG-SCSO,Zoo,2,444,15000,0.01677500000000001
RG-SCSO,Zoo,2,445,15000,0.01677500000000001
RG-SCSO,Zoo,2,446,15000,0.01677500000000001
RG-SCSO,Zoo,2,447,15000,0.01677500000000001
RG-SCSO,Zoo,2,448,15000,0.01677500000000001
RG-SCSO,Zoo,2,449,15000,0.01677500000000001
RG-SCSO,Zoo,2,450,15000,0.01677500000000001
RG-SCSO,Zoo,2,451,15000,0.01677500000000001
RG-SCSO,Zoo,2,452,15000,0.01677500000000001
RG-SCSO,Zoo,2,453,15000,0.01677500000000001
RG-SCSO,Zoo,2,454,15000,0.01677500000000001
RG-SCSO,Zoo,2,455,15000,0.01677500000000001
RG-SCSO,Zoo,2,456,15000,0.01677500000000001
RG-SCSO,Zoo,2,457,15000,0.01677500000000001
RG-SCSO,Zoo,2,458,15000,0.01677500000000001
RG-SCSO,Zoo,2,459,15000,0.01677500000000001
RG-SCSO,Zoo,2,460,15000,0.01677500000000001
RG-SCSO,Zoo,2,461,15000,0.01677500000000001
RG-SCSO,Zoo,2,462,15000,0.01677500000000001
RG-SCSO,Zoo,2,463,15000,0.01677500000000001
RG-SCSO,Zoo,2,464,15000,0.01677500000000001
RG-SCSO,Zoo,2,465,15000,0.01677500000000001
RG-SCSO,Zoo,2,466,15000,0.01677500000000001
RG-SCSO,Zoo,2,467,15000,0.01677500000000001
RG-SCSO,Zoo,2,468,15000,0.01677500000000001
RG-SCSO,Zoo,2,469,15000,0.01677500000000001
RG-SCSO,Zoo,2,470,15000,0.01677500000000001
RG-SCSO,Zoo,2,471,15000,0.01677500000000001
RG-SCSO,Zoo,2,472,15000,0.01677500000000001
RG-SCSO,Zoo,2,473,15000,0.01677500000000001
RG-SCSO,Zoo,2,474,15000,0.01677500000000001
RG-SCSO,Zoo,2,475,15000,0.01677500000000001
RG-SCSO,Zoo,2,476,15000,0.01677500000000001
RG-SCSO,Zoo,2,477,15000,0.01677500000000001
RG-SCSO,Zoo,2,478,15000,0.01677500000000001
RG-SCSO,Zoo,2,479,15000,0.01677500000000001
RG-SCSO,Zoo,2,480,15000,0.01677500000000001
RG-SCSO,Zoo,2,481,15000,0.01677500000000001
RG-SCSO,Zoo,2,482,15000,0.01677500000000001
RG-SCSO,Zoo,2,483,15000,0.01677500000000001
RG-SCSO,Zoo,2,484,15000,0.01677500000000001
RG-SCSO,Zoo,2,485,15000,0.01677500000000001
RG-SCSO,Zoo,2,486,15000,0.01677500000000001
RG-SCSO,Zoo,2,487,15000,0.01677500000000001
RG-SCSO,Zoo,2,488,15000,0.01677500000000001
RG-SCSO,Zoo,2,489,15000,0.01677500000000001
RG-SCSO,Zoo,2,490,15000,0.01677500000000001
RG-SCSO,Zoo,2,491,15000,0.01677500000000001
RG-SCSO,Zoo,2,492,15000,0.01677500000000001
RG-SCSO,Zoo,2,493,15000,0.01677500000000001
RG-SCSO,Zoo,2,494,15000,0.01677500000000001
RG-SCSO,Zoo,2,495,15000,0.01677500000000001
RG-SCSO,Zoo,2,496,15000,0.01677500000000001
RG-SCSO,Zoo,2,497,15000,0.01677500000000001
RG-SCSO,Zoo,2,498,15000,0.01677500000000001
RG-SCSO,Zoo,2,499,15000,0.01677500000000001
RG-SCSO,Zoo,3,0,68,0.0342285714285713
RG-SCSO,Zoo,3,1,106,0.0342285714285713
RG-SCSO,Zoo,3,2,144,0.0342285714285713
RG-SCSO,Zoo,3,3,182,0.0342285714285713
RG-SCSO,Zoo,3,4,220,0.0342285714285713
RG-SCSO,Zoo,3,5,258,0.0342285714285713
RG-SCSO,Zoo,3,6,296,0.0342285714285713
RG-SCSO,Zoo,3,7,334,0.0342285714285713
RG-SCSO,Zoo,3,8,372,0.0342285714285713
RG-SCSO,Zoo,3,9,410,0.0342285714285713
RG-SCSO,Zoo,3,10,448,0.0342285714285713
RG-SCSO,Zoo,3,11,486,0.0342285714285713
RG-SCSO,Zoo,3,12,524,0.0342285714285713
RG-SCSO,Zoo,3,13,562,0.0342285714285713
RG-SCSO,Zoo,3,14,600,0.0342285714285713
RG-SCSO,Zoo,3,15,638,0.0342285714285713
RG-SCSO,Zoo,3,16,676,0.0342285714285713
RG-SCSO,Zoo,3,17,714,0.0342285714285713
RG-SCSO,Zoo,3,18,752,0.0342285714285713
RG-SCSO,Zoo,3,19,790,0.0342285714285713
RG-SCSO,Zoo,3,20,828,0.0342285714285713
RG-SCSO,Zoo,3,21,866,0.0342285714285713
RG-SCSO,Zoo,3,22,904,0.0342285714285713
RG-SCSO,Zoo,3,23,942,0.0342285714285713
RG-SCSO,Zoo,3,24,980,0.0342285714285713
RG-SCSO,Zoo,3,25,1018,0.0342285714285713
RG-SCSO,Zoo,3,26,1056,0.0342285714285713
RG-SCSO,Zoo,3,27,1094,0.0342285714285713
RG-SCSO,Zoo,3,28,1132,0.0342285714285713
RG-SCSO,Zoo,3,29,1170,0.0342285714285713
RG-SCSO,Zoo,3,30,1208,0.0342285714285713
RG-SCSO,Zoo,3,31,1246,0.0342285714285713
RG-SCSO,Zoo,3,32,1284,0.0342285714285713
RG-SCSO,Zoo,3,33,1322,0.0342285714285713
RG-SCSO,Zoo,3,34,1360,0.0342285714285713
RG-SCSO,Zoo,3,35,1398,0.0342285714285713
RG-SCSO,Zoo,3,36,1436,0.0342285714285713
RG-SCSO,Zoo,3,37,1474,0.0342285714285713
RG-SCSO,Zoo,3,38,1512,0.0342285714285713
RG-SCSO,Zoo,3,39,1550,0.0342285714285713
RG-SCSO,Zoo,3,40,1588,0.0342285714285713
RG-SCSO,Zoo,3,41,1626,0.0342285714285713
RG-SCSO,Zoo,3,42,1664,0.0342285714285713
RG-SCSO,Zoo,3,43,1702,0.0342285714285713
RG-SCSO,Zoo,3,44,1740,0.0342285714285713
RG-SCSO,Zoo,3,45,1778,0.0342285714285713
RG-SCSO,Zoo,3,46,1816,0.0342285714285713
RG-SCSO,Zoo,3,47,1854,0.0342285714285713
RG-SCSO,Zoo,3,48,1892,0.0342285714285713
RG-SCSO,Zoo,3,49,1930,0.0342285714285713
RG-SCSO,Zoo,3,50,1968,0.0342285714285713
RG-SCSO,Zoo,3,51,2006,0.0342285714285713
RG-SCSO,Zoo,3,52,2044,0.0342285714285713
RG-SCSO,Zoo,3,53,2082,0.0342285714285713
RG-SCSO,Zoo,3,54,2120,0.0342285714285713
RG-SCSO,Zoo,3,55,2158,0.0342285714285713
RG-SCSO,Zoo,3,56,2196,0.0336035714285713
RG-SCSO,Zoo,3,57,2234,0.0336035714285713
RG-SCSO,Zoo,3,58,2272,0.0336035714285713
RG-SCSO,Zoo,3,59,2310,0.0336035714285713
RG-SCSO,Zoo,3,60,2348,0.0336035714285713
RG-SCSO,Zoo,3,61,2386,0.0336035714285713
RG-SCSO,Zoo,3,62,2424,0.0336035714285713
RG-SCSO,Zoo,3,63,2462,0.0336035714285713
RG-SCSO,Zoo,3,64,2500,0.0336035714285713
RG-SCSO,Zoo,3,65,2538,0.0336035714285713
RG-SCSO,Zoo,3,66,2576,0.026203571428571402
RG-SCSO,Zoo,3,67,2614,0.026203571428571402
RG-SCSO,Zoo,3,68,2652,0.026203571428571402
RG-SCSO,Zoo,3,69,2690,0.026203571428571402
RG-SCSO,Zoo,3,70,2728,0.026203571428571402
RG-SCSO,Zoo,3,71,2766,0.026203571428571402
RG-SCSO,Zoo,3,72,2804,0.026203571428571402
RG-SCSO,Zoo,3,73,2842,0.026203571428571402
RG-SCSO,Zoo,3,74,2880,0.026203571428571402
RG-SCSO,Zoo,3,75,2918,0.026203571428571402
RG-SCSO,Zoo,3,76,2956,0.026203571428571402
RG-SCSO,Zoo,3,77,2994,0.026203571428571402
RG-SCSO,Zoo,3,78,3032,0.026203571428571402
RG-SCSO,Zoo,3,79,3070,0.026203571428571402
RG-SCSO,Zoo,3,80,3108,0.026203571428571402
RG-SCSO,Zoo,3,81,3146,0.026203571428571402
RG-SCSO,Zoo,3,82,3184,0.026203571428571402
RG-SCSO,Zoo,3,83,3222,0.026203571428571402
RG-SCSO,Zoo,3,84,3260,0.026203571428571402
RG-SCSO,Zoo,3,85,3298,0.026203571428571402
RG-SCSO,Zoo,3,86,3336,0.026203571428571402
RG-SCSO,Zoo,3,87,3374,0.026203571428571402
RG-SCSO,Zoo,3,88,3412,0.026203571428571402
RG-SCSO,Zoo,3,89,3450,0.026203571428571402
RG-SCSO,Zoo,3,90,3488,0.026203571428571402
RG-SCSO,Zoo,3,91,3526,0.026203571428571402
RG-SCSO,Zoo,3,92,3564,0.026203571428571402
RG-SCSO,Zoo,3,93,3602,0.026203571428571402
RG-SCSO,Zoo,3,94,3640,0.026203571428571402
RG-SCSO,Zoo,3,95,3678,0.026203571428571402
RG-SCSO,Zoo,3,96,3716,0.026203571428571402
RG-SCSO,Zoo,3,97,3754,0.026203571428571402
RG-SCSO,Zoo,3,98,3792,0.026203571428571402
RG-SCSO,Zoo,3,99,3830,0.026203571428571402
RG-SCSO,Zoo,3,100,3868,0.026203571428571402
RG-SCSO,Zoo,3,101,3906,0.026203571428571402
RG-SCSO,Zoo,3,102,3944,0.026203571428571402
RG-SCSO,Zoo,3,103,3982,0.026203571428571402
RG-SCSO,Zoo,3,104,4020,0.026203571428571402
RG-SCSO,Zoo,3,105,4058,0.026203571428571402
RG-SCSO,Zoo,3,106,4096,0.026203571428571402
RG-SCSO,Zoo,3,107,4134,0.026203571428571402
RG-SCSO,Zoo,3,108,4172,0.026203571428571402
RG-SCSO,Zoo,3,109,4210,0.026203571428571402
RG-SCSO,Zoo,3,110,4248,0.026203571428571402
RG-SCSO,Zoo,3,111,4286,0.026203571428571402
RG-SCSO,Zoo,3,112,4324,0.026203571428571402
RG-SCSO,Zoo,3,113,4362,0.026203571428571402
RG-SCSO,Zoo,3,114,4400,0.026203571428571402
RG-SCSO,Zoo,3,115,4438,0.026203571428571402
RG-SCSO,Zoo,3,116,4476,0.026203571428571402
RG-SCSO,Zoo,3,117,4514,0.026203571428571402
RG-SCSO,Zoo,3,118,4552,0.026203571428571402
RG-SCSO,Zoo,3,119,4590,0.026203571428571402
RG-SCSO,Zoo,3,120,4628,0.026203571428571402
RG-SCSO,Zoo,3,121,4666,0.026203571428571402
RG-SCSO,Zoo,3,122,4704,0.026203571428571402
RG-SCSO,Zoo,3,123,4742,0.026203571428571402
RG-SCSO,Zoo,3,124,4780,0.026203571428571402
RG-SCSO,Zoo,3,125,4818,0.026203571428571402
RG-SCSO,Zoo,3,126,4856,0.026203571428571402
RG-SCSO,Zoo,3,127,4894,0.026203571428571402
RG-SCSO,Zoo,3,128,4932,0.026203571428571402
RG-SCSO,Zoo,3,129,4970,0.026203571428571402
RG-SCSO,Zoo,3,130,5008,0.026203571428571402
RG-SCSO,Zoo,3,131,5046,0.026203571428571402
RG-SCSO,Zoo,3,132,5084,0.026203571428571402
RG-SCSO,Zoo,3,133,5122,0.026203571428571402
RG-SCSO,Zoo,3,134,5160,0.026203571428571402
RG-SCSO,Zoo,3,135,5198,0.026203571428571402
RG-SCSO,Zoo,3,136,5236,0.026203571428571402
RG-SCSO,Zoo,3,137,5274,0.026203571428571402
RG-SCSO,Zoo,3,138,5312,0.026203571428571402
RG-SCSO,Zoo,3,139,5350,0.026203571428571402
RG-SCSO,Zoo,3,140,5388,0.026203571428571402
RG-SCSO,Zoo,3,141,5426,0.026203571428571402
RG-SCSO,Zoo,3,142,5464,0.026203571428571402
RG-SCSO,Zoo,3,143,5502,0.026203571428571402
RG-SCSO,Zoo,3,144,5540,0.026203571428571402
RG-SCSO,Zoo,3,145,5578,0.026203571428571402
RG-SCSO,Zoo,3,146,5616,0.026203571428571402
RG-SCSO,Zoo,3,147,5654,0.026203571428571402
RG-SCSO,Zoo,3,148,5692,0.026203571428571402
RG-SCSO,Zoo,3,149,5730,0.026203571428571402
RG-SCSO,Zoo,3,150,5768,0.026203571428571402
RG-SCSO,Zoo,3,151,5806,0.026203571428571402
RG-SCSO,Zoo,3,152,5844,0.026203571428571402
RG-SCSO,Zoo,3,153,5882,0.026203571428571402
RG-SCSO,Zoo,3,154,5920,0.026203571428571402
RG-SCSO,Zoo,3,155,5958,0.026203571428571402
RG-SCSO,Zoo,3,156,5996,0.026203571428571402
RG-SCSO,Zoo,3,157,6034,0.026203571428571402
RG-SCSO,Zoo,3,158,6072,0.026203571428571402
RG-SCSO,Zoo,3,159,6110,0.026203571428571402
RG-SCSO,Zoo,3,160,6148,0.026203571428571402
RG-SCSO,Zoo,3,161,6186,0.026203571428571402
RG-SCSO,Zoo,3,162,6224,0.026203571428571402
RG-SCSO,Zoo,3,163,6262,0.026203571428571402
RG-SCSO,Zoo,3,164,6300,0.026203571428571402
RG-SCSO,Zoo,3,165,6338,0.026203571428571402
RG-SCSO,Zoo,3,166,6376,0.026203571428571402
RG-SCSO,Zoo,3,167,6414,0.026203571428571402
RG-SCSO,Zoo,3,168,6452,0.026203571428571402
RG-SCSO,Zoo,3,169,6490,0.026203571428571402
RG-SCSO,Zoo,3,170,6528,0.026203571428571402
RG-SCSO,Zoo,3,171,6566,0.026203571428571402
RG-SCSO,Zoo,3,172,6604,0.026203571428571402
RG-SCSO,Zoo,3,173,6642,0.026203571428571402
RG-SCSO,Zoo,3,174,6680,0.026203571428571402
RG-SCSO,Zoo,3,175,6718,0.026203571428571402
RG-SCSO,Zoo,3,176,6756,0.026203571428571402
RG-SCSO,Zoo,3,177,6794,0.026203571428571402
RG-SCSO,Zoo,3,178,6832,0.026203571428571402
RG-SCSO,Zoo,3,179,6870,0.026203571428571402
RG-SCSO,Zoo,3,180,6908,0.026203571428571402
RG-SCSO,Zoo,3,181,6946,0.026203571428571402
RG-SCSO,Zoo,3,182,6984,0.026203571428571402
RG-SCSO,Zoo,3,183,7022,0.026203571428571402
RG-SCSO,Zoo,3,184,7060,0.026203571428571402
RG-SCSO,Zoo,3,185,7098,0.026203571428571402
RG-SCSO,Zoo,3,186,7136,0.026203571428571402
RG-SCSO,Zoo,3,187,7174,0.026203571428571402
RG-SCSO,Zoo,3,188,7212,0.026203571428571402
RG-SCSO,Zoo,3,189,7250,0.026203571428571402
RG-SCSO,Zoo,3,190,7288,0.026203571428571402
RG-SCSO,Zoo,3,191,7326,0.026203571428571402
RG-SCSO,Zoo,3,192,7364,0.026203571428571402
RG-SCSO,Zoo,3,193,7402,0.026203571428571402
RG-SCSO,Zoo,3,194,7440,0.026203571428571402
RG-SCSO,Zoo,3,195,7478,0.026203571428571402
RG-SCSO,Zoo,3,196,7516,0.026203571428571402
RG-SCSO,Zoo,3,197,7554,0.026203571428571402
RG-SCSO,Zoo,3,198,7592,0.026203571428571402
RG-SCSO,Zoo,3,199,7630,0.026203571428571402
RG-SCSO,Zoo,3,200,7668,0.026203571428571402
RG-SCSO,Zoo,3,201,7706,0.026203571428571402
RG-SCSO,Zoo,3,202,7744,0.026203571428571402
RG-SCSO,Zoo,3,203,7782,0.026203571428571402
RG-SCSO,Zoo,3,204,7820,0.026203571428571402
RG-SCSO,Zoo,3,205,7858,0.026203571428571402
RG-SCSO,Zoo,3,206,7896,0.026203571428571402
RG-SCSO,Zoo,3,207,7934,0.026203571428571402
RG-SCSO,Zoo,3,208,7972,0.026203571428571402
RG-SCSO,Zoo,3,209,8010,0.026203571428571402
RG-SCSO,Zoo,3,210,8048,0.026203571428571402
RG-SCSO,Zoo,3,211,8086,0.026203571428571402
RG-SCSO,Zoo,3,212,8124,0.026203571428571402
RG-SCSO,Zoo,3,213,8162,0.026203571428571402
RG-SCSO,Zoo,3,214,8200,0.026203571428571402
RG-SCSO,Zoo,3,215,8238,0.026203571428571402
RG-SCSO,Zoo,3,216,8276,0.026203571428571402
RG-SCSO,Zoo,3,217,8314,0.026203571428571402
RG-SCSO,Zoo,3,218,8352,0.026203571428571402
RG-SCSO,Zoo,3,219,8390,0.026203571428571402
RG-SCSO,Zoo,3,220,8428,0.026203571428571402
RG-SCSO,Zoo,3,221,8466,0.026203571428571402
RG-SCSO,Zoo,3,222,8504,0.026203571428571402
RG-SCSO,Zoo,3,223,8542,0.026203571428571402
RG-SCSO,Zoo,3,224,8580,0.026203571428571402
RG-SCSO,Zoo,3,225,8618,0.026203571428571402
RG-SCSO,Zoo,3,226,8656,0.026203571428571402
RG-SCSO,Zoo,3,227,8694,0.026203571428571402
RG-SCSO,Zoo,3,228,8732,0.026203571428571402
RG-SCSO,Zoo,3,229,8770,0.026203571428571402
RG-SCSO,Zoo,3,230,8808,0.026203571428571402
RG-SCSO,Zoo,3,231,8846,0.026203571428571402
RG-SCSO,Zoo,3,232,8884,0.026203571428571402
RG-SCSO,Zoo,3,233,8922,0.026203571428571402
RG-SCSO,Zoo,3,234,8960,0.026203571428571402
RG-SCSO,Zoo,3,235,8998,0.026203571428571402
RG-SCSO,Zoo,3,236,9036,0.026203571428571402
RG-SCSO,Zoo,3,237,9074,0.026203571428571402
RG-SCSO,Zoo,3,238,9112,0.026203571428571402
RG-SCSO,Zoo,3,239,9150,0.026203571428571402
RG-SCSO,Zoo,3,240,9188,0.026203571428571402
RG-SCSO,Zoo,3,241,9226,0.026203571428571402
RG-SCSO,Zoo,3,242,9264,0.026203571428571402
RG-SCSO,Zoo,3,243,9302,0.026203571428571402
RG-SCSO,Zoo,3,244,9340,0.026203571428571402
RG-SCSO,Zoo,3,245,9378,0.026203571428571402
RG-SCSO,Zoo,3,246,9416,0.026203571428571402
RG-SCSO,Zoo,3,247,9454,0.026203571428571402
RG-SCSO,Zoo,3,248,9492,0.026203571428571402
RG-SCSO,Zoo,3,249,9530,0.026203571428571402
RG-SCSO,Zoo,3,250,9568,0.026203571428571402
RG-SCSO,Zoo,3,251,9606,0.026203571428571402
RG-SCSO,Zoo,3,252,9644,0.026203571428571402
RG-SCSO,Zoo,3,253,9682,0.026203571428571402
RG-SCSO,Zoo,3,254,9720,0.026203571428571402
RG-SCSO,Zoo,3,255,9758,0.026203571428571402
RG-SCSO,Zoo,3,256,9796,0.026203571428571402
RG-SCSO,Zoo,3,257,9834,0.026203571428571402
RG-SCSO,Zoo,3,258,9872,0.026203571428571402
RG-SCSO,Zoo,3,259,9910,0.026203571428571402
RG-SCSO,Zoo,3,260,9948,0.026203571428571402
RG-SCSO,Zoo,3,261,9986,0.026203571428571402
RG-SCSO,Zoo,3,262,10024,0.026203571428571402
RG-SCSO,Zoo,3,263,10062,0.026203571428571402
RG-SCSO,Zoo,3,264,10100,0.026203571428571402
RG-SCSO,Zoo,3,265,10138,0.026203571428571402
RG-SCSO,Zoo,3,266,10176,0.026203571428571402
RG-SCSO,Zoo,3,267,10214,0.026203571428571402
RG-SCSO,Zoo,3,268,10252,0.026203571428571402
RG-SCSO,Zoo,3,269,10290,0.026203571428571402
RG-SCSO,Zoo,3,270,10328,0.026203571428571402
RG-SCSO,Zoo,3,271,10366,0.026203571428571402
RG-SCSO,Zoo,3,272,10404,0.026203571428571402
RG-SCSO,Zoo,3,273,10442,0.026203571428571402
RG-SCSO,Zoo,3,274,10480,0.026203571428571402
RG-SCSO,Zoo,3,275,10518,0.026203571428571402
RG-SCSO,Zoo,3,276,10556,0.026203571428571402
RG-SCSO,Zoo,3,277,10594,0.026203571428571402
RG-SCSO,Zoo,3,278,10632,0.026203571428571402
RG-SCSO,Zoo,3,279,10670,0.026203571428571402
RG-SCSO,Zoo,3,280,10708,0.026203571428571402
RG-SCSO,Zoo,3,281,10746,0.026203571428571402
RG-SCSO,Zoo,3,282,10784,0.026203571428571402
RG-SCSO,Zoo,3,283,10822,0.026203571428571402
RG-SCSO,Zoo,3,284,10860,0.026203571428571402
RG-SCSO,Zoo,3,285,10898,0.026203571428571402
RG-SCSO,Zoo,3,286,10936,0.026203571428571402
RG-SCSO,Zoo,3,287,10974,0.026203571428571402
RG-SCSO,Zoo,3,288,11012,0.026203571428571402
RG-SCSO,Zoo,3,289,11050,0.026203571428571402
RG-SCSO,Zoo,3,290,11088,0.026203571428571402
RG-SCSO,Zoo,3,291,11126,0.026203571428571402
RG-SCSO,Zoo,3,292,11164,0.026203571428571402
RG-SCSO,Zoo,3,293,11202,0.026203571428571402
RG-SCSO,Zoo,3,294,11240,0.026203571428571402
RG-SCSO,Zoo,3,295,11278,0.026203571428571402
RG-SCSO,Zoo,3,296,11316,0.026203571428571402
RG-SCSO,Zoo,3,297,11354,0.026203571428571402
RG-SCSO,Zoo,3,298,11392,0.026203571428571402
RG-SCSO,Zoo,3,299,11430,0.026203571428571402
RG-SCSO,Zoo,3,300,11468,0.026203571428571402
RG-SCSO,Zoo,3,301,11506,0.026203571428571402
RG-SCSO,Zoo,3,302,11544,0.026203571428571402
RG-SCSO,Zoo,3,303,11582,0.026203571428571402
RG-SCSO,Zoo,3,304,11620,0.026203571428571402
RG-SCSO,Zoo,3,305,11658,0.026203571428571402
RG-SCSO,Zoo,3,306,11696,0.026203571428571402
RG-SCSO,Zoo,3,307,11734,0.026203571428571402
RG-SCSO,Zoo,3,308,11772,0.026203571428571402
RG-SCSO,Zoo,3,309,11810,0.026203571428571402
RG-SCSO,Zoo,3,310,11848,0.026203571428571402
RG-SCSO,Zoo,3,311,11886,0.026203571428571402
RG-SCSO,Zoo,3,312,11924,0.026203571428571402
RG-SCSO,Zoo,3,313,11962,0.026203571428571402
RG-SCSO,Zoo,3,314,12000,0.026203571428571402
RG-SCSO,Zoo,3,315,12038,0.026203571428571402
RG-SCSO,Zoo,3,316,12076,0.026203571428571402
RG-SCSO,Zoo,3,317,12114,0.026203571428571402
RG-SCSO,Zoo,3,318,12152,0.026203571428571402
RG-SCSO,Zoo,3,319,12190,0.026203571428571402
RG-SCSO,Zoo,3,320,12228,0.026203571428571402
RG-SCSO,Zoo,3,321,12266,0.026203571428571402
RG-SCSO,Zoo,3,322,12304,0.026203571428571402
RG-SCSO,Zoo,3,323,12342,0.026203571428571402
RG-SCSO,Zoo,3,324,12380,0.026203571428571402
RG-SCSO,Zoo,3,325,12418,0.026203571428571402
RG-SCSO,Zoo,3,326,12456,0.026203571428571402
RG-SCSO,Zoo,3,327,12494,0.026203571428571402
RG-SCSO,Zoo,3,328,12532,0.026203571428571402
RG-SCSO,Zoo,3,329,12570,0.026203571428571402
RG-SCSO,Zoo,3,330,12608,0.026203571428571402
RG-SCSO,Zoo,3,331,12646,0.026203571428571402
RG-SCSO,Zoo,3,332,12684,0.026203571428571402
RG-SCSO,Zoo,3,333,12722,0.026203571428571402
RG-SCSO,Zoo,3,334,12760,0.026203571428571402
RG-SCSO,Zoo,3,335,12798,0.026203571428571402
RG-SCSO,Zoo,3,336,12836,0.026203571428571402
RG-SCSO,Zoo,3,337,12874,0.026203571428571402
RG-SCSO,Zoo,3,338,12912,0.026203571428571402
RG-SCSO,Zoo,3,339,12950,0.026203571428571402
RG-SCSO,Zoo,3,340,12988,0.026203571428571402
RG-SCSO,Zoo,3,341,13026,0.026203571428571402
RG-SCSO,Zoo,3,342,13064,0.026203571428571402
RG-SCSO,Zoo,3,343,13102,0.026203571428571402
RG-SCSO,Zoo,3,344,13140,0.026203571428571402
RG-SCSO,Zoo,3,345,13178,0.026203571428571402
RG-SCSO,Zoo,3,346,13216,0.026203571428571402
RG-SCSO,Zoo,3,347,13254,0.026203571428571402
RG-SCSO,Zoo,3,348,13292,0.026203571428571402
RG-SCSO,Zoo,3,349,13330,0.026203571428571402
RG-SCSO,Zoo,3,350,13368,0.026203571428571402
RG-SCSO,Zoo,3,351,13406,0.026203571428571402
RG-SCSO,Zoo,3,352,13444,0.026203571428571402
RG-SCSO,Zoo,3,353,13482,0.026203571428571402
RG-SCSO,Zoo,3,354,13520,0.026203571428571402
RG-SCSO,Zoo,3,355,13558,0.026203571428571402
RG-SCSO,Zoo,3,356,13596,0.026203571428571402
RG-SCSO,Zoo,3,357,13634,0.026203571428571402
RG-SCSO,Zoo,3,358,13672,0.026203571428571402
RG-SCSO,Zoo,3,359,13710,0.026203571428571402
RG-SCSO,Zoo,3,360,13748,0.026203571428571402
RG-SCSO,Zoo,3,361,13786,0.026203571428571402
RG-SCSO,Zoo,3,362,13824,0.026203571428571402
RG-SCSO,Zoo,3,363,13862,0.026203571428571402
RG-SCSO,Zoo,3,364,13900,0.026203571428571402
RG-SCSO,Zoo,3,365,13938,0.026203571428571402
RG-SCSO,Zoo,3,366,13976,0.026203571428571402
RG-SCSO,Zoo,3,367,14014,0.026203571428571402
RG-SCSO,Zoo,3,368,14052,0.026203571428571402
RG-SCSO,Zoo,3,369,14090,0.026203571428571402
RG-SCSO,Zoo,3,370,14128,0.026203571428571402
RG-SCSO,Zoo,3,371,14166,0.026203571428571402
RG-SCSO,Zoo,3,372,14204,0.026203571428571402
RG-SCSO,Zoo,3,373,14242,0.026203571428571402
RG-SCSO,Zoo,3,374,14280,0.026203571428571402
RG-SCSO,Zoo,3,375,14318,0.026203571428571402
RG-SCSO,Zoo,3,376,14356,0.026203571428571402
RG-SCSO,Zoo,3,377,14394,0.026203571428571402
RG-SCSO,Zoo,3,378,14432,0.026203571428571402
RG-SCSO,Zoo,3,379,14470,0.026203571428571402
RG-SCSO,Zoo,3,380,14508,0.026203571428571402
RG-SCSO,Zoo,3,381,14546,0.026203571428571402
RG-SCSO,Zoo,3,382,14584,0.026203571428571402
RG-SCSO,Zoo,3,383,14622,0.026203571428571402
RG-SCSO,Zoo,3,384,14660,0.026203571428571402
RG-SCSO,Zoo,3,385,14698,0.026203571428571402
RG-SCSO,Zoo,3,386,14736,0.0249535714285714
RG-SCSO,Zoo,3,387,14774,0.0249535714285714
RG-SCSO,Zoo,3,388,14812,0.0249535714285714
RG-SCSO,Zoo,3,389,14850,0.0249535714285714
RG-SCSO,Zoo,3,390,14888,0.0249535714285714
RG-SCSO,Zoo,3,391,14926,0.0249535714285714
RG-SCSO,Zoo,3,392,14964,0.0249535714285714
RG-SCSO,Zoo,3,393,15000,0.0249535714285714
RG-SCSO,Zoo,3,394,15000,0.0249535714285714
RG-SCSO,Zoo,3,395,15000,0.0249535714285714
RG-SCSO,Zoo,3,396,15000,0.0249535714285714
RG-SCSO,Zoo,3,397,15000,0.0249535714285714
RG-SCSO,Zoo,3,398,15000,0.0249535714285714
RG-SCSO,Zoo,3,399,15000,0.0249535714285714
RG-SCSO,Zoo,3,400,15000,0.0249535714285714
RG-SCSO,Zoo,3,401,15000,0.0249535714285714
RG-SCSO,Zoo,3,402,15000,0.0249535714285714
RG-SCSO,Zoo,3,403,15000,0.0249535714285714
RG-SCSO,Zoo,3,404,15000,0.0249535714285714
RG-SCSO,Zoo,3,405,15000,0.0249535714285714
RG-SCSO,Zoo,3,406,15000,0.0249535714285714
RG-SCSO,Zoo,3,407,15000,0.0249535714285714
RG-SCSO,Zoo,3,408,15000,0.0249535714285714
RG-SCSO,Zoo,3,409,15000,0.0249535714285714
RG-SCSO,Zoo,3,410,15000,0.0249535714285714
RG-SCSO,Zoo,3,411,15000,0.0249535714285714
RG-SCSO,Zoo,3,412,15000,0.0249535714285714
RG-SCSO,Zoo,3,413,15000,0.0249535714285714
RG-SCSO,Zoo,3,414,15000,0.0249535714285714
RG-SCSO,Zoo,3,415,15000,0.0249535714285714
RG-SCSO,Zoo,3,416,15000,0.0249535714285714
RG-SCSO,Zoo,3,417,15000,0.0249535714285714
RG-SCSO,Zoo,3,418,15000,0.0249535714285714
RG-SCSO,Zoo,3,419,15000,0.0249535714285714
RG-SCSO,Zoo,3,420,15000,0.0249535714285714
RG-SCSO,Zoo,3,421,15000,0.0249535714285714
RG-SCSO,Zoo,3,422,15000,0.0249535714285714
RG-SCSO,Zoo,3,423,15000,0.0249535714285714
RG-SCSO,Zoo,3,424,15000,0.0249535714285714
RG-SCSO,Zoo,3,425,15000,0.0249535714285714
RG-SCSO,Zoo,3,426,15000,0.0249535714285714
RG-SCSO,Zoo,3,427,15000,0.0249535714285714
RG-SCSO,Zoo,3,428,15000,0.0249535714285714
RG-SCSO,Zoo,3,429,15000,0.0249535714285714
RG-SCSO,Zoo,3,430,15000,0.0249535714285714
RG-SCSO,Zoo,3,431,15000,0.0249535714285714
RG-SCSO,Zoo,3,432,15000,0.0249535714285714
RG-SCSO,Zoo,3,433,15000,0.0249535714285714
RG-SCSO,Zoo,3,434,15000,0.0249535714285714
RG-SCSO,Zoo,3,435,15000,0.0249535714285714
RG-SCSO,Zoo,3,436,15000,0.0249535714285714
RG-SCSO,Zoo,3,437,15000,0.0249535714285714
RG-SCSO,Zoo,3,438,15000,0.0249535714285714
RG-SCSO,Zoo,3,439,15000,0.0249535714285714
RG-SCSO,Zoo,3,440,15000,0.0249535714285714
RG-SCSO,Zoo,3,441,15000,0.0249535714285714
RG-SCSO,Zoo,3,442,15000,0.0249535714285714
RG-SCSO,Zoo,3,443,15000,0.0249535714285714
RG-SCSO,Zoo,3,444,15000,0.0249535714285714
RG-SCSO,Zoo,3,445,15000,0.0249535714285714
RG-SCSO,Zoo,3,446,15000,0.0249535714285714
RG-SCSO,Zoo,3,447,15000,0.0249535714285714
RG-SCSO,Zoo,3,448,15000,0.0249535714285714
RG-SCSO,Zoo,3,449,15000,0.0249535714285714
RG-SCSO,Zoo,3,450,15000,0.0249535714285714
RG-SCSO,Zoo,3,451,15000,0.0249535714285714
RG-SCSO,Zoo,3,452,15000,0.0249535714285714
RG-SCSO,Zoo,3,453,15000,0.0249535714285714
RG-SCSO,Zoo,3,454,15000,0.0249535714285714
RG-SCSO,Zoo,3,455,15000,0.0249535714285714
RG-SCSO,Zoo,3,456,15000,0.0249535714285714
RG-SCSO,Zoo,3,457,15000,0.0249535714285714
RG-SCSO,Zoo,3,458,15000,0.0249535714285714
RG-SCSO,Zoo,3,459,15000,0.0249535714285714
RG-SCSO,Zoo,3,460,15000,0.0249535714285714
RG-SCSO,Zoo,3,461,15000,0.0249535714285714
RG-SCSO,Zoo,3,462,15000,0.0249535714285714
RG-SCSO,Zoo,3,463,15000,0.0249535714285714
RG-SCSO,Zoo,3,464,15000,0.0249535714285714
RG-SCSO,Zoo,3,465,15000,0.0249535714285714
RG-SCSO,Zoo,3,466,15000,0.0249535714285714
RG-SCSO,Zoo,3,467,15000,0.0249535714285714
RG-SCSO,Zoo,3,468,15000,0.0249535714285714
RG-SCSO,Zoo,3,469,15000,0.0249535714285714
RG-SCSO,Zoo,3,470,15000,0.0249535714285714
RG-SCSO,Zoo,3,471,15000,0.0249535714285714
RG-SCSO,Zoo,3,472,15000,0.0249535714285714
RG-SCSO,Zoo,3,473,15000,0.0249535714285714
RG-SCSO,Zoo,3,474,15000,0.0249535714285714
RG-SCSO,Zoo,3,475,15000,0.0249535714285714
RG-SCSO,Zoo,3,476,15000,0.0249535714285714
RG-SCSO,Zoo,3,477,15000,0.0249535714285714
RG-SCSO,Zoo,3,478,15000,0.0249535714285714
RG-SCSO,Zoo,3,479,15000,0.0249535714285714
RG-SCSO,Zoo,3,480,15000,0.0249535714285714
RG-SCSO,Zoo,3,481,15000,0.0249535714285714
RG-SCSO,Zoo,3,482,15000,0.0249535714285714
RG-SCSO,Zoo,3,483,15000,0.0249535714285714
RG-SCSO,Zoo,3,484,15000,0.0249535714285714
RG-SCSO,Zoo,3,485,15000,0.0249535714285714
RG-SCSO,Zoo,3,486,15000,0.0249535714285714
RG-SCSO,Zoo,3,487,15000,0.0249535714285714
RG-SCSO,Zoo,3,488,15000,0.0249535714285714
RG-SCSO,Zoo,3,489,15000,0.0249535714285714
RG-SCSO,Zoo,3,490,15000,0.0249535714285714
RG-SCSO,Zoo,3,491,15000,0.0249535714285714
RG-SCSO,Zoo,3,492,15000,0.0249535714285714
RG-SCSO,Zoo,3,493,15000,0.0249535714285714
RG-SCSO,Zoo,3,494,15000,0.0249535714285714
RG-SCSO,Zoo,3,495,15000,0.0249535714285714
RG-SCSO,Zoo,3,496,15000,0.0249535714285714
RG-SCSO,Zoo,3,497,15000,0.0249535714285714
RG-SCSO,Zoo,3,498,15000,0.0249535714285714
RG-SCSO,Zoo,3,499,15000,0.0249535714285714
RG-SCSO,ColonCancer,0,0,68,0.18038230769230773
RG-SCSO,ColonCancer,0,1,106,0.16394230769230778
RG-SCSO,ColonCancer,0,2,144,0.16394230769230778
RG-SCSO,ColonCancer,0,3,182,0.14749230769230773
RG-SCSO,ColonCancer,0,4,220,0.14749230769230773
RG-SCSO,ColonCancer,0,5,258,0.14749230769230773
RG-SCSO,ColonCancer,0,6,296,0.14749230769230773
RG-SCSO,ColonCancer,0,7,334,0.14749230769230773
RG-SCSO,ColonCancer,0,8,372,0.14749230769230773
RG-SCSO,ColonCancer,0,9,410,0.14749230769230773
RG-SCSO,ColonCancer,0,10,448,0.14749230769230773
RG-SCSO,ColonCancer,0,11,486,0.14749230769230773
RG-SCSO,ColonCancer,0,12,524,0.14749230769230773
RG-SCSO,ColonCancer,0,13,562,0.14749230769230773
RG-SCSO,ColonCancer,0,14,600,0.14749230769230773
RG-SCSO,ColonCancer,0,15,638,0.14749230769230773
RG-SCSO,ColonCancer,0,16,676,0.14749230769230773
RG-SCSO,ColonCancer,0,17,714,0.11576153846153839
RG-SCSO,ColonCancer,0,18,752,0.11576153846153839
RG-SCSO,ColonCancer,0,19,790,0.11576153846153839
RG-SCSO,ColonCancer,0,20,828,0.11576153846153839
RG-SCSO,ColonCancer,0,21,866,0.11576153846153839
RG-SCSO,ColonCancer,0,22,904,0.11576153846153839
RG-SCSO,ColonCancer,0,23,942,0.11576153846153839
RG-SCSO,ColonCancer,0,24,980,0.11576153846153839
RG-SCSO,ColonCancer,0,25,1018,0.11576153846153839
RG-SCSO,ColonCancer,0,26,1056,0.11576153846153839
RG-SCSO,ColonCancer,0,27,1094,0.11576153846153839
RG-SCSO,ColonCancer,0,28,1132,0.11576153846153839
RG-SCSO,ColonCancer,0,29,1170,0.11576153846153839
RG-SCSO,ColonCancer,0,30,1208,0.11576153846153839
RG-SCSO,ColonCancer,0,31,1246,0.11576153846153839
RG-SCSO,ColonCancer,0,32,1284,0.11576153846153839
RG-SCSO,ColonCancer,0,33,1322,0.11576153846153839
RG-SCSO,ColonCancer,0,34,1360,0.11576153846153839
RG-SCSO,ColonCancer,0,35,1398,0.11576153846153839
RG-SCSO,ColonCancer,0,36,1436,0.11576153846153839
RG-SCSO,ColonCancer,0,37,1474,0.11576153846153839
RG-SCSO,ColonCancer,0,38,1512,0.11576153846153839
RG-SCSO,ColonCancer,0,39,1550,0.11576153846153839
RG-SCSO,ColonCancer,0,40,1588,0.11576153846153839
RG-SCSO,ColonCancer,0,41,1626,0.11576153846153839
RG-SCSO,ColonCancer,0,42,1664,0.11576153846153839
RG-SCSO,ColonCancer,0,43,1702,0.11576153846153839
RG-SCSO,ColonCancer,0,44,1740,0.11576153846153839
RG-SCSO,ColonCancer,0,45,1778,0.11576153846153839
RG-SCSO,ColonCancer,0,46,1816,0.11576153846153839
RG-SCSO,ColonCancer,0,47,1854,0.11576153846153839
RG-SCSO,ColonCancer,0,48,1892,0.11576153846153839
RG-SCSO,ColonCancer,0,49,1930,0.11576153846153839
RG-SCSO,ColonCancer,0,50,1968,0.11576153846153839
RG-SCSO,ColonCancer,0,51,2006,0.11576153846153839
RG-SCSO,ColonCancer,0,52,2044,0.11576153846153839
RG-SCSO,ColonCancer,0,53,2082,0.11576153846153839
RG-SCSO,ColonCancer,0,54,2120,0.11576153846153839
RG-SCSO,ColonCancer,0,55,2158,0.11576153846153839
RG-SCSO,ColonCancer,0,56,2196,0.11576153846153839
RG-SCSO,ColonCancer,0,57,2234,0.11576153846153839
RG-SCSO,ColonCancer,0,58,2272,0.11576153846153839
RG-SCSO,ColonCancer,0,59,2310,0.11576153846153839
RG-SCSO,ColonCancer,0,60,2348,0.11576153846153839
RG-SCSO,ColonCancer,0,61,2386,0.11576153846153839
RG-SCSO,ColonCancer,0,62,2424,0.11576153846153839
RG-SCSO,ColonCancer,0,63,2462,0.11576153846153839
RG-SCSO,ColonCancer,0,64,2500,0.11576153846153839
RG-SCSO,ColonCancer,0,65,2538,0.11576153846153839
RG-SCSO,ColonCancer,0,66,2576,0.11576153846153839
RG-SCSO,ColonCancer,0,67,2614,0.11576153846153839
RG-SCSO,ColonCancer,0,68,2652,0.11576153846153839
RG-SCSO,ColonCancer,0,69,2690,0.11576153846153839
RG-SCSO,ColonCancer,0,70,2728,0.11576153846153839
RG-SCSO,ColonCancer,0,71,2766,0.11576153846153839
RG-SCSO,ColonCancer,0,72,2804,0.11576153846153839
RG-SCSO,ColonCancer,0,73,2842,0.11576153846153839
RG-SCSO,ColonCancer,0,74,2880,0.11576153846153839
RG-SCSO,ColonCancer,0,75,2918,0.11576153846153839
RG-SCSO,ColonCancer,0,76,2956,0.11576153846153839
RG-SCSO,ColonCancer,0,77,2994,0.11576153846153839
RG-SCSO,ColonCancer,0,78,3032,0.11576153846153839
RG-SCSO,ColonCancer,0,79,3070,0.11576153846153839
RG-SCSO,ColonCancer,0,80,3108,0.11576153846153839
RG-SCSO,ColonCancer,0,81,3146,0.11576153846153839
RG-SCSO,ColonCancer,0,82,3184,0.11576153846153839
RG-SCSO,ColonCancer,0,83,3222,0.11576153846153839
RG-SCSO,ColonCancer,0,84,3260,0.11576153846153839
RG-SCSO,ColonCancer,0,85,3298,0.11576153846153839
RG-SCSO,ColonCancer,0,86,3336,0.11576153846153839
RG-SCSO,ColonCancer,0,87,3374,0.11576153846153839
RG-SCSO,ColonCancer,0,88,3412,0.11576153846153839
RG-SCSO,ColonCancer,0,89,3450,0.11576153846153839
RG-SCSO,ColonCancer,0,90,3488,0.11576153846153839
RG-SCSO,ColonCancer,0,91,3526,0.11576153846153839
RG-SCSO,ColonCancer,0,92,3564,0.11576153846153839
RG-SCSO,ColonCancer,0,93,3602,0.11576153846153839
RG-SCSO,ColonCancer,0,94,3640,0.11576153846153839
RG-SCSO,ColonCancer,0,95,3678,0.11576153846153839
RG-SCSO,ColonCancer,0,96,3716,0.11576153846153839
RG-SCSO,ColonCancer,0,97,3754,0.11576153846153839
RG-SCSO,ColonCancer,0,98,3792,0.11576153846153839
RG-SCSO,ColonCancer,0,99,3830,0.11576153846153839
RG-SCSO,ColonCancer,0,100,3868,0.11576153846153839
RG-SCSO,ColonCancer,0,101,3906,0.11576153846153839
RG-SCSO,ColonCancer,0,102,3944,0.11576153846153839
RG-SCSO,ColonCancer,0,103,3982,0.11576153846153839
RG-SCSO,ColonCancer,0,104,4020,0.11576153846153839
RG-SCSO,ColonCancer,0,105,4058,0.11576153846153839
RG-SCSO,ColonCancer,0,106,4096,0.11576153846153839
RG-SCSO,ColonCancer,0,107,4134,0.11576153846153839
RG-SCSO,ColonCancer,0,108,4172,0.11576153846153839
RG-SCSO,ColonCancer,0,109,4210,0.11576153846153839
RG-SCSO,ColonCancer,0,110,4248,0.11576153846153839
RG-SCSO,ColonCancer,0,111,4286,0.11576153846153839
RG-SCSO,ColonCancer,0,112,4324,0.11576153846153839
RG-SCSO,ColonCancer,0,113,4362,0.11576153846153839
RG-SCSO,ColonCancer,0,114,4400,0.11576153846153839
RG-SCSO,ColonCancer,0,115,4438,0.11576153846153839
RG-SCSO,ColonCancer,0,116,4476,0.11576153846153839
RG-SCSO,ColonCancer,0,117,4514,0.11576153846153839
RG-SCSO,ColonCancer,0,118,4552,0.11576153846153839
RG-SCSO,ColonCancer,0,119,4590,0.11576153846153839
RG-SCSO,ColonCancer,0,120,4628,0.11576153846153839
RG-SCSO,ColonCancer,0,121,4666,0.11576153846153839
RG-SCSO,ColonCancer,0,122,4704,0.11576153846153839
RG-SCSO,ColonCancer,0,123,4742,0.11576153846153839
RG-SCSO,ColonCancer,0,124,4780,0.11576153846153839
RG-SCSO,ColonCancer,0,125,4818,0.11576153846153839
RG-SCSO,ColonCancer,0,126,4856,0.11576153846153839
RG-SCSO,ColonCancer,0,127,4894,0.11576153846153839
RG-SCSO,ColonCancer,0,128,4932,0.11576153846153839
RG-SCSO,ColonCancer,0,129,4970,0.11576153846153839
RG-SCSO,ColonCancer,0,130,5008,0.11576153846153839
RG-SCSO,ColonCancer,0,131,5046,0.11576153846153839
RG-SCSO,ColonCancer,0,132,5084,0.11576153846153839
RG-SCSO,ColonCancer,0,133,5122,0.11576153846153839
RG-SCSO,ColonCancer,0,134,5160,0.11576153846153839
RG-SCSO,ColonCancer,0,135,5198,0.11576153846153839
RG-SCSO,ColonCancer,0,136,5236,0.11576153846153839
RG-SCSO,ColonCancer,0,137,5274,0.11576153846153839
RG-SCSO,ColonCancer,0,138,5312,0.11576153846153839
RG-SCSO,ColonCancer,0,139,5350,0.11576153846153839
RG-SCSO,ColonCancer,0,140,5388,0.11576153846153839
RG-SCSO,ColonCancer,0,141,5426,0.11576153846153839
RG-SCSO,ColonCancer,0,142,5464,0.11576153846153839
RG-SCSO,ColonCancer,0,143,5502,0.11576153846153839
RG-SCSO,ColonCancer,0,144,5540,0.11576153846153839
RG-SCSO,ColonCancer,0,145,5578,0.11576153846153839
RG-SCSO,ColonCancer,0,146,5616,0.11576153846153839
RG-SCSO,ColonCancer,0,147,5654,0.11576153846153839
RG-SCSO,ColonCancer,0,148,5692,0.11576153846153839
RG-SCSO,ColonCancer,0,149,5730,0.11576153846153839
RG-SCSO,ColonCancer,0,150,5768,0.11576153846153839
RG-SCSO,ColonCancer,0,151,5806,0.11576153846153839
RG-SCSO,ColonCancer,0,152,5844,0.11576153846153839
RG-SCSO,ColonCancer,0,153,5882,0.11576153846153839
RG-SCSO,ColonCancer,0,154,5920,0.11576153846153839
RG-SCSO,ColonCancer,0,155,5958,0.11576153846153839
RG-SCSO,ColonCancer,0,156,5996,0.11576153846153839
RG-SCSO,ColonCancer,0,157,6034,0.11576153846153839
RG-SCSO,ColonCancer,0,158,6072,0.11576153846153839
RG-SCSO,ColonCancer,0,159,6110,0.11576153846153839
RG-SCSO,ColonCancer,0,160,6148,0.11576153846153839
RG-SCSO,ColonCancer,0,161,6186,0.11576153846153839
RG-SCSO,ColonCancer,0,162,6224,0.11576153846153839
RG-SCSO,ColonCancer,0,163,6262,0.11576153846153839
RG-SCSO,ColonCancer,0,164,6300,0.11576153846153839
RG-SCSO,ColonCancer,0,165,6338,0.11576153846153839
RG-SCSO,ColonCancer,0,166,6376,0.11576153846153839
RG-SCSO,ColonCancer,0,167,6414,0.11576153846153839
RG-SCSO,ColonCancer,0,168,6452,0.11576153846153839
RG-SCSO,ColonCancer,0,169,6490,0.11576153846153839
RG-SCSO,ColonCancer,0,170,6528,0.11576153846153839
RG-SCSO,ColonCancer,0,171,6566,0.11576153846153839
RG-SCSO,ColonCancer,0,172,6604,0.11576153846153839
RG-SCSO,ColonCancer,0,173,6642,0.11576153846153839
RG-SCSO,ColonCancer,0,174,6680,0.11576153846153839
RG-SCSO,ColonCancer,0,175,6718,0.11576153846153839
RG-SCSO,ColonCancer,0,176,6756,0.11576153846153839
RG-SCSO,ColonCancer,0,177,6794,0.11576153846153839
RG-SCSO,ColonCancer,0,178,6832,0.11576153846153839
RG-SCSO,ColonCancer,0,179,6870,0.11576153846153839
RG-SCSO,ColonCancer,0,180,6908,0.11576153846153839
RG-SCSO,ColonCancer,0,181,6946,0.11576153846153839
RG-SCSO,ColonCancer,0,182,6984,0.11576153846153839
RG-SCSO,ColonCancer,0,183,7022,0.11576153846153839
RG-SCSO,ColonCancer,0,184,7060,0.11576153846153839
RG-SCSO,ColonCancer,0,185,7098,0.11576153846153839
RG-SCSO,ColonCancer,0,186,7136,0.11576153846153839
RG-SCSO,ColonCancer,0,187,7174,0.11576153846153839
RG-SCSO,ColonCancer,0,188,7212,0.11576153846153839
RG-SCSO,ColonCancer,0,189,7250,0.11576153846153839
RG-SCSO,ColonCancer,0,190,7288,0.11576153846153839
RG-SCSO,ColonCancer,0,191,7326,0.11576153846153839
RG-SCSO,ColonCancer,0,192,7364,0.11576153846153839
RG-SCSO,ColonCancer,0,193,7402,0.11576153846153839
RG-SCSO,ColonCancer,0,194,7440,0.11576153846153839
RG-SCSO,ColonCancer,0,195,7478,0.11576153846153839
RG-SCSO,ColonCancer,0,196,7516,0.11576153846153839
RG-SCSO,ColonCancer,0,197,7554,0.11576153846153839
RG-SCSO,ColonCancer,0,198,7592,0.11576153846153839
RG-SCSO,ColonCancer,0,199,7630,0.11576153846153839
RG-SCSO,ColonCancer,0,200,7668,0.11576153846153839
RG-SCSO,ColonCancer,0,201,7706,0.11576153846153839
RG-SCSO,ColonCancer,0,202,7744,0.11576153846153839
RG-SCSO,ColonCancer,0,203,7782,0.11576153846153839
RG-SCSO,ColonCancer,0,204,7820,0.11576153846153839
RG-SCSO,ColonCancer,0,205,7858,0.11576153846153839
RG-SCSO,ColonCancer,0,206,7896,0.11576153846153839
RG-SCSO,ColonCancer,0,207,7934,0.11576153846153839
RG-SCSO,ColonCancer,0,208,7972,0.11576153846153839
RG-SCSO,ColonCancer,0,209,8010,0.11576153846153839
RG-SCSO,ColonCancer,0,210,8048,0.11576153846153839
RG-SCSO,ColonCancer,0,211,8086,0.11576153846153839
RG-SCSO,ColonCancer,0,212,8124,0.11576153846153839
RG-SCSO,ColonCancer,0,213,8162,0.11576153846153839
RG-SCSO,ColonCancer,0,214,8200,0.11576153846153839
RG-SCSO,ColonCancer,0,215,8238,0.11576153846153839
RG-SCSO,ColonCancer,0,216,8276,0.11576153846153839
RG-SCSO,ColonCancer,0,217,8314,0.11576153846153839
RG-SCSO,ColonCancer,0,218,8352,0.11576153846153839
RG-SCSO,ColonCancer,0,219,8390,0.11576153846153839
RG-SCSO,ColonCancer,0,220,8428,0.11576153846153839
RG-SCSO,ColonCancer,0,221,8466,0.11576153846153839
RG-SCSO,ColonCancer,0,222,8504,0.11576153846153839
RG-SCSO,ColonCancer,0,223,8542,0.11576153846153839
RG-SCSO,ColonCancer,0,224,8580,0.11576153846153839
RG-SCSO,ColonCancer,0,225,8618,0.11570653846153839
RG-SCSO,ColonCancer,0,226,8656,0.11570653846153839
RG-SCSO,ColonCancer,0,227,8694,0.11570653846153839
RG-SCSO,ColonCancer,0,228,8732,0.11570653846153839
RG-SCSO,ColonCancer,0,229,8770,0.11570653846153839
RG-SCSO,ColonCancer,0,230,8808,0.11570653846153839
RG-SCSO,ColonCancer,0,231,8846,0.11570653846153839
RG-SCSO,ColonCancer,0,232,8884,0.11570653846153839
RG-SCSO,ColonCancer,0,233,8922,0.11570653846153839
RG-SCSO,ColonCancer,0,234,8960,0.11570653846153839
RG-SCSO,ColonCancer,0,235,8998,0.11570653846153839
RG-SCSO,ColonCancer,0,236,9036,0.11570653846153839
RG-SCSO,ColonCancer,0,237,9074,0.11570653846153839
RG-SCSO,ColonCancer,0,238,9112,0.11570653846153839
RG-SCSO,ColonCancer,0,239,9150,0.11570653846153839
RG-SCSO,ColonCancer,0,240,9188,0.11570653846153839
RG-SCSO,ColonCancer,0,241,9226,0.11570653846153839
RG-SCSO,ColonCancer,0,242,9264,0.11570653846153839
RG-SCSO,ColonCancer,0,243,9302,0.11570653846153839
RG-SCSO,ColonCancer,0,244,9340,0.11570653846153839
RG-SCSO,ColonCancer,0,245,9378,0.11570653846153839
RG-SCSO,ColonCancer,0,246,9416,0.11570653846153839
RG-SCSO,ColonCancer,0,247,9454,0.11570653846153839
RG-SCSO,ColonCancer,0,248,9492,0.11570653846153839
RG-SCSO,ColonCancer,0,249,9530,0.11570653846153839
RG-SCSO,ColonCancer,0,250,9568,0.11570653846153839
RG-SCSO,ColonCancer,0,251,9606,0.11570653846153839
RG-SCSO,ColonCancer,0,252,9644,0.11570653846153839
RG-SCSO,ColonCancer,0,253,9682,0.11570653846153839
RG-SCSO,ColonCancer,0,254,9720,0.11570653846153839
RG-SCSO,ColonCancer,0,255,9758,0.11570653846153839
RG-SCSO,ColonCancer,0,256,9796,0.11570653846153839
RG-SCSO,ColonCancer,0,257,9834,0.11570653846153839
RG-SCSO,ColonCancer,0,258,9872,0.11570653846153839
RG-SCSO,ColonCancer,0,259,9910,0.11570653846153839
RG-SCSO,ColonCancer,0,260,9948,0.11570653846153839
RG-SCSO,ColonCancer,0,261,9986,0.11570653846153839
RG-SCSO,ColonCancer,0,262,10024,0.11570653846153839
RG-SCSO,ColonCancer,0,263,10062,0.11570653846153839
RG-SCSO,ColonCancer,0,264,10100,0.11570653846153839
RG-SCSO,ColonCancer,0,265,10138,0.11570653846153839
RG-SCSO,ColonCancer,0,266,10176,0.11570653846153839
RG-SCSO,ColonCancer,0,267,10214,0.11570653846153839
RG-SCSO,ColonCancer,0,268,10252,0.11570653846153839
RG-SCSO,ColonCancer,0,269,10290,0.11570653846153839
RG-SCSO,ColonCancer,0,270,10328,0.11570653846153839
RG-SCSO,ColonCancer,0,271,10366,0.11570653846153839
RG-SCSO,ColonCancer,0,272,10404,0.11570653846153839
RG-SCSO,ColonCancer,0,273,10442,0.11570653846153839
RG-SCSO,ColonCancer,0,274,10480,0.11570653846153839
RG-SCSO,ColonCancer,0,275,10518,0.11570653846153839
RG-SCSO,ColonCancer,0,276,10556,0.11570653846153839
RG-SCSO,ColonCancer,0,277,10594,0.11570653846153839
RG-SCSO,ColonCancer,0,278,10632,0.11570653846153839
RG-SCSO,ColonCancer,0,279,10670,0.11570653846153839
RG-SCSO,ColonCancer,0,280,10708,0.11570653846153839
RG-SCSO,ColonCancer,0,281,10746,0.11570653846153839
RG-SCSO,ColonCancer,0,282,10784,0.11570653846153839
RG-SCSO,ColonCancer,0,283,10822,0.11570653846153839
RG-SCSO,ColonCancer,0,284,10860,0.11570653846153839
RG-SCSO,ColonCancer,0,285,10898,0.11570653846153839
RG-SCSO,ColonCancer,0,286,10936,0.11570653846153839
RG-SCSO,ColonCancer,0,287,10974,0.11570653846153839
RG-SCSO,ColonCancer,0,288,11012,0.11570653846153839
RG-SCSO,ColonCancer,0,289,11050,0.11570653846153839
RG-SCSO,ColonCancer,0,290,11088,0.11570653846153839
RG-SCSO,ColonCancer,0,291,11126,0.11570653846153839
RG-SCSO,ColonCancer,0,292,11164,0.11570653846153839
RG-SCSO,ColonCancer,0,293,11202,0.11570653846153839
RG-SCSO,ColonCancer,0,294,11240,0.11570653846153839
RG-SCSO,ColonCancer,0,295,11278,0.11570653846153839
RG-SCSO,ColonCancer,0,296,11316,0.11570653846153839
RG-SCSO,ColonCancer,0,297,11354,0.11570653846153839
RG-SCSO,ColonCancer,0,298,11392,0.11570653846153839
RG-SCSO,ColonCancer,0,299,11430,0.11570653846153839
RG-SCSO,ColonCancer,0,300,11468,0.11570653846153839
RG-SCSO,ColonCancer,0,301,11506,0.11570653846153839
RG-SCSO,ColonCancer,0,302,11544,0.11570653846153839
RG-SCSO,ColonCancer,0,303,11582,0.11570653846153839
RG-SCSO,ColonCancer,0,304,11620,0.11570653846153839
RG-SCSO,ColonCancer,0,305,11658,0.11570653846153839
RG-SCSO,ColonCancer,0,306,11696,0.11570653846153839
RG-SCSO,ColonCancer,0,307,11734,0.11570653846153839
RG-SCSO,ColonCancer,0,308,11772,0.11570653846153839
RG-SCSO,ColonCancer,0,309,11810,0.11570653846153839
RG-SCSO,ColonCancer,0,310,11848,0.11570653846153839
RG-SCSO,ColonCancer,0,311,11886,0.11570653846153839
RG-SCSO,ColonCancer,0,312,11924,0.11570653846153839
RG-SCSO,ColonCancer,0,313,11962,0.11570653846153839
RG-SCSO,ColonCancer,0,314,12000,0.11570653846153839
RG-SCSO,ColonCancer,0,315,12038,0.11570653846153839
RG-SCSO,ColonCancer,0,316,12076,0.11570653846153839
RG-SCSO,ColonCancer,0,317,12114,0.11570653846153839
RG-SCSO,ColonCancer,0,318,12152,0.11570653846153839
RG-SCSO,ColonCancer,0,319,12190,0.11570653846153839
RG-SCSO,ColonCancer,0,320,12228,0.11570653846153839
RG-SCSO,ColonCancer,0,321,12266,0.11570653846153839
RG-SCSO,ColonCancer,0,322,12304,0.11570653846153839
RG-SCSO,ColonCancer,0,323,12342,0.11570653846153839
RG-SCSO,ColonCancer,0,324,12380,0.11570653846153839
RG-SCSO,ColonCancer,0,325,12418,0.11570653846153839
RG-SCSO,ColonCancer,0,326,12456,0.11570653846153839
RG-SCSO,ColonCancer,0,327,12494,0.11570653846153839
RG-SCSO,ColonCancer,0,328,12532,0.11570653846153839
RG-SCSO,ColonCancer,0,329,12570,0.11570653846153839
RG-SCSO,ColonCancer,0,330,12608,0.11570653846153839
RG-SCSO,ColonCancer,0,331,12646,0.11570653846153839
RG-SCSO,ColonCancer,0,332,12684,0.11570653846153839
RG-SCSO,ColonCancer,0,333,12722,0.11570653846153839
RG-SCSO,ColonCancer,0,334,12760,0.11570653846153839
RG-SCSO,ColonCancer,0,335,12798,0.11570653846153839
RG-SCSO,ColonCancer,0,336,12836,0.11570653846153839
RG-SCSO,ColonCancer,0,337,12874,0.11570653846153839
RG-SCSO,ColonCancer,0,338,12912,0.11570653846153839
RG-SCSO,ColonCancer,0,339,12950,0.11570653846153839
RG-SCSO,ColonCancer,0,340,12988,0.11570653846153839
RG-SCSO,ColonCancer,0,341,13026,0.11570653846153839
RG-SCSO,ColonCancer,0,342,13064,0.11570653846153839
RG-SCSO,ColonCancer,0,343,13102,0.11570653846153839
RG-SCSO,ColonCancer,0,344,13140,0.11570653846153839
RG-SCSO,ColonCancer,0,345,13178,0.11570653846153839
RG-SCSO,ColonCancer,0,346,13216,0.11570653846153839
RG-SCSO,ColonCancer,0,347,13254,0.11570653846153839
RG-SCSO,ColonCancer,0,348,13292,0.11570653846153839
RG-SCSO,ColonCancer,0,349,13330,0.11570653846153839
RG-SCSO,ColonCancer,0,350,13368,0.11570653846153839
RG-SCSO,ColonCancer,0,351,13406,0.11570653846153839
RG-SCSO,ColonCancer,0,352,13444,0.11570653846153839
RG-SCSO,ColonCancer,0,353,13482,0.11570653846153839
RG-SCSO,ColonCancer,0,354,13520,0.11570653846153839
RG-SCSO,ColonCancer,0,355,13558,0.11570653846153839
RG-SCSO,ColonCancer,0,356,13596,0.11570653846153839
RG-SCSO,ColonCancer,0,357,13634,0.11570653846153839
RG-SCSO,ColonCancer,0,358,13672,0.11570653846153839
RG-SCSO,ColonCancer,0,359,13710,0.11570653846153839
RG-SCSO,ColonCancer,0,360,13748,0.11570653846153839
RG-SCSO,ColonCancer,0,361,13786,0.11570653846153839
RG-SCSO,ColonCancer,0,362,13824,0.11570653846153839
RG-SCSO,ColonCancer,0,363,13862,0.11570653846153839
RG-SCSO,ColonCancer,0,364,13900,0.11570653846153839
RG-SCSO,ColonCancer,0,365,13938,0.11570653846153839
RG-SCSO,ColonCancer,0,366,13976,0.11570653846153839
RG-SCSO,ColonCancer,0,367,14014,0.11570653846153839
RG-SCSO,ColonCancer,0,368,14052,0.11570653846153839
RG-SCSO,ColonCancer,0,369,14090,0.11570653846153839
RG-SCSO,ColonCancer,0,370,14128,0.11570653846153839
RG-SCSO,ColonCancer,0,371,14166,0.11570653846153839
RG-SCSO,ColonCancer,0,372,14204,0.11570653846153839
RG-SCSO,ColonCancer,0,373,14242,0.11570653846153839
RG-SCSO,ColonCancer,0,374,14280,0.11570653846153839
RG-SCSO,ColonCancer,0,375,14318,0.11570653846153839
RG-SCSO,ColonCancer,0,376,14356,0.11570653846153839
RG-SCSO,ColonCancer,0,377,14394,0.11570653846153839
RG-SCSO,ColonCancer,0,378,14432,0.11570653846153839
RG-SCSO,ColonCancer,0,379,14470,0.11570653846153839
RG-SCSO,ColonCancer,0,380,14508,0.11570653846153839
RG-SCSO,ColonCancer,0,381,14546,0.11570653846153839
RG-SCSO,ColonCancer,0,382,14584,0.11570653846153839
RG-SCSO,ColonCancer,0,383,14622,0.11570653846153839
RG-SCSO,ColonCancer,0,384,14660,0.11570653846153839
RG-SCSO,ColonCancer,0,385,14698,0.11570653846153839
RG-SCSO,ColonCancer,0,386,14736,0.11570653846153839
RG-SCSO,ColonCancer,0,387,14774,0.11570653846153839
RG-SCSO,ColonCancer,0,388,14812,0.11570653846153839
RG-SCSO,ColonCancer,0,389,14850,0.11570653846153839
RG-SCSO,ColonCancer,0,390,14888,0.11570653846153839
RG-SCSO,ColonCancer,0,391,14926,0.11570653846153839
RG-SCSO,ColonCancer,0,392,14964,0.11570653846153839
RG-SCSO,ColonCancer,0,393,15000,0.11570653846153839
RG-SCSO,ColonCancer,0,394,15000,0.11570653846153839
RG-SCSO,ColonCancer,0,395,15000,0.11570653846153839
RG-SCSO,ColonCancer,0,396,15000,0.11570653846153839
RG-SCSO,ColonCancer,0,397,15000,0.11570653846153839
RG-SCSO,ColonCancer,0,398,15000,0.11570653846153839
RG-SCSO,ColonCancer,0,399,15000,0.11570653846153839
RG-SCSO,ColonCancer,0,400,15000,0.11570653846153839
RG-SCSO,ColonCancer,0,401,15000,0.11570653846153839
RG-SCSO,ColonCancer,0,402,15000,0.11570653846153839
RG-SCSO,ColonCancer,0,403,15000,0.11570653846153839
RG-SCSO,ColonCancer,0,404,15000,0.11570653846153839
RG-SCSO,ColonCancer,0,405,15000,0.11570653846153839
RG-SCSO,ColonCancer,0,406,15000,0.11570653846153839
RG-SCSO,ColonCancer,0,407,15000,0.11570653846153839
RG-SCSO,ColonCancer,0,408,15000,0.11570653846153839
RG-SCSO,ColonCancer,0,409,15000,0.11570653846153839
RG-SCSO,ColonCancer,0,410,15000,0.11570653846153839
RG-SCSO,ColonCancer,0,411,15000,0.11570653846153839
RG-SCSO,ColonCancer,0,412,15000,0.11570653846153839
RG-SCSO,ColonCancer,0,413,15000,0.11570653846153839
RG-SCSO,ColonCancer,0,414,15000,0.11570653846153839
RG-SCSO,ColonCancer,0,415,15000,0.11570653846153839
RG-SCSO,ColonCancer,0,416,15000,0.11570653846153839
RG-SCSO,ColonCancer,0,417,15000,0.11570653846153839
RG-SCSO,ColonCancer,0,418,15000,0.11570653846153839
RG-SCSO,ColonCancer,0,419,15000,0.11570653846153839
RG-SCSO,ColonCancer,0,420,15000,0.11570653846153839
RG-SCSO,ColonCancer,0,421,15000,0.11570653846153839
RG-SCSO,ColonCancer,0,422,15000,0.11570653846153839
RG-SCSO,ColonCancer,0,423,15000,0.11570653846153839
RG-SCSO,ColonCancer,0,424,15000,0.11570653846153839
RG-SCSO,ColonCancer,0,425,15000,0.11570653846153839
RG-SCSO,ColonCancer,0,426,15000,0.11570653846153839
RG-SCSO,ColonCancer,0,427,15000,0.11570653846153839
RG-SCSO,ColonCancer,0,428,15000,0.11570653846153839
RG-SCSO,ColonCancer,0,429,15000,0.11570653846153839
RG-SCSO,ColonCancer,0,430,15000,0.11570653846153839
RG-SCSO,ColonCancer,0,431,15000,0.11570653846153839
RG-SCSO,ColonCancer,0,432,15000,0.11570653846153839
RG-SCSO,ColonCancer,0,433,15000,0.11570653846153839
RG-SCSO,ColonCancer,0,434,15000,0.11570653846153839
RG-SCSO,ColonCancer,0,435,15000,0.11570653846153839
RG-SCSO,ColonCancer,0,436,15000,0.11570653846153839
RG-SCSO,ColonCancer,0,437,15000,0.11570653846153839
RG-SCSO,ColonCancer,0,438,15000,0.11570653846153839
RG-SCSO,ColonCancer,0,439,15000,0.11570653846153839
RG-SCSO,ColonCancer,0,440,15000,0.11570653846153839
RG-SCSO,ColonCancer,0,441,15000,0.11570653846153839
RG-SCSO,ColonCancer,0,442,15000,0.11570653846153839
RG-SCSO,ColonCancer,0,443,15000,0.11570653846153839
RG-SCSO,ColonCancer,0,444,15000,0.11570653846153839
RG-SCSO,ColonCancer,0,445,15000,0.11570653846153839
RG-SCSO,ColonCancer,0,446,15000,0.11570653846153839
RG-SCSO,ColonCancer,0,447,15000,0.11570653846153839
RG-SCSO,ColonCancer,0,448,15000,0.11570653846153839
RG-SCSO,ColonCancer,0,449,15000,0.11570653846153839
RG-SCSO,ColonCancer,0,450,15000,0.11570653846153839
RG-SCSO,ColonCancer,0,451,15000,0.11570653846153839
RG-SCSO,ColonCancer,0,452,15000,0.11570653846153839
RG-SCSO,ColonCancer,0,453,15000,0.11570653846153839
RG-SCSO,ColonCancer,0,454,15000,0.11570653846153839
RG-SCSO,ColonCancer,0,455,15000,0.11570653846153839
RG-SCSO,ColonCancer,0,456,15000,0.11570653846153839
RG-SCSO,ColonCancer,0,457,15000,0.11570653846153839
RG-SCSO,ColonCancer,0,458,15000,0.11570653846153839
RG-SCSO,ColonCancer,0,459,15000,0.11570653846153839
RG-SCSO,ColonCancer,0,460,15000,0.11570653846153839
RG-SCSO,ColonCancer,0,461,15000,0.11570653846153839
RG-SCSO,ColonCancer,0,462,15000,0.11570653846153839
RG-SCSO,ColonCancer,0,463,15000,0.11570653846153839
RG-SCSO,ColonCancer,0,464,15000,0.11570653846153839
RG-SCSO,ColonCancer,0,465,15000,0.11570653846153839
RG-SCSO,ColonCancer,0,466,15000,0.11570653846153839
RG-SCSO,ColonCancer,0,467,15000,0.11570653846153839
RG-SCSO,ColonCancer,0,468,15000,0.11570653846153839
RG-SCSO,ColonCancer,0,469,15000,0.11570653846153839
RG-SCSO,ColonCancer,0,470,15000,0.11570653846153839
RG-SCSO,ColonCancer,0,471,15000,0.11570653846153839
RG-SCSO,ColonCancer,0,472,15000,0.11570653846153839
RG-SCSO,ColonCancer,0,473,15000,0.11570653846153839
RG-SCSO,ColonCancer,0,474,15000,0.11570653846153839
RG-SCSO,ColonCancer,0,475,15000,0.11570653846153839
RG-SCSO,ColonCancer,0,476,15000,0.11570653846153839
RG-SCSO,ColonCancer,0,477,15000,0.11570653846153839
RG-SCSO,ColonCancer,0,478,15000,0.11570653846153839
RG-SCSO,ColonCancer,0,479,15000,0.11570653846153839
RG-SCSO,ColonCancer,0,480,15000,0.11570653846153839
RG-SCSO,ColonCancer,0,481,15000,0.11570653846153839
RG-SCSO,ColonCancer,0,482,15000,0.11570653846153839
RG-SCSO,ColonCancer,0,483,15000,0.11570653846153839
RG-SCSO,ColonCancer,0,484,15000,0.11570653846153839
RG-SCSO,ColonCancer,0,485,15000,0.11570653846153839
RG-SCSO,ColonCancer,0,486,15000,0.11570653846153839
RG-SCSO,ColonCancer,0,487,15000,0.11570653846153839
RG-SCSO,ColonCancer,0,488,15000,0.11570653846153839
RG-SCSO,ColonCancer,0,489,15000,0.11570653846153839
RG-SCSO,ColonCancer,0,490,15000,0.11570653846153839
RG-SCSO,ColonCancer,0,491,15000,0.11570653846153839
RG-SCSO,ColonCancer,0,492,15000,0.11570653846153839
RG-SCSO,ColonCancer,0,493,15000,0.11570653846153839
RG-SCSO,ColonCancer,0,494,15000,0.11570653846153839
RG-SCSO,ColonCancer,0,495,15000,0.11570653846153839
RG-SCSO,ColonCancer,0,496,15000,0.11570653846153839
RG-SCSO,ColonCancer,0,497,15000,0.11570653846153839
RG-SCSO,ColonCancer,0,498,15000,0.11570653846153839
RG-SCSO,ColonCancer,0,499,15000,0.11570653846153839
RG-SCSO,ColonCancer,1,0,68,0.21241807692307682
RG-SCSO,ColonCancer,1,1,106,0.21241807692307682
RG-SCSO,ColonCancer,1,2,144,0.1959830769230769
RG-SCSO,ColonCancer,1,3,182,0.1959830769230769
RG-SCSO,ColonCancer,1,4,220,0.1782088461538462
RG-SCSO,ColonCancer,1,5,258,0.1782088461538462
RG-SCSO,ColonCancer,1,6,296,0.1782088461538462
RG-SCSO,ColonCancer,1,7,334,0.1782088461538462
RG-SCSO,ColonCancer,1,8,372,0.1782088461538462
RG-SCSO,ColonCancer,1,9,410,0.1782088461538462
RG-SCSO,ColonCancer,1,10,448,0.1782088461538462
RG-SCSO,ColonCancer,1,11,486,0.1782088461538462
RG-SCSO,ColonCancer,1,12,524,0.1782088461538462
RG-SCSO,ColonCancer,1,13,562,0.1782088461538462
RG-SCSO,ColonCancer,1,14,600,0.1782088461538462
RG-SCSO,ColonCancer,1,15,638,0.1782088461538462
RG-SCSO,ColonCancer,1,16,676,0.1782088461538462
RG-SCSO,ColonCancer,1,17,714,0.1782088461538462
RG-SCSO,ColonCancer,1,18,752,0.1782088461538462
RG-SCSO,ColonCancer,1,19,790,0.1782088461538462
RG-SCSO,ColonCancer,1,20,828,0.1782088461538462
RG-SCSO,ColonCancer,1,21,866,0.1782088461538462
RG-SCSO,ColonCancer,1,22,904,0.1782088461538462
RG-SCSO,ColonCancer,1,23,942,0.1782088461538462
RG-SCSO,ColonCancer,1,24,980,0.1782088461538462
RG-SCSO,ColonCancer,1,25,1018,0.1782088461538462
RG-SCSO,ColonCancer,1,26,1056,0.1782088461538462
RG-SCSO,ColonCancer,1,27,1094,0.1782088461538462
RG-SCSO,ColonCancer,1,28,1132,0.1782088461538462
RG-SCSO,ColonCancer,1,29,1170,0.1782088461538462
RG-SCSO,ColonCancer,1,30,1208,0.1782088461538462
RG-SCSO,ColonCancer,1,31,1246,0.1782088461538462
RG-SCSO,ColonCancer,1,32,1284,0.1782088461538462
RG-SCSO,ColonCancer,1,33,1322,0.1782088461538462
RG-SCSO,ColonCancer,1,34,1360,0.1782088461538462
RG-SCSO,ColonCancer,1,35,1398,0.1782088461538462
RG-SCSO,ColonCancer,1,36,1436,0.1782088461538462
RG-SCSO,ColonCancer,1,37,1474,0.1782088461538462
RG-SCSO,ColonCancer,1,38,1512,0.1782088461538462
RG-SCSO,ColonCancer,1,39,1550,0.1782088461538462
RG-SCSO,ColonCancer,1,40,1588,0.1782088461538462
RG-SCSO,ColonCancer,1,41,1626,0.1782088461538462
RG-SCSO,ColonCancer,1,42,1664,0.1782088461538462
RG-SCSO,ColonCancer,1,43,1702,0.1782088461538462
RG-SCSO,ColonCancer,1,44,1740,0.1782088461538462
RG-SCSO,ColonCancer,1,45,1778,0.1782088461538462
RG-SCSO,ColonCancer,1,46,1816,0.1782088461538462
RG-SCSO,ColonCancer,1,47,1854,0.1782088461538462
RG-SCSO,ColonCancer,1,48,1892,0.1782088461538462
RG-SCSO,ColonCancer,1,49,1930,0.1782088461538462
RG-SCSO,ColonCancer,1,50,1968,0.1782088461538462
RG-SCSO,ColonCancer,1,51,2006,0.1782088461538462
RG-SCSO,ColonCancer,1,52,2044,0.1782088461538462
RG-SCSO,ColonCancer,1,53,2082,0.1782088461538462
RG-SCSO,ColonCancer,1,54,2120,0.1782088461538462
RG-SCSO,ColonCancer,1,55,2158,0.1782088461538462
RG-SCSO,ColonCancer,1,56,2196,0.1781288461538462
RG-SCSO,ColonCancer,1,57,2234,0.1781288461538462
RG-SCSO,ColonCancer,1,58,2272,0.1781288461538462
RG-SCSO,ColonCancer,1,59,2310,0.1781288461538462
RG-SCSO,ColonCancer,1,60,2348,0.1781288461538462
RG-SCSO,ColonCancer,1,61,2386,0.16390730769230766
RG-SCSO,ColonCancer,1,62,2424,0.16390730769230766
RG-SCSO,ColonCancer,1,63,2462,0.16390730769230766
RG-SCSO,ColonCancer,1,64,2500,0.16390730769230766
RG-SCSO,ColonCancer,1,65,2538,0.16390730769230766
RG-SCSO,ColonCancer,1,66,2576,0.16390730769230766
RG-SCSO,ColonCancer,1,67,2614,0.16390730769230766
RG-SCSO,ColonCancer,1,68,2652,0.16390730769230766
RG-SCSO,ColonCancer,1,69,2690,0.16390730769230766
RG-SCSO,ColonCancer,1,70,2728,0.16390730769230766
RG-SCSO,ColonCancer,1,71,2766,0.16390730769230766
RG-SCSO,ColonCancer,1,72,2804,0.16390730769230766
RG-SCSO,ColonCancer,1,73,2842,0.16390730769230766
RG-SCSO,ColonCancer,1,74,2880,0.16390730769230766
RG-SCSO,ColonCancer,1,75,2918,0.16390730769230766
RG-SCSO,ColonCancer,1,76,2956,0.16390730769230766
RG-SCSO,ColonCancer,1,77,2994,0.16390730769230766
RG-SCSO,ColonCancer,1,78,3032,0.16390730769230766
RG-SCSO,ColonCancer,1,79,3070,0.16390730769230766
RG-SCSO,ColonCancer,1,80,3108,0.16390730769230766
RG-SCSO,ColonCancer,1,81,3146,0.16390730769230766
RG-SCSO,ColonCancer,1,82,3184,0.16390730769230766
RG-SCSO,ColonCancer,1,83,3222,0.16390730769230766
RG-SCSO,ColonCancer,1,84,3260,0.16390730769230766
RG-SCSO,ColonCancer,1,85,3298,0.16390730769230766
RG-SCSO,ColonCancer,1,86,3336,0.16390730769230766
RG-SCSO,ColonCancer,1,87,3374,0.16390730769230766
RG-SCSO,ColonCancer,1,88,3412,0.16390730769230766
RG-SCSO,ColonCancer,1,89,3450,0.16390730769230766
RG-SCSO,ColonCancer,1,90,3488,0.16390730769230766
RG-SCSO,ColonCancer,1,91,3526,0.16390730769230766
RG-SCSO,ColonCancer,1,92,3564,0.16390730769230766
RG-SCSO,ColonCancer,1,93,3602,0.16390730769230766
RG-SCSO,ColonCancer,1,94,3640,0.16390730769230766
RG-SCSO,ColonCancer,1,95,3678,0.16390730769230766
RG-SCSO,ColonCancer,1,96,3716,0.16390730769230766
RG-SCSO,ColonCancer,1,97,3754,0.16390730769230766
RG-SCSO,ColonCancer,1,98,3792,0.16390730769230766
RG-SCSO,ColonCancer,1,99,3830,0.16390730769230766
RG-SCSO,ColonCancer,1,100,3868,0.16390730769230766
RG-SCSO,ColonCancer,1,101,3906,0.16390730769230766
RG-SCSO,ColonCancer,1,102,3944,0.16390730769230766
RG-SCSO,ColonCancer,1,103,3982,0.16390730769230766
RG-SCSO,ColonCancer,1,104,4020,0.16390730769230766
RG-SCSO,ColonCancer,1,105,4058,0.16390730769230766
RG-SCSO,ColonCancer,1,106,4096,0.16390730769230766
RG-SCSO,ColonCancer,1,107,4134,0.16388230769230766
RG-SCSO,ColonCancer,1,108,4172,0.16388230769230766
RG-SCSO,ColonCancer,1,109,4210,0.16388230769230766
RG-SCSO,ColonCancer,1,110,4248,0.16388230769230766
RG-SCSO,ColonCancer,1,111,4286,0.16388230769230766
RG-SCSO,ColonCancer,1,112,4324,0.16388230769230766
RG-SCSO,ColonCancer,1,113,4362,0.16388230769230766
RG-SCSO,ColonCancer,1,114,4400,0.16388230769230766
RG-SCSO,ColonCancer,1,115,4438,0.16388230769230766
RG-SCSO,ColonCancer,1,116,4476,0.16388230769230766
RG-SCSO,ColonCancer,1,117,4514,0.16388230769230766
RG-SCSO,ColonCancer,1,118,4552,0.16388230769230766
RG-SCSO,ColonCancer,1,119,4590,0.16388230769230766
RG-SCSO,ColonCancer,1,120,4628,0.16388230769230766
RG-SCSO,ColonCancer,1,121,4666,0.16388230769230766
RG-SCSO,ColonCancer,1,122,4704,0.16388230769230766
RG-SCSO,ColonCancer,1,123,4742,0.16388230769230766
RG-SCSO,ColonCancer,1,124,4780,0.16388230769230766
RG-SCSO,ColonCancer,1,125,4818,0.16388230769230766
RG-SCSO,ColonCancer,1,126,4856,0.16388230769230766
RG-SCSO,ColonCancer,1,127,4894,0.16388230769230766
RG-SCSO,ColonCancer,1,128,4932,0.16388230769230766
RG-SCSO,ColonCancer,1,129,4970,0.16388230769230766
RG-SCSO,ColonCancer,1,130,5008,0.16388230769230766
RG-SCSO,ColonCancer,1,131,5046,0.16388230769230766
RG-SCSO,ColonCancer,1,132,5084,0.16388230769230766
RG-SCSO,ColonCancer,1,133,5122,0.16388230769230766
RG-SCSO,ColonCancer,1,134,5160,0.16388230769230766
RG-SCSO,ColonCancer,1,135,5198,0.16388230769230766
RG-SCSO,ColonCancer,1,136,5236,0.16388230769230766
RG-SCSO,ColonCancer,1,137,5274,0.16388230769230766
RG-SCSO,ColonCancer,1,138,5312,0.16388230769230766
RG-SCSO,ColonCancer,1,139,5350,0.16388230769230766
RG-SCSO,ColonCancer,1,140,5388,0.16388230769230766
RG-SCSO,ColonCancer,1,141,5426,0.16388230769230766
RG-SCSO,ColonCancer,1,142,5464,0.16388230769230766
RG-SCSO,ColonCancer,1,143,5502,0.16388230769230766
RG-SCSO,ColonCancer,1,144,5540,0.16388230769230766
RG-SCSO,ColonCancer,1,145,5578,0.16388230769230766
RG-SCSO,ColonCancer,1,146,5616,0.16388230769230766
RG-SCSO,ColonCancer,1,147,5654,0.16388230769230766
RG-SCSO,ColonCancer,1,148,5692,0.16388230769230766
RG-SCSO,ColonCancer,1,149,5730,0.16388230769230766
RG-SCSO,ColonCancer,1,150,5768,0.16388230769230766
RG-SCSO,ColonCancer,1,151,5806,0.16388230769230766
RG-SCSO,ColonCancer,1,152,5844,0.16388230769230766
RG-SCSO,ColonCancer,1,153,5882,0.16388230769230766
RG-SCSO,ColonCancer,1,154,5920,0.16388230769230766
RG-SCSO,ColonCancer,1,155,5958,0.16388230769230766
RG-SCSO,ColonCancer,1,156,5996,0.16388230769230766
RG-SCSO,ColonCancer,1,157,6034,0.16388230769230766
RG-SCSO,ColonCancer,1,158,6072,0.16388230769230766
RG-SCSO,ColonCancer,1,159,6110,0.16388230769230766
RG-SCSO,ColonCancer,1,160,6148,0.16388230769230766
RG-SCSO,ColonCancer,1,161,6186,0.16388230769230766
RG-SCSO,ColonCancer,1,162,6224,0.16388230769230766
RG-SCSO,ColonCancer,1,163,6262,0.16388230769230766
RG-SCSO,ColonCancer,1,164,6300,0.16388230769230766
RG-SCSO,ColonCancer,1,165,6338,0.16388230769230766
RG-SCSO,ColonCancer,1,166,6376,0.16388230769230766
RG-SCSO,ColonCancer,1,167,6414,0.16388230769230766
RG-SCSO,ColonCancer,1,168,6452,0.16388230769230766
RG-SCSO,ColonCancer,1,169,6490,0.16388230769230766
RG-SCSO,ColonCancer,1,170,6528,0.16388230769230766
RG-SCSO,ColonCancer,1,171,6566,0.16388230769230766
RG-SCSO,ColonCancer,1,172,6604,0.16388230769230766
RG-SCSO,ColonCancer,1,173,6642,0.16388230769230766
RG-SCSO,ColonCancer,1,174,6680,0.16388230769230766
RG-SCSO,ColonCancer,1,175,6718,0.16388230769230766
RG-SCSO,ColonCancer,1,176,6756,0.16388230769230766
RG-SCSO,ColonCancer,1,177,6794,0.16388230769230766
RG-SCSO,ColonCancer,1,178,6832,0.16388230769230766
RG-SCSO,ColonCancer,1,179,6870,0.16388230769230766
RG-SCSO,ColonCancer,1,180,6908,0.16388230769230766
RG-SCSO,ColonCancer,1,181,6946,0.16388230769230766
RG-SCSO,ColonCancer,1,182,6984,0.16388230769230766
RG-SCSO,ColonCancer,1,183,7022,0.16388230769230766
RG-SCSO,ColonCancer,1,184,7060,0.16388230769230766
RG-SCSO,ColonCancer,1,185,7098,0.16388230769230766
RG-SCSO,ColonCancer,1,186,7136,0.16388230769230766
RG-SCSO,ColonCancer,1,187,7174,0.16388230769230766
RG-SCSO,ColonCancer,1,188,7212,0.16388230769230766
RG-SCSO,ColonCancer,1,189,7250,0.16388230769230766
RG-SCSO,ColonCancer,1,190,7288,0.16388230769230766
RG-SCSO,ColonCancer,1,191,7326,0.16388230769230766
RG-SCSO,ColonCancer,1,192,7364,0.16388230769230766
RG-SCSO,ColonCancer,1,193,7402,0.16388230769230766
RG-SCSO,ColonCancer,1,194,7440,0.16388230769230766
RG-SCSO,ColonCancer,1,195,7478,0.16388230769230766
RG-SCSO,ColonCancer,1,196,7516,0.16388230769230766
RG-SCSO,ColonCancer,1,197,7554,0.16388230769230766
RG-SCSO,ColonCancer,1,198,7592,0.16388230769230766
RG-SCSO,ColonCancer,1,199,7630,0.16388230769230766
RG-SCSO,ColonCancer,1,200,7668,0.16388230769230766
RG-SCSO,ColonCancer,1,201,7706,0.16388230769230766
RG-SCSO,ColonCancer,1,202,7744,0.16388230769230766
RG-SCSO,ColonCancer,1,203,7782,0.16388230769230766
RG-SCSO,ColonCancer,1,204,7820,0.162778076923077
RG-SCSO,ColonCancer,1,205,7858,0.162778076923077
RG-SCSO,ColonCancer,1,206,7896,0.162778076923077
RG-SCSO,ColonCancer,1,207,7934,0.162778076923077
RG-SCSO,ColonCancer,1,208,7972,0.162778076923077
RG-SCSO,ColonCancer,1,209,8010,0.162778076923077
RG-SCSO,ColonCancer,1,210,8048,0.162778076923077
RG-SCSO,ColonCancer,1,211,8086,0.162778076923077
RG-SCSO,ColonCancer,1,212,8124,0.162778076923077
RG-SCSO,ColonCancer,1,213,8162,0.162778076923077
RG-SCSO,ColonCancer,1,214,8200,0.162778076923077
RG-SCSO,ColonCancer,1,215,8238,0.162778076923077
RG-SCSO,ColonCancer,1,216,8276,0.162778076923077
RG-SCSO,ColonCancer,1,217,8314,0.162778076923077
RG-SCSO,ColonCancer,1,218,8352,0.162778076923077
RG-SCSO,ColonCancer,1,219,8390,0.162778076923077
RG-SCSO,ColonCancer,1,220,8428,0.162778076923077
RG-SCSO,ColonCancer,1,221,8466,0.162778076923077
RG-SCSO,ColonCancer,1,222,8504,0.162778076923077
RG-SCSO,ColonCancer,1,223,8542,0.162778076923077
RG-SCSO,ColonCancer,1,224,8580,0.162778076923077
RG-SCSO,ColonCancer,1,225,8618,0.162778076923077
RG-SCSO,ColonCancer,1,226,8656,0.162778076923077
RG-SCSO,ColonCancer,1,227,8694,0.162778076923077
RG-SCSO,ColonCancer,1,228,8732,0.162778076923077
RG-SCSO,ColonCancer,1,229,8770,0.162778076923077
RG-SCSO,ColonCancer,1,230,8808,0.162778076923077
RG-SCSO,ColonCancer,1,231,8846,0.162778076923077
RG-SCSO,ColonCancer,1,232,8884,0.162778076923077
RG-SCSO,ColonCancer,1,233,8922,0.162778076923077
RG-SCSO,ColonCancer,1,234,8960,0.162778076923077
RG-SCSO,ColonCancer,1,235,8998,0.162778076923077
RG-SCSO,ColonCancer,1,236,9036,0.162778076923077
RG-SCSO,ColonCancer,1,237,9074,0.162778076923077
RG-SCSO,ColonCancer,1,238,9112,0.162778076923077
RG-SCSO,ColonCancer,1,239,9150,0.162778076923077
RG-SCSO,ColonCancer,1,240,9188,0.162778076923077
RG-SCSO,ColonCancer,1,241,9226,0.162778076923077
RG-SCSO,ColonCancer,1,242,9264,0.162778076923077
RG-SCSO,ColonCancer,1,243,9302,0.162778076923077
RG-SCSO,ColonCancer,1,244,9340,0.162778076923077
RG-SCSO,ColonCancer,1,245,9378,0.162778076923077
RG-SCSO,ColonCancer,1,246,9416,0.162778076923077
RG-SCSO,ColonCancer,1,247,9454,0.162778076923077
RG-SCSO,ColonCancer,1,248,9492,0.162778076923077
RG-SCSO,ColonCancer,1,249,9530,0.162778076923077
RG-SCSO,ColonCancer,1,250,9568,0.162778076923077
RG-SCSO,ColonCancer,1,251,9606,0.162778076923077
RG-SCSO,ColonCancer,1,252,9644,0.162778076923077
RG-SCSO,ColonCancer,1,253,9682,0.162778076923077
RG-SCSO,ColonCancer,1,254,9720,0.162778076923077
RG-SCSO,ColonCancer,1,255,9758,0.162778076923077
RG-SCSO,ColonCancer,1,256,9796,0.162778076923077
RG-SCSO,ColonCancer,1,257,9834,0.162778076923077
RG-SCSO,ColonCancer,1,258,9872,0.162778076923077
RG-SCSO,ColonCancer,1,259,9910,0.162778076923077
RG-SCSO,ColonCancer,1,260,9948,0.162778076923077
RG-SCSO,ColonCancer,1,261,9986,0.162778076923077
RG-SCSO,ColonCancer,1,262,10024,0.162778076923077
RG-SCSO,ColonCancer,1,263,10062,0.162778076923077
RG-SCSO,ColonCancer,1,264,10100,0.162778076923077
RG-SCSO,ColonCancer,1,265,10138,0.162778076923077
RG-SCSO,ColonCancer,1,266,10176,0.162778076923077
RG-SCSO,ColonCancer,1,267,10214,0.162778076923077
RG-SCSO,ColonCancer,1,268,10252,0.162778076923077
RG-SCSO,ColonCancer,1,269,10290,0.162778076923077
RG-SCSO,ColonCancer,1,270,10328,0.162778076923077
RG-SCSO,ColonCancer,1,271,10366,0.162778076923077
RG-SCSO,ColonCancer,1,272,10404,0.162778076923077
RG-SCSO,ColonCancer,1,273,10442,0.162778076923077
RG-SCSO,ColonCancer,1,274,10480,0.162778076923077
RG-SCSO,ColonCancer,1,275,10518,0.162778076923077
RG-SCSO,ColonCancer,1,276,10556,0.162778076923077
RG-SCSO,ColonCancer,1,277,10594,0.162778076923077
RG-SCSO,ColonCancer,1,278,10632,0.162778076923077
RG-SCSO,ColonCancer,1,279,10670,0.162778076923077
RG-SCSO,ColonCancer,1,280,10708,0.162778076923077
RG-SCSO,ColonCancer,1,281,10746,0.162778076923077
RG-SCSO,ColonCancer,1,282,10784,0.162778076923077
RG-SCSO,ColonCancer,1,283,10822,0.162778076923077
RG-SCSO,ColonCancer,1,284,10860,0.162778076923077
RG-SCSO,ColonCancer,1,285,10898,0.162778076923077
RG-SCSO,ColonCancer,1,286,10936,0.162778076923077
RG-SCSO,ColonCancer,1,287,10974,0.162778076923077
RG-SCSO,ColonCancer,1,288,11012,0.162778076923077
RG-SCSO,ColonCancer,1,289,11050,0.162778076923077
RG-SCSO,ColonCancer,1,290,11088,0.162778076923077
RG-SCSO,ColonCancer,1,291,11126,0.162778076923077
RG-SCSO,ColonCancer,1,292,11164,0.162778076923077
RG-SCSO,ColonCancer,1,293,11202,0.162778076923077
RG-SCSO,ColonCancer,1,294,11240,0.162778076923077
RG-SCSO,ColonCancer,1,295,11278,0.162778076923077
RG-SCSO,ColonCancer,1,296,11316,0.162778076923077
RG-SCSO,ColonCancer,1,297,11354,0.162778076923077
RG-SCSO,ColonCancer,1,298,11392,0.162778076923077
RG-SCSO,ColonCancer,1,299,11430,0.162778076923077
RG-SCSO,ColonCancer,1,300,11468,0.162778076923077
RG-SCSO,ColonCancer,1,301,11506,0.162778076923077
RG-SCSO,ColonCancer,1,302,11544,0.16157384615384615
RG-SCSO,ColonCancer,1,303,11582,0.16157384615384615
RG-SCSO,ColonCancer,1,304,11620,0.16157384615384615
RG-SCSO,ColonCancer,1,305,11658,0.16157384615384615
RG-SCSO,ColonCancer,1,306,11696,0.16157384615384615
RG-SCSO,ColonCancer,1,307,11734,0.16157384615384615
RG-SCSO,ColonCancer,1,308,11772,0.16157384615384615
RG-SCSO,ColonCancer,1,309,11810,0.16157384615384615
RG-SCSO,ColonCancer,1,310,11848,0.16157384615384615
RG-SCSO,ColonCancer,1,311,11886,0.16157384615384615
RG-SCSO,ColonCancer,1,312,11924,0.16157384615384615
RG-SCSO,ColonCancer,1,313,11962,0.16157384615384615
RG-SCSO,ColonCancer,1,314,12000,0.16157384615384615
RG-SCSO,ColonCancer,1,315,12038,0.16157384615384615
RG-SCSO,ColonCancer,1,316,12076,0.16157384615384615
RG-SCSO,ColonCancer,1,317,12114,0.16157384615384615
RG-SCSO,ColonCancer,1,318,12152,0.16157384615384615
RG-SCSO,ColonCancer,1,319,12190,0.16157384615384615
RG-SCSO,ColonCancer,1,320,12228,0.16157384615384615
RG-SCSO,ColonCancer,1,321,12266,0.16157384615384615
RG-SCSO,ColonCancer,1,322,12304,0.16157384615384615
RG-SCSO,ColonCancer,1,323,12342,0.16157384615384615
RG-SCSO,ColonCancer,1,324,12380,0.16157384615384615
RG-SCSO,ColonCancer,1,325,12418,0.16157384615384615
RG-SCSO,ColonCancer,1,326,12456,0.16157384615384615
RG-SCSO,ColonCancer,1,327,12494,0.16157384615384615
RG-SCSO,ColonCancer,1,328,12532,0.16157384615384615
RG-SCSO,ColonCancer,1,329,12570,0.16157384615384615
RG-SCSO,ColonCancer,1,330,12608,0.16157384615384615
RG-SCSO,ColonCancer,1,331,12646,0.16157384615384615
RG-SCSO,ColonCancer,1,332,12684,0.16157384615384615
RG-SCSO,ColonCancer,1,333,12722,0.16157384615384615
RG-SCSO,ColonCancer,1,334,12760,0.16157384615384615
RG-SCSO,ColonCancer,1,335,12798,0.16157384615384615
RG-SCSO,ColonCancer,1,336,12836,0.16157384615384615
RG-SCSO,ColonCancer,1,337,12874,0.16157384615384615
RG-SCSO,ColonCancer,1,338,12912,0.16157384615384615
RG-SCSO,ColonCancer,1,339,12950,0.16157384615384615
RG-SCSO,ColonCancer,1,340,12988,0.16157384615384615
RG-SCSO,ColonCancer,1,341,13026,0.16157384615384615
RG-SCSO,ColonCancer,1,342,13064,0.16157384615384615
RG-SCSO,ColonCancer,1,343,13102,0.16157384615384615
RG-SCSO,ColonCancer,1,344,13140,0.16157384615384615
RG-SCSO,ColonCancer,1,345,13178,0.16157384615384615
RG-SCSO,ColonCancer,1,346,13216,0.16157384615384615
RG-SCSO,ColonCancer,1,347,13254,0.16157384615384615
RG-SCSO,ColonCancer,1,348,13292,0.16157384615384615
RG-SCSO,ColonCancer,1,349,13330,0.16157384615384615
RG-SCSO,ColonCancer,1,350,13368,0.16157384615384615
RG-SCSO,ColonCancer,1,351,13406,0.16157384615384615
RG-SCSO,ColonCancer,1,352,13444,0.16157384615384615
RG-SCSO,ColonCancer,1,353,13482,0.16157384615384615
RG-SCSO,ColonCancer,1,354,13520,0.16157384615384615
RG-SCSO,ColonCancer,1,355,13558,0.16157384615384615
RG-SCSO,ColonCancer,1,356,13596,0.16157384615384615
RG-SCSO,ColonCancer,1,357,13634,0.16157384615384615
RG-SCSO,ColonCancer,1,358,13672,0.16157384615384615
RG-SCSO,ColonCancer,1,359,13710,0.16157384615384615
RG-SCSO,ColonCancer,1,360,13748,0.16157384615384615
RG-SCSO,ColonCancer,1,361,13786,0.16157384615384615
RG-SCSO,ColonCancer,1,362,13824,0.16157384615384615
RG-SCSO,ColonCancer,1,363,13862,0.16157384615384615
RG-SCSO,ColonCancer,1,364,13900,0.16157384615384615
RG-SCSO,ColonCancer,1,365,13938,0.16157384615384615
RG-SCSO,ColonCancer,1,366,13976,0.16157384615384615
RG-SCSO,ColonCancer,1,367,14014,0.16157384615384615
RG-SCSO,ColonCancer,1,368,14052,0.16157384615384615
RG-SCSO,ColonCancer,1,369,14090,0.16157384615384615
RG-SCSO,ColonCancer,1,370,14128,0.16157384615384615
RG-SCSO,ColonCancer,1,371,14166,0.16157384615384615
RG-SCSO,ColonCancer,1,372,14204,0.16157384615384615
RG-SCSO,ColonCancer,1,373,14242,0.16157384615384615
RG-SCSO,ColonCancer,1,374,14280,0.16157384615384615
RG-SCSO,ColonCancer,1,375,14318,0.16157384615384615
RG-SCSO,ColonCancer,1,376,14356,0.16157384615384615
RG-SCSO,ColonCancer,1,377,14394,0.16157384615384615
RG-SCSO,ColonCancer,1,378,14432,0.16157384615384615
RG-SCSO,ColonCancer,1,379,14470,0.16157384615384615
RG-SCSO,ColonCancer,1,380,14508,0.16157384615384615
RG-SCSO,ColonCancer,1,381,14546,0.16157384615384615
RG-SCSO,ColonCancer,1,382,14584,0.16157384615384615
RG-SCSO,ColonCancer,1,383,14622,0.16157384615384615
RG-SCSO,ColonCancer,1,384,14660,0.16157384615384615
RG-SCSO,ColonCancer,1,385,14698,0.16157384615384615
RG-SCSO,ColonCancer,1,386,14736,0.16157384615384615
RG-SCSO,ColonCancer,1,387,14774,0.16157384615384615
RG-SCSO,ColonCancer,1,388,14812,0.16157384615384615
RG-SCSO,ColonCancer,1,389,14850,0.16157384615384615
RG-SCSO,ColonCancer,1,390,14888,0.16157384615384615
RG-SCSO,ColonCancer,1,391,14926,0.16157384615384615
RG-SCSO,ColonCancer,1,392,14964,0.16157384615384615
RG-SCSO,ColonCancer,1,393,15000,0.16157384615384615
RG-SCSO,ColonCancer,1,394,15000,0.16157384615384615
RG-SCSO,ColonCancer,1,395,15000,0.16157384615384615
RG-SCSO,ColonCancer,1,396,15000,0.16157384615384615
RG-SCSO,ColonCancer,1,397,15000,0.16157384615384615
RG-SCSO,ColonCancer,1,398,15000,0.16157384615384615
RG-SCSO,ColonCancer,1,399,15000,0.16157384615384615
RG-SCSO,ColonCancer,1,400,15000,0.16157384615384615
RG-SCSO,ColonCancer,1,401,15000,0.16157384615384615
RG-SCSO,ColonCancer,1,402,15000,0.16157384615384615
RG-SCSO,ColonCancer,1,403,15000,0.16157384615384615
RG-SCSO,ColonCancer,1,404,15000,0.16157384615384615
RG-SCSO,ColonCancer,1,405,15000,0.16157384615384615
RG-SCSO,ColonCancer,1,406,15000,0.16157384615384615
RG-SCSO,ColonCancer,1,407,15000,0.16157384615384615
RG-SCSO,ColonCancer,1,408,15000,0.16157384615384615
RG-SCSO,ColonCancer,1,409,15000,0.16157384615384615
RG-SCSO,ColonCancer,1,410,15000,0.16157384615384615
RG-SCSO,ColonCancer,1,411,15000,0.16157384615384615
RG-SCSO,ColonCancer,1,412,15000,0.16157384615384615
RG-SCSO,ColonCancer,1,413,15000,0.16157384615384615
RG-SCSO,ColonCancer,1,414,15000,0.16157384615384615
RG-SCSO,ColonCancer,1,415,15000,0.16157384615384615
RG-SCSO,ColonCancer,1,416,15000,0.16157384615384615
RG-SCSO,ColonCancer,1,417,15000,0.16157384615384615
RG-SCSO,ColonCancer,1,418,15000,0.16157384615384615
RG-SCSO,ColonCancer,1,419,15000,0.16157384615384615
RG-SCSO,ColonCancer,1,420,15000,0.16157384615384615
RG-SCSO,ColonCancer,1,421,15000,0.16157384615384615
RG-SCSO,ColonCancer,1,422,15000,0.16157384615384615
RG-SCSO,ColonCancer,1,423,15000,0.16157384615384615
RG-SCSO,ColonCancer,1,424,15000,0.16157384615384615
RG-SCSO,ColonCancer,1,425,15000,0.16157384615384615
RG-SCSO,ColonCancer,1,426,15000,0.16157384615384615
RG-SCSO,ColonCancer,1,427,15000,0.16157384615384615
RG-SCSO,ColonCancer,1,428,15000,0.16157384615384615
RG-SCSO,ColonCancer,1,429,15000,0.16157384615384615
RG-SCSO,ColonCancer,1,430,15000,0.16157384615384615
RG-SCSO,ColonCancer,1,431,15000,0.16157384615384615
RG-SCSO,ColonCancer,1,432,15000,0.16157384615384615
RG-SCSO,ColonCancer,1,433,15000,0.16157384615384615
RG-SCSO,ColonCancer,1,434,15000,0.16157384615384615
RG-SCSO,ColonCancer,1,435,15000,0.16157384615384615
RG-SCSO,ColonCancer,1,436,15000,0.16157384615384615
RG-SCSO,ColonCancer,1,437,15000,0.16157384615384615
RG-SCSO,ColonCancer,1,438,15000,0.16157384615384615
RG-SCSO,ColonCancer,1,439,15000,0.16157384615384615
RG-SCSO,ColonCancer,1,440,15000,0.16157384615384615
RG-SCSO,ColonCancer,1,441,15000,0.16157384615384615
RG-SCSO,ColonCancer,1,442,15000,0.16157384615384615
RG-SCSO,ColonCancer,1,443,15000,0.16157384615384615
RG-SCSO,ColonCancer,1,444,15000,0.16157384615384615
RG-SCSO,ColonCancer,1,445,15000,0.16157384615384615
RG-SCSO,ColonCancer,1,446,15000,0.16157384615384615
RG-SCSO,ColonCancer,1,447,15000,0.16157384615384615
RG-SCSO,ColonCancer,1,448,15000,0.16157384615384615
RG-SCSO,ColonCancer,1,449,15000,0.16157384615384615
RG-SCSO,ColonCancer,1,450,15000,0.16157384615384615
RG-SCSO,ColonCancer,1,451,15000,0.16157384615384615
RG-SCSO,ColonCancer,1,452,15000,0.16157384615384615
RG-SCSO,ColonCancer,1,453,15000,0.16157384615384615
RG-SCSO,ColonCancer,1,454,15000,0.16157384615384615
RG-SCSO,ColonCancer,1,455,15000,0.16157384615384615
RG-SCSO,ColonCancer,1,456,15000,0.16157384615384615
RG-SCSO,ColonCancer,1,457,15000,0.16157384615384615
RG-SCSO,ColonCancer,1,458,15000,0.16157384615384615
RG-SCSO,ColonCancer,1,459,15000,0.16157384615384615
RG-SCSO,ColonCancer,1,460,15000,0.16157384615384615
RG-SCSO,ColonCancer,1,461,15000,0.16157384615384615
RG-SCSO,ColonCancer,1,462,15000,0.16157384615384615
RG-SCSO,ColonCancer,1,463,15000,0.16157384615384615
RG-SCSO,ColonCancer,1,464,15000,0.16157384615384615
RG-SCSO,ColonCancer,1,465,15000,0.16157384615384615
RG-SCSO,ColonCancer,1,466,15000,0.16157384615384615
RG-SCSO,ColonCancer,1,467,15000,0.16157384615384615
RG-SCSO,ColonCancer,1,468,15000,0.16157384615384615
RG-SCSO,ColonCancer,1,469,15000,0.16157384615384615
RG-SCSO,ColonCancer,1,470,15000,0.16157384615384615
RG-SCSO,ColonCancer,1,471,15000,0.16157384615384615
RG-SCSO,ColonCancer,1,472,15000,0.16157384615384615
RG-SCSO,ColonCancer,1,473,15000,0.16157384615384615
RG-SCSO,ColonCancer,1,474,15000,0.16157384615384615
RG-SCSO,ColonCancer,1,475,15000,0.16157384615384615
RG-SCSO,ColonCancer,1,476,15000,0.16157384615384615
RG-SCSO,ColonCancer,1,477,15000,0.16157384615384615
RG-SCSO,ColonCancer,1,478,15000,0.16157384615384615
RG-SCSO,ColonCancer,1,479,15000,0.16157384615384615
RG-SCSO,ColonCancer,1,480,15000,0.16157384615384615
RG-SCSO,ColonCancer,1,481,15000,0.16157384615384615
RG-SCSO,ColonCancer,1,482,15000,0.16157384615384615
RG-SCSO,ColonCancer,1,483,15000,0.16157384615384615
RG-SCSO,ColonCancer,1,484,15000,0.16157384615384615
RG-SCSO,ColonCancer,1,485,15000,0.16157384615384615
RG-SCSO,ColonCancer,1,486,15000,0.16157384615384615
RG-SCSO,ColonCancer,1,487,15000,0.16157384615384615
RG-SCSO,ColonCancer,1,488,15000,0.16157384615384615
RG-SCSO,ColonCancer,1,489,15000,0.16157384615384615
RG-SCSO,ColonCancer,1,490,15000,0.16157384615384615
RG-SCSO,ColonCancer,1,491,15000,0.16157384615384615
RG-SCSO,ColonCancer,1,492,15000,0.16157384615384615
RG-SCSO,ColonCancer,1,493,15000,0.16157384615384615
RG-SCSO,ColonCancer,1,494,15000,0.16157384615384615
RG-SCSO,ColonCancer,1,495,15000,0.16157384615384615
RG-SCSO,ColonCancer,1,496,15000,0.16157384615384615
RG-SCSO,ColonCancer,1,497,15000,0.16157384615384615
RG-SCSO,ColonCancer,1,498,15000,0.16157384615384615
RG-SCSO,ColonCancer,1,499,15000,0.16157384615384615
RG-SCSO,ColonCancer,2,0,68,0.1484915384615385
RG-SCSO,ColonCancer,2,1,106,0.13229653846153833
RG-SCSO,ColonCancer,2,2,144,0.13229653846153833
RG-SCSO,ColonCancer,2,3,182,0.13229653846153833
RG-SCSO,ColonCancer,2,4,220,0.13229653846153833
RG-SCSO,ColonCancer,2,5,258,0.13229653846153833
RG-SCSO,ColonCancer,2,6,296,0.13229653846153833
RG-SCSO,ColonCancer,2,7,334,0.11704076923076916
RG-SCSO,ColonCancer,2,8,372,0.11703576923076915
RG-SCSO,ColonCancer,2,9,410,0.11703576923076915
RG-SCSO,ColonCancer,2,10,448,0.11703576923076915
RG-SCSO,ColonCancer,2,11,486,0.11703576923076915
RG-SCSO,ColonCancer,2,12,524,0.11703576923076915
RG-SCSO,ColonCancer,2,13,562,0.11584653846153839
RG-SCSO,ColonCancer,2,14,600,0.10057576923076922
RG-SCSO,ColonCancer,2,15,638,0.10057576923076922
RG-SCSO,ColonCancer,2,16,676,0.10057576923076922
RG-SCSO,ColonCancer,2,17,714,0.10057576923076922
RG-SCSO,ColonCancer,2,18,752,0.10057576923076922
RG-SCSO,ColonCancer,2,19,790,0.10057576923076922
RG-SCSO,ColonCancer,2,20,828,0.10057576923076922
RG-SCSO,ColonCancer,2,21,866,0.10057576923076922
RG-SCSO,ColonCancer,2,22,904,0.10057576923076922
RG-SCSO,ColonCancer,2,23,942,0.10057576923076922
RG-SCSO,ColonCancer,2,24,980,0.10057576923076922
RG-SCSO,ColonCancer,2,25,1018,0.10057576923076922
RG-SCSO,ColonCancer,2,26,1056,0.10057576923076922
RG-SCSO,ColonCancer,2,27,1094,0.10057576923076922
RG-SCSO,ColonCancer,2,28,1132,0.10057576923076922
RG-SCSO,ColonCancer,2,29,1170,0.10057576923076922
RG-SCSO,ColonCancer,2,30,1208,0.10057576923076922
RG-SCSO,ColonCancer,2,31,1246,0.10057576923076922
RG-SCSO,ColonCancer,2,32,1284,0.10057576923076922
RG-SCSO,ColonCancer,2,33,1322,0.10057576923076922
RG-SCSO,ColonCancer,2,34,1360,0.10057576923076922
RG-SCSO,ColonCancer,2,35,1398,0.10057576923076922
RG-SCSO,ColonCancer,2,36,1436,0.10057576923076922
RG-SCSO,ColonCancer,2,37,1474,0.10057576923076922
RG-SCSO,ColonCancer,2,38,1512,0.10057576923076922
RG-SCSO,ColonCancer,2,39,1550,0.10057576923076922
RG-SCSO,ColonCancer,2,40,1588,0.10057576923076922
RG-SCSO,ColonCancer,2,41,1626,0.10057576923076922
RG-SCSO,ColonCancer,2,42,1664,0.10057576923076922
RG-SCSO,ColonCancer,2,43,1702,0.10057576923076922
RG-SCSO,ColonCancer,2,44,1740,0.10057576923076922
RG-SCSO,ColonCancer,2,45,1778,0.10057576923076922
RG-SCSO,ColonCancer,2,46,1816,0.10057576923076922
RG-SCSO,ColonCancer,2,47,1854,0.10057576923076922
RG-SCSO,ColonCancer,2,48,1892,0.10057576923076922
RG-SCSO,ColonCancer,2,49,1930,0.10057576923076922
RG-SCSO,ColonCancer,2,50,1968,0.10057576923076922
RG-SCSO,ColonCancer,2,51,2006,0.10057576923076922
RG-SCSO,ColonCancer,2,52,2044,0.10057576923076922
RG-SCSO,ColonCancer,2,53,2082,0.10057576923076922
RG-SCSO,ColonCancer,2,54,2120,0.10057576923076922
RG-SCSO,ColonCancer,2,55,2158,0.10057576923076922
RG-SCSO,ColonCancer,2,56,2196,0.10057576923076922
RG-SCSO,ColonCancer,2,57,2234,0.10057576923076922
RG-SCSO,ColonCancer,2,58,2272,0.10057576923076922
RG-SCSO,ColonCancer,2,59,2310,0.10057576923076922
RG-SCSO,ColonCancer,2,60,2348,0.10057576923076922
RG-SCSO,ColonCancer,2,61,2386,0.10057576923076922
RG-SCSO,ColonCancer,2,62,2424,0.10057576923076922
RG-SCSO,ColonCancer,2,63,2462,0.10057576923076922
RG-SCSO,ColonCancer,2,64,2500,0.10057576923076922
RG-SCSO,ColonCancer,2,65,2538,0.10057576923076922
RG-SCSO,ColonCancer,2,66,2576,0.10057576923076922
RG-SCSO,ColonCancer,2,67,2614,0.10057576923076922
RG-SCSO,ColonCancer,2,68,2652,0.10057576923076922
RG-SCSO,ColonCancer,2,69,2690,0.10057576923076922
RG-SCSO,ColonCancer,2,70,2728,0.10046576923076922
RG-SCSO,ColonCancer,2,71,2766,0.09925153846153845
RG-SCSO,ColonCancer,2,72,2804,0.09925153846153845
RG-SCSO,ColonCancer,2,73,2842,0.09925153846153845
RG-SCSO,ColonCancer,2,74,2880,0.09925153846153845
RG-SCSO,ColonCancer,2,75,2918,0.09925153846153845
RG-SCSO,ColonCancer,2,76,2956,0.09925153846153845
RG-SCSO,ColonCancer,2,77,2994,0.09925153846153845
RG-SCSO,ColonCancer,2,78,3032,0.09925153846153845
RG-SCSO,ColonCancer,2,79,3070,0.09925153846153845
RG-SCSO,ColonCancer,2,80,3108,0.09925153846153845
RG-SCSO,ColonCancer,2,81,3146,0.09925153846153845
RG-SCSO,ColonCancer,2,82,3184,0.09925153846153845
RG-SCSO,ColonCancer,2,83,3222,0.09925153846153845
RG-SCSO,ColonCancer,2,84,3260,0.09925153846153845
RG-SCSO,ColonCancer,2,85,3298,0.09925153846153845
RG-SCSO,ColonCancer,2,86,3336,0.09925153846153845
RG-SCSO,ColonCancer,2,87,3374,0.09925153846153845
RG-SCSO,ColonCancer,2,88,3412,0.09925153846153845
RG-SCSO,ColonCancer,2,89,3450,0.09925153846153845
RG-SCSO,ColonCancer,2,90,3488,0.09925153846153845
RG-SCSO,ColonCancer,2,91,3526,0.09925153846153845
RG-SCSO,ColonCancer,2,92,3564,0.09925153846153845
RG-SCSO,ColonCancer,2,93,3602,0.09925153846153845
RG-SCSO,ColonCancer,2,94,3640,0.09925153846153845
RG-SCSO,ColonCancer,2,95,3678,0.09925153846153845
RG-SCSO,ColonCancer,2,96,3716,0.09925153846153845
RG-SCSO,ColonCancer,2,97,3754,0.09925153846153845
RG-SCSO,ColonCancer,2,98,3792,0.09925153846153845
RG-SCSO,ColonCancer,2,99,3830,0.09925153846153845
RG-SCSO,ColonCancer,2,100,3868,0.09925153846153845
RG-SCSO,ColonCancer,2,101,3906,0.09925153846153845
RG-SCSO,ColonCancer,2,102,3944,0.09925153846153845
RG-SCSO,ColonCancer,2,103,3982,0.09925153846153845
RG-SCSO,ColonCancer,2,104,4020,0.09925153846153845
RG-SCSO,ColonCancer,2,105,4058,0.09925153846153845
RG-SCSO,ColonCancer,2,106,4096,0.09925153846153845
RG-SCSO,ColonCancer,2,107,4134,0.09925153846153845
RG-SCSO,ColonCancer,2,108,4172,0.09925153846153845
RG-SCSO,ColonCancer,2,109,4210,0.09925153846153845
RG-SCSO,ColonCancer,2,110,4248,0.09925153846153845
RG-SCSO,ColonCancer,2,111,4286,0.09925153846153845
RG-SCSO,ColonCancer,2,112,4324,0.09925153846153845
RG-SCSO,ColonCancer,2,113,4362,0.08401076923076928
RG-SCSO,ColonCancer,2,114,4400,0.08401076923076928
RG-SCSO,ColonCancer,2,115,4438,0.08401076923076928
RG-SCSO,ColonCancer,2,116,4476,0.08401076923076928
RG-SCSO,ColonCancer,2,117,4514,0.08401076923076928
RG-SCSO,ColonCancer,2,118,4552,0.08401076923076928
RG-SCSO,ColonCancer,2,119,4590,0.08401076923076928
RG-SCSO,ColonCancer,2,120,4628,0.08401076923076928
RG-SCSO,ColonCancer,2,121,4666,0.08401076923076928
RG-SCSO,ColonCancer,2,122,4704,0.08401076923076928
RG-SCSO,ColonCancer,2,123,4742,0.08401076923076928
RG-SCSO,ColonCancer,2,124,4780,0.08401076923076928
RG-SCSO,ColonCancer,2,125,4818,0.08401076923076928
RG-SCSO,ColonCancer,2,126,4856,0.08401076923076928
RG-SCSO,ColonCancer,2,127,4894,0.08401076923076928
RG-SCSO,ColonCancer,2,128,4932,0.08401076923076928
RG-SCSO,ColonCancer,2,129,4970,0.08401076923076928
RG-SCSO,ColonCancer,2,130,5008,0.08401076923076928
RG-SCSO,ColonCancer,2,131,5046,0.08401076923076928
RG-SCSO,ColonCancer,2,132,5084,0.08401076923076928
RG-SCSO,ColonCancer,2,133,5122,0.08401076923076928
RG-SCSO,ColonCancer,2,134,5160,0.08401076923076928
RG-SCSO,ColonCancer,2,135,5198,0.08401076923076928
RG-SCSO,ColonCancer,2,136,5236,0.08401076923076928
RG-SCSO,ColonCancer,2,137,5274,0.08401076923076928
RG-SCSO,ColonCancer,2,138,5312,0.08401076923076928
RG-SCSO,ColonCancer,2,139,5350,0.08401076923076928
RG-SCSO,ColonCancer,2,140,5388,0.08401076923076928
RG-SCSO,ColonCancer,2,141,5426,0.08401076923076928
RG-SCSO,ColonCancer,2,142,5464,0.08401076923076928
RG-SCSO,ColonCancer,2,143,5502,0.08401076923076928
RG-SCSO,ColonCancer,2,144,5540,0.08401076923076928
RG-SCSO,ColonCancer,2,145,5578,0.08401076923076928
RG-SCSO,ColonCancer,2,146,5616,0.08401076923076928
RG-SCSO,ColonCancer,2,147,5654,0.08401076923076928
RG-SCSO,ColonCancer,2,148,5692,0.08401076923076928
RG-SCSO,ColonCancer,2,149,5730,0.08401076923076928
RG-SCSO,ColonCancer,2,150,5768,0.08401076923076928
RG-SCSO,ColonCancer,2,151,5806,0.08401076923076928
RG-SCSO,ColonCancer,2,152,5844,0.08401076923076928
RG-SCSO,ColonCancer,2,153,5882,0.08401076923076928
RG-SCSO,ColonCancer,2,154,5920,0.08401076923076928
RG-SCSO,ColonCancer,2,155,5958,0.08401076923076928
RG-SCSO,ColonCancer,2,156,5996,0.08401076923076928
RG-SCSO,ColonCancer,2,157,6034,0.08401076923076928
RG-SCSO,ColonCancer,2,158,6072,0.08401076923076928
RG-SCSO,ColonCancer,2,159,6110,0.08401076923076928
RG-SCSO,ColonCancer,2,160,6148,0.08401076923076928
RG-SCSO,ColonCancer,2,161,6186,0.08401076923076928
RG-SCSO,ColonCancer,2,162,6224,0.08401076923076928
RG-SCSO,ColonCancer,2,163,6262,0.08401076923076928
RG-SCSO,ColonCancer,2,164,6300,0.08401076923076928
RG-SCSO,ColonCancer,2,165,6338,0.08401076923076928
RG-SCSO,ColonCancer,2,166,6376,0.08401076923076928
RG-SCSO,ColonCancer,2,167,6414,0.08401076923076928
RG-SCSO,ColonCancer,2,168,6452,0.08401076923076928
RG-SCSO,ColonCancer,2,169,6490,0.08401076923076928
RG-SCSO,ColonCancer,2,170,6528,0.08401076923076928
RG-SCSO,ColonCancer,2,171,6566,0.08401076923076928
RG-SCSO,ColonCancer,2,172,6604,0.08401076923076928
RG-SCSO,ColonCancer,2,173,6642,0.08401076923076928
RG-SCSO,ColonCancer,2,174,6680,0.08401076923076928
RG-SCSO,ColonCancer,2,175,6718,0.08401076923076928
RG-SCSO,ColonCancer,2,176,6756,0.08401076923076928
RG-SCSO,ColonCancer,2,177,6794,0.08401076923076928
RG-SCSO,ColonCancer,2,178,6832,0.08401076923076928
RG-SCSO,ColonCancer,2,179,6870,0.08401076923076928
RG-SCSO,ColonCancer,2,180,6908,0.08401076923076928
RG-SCSO,ColonCancer,2,181,6946,0.08401076923076928
RG-SCSO,ColonCancer,2,182,6984,0.08401076923076928
RG-SCSO,ColonCancer,2,183,7022,0.08401076923076928
RG-SCSO,ColonCancer,2,184,7060,0.08401076923076928
RG-SCSO,ColonCancer,2,185,7098,0.08401076923076928
RG-SCSO,ColonCancer,2,186,7136,0.08401076923076928
RG-SCSO,ColonCancer,2,187,7174,0.08401076923076928
RG-SCSO,ColonCancer,2,188,7212,0.08401076923076928
RG-SCSO,ColonCancer,2,189,7250,0.08401076923076928
RG-SCSO,ColonCancer,2,190,7288,0.08401076923076928
RG-SCSO,ColonCancer,2,191,7326,0.08401076923076928
RG-SCSO,ColonCancer,2,192,7364,0.08401076923076928
RG-SCSO,ColonCancer,2,193,7402,0.08401076923076928
RG-SCSO,ColonCancer,2,194,7440,0.08401076923076928
RG-SCSO,ColonCancer,2,195,7478,0.08401076923076928
RG-SCSO,ColonCancer,2,196,7516,0.08401076923076928
RG-SCSO,ColonCancer,2,197,7554,0.08401076923076928
RG-SCSO,ColonCancer,2,198,7592,0.08401076923076928
RG-SCSO,ColonCancer,2,199,7630,0.08401076923076928
RG-SCSO,ColonCancer,2,200,7668,0.08401076923076928
RG-SCSO,ColonCancer,2,201,7706,0.08401076923076928
RG-SCSO,ColonCancer,2,202,7744,0.08401076923076928
RG-SCSO,ColonCancer,2,203,7782,0.08401076923076928
RG-SCSO,ColonCancer,2,204,7820,0.08401076923076928
RG-SCSO,ColonCancer,2,205,7858,0.08401076923076928
RG-SCSO,ColonCancer,2,206,7896,0.08401076923076928
RG-SCSO,ColonCancer,2,207,7934,0.08401076923076928
RG-SCSO,ColonCancer,2,208,7972,0.08401076923076928
RG-SCSO,ColonCancer,2,209,8010,0.08401076923076928
RG-SCSO,ColonCancer,2,210,8048,0.08401076923076928
RG-SCSO,ColonCancer,2,211,8086,0.08401076923076928
RG-SCSO,ColonCancer,2,212,8124,0.08401076923076928
RG-SCSO,ColonCancer,2,213,8162,0.08401076923076928
RG-SCSO,ColonCancer,2,214,8200,0.08401076923076928
RG-SCSO,ColonCancer,2,215,8238,0.08401076923076928
RG-SCSO,ColonCancer,2,216,8276,0.08401076923076928
RG-SCSO,ColonCancer,2,217,8314,0.08401076923076928
RG-SCSO,ColonCancer,2,218,8352,0.08401076923076928
RG-SCSO,ColonCancer,2,219,8390,0.08401076923076928
RG-SCSO,ColonCancer,2,220,8428,0.08401076923076928
RG-SCSO,ColonCancer,2,221,8466,0.08401076923076928
RG-SCSO,ColonCancer,2,222,8504,0.08401076923076928
RG-SCSO,ColonCancer,2,223,8542,0.08401076923076928
RG-SCSO,ColonCancer,2,224,8580,0.08401076923076928
RG-SCSO,ColonCancer,2,225,8618,0.08401076923076928
RG-SCSO,ColonCancer,2,226,8656,0.08401076923076928
RG-SCSO,ColonCancer,2,227,8694,0.08401076923076928
RG-SCSO,ColonCancer,2,228,8732,0.08401076923076928
RG-SCSO,ColonCancer,2,229,8770,0.08401076923076928
RG-SCSO,ColonCancer,2,230,8808,0.08401076923076928
RG-SCSO,ColonCancer,2,231,8846,0.08401076923076928
RG-SCSO,ColonCancer,2,232,8884,0.08401076923076928
RG-SCSO,ColonCancer,2,233,8922,0.08401076923076928
RG-SCSO,ColonCancer,2,234,8960,0.08401076923076928
RG-SCSO,ColonCancer,2,235,8998,0.08401076923076928
RG-SCSO,ColonCancer,2,236,9036,0.08401076923076928
RG-SCSO,ColonCancer,2,237,9074,0.08401076923076928
RG-SCSO,ColonCancer,2,238,9112,0.08401076923076928
RG-SCSO,ColonCancer,2,239,9150,0.08401076923076928
RG-SCSO,ColonCancer,2,240,9188,0.08401076923076928
RG-SCSO,ColonCancer,2,241,9226,0.08401076923076928
RG-SCSO,ColonCancer,2,242,9264,0.08401076923076928
RG-SCSO,ColonCancer,2,243,9302,0.08401076923076928
RG-SCSO,ColonCancer,2,244,9340,0.08401076923076928
RG-SCSO,ColonCancer,2,245,9378,0.08401076923076928
RG-SCSO,ColonCancer,2,246,9416,0.08401076923076928
RG-SCSO,ColonCancer,2,247,9454,0.08401076923076928
RG-SCSO,ColonCancer,2,248,9492,0.08401076923076928
RG-SCSO,ColonCancer,2,249,9530,0.08401076923076928
RG-SCSO,ColonCancer,2,250,9568,0.08401076923076928
RG-SCSO,ColonCancer,2,251,9606,0.08401076923076928
RG-SCSO,ColonCancer,2,252,9644,0.08401076923076928
RG-SCSO,ColonCancer,2,253,9682,0.08401076923076928
RG-SCSO,ColonCancer,2,254,9720,0.08401076923076928
RG-SCSO,ColonCancer,2,255,9758,0.08401076923076928
RG-SCSO,ColonCancer,2,256,9796,0.08401076923076928
RG-SCSO,ColonCancer,2,257,9834,0.08401076923076928
RG-SCSO,ColonCancer,2,258,9872,0.08401076923076928
RG-SCSO,ColonCancer,2,259,9910,0.08401076923076928
RG-SCSO,ColonCancer,2,260,9948,0.08401076923076928
RG-SCSO,ColonCancer,2,261,9986,0.08401076923076928
RG-SCSO,ColonCancer,2,262,10024,0.08401076923076928
RG-SCSO,ColonCancer,2,263,10062,0.08401076923076928
RG-SCSO,ColonCancer,2,264,10100,0.08401076923076928
RG-SCSO,ColonCancer,2,265,10138,0.08401076923076928
RG-SCSO,ColonCancer,2,266,10176,0.08401076923076928
RG-SCSO,ColonCancer,2,267,10214,0.08401076923076928
RG-SCSO,ColonCancer,2,268,10252,0.08401076923076928
RG-SCSO,ColonCancer,2,269,10290,0.08401076923076928
RG-SCSO,ColonCancer,2,270,10328,0.08401076923076928
RG-SCSO,ColonCancer,2,271,10366,0.08401076923076928
RG-SCSO,ColonCancer,2,272,10404,0.08401076923076928
RG-SCSO,ColonCancer,2,273,10442,0.08401076923076928
RG-SCSO,ColonCancer,2,274,10480,0.08401076923076928
RG-SCSO,ColonCancer,2,275,10518,0.08401076923076928
RG-SCSO,ColonCancer,2,276,10556,0.08401076923076928
RG-SCSO,ColonCancer,2,277,10594,0.08401076923076928
RG-SCSO,ColonCancer,2,278,10632,0.08401076923076928
RG-SCSO,ColonCancer,2,279,10670,0.08401076923076928
RG-SCSO,ColonCancer,2,280,10708,0.08401076923076928
RG-SCSO,ColonCancer,2,281,10746,0.08401076923076928
RG-SCSO,ColonCancer,2,282,10784,0.08401076923076928
RG-SCSO,ColonCancer,2,283,10822,0.08401076923076928
RG-SCSO,ColonCancer,2,284,10860,0.08401076923076928
RG-SCSO,ColonCancer,2,285,10898,0.08401076923076928
RG-SCSO,ColonCancer,2,286,10936,0.08401076923076928
RG-SCSO,ColonCancer,2,287,10974,0.08401076923076928
RG-SCSO,ColonCancer,2,288,11012,0.08401076923076928
RG-SCSO,ColonCancer,2,289,11050,0.08401076923076928
RG-SCSO,ColonCancer,2,290,11088,0.08401076923076928
RG-SCSO,ColonCancer,2,291,11126,0.08401076923076928
RG-SCSO,ColonCancer,2,292,11164,0.08401076923076928
RG-SCSO,ColonCancer,2,293,11202,0.08401076923076928
RG-SCSO,ColonCancer,2,294,11240,0.08401076923076928
RG-SCSO,ColonCancer,2,295,11278,0.08401076923076928
RG-SCSO,ColonCancer,2,296,11316,0.08401076923076928
RG-SCSO,ColonCancer,2,297,11354,0.08401076923076928
RG-SCSO,ColonCancer,2,298,11392,0.08401076923076928
RG-SCSO,ColonCancer,2,299,11430,0.08401076923076928
RG-SCSO,ColonCancer,2,300,11468,0.08401076923076928
RG-SCSO,ColonCancer,2,301,11506,0.08401076923076928
RG-SCSO,ColonCancer,2,302,11544,0.08401076923076928
RG-SCSO,ColonCancer,2,303,11582,0.08401076923076928
RG-SCSO,ColonCancer,2,304,11620,0.08401076923076928
RG-SCSO,ColonCancer,2,305,11658,0.08401076923076928
RG-SCSO,ColonCancer,2,306,11696,0.08401076923076928
RG-SCSO,ColonCancer,2,307,11734,0.08401076923076928
RG-SCSO,ColonCancer,2,308,11772,0.08401076923076928
RG-SCSO,ColonCancer,2,309,11810,0.08401076923076928
RG-SCSO,ColonCancer,2,310,11848,0.08401076923076928
RG-SCSO,ColonCancer,2,311,11886,0.08401076923076928
RG-SCSO,ColonCancer,2,312,11924,0.08401076923076928
RG-SCSO,ColonCancer,2,313,11962,0.08401076923076928
RG-SCSO,ColonCancer,2,314,12000,0.08401076923076928
RG-SCSO,ColonCancer,2,315,12038,0.08401076923076928
RG-SCSO,ColonCancer,2,316,12076,0.08401076923076928
RG-SCSO,ColonCancer,2,317,12114,0.08401076923076928
RG-SCSO,ColonCancer,2,318,12152,0.08401076923076928
RG-SCSO,ColonCancer,2,319,12190,0.08401076923076928
RG-SCSO,ColonCancer,2,320,12228,0.08401076923076928
RG-SCSO,ColonCancer,2,321,12266,0.08401076923076928
RG-SCSO,ColonCancer,2,322,12304,0.08401076923076928
RG-SCSO,ColonCancer,2,323,12342,0.08401076923076928
RG-SCSO,ColonCancer,2,324,12380,0.08401076923076928
RG-SCSO,ColonCancer,2,325,12418,0.08401076923076928
RG-SCSO,ColonCancer,2,326,12456,0.08401076923076928
RG-SCSO,ColonCancer,2,327,12494,0.08401076923076928
RG-SCSO,ColonCancer,2,328,12532,0.08401076923076928
RG-SCSO,ColonCancer,2,329,12570,0.08401076923076928
RG-SCSO,ColonCancer,2,330,12608,0.08401076923076928
RG-SCSO,ColonCancer,2,331,12646,0.08401076923076928
RG-SCSO,ColonCancer,2,332,12684,0.08401076923076928
RG-SCSO,ColonCancer,2,333,12722,0.08401076923076928
RG-SCSO,ColonCancer,2,334,12760,0.08401076923076928
RG-SCSO,ColonCancer,2,335,12798,0.08401076923076928
RG-SCSO,ColonCancer,2,336,12836,0.08401076923076928
RG-SCSO,ColonCancer,2,337,12874,0.08401076923076928
RG-SCSO,ColonCancer,2,338,12912,0.08401076923076928
RG-SCSO,ColonCancer,2,339,12950,0.08401076923076928
RG-SCSO,ColonCancer,2,340,12988,0.08401076923076928
RG-SCSO,ColonCancer,2,341,13026,0.08401076923076928
RG-SCSO,ColonCancer,2,342,13064,0.08401076923076928
RG-SCSO,ColonCancer,2,343,13102,0.08401076923076928
RG-SCSO,ColonCancer,2,344,13140,0.08401076923076928
RG-SCSO,ColonCancer,2,345,13178,0.08401076923076928
RG-SCSO,ColonCancer,2,346,13216,0.08401076923076928
RG-SCSO,ColonCancer,2,347,13254,0.08401076923076928
RG-SCSO,ColonCancer,2,348,13292,0.08401076923076928
RG-SCSO,ColonCancer,2,349,13330,0.08401076923076928
RG-SCSO,ColonCancer,2,350,13368,0.08401076923076928
RG-SCSO,ColonCancer,2,351,13406,0.08401076923076928
RG-SCSO,ColonCancer,2,352,13444,0.08401076923076928
RG-SCSO,ColonCancer,2,353,13482,0.08401076923076928
RG-SCSO,ColonCancer,2,354,13520,0.08401076923076928
RG-SCSO,ColonCancer,2,355,13558,0.08401076923076928
RG-SCSO,ColonCancer,2,356,13596,0.08401076923076928
RG-SCSO,ColonCancer,2,357,13634,0.08401076923076928
RG-SCSO,ColonCancer,2,358,13672,0.08401076923076928
RG-SCSO,ColonCancer,2,359,13710,0.08401076923076928
RG-SCSO,ColonCancer,2,360,13748,0.08401076923076928
RG-SCSO,ColonCancer,2,361,13786,0.08401076923076928
RG-SCSO,ColonCancer,2,362,13824,0.08401076923076928
RG-SCSO,ColonCancer,2,363,13862,0.08401076923076928
RG-SCSO,ColonCancer,2,364,13900,0.08401076923076928
RG-SCSO,ColonCancer,2,365,13938,0.08401076923076928
RG-SCSO,ColonCancer,2,366,13976,0.08401076923076928
RG-SCSO,ColonCancer,2,367,14014,0.08401076923076928
RG-SCSO,ColonCancer,2,368,14052,0.08401076923076928
RG-SCSO,ColonCancer,2,369,14090,0.08401076923076928
RG-SCSO,ColonCancer,2,370,14128,0.08401076923076928
RG-SCSO,ColonCancer,2,371,14166,0.08401076923076928
RG-SCSO,ColonCancer,2,372,14204,0.08401076923076928
RG-SCSO,ColonCancer,2,373,14242,0.08401076923076928
RG-SCSO,ColonCancer,2,374,14280,0.08401076923076928
RG-SCSO,ColonCancer,2,375,14318,0.08401076923076928
RG-SCSO,ColonCancer,2,376,14356,0.08401076923076928
RG-SCSO,ColonCancer,2,377,14394,0.08401076923076928
RG-SCSO,ColonCancer,2,378,14432,0.08401076923076928
RG-SCSO,ColonCancer,2,379,14470,0.08401076923076928
RG-SCSO,ColonCancer,2,380,14508,0.08401076923076928
RG-SCSO,ColonCancer,2,381,14546,0.08401076923076928
RG-SCSO,ColonCancer,2,382,14584,0.08401076923076928
RG-SCSO,ColonCancer,2,383,14622,0.08401076923076928
RG-SCSO,ColonCancer,2,384,14660,0.08401076923076928
RG-SCSO,ColonCancer,2,385,14698,0.08401076923076928
RG-SCSO,ColonCancer,2,386,14736,0.08401076923076928
RG-SCSO,ColonCancer,2,387,14774,0.08401076923076928
RG-SCSO,ColonCancer,2,388,14812,0.08401076923076928
RG-SCSO,ColonCancer,2,389,14850,0.08401076923076928
RG-SCSO,ColonCancer,2,390,14888,0.08401076923076928
RG-SCSO,ColonCancer,2,391,14926,0.08401076923076928
RG-SCSO,ColonCancer,2,392,14964,0.08401076923076928
RG-SCSO,ColonCancer,2,393,15000,0.08401076923076928
RG-SCSO,ColonCancer,2,394,15000,0.08401076923076928
RG-SCSO,ColonCancer,2,395,15000,0.08401076923076928
RG-SCSO,ColonCancer,2,396,15000,0.08401076923076928
RG-SCSO,ColonCancer,2,397,15000,0.08401076923076928
RG-SCSO,ColonCancer,2,398,15000,0.08401076923076928
RG-SCSO,ColonCancer,2,399,15000,0.08401076923076928
RG-SCSO,ColonCancer,2,400,15000,0.08401076923076928
RG-SCSO,ColonCancer,2,401,15000,0.08401076923076928
RG-SCSO,ColonCancer,2,402,15000,0.08401076923076928
RG-SCSO,ColonCancer,2,403,15000,0.08401076923076928
RG-SCSO,ColonCancer,2,404,15000,0.08401076923076928
RG-SCSO,ColonCancer,2,405,15000,0.08401076923076928
RG-SCSO,ColonCancer,2,406,15000,0.08401076923076928
RG-SCSO,ColonCancer,2,407,15000,0.08401076923076928
RG-SCSO,ColonCancer,2,408,15000,0.08401076923076928
RG-SCSO,ColonCancer,2,409,15000,0.08401076923076928
RG-SCSO,ColonCancer,2,410,15000,0.08401076923076928
RG-SCSO,ColonCancer,2,411,15000,0.08401076923076928
RG-SCSO,ColonCancer,2,412,15000,0.08401076923076928
RG-SCSO,ColonCancer,2,413,15000,0.08401076923076928
RG-SCSO,ColonCancer,2,414,15000,0.08401076923076928
RG-SCSO,ColonCancer,2,415,15000,0.08401076923076928
RG-SCSO,ColonCancer,2,416,15000,0.08401076923076928
RG-SCSO,ColonCancer,2,417,15000,0.08401076923076928
RG-SCSO,ColonCancer,2,418,15000,0.08401076923076928
RG-SCSO,ColonCancer,2,419,15000,0.08401076923076928
RG-SCSO,ColonCancer,2,420,15000,0.08401076923076928
RG-SCSO,ColonCancer,2,421,15000,0.08401076923076928
RG-SCSO,ColonCancer,2,422,15000,0.08401076923076928
RG-SCSO,ColonCancer,2,423,15000,0.08401076923076928
RG-SCSO,ColonCancer,2,424,15000,0.08401076923076928
RG-SCSO,ColonCancer,2,425,15000,0.08401076923076928
RG-SCSO,ColonCancer,2,426,15000,0.08401076923076928
RG-SCSO,ColonCancer,2,427,15000,0.08401076923076928
RG-SCSO,ColonCancer,2,428,15000,0.08401076923076928
RG-SCSO,ColonCancer,2,429,15000,0.08401076923076928
RG-SCSO,ColonCancer,2,430,15000,0.08401076923076928
RG-SCSO,ColonCancer,2,431,15000,0.08401076923076928
RG-SCSO,ColonCancer,2,432,15000,0.08401076923076928
RG-SCSO,ColonCancer,2,433,15000,0.08401076923076928
RG-SCSO,ColonCancer,2,434,15000,0.08401076923076928
RG-SCSO,ColonCancer,2,435,15000,0.08401076923076928
RG-SCSO,ColonCancer,2,436,15000,0.08401076923076928
RG-SCSO,ColonCancer,2,437,15000,0.08401076923076928
RG-SCSO,ColonCancer,2,438,15000,0.08401076923076928
RG-SCSO,ColonCancer,2,439,15000,0.08401076923076928
RG-SCSO,ColonCancer,2,440,15000,0.08401076923076928
RG-SCSO,ColonCancer,2,441,15000,0.08401076923076928
RG-SCSO,ColonCancer,2,442,15000,0.08401076923076928
RG-SCSO,ColonCancer,2,443,15000,0.08401076923076928
RG-SCSO,ColonCancer,2,444,15000,0.08401076923076928
RG-SCSO,ColonCancer,2,445,15000,0.08401076923076928
RG-SCSO,ColonCancer,2,446,15000,0.08401076923076928
RG-SCSO,ColonCancer,2,447,15000,0.08401076923076928
RG-SCSO,ColonCancer,2,448,15000,0.08401076923076928
RG-SCSO,ColonCancer,2,449,15000,0.08401076923076928
RG-SCSO,ColonCancer,2,450,15000,0.08401076923076928
RG-SCSO,ColonCancer,2,451,15000,0.08401076923076928
RG-SCSO,ColonCancer,2,452,15000,0.08401076923076928
RG-SCSO,ColonCancer,2,453,15000,0.08401076923076928
RG-SCSO,ColonCancer,2,454,15000,0.08401076923076928
RG-SCSO,ColonCancer,2,455,15000,0.08401076923076928
RG-SCSO,ColonCancer,2,456,15000,0.08401076923076928
RG-SCSO,ColonCancer,2,457,15000,0.08401076923076928
RG-SCSO,ColonCancer,2,458,15000,0.08401076923076928
RG-SCSO,ColonCancer,2,459,15000,0.08401076923076928
RG-SCSO,ColonCancer,2,460,15000,0.08401076923076928
RG-SCSO,ColonCancer,2,461,15000,0.08401076923076928
RG-SCSO,ColonCancer,2,462,15000,0.08401076923076928
RG-SCSO,ColonCancer,2,463,15000,0.08401076923076928
RG-SCSO,ColonCancer,2,464,15000,0.08401076923076928
RG-SCSO,ColonCancer,2,465,15000,0.08401076923076928
RG-SCSO,ColonCancer,2,466,15000,0.08401076923076928
RG-SCSO,ColonCancer,2,467,15000,0.08401076923076928
RG-SCSO,ColonCancer,2,468,15000,0.08401076923076928
RG-SCSO,ColonCancer,2,469,15000,0.08401076923076928
RG-SCSO,ColonCancer,2,470,15000,0.08401076923076928
RG-SCSO,ColonCancer,2,471,15000,0.08401076923076928
RG-SCSO,ColonCancer,2,472,15000,0.08401076923076928
RG-SCSO,ColonCancer,2,473,15000,0.08401076923076928
RG-SCSO,ColonCancer,2,474,15000,0.08401076923076928
RG-SCSO,ColonCancer,2,475,15000,0.08401076923076928
RG-SCSO,ColonCancer,2,476,15000,0.08401076923076928
RG-SCSO,ColonCancer,2,477,15000,0.08401076923076928
RG-SCSO,ColonCancer,2,478,15000,0.08401076923076928
RG-SCSO,ColonCancer,2,479,15000,0.08401076923076928
RG-SCSO,ColonCancer,2,480,15000,0.08401076923076928
RG-SCSO,ColonCancer,2,481,15000,0.08401076923076928
RG-SCSO,ColonCancer,2,482,15000,0.08401076923076928
RG-SCSO,ColonCancer,2,483,15000,0.08401076923076928
RG-SCSO,ColonCancer,2,484,15000,0.08401076923076928
RG-SCSO,ColonCancer,2,485,15000,0.08401076923076928
RG-SCSO,ColonCancer,2,486,15000,0.08401076923076928
RG-SCSO,ColonCancer,2,487,15000,0.08401076923076928
RG-SCSO,ColonCancer,2,488,15000,0.08401076923076928
RG-SCSO,ColonCancer,2,489,15000,0.08401076923076928
RG-SCSO,ColonCancer,2,490,15000,0.08401076923076928
RG-SCSO,ColonCancer,2,491,15000,0.08401076923076928
RG-SCSO,ColonCancer,2,492,15000,0.08401076923076928
RG-SCSO,ColonCancer,2,493,15000,0.08401076923076928
RG-SCSO,ColonCancer,2,494,15000,0.08401076923076928
RG-SCSO,ColonCancer,2,495,15000,0.08401076923076928
RG-SCSO,ColonCancer,2,496,15000,0.08401076923076928
RG-SCSO,ColonCancer,2,497,15000,0.08401076923076928
RG-SCSO,ColonCancer,2,498,15000,0.08401076923076928
RG-SCSO,ColonCancer,2,499,15000,0.08401076923076928
RG-SCSO,WDBC,1,0,68,0.0296952336593696
RG-SCSO,WDBC,1,1,106,0.0296952336593696
RG-SCSO,WDBC,1,2,144,0.0296952336593696
RG-SCSO,WDBC,1,3,182,0.0296952336593696
RG-SCSO,WDBC,1,4,220,0.0296952336593696
RG-SCSO,WDBC,1,5,258,0.0296952336593696
RG-SCSO,WDBC,1,6,296,0.0296952336593696
RG-SCSO,WDBC,1,7,334,0.0296952336593696
RG-SCSO,WDBC,1,8,372,0.0296952336593696
RG-SCSO,WDBC,1,9,410,0.0296952336593696
RG-SCSO,WDBC,1,10,448,0.0296952336593696
RG-SCSO,WDBC,1,11,486,0.0296952336593696
RG-SCSO,WDBC,1,12,524,0.0296952336593696
RG-SCSO,WDBC,1,13,562,0.0296952336593696
RG-SCSO,WDBC,1,14,600,0.0296952336593696
RG-SCSO,WDBC,1,15,638,0.0296952336593696
RG-SCSO,WDBC,1,16,676,0.0296952336593696
RG-SCSO,WDBC,1,17,714,0.0296952336593696
RG-SCSO,WDBC,1,18,752,0.0296952336593696
RG-SCSO,WDBC,1,19,790,0.0296952336593696
RG-SCSO,WDBC,1,20,828,0.0296952336593696
RG-SCSO,WDBC,1,21,866,0.0296952336593696
RG-SCSO,WDBC,1,22,904,0.0296952336593696
RG-SCSO,WDBC,1,23,942,0.0296952336593696
RG-SCSO,WDBC,1,24,980,0.0296952336593696
RG-SCSO,WDBC,1,25,1018,0.0296952336593696
RG-SCSO,WDBC,1,26,1056,0.0296952336593696
RG-SCSO,WDBC,1,27,1094,0.0296952336593696
RG-SCSO,WDBC,1,28,1132,0.0296952336593696
RG-SCSO,WDBC,1,29,1170,0.0296952336593696
RG-SCSO,WDBC,1,30,1208,0.0296952336593696
RG-SCSO,WDBC,1,31,1246,0.0296952336593696
RG-SCSO,WDBC,1,32,1284,0.0296952336593696
RG-SCSO,WDBC,1,33,1322,0.0296952336593696
RG-SCSO,WDBC,1,34,1360,0.028679863375252274
RG-SCSO,WDBC,1,35,1398,0.028679863375252274
RG-SCSO,WDBC,1,36,1436,0.028679863375252274
RG-SCSO,WDBC,1,37,1474,0.028679863375252274
RG-SCSO,WDBC,1,38,1512,0.028679863375252274
RG-SCSO,WDBC,1,39,1550,0.028679863375252274
RG-SCSO,WDBC,1,40,1588,0.028679863375252274
RG-SCSO,WDBC,1,41,1626,0.028679863375252274
RG-SCSO,WDBC,1,42,1664,0.028679863375252274
RG-SCSO,WDBC,1,43,1702,0.028679863375252274
RG-SCSO,WDBC,1,44,1740,0.028679863375252274
RG-SCSO,WDBC,1,45,1778,0.028679863375252274
RG-SCSO,WDBC,1,46,1816,0.028679863375252274
RG-SCSO,WDBC,1,47,1854,0.028679863375252274
RG-SCSO,WDBC,1,48,1892,0.028361900326036266
RG-SCSO,WDBC,1,49,1930,0.028361900326036266
RG-SCSO,WDBC,1,50,1968,0.028361900326036266
RG-SCSO,WDBC,1,51,2006,0.028361900326036266
RG-SCSO,WDBC,1,52,2044,0.028361900326036266
RG-SCSO,WDBC,1,53,2082,0.028361900326036266
RG-SCSO,WDBC,1,54,2120,0.028361900326036266
RG-SCSO,WDBC,1,55,2158,0.028361900326036266
RG-SCSO,WDBC,1,56,2196,0.028361900326036266
RG-SCSO,WDBC,1,57,2234,0.028361900326036266
RG-SCSO,WDBC,1,58,2272,0.028361900326036266
RG-SCSO,WDBC,1,59,2310,0.028361900326036266
RG-SCSO,WDBC,1,60,2348,0.028361900326036266
RG-SCSO,WDBC,1,61,2386,0.028361900326036266
RG-SCSO,WDBC,1,62,2424,0.028361900326036266
RG-SCSO,WDBC,1,63,2462,0.028361900326036266
RG-SCSO,WDBC,1,64,2500,0.028361900326036266
RG-SCSO,WDBC,1,65,2538,0.028361900326036266
RG-SCSO,WDBC,1,66,2576,0.028361900326036266
RG-SCSO,WDBC,1,67,2614,0.028361900326036266
RG-SCSO,WDBC,1,68,2652,0.028361900326036266
RG-SCSO,WDBC,1,69,2690,0.028361900326036266
RG-SCSO,WDBC,1,70,2728,0.028361900326036266
RG-SCSO,WDBC,1,71,2766,0.028361900326036266
RG-SCSO,WDBC,1,72,2804,0.028361900326036266
RG-SCSO,WDBC,1,73,2842,0.028361900326036266
RG-SCSO,WDBC,1,74,2880,0.028361900326036266
RG-SCSO,WDBC,1,75,2918,0.028361900326036266
RG-SCSO,WDBC,1,76,2956,0.028361900326036266
RG-SCSO,WDBC,1,77,2994,0.028361900326036266
RG-SCSO,WDBC,1,78,3032,0.028361900326036266
RG-SCSO,WDBC,1,79,3070,0.028361900326036266
RG-SCSO,WDBC,1,80,3108,0.028361900326036266
RG-SCSO,WDBC,1,81,3146,0.028361900326036266
RG-SCSO,WDBC,1,82,3184,0.028361900326036266
RG-SCSO,WDBC,1,83,3222,0.028361900326036266
RG-SCSO,WDBC,1,84,3260,0.028361900326036266
RG-SCSO,WDBC,1,85,3298,0.028361900326036266
RG-SCSO,WDBC,1,86,3336,0.028361900326036266
RG-SCSO,WDBC,1,87,3374,0.028361900326036266
RG-SCSO,WDBC,1,88,3412,0.028361900326036266
RG-SCSO,WDBC,1,89,3450,0.028361900326036266
RG-SCSO,WDBC,1,90,3488,0.028361900326036266
RG-SCSO,WDBC,1,91,3526,0.028361900326036266
RG-SCSO,WDBC,1,92,3564,0.028361900326036266
RG-SCSO,WDBC,1,93,3602,0.028361900326036266
RG-SCSO,WDBC,1,94,3640,0.028361900326036266
RG-SCSO,WDBC,1,95,3678,0.028361900326036266
RG-SCSO,WDBC,1,96,3716,0.028361900326036266
RG-SCSO,WDBC,1,97,3754,0.026260984319205004
RG-SCSO,WDBC,1,98,3792,0.026260984319205004
RG-SCSO,WDBC,1,99,3830,0.026260984319205004
RG-SCSO,WDBC,1,100,3868,0.026260984319205004
RG-SCSO,WDBC,1,101,3906,0.026260984319205004
RG-SCSO,WDBC,1,102,3944,0.026260984319205004
RG-SCSO,WDBC,1,103,3982,0.026260984319205004
RG-SCSO,WDBC,1,104,4020,0.026260984319205004
RG-SCSO,WDBC,1,105,4058,0.026260984319205004
RG-SCSO,WDBC,1,106,4096,0.026260984319205004
RG-SCSO,WDBC,1,107,4134,0.026260984319205004
RG-SCSO,WDBC,1,108,4172,0.026260984319205004
RG-SCSO,WDBC,1,109,4210,0.026260984319205004
RG-SCSO,WDBC,1,110,4248,0.026260984319205004
RG-SCSO,WDBC,1,111,4286,0.026260984319205004
RG-SCSO,WDBC,1,112,4324,0.026260984319205004
RG-SCSO,WDBC,1,113,4362,0.026260984319205004
RG-SCSO,WDBC,1,114,4400,0.026260984319205004
RG-SCSO,WDBC,1,115,4438,0.026260984319205004
RG-SCSO,WDBC,1,116,4476,0.026260984319205004
RG-SCSO,WDBC,1,117,4514,0.026260984319205004
RG-SCSO,WDBC,1,118,4552,0.026260984319205004
RG-SCSO,WDBC,1,119,4590,0.026260984319205004
RG-SCSO,WDBC,1,120,4628,0.026260984319205004
RG-SCSO,WDBC,1,121,4666,0.026260984319205004
RG-SCSO,WDBC,1,122,4704,0.026260984319205004
RG-SCSO,WDBC,1,123,4742,0.026260984319205004
RG-SCSO,WDBC,1,124,4780,0.026260984319205004
RG-SCSO,WDBC,1,125,4818,0.026260984319205004
RG-SCSO,WDBC,1,126,4856,0.026260984319205004
RG-SCSO,WDBC,1,127,4894,0.026260984319205004
RG-SCSO,WDBC,1,128,4932,0.026260984319205004
RG-SCSO,WDBC,1,129,4970,0.026260984319205004
RG-SCSO,WDBC,1,130,5008,0.026260984319205004
RG-SCSO,WDBC,1,131,5046,0.026260984319205004
RG-SCSO,WDBC,1,132,5084,0.026260984319205004
RG-SCSO,WDBC,1,133,5122,0.026260984319205004
RG-SCSO,WDBC,1,134,5160,0.026260984319205004
RG-SCSO,WDBC,1,135,5198,0.026260984319205004
RG-SCSO,WDBC,1,136,5236,0.026260984319205004
RG-SCSO,WDBC,1,137,5274,0.026260984319205004
RG-SCSO,WDBC,1,138,5312,0.026260984319205004
RG-SCSO,WDBC,1,139,5350,0.026260984319205004
RG-SCSO,WDBC,1,140,5388,0.026260984319205004
RG-SCSO,WDBC,1,141,5426,0.026260984319205004
RG-SCSO,WDBC,1,142,5464,0.026260984319205004
RG-SCSO,WDBC,1,143,5502,0.026260984319205004
RG-SCSO,WDBC,1,144,5540,0.026260984319205004
RG-SCSO,WDBC,1,145,5578,0.026260984319205004
RG-SCSO,WDBC,1,146,5616,0.026260984319205004
RG-SCSO,WDBC,1,147,5654,0.026260984319205004
RG-SCSO,WDBC,1,148,5692,0.026260984319205004
RG-SCSO,WDBC,1,149,5730,0.026260984319205004
RG-SCSO,WDBC,1,150,5768,0.026260984319205004
RG-SCSO,WDBC,1,151,5806,0.026260984319205004
RG-SCSO,WDBC,1,152,5844,0.026260984319205004
RG-SCSO,WDBC,1,153,5882,0.026260984319205004
RG-SCSO,WDBC,1,154,5920,0.026260984319205004
RG-SCSO,WDBC,1,155,5958,0.026260984319205004
RG-SCSO,WDBC,1,156,5996,0.026260984319205004
RG-SCSO,WDBC,1,157,6034,0.026260984319205004
RG-SCSO,WDBC,1,158,6072,0.026260984319205004
RG-SCSO,WDBC,1,159,6110,0.026260984319205004
RG-SCSO,WDBC,1,160,6148,0.026260984319205004
RG-SCSO,WDBC,1,161,6186,0.026260984319205004
RG-SCSO,WDBC,1,162,6224,0.026260984319205004
RG-SCSO,WDBC,1,163,6262,0.026260984319205004
RG-SCSO,WDBC,1,164,6300,0.026260984319205004
RG-SCSO,WDBC,1,165,6338,0.026260984319205004
RG-SCSO,WDBC,1,166,6376,0.026260984319205004
RG-SCSO,WDBC,1,167,6414,0.026260984319205004
RG-SCSO,WDBC,1,168,6452,0.026260984319205004
RG-SCSO,WDBC,1,169,6490,0.026260984319205004
RG-SCSO,WDBC,1,170,6528,0.026260984319205004
RG-SCSO,WDBC,1,171,6566,0.026260984319205004
RG-SCSO,WDBC,1,172,6604,0.026260984319205004
RG-SCSO,WDBC,1,173,6642,0.026260984319205004
RG-SCSO,WDBC,1,174,6680,0.026260984319205004
RG-SCSO,WDBC,1,175,6718,0.026260984319205004
RG-SCSO,WDBC,1,176,6756,0.026260984319205004
RG-SCSO,WDBC,1,177,6794,0.026260984319205004
RG-SCSO,WDBC,1,178,6832,0.026260984319205004
RG-SCSO,WDBC,1,179,6870,0.026260984319205004
RG-SCSO,WDBC,1,180,6908,0.026260984319205004
RG-SCSO,WDBC,1,181,6946,0.026260984319205004
RG-SCSO,WDBC,1,182,6984,0.026260984319205004
RG-SCSO,WDBC,1,183,7022,0.026260984319205004
RG-SCSO,WDBC,1,184,7060,0.026260984319205004
RG-SCSO,WDBC,1,185,7098,0.026260984319205004
RG-SCSO,WDBC,1,186,7136,0.026260984319205004
RG-SCSO,WDBC,1,187,7174,0.026260984319205004
RG-SCSO,WDBC,1,188,7212,0.026260984319205004
RG-SCSO,WDBC,1,189,7250,0.026260984319205004
RG-SCSO,WDBC,1,190,7288,0.026260984319205004
RG-SCSO,WDBC,1,191,7326,0.026260984319205004
RG-SCSO,WDBC,1,192,7364,0.026260984319205004
RG-SCSO,WDBC,1,193,7402,0.026260984319205004
RG-SCSO,WDBC,1,194,7440,0.026260984319205004
RG-SCSO,WDBC,1,195,7478,0.026260984319205004
RG-SCSO,WDBC,1,196,7516,0.026260984319205004
RG-SCSO,WDBC,1,197,7554,0.026260984319205004
RG-SCSO,WDBC,1,198,7592,0.026260984319205004
RG-SCSO,WDBC,1,199,7630,0.026260984319205004
RG-SCSO,WDBC,1,200,7668,0.026260984319205004
RG-SCSO,WDBC,1,201,7706,0.026260984319205004
RG-SCSO,WDBC,1,202,7744,0.026260984319205004
RG-SCSO,WDBC,1,203,7782,0.026260984319205004
RG-SCSO,WDBC,1,204,7820,0.026260984319205004
RG-SCSO,WDBC,1,205,7858,0.026260984319205004
RG-SCSO,WDBC,1,206,7896,0.026260984319205004
RG-SCSO,WDBC,1,207,7934,0.026260984319205004
RG-SCSO,WDBC,1,208,7972,0.026260984319205004
RG-SCSO,WDBC,1,209,8010,0.026260984319205004
RG-SCSO,WDBC,1,210,8048,0.026260984319205004
RG-SCSO,WDBC,1,211,8086,0.026260984319205004
RG-SCSO,WDBC,1,212,8124,0.026260984319205004
RG-SCSO,WDBC,1,213,8162,0.026260984319205004
RG-SCSO,WDBC,1,214,8200,0.026260984319205004
RG-SCSO,WDBC,1,215,8238,0.026260984319205004
RG-SCSO,WDBC,1,216,8276,0.026260984319205004
RG-SCSO,WDBC,1,217,8314,0.026260984319205004
RG-SCSO,WDBC,1,218,8352,0.026260984319205004
RG-SCSO,WDBC,1,219,8390,0.026260984319205004
RG-SCSO,WDBC,1,220,8428,0.026260984319205004
RG-SCSO,WDBC,1,221,8466,0.026260984319205004
RG-SCSO,WDBC,1,222,8504,0.026260984319205004
RG-SCSO,WDBC,1,223,8542,0.026260984319205004
RG-SCSO,WDBC,1,224,8580,0.026260984319205004
RG-SCSO,WDBC,1,225,8618,0.026260984319205004
RG-SCSO,WDBC,1,226,8656,0.026260984319205004
RG-SCSO,WDBC,1,227,8694,0.026260984319205004
RG-SCSO,WDBC,1,228,8732,0.026260984319205004
RG-SCSO,WDBC,1,229,8770,0.026260984319205004
RG-SCSO,WDBC,1,230,8808,0.026260984319205004
RG-SCSO,WDBC,1,231,8846,0.026260984319205004
RG-SCSO,WDBC,1,232,8884,0.026260984319205004
RG-SCSO,WDBC,1,233,8922,0.026260984319205004
RG-SCSO,WDBC,1,234,8960,0.026260984319205004
RG-SCSO,WDBC,1,235,8998,0.026260984319205004
RG-SCSO,WDBC,1,236,9036,0.026260984319205004
RG-SCSO,WDBC,1,237,9074,0.026260984319205004
RG-SCSO,WDBC,1,238,9112,0.026260984319205004
RG-SCSO,WDBC,1,239,9150,0.026260984319205004
RG-SCSO,WDBC,1,240,9188,0.026260984319205004
RG-SCSO,WDBC,1,241,9226,0.026260984319205004
RG-SCSO,WDBC,1,242,9264,0.026260984319205004
RG-SCSO,WDBC,1,243,9302,0.026260984319205004
RG-SCSO,WDBC,1,244,9340,0.026260984319205004
RG-SCSO,WDBC,1,245,9378,0.026260984319205004
RG-SCSO,WDBC,1,246,9416,0.026260984319205004
RG-SCSO,WDBC,1,247,9454,0.026260984319205004
RG-SCSO,WDBC,1,248,9492,0.026260984319205004
RG-SCSO,WDBC,1,249,9530,0.026260984319205004
RG-SCSO,WDBC,1,250,9568,0.026260984319205004
RG-SCSO,WDBC,1,251,9606,0.026260984319205004
RG-SCSO,WDBC,1,252,9644,0.026260984319205004
RG-SCSO,WDBC,1,253,9682,0.026260984319205004
RG-SCSO,WDBC,1,254,9720,0.026260984319205004
RG-SCSO,WDBC,1,255,9758,0.026260984319205004
RG-SCSO,WDBC,1,256,9796,0.026260984319205004
RG-SCSO,WDBC,1,257,9834,0.026260984319205004
RG-SCSO,WDBC,1,258,9872,0.026260984319205004
RG-SCSO,WDBC,1,259,9910,0.026260984319205004
RG-SCSO,WDBC,1,260,9948,0.026260984319205004
RG-SCSO,WDBC,1,261,9986,0.026260984319205004
RG-SCSO,WDBC,1,262,10024,0.026260984319205004
RG-SCSO,WDBC,1,263,10062,0.026260984319205004
RG-SCSO,WDBC,1,264,10100,0.026260984319205004
RG-SCSO,WDBC,1,265,10138,0.026260984319205004
RG-SCSO,WDBC,1,266,10176,0.026260984319205004
RG-SCSO,WDBC,1,267,10214,0.026260984319205004
RG-SCSO,WDBC,1,268,10252,0.026260984319205004
RG-SCSO,WDBC,1,269,10290,0.026260984319205004
RG-SCSO,WDBC,1,270,10328,0.026260984319205004
RG-SCSO,WDBC,1,271,10366,0.026260984319205004
RG-SCSO,WDBC,1,272,10404,0.026260984319205004
RG-SCSO,WDBC,1,273,10442,0.026260984319205004
RG-SCSO,WDBC,1,274,10480,0.026260984319205004
RG-SCSO,WDBC,1,275,10518,0.026260984319205004
RG-SCSO,WDBC,1,276,10556,0.026260984319205004
RG-SCSO,WDBC,1,277,10594,0.026260984319205004
RG-SCSO,WDBC,1,278,10632,0.026260984319205004
RG-SCSO,WDBC,1,279,10670,0.026260984319205004
RG-SCSO,WDBC,1,280,10708,0.026260984319205004
RG-SCSO,WDBC,1,281,10746,0.026260984319205004
RG-SCSO,WDBC,1,282,10784,0.026260984319205004
RG-SCSO,WDBC,1,283,10822,0.026260984319205004
RG-SCSO,WDBC,1,284,10860,0.026260984319205004
RG-SCSO,WDBC,1,285,10898,0.026260984319205004
RG-SCSO,WDBC,1,286,10936,0.026260984319205004
RG-SCSO,WDBC,1,287,10974,0.026260984319205004
RG-SCSO,WDBC,1,288,11012,0.026260984319205004
RG-SCSO,WDBC,1,289,11050,0.026260984319205004
RG-SCSO,WDBC,1,290,11088,0.026260984319205004
RG-SCSO,WDBC,1,291,11126,0.026260984319205004
RG-SCSO,WDBC,1,292,11164,0.026260984319205004
RG-SCSO,WDBC,1,293,11202,0.026260984319205004
RG-SCSO,WDBC,1,294,11240,0.026260984319205004
RG-SCSO,WDBC,1,295,11278,0.026260984319205004
RG-SCSO,WDBC,1,296,11316,0.026260984319205004
RG-SCSO,WDBC,1,297,11354,0.026260984319205004
RG-SCSO,WDBC,1,298,11392,0.026260984319205004
RG-SCSO,WDBC,1,299,11430,0.026260984319205004
RG-SCSO,WDBC,1,300,11468,0.026260984319205004
RG-SCSO,WDBC,1,301,11506,0.026260984319205004
RG-SCSO,WDBC,1,302,11544,0.026260984319205004
RG-SCSO,WDBC,1,303,11582,0.026260984319205004
RG-SCSO,WDBC,1,304,11620,0.026260984319205004
RG-SCSO,WDBC,1,305,11658,0.026260984319205004
RG-SCSO,WDBC,1,306,11696,0.026260984319205004
RG-SCSO,WDBC,1,307,11734,0.026260984319205004
RG-SCSO,WDBC,1,308,11772,0.026260984319205004
RG-SCSO,WDBC,1,309,11810,0.026260984319205004
RG-SCSO,WDBC,1,310,11848,0.026260984319205004
RG-SCSO,WDBC,1,311,11886,0.026260984319205004
RG-SCSO,WDBC,1,312,11924,0.026260984319205004
RG-SCSO,WDBC,1,313,11962,0.026260984319205004
RG-SCSO,WDBC,1,314,12000,0.026260984319205004
RG-SCSO,WDBC,1,315,12038,0.026260984319205004
RG-SCSO,WDBC,1,316,12076,0.026260984319205004
RG-SCSO,WDBC,1,317,12114,0.026260984319205004
RG-SCSO,WDBC,1,318,12152,0.026260984319205004
RG-SCSO,WDBC,1,319,12190,0.026260984319205004
RG-SCSO,WDBC,1,320,12228,0.026260984319205004
RG-SCSO,WDBC,1,321,12266,0.026260984319205004
RG-SCSO,WDBC,1,322,12304,0.026260984319205004
RG-SCSO,WDBC,1,323,12342,0.026260984319205004
RG-SCSO,WDBC,1,324,12380,0.026260984319205004
RG-SCSO,WDBC,1,325,12418,0.026260984319205004
RG-SCSO,WDBC,1,326,12456,0.026260984319205004
RG-SCSO,WDBC,1,327,12494,0.026260984319205004
RG-SCSO,WDBC,1,328,12532,0.026260984319205004
RG-SCSO,WDBC,1,329,12570,0.026260984319205004
RG-SCSO,WDBC,1,330,12608,0.026260984319205004
RG-SCSO,WDBC,1,331,12646,0.026260984319205004
RG-SCSO,WDBC,1,332,12684,0.026260984319205004
RG-SCSO,WDBC,1,333,12722,0.026260984319205004
RG-SCSO,WDBC,1,334,12760,0.026260984319205004
RG-SCSO,WDBC,1,335,12798,0.026260984319205004
RG-SCSO,WDBC,1,336,12836,0.026260984319205004
RG-SCSO,WDBC,1,337,12874,0.026260984319205004
RG-SCSO,WDBC,1,338,12912,0.026260984319205004
RG-SCSO,WDBC,1,339,12950,0.026260984319205004
RG-SCSO,WDBC,1,340,12988,0.026260984319205004
RG-SCSO,WDBC,1,341,13026,0.026260984319205004
RG-SCSO,WDBC,1,342,13064,0.026260984319205004
RG-SCSO,WDBC,1,343,13102,0.026260984319205004
RG-SCSO,WDBC,1,344,13140,0.026260984319205004
RG-SCSO,WDBC,1,345,13178,0.026260984319205004
RG-SCSO,WDBC,1,346,13216,0.026260984319205004
RG-SCSO,WDBC,1,347,13254,0.026260984319205004
RG-SCSO,WDBC,1,348,13292,0.026260984319205004
RG-SCSO,WDBC,1,349,13330,0.026260984319205004
RG-SCSO,WDBC,1,350,13368,0.026260984319205004
RG-SCSO,WDBC,1,351,13406,0.026260984319205004
RG-SCSO,WDBC,1,352,13444,0.026260984319205004
RG-SCSO,WDBC,1,353,13482,0.026260984319205004
RG-SCSO,WDBC,1,354,13520,0.026260984319205004
RG-SCSO,WDBC,1,355,13558,0.026260984319205004
RG-SCSO,WDBC,1,356,13596,0.026260984319205004
RG-SCSO,WDBC,1,357,13634,0.026260984319205004
RG-SCSO,WDBC,1,358,13672,0.026260984319205004
RG-SCSO,WDBC,1,359,13710,0.026260984319205004
RG-SCSO,WDBC,1,360,13748,0.026260984319205004
RG-SCSO,WDBC,1,361,13786,0.026260984319205004
RG-SCSO,WDBC,1,362,13824,0.026260984319205004
RG-SCSO,WDBC,1,363,13862,0.026260984319205004
RG-SCSO,WDBC,1,364,13900,0.026260984319205004
RG-SCSO,WDBC,1,365,13938,0.026260984319205004
RG-SCSO,WDBC,1,366,13976,0.026260984319205004
RG-SCSO,WDBC,1,367,14014,0.026260984319205004
RG-SCSO,WDBC,1,368,14052,0.026260984319205004
RG-SCSO,WDBC,1,369,14090,0.026260984319205004
RG-SCSO,WDBC,1,370,14128,0.026260984319205004
RG-SCSO,WDBC,1,371,14166,0.026260984319205004
RG-SCSO,WDBC,1,372,14204,0.026260984319205004
RG-SCSO,WDBC,1,373,14242,0.026260984319205004
RG-SCSO,WDBC,1,374,14280,0.026260984319205004
RG-SCSO,WDBC,1,375,14318,0.026260984319205004
RG-SCSO,WDBC,1,376,14356,0.026260984319205004
RG-SCSO,WDBC,1,377,14394,0.026260984319205004
RG-SCSO,WDBC,1,378,14432,0.026260984319205004
RG-SCSO,WDBC,1,379,14470,0.026260984319205004
RG-SCSO,WDBC,1,380,14508,0.026260984319205004
RG-SCSO,WDBC,1,381,14546,0.026260984319205004
RG-SCSO,WDBC,1,382,14584,0.026260984319205004
RG-SCSO,WDBC,1,383,14622,0.026260984319205004
RG-SCSO,WDBC,1,384,14660,0.026260984319205004
RG-SCSO,WDBC,1,385,14698,0.026260984319205004
RG-SCSO,WDBC,1,386,14736,0.026260984319205004
RG-SCSO,WDBC,1,387,14774,0.026260984319205004
RG-SCSO,WDBC,1,388,14812,0.026260984319205004
RG-SCSO,WDBC,1,389,14850,0.026260984319205004
RG-SCSO,WDBC,1,390,14888,0.026260984319205004
RG-SCSO,WDBC,1,391,14926,0.026260984319205004
RG-SCSO,WDBC,1,392,14964,0.026260984319205004
RG-SCSO,WDBC,1,393,15000,0.026260984319205004
RG-SCSO,WDBC,1,394,15000,0.026260984319205004
RG-SCSO,WDBC,1,395,15000,0.026260984319205004
RG-SCSO,WDBC,1,396,15000,0.026260984319205004
RG-SCSO,WDBC,1,397,15000,0.026260984319205004
RG-SCSO,WDBC,1,398,15000,0.026260984319205004
RG-SCSO,WDBC,1,399,15000,0.026260984319205004
RG-SCSO,WDBC,1,400,15000,0.026260984319205004
RG-SCSO,WDBC,1,401,15000,0.026260984319205004
RG-SCSO,WDBC,1,402,15000,0.026260984319205004
RG-SCSO,WDBC,1,403,15000,0.026260984319205004
RG-SCSO,WDBC,1,404,15000,0.026260984319205004
RG-SCSO,WDBC,1,405,15000,0.026260984319205004
RG-SCSO,WDBC,1,406,15000,0.026260984319205004
RG-SCSO,WDBC,1,407,15000,0.026260984319205004
RG-SCSO,WDBC,1,408,15000,0.026260984319205004
RG-SCSO,WDBC,1,409,15000,0.026260984319205004
RG-SCSO,WDBC,1,410,15000,0.026260984319205004
RG-SCSO,WDBC,1,411,15000,0.026260984319205004
RG-SCSO,WDBC,1,412,15000,0.026260984319205004
RG-SCSO,WDBC,1,413,15000,0.026260984319205004
RG-SCSO,WDBC,1,414,15000,0.026260984319205004
RG-SCSO,WDBC,1,415,15000,0.026260984319205004
RG-SCSO,WDBC,1,416,15000,0.026260984319205004
RG-SCSO,WDBC,1,417,15000,0.026260984319205004
RG-SCSO,WDBC,1,418,15000,0.026260984319205004
RG-SCSO,WDBC,1,419,15000,0.026260984319205004
RG-SCSO,WDBC,1,420,15000,0.026260984319205004
RG-SCSO,WDBC,1,421,15000,0.026260984319205004
RG-SCSO,WDBC,1,422,15000,0.026260984319205004
RG-SCSO,WDBC,1,423,15000,0.026260984319205004
RG-SCSO,WDBC,1,424,15000,0.026260984319205004
RG-SCSO,WDBC,1,425,15000,0.026260984319205004
RG-SCSO,WDBC,1,426,15000,0.026260984319205004
RG-SCSO,WDBC,1,427,15000,0.026260984319205004
RG-SCSO,WDBC,1,428,15000,0.026260984319205004
RG-SCSO,WDBC,1,429,15000,0.026260984319205004
RG-SCSO,WDBC,1,430,15000,0.026260984319205004
RG-SCSO,WDBC,1,431,15000,0.026260984319205004
RG-SCSO,WDBC,1,432,15000,0.026260984319205004
RG-SCSO,WDBC,1,433,15000,0.026260984319205004
RG-SCSO,WDBC,1,434,15000,0.026260984319205004
RG-SCSO,WDBC,1,435,15000,0.026260984319205004
RG-SCSO,WDBC,1,436,15000,0.026260984319205004
RG-SCSO,WDBC,1,437,15000,0.026260984319205004
RG-SCSO,WDBC,1,438,15000,0.026260984319205004
RG-SCSO,WDBC,1,439,15000,0.026260984319205004
RG-SCSO,WDBC,1,440,15000,0.026260984319205004
RG-SCSO,WDBC,1,441,15000,0.026260984319205004
RG-SCSO,WDBC,1,442,15000,0.026260984319205004
RG-SCSO,WDBC,1,443,15000,0.026260984319205004
RG-SCSO,WDBC,1,444,15000,0.026260984319205004
RG-SCSO,WDBC,1,445,15000,0.026260984319205004
RG-SCSO,WDBC,1,446,15000,0.026260984319205004
RG-SCSO,WDBC,1,447,15000,0.026260984319205004
RG-SCSO,WDBC,1,448,15000,0.026260984319205004
RG-SCSO,WDBC,1,449,15000,0.026260984319205004
RG-SCSO,WDBC,1,450,15000,0.026260984319205004
RG-SCSO,WDBC,1,451,15000,0.026260984319205004
RG-SCSO,WDBC,1,452,15000,0.026260984319205004
RG-SCSO,WDBC,1,453,15000,0.026260984319205004
RG-SCSO,WDBC,1,454,15000,0.026260984319205004
RG-SCSO,WDBC,1,455,15000,0.026260984319205004
RG-SCSO,WDBC,1,456,15000,0.026260984319205004
RG-SCSO,WDBC,1,457,15000,0.026260984319205004
RG-SCSO,WDBC,1,458,15000,0.026260984319205004
RG-SCSO,WDBC,1,459,15000,0.026260984319205004
RG-SCSO,WDBC,1,460,15000,0.026260984319205004
RG-SCSO,WDBC,1,461,15000,0.026260984319205004
RG-SCSO,WDBC,1,462,15000,0.026260984319205004
RG-SCSO,WDBC,1,463,15000,0.026260984319205004
RG-SCSO,WDBC,1,464,15000,0.026260984319205004
RG-SCSO,WDBC,1,465,15000,0.026260984319205004
RG-SCSO,WDBC,1,466,15000,0.026260984319205004
RG-SCSO,WDBC,1,467,15000,0.026260984319205004
RG-SCSO,WDBC,1,468,15000,0.026260984319205004
RG-SCSO,WDBC,1,469,15000,0.026260984319205004
RG-SCSO,WDBC,1,470,15000,0.026260984319205004
RG-SCSO,WDBC,1,471,15000,0.026260984319205004
RG-SCSO,WDBC,1,472,15000,0.026260984319205004
RG-SCSO,WDBC,1,473,15000,0.026260984319205004
RG-SCSO,WDBC,1,474,15000,0.026260984319205004
RG-SCSO,WDBC,1,475,15000,0.026260984319205004
RG-SCSO,WDBC,1,476,15000,0.026260984319205004
RG-SCSO,WDBC,1,477,15000,0.026260984319205004
RG-SCSO,WDBC,1,478,15000,0.026260984319205004
RG-SCSO,WDBC,1,479,15000,0.026260984319205004
RG-SCSO,WDBC,1,480,15000,0.026260984319205004
RG-SCSO,WDBC,1,481,15000,0.026260984319205004
RG-SCSO,WDBC,1,482,15000,0.026260984319205004
RG-SCSO,WDBC,1,483,15000,0.026260984319205004
RG-SCSO,WDBC,1,484,15000,0.026260984319205004
RG-SCSO,WDBC,1,485,15000,0.026260984319205004
RG-SCSO,WDBC,1,486,15000,0.026260984319205004
RG-SCSO,WDBC,1,487,15000,0.026260984319205004
RG-SCSO,WDBC,1,488,15000,0.026260984319205004
RG-SCSO,WDBC,1,489,15000,0.026260984319205004
RG-SCSO,WDBC,1,490,15000,0.026260984319205004
RG-SCSO,WDBC,1,491,15000,0.026260984319205004
RG-SCSO,WDBC,1,492,15000,0.026260984319205004
RG-SCSO,WDBC,1,493,15000,0.026260984319205004
RG-SCSO,WDBC,1,494,15000,0.026260984319205004
RG-SCSO,WDBC,1,495,15000,0.026260984319205004
RG-SCSO,WDBC,1,496,15000,0.026260984319205004
RG-SCSO,WDBC,1,497,15000,0.026260984319205004
RG-SCSO,WDBC,1,498,15000,0.026260984319205004
RG-SCSO,WDBC,1,499,15000,0.026260984319205004
RG-SCSO,WDBC,0,0,68,0.0318355845365627
RG-SCSO,WDBC,0,1,106,0.0318355845365627
RG-SCSO,WDBC,0,2,144,0.0318355845365627
RG-SCSO,WDBC,0,3,182,0.0318355845365627
RG-SCSO,WDBC,0,4,220,0.0318355845365627
RG-SCSO,WDBC,0,5,258,0.0318355845365627
RG-SCSO,WDBC,0,6,296,0.0318355845365627
RG-SCSO,WDBC,0,7,334,0.0318355845365627
RG-SCSO,WDBC,0,8,372,0.0318355845365627
RG-SCSO,WDBC,0,9,410,0.0318355845365627
RG-SCSO,WDBC,0,10,448,0.0318355845365627
RG-SCSO,WDBC,0,11,486,0.0318355845365627
RG-SCSO,WDBC,0,12,524,0.0318355845365627
RG-SCSO,WDBC,0,13,562,0.0318355845365627
RG-SCSO,WDBC,0,14,600,0.0318355845365627
RG-SCSO,WDBC,0,15,638,0.0318355845365627
RG-SCSO,WDBC,0,16,676,0.0318355845365627
RG-SCSO,WDBC,0,17,714,0.031486880919112045
RG-SCSO,WDBC,0,18,752,0.031486880919112045
RG-SCSO,WDBC,0,19,790,0.031486880919112045
RG-SCSO,WDBC,0,20,828,0.027997826424468276
RG-SCSO,WDBC,0,21,866,0.027997826424468276
RG-SCSO,WDBC,0,22,904,0.027997826424468276
RG-SCSO,WDBC,0,23,942,0.027997826424468276
RG-SCSO,WDBC,0,24,980,0.027997826424468276
RG-SCSO,WDBC,0,25,1018,0.027997826424468276
RG-SCSO,WDBC,0,26,1056,0.027997826424468276
RG-SCSO,WDBC,0,27,1094,0.027997826424468276
RG-SCSO,WDBC,0,28,1132,0.027997826424468276
RG-SCSO,WDBC,0,29,1170,0.027997826424468276
RG-SCSO,WDBC,0,30,1208,0.027997826424468276
RG-SCSO,WDBC,0,31,1246,0.027997826424468276
RG-SCSO,WDBC,0,32,1284,0.027997826424468276
RG-SCSO,WDBC,0,33,1322,0.027997826424468276
RG-SCSO,WDBC,0,34,1360,0.027997826424468276
RG-SCSO,WDBC,0,35,1398,0.027997826424468276
RG-SCSO,WDBC,0,36,1436,0.027997826424468276
RG-SCSO,WDBC,0,37,1474,0.027997826424468276
RG-SCSO,WDBC,0,38,1512,0.027997826424468276
RG-SCSO,WDBC,0,39,1550,0.027997826424468276
RG-SCSO,WDBC,0,40,1588,0.027997826424468276
RG-SCSO,WDBC,0,41,1626,0.027997826424468276
RG-SCSO,WDBC,0,42,1664,0.027997826424468276
RG-SCSO,WDBC,0,43,1702,0.027997826424468276
RG-SCSO,WDBC,0,44,1740,0.027997826424468276
RG-SCSO,WDBC,0,45,1778,0.027997826424468276
RG-SCSO,WDBC,0,46,1816,0.027997826424468276
RG-SCSO,WDBC,0,47,1854,0.027997826424468276
RG-SCSO,WDBC,0,48,1892,0.027997826424468276
RG-SCSO,WDBC,0,49,1930,0.027997826424468276
RG-SCSO,WDBC,0,50,1968,0.027997826424468276
RG-SCSO,WDBC,0,51,2006,0.027997826424468276
RG-SCSO,WDBC,0,52,2044,0.027997826424468276
RG-SCSO,WDBC,0,53,2082,0.027997826424468276
RG-SCSO,WDBC,0,54,2120,0.027997826424468276
RG-SCSO,WDBC,0,55,2158,0.027997826424468276
RG-SCSO,WDBC,0,56,2196,0.027997826424468276
RG-SCSO,WDBC,0,57,2234,0.027997826424468276
RG-SCSO,WDBC,0,58,2272,0.027997826424468276
RG-SCSO,WDBC,0,59,2310,0.027997826424468276
RG-SCSO,WDBC,0,60,2348,0.027997826424468276
RG-SCSO,WDBC,0,61,2386,0.027997826424468276
RG-SCSO,WDBC,0,62,2424,0.027997826424468276
RG-SCSO,WDBC,0,63,2462,0.027997826424468276
RG-SCSO,WDBC,0,64,2500,0.027997826424468276
RG-SCSO,WDBC,0,65,2538,0.027997826424468276
RG-SCSO,WDBC,0,66,2576,0.027997826424468276
RG-SCSO,WDBC,0,67,2614,0.027997826424468276
RG-SCSO,WDBC,0,68,2652,0.027997826424468276
RG-SCSO,WDBC,0,69,2690,0.027997826424468276
RG-SCSO,WDBC,0,70,2728,0.027997826424468276
RG-SCSO,WDBC,0,71,2766,0.027997826424468276
RG-SCSO,WDBC,0,72,2804,0.027997826424468276
RG-SCSO,WDBC,0,73,2842,0.027997826424468276
RG-SCSO,WDBC,0,74,2880,0.027997826424468276
RG-SCSO,WDBC,0,75,2918,0.027997826424468276
RG-SCSO,WDBC,0,76,2956,0.027997826424468276
RG-SCSO,WDBC,0,77,2994,0.027997826424468276
RG-SCSO,WDBC,0,78,3032,0.027997826424468276
RG-SCSO,WDBC,0,79,3070,0.027997826424468276
RG-SCSO,WDBC,0,80,3108,0.027997826424468276
RG-SCSO,WDBC,0,81,3146,0.027997826424468276
RG-SCSO,WDBC,0,82,3184,0.027997826424468276
RG-SCSO,WDBC,0,83,3222,0.027997826424468276
RG-SCSO,WDBC,0,84,3260,0.027997826424468276
RG-SCSO,WDBC,0,85,3298,0.027997826424468276
RG-SCSO,WDBC,0,86,3336,0.027997826424468276
RG-SCSO,WDBC,0,87,3374,0.027997826424468276
RG-SCSO,WDBC,0,88,3412,0.027997826424468276
RG-SCSO,WDBC,0,89,3450,0.027997826424468276
RG-SCSO,WDBC,0,90,3488,0.027997826424468276
RG-SCSO,WDBC,0,91,3526,0.027997826424468276
RG-SCSO,WDBC,0,92,3564,0.027997826424468276
RG-SCSO,WDBC,0,93,3602,0.027997826424468276
RG-SCSO,WDBC,0,94,3640,0.027997826424468276
RG-SCSO,WDBC,0,95,3678,0.027997826424468276
RG-SCSO,WDBC,0,96,3716,0.027997826424468276
RG-SCSO,WDBC,0,97,3754,0.027997826424468276
RG-SCSO,WDBC,0,98,3792,0.027997826424468276
RG-SCSO,WDBC,0,99,3830,0.027997826424468276
RG-SCSO,WDBC,0,100,3868,0.027997826424468276
RG-SCSO,WDBC,0,101,3906,0.027997826424468276
RG-SCSO,WDBC,0,102,3944,0.027997826424468276
RG-SCSO,WDBC,0,103,3982,0.027997826424468276
RG-SCSO,WDBC,0,104,4020,0.027997826424468276
RG-SCSO,WDBC,0,105,4058,0.027997826424468276
RG-SCSO,WDBC,0,106,4096,0.027997826424468276
RG-SCSO,WDBC,0,107,4134,0.027997826424468276
RG-SCSO,WDBC,0,108,4172,0.027997826424468276
RG-SCSO,WDBC,0,109,4210,0.027997826424468276
RG-SCSO,WDBC,0,110,4248,0.027997826424468276
RG-SCSO,WDBC,0,111,4286,0.027997826424468276
RG-SCSO,WDBC,0,112,4324,0.027997826424468276
RG-SCSO,WDBC,0,113,4362,0.027997826424468276
RG-SCSO,WDBC,0,114,4400,0.027997826424468276
RG-SCSO,WDBC,0,115,4438,0.027997826424468276
RG-SCSO,WDBC,0,116,4476,0.027997826424468276
RG-SCSO,WDBC,0,117,4514,0.027997826424468276
RG-SCSO,WDBC,0,118,4552,0.027997826424468276
RG-SCSO,WDBC,0,119,4590,0.027997826424468276
RG-SCSO,WDBC,0,120,4628,0.027997826424468276
RG-SCSO,WDBC,0,121,4666,0.027997826424468276
RG-SCSO,WDBC,0,122,4704,0.027997826424468276
RG-SCSO,WDBC,0,123,4742,0.027997826424468276
RG-SCSO,WDBC,0,124,4780,0.027997826424468276
RG-SCSO,WDBC,0,125,4818,0.027997826424468276
RG-SCSO,WDBC,0,126,4856,0.027997826424468276
RG-SCSO,WDBC,0,127,4894,0.027997826424468276
RG-SCSO,WDBC,0,128,4932,0.027997826424468276
RG-SCSO,WDBC,0,129,4970,0.027997826424468276
RG-SCSO,WDBC,0,130,5008,0.027997826424468276
RG-SCSO,WDBC,0,131,5046,0.027997826424468276
RG-SCSO,WDBC,0,132,5084,0.027997826424468276
RG-SCSO,WDBC,0,133,5122,0.027997826424468276
RG-SCSO,WDBC,0,134,5160,0.027997826424468276
RG-SCSO,WDBC,0,135,5198,0.027997826424468276
RG-SCSO,WDBC,0,136,5236,0.027997826424468276
RG-SCSO,WDBC,0,137,5274,0.027997826424468276
RG-SCSO,WDBC,0,138,5312,0.027997826424468276
RG-SCSO,WDBC,0,139,5350,0.027997826424468276
RG-SCSO,WDBC,0,140,5388,0.027997826424468276
RG-SCSO,WDBC,0,141,5426,0.027997826424468276
RG-SCSO,WDBC,0,142,5464,0.027997826424468276
RG-SCSO,WDBC,0,143,5502,0.027997826424468276
RG-SCSO,WDBC,0,144,5540,0.027997826424468276
RG-SCSO,WDBC,0,145,5578,0.027997826424468276
RG-SCSO,WDBC,0,146,5616,0.027997826424468276
RG-SCSO,WDBC,0,147,5654,0.027997826424468276
RG-SCSO,WDBC,0,148,5692,0.027997826424468276
RG-SCSO,WDBC,0,149,5730,0.027997826424468276
RG-SCSO,WDBC,0,150,5768,0.027997826424468276
RG-SCSO,WDBC,0,151,5806,0.027997826424468276
RG-SCSO,WDBC,0,152,5844,0.027997826424468276
RG-SCSO,WDBC,0,153,5882,0.027997826424468276
RG-SCSO,WDBC,0,154,5920,0.027997826424468276
RG-SCSO,WDBC,0,155,5958,0.027997826424468276
RG-SCSO,WDBC,0,156,5996,0.027997826424468276
RG-SCSO,WDBC,0,157,6034,0.027997826424468276
RG-SCSO,WDBC,0,158,6072,0.027997826424468276
RG-SCSO,WDBC,0,159,6110,0.027997826424468276
RG-SCSO,WDBC,0,160,6148,0.027997826424468276
RG-SCSO,WDBC,0,161,6186,0.027997826424468276
RG-SCSO,WDBC,0,162,6224,0.027997826424468276
RG-SCSO,WDBC,0,163,6262,0.027997826424468276
RG-SCSO,WDBC,0,164,6300,0.027997826424468276
RG-SCSO,WDBC,0,165,6338,0.027997826424468276
RG-SCSO,WDBC,0,166,6376,0.027997826424468276
RG-SCSO,WDBC,0,167,6414,0.027997826424468276
RG-SCSO,WDBC,0,168,6452,0.027997826424468276
RG-SCSO,WDBC,0,169,6490,0.027997826424468276
RG-SCSO,WDBC,0,170,6528,0.027997826424468276
RG-SCSO,WDBC,0,171,6566,0.027997826424468276
RG-SCSO,WDBC,0,172,6604,0.027997826424468276
RG-SCSO,WDBC,0,173,6642,0.027997826424468276
RG-SCSO,WDBC,0,174,6680,0.027997826424468276
RG-SCSO,WDBC,0,175,6718,0.027997826424468276
RG-SCSO,WDBC,0,176,6756,0.027997826424468276
RG-SCSO,WDBC,0,177,6794,0.027997826424468276
RG-SCSO,WDBC,0,178,6832,0.027997826424468276
RG-SCSO,WDBC,0,179,6870,0.027997826424468276
RG-SCSO,WDBC,0,180,6908,0.027997826424468276
RG-SCSO,WDBC,0,181,6946,0.027997826424468276
RG-SCSO,WDBC,0,182,6984,0.027997826424468276
RG-SCSO,WDBC,0,183,7022,0.027997826424468276
RG-SCSO,WDBC,0,184,7060,0.027997826424468276
RG-SCSO,WDBC,0,185,7098,0.027997826424468276
RG-SCSO,WDBC,0,186,7136,0.027997826424468276
RG-SCSO,WDBC,0,187,7174,0.027997826424468276
RG-SCSO,WDBC,0,188,7212,0.027997826424468276
RG-SCSO,WDBC,0,189,7250,0.027997826424468276
RG-SCSO,WDBC,0,190,7288,0.027997826424468276
RG-SCSO,WDBC,0,191,7326,0.027997826424468276
RG-SCSO,WDBC,0,192,7364,0.027997826424468276
RG-SCSO,WDBC,0,193,7402,0.027997826424468276
RG-SCSO,WDBC,0,194,7440,0.027997826424468276
RG-SCSO,WDBC,0,195,7478,0.027997826424468276
RG-SCSO,WDBC,0,196,7516,0.027997826424468276
RG-SCSO,WDBC,0,197,7554,0.027997826424468276
RG-SCSO,WDBC,0,198,7592,0.027997826424468276
RG-SCSO,WDBC,0,199,7630,0.027997826424468276
RG-SCSO,WDBC,0,200,7668,0.027997826424468276
RG-SCSO,WDBC,0,201,7706,0.027997826424468276
RG-SCSO,WDBC,0,202,7744,0.027997826424468276
RG-SCSO,WDBC,0,203,7782,0.027997826424468276
RG-SCSO,WDBC,0,204,7820,0.027997826424468276
RG-SCSO,WDBC,0,205,7858,0.027997826424468276
RG-SCSO,WDBC,0,206,7896,0.027997826424468276
RG-SCSO,WDBC,0,207,7934,0.027997826424468276
RG-SCSO,WDBC,0,208,7972,0.027997826424468276
RG-SCSO,WDBC,0,209,8010,0.027997826424468276
RG-SCSO,WDBC,0,210,8048,0.027997826424468276
RG-SCSO,WDBC,0,211,8086,0.027997826424468276
RG-SCSO,WDBC,0,212,8124,0.027997826424468276
RG-SCSO,WDBC,0,213,8162,0.027997826424468276
RG-SCSO,WDBC,0,214,8200,0.027997826424468276
RG-SCSO,WDBC,0,215,8238,0.027997826424468276
RG-SCSO,WDBC,0,216,8276,0.027997826424468276
RG-SCSO,WDBC,0,217,8314,0.027997826424468276
RG-SCSO,WDBC,0,218,8352,0.027997826424468276
RG-SCSO,WDBC,0,219,8390,0.027997826424468276
RG-SCSO,WDBC,0,220,8428,0.027997826424468276
RG-SCSO,WDBC,0,221,8466,0.027997826424468276
RG-SCSO,WDBC,0,222,8504,0.027997826424468276
RG-SCSO,WDBC,0,223,8542,0.027997826424468276
RG-SCSO,WDBC,0,224,8580,0.027997826424468276
RG-SCSO,WDBC,0,225,8618,0.027997826424468276
RG-SCSO,WDBC,0,226,8656,0.027997826424468276
RG-SCSO,WDBC,0,227,8694,0.027997826424468276
RG-SCSO,WDBC,0,228,8732,0.027997826424468276
RG-SCSO,WDBC,0,229,8770,0.027997826424468276
RG-SCSO,WDBC,0,230,8808,0.027997826424468276
RG-SCSO,WDBC,0,231,8846,0.027997826424468276
RG-SCSO,WDBC,0,232,8884,0.027997826424468276
RG-SCSO,WDBC,0,233,8922,0.027997826424468276
RG-SCSO,WDBC,0,234,8960,0.027997826424468276
RG-SCSO,WDBC,0,235,8998,0.027997826424468276
RG-SCSO,WDBC,0,236,9036,0.027997826424468276
RG-SCSO,WDBC,0,237,9074,0.027997826424468276
RG-SCSO,WDBC,0,238,9112,0.027997826424468276
RG-SCSO,WDBC,0,239,9150,0.027997826424468276
RG-SCSO,WDBC,0,240,9188,0.027997826424468276
RG-SCSO,WDBC,0,241,9226,0.027997826424468276
RG-SCSO,WDBC,0,242,9264,0.027997826424468276
RG-SCSO,WDBC,0,243,9302,0.027997826424468276
RG-SCSO,WDBC,0,244,9340,0.027997826424468276
RG-SCSO,WDBC,0,245,9378,0.027997826424468276
RG-SCSO,WDBC,0,246,9416,0.027997826424468276
RG-SCSO,WDBC,0,247,9454,0.027997826424468276
RG-SCSO,WDBC,0,248,9492,0.027997826424468276
RG-SCSO,WDBC,0,249,9530,0.027997826424468276
RG-SCSO,WDBC,0,250,9568,0.027997826424468276
RG-SCSO,WDBC,0,251,9606,0.027997826424468276
RG-SCSO,WDBC,0,252,9644,0.027997826424468276
RG-SCSO,WDBC,0,253,9682,0.027997826424468276
RG-SCSO,WDBC,0,254,9720,0.027997826424468276
RG-SCSO,WDBC,0,255,9758,0.027997826424468276
RG-SCSO,WDBC,0,256,9796,0.027997826424468276
RG-SCSO,WDBC,0,257,9834,0.027997826424468276
RG-SCSO,WDBC,0,258,9872,0.027997826424468276
RG-SCSO,WDBC,0,259,9910,0.027997826424468276
RG-SCSO,WDBC,0,260,9948,0.027997826424468276
RG-SCSO,WDBC,0,261,9986,0.027997826424468276
RG-SCSO,WDBC,0,262,10024,0.027997826424468276
RG-SCSO,WDBC,0,263,10062,0.027997826424468276
RG-SCSO,WDBC,0,264,10100,0.027997826424468276
RG-SCSO,WDBC,0,265,10138,0.027997826424468276
RG-SCSO,WDBC,0,266,10176,0.027997826424468276
RG-SCSO,WDBC,0,267,10214,0.027997826424468276
RG-SCSO,WDBC,0,268,10252,0.027997826424468276
RG-SCSO,WDBC,0,269,10290,0.027997826424468276
RG-SCSO,WDBC,0,270,10328,0.027997826424468276
RG-SCSO,WDBC,0,271,10366,0.027997826424468276
RG-SCSO,WDBC,0,272,10404,0.027997826424468276
RG-SCSO,WDBC,0,273,10442,0.027997826424468276
RG-SCSO,WDBC,0,274,10480,0.027997826424468276
RG-SCSO,WDBC,0,275,10518,0.027997826424468276
RG-SCSO,WDBC,0,276,10556,0.027997826424468276
RG-SCSO,WDBC,0,277,10594,0.027997826424468276
RG-SCSO,WDBC,0,278,10632,0.027997826424468276
RG-SCSO,WDBC,0,279,10670,0.027997826424468276
RG-SCSO,WDBC,0,280,10708,0.027997826424468276
RG-SCSO,WDBC,0,281,10746,0.027997826424468276
RG-SCSO,WDBC,0,282,10784,0.027997826424468276
RG-SCSO,WDBC,0,283,10822,0.027997826424468276
RG-SCSO,WDBC,0,284,10860,0.027997826424468276
RG-SCSO,WDBC,0,285,10898,0.027997826424468276
RG-SCSO,WDBC,0,286,10936,0.027997826424468276
RG-SCSO,WDBC,0,287,10974,0.027997826424468276
RG-SCSO,WDBC,0,288,11012,0.027997826424468276
RG-SCSO,WDBC,0,289,11050,0.027997826424468276
RG-SCSO,WDBC,0,290,11088,0.027997826424468276
RG-SCSO,WDBC,0,291,11126,0.027997826424468276
RG-SCSO,WDBC,0,292,11164,0.027997826424468276
RG-SCSO,WDBC,0,293,11202,0.027997826424468276
RG-SCSO,WDBC,0,294,11240,0.027997826424468276
RG-SCSO,WDBC,0,295,11278,0.027997826424468276
RG-SCSO,WDBC,0,296,11316,0.027997826424468276
RG-SCSO,WDBC,0,297,11354,0.027997826424468276
RG-SCSO,WDBC,0,298,11392,0.027997826424468276
RG-SCSO,WDBC,0,299,11430,0.027997826424468276
RG-SCSO,WDBC,0,300,11468,0.027997826424468276
RG-SCSO,WDBC,0,301,11506,0.027997826424468276
RG-SCSO,WDBC,0,302,11544,0.027997826424468276
RG-SCSO,WDBC,0,303,11582,0.027997826424468276
RG-SCSO,WDBC,0,304,11620,0.027997826424468276
RG-SCSO,WDBC,0,305,11658,0.027997826424468276
RG-SCSO,WDBC,0,306,11696,0.027997826424468276
RG-SCSO,WDBC,0,307,11734,0.027997826424468276
RG-SCSO,WDBC,0,308,11772,0.027997826424468276
RG-SCSO,WDBC,0,309,11810,0.027997826424468276
RG-SCSO,WDBC,0,310,11848,0.027997826424468276
RG-SCSO,WDBC,0,311,11886,0.027997826424468276
RG-SCSO,WDBC,0,312,11924,0.027997826424468276
RG-SCSO,WDBC,0,313,11962,0.027997826424468276
RG-SCSO,WDBC,0,314,12000,0.027997826424468276
RG-SCSO,WDBC,0,315,12038,0.027997826424468276
RG-SCSO,WDBC,0,316,12076,0.027997826424468276
RG-SCSO,WDBC,0,317,12114,0.027997826424468276
RG-SCSO,WDBC,0,318,12152,0.027997826424468276
RG-SCSO,WDBC,0,319,12190,0.027997826424468276
RG-SCSO,WDBC,0,320,12228,0.027997826424468276
RG-SCSO,WDBC,0,321,12266,0.027997826424468276
RG-SCSO,WDBC,0,322,12304,0.027997826424468276
RG-SCSO,WDBC,0,323,12342,0.027997826424468276
RG-SCSO,WDBC,0,324,12380,0.027997826424468276
RG-SCSO,WDBC,0,325,12418,0.027997826424468276
RG-SCSO,WDBC,0,326,12456,0.027997826424468276
RG-SCSO,WDBC,0,327,12494,0.027997826424468276
RG-SCSO,WDBC,0,328,12532,0.027997826424468276
RG-SCSO,WDBC,0,329,12570,0.027997826424468276
RG-SCSO,WDBC,0,330,12608,0.027997826424468276
RG-SCSO,WDBC,0,331,12646,0.027997826424468276
RG-SCSO,WDBC,0,332,12684,0.027997826424468276
RG-SCSO,WDBC,0,333,12722,0.027997826424468276
RG-SCSO,WDBC,0,334,12760,0.027997826424468276
RG-SCSO,WDBC,0,335,12798,0.027997826424468276
RG-SCSO,WDBC,0,336,12836,0.027997826424468276
RG-SCSO,WDBC,0,337,12874,0.027997826424468276
RG-SCSO,WDBC,0,338,12912,0.027997826424468276
RG-SCSO,WDBC,0,339,12950,0.027997826424468276
RG-SCSO,WDBC,0,340,12988,0.027997826424468276
RG-SCSO,WDBC,0,341,13026,0.027997826424468276
RG-SCSO,WDBC,0,342,13064,0.027997826424468276
RG-SCSO,WDBC,0,343,13102,0.027997826424468276
RG-SCSO,WDBC,0,344,13140,0.027997826424468276
RG-SCSO,WDBC,0,345,13178,0.027997826424468276
RG-SCSO,WDBC,0,346,13216,0.027997826424468276
RG-SCSO,WDBC,0,347,13254,0.027997826424468276
RG-SCSO,WDBC,0,348,13292,0.027997826424468276
RG-SCSO,WDBC,0,349,13330,0.027997826424468276
RG-SCSO,WDBC,0,350,13368,0.027997826424468276
RG-SCSO,WDBC,0,351,13406,0.027997826424468276
RG-SCSO,WDBC,0,352,13444,0.027997826424468276
RG-SCSO,WDBC,0,353,13482,0.027997826424468276
RG-SCSO,WDBC,0,354,13520,0.027997826424468276
RG-SCSO,WDBC,0,355,13558,0.027997826424468276
RG-SCSO,WDBC,0,356,13596,0.027997826424468276
RG-SCSO,WDBC,0,357,13634,0.027997826424468276
RG-SCSO,WDBC,0,358,13672,0.027997826424468276
RG-SCSO,WDBC,0,359,13710,0.027997826424468276
RG-SCSO,WDBC,0,360,13748,0.027997826424468276
RG-SCSO,WDBC,0,361,13786,0.027997826424468276
RG-SCSO,WDBC,0,362,13824,0.027997826424468276
RG-SCSO,WDBC,0,363,13862,0.027997826424468276
RG-SCSO,WDBC,0,364,13900,0.027997826424468276
RG-SCSO,WDBC,0,365,13938,0.027997826424468276
RG-SCSO,WDBC,0,366,13976,0.027997826424468276
RG-SCSO,WDBC,0,367,14014,0.027997826424468276
RG-SCSO,WDBC,0,368,14052,0.027997826424468276
RG-SCSO,WDBC,0,369,14090,0.027997826424468276
RG-SCSO,WDBC,0,370,14128,0.027997826424468276
RG-SCSO,WDBC,0,371,14166,0.027997826424468276
RG-SCSO,WDBC,0,372,14204,0.027997826424468276
RG-SCSO,WDBC,0,373,14242,0.027997826424468276
RG-SCSO,WDBC,0,374,14280,0.027997826424468276
RG-SCSO,WDBC,0,375,14318,0.027997826424468276
RG-SCSO,WDBC,0,376,14356,0.027997826424468276
RG-SCSO,WDBC,0,377,14394,0.027997826424468276
RG-SCSO,WDBC,0,378,14432,0.027997826424468276
RG-SCSO,WDBC,0,379,14470,0.027997826424468276
RG-SCSO,WDBC,0,380,14508,0.027997826424468276
RG-SCSO,WDBC,0,381,14546,0.027997826424468276
RG-SCSO,WDBC,0,382,14584,0.027997826424468276
RG-SCSO,WDBC,0,383,14622,0.027997826424468276
RG-SCSO,WDBC,0,384,14660,0.027997826424468276
RG-SCSO,WDBC,0,385,14698,0.027997826424468276
RG-SCSO,WDBC,0,386,14736,0.027997826424468276
RG-SCSO,WDBC,0,387,14774,0.027997826424468276
RG-SCSO,WDBC,0,388,14812,0.027997826424468276
RG-SCSO,WDBC,0,389,14850,0.027997826424468276
RG-SCSO,WDBC,0,390,14888,0.027997826424468276
RG-SCSO,WDBC,0,391,14926,0.027997826424468276
RG-SCSO,WDBC,0,392,14964,0.027997826424468276
RG-SCSO,WDBC,0,393,15000,0.027997826424468276
RG-SCSO,WDBC,0,394,15000,0.027997826424468276
RG-SCSO,WDBC,0,395,15000,0.027997826424468276
RG-SCSO,WDBC,0,396,15000,0.027997826424468276
RG-SCSO,WDBC,0,397,15000,0.027997826424468276
RG-SCSO,WDBC,0,398,15000,0.027997826424468276
RG-SCSO,WDBC,0,399,15000,0.027997826424468276
RG-SCSO,WDBC,0,400,15000,0.027997826424468276
RG-SCSO,WDBC,0,401,15000,0.027997826424468276
RG-SCSO,WDBC,0,402,15000,0.027997826424468276
RG-SCSO,WDBC,0,403,15000,0.027997826424468276
RG-SCSO,WDBC,0,404,15000,0.027997826424468276
RG-SCSO,WDBC,0,405,15000,0.027997826424468276
RG-SCSO,WDBC,0,406,15000,0.027997826424468276
RG-SCSO,WDBC,0,407,15000,0.027997826424468276
RG-SCSO,WDBC,0,408,15000,0.027997826424468276
RG-SCSO,WDBC,0,409,15000,0.027997826424468276
RG-SCSO,WDBC,0,410,15000,0.027997826424468276
RG-SCSO,WDBC,0,411,15000,0.027997826424468276
RG-SCSO,WDBC,0,412,15000,0.027997826424468276
RG-SCSO,WDBC,0,413,15000,0.027997826424468276
RG-SCSO,WDBC,0,414,15000,0.027997826424468276
RG-SCSO,WDBC,0,415,15000,0.027997826424468276
RG-SCSO,WDBC,0,416,15000,0.027997826424468276
RG-SCSO,WDBC,0,417,15000,0.027997826424468276
RG-SCSO,WDBC,0,418,15000,0.027997826424468276
RG-SCSO,WDBC,0,419,15000,0.027997826424468276
RG-SCSO,WDBC,0,420,15000,0.027997826424468276
RG-SCSO,WDBC,0,421,15000,0.027997826424468276
RG-SCSO,WDBC,0,422,15000,0.027997826424468276
RG-SCSO,WDBC,0,423,15000,0.027997826424468276
RG-SCSO,WDBC,0,424,15000,0.027997826424468276
RG-SCSO,WDBC,0,425,15000,0.027997826424468276
RG-SCSO,WDBC,0,426,15000,0.027997826424468276
RG-SCSO,WDBC,0,427,15000,0.027997826424468276
RG-SCSO,WDBC,0,428,15000,0.027997826424468276
RG-SCSO,WDBC,0,429,15000,0.027997826424468276
RG-SCSO,WDBC,0,430,15000,0.027997826424468276
RG-SCSO,WDBC,0,431,15000,0.027997826424468276
RG-SCSO,WDBC,0,432,15000,0.027997826424468276
RG-SCSO,WDBC,0,433,15000,0.027997826424468276
RG-SCSO,WDBC,0,434,15000,0.027997826424468276
RG-SCSO,WDBC,0,435,15000,0.027997826424468276
RG-SCSO,WDBC,0,436,15000,0.027997826424468276
RG-SCSO,WDBC,0,437,15000,0.027997826424468276
RG-SCSO,WDBC,0,438,15000,0.027997826424468276
RG-SCSO,WDBC,0,439,15000,0.027997826424468276
RG-SCSO,WDBC,0,440,15000,0.027997826424468276
RG-SCSO,WDBC,0,441,15000,0.027997826424468276
RG-SCSO,WDBC,0,442,15000,0.027997826424468276
RG-SCSO,WDBC,0,443,15000,0.027997826424468276
RG-SCSO,WDBC,0,444,15000,0.027997826424468276
RG-SCSO,WDBC,0,445,15000,0.027997826424468276
RG-SCSO,WDBC,0,446,15000,0.027997826424468276
RG-SCSO,WDBC,0,447,15000,0.027997826424468276
RG-SCSO,WDBC,0,448,15000,0.027997826424468276
RG-SCSO,WDBC,0,449,15000,0.027997826424468276
RG-SCSO,WDBC,0,450,15000,0.027997826424468276
RG-SCSO,WDBC,0,451,15000,0.027997826424468276
RG-SCSO,WDBC,0,452,15000,0.027997826424468276
RG-SCSO,WDBC,0,453,15000,0.027997826424468276
RG-SCSO,WDBC,0,454,15000,0.027997826424468276
RG-SCSO,WDBC,0,455,15000,0.027997826424468276
RG-SCSO,WDBC,0,456,15000,0.027997826424468276
RG-SCSO,WDBC,0,457,15000,0.027997826424468276
RG-SCSO,WDBC,0,458,15000,0.027997826424468276
RG-SCSO,WDBC,0,459,15000,0.027997826424468276
RG-SCSO,WDBC,0,460,15000,0.027997826424468276
RG-SCSO,WDBC,0,461,15000,0.027997826424468276
RG-SCSO,WDBC,0,462,15000,0.027997826424468276
RG-SCSO,WDBC,0,463,15000,0.027997826424468276
RG-SCSO,WDBC,0,464,15000,0.027997826424468276
RG-SCSO,WDBC,0,465,15000,0.027997826424468276
RG-SCSO,WDBC,0,466,15000,0.027997826424468276
RG-SCSO,WDBC,0,467,15000,0.027997826424468276
RG-SCSO,WDBC,0,468,15000,0.027997826424468276
RG-SCSO,WDBC,0,469,15000,0.027997826424468276
RG-SCSO,WDBC,0,470,15000,0.027997826424468276
RG-SCSO,WDBC,0,471,15000,0.027997826424468276
RG-SCSO,WDBC,0,472,15000,0.027997826424468276
RG-SCSO,WDBC,0,473,15000,0.027997826424468276
RG-SCSO,WDBC,0,474,15000,0.027997826424468276
RG-SCSO,WDBC,0,475,15000,0.027997826424468276
RG-SCSO,WDBC,0,476,15000,0.027997826424468276
RG-SCSO,WDBC,0,477,15000,0.027997826424468276
RG-SCSO,WDBC,0,478,15000,0.027997826424468276
RG-SCSO,WDBC,0,479,15000,0.027997826424468276
RG-SCSO,WDBC,0,480,15000,0.027997826424468276
RG-SCSO,WDBC,0,481,15000,0.027997826424468276
RG-SCSO,WDBC,0,482,15000,0.027997826424468276
RG-SCSO,WDBC,0,483,15000,0.027997826424468276
RG-SCSO,WDBC,0,484,15000,0.027997826424468276
RG-SCSO,WDBC,0,485,15000,0.027997826424468276
RG-SCSO,WDBC,0,486,15000,0.027997826424468276
RG-SCSO,WDBC,0,487,15000,0.027997826424468276
RG-SCSO,WDBC,0,488,15000,0.027997826424468276
RG-SCSO,WDBC,0,489,15000,0.027997826424468276
RG-SCSO,WDBC,0,490,15000,0.027997826424468276
RG-SCSO,WDBC,0,491,15000,0.027997826424468276
RG-SCSO,WDBC,0,492,15000,0.027997826424468276
RG-SCSO,WDBC,0,493,15000,0.027997826424468276
RG-SCSO,WDBC,0,494,15000,0.027997826424468276
RG-SCSO,WDBC,0,495,15000,0.027997826424468276
RG-SCSO,WDBC,0,496,15000,0.027997826424468276
RG-SCSO,WDBC,0,497,15000,0.027997826424468276
RG-SCSO,WDBC,0,498,15000,0.027997826424468276
RG-SCSO,WDBC,0,499,15000,0.027997826424468276
RG-SCSO,WDBC,2,0,68,0.032517621487346805
RG-SCSO,WDBC,2,1,106,0.031114112715416867
RG-SCSO,WDBC,2,2,144,0.031114112715416867
RG-SCSO,WDBC,2,3,182,0.031114112715416867
RG-SCSO,WDBC,2,4,220,0.027710603943487035
RG-SCSO,WDBC,2,5,258,0.027710603943487035
RG-SCSO,WDBC,2,6,296,0.027710603943487035
RG-SCSO,WDBC,2,7,334,0.027710603943487035
RG-SCSO,WDBC,2,8,372,0.027710603943487035
RG-SCSO,WDBC,2,9,410,0.027710603943487035
RG-SCSO,WDBC,2,10,448,0.027710603943487035
RG-SCSO,WDBC,2,11,486,0.027710603943487035
RG-SCSO,WDBC,2,12,524,0.027710603943487035
RG-SCSO,WDBC,2,13,562,0.027710603943487035
RG-SCSO,WDBC,2,14,600,0.027710603943487035
RG-SCSO,WDBC,2,15,638,0.027710603943487035
RG-SCSO,WDBC,2,16,676,0.027710603943487035
RG-SCSO,WDBC,2,17,714,0.027710603943487035
RG-SCSO,WDBC,2,18,752,0.027710603943487035
RG-SCSO,WDBC,2,19,790,0.027710603943487035
RG-SCSO,WDBC,2,20,828,0.027710603943487035
RG-SCSO,WDBC,2,21,866,0.027710603943487035
RG-SCSO,WDBC,2,22,904,0.027710603943487035
RG-SCSO,WDBC,2,23,942,0.027710603943487035
RG-SCSO,WDBC,2,24,980,0.027710603943487035
RG-SCSO,WDBC,2,25,1018,0.027710603943487035
RG-SCSO,WDBC,2,26,1056,0.027710603943487035
RG-SCSO,WDBC,2,27,1094,0.027710603943487035
RG-SCSO,WDBC,2,28,1132,0.027710603943487035
RG-SCSO,WDBC,2,29,1170,0.027710603943487035
RG-SCSO,WDBC,2,30,1208,0.027710603943487035
RG-SCSO,WDBC,2,31,1246,0.027710603943487035
RG-SCSO,WDBC,2,32,1284,0.027710603943487035
RG-SCSO,WDBC,2,33,1322,0.027710603943487035
RG-SCSO,WDBC,2,34,1360,0.027710603943487035
RG-SCSO,WDBC,2,35,1398,0.027710603943487035
RG-SCSO,WDBC,2,36,1436,0.027710603943487035
RG-SCSO,WDBC,2,37,1474,0.027710603943487035
RG-SCSO,WDBC,2,38,1512,0.027710603943487035
RG-SCSO,WDBC,2,39,1550,0.027710603943487035
RG-SCSO,WDBC,2,40,1588,0.027710603943487035
RG-SCSO,WDBC,2,41,1626,0.027710603943487035
RG-SCSO,WDBC,2,42,1664,0.027710603943487035
RG-SCSO,WDBC,2,43,1702,0.027710603943487035
RG-SCSO,WDBC,2,44,1740,0.027710603943487035
RG-SCSO,WDBC,2,45,1778,0.027710603943487035
RG-SCSO,WDBC,2,46,1816,0.027710603943487035
RG-SCSO,WDBC,2,47,1854,0.027710603943487035
RG-SCSO,WDBC,2,48,1892,0.027710603943487035
RG-SCSO,WDBC,2,49,1930,0.023120633442012123
RG-SCSO,WDBC,2,50,1968,0.023120633442012123
RG-SCSO,WDBC,2,51,2006,0.023120633442012123
RG-SCSO,WDBC,2,52,2044,0.023120633442012123
RG-SCSO,WDBC,2,53,2082,0.023120633442012123
RG-SCSO,WDBC,2,54,2120,0.023120633442012123
RG-SCSO,WDBC,2,55,2158,0.023120633442012123
RG-SCSO,WDBC,2,56,2196,0.023120633442012123
RG-SCSO,WDBC,2,57,2234,0.023120633442012123
RG-SCSO,WDBC,2,58,2272,0.023120633442012123
RG-SCSO,WDBC,2,59,2310,0.023120633442012123
RG-SCSO,WDBC,2,60,2348,0.023120633442012123
RG-SCSO,WDBC,2,61,2386,0.023120633442012123
RG-SCSO,WDBC,2,62,2424,0.023120633442012123
RG-SCSO,WDBC,2,63,2462,0.023120633442012123
RG-SCSO,WDBC,2,64,2500,0.023120633442012123
RG-SCSO,WDBC,2,65,2538,0.023120633442012123
RG-SCSO,WDBC,2,66,2576,0.023120633442012123
RG-SCSO,WDBC,2,67,2614,0.023120633442012123
RG-SCSO,WDBC,2,68,2652,0.023120633442012123
RG-SCSO,WDBC,2,69,2690,0.023120633442012123
RG-SCSO,WDBC,2,70,2728,0.023120633442012123
RG-SCSO,WDBC,2,71,2766,0.023120633442012123
RG-SCSO,WDBC,2,72,2804,0.023120633442012123
RG-SCSO,WDBC,2,73,2842,0.023120633442012123
RG-SCSO,WDBC,2,74,2880,0.023120633442012123
RG-SCSO,WDBC,2,75,2918,0.023120633442012123
RG-SCSO,WDBC,2,76,2956,0.023120633442012123
RG-SCSO,WDBC,2,77,2994,0.023120633442012123
RG-SCSO,WDBC,2,78,3032,0.023120633442012123
RG-SCSO,WDBC,2,79,3070,0.023120633442012123
RG-SCSO,WDBC,2,80,3108,0.023120633442012123
RG-SCSO,WDBC,2,81,3146,0.023120633442012123
RG-SCSO,WDBC,2,82,3184,0.023120633442012123
RG-SCSO,WDBC,2,83,3222,0.023120633442012123
RG-SCSO,WDBC,2,84,3260,0.023120633442012123
RG-SCSO,WDBC,2,85,3298,0.023120633442012123
RG-SCSO,WDBC,2,86,3336,0.023120633442012123
RG-SCSO,WDBC,2,87,3374,0.023120633442012123
RG-SCSO,WDBC,2,88,3412,0.023120633442012123
RG-SCSO,WDBC,2,89,3450,0.023120633442012123
RG-SCSO,WDBC,2,90,3488,0.023120633442012123
RG-SCSO,WDBC,2,91,3526,0.023120633442012123
RG-SCSO,WDBC,2,92,3564,0.023120633442012123
RG-SCSO,WDBC,2,93,3602,0.023120633442012123
RG-SCSO,WDBC,2,94,3640,0.023120633442012123
RG-SCSO,WDBC,2,95,3678,0.023120633442012123
RG-SCSO,WDBC,2,96,3716,0.023120633442012123
RG-SCSO,WDBC,2,97,3754,0.023120633442012123
RG-SCSO,WDBC,2,98,3792,0.023120633442012123
RG-SCSO,WDBC,2,99,3830,0.023120633442012123
RG-SCSO,WDBC,2,100,3868,0.023120633442012123
RG-SCSO,WDBC,2,101,3906,0.023120633442012123
RG-SCSO,WDBC,2,102,3944,0.023120633442012123
RG-SCSO,WDBC,2,103,3982,0.023120633442012123
RG-SCSO,WDBC,2,104,4020,0.023120633442012123
RG-SCSO,WDBC,2,105,4058,0.023120633442012123
RG-SCSO,WDBC,2,106,4096,0.023120633442012123
RG-SCSO,WDBC,2,107,4134,0.023120633442012123
RG-SCSO,WDBC,2,108,4172,0.023120633442012123
RG-SCSO,WDBC,2,109,4210,0.023120633442012123
RG-SCSO,WDBC,2,110,4248,0.023120633442012123
RG-SCSO,WDBC,2,111,4286,0.023120633442012123
RG-SCSO,WDBC,2,112,4324,0.023120633442012123
RG-SCSO,WDBC,2,113,4362,0.023120633442012123
RG-SCSO,WDBC,2,114,4400,0.023120633442012123
RG-SCSO,WDBC,2,115,4438,0.023120633442012123
RG-SCSO,WDBC,2,116,4476,0.023120633442012123
RG-SCSO,WDBC,2,117,4514,0.023120633442012123
RG-SCSO,WDBC,2,118,4552,0.023120633442012123
RG-SCSO,WDBC,2,119,4590,0.023120633442012123
RG-SCSO,WDBC,2,120,4628,0.023120633442012123
RG-SCSO,WDBC,2,121,4666,0.023120633442012123
RG-SCSO,WDBC,2,122,4704,0.023120633442012123
RG-SCSO,WDBC,2,123,4742,0.023120633442012123
RG-SCSO,WDBC,2,124,4780,0.023120633442012123
RG-SCSO,WDBC,2,125,4818,0.023120633442012123
RG-SCSO,WDBC,2,126,4856,0.023120633442012123
RG-SCSO,WDBC,2,127,4894,0.023120633442012123
RG-SCSO,WDBC,2,128,4932,0.023120633442012123
RG-SCSO,WDBC,2,129,4970,0.023120633442012123
RG-SCSO,WDBC,2,130,5008,0.023120633442012123
RG-SCSO,WDBC,2,131,5046,0.023120633442012123
RG-SCSO,WDBC,2,132,5084,0.023120633442012123
RG-SCSO,WDBC,2,133,5122,0.023120633442012123
RG-SCSO,WDBC,2,134,5160,0.023120633442012123
RG-SCSO,WDBC,2,135,5198,0.023120633442012123
RG-SCSO,WDBC,2,136,5236,0.023120633442012123
RG-SCSO,WDBC,2,137,5274,0.023120633442012123
RG-SCSO,WDBC,2,138,5312,0.023120633442012123
RG-SCSO,WDBC,2,139,5350,0.023120633442012123
RG-SCSO,WDBC,2,140,5388,0.023120633442012123
RG-SCSO,WDBC,2,141,5426,0.023120633442012123
RG-SCSO,WDBC,2,142,5464,0.023120633442012123
RG-SCSO,WDBC,2,143,5502,0.023120633442012123
RG-SCSO,WDBC,2,144,5540,0.023120633442012123
RG-SCSO,WDBC,2,145,5578,0.023120633442012123
RG-SCSO,WDBC,2,146,5616,0.023120633442012123
RG-SCSO,WDBC,2,147,5654,0.023120633442012123
RG-SCSO,WDBC,2,148,5692,0.023120633442012123
RG-SCSO,WDBC,2,149,5730,0.023120633442012123
RG-SCSO,WDBC,2,150,5768,0.023120633442012123
RG-SCSO,WDBC,2,151,5806,0.023120633442012123
RG-SCSO,WDBC,2,152,5844,0.023120633442012123
RG-SCSO,WDBC,2,153,5882,0.023120633442012123
RG-SCSO,WDBC,2,154,5920,0.023120633442012123
RG-SCSO,WDBC,2,155,5958,0.023120633442012123
RG-SCSO,WDBC,2,156,5996,0.023120633442012123
RG-SCSO,WDBC,2,157,6034,0.023120633442012123
RG-SCSO,WDBC,2,158,6072,0.023120633442012123
RG-SCSO,WDBC,2,159,6110,0.023120633442012123
RG-SCSO,WDBC,2,160,6148,0.023120633442012123
RG-SCSO,WDBC,2,161,6186,0.023120633442012123
RG-SCSO,WDBC,2,162,6224,0.023120633442012123
RG-SCSO,WDBC,2,163,6262,0.023120633442012123
RG-SCSO,WDBC,2,164,6300,0.023120633442012123
RG-SCSO,WDBC,2,165,6338,0.023120633442012123
RG-SCSO,WDBC,2,166,6376,0.023120633442012123
RG-SCSO,WDBC,2,167,6414,0.023120633442012123
RG-SCSO,WDBC,2,168,6452,0.023120633442012123
RG-SCSO,WDBC,2,169,6490,0.023120633442012123
RG-SCSO,WDBC,2,170,6528,0.023120633442012123
RG-SCSO,WDBC,2,171,6566,0.023120633442012123
RG-SCSO,WDBC,2,172,6604,0.023120633442012123
RG-SCSO,WDBC,2,173,6642,0.023120633442012123
RG-SCSO,WDBC,2,174,6680,0.023120633442012123
RG-SCSO,WDBC,2,175,6718,0.023120633442012123
RG-SCSO,WDBC,2,176,6756,0.023120633442012123
RG-SCSO,WDBC,2,177,6794,0.023120633442012123
RG-SCSO,WDBC,2,178,6832,0.023120633442012123
RG-SCSO,WDBC,2,179,6870,0.023120633442012123
RG-SCSO,WDBC,2,180,6908,0.023120633442012123
RG-SCSO,WDBC,2,181,6946,0.023120633442012123
RG-SCSO,WDBC,2,182,6984,0.023120633442012123
RG-SCSO,WDBC,2,183,7022,0.023120633442012123
RG-SCSO,WDBC,2,184,7060,0.023120633442012123
RG-SCSO,WDBC,2,185,7098,0.023120633442012123
RG-SCSO,WDBC,2,186,7136,0.023120633442012123
RG-SCSO,WDBC,2,187,7174,0.023120633442012123
RG-SCSO,WDBC,2,188,7212,0.023120633442012123
RG-SCSO,WDBC,2,189,7250,0.023120633442012123
RG-SCSO,WDBC,2,190,7288,0.023120633442012123
RG-SCSO,WDBC,2,191,7326,0.023120633442012123
RG-SCSO,WDBC,2,192,7364,0.023120633442012123
RG-SCSO,WDBC,2,193,7402,0.023120633442012123
RG-SCSO,WDBC,2,194,7440,0.023120633442012123
RG-SCSO,WDBC,2,195,7478,0.023120633442012123
RG-SCSO,WDBC,2,196,7516,0.023120633442012123
RG-SCSO,WDBC,2,197,7554,0.023120633442012123
RG-SCSO,WDBC,2,198,7592,0.023120633442012123
RG-SCSO,WDBC,2,199,7630,0.023120633442012123
RG-SCSO,WDBC,2,200,7668,0.023120633442012123
RG-SCSO,WDBC,2,201,7706,0.023120633442012123
RG-SCSO,WDBC,2,202,7744,0.023120633442012123
RG-SCSO,WDBC,2,203,7782,0.023120633442012123
RG-SCSO,WDBC,2,204,7820,0.023120633442012123
RG-SCSO,WDBC,2,205,7858,0.023120633442012123
RG-SCSO,WDBC,2,206,7896,0.023120633442012123
RG-SCSO,WDBC,2,207,7934,0.023120633442012123
RG-SCSO,WDBC,2,208,7972,0.023120633442012123
RG-SCSO,WDBC,2,209,8010,0.023120633442012123
RG-SCSO,WDBC,2,210,8048,0.023120633442012123
RG-SCSO,WDBC,2,211,8086,0.023120633442012123
RG-SCSO,WDBC,2,212,8124,0.023120633442012123
RG-SCSO,WDBC,2,213,8162,0.023120633442012123
RG-SCSO,WDBC,2,214,8200,0.023120633442012123
RG-SCSO,WDBC,2,215,8238,0.023120633442012123
RG-SCSO,WDBC,2,216,8276,0.023120633442012123
RG-SCSO,WDBC,2,217,8314,0.023120633442012123
RG-SCSO,WDBC,2,218,8352,0.023120633442012123
RG-SCSO,WDBC,2,219,8390,0.023120633442012123
RG-SCSO,WDBC,2,220,8428,0.023120633442012123
RG-SCSO,WDBC,2,221,8466,0.023120633442012123
RG-SCSO,WDBC,2,222,8504,0.023120633442012123
RG-SCSO,WDBC,2,223,8542,0.023120633442012123
RG-SCSO,WDBC,2,224,8580,0.023120633442012123
RG-SCSO,WDBC,2,225,8618,0.023120633442012123
RG-SCSO,WDBC,2,226,8656,0.023120633442012123
RG-SCSO,WDBC,2,227,8694,0.023120633442012123
RG-SCSO,WDBC,2,228,8732,0.023120633442012123
RG-SCSO,WDBC,2,229,8770,0.023120633442012123
RG-SCSO,WDBC,2,230,8808,0.023120633442012123
RG-SCSO,WDBC,2,231,8846,0.023120633442012123
RG-SCSO,WDBC,2,232,8884,0.023120633442012123
RG-SCSO,WDBC,2,233,8922,0.023120633442012123
RG-SCSO,WDBC,2,234,8960,0.023120633442012123
RG-SCSO,WDBC,2,235,8998,0.023120633442012123
RG-SCSO,WDBC,2,236,9036,0.023120633442012123
RG-SCSO,WDBC,2,237,9074,0.023120633442012123
RG-SCSO,WDBC,2,238,9112,0.023120633442012123
RG-SCSO,WDBC,2,239,9150,0.023120633442012123
RG-SCSO,WDBC,2,240,9188,0.023120633442012123
RG-SCSO,WDBC,2,241,9226,0.023120633442012123
RG-SCSO,WDBC,2,242,9264,0.023120633442012123
RG-SCSO,WDBC,2,243,9302,0.023120633442012123
RG-SCSO,WDBC,2,244,9340,0.023120633442012123
RG-SCSO,WDBC,2,245,9378,0.023120633442012123
RG-SCSO,WDBC,2,246,9416,0.023120633442012123
RG-SCSO,WDBC,2,247,9454,0.023120633442012123
RG-SCSO,WDBC,2,248,9492,0.023120633442012123
RG-SCSO,WDBC,2,249,9530,0.023120633442012123
RG-SCSO,WDBC,2,250,9568,0.023120633442012123
RG-SCSO,WDBC,2,251,9606,0.023120633442012123
RG-SCSO,WDBC,2,252,9644,0.023120633442012123
RG-SCSO,WDBC,2,253,9682,0.023120633442012123
RG-SCSO,WDBC,2,254,9720,0.023120633442012123
RG-SCSO,WDBC,2,255,9758,0.023120633442012123
RG-SCSO,WDBC,2,256,9796,0.023120633442012123
RG-SCSO,WDBC,2,257,9834,0.023120633442012123
RG-SCSO,WDBC,2,258,9872,0.023120633442012123
RG-SCSO,WDBC,2,259,9910,0.023120633442012123
RG-SCSO,WDBC,2,260,9948,0.023120633442012123
RG-SCSO,WDBC,2,261,9986,0.023120633442012123
RG-SCSO,WDBC,2,262,10024,0.023120633442012123
RG-SCSO,WDBC,2,263,10062,0.023120633442012123
RG-SCSO,WDBC,2,264,10100,0.023120633442012123
RG-SCSO,WDBC,2,265,10138,0.023120633442012123
RG-SCSO,WDBC,2,266,10176,0.023120633442012123
RG-SCSO,WDBC,2,267,10214,0.023120633442012123
RG-SCSO,WDBC,2,268,10252,0.023120633442012123
RG-SCSO,WDBC,2,269,10290,0.023120633442012123
RG-SCSO,WDBC,2,270,10328,0.023120633442012123
RG-SCSO,WDBC,2,271,10366,0.023120633442012123
RG-SCSO,WDBC,2,272,10404,0.023120633442012123
RG-SCSO,WDBC,2,273,10442,0.023120633442012123
RG-SCSO,WDBC,2,274,10480,0.023120633442012123
RG-SCSO,WDBC,2,275,10518,0.023120633442012123
RG-SCSO,WDBC,2,276,10556,0.023120633442012123
RG-SCSO,WDBC,2,277,10594,0.023120633442012123
RG-SCSO,WDBC,2,278,10632,0.023120633442012123
RG-SCSO,WDBC,2,279,10670,0.023120633442012123
RG-SCSO,WDBC,2,280,10708,0.023120633442012123
RG-SCSO,WDBC,2,281,10746,0.023120633442012123
RG-SCSO,WDBC,2,282,10784,0.023120633442012123
RG-SCSO,WDBC,2,283,10822,0.023120633442012123
RG-SCSO,WDBC,2,284,10860,0.023120633442012123
RG-SCSO,WDBC,2,285,10898,0.023120633442012123
RG-SCSO,WDBC,2,286,10936,0.023120633442012123
RG-SCSO,WDBC,2,287,10974,0.023120633442012123
RG-SCSO,WDBC,2,288,11012,0.023120633442012123
RG-SCSO,WDBC,2,289,11050,0.023120633442012123
RG-SCSO,WDBC,2,290,11088,0.023120633442012123
RG-SCSO,WDBC,2,291,11126,0.023120633442012123
RG-SCSO,WDBC,2,292,11164,0.023120633442012123
RG-SCSO,WDBC,2,293,11202,0.023120633442012123
RG-SCSO,WDBC,2,294,11240,0.023120633442012123
RG-SCSO,WDBC,2,295,11278,0.023120633442012123
RG-SCSO,WDBC,2,296,11316,0.023120633442012123
RG-SCSO,WDBC,2,297,11354,0.023120633442012123
RG-SCSO,WDBC,2,298,11392,0.023120633442012123
RG-SCSO,WDBC,2,299,11430,0.023120633442012123
RG-SCSO,WDBC,2,300,11468,0.023120633442012123
RG-SCSO,WDBC,2,301,11506,0.023120633442012123
RG-SCSO,WDBC,2,302,11544,0.023120633442012123
RG-SCSO,WDBC,2,303,11582,0.023120633442012123
RG-SCSO,WDBC,2,304,11620,0.023120633442012123
RG-SCSO,WDBC,2,305,11658,0.023120633442012123
RG-SCSO,WDBC,2,306,11696,0.023120633442012123
RG-SCSO,WDBC,2,307,11734,0.023120633442012123
RG-SCSO,WDBC,2,308,11772,0.023120633442012123
RG-SCSO,WDBC,2,309,11810,0.023120633442012123
RG-SCSO,WDBC,2,310,11848,0.023120633442012123
RG-SCSO,WDBC,2,311,11886,0.023120633442012123
RG-SCSO,WDBC,2,312,11924,0.023120633442012123
RG-SCSO,WDBC,2,313,11962,0.023120633442012123
RG-SCSO,WDBC,2,314,12000,0.023120633442012123
RG-SCSO,WDBC,2,315,12038,0.023120633442012123
RG-SCSO,WDBC,2,316,12076,0.023120633442012123
RG-SCSO,WDBC,2,317,12114,0.023120633442012123
RG-SCSO,WDBC,2,318,12152,0.023120633442012123
RG-SCSO,WDBC,2,319,12190,0.023120633442012123
RG-SCSO,WDBC,2,320,12228,0.023120633442012123
RG-SCSO,WDBC,2,321,12266,0.023120633442012123
RG-SCSO,WDBC,2,322,12304,0.023120633442012123
RG-SCSO,WDBC,2,323,12342,0.023120633442012123
RG-SCSO,WDBC,2,324,12380,0.023120633442012123
RG-SCSO,WDBC,2,325,12418,0.023120633442012123
RG-SCSO,WDBC,2,326,12456,0.023120633442012123
RG-SCSO,WDBC,2,327,12494,0.023120633442012123
RG-SCSO,WDBC,2,328,12532,0.023120633442012123
RG-SCSO,WDBC,2,329,12570,0.023120633442012123
RG-SCSO,WDBC,2,330,12608,0.023120633442012123
RG-SCSO,WDBC,2,331,12646,0.023120633442012123
RG-SCSO,WDBC,2,332,12684,0.023120633442012123
RG-SCSO,WDBC,2,333,12722,0.023120633442012123
RG-SCSO,WDBC,2,334,12760,0.023120633442012123
RG-SCSO,WDBC,2,335,12798,0.023120633442012123
RG-SCSO,WDBC,2,336,12836,0.023120633442012123
RG-SCSO,WDBC,2,337,12874,0.023120633442012123
RG-SCSO,WDBC,2,338,12912,0.023120633442012123
RG-SCSO,WDBC,2,339,12950,0.023120633442012123
RG-SCSO,WDBC,2,340,12988,0.023120633442012123
RG-SCSO,WDBC,2,341,13026,0.023120633442012123
RG-SCSO,WDBC,2,342,13064,0.023120633442012123
RG-SCSO,WDBC,2,343,13102,0.023120633442012123
RG-SCSO,WDBC,2,344,13140,0.023120633442012123
RG-SCSO,WDBC,2,345,13178,0.023120633442012123
RG-SCSO,WDBC,2,346,13216,0.023120633442012123
RG-SCSO,WDBC,2,347,13254,0.023120633442012123
RG-SCSO,WDBC,2,348,13292,0.023120633442012123
RG-SCSO,WDBC,2,349,13330,0.023120633442012123
RG-SCSO,WDBC,2,350,13368,0.023120633442012123
RG-SCSO,WDBC,2,351,13406,0.023120633442012123
RG-SCSO,WDBC,2,352,13444,0.023120633442012123
RG-SCSO,WDBC,2,353,13482,0.023120633442012123
RG-SCSO,WDBC,2,354,13520,0.023120633442012123
RG-SCSO,WDBC,2,355,13558,0.023120633442012123
RG-SCSO,WDBC,2,356,13596,0.023120633442012123
RG-SCSO,WDBC,2,357,13634,0.023120633442012123
RG-SCSO,WDBC,2,358,13672,0.023120633442012123
RG-SCSO,WDBC,2,359,13710,0.023120633442012123
RG-SCSO,WDBC,2,360,13748,0.023120633442012123
RG-SCSO,WDBC,2,361,13786,0.023120633442012123
RG-SCSO,WDBC,2,362,13824,0.023120633442012123
RG-SCSO,WDBC,2,363,13862,0.023120633442012123
RG-SCSO,WDBC,2,364,13900,0.023120633442012123
RG-SCSO,WDBC,2,365,13938,0.023120633442012123
RG-SCSO,WDBC,2,366,13976,0.023120633442012123
RG-SCSO,WDBC,2,367,14014,0.023120633442012123
RG-SCSO,WDBC,2,368,14052,0.023120633442012123
RG-SCSO,WDBC,2,369,14090,0.023120633442012123
RG-SCSO,WDBC,2,370,14128,0.023120633442012123
RG-SCSO,WDBC,2,371,14166,0.023120633442012123
RG-SCSO,WDBC,2,372,14204,0.023120633442012123
RG-SCSO,WDBC,2,373,14242,0.023120633442012123
RG-SCSO,WDBC,2,374,14280,0.023120633442012123
RG-SCSO,WDBC,2,375,14318,0.023120633442012123
RG-SCSO,WDBC,2,376,14356,0.023120633442012123
RG-SCSO,WDBC,2,377,14394,0.023120633442012123
RG-SCSO,WDBC,2,378,14432,0.023120633442012123
RG-SCSO,WDBC,2,379,14470,0.023120633442012123
RG-SCSO,WDBC,2,380,14508,0.023120633442012123
RG-SCSO,WDBC,2,381,14546,0.023120633442012123
RG-SCSO,WDBC,2,382,14584,0.023120633442012123
RG-SCSO,WDBC,2,383,14622,0.023120633442012123
RG-SCSO,WDBC,2,384,14660,0.023120633442012123
RG-SCSO,WDBC,2,385,14698,0.023120633442012123
RG-SCSO,WDBC,2,386,14736,0.023120633442012123
RG-SCSO,WDBC,2,387,14774,0.023120633442012123
RG-SCSO,WDBC,2,388,14812,0.023120633442012123
RG-SCSO,WDBC,2,389,14850,0.023120633442012123
RG-SCSO,WDBC,2,390,14888,0.023120633442012123
RG-SCSO,WDBC,2,391,14926,0.023120633442012123
RG-SCSO,WDBC,2,392,14964,0.023120633442012123
RG-SCSO,WDBC,2,393,15000,0.023120633442012123
RG-SCSO,WDBC,2,394,15000,0.023120633442012123
RG-SCSO,WDBC,2,395,15000,0.023120633442012123
RG-SCSO,WDBC,2,396,15000,0.023120633442012123
RG-SCSO,WDBC,2,397,15000,0.023120633442012123
RG-SCSO,WDBC,2,398,15000,0.023120633442012123
RG-SCSO,WDBC,2,399,15000,0.023120633442012123
RG-SCSO,WDBC,2,400,15000,0.023120633442012123
RG-SCSO,WDBC,2,401,15000,0.023120633442012123
RG-SCSO,WDBC,2,402,15000,0.023120633442012123
RG-SCSO,WDBC,2,403,15000,0.023120633442012123
RG-SCSO,WDBC,2,404,15000,0.023120633442012123
RG-SCSO,WDBC,2,405,15000,0.023120633442012123
RG-SCSO,WDBC,2,406,15000,0.023120633442012123
RG-SCSO,WDBC,2,407,15000,0.023120633442012123
RG-SCSO,WDBC,2,408,15000,0.023120633442012123
RG-SCSO,WDBC,2,409,15000,0.023120633442012123
RG-SCSO,WDBC,2,410,15000,0.023120633442012123
RG-SCSO,WDBC,2,411,15000,0.023120633442012123
RG-SCSO,WDBC,2,412,15000,0.023120633442012123
RG-SCSO,WDBC,2,413,15000,0.023120633442012123
RG-SCSO,WDBC,2,414,15000,0.023120633442012123
RG-SCSO,WDBC,2,415,15000,0.023120633442012123
RG-SCSO,WDBC,2,416,15000,0.023120633442012123
RG-SCSO,WDBC,2,417,15000,0.023120633442012123
RG-SCSO,WDBC,2,418,15000,0.023120633442012123
RG-SCSO,WDBC,2,419,15000,0.023120633442012123
RG-SCSO,WDBC,2,420,15000,0.023120633442012123
RG-SCSO,WDBC,2,421,15000,0.023120633442012123
RG-SCSO,WDBC,2,422,15000,0.023120633442012123
RG-SCSO,WDBC,2,423,15000,0.023120633442012123
RG-SCSO,WDBC,2,424,15000,0.023120633442012123
RG-SCSO,WDBC,2,425,15000,0.023120633442012123
RG-SCSO,WDBC,2,426,15000,0.023120633442012123
RG-SCSO,WDBC,2,427,15000,0.023120633442012123
RG-SCSO,WDBC,2,428,15000,0.023120633442012123
RG-SCSO,WDBC,2,429,15000,0.023120633442012123
RG-SCSO,WDBC,2,430,15000,0.023120633442012123
RG-SCSO,WDBC,2,431,15000,0.023120633442012123
RG-SCSO,WDBC,2,432,15000,0.023120633442012123
RG-SCSO,WDBC,2,433,15000,0.023120633442012123
RG-SCSO,WDBC,2,434,15000,0.023120633442012123
RG-SCSO,WDBC,2,435,15000,0.023120633442012123
RG-SCSO,WDBC,2,436,15000,0.023120633442012123
RG-SCSO,WDBC,2,437,15000,0.023120633442012123
RG-SCSO,WDBC,2,438,15000,0.023120633442012123
RG-SCSO,WDBC,2,439,15000,0.023120633442012123
RG-SCSO,WDBC,2,440,15000,0.023120633442012123
RG-SCSO,WDBC,2,441,15000,0.023120633442012123
RG-SCSO,WDBC,2,442,15000,0.023120633442012123
RG-SCSO,WDBC,2,443,15000,0.023120633442012123
RG-SCSO,WDBC,2,444,15000,0.023120633442012123
RG-SCSO,WDBC,2,445,15000,0.023120633442012123
RG-SCSO,WDBC,2,446,15000,0.023120633442012123
RG-SCSO,WDBC,2,447,15000,0.023120633442012123
RG-SCSO,WDBC,2,448,15000,0.023120633442012123
RG-SCSO,WDBC,2,449,15000,0.023120633442012123
RG-SCSO,WDBC,2,450,15000,0.023120633442012123
RG-SCSO,WDBC,2,451,15000,0.023120633442012123
RG-SCSO,WDBC,2,452,15000,0.023120633442012123
RG-SCSO,WDBC,2,453,15000,0.023120633442012123
RG-SCSO,WDBC,2,454,15000,0.023120633442012123
RG-SCSO,WDBC,2,455,15000,0.023120633442012123
RG-SCSO,WDBC,2,456,15000,0.023120633442012123
RG-SCSO,WDBC,2,457,15000,0.023120633442012123
RG-SCSO,WDBC,2,458,15000,0.023120633442012123
RG-SCSO,WDBC,2,459,15000,0.023120633442012123
RG-SCSO,WDBC,2,460,15000,0.023120633442012123
RG-SCSO,WDBC,2,461,15000,0.023120633442012123
RG-SCSO,WDBC,2,462,15000,0.023120633442012123
RG-SCSO,WDBC,2,463,15000,0.023120633442012123
RG-SCSO,WDBC,2,464,15000,0.023120633442012123
RG-SCSO,WDBC,2,465,15000,0.023120633442012123
RG-SCSO,WDBC,2,466,15000,0.023120633442012123
RG-SCSO,WDBC,2,467,15000,0.023120633442012123
RG-SCSO,WDBC,2,468,15000,0.023120633442012123
RG-SCSO,WDBC,2,469,15000,0.023120633442012123
RG-SCSO,WDBC,2,470,15000,0.023120633442012123
RG-SCSO,WDBC,2,471,15000,0.023120633442012123
RG-SCSO,WDBC,2,472,15000,0.023120633442012123
RG-SCSO,WDBC,2,473,15000,0.023120633442012123
RG-SCSO,WDBC,2,474,15000,0.023120633442012123
RG-SCSO,WDBC,2,475,15000,0.023120633442012123
RG-SCSO,WDBC,2,476,15000,0.023120633442012123
RG-SCSO,WDBC,2,477,15000,0.023120633442012123
RG-SCSO,WDBC,2,478,15000,0.023120633442012123
RG-SCSO,WDBC,2,479,15000,0.023120633442012123
RG-SCSO,WDBC,2,480,15000,0.023120633442012123
RG-SCSO,WDBC,2,481,15000,0.023120633442012123
RG-SCSO,WDBC,2,482,15000,0.023120633442012123
RG-SCSO,WDBC,2,483,15000,0.023120633442012123
RG-SCSO,WDBC,2,484,15000,0.023120633442012123
RG-SCSO,WDBC,2,485,15000,0.023120633442012123
RG-SCSO,WDBC,2,486,15000,0.023120633442012123
RG-SCSO,WDBC,2,487,15000,0.023120633442012123
RG-SCSO,WDBC,2,488,15000,0.023120633442012123
RG-SCSO,WDBC,2,489,15000,0.023120633442012123
RG-SCSO,WDBC,2,490,15000,0.023120633442012123
RG-SCSO,WDBC,2,491,15000,0.023120633442012123
RG-SCSO,WDBC,2,492,15000,0.023120633442012123
RG-SCSO,WDBC,2,493,15000,0.023120633442012123
RG-SCSO,WDBC,2,494,15000,0.023120633442012123
RG-SCSO,WDBC,2,495,15000,0.023120633442012123
RG-SCSO,WDBC,2,496,15000,0.023120633442012123
RG-SCSO,WDBC,2,497,15000,0.023120633442012123
RG-SCSO,WDBC,2,498,15000,0.023120633442012123
RG-SCSO,WDBC,2,499,15000,0.023120633442012123
RG-SCSO,ColonCancer,3,0,68,0.16005961538461538
RG-SCSO,ColonCancer,3,1,106,0.16005961538461538
RG-SCSO,ColonCancer,3,2,144,0.16005961538461538
RG-SCSO,ColonCancer,3,3,182,0.16005961538461538
RG-SCSO,ColonCancer,3,4,220,0.16005961538461538
RG-SCSO,ColonCancer,3,5,258,0.16005961538461538
RG-SCSO,ColonCancer,3,6,296,0.16005961538461538
RG-SCSO,ColonCancer,3,7,334,0.16005961538461538
RG-SCSO,ColonCancer,3,8,372,0.14489384615384618
RG-SCSO,ColonCancer,3,9,410,0.14489384615384618
RG-SCSO,ColonCancer,3,10,448,0.14489384615384618
RG-SCSO,ColonCancer,3,11,486,0.14489384615384618
RG-SCSO,ColonCancer,3,12,524,0.14489384615384618
RG-SCSO,ColonCancer,3,13,562,0.14489384615384618
RG-SCSO,ColonCancer,3,14,600,0.14489384615384618
RG-SCSO,ColonCancer,3,15,638,0.14489384615384618
RG-SCSO,ColonCancer,3,16,676,0.14489384615384618
RG-SCSO,ColonCancer,3,17,714,0.14489384615384618
RG-SCSO,ColonCancer,3,18,752,0.14489384615384618
RG-SCSO,ColonCancer,3,19,790,0.14489384615384618
RG-SCSO,ColonCancer,3,20,828,0.14489384615384618
RG-SCSO,ColonCancer,3,21,866,0.14489384615384618
RG-SCSO,ColonCancer,3,22,904,0.14489384615384618
RG-SCSO,ColonCancer,3,23,942,0.14489384615384618
RG-SCSO,ColonCancer,3,24,980,0.14489384615384618
RG-SCSO,ColonCancer,3,25,1018,0.14489384615384618
RG-SCSO,ColonCancer,3,26,1056,0.14489384615384618
RG-SCSO,ColonCancer,3,27,1094,0.14489384615384618
RG-SCSO,ColonCancer,3,28,1132,0.14489384615384618
RG-SCSO,ColonCancer,3,29,1170,0.14489384615384618
RG-SCSO,ColonCancer,3,30,1208,0.14489384615384618
RG-SCSO,ColonCancer,3,31,1246,0.14489384615384618
RG-SCSO,ColonCancer,3,32,1284,0.14489384615384618
RG-SCSO,ColonCancer,3,33,1322,0.14489384615384618
RG-SCSO,ColonCancer,3,34,1360,0.14489384615384618
RG-SCSO,ColonCancer,3,35,1398,0.14489384615384618
RG-SCSO,ColonCancer,3,36,1436,0.14489384615384618
RG-SCSO,ColonCancer,3,37,1474,0.14489384615384618
RG-SCSO,ColonCancer,3,38,1512,0.14489384615384618
RG-SCSO,ColonCancer,3,39,1550,0.14489384615384618
RG-SCSO,ColonCancer,3,40,1588,0.14489384615384618
RG-SCSO,ColonCancer,3,41,1626,0.14489384615384618
RG-SCSO,ColonCancer,3,42,1664,0.14489384615384618
RG-SCSO,ColonCancer,3,43,1702,0.14489384615384618
RG-SCSO,ColonCancer,3,44,1740,0.14489384615384618
RG-SCSO,ColonCancer,3,45,1778,0.14489384615384618
RG-SCSO,ColonCancer,3,46,1816,0.14489384615384618
RG-SCSO,ColonCancer,3,47,1854,0.14489384615384618
RG-SCSO,ColonCancer,3,48,1892,0.14489384615384618
RG-SCSO,ColonCancer,3,49,1930,0.14489384615384618
RG-SCSO,ColonCancer,3,50,1968,0.14489384615384618
RG-SCSO,ColonCancer,3,51,2006,0.14489384615384618
RG-SCSO,ColonCancer,3,52,2044,0.14489384615384618
RG-SCSO,ColonCancer,3,53,2082,0.14489384615384618
RG-SCSO,ColonCancer,3,54,2120,0.14489384615384618
RG-SCSO,ColonCancer,3,55,2158,0.14489384615384618
RG-SCSO,ColonCancer,3,56,2196,0.14489384615384618
RG-SCSO,ColonCancer,3,57,2234,0.14489384615384618
RG-SCSO,ColonCancer,3,58,2272,0.14489384615384618
RG-SCSO,ColonCancer,3,59,2310,0.14489384615384618
RG-SCSO,ColonCancer,3,60,2348,0.14489384615384618
RG-SCSO,ColonCancer,3,61,2386,0.14489384615384618
RG-SCSO,ColonCancer,3,62,2424,0.14489384615384618
RG-SCSO,ColonCancer,3,63,2462,0.14489384615384618
RG-SCSO,ColonCancer,3,64,2500,0.14489384615384618
RG-SCSO,ColonCancer,3,65,2538,0.14489384615384618
RG-SCSO,ColonCancer,3,66,2576,0.14489384615384618
RG-SCSO,ColonCancer,3,67,2614,0.14489384615384618
RG-SCSO,ColonCancer,3,68,2652,0.14489384615384618
RG-SCSO,ColonCancer,3,69,2690,0.14489384615384618
RG-SCSO,ColonCancer,3,70,2728,0.14489384615384618
RG-SCSO,ColonCancer,3,71,2766,0.14489384615384618
RG-SCSO,ColonCancer,3,72,2804,0.14489384615384618
RG-SCSO,ColonCancer,3,73,2842,0.14489384615384618
RG-SCSO,ColonCancer,3,74,2880,0.14489384615384618
RG-SCSO,ColonCancer,3,75,2918,0.14489384615384618
RG-SCSO,ColonCancer,3,76,2956,0.14489384615384618
RG-SCSO,ColonCancer,3,77,2994,0.14489384615384618
RG-SCSO,ColonCancer,3,78,3032,0.14489384615384618
RG-SCSO,ColonCancer,3,79,3070,0.14489384615384618
RG-SCSO,ColonCancer,3,80,3108,0.14489384615384618
RG-SCSO,ColonCancer,3,81,3146,0.14489384615384618
RG-SCSO,ColonCancer,3,82,3184,0.14489384615384618
RG-SCSO,ColonCancer,3,83,3222,0.14489384615384618
RG-SCSO,ColonCancer,3,84,3260,0.14489384615384618
RG-SCSO,ColonCancer,3,85,3298,0.14489384615384618
RG-SCSO,ColonCancer,3,86,3336,0.14489384615384618
RG-SCSO,ColonCancer,3,87,3374,0.14489384615384618
RG-SCSO,ColonCancer,3,88,3412,0.14489384615384618
RG-SCSO,ColonCancer,3,89,3450,0.14489384615384618
RG-SCSO,ColonCancer,3,90,3488,0.14489384615384618
RG-SCSO,ColonCancer,3,91,3526,0.14489384615384618
RG-SCSO,ColonCancer,3,92,3564,0.14489384615384618
RG-SCSO,ColonCancer,3,93,3602,0.14489384615384618
RG-SCSO,ColonCancer,3,94,3640,0.14489384615384618
RG-SCSO,ColonCancer,3,95,3678,0.14489384615384618
RG-SCSO,ColonCancer,3,96,3716,0.14489384615384618
RG-SCSO,ColonCancer,3,97,3754,0.14489384615384618
RG-SCSO,ColonCancer,3,98,3792,0.14489384615384618
RG-SCSO,ColonCancer,3,99,3830,0.14489384615384618
RG-SCSO,ColonCancer,3,100,3868,0.14489384615384618
RG-SCSO,ColonCancer,3,101,3906,0.14489384615384618
RG-SCSO,ColonCancer,3,102,3944,0.14489384615384618
RG-SCSO,ColonCancer,3,103,3982,0.14489384615384618
RG-SCSO,ColonCancer,3,104,4020,0.14489384615384618
RG-SCSO,ColonCancer,3,105,4058,0.14489384615384618
RG-SCSO,ColonCancer,3,106,4096,0.14489384615384618
RG-SCSO,ColonCancer,3,107,4134,0.14489384615384618
RG-SCSO,ColonCancer,3,108,4172,0.14489384615384618
RG-SCSO,ColonCancer,3,109,4210,0.14489384615384618
RG-SCSO,ColonCancer,3,110,4248,0.14489384615384618
RG-SCSO,ColonCancer,3,111,4286,0.14489384615384618
RG-SCSO,ColonCancer,3,112,4324,0.14489384615384618
RG-SCSO,ColonCancer,3,113,4362,0.14489384615384618
RG-SCSO,ColonCancer,3,114,4400,0.14489384615384618
RG-SCSO,ColonCancer,3,115,4438,0.14489384615384618
RG-SCSO,ColonCancer,3,116,4476,0.13101730769230777
RG-SCSO,ColonCancer,3,117,4514,0.13101730769230777
RG-SCSO,ColonCancer,3,118,4552,0.13101730769230777
RG-SCSO,ColonCancer,3,119,4590,0.13101730769230777
RG-SCSO,ColonCancer,3,120,4628,0.13101730769230777
RG-SCSO,ColonCancer,3,121,4666,0.13101730769230777
RG-SCSO,ColonCancer,3,122,4704,0.13101730769230777
RG-SCSO,ColonCancer,3,123,4742,0.13101730769230777
RG-SCSO,ColonCancer,3,124,4780,0.13101730769230777
RG-SCSO,ColonCancer,3,125,4818,0.13101730769230777
RG-SCSO,ColonCancer,3,126,4856,0.13101730769230777
RG-SCSO,ColonCancer,3,127,4894,0.13101730769230777
RG-SCSO,ColonCancer,3,128,4932,0.13101730769230777
RG-SCSO,ColonCancer,3,129,4970,0.13101730769230777
RG-SCSO,ColonCancer,3,130,5008,0.13101730769230777
RG-SCSO,ColonCancer,3,131,5046,0.13101730769230777
RG-SCSO,ColonCancer,3,132,5084,0.13101730769230777
RG-SCSO,ColonCancer,3,133,5122,0.13101730769230777
RG-SCSO,ColonCancer,3,134,5160,0.13101730769230777
RG-SCSO,ColonCancer,3,135,5198,0.13101730769230777
RG-SCSO,ColonCancer,3,136,5236,0.13101730769230777
RG-SCSO,ColonCancer,3,137,5274,0.13101730769230777
RG-SCSO,ColonCancer,3,138,5312,0.13101730769230777
RG-SCSO,ColonCancer,3,139,5350,0.13101730769230777
RG-SCSO,ColonCancer,3,140,5388,0.13101730769230777
RG-SCSO,ColonCancer,3,141,5426,0.13101730769230777
RG-SCSO,ColonCancer,3,142,5464,0.13101730769230777
RG-SCSO,ColonCancer,3,143,5502,0.13101730769230777
RG-SCSO,ColonCancer,3,144,5540,0.13101730769230777
RG-SCSO,ColonCancer,3,145,5578,0.13101730769230777
RG-SCSO,ColonCancer,3,146,5616,0.13101730769230777
RG-SCSO,ColonCancer,3,147,5654,0.13101730769230777
RG-SCSO,ColonCancer,3,148,5692,0.13101730769230777
RG-SCSO,ColonCancer,3,149,5730,0.13101730769230777
RG-SCSO,ColonCancer,3,150,5768,0.13101730769230777
RG-SCSO,ColonCancer,3,151,5806,0.13101730769230777
RG-SCSO,ColonCancer,3,152,5844,0.13101730769230777
RG-SCSO,ColonCancer,3,153,5882,0.13101730769230777
RG-SCSO,ColonCancer,3,154,5920,0.13101730769230777
RG-SCSO,ColonCancer,3,155,5958,0.13101730769230777
RG-SCSO,ColonCancer,3,156,5996,0.13101730769230777
RG-SCSO,ColonCancer,3,157,6034,0.13101730769230777
RG-SCSO,ColonCancer,3,158,6072,0.13101730769230777
RG-SCSO,ColonCancer,3,159,6110,0.13101730769230777
RG-SCSO,ColonCancer,3,160,6148,0.13101730769230777
RG-SCSO,ColonCancer,3,161,6186,0.13101730769230777
RG-SCSO,ColonCancer,3,162,6224,0.13101730769230777
RG-SCSO,ColonCancer,3,163,6262,0.13101730769230777
RG-SCSO,ColonCancer,3,164,6300,0.13101730769230777
RG-SCSO,ColonCancer,3,165,6338,0.13101730769230777
RG-SCSO,ColonCancer,3,166,6376,0.13101730769230777
RG-SCSO,ColonCancer,3,167,6414,0.13101730769230777
RG-SCSO,ColonCancer,3,168,6452,0.13101730769230777
RG-SCSO,ColonCancer,3,169,6490,0.13101730769230777
RG-SCSO,ColonCancer,3,170,6528,0.13101730769230777
RG-SCSO,ColonCancer,3,171,6566,0.13101730769230777
RG-SCSO,ColonCancer,3,172,6604,0.13101730769230777
RG-SCSO,ColonCancer,3,173,6642,0.13101730769230777
RG-SCSO,ColonCancer,3,174,6680,0.13101730769230777
RG-SCSO,ColonCancer,3,175,6718,0.13101730769230777
RG-SCSO,ColonCancer,3,176,6756,0.13101730769230777
RG-SCSO,ColonCancer,3,177,6794,0.13101730769230777
RG-SCSO,ColonCancer,3,178,6832,0.13101730769230777
RG-SCSO,ColonCancer,3,179,6870,0.13101730769230777
RG-SCSO,ColonCancer,3,180,6908,0.13101730769230777
RG-SCSO,ColonCancer,3,181,6946,0.13101730769230777
RG-SCSO,ColonCancer,3,182,6984,0.13101730769230777
RG-SCSO,ColonCancer,3,183,7022,0.13101730769230777
RG-SCSO,ColonCancer,3,184,7060,0.13101730769230777
RG-SCSO,ColonCancer,3,185,7098,0.13101730769230777
RG-SCSO,ColonCancer,3,186,7136,0.13101730769230777
RG-SCSO,ColonCancer,3,187,7174,0.13101730769230777
RG-SCSO,ColonCancer,3,188,7212,0.13101730769230777
RG-SCSO,ColonCancer,3,189,7250,0.13101730769230777
RG-SCSO,ColonCancer,3,190,7288,0.13101730769230777
RG-SCSO,ColonCancer,3,191,7326,0.13101730769230777
RG-SCSO,ColonCancer,3,192,7364,0.13101730769230777
RG-SCSO,ColonCancer,3,193,7402,0.13101730769230777
RG-SCSO,ColonCancer,3,194,7440,0.13101730769230777
RG-SCSO,ColonCancer,3,195,7478,0.13101730769230777
RG-SCSO,ColonCancer,3,196,7516,0.13101730769230777
RG-SCSO,ColonCancer,3,197,7554,0.13101730769230777
RG-SCSO,ColonCancer,3,198,7592,0.13101730769230777
RG-SCSO,ColonCancer,3,199,7630,0.13101730769230777
RG-SCSO,ColonCancer,3,200,7668,0.13101730769230777
RG-SCSO,ColonCancer,3,201,7706,0.13101730769230777
RG-SCSO,ColonCancer,3,202,7744,0.13101730769230777
RG-SCSO,ColonCancer,3,203,7782,0.13101730769230777
RG-SCSO,ColonCancer,3,204,7820,0.13101730769230777
RG-SCSO,ColonCancer,3,205,7858,0.13101730769230777
RG-SCSO,ColonCancer,3,206,7896,0.13101730769230777
RG-SCSO,ColonCancer,3,207,7934,0.13101730769230777
RG-SCSO,ColonCancer,3,208,7972,0.13101730769230777
RG-SCSO,ColonCancer,3,209,8010,0.13101730769230777
RG-SCSO,ColonCancer,3,210,8048,0.13101730769230777
RG-SCSO,ColonCancer,3,211,8086,0.13101730769230777
RG-SCSO,ColonCancer,3,212,8124,0.13101730769230777
RG-SCSO,ColonCancer,3,213,8162,0.13101730769230777
RG-SCSO,ColonCancer,3,214,8200,0.13101730769230777
RG-SCSO,ColonCancer,3,215,8238,0.13101730769230777
RG-SCSO,ColonCancer,3,216,8276,0.13101730769230777
RG-SCSO,ColonCancer,3,217,8314,0.13101730769230777
RG-SCSO,ColonCancer,3,218,8352,0.13101730769230777
RG-SCSO,ColonCancer,3,219,8390,0.13101730769230777
RG-SCSO,ColonCancer,3,220,8428,0.13101730769230777
RG-SCSO,ColonCancer,3,221,8466,0.13101730769230777
RG-SCSO,ColonCancer,3,222,8504,0.13101730769230777
RG-SCSO,ColonCancer,3,223,8542,0.13101730769230777
RG-SCSO,ColonCancer,3,224,8580,0.13101730769230777
RG-SCSO,ColonCancer,3,225,8618,0.13101730769230777
RG-SCSO,ColonCancer,3,226,8656,0.13101730769230777
RG-SCSO,ColonCancer,3,227,8694,0.13101730769230777
RG-SCSO,ColonCancer,3,228,8732,0.13101730769230777
RG-SCSO,ColonCancer,3,229,8770,0.13101730769230777
RG-SCSO,ColonCancer,3,230,8808,0.13101730769230777
RG-SCSO,ColonCancer,3,231,8846,0.13101730769230777
RG-SCSO,ColonCancer,3,232,8884,0.13101730769230777
RG-SCSO,ColonCancer,3,233,8922,0.13101730769230777
RG-SCSO,ColonCancer,3,234,8960,0.13101730769230777
RG-SCSO,ColonCancer,3,235,8998,0.13101730769230777
RG-SCSO,ColonCancer,3,236,9036,0.13101730769230777
RG-SCSO,ColonCancer,3,237,9074,0.13101730769230777
RG-SCSO,ColonCancer,3,238,9112,0.13101730769230777
RG-SCSO,ColonCancer,3,239,9150,0.13101730769230777
RG-SCSO,ColonCancer,3,240,9188,0.13101730769230777
RG-SCSO,ColonCancer,3,241,9226,0.13101730769230777
RG-SCSO,ColonCancer,3,242,9264,0.13101730769230777
RG-SCSO,ColonCancer,3,243,9302,0.13101730769230777
RG-SCSO,ColonCancer,3,244,9340,0.13101730769230777
RG-SCSO,ColonCancer,3,245,9378,0.13101730769230777
RG-SCSO,ColonCancer,3,246,9416,0.13101730769230777
RG-SCSO,ColonCancer,3,247,9454,0.13101730769230777
RG-SCSO,ColonCancer,3,248,9492,0.13101730769230777
RG-SCSO,ColonCancer,3,249,9530,0.13101730769230777
RG-SCSO,ColonCancer,3,250,9568,0.13101730769230777
RG-SCSO,ColonCancer,3,251,9606,0.13101730769230777
RG-SCSO,ColonCancer,3,252,9644,0.13101730769230777
RG-SCSO,ColonCancer,3,253,9682,0.13101730769230777
RG-SCSO,ColonCancer,3,254,9720,0.13101730769230777
RG-SCSO,ColonCancer,3,255,9758,0.13101730769230777
RG-SCSO,ColonCancer,3,256,9796,0.13101730769230777
RG-SCSO,ColonCancer,3,257,9834,0.13101730769230777
RG-SCSO,ColonCancer,3,258,9872,0.13101730769230777
RG-SCSO,ColonCancer,3,259,9910,0.13101730769230777
RG-SCSO,ColonCancer,3,260,9948,0.13101730769230777
RG-SCSO,ColonCancer,3,261,9986,0.13101730769230777
RG-SCSO,ColonCancer,3,262,10024,0.13101730769230777
RG-SCSO,ColonCancer,3,263,10062,0.13101730769230777
RG-SCSO,ColonCancer,3,264,10100,0.13101730769230777
RG-SCSO,ColonCancer,3,265,10138,0.13101730769230777
RG-SCSO,ColonCancer,3,266,10176,0.13101730769230777
RG-SCSO,ColonCancer,3,267,10214,0.13101730769230777
RG-SCSO,ColonCancer,3,268,10252,0.13101730769230777
RG-SCSO,ColonCancer,3,269,10290,0.13101730769230777
RG-SCSO,ColonCancer,3,270,10328,0.13101730769230777
RG-SCSO,ColonCancer,3,271,10366,0.13101730769230777
RG-SCSO,ColonCancer,3,272,10404,0.13101730769230777
RG-SCSO,ColonCancer,3,273,10442,0.13101730769230777
RG-SCSO,ColonCancer,3,274,10480,0.13101730769230777
RG-SCSO,ColonCancer,3,275,10518,0.13101730769230777
RG-SCSO,ColonCancer,3,276,10556,0.13101730769230777
RG-SCSO,ColonCancer,3,277,10594,0.13101730769230777
RG-SCSO,ColonCancer,3,278,10632,0.13101730769230777
RG-SCSO,ColonCancer,3,279,10670,0.13101730769230777
RG-SCSO,ColonCancer,3,280,10708,0.13101730769230777
RG-SCSO,ColonCancer,3,281,10746,0.13101730769230777
RG-SCSO,ColonCancer,3,282,10784,0.13101730769230777
RG-SCSO,ColonCancer,3,283,10822,0.13101730769230777
RG-SCSO,ColonCancer,3,284,10860,0.13101730769230777
RG-SCSO,ColonCancer,3,285,10898,0.13101730769230777
RG-SCSO,ColonCancer,3,286,10936,0.13101730769230777
RG-SCSO,ColonCancer,3,287,10974,0.13101730769230777
RG-SCSO,ColonCancer,3,288,11012,0.13101730769230777
RG-SCSO,ColonCancer,3,289,11050,0.13101730769230777
RG-SCSO,ColonCancer,3,290,11088,0.13101730769230777
RG-SCSO,ColonCancer,3,291,11126,0.13101730769230777
RG-SCSO,ColonCancer,3,292,11164,0.13101730769230777
RG-SCSO,ColonCancer,3,293,11202,0.13101730769230777
RG-SCSO,ColonCancer,3,294,11240,0.13101730769230777
RG-SCSO,ColonCancer,3,295,11278,0.13101730769230777
RG-SCSO,ColonCancer,3,296,11316,0.13101730769230777
RG-SCSO,ColonCancer,3,297,11354,0.13101730769230777
RG-SCSO,ColonCancer,3,298,11392,0.13101730769230777
RG-SCSO,ColonCancer,3,299,11430,0.13101730769230777
RG-SCSO,ColonCancer,3,300,11468,0.13101730769230777
RG-SCSO,ColonCancer,3,301,11506,0.13101730769230777
RG-SCSO,ColonCancer,3,302,11544,0.13101730769230777
RG-SCSO,ColonCancer,3,303,11582,0.13101730769230777
RG-SCSO,ColonCancer,3,304,11620,0.13101730769230777
RG-SCSO,ColonCancer,3,305,11658,0.13101730769230777
RG-SCSO,ColonCancer,3,306,11696,0.13101730769230777
RG-SCSO,ColonCancer,3,307,11734,0.13101730769230777
RG-SCSO,ColonCancer,3,308,11772,0.13101730769230777
RG-SCSO,ColonCancer,3,309,11810,0.12850884615384625
RG-SCSO,ColonCancer,3,310,11848,0.12850884615384625
RG-SCSO,ColonCancer,3,311,11886,0.12850884615384625
RG-SCSO,ColonCancer,3,312,11924,0.12850884615384625
RG-SCSO,ColonCancer,3,313,11962,0.12850884615384625
RG-SCSO,ColonCancer,3,314,12000,0.12850884615384625
RG-SCSO,ColonCancer,3,315,12038,0.12850884615384625
RG-SCSO,ColonCancer,3,316,12076,0.12850884615384625
RG-SCSO,ColonCancer,3,317,12114,0.12850884615384625
RG-SCSO,ColonCancer,3,318,12152,0.12850884615384625
RG-SCSO,ColonCancer,3,319,12190,0.12850884615384625
RG-SCSO,ColonCancer,3,320,12228,0.12850884615384625
RG-SCSO,ColonCancer,3,321,12266,0.12850884615384625
RG-SCSO,ColonCancer,3,322,12304,0.12850884615384625
RG-SCSO,ColonCancer,3,323,12342,0.12850884615384625
RG-SCSO,ColonCancer,3,324,12380,0.12850884615384625
RG-SCSO,ColonCancer,3,325,12418,0.12850884615384625
RG-SCSO,ColonCancer,3,326,12456,0.12850884615384625
RG-SCSO,ColonCancer,3,327,12494,0.12850884615384625
RG-SCSO,ColonCancer,3,328,12532,0.12850884615384625
RG-SCSO,ColonCancer,3,329,12570,0.12850884615384625
RG-SCSO,ColonCancer,3,330,12608,0.12850884615384625
RG-SCSO,ColonCancer,3,331,12646,0.12850884615384625
RG-SCSO,ColonCancer,3,332,12684,0.12850884615384625
RG-SCSO,ColonCancer,3,333,12722,0.12850884615384625
RG-SCSO,ColonCancer,3,334,12760,0.12850884615384625
RG-SCSO,ColonCancer,3,335,12798,0.12850884615384625
RG-SCSO,ColonCancer,3,336,12836,0.12850884615384625
RG-SCSO,ColonCancer,3,337,12874,0.12850884615384625
RG-SCSO,ColonCancer,3,338,12912,0.12850884615384625
RG-SCSO,ColonCancer,3,339,12950,0.12850884615384625
RG-SCSO,ColonCancer,3,340,12988,0.12850884615384625
RG-SCSO,ColonCancer,3,341,13026,0.12850884615384625
RG-SCSO,ColonCancer,3,342,13064,0.12850884615384625
RG-SCSO,ColonCancer,3,343,13102,0.12850884615384625
RG-SCSO,ColonCancer,3,344,13140,0.12850884615384625
RG-SCSO,ColonCancer,3,345,13178,0.12850884615384625
RG-SCSO,ColonCancer,3,346,13216,0.12850884615384625
RG-SCSO,ColonCancer,3,347,13254,0.12850884615384625
RG-SCSO,ColonCancer,3,348,13292,0.12850884615384625
RG-SCSO,ColonCancer,3,349,13330,0.12850884615384625
RG-SCSO,ColonCancer,3,350,13368,0.12850884615384625
RG-SCSO,ColonCancer,3,351,13406,0.12850884615384625
RG-SCSO,ColonCancer,3,352,13444,0.12850884615384625
RG-SCSO,ColonCancer,3,353,13482,0.12850884615384625
RG-SCSO,ColonCancer,3,354,13520,0.12850884615384625
RG-SCSO,ColonCancer,3,355,13558,0.12850884615384625
RG-SCSO,ColonCancer,3,356,13596,0.12850884615384625
RG-SCSO,ColonCancer,3,357,13634,0.12850884615384625
RG-SCSO,ColonCancer,3,358,13672,0.12850884615384625
RG-SCSO,ColonCancer,3,359,13710,0.12850884615384625
RG-SCSO,ColonCancer,3,360,13748,0.12850884615384625
RG-SCSO,ColonCancer,3,361,13786,0.12850884615384625
RG-SCSO,ColonCancer,3,362,13824,0.12850884615384625
RG-SCSO,ColonCancer,3,363,13862,0.12850884615384625
RG-SCSO,ColonCancer,3,364,13900,0.12850884615384625
RG-SCSO,ColonCancer,3,365,13938,0.12850884615384625
RG-SCSO,ColonCancer,3,366,13976,0.12850884615384625
RG-SCSO,ColonCancer,3,367,14014,0.12850884615384625
RG-SCSO,ColonCancer,3,368,14052,0.12850884615384625
RG-SCSO,ColonCancer,3,369,14090,0.12850884615384625
RG-SCSO,ColonCancer,3,370,14128,0.12850884615384625
RG-SCSO,ColonCancer,3,371,14166,0.12850884615384625
RG-SCSO,ColonCancer,3,372,14204,0.12850884615384625
RG-SCSO,ColonCancer,3,373,14242,0.12850884615384625
RG-SCSO,ColonCancer,3,374,14280,0.12850884615384625
RG-SCSO,ColonCancer,3,375,14318,0.12850884615384625
RG-SCSO,ColonCancer,3,376,14356,0.12850884615384625
RG-SCSO,ColonCancer,3,377,14394,0.12850884615384625
RG-SCSO,ColonCancer,3,378,14432,0.12850884615384625
RG-SCSO,ColonCancer,3,379,14470,0.12850884615384625
RG-SCSO,ColonCancer,3,380,14508,0.12850884615384625
RG-SCSO,ColonCancer,3,381,14546,0.12850884615384625
RG-SCSO,ColonCancer,3,382,14584,0.12850884615384625
RG-SCSO,ColonCancer,3,383,14622,0.12850884615384625
RG-SCSO,ColonCancer,3,384,14660,0.12850884615384625
RG-SCSO,ColonCancer,3,385,14698,0.12850884615384625
RG-SCSO,ColonCancer,3,386,14736,0.12850884615384625
RG-SCSO,ColonCancer,3,387,14774,0.12850884615384625
RG-SCSO,ColonCancer,3,388,14812,0.12850884615384625
RG-SCSO,ColonCancer,3,389,14850,0.12850884615384625
RG-SCSO,ColonCancer,3,390,14888,0.12850884615384625
RG-SCSO,ColonCancer,3,391,14926,0.12850884615384625
RG-SCSO,ColonCancer,3,392,14964,0.12850884615384625
RG-SCSO,ColonCancer,3,393,15000,0.12850884615384625
RG-SCSO,ColonCancer,3,394,15000,0.12850884615384625
RG-SCSO,ColonCancer,3,395,15000,0.12850884615384625
RG-SCSO,ColonCancer,3,396,15000,0.12850884615384625
RG-SCSO,ColonCancer,3,397,15000,0.12850884615384625
RG-SCSO,ColonCancer,3,398,15000,0.12850884615384625
RG-SCSO,ColonCancer,3,399,15000,0.12850884615384625
RG-SCSO,ColonCancer,3,400,15000,0.12850884615384625
RG-SCSO,ColonCancer,3,401,15000,0.12850884615384625
RG-SCSO,ColonCancer,3,402,15000,0.12850884615384625
RG-SCSO,ColonCancer,3,403,15000,0.12850884615384625
RG-SCSO,ColonCancer,3,404,15000,0.12850884615384625
RG-SCSO,ColonCancer,3,405,15000,0.12850884615384625
RG-SCSO,ColonCancer,3,406,15000,0.12850884615384625
RG-SCSO,ColonCancer,3,407,15000,0.12850884615384625
RG-SCSO,ColonCancer,3,408,15000,0.12850884615384625
RG-SCSO,ColonCancer,3,409,15000,0.12850884615384625
RG-SCSO,ColonCancer,3,410,15000,0.12850884615384625
RG-SCSO,ColonCancer,3,411,15000,0.12850884615384625
RG-SCSO,ColonCancer,3,412,15000,0.12850884615384625
RG-SCSO,ColonCancer,3,413,15000,0.12850884615384625
RG-SCSO,ColonCancer,3,414,15000,0.12850884615384625
RG-SCSO,ColonCancer,3,415,15000,0.12850884615384625
RG-SCSO,ColonCancer,3,416,15000,0.12850884615384625
RG-SCSO,ColonCancer,3,417,15000,0.12850884615384625
RG-SCSO,ColonCancer,3,418,15000,0.12850884615384625
RG-SCSO,ColonCancer,3,419,15000,0.12850884615384625
RG-SCSO,ColonCancer,3,420,15000,0.12850884615384625
RG-SCSO,ColonCancer,3,421,15000,0.12850884615384625
RG-SCSO,ColonCancer,3,422,15000,0.12850884615384625
RG-SCSO,ColonCancer,3,423,15000,0.12850884615384625
RG-SCSO,ColonCancer,3,424,15000,0.12850884615384625
RG-SCSO,ColonCancer,3,425,15000,0.12850884615384625
RG-SCSO,ColonCancer,3,426,15000,0.12850884615384625
RG-SCSO,ColonCancer,3,427,15000,0.12850884615384625
RG-SCSO,ColonCancer,3,428,15000,0.12850884615384625
RG-SCSO,ColonCancer,3,429,15000,0.12850884615384625
RG-SCSO,ColonCancer,3,430,15000,0.12850884615384625
RG-SCSO,ColonCancer,3,431,15000,0.12850884615384625
RG-SCSO,ColonCancer,3,432,15000,0.12850884615384625
RG-SCSO,ColonCancer,3,433,15000,0.12850884615384625
RG-SCSO,ColonCancer,3,434,15000,0.12850884615384625
RG-SCSO,ColonCancer,3,435,15000,0.12850884615384625
RG-SCSO,ColonCancer,3,436,15000,0.12850884615384625
RG-SCSO,ColonCancer,3,437,15000,0.12850884615384625
RG-SCSO,ColonCancer,3,438,15000,0.12850884615384625
RG-SCSO,ColonCancer,3,439,15000,0.12850884615384625
RG-SCSO,ColonCancer,3,440,15000,0.12850884615384625
RG-SCSO,ColonCancer,3,441,15000,0.12850884615384625
RG-SCSO,ColonCancer,3,442,15000,0.12850884615384625
RG-SCSO,ColonCancer,3,443,15000,0.12850884615384625
RG-SCSO,ColonCancer,3,444,15000,0.12850884615384625
RG-SCSO,ColonCancer,3,445,15000,0.12850884615384625
RG-SCSO,ColonCancer,3,446,15000,0.12850884615384625
RG-SCSO,ColonCancer,3,447,15000,0.12850884615384625
RG-SCSO,ColonCancer,3,448,15000,0.12850884615384625
RG-SCSO,ColonCancer,3,449,15000,0.12850884615384625
RG-SCSO,ColonCancer,3,450,15000,0.12850884615384625
RG-SCSO,ColonCancer,3,451,15000,0.12850884615384625
RG-SCSO,ColonCancer,3,452,15000,0.12850884615384625
RG-SCSO,ColonCancer,3,453,15000,0.12850884615384625
RG-SCSO,ColonCancer,3,454,15000,0.12850884615384625
RG-SCSO,ColonCancer,3,455,15000,0.12850884615384625
RG-SCSO,ColonCancer,3,456,15000,0.12850884615384625
RG-SCSO,ColonCancer,3,457,15000,0.12850884615384625
RG-SCSO,ColonCancer,3,458,15000,0.12850884615384625
RG-SCSO,ColonCancer,3,459,15000,0.12850884615384625
RG-SCSO,ColonCancer,3,460,15000,0.12850884615384625
RG-SCSO,ColonCancer,3,461,15000,0.12850884615384625
RG-SCSO,ColonCancer,3,462,15000,0.12850884615384625
RG-SCSO,ColonCancer,3,463,15000,0.12850884615384625
RG-SCSO,ColonCancer,3,464,15000,0.12850884615384625
RG-SCSO,ColonCancer,3,465,15000,0.12850884615384625
RG-SCSO,ColonCancer,3,466,15000,0.12850884615384625
RG-SCSO,ColonCancer,3,467,15000,0.12850884615384625
RG-SCSO,ColonCancer,3,468,15000,0.12850884615384625
RG-SCSO,ColonCancer,3,469,15000,0.12850884615384625
RG-SCSO,ColonCancer,3,470,15000,0.12850884615384625
RG-SCSO,ColonCancer,3,471,15000,0.12850884615384625
RG-SCSO,ColonCancer,3,472,15000,0.12850884615384625
RG-SCSO,ColonCancer,3,473,15000,0.12850884615384625
RG-SCSO,ColonCancer,3,474,15000,0.12850884615384625
RG-SCSO,ColonCancer,3,475,15000,0.12850884615384625
RG-SCSO,ColonCancer,3,476,15000,0.12850884615384625
RG-SCSO,ColonCancer,3,477,15000,0.12850884615384625
RG-SCSO,ColonCancer,3,478,15000,0.12850884615384625
RG-SCSO,ColonCancer,3,479,15000,0.12850884615384625
RG-SCSO,ColonCancer,3,480,15000,0.12850884615384625
RG-SCSO,ColonCancer,3,481,15000,0.12850884615384625
RG-SCSO,ColonCancer,3,482,15000,0.12850884615384625
RG-SCSO,ColonCancer,3,483,15000,0.12850884615384625
RG-SCSO,ColonCancer,3,484,15000,0.12850884615384625
RG-SCSO,ColonCancer,3,485,15000,0.12850884615384625
RG-SCSO,ColonCancer,3,486,15000,0.12850884615384625
RG-SCSO,ColonCancer,3,487,15000,0.12850884615384625
RG-SCSO,ColonCancer,3,488,15000,0.12850884615384625
RG-SCSO,ColonCancer,3,489,15000,0.12850884615384625
RG-SCSO,ColonCancer,3,490,15000,0.12850884615384625
RG-SCSO,ColonCancer,3,491,15000,0.12850884615384625
RG-SCSO,ColonCancer,3,492,15000,0.12850884615384625
RG-SCSO,ColonCancer,3,493,15000,0.12850884615384625
RG-SCSO,ColonCancer,3,494,15000,0.12850884615384625
RG-SCSO,ColonCancer,3,495,15000,0.12850884615384625
RG-SCSO,ColonCancer,3,496,15000,0.12850884615384625
RG-SCSO,ColonCancer,3,497,15000,0.12850884615384625
RG-SCSO,ColonCancer,3,498,15000,0.12850884615384625
RG-SCSO,ColonCancer,3,499,15000,0.12850884615384625
RG-SCSO,ColonCancer,4,0,68,0.1327815384615383
RG-SCSO,ColonCancer,4,1,106,0.13135230769230777
RG-SCSO,ColonCancer,4,2,144,0.13135230769230777
RG-SCSO,ColonCancer,4,3,182,0.13129730769230777
RG-SCSO,ColonCancer,4,4,220,0.13129730769230777
RG-SCSO,ColonCancer,4,5,258,0.13094230769230777
RG-SCSO,ColonCancer,4,6,296,0.11569153846153839
RG-SCSO,ColonCancer,4,7,334,0.11569153846153839
RG-SCSO,ColonCancer,4,8,372,0.11569153846153839
RG-SCSO,ColonCancer,4,9,410,0.11569153846153839
RG-SCSO,ColonCancer,4,10,448,0.11569153846153839
RG-SCSO,ColonCancer,4,11,486,0.11569153846153839
RG-SCSO,ColonCancer,4,12,524,0.11569153846153839
RG-SCSO,ColonCancer,4,13,562,0.11569153846153839
RG-SCSO,ColonCancer,4,14,600,0.11569153846153839
RG-SCSO,ColonCancer,4,15,638,0.11569153846153839
RG-SCSO,ColonCancer,4,16,676,0.11569153846153839
RG-SCSO,ColonCancer,4,17,714,0.11569153846153839
RG-SCSO,ColonCancer,4,18,752,0.11569153846153839
RG-SCSO,ColonCancer,4,19,790,0.11569153846153839
RG-SCSO,ColonCancer,4,20,828,0.11562153846153839
RG-SCSO,ColonCancer,4,21,866,0.11562153846153839
RG-SCSO,ColonCancer,4,22,904,0.11562153846153839
RG-SCSO,ColonCancer,4,23,942,0.11562153846153839
RG-SCSO,ColonCancer,4,24,980,0.11562153846153839
RG-SCSO,ColonCancer,4,25,1018,0.11562153846153839
RG-SCSO,ColonCancer,4,26,1056,0.10057076923076921
RG-SCSO,ColonCancer,4,27,1094,0.10057076923076921
RG-SCSO,ColonCancer,4,28,1132,0.10057076923076921
RG-SCSO,ColonCancer,4,29,1170,0.10057076923076921
RG-SCSO,ColonCancer,4,30,1208,0.10057076923076921
RG-SCSO,ColonCancer,4,31,1246,0.10057076923076921
RG-SCSO,ColonCancer,4,32,1284,0.10057076923076921
RG-SCSO,ColonCancer,4,33,1322,0.10057076923076921
RG-SCSO,ColonCancer,4,34,1360,0.10057076923076921
RG-SCSO,ColonCancer,4,35,1398,0.10057076923076921
RG-SCSO,ColonCancer,4,36,1436,0.10057076923076921
RG-SCSO,ColonCancer,4,37,1474,0.10057076923076921
RG-SCSO,ColonCancer,4,38,1512,0.10057076923076921
RG-SCSO,ColonCancer,4,39,1550,0.10057076923076921
RG-SCSO,ColonCancer,4,40,1588,0.10057076923076921
RG-SCSO,ColonCancer,4,41,1626,0.10057076923076921
RG-SCSO,ColonCancer,4,42,1664,0.10057076923076921
RG-SCSO,ColonCancer,4,43,1702,0.10057076923076921
RG-SCSO,ColonCancer,4,44,1740,0.10057076923076921
RG-SCSO,ColonCancer,4,45,1778,0.10057076923076921
RG-SCSO,ColonCancer,4,46,1816,0.10057076923076921
RG-SCSO,ColonCancer,4,47,1854,0.10057076923076921
RG-SCSO,ColonCancer,4,48,1892,0.10057076923076921
RG-SCSO,ColonCancer,4,49,1930,0.10057076923076921
RG-SCSO,ColonCancer,4,50,1968,0.10057076923076921
RG-SCSO,ColonCancer,4,51,2006,0.10057076923076921
RG-SCSO,ColonCancer,4,52,2044,0.10057076923076921
RG-SCSO,ColonCancer,4,53,2082,0.10057076923076921
RG-SCSO,ColonCancer,4,54,2120,0.10057076923076921
RG-SCSO,ColonCancer,4,55,2158,0.10057076923076921
RG-SCSO,ColonCancer,4,56,2196,0.10057076923076921
RG-SCSO,ColonCancer,4,57,2234,0.10057076923076921
RG-SCSO,ColonCancer,4,58,2272,0.10057076923076921
RG-SCSO,ColonCancer,4,59,2310,0.10057076923076921
RG-SCSO,ColonCancer,4,60,2348,0.10057076923076921
RG-SCSO,ColonCancer,4,61,2386,0.10057076923076921
RG-SCSO,ColonCancer,4,62,2424,0.10057076923076921
RG-SCSO,ColonCancer,4,63,2462,0.10057076923076921
RG-SCSO,ColonCancer,4,64,2500,0.10057076923076921
RG-SCSO,ColonCancer,4,65,2538,0.10057076923076921
RG-SCSO,ColonCancer,4,66,2576,0.10057076923076921
RG-SCSO,ColonCancer,4,67,2614,0.10057076923076921
RG-SCSO,ColonCancer,4,68,2652,0.10057076923076921
RG-SCSO,ColonCancer,4,69,2690,0.10057076923076921
RG-SCSO,ColonCancer,4,70,2728,0.10057076923076921
RG-SCSO,ColonCancer,4,71,2766,0.10057076923076921
RG-SCSO,ColonCancer,4,72,2804,0.10057076923076921
RG-SCSO,ColonCancer,4,73,2842,0.10057076923076921
RG-SCSO,ColonCancer,4,74,2880,0.10057076923076921
RG-SCSO,ColonCancer,4,75,2918,0.10057076923076921
RG-SCSO,ColonCancer,4,76,2956,0.10057076923076921
RG-SCSO,ColonCancer,4,77,2994,0.10057076923076921
RG-SCSO,ColonCancer,4,78,3032,0.10057076923076921
RG-SCSO,ColonCancer,4,79,3070,0.10057076923076921
RG-SCSO,ColonCancer,4,80,3108,0.10057076923076921
RG-SCSO,ColonCancer,4,81,3146,0.10057076923076921
RG-SCSO,ColonCancer,4,82,3184,0.10057076923076921
RG-SCSO,ColonCancer,4,83,3222,0.10057076923076921
RG-SCSO,ColonCancer,4,84,3260,0.10057076923076921
RG-SCSO,ColonCancer,4,85,3298,0.10057076923076921
RG-SCSO,ColonCancer,4,86,3336,0.10057076923076921
RG-SCSO,ColonCancer,4,87,3374,0.10057076923076921
RG-SCSO,ColonCancer,4,88,3412,0.10057076923076921
RG-SCSO,ColonCancer,4,89,3450,0.10057076923076921
RG-SCSO,ColonCancer,4,90,3488,0.10057076923076921
RG-SCSO,ColonCancer,4,91,3526,0.10057076923076921
RG-SCSO,ColonCancer,4,92,3564,0.10057076923076921
RG-SCSO,ColonCancer,4,93,3602,0.10057076923076921
RG-SCSO,ColonCancer,4,94,3640,0.10057076923076921
RG-SCSO,ColonCancer,4,95,3678,0.10057076923076921
RG-SCSO,ColonCancer,4,96,3716,0.10057076923076921
RG-SCSO,ColonCancer,4,97,3754,0.10057076923076921
RG-SCSO,ColonCancer,4,98,3792,0.10057076923076921
RG-SCSO,ColonCancer,4,99,3830,0.10057076923076921
RG-SCSO,ColonCancer,4,100,3868,0.10057076923076921
RG-SCSO,ColonCancer,4,101,3906,0.10057076923076921
RG-SCSO,ColonCancer,4,102,3944,0.10057076923076921
RG-SCSO,ColonCancer,4,103,3982,0.10057076923076921
RG-SCSO,ColonCancer,4,104,4020,0.10057076923076921
RG-SCSO,ColonCancer,4,105,4058,0.10057076923076921
RG-SCSO,ColonCancer,4,106,4096,0.10057076923076921
RG-SCSO,ColonCancer,4,107,4134,0.10057076923076921
RG-SCSO,ColonCancer,4,108,4172,0.10057076923076921
RG-SCSO,ColonCancer,4,109,4210,0.10057076923076921
RG-SCSO,ColonCancer,4,110,4248,0.10057076923076921
RG-SCSO,ColonCancer,4,111,4286,0.10057076923076921
RG-SCSO,ColonCancer,4,112,4324,0.10057076923076921
RG-SCSO,ColonCancer,4,113,4362,0.10057076923076921
RG-SCSO,ColonCancer,4,114,4400,0.10057076923076921
RG-SCSO,ColonCancer,4,115,4438,0.10057076923076921
RG-SCSO,ColonCancer,4,116,4476,0.10057076923076921
RG-SCSO,ColonCancer,4,117,4514,0.10057076923076921
RG-SCSO,ColonCancer,4,118,4552,0.10057076923076921
RG-SCSO,ColonCancer,4,119,4590,0.10057076923076921
RG-SCSO,ColonCancer,4,120,4628,0.10057076923076921
RG-SCSO,ColonCancer,4,121,4666,0.10057076923076921
RG-SCSO,ColonCancer,4,122,4704,0.10057076923076921
RG-SCSO,ColonCancer,4,123,4742,0.10057076923076921
RG-SCSO,ColonCancer,4,124,4780,0.10057076923076921
RG-SCSO,ColonCancer,4,125,4818,0.10057076923076921
RG-SCSO,ColonCancer,4,126,4856,0.10057076923076921
RG-SCSO,ColonCancer,4,127,4894,0.10057076923076921
RG-SCSO,ColonCancer,4,128,4932,0.10057076923076921
RG-SCSO,ColonCancer,4,129,4970,0.10057076923076921
RG-SCSO,ColonCancer,4,130,5008,0.10057076923076921
RG-SCSO,ColonCancer,4,131,5046,0.10057076923076921
RG-SCSO,ColonCancer,4,132,5084,0.10057076923076921
RG-SCSO,ColonCancer,4,133,5122,0.10057076923076921
RG-SCSO,ColonCancer,4,134,5160,0.10057076923076921
RG-SCSO,ColonCancer,4,135,5198,0.10057076923076921
RG-SCSO,ColonCancer,4,136,5236,0.10057076923076921
RG-SCSO,ColonCancer,4,137,5274,0.10057076923076921
RG-SCSO,ColonCancer,4,138,5312,0.10057076923076921
RG-SCSO,ColonCancer,4,139,5350,0.10057076923076921
RG-SCSO,ColonCancer,4,140,5388,0.10057076923076921
RG-SCSO,ColonCancer,4,141,5426,0.10057076923076921
RG-SCSO,ColonCancer,4,142,5464,0.10057076923076921
RG-SCSO,ColonCancer,4,143,5502,0.10057076923076921
RG-SCSO,ColonCancer,4,144,5540,0.10057076923076921
RG-SCSO,ColonCancer,4,145,5578,0.10057076923076921
RG-SCSO,ColonCancer,4,146,5616,0.10057076923076921
RG-SCSO,ColonCancer,4,147,5654,0.10057076923076921
RG-SCSO,ColonCancer,4,148,5692,0.10057076923076921
RG-SCSO,ColonCancer,4,149,5730,0.10057076923076921
RG-SCSO,ColonCancer,4,150,5768,0.10057076923076921
RG-SCSO,ColonCancer,4,151,5806,0.10057076923076921
RG-SCSO,ColonCancer,4,152,5844,0.10057076923076921
RG-SCSO,ColonCancer,4,153,5882,0.10057076923076921
RG-SCSO,ColonCancer,4,154,5920,0.10057076923076921
RG-SCSO,ColonCancer,4,155,5958,0.10057076923076921
RG-SCSO,ColonCancer,4,156,5996,0.10057076923076921
RG-SCSO,ColonCancer,4,157,6034,0.10057076923076921
RG-SCSO,ColonCancer,4,158,6072,0.10057076923076921
RG-SCSO,ColonCancer,4,159,6110,0.10057076923076921
RG-SCSO,ColonCancer,4,160,6148,0.10057076923076921
RG-SCSO,ColonCancer,4,161,6186,0.10057076923076921
RG-SCSO,ColonCancer,4,162,6224,0.10057076923076921
RG-SCSO,ColonCancer,4,163,6262,0.10057076923076921
RG-SCSO,ColonCancer,4,164,6300,0.10057076923076921
RG-SCSO,ColonCancer,4,165,6338,0.10057076923076921
RG-SCSO,ColonCancer,4,166,6376,0.10057076923076921
RG-SCSO,ColonCancer,4,167,6414,0.10057076923076921
RG-SCSO,ColonCancer,4,168,6452,0.10057076923076921
RG-SCSO,ColonCancer,4,169,6490,0.10057076923076921
RG-SCSO,ColonCancer,4,170,6528,0.10057076923076921
RG-SCSO,ColonCancer,4,171,6566,0.10057076923076921
RG-SCSO,ColonCancer,4,172,6604,0.10057076923076921
RG-SCSO,ColonCancer,4,173,6642,0.10057076923076921
RG-SCSO,ColonCancer,4,174,6680,0.10057076923076921
RG-SCSO,ColonCancer,4,175,6718,0.10057076923076921
RG-SCSO,ColonCancer,4,176,6756,0.10057076923076921
RG-SCSO,ColonCancer,4,177,6794,0.10057076923076921
RG-SCSO,ColonCancer,4,178,6832,0.10057076923076921
RG-SCSO,ColonCancer,4,179,6870,0.10057076923076921
RG-SCSO,ColonCancer,4,180,6908,0.10057076923076921
RG-SCSO,ColonCancer,4,181,6946,0.10057076923076921
RG-SCSO,ColonCancer,4,182,6984,0.10057076923076921
RG-SCSO,ColonCancer,4,183,7022,0.10057076923076921
RG-SCSO,ColonCancer,4,184,7060,0.10057076923076921
RG-SCSO,ColonCancer,4,185,7098,0.10057076923076921
RG-SCSO,ColonCancer,4,186,7136,0.10057076923076921
RG-SCSO,ColonCancer,4,187,7174,0.10057076923076921
RG-SCSO,ColonCancer,4,188,7212,0.10057076923076921
RG-SCSO,ColonCancer,4,189,7250,0.10057076923076921
RG-SCSO,ColonCancer,4,190,7288,0.10057076923076921
RG-SCSO,ColonCancer,4,191,7326,0.10057076923076921
RG-SCSO,ColonCancer,4,192,7364,0.10057076923076921
RG-SCSO,ColonCancer,4,193,7402,0.10057076923076921
RG-SCSO,ColonCancer,4,194,7440,0.10057076923076921
RG-SCSO,ColonCancer,4,195,7478,0.10057076923076921
RG-SCSO,ColonCancer,4,196,7516,0.10057076923076921
RG-SCSO,ColonCancer,4,197,7554,0.10057076923076921
RG-SCSO,ColonCancer,4,198,7592,0.10057076923076921
RG-SCSO,ColonCancer,4,199,7630,0.10057076923076921
RG-SCSO,ColonCancer,4,200,7668,0.10057076923076921
RG-SCSO,ColonCancer,4,201,7706,0.10057076923076921
RG-SCSO,ColonCancer,4,202,7744,0.10057076923076921
RG-SCSO,ColonCancer,4,203,7782,0.10057076923076921
RG-SCSO,ColonCancer,4,204,7820,0.10057076923076921
RG-SCSO,ColonCancer,4,205,7858,0.10057076923076921
RG-SCSO,ColonCancer,4,206,7896,0.10057076923076921
RG-SCSO,ColonCancer,4,207,7934,0.10057076923076921
RG-SCSO,ColonCancer,4,208,7972,0.10057076923076921
RG-SCSO,ColonCancer,4,209,8010,0.10057076923076921
RG-SCSO,ColonCancer,4,210,8048,0.10057076923076921
RG-SCSO,ColonCancer,4,211,8086,0.10057076923076921
RG-SCSO,ColonCancer,4,212,8124,0.10057076923076921
RG-SCSO,ColonCancer,4,213,8162,0.10057076923076921
RG-SCSO,ColonCancer,4,214,8200,0.10057076923076921
RG-SCSO,ColonCancer,4,215,8238,0.10057076923076921
RG-SCSO,ColonCancer,4,216,8276,0.10057076923076921
RG-SCSO,ColonCancer,4,217,8314,0.10057076923076921
RG-SCSO,ColonCancer,4,218,8352,0.10057076923076921
RG-SCSO,ColonCancer,4,219,8390,0.10057076923076921
RG-SCSO,ColonCancer,4,220,8428,0.10057076923076921
RG-SCSO,ColonCancer,4,221,8466,0.10057076923076921
RG-SCSO,ColonCancer,4,222,8504,0.10057076923076921
RG-SCSO,ColonCancer,4,223,8542,0.10057076923076921
RG-SCSO,ColonCancer,4,224,8580,0.10057076923076921
RG-SCSO,ColonCancer,4,225,8618,0.10057076923076921
RG-SCSO,ColonCancer,4,226,8656,0.10057076923076921
RG-SCSO,ColonCancer,4,227,8694,0.10057076923076921
RG-SCSO,ColonCancer,4,228,8732,0.10057076923076921
RG-SCSO,ColonCancer,4,229,8770,0.10057076923076921
RG-SCSO,ColonCancer,4,230,8808,0.10057076923076921
RG-SCSO,ColonCancer,4,231,8846,0.10057076923076921
RG-SCSO,ColonCancer,4,232,8884,0.10057076923076921
RG-SCSO,ColonCancer,4,233,8922,0.10057076923076921
RG-SCSO,ColonCancer,4,234,8960,0.10057076923076921
RG-SCSO,ColonCancer,4,235,8998,0.10057076923076921
RG-SCSO,ColonCancer,4,236,9036,0.10057076923076921
RG-SCSO,ColonCancer,4,237,9074,0.10057076923076921
RG-SCSO,ColonCancer,4,238,9112,0.10057076923076921
RG-SCSO,ColonCancer,4,239,9150,0.10057076923076921
RG-SCSO,ColonCancer,4,240,9188,0.10057076923076921
RG-SCSO,ColonCancer,4,241,9226,0.10057076923076921
RG-SCSO,ColonCancer,4,242,9264,0.10057076923076921
RG-SCSO,ColonCancer,4,243,9302,0.10057076923076921
RG-SCSO,ColonCancer,4,244,9340,0.10057076923076921
RG-SCSO,ColonCancer,4,245,9378,0.10057076923076921
RG-SCSO,ColonCancer,4,246,9416,0.10057076923076921
RG-SCSO,ColonCancer,4,247,9454,0.10057076923076921
RG-SCSO,ColonCancer,4,248,9492,0.10057076923076921
RG-SCSO,ColonCancer,4,249,9530,0.10057076923076921
RG-SCSO,ColonCancer,4,250,9568,0.10057076923076921
RG-SCSO,ColonCancer,4,251,9606,0.10057076923076921
RG-SCSO,ColonCancer,4,252,9644,0.10057076923076921
RG-SCSO,ColonCancer,4,253,9682,0.10057076923076921
RG-SCSO,ColonCancer,4,254,9720,0.10057076923076921
RG-SCSO,ColonCancer,4,255,9758,0.10057076923076921
RG-SCSO,ColonCancer,4,256,9796,0.10057076923076921
RG-SCSO,ColonCancer,4,257,9834,0.10057076923076921
RG-SCSO,ColonCancer,4,258,9872,0.10057076923076921
RG-SCSO,ColonCancer,4,259,9910,0.10057076923076921
RG-SCSO,ColonCancer,4,260,9948,0.10057076923076921
RG-SCSO,ColonCancer,4,261,9986,0.10057076923076921
RG-SCSO,ColonCancer,4,262,10024,0.10057076923076921
RG-SCSO,ColonCancer,4,263,10062,0.10057076923076921
RG-SCSO,ColonCancer,4,264,10100,0.10057076923076921
RG-SCSO,ColonCancer,4,265,10138,0.10057076923076921
RG-SCSO,ColonCancer,4,266,10176,0.10057076923076921
RG-SCSO,ColonCancer,4,267,10214,0.10057076923076921
RG-SCSO,ColonCancer,4,268,10252,0.10057076923076921
RG-SCSO,ColonCancer,4,269,10290,0.10057076923076921
RG-SCSO,ColonCancer,4,270,10328,0.10057076923076921
RG-SCSO,ColonCancer,4,271,10366,0.10057076923076921
RG-SCSO,ColonCancer,4,272,10404,0.10057076923076921
RG-SCSO,ColonCancer,4,273,10442,0.10057076923076921
RG-SCSO,ColonCancer,4,274,10480,0.10057076923076921
RG-SCSO,ColonCancer,4,275,10518,0.10057076923076921
RG-SCSO,ColonCancer,4,276,10556,0.10057076923076921
RG-SCSO,ColonCancer,4,277,10594,0.10057076923076921
RG-SCSO,ColonCancer,4,278,10632,0.10057076923076921
RG-SCSO,ColonCancer,4,279,10670,0.10057076923076921
RG-SCSO,ColonCancer,4,280,10708,0.10057076923076921
RG-SCSO,ColonCancer,4,281,10746,0.10057076923076921
RG-SCSO,ColonCancer,4,282,10784,0.10057076923076921
RG-SCSO,ColonCancer,4,283,10822,0.10057076923076921
RG-SCSO,ColonCancer,4,284,10860,0.10057076923076921
RG-SCSO,ColonCancer,4,285,10898,0.10057076923076921
RG-SCSO,ColonCancer,4,286,10936,0.10057076923076921
RG-SCSO,ColonCancer,4,287,10974,0.10057076923076921
RG-SCSO,ColonCancer,4,288,11012,0.10057076923076921
RG-SCSO,ColonCancer,4,289,11050,0.10057076923076921
RG-SCSO,ColonCancer,4,290,11088,0.10057076923076921
RG-SCSO,ColonCancer,4,291,11126,0.10057076923076921
RG-SCSO,ColonCancer,4,292,11164,0.10057076923076921
RG-SCSO,ColonCancer,4,293,11202,0.10057076923076921
RG-SCSO,ColonCancer,4,294,11240,0.10057076923076921
RG-SCSO,ColonCancer,4,295,11278,0.10057076923076921
RG-SCSO,ColonCancer,4,296,11316,0.10057076923076921
RG-SCSO,ColonCancer,4,297,11354,0.10057076923076921
RG-SCSO,ColonCancer,4,298,11392,0.10057076923076921
RG-SCSO,ColonCancer,4,299,11430,0.10057076923076921
RG-SCSO,ColonCancer,4,300,11468,0.10057076923076921
RG-SCSO,ColonCancer,4,301,11506,0.10057076923076921
RG-SCSO,ColonCancer,4,302,11544,0.10057076923076921
RG-SCSO,ColonCancer,4,303,11582,0.10054076923076923
RG-SCSO,ColonCancer,4,304,11620,0.10053576923076922
RG-SCSO,ColonCancer,4,305,11658,0.10053576923076922
RG-SCSO,ColonCancer,4,306,11696,0.10053576923076922
RG-SCSO,ColonCancer,4,307,11734,0.10053576923076922
RG-SCSO,ColonCancer,4,308,11772,0.10053576923076922
RG-SCSO,ColonCancer,4,309,11810,0.10053576923076922
RG-SCSO,ColonCancer,4,310,11848,0.10053576923076922
RG-SCSO,ColonCancer,4,311,11886,0.10053576923076922
RG-SCSO,ColonCancer,4,312,11924,0.10053576923076922
RG-SCSO,ColonCancer,4,313,11962,0.10053576923076922
RG-SCSO,ColonCancer,4,314,12000,0.10053576923076922
RG-SCSO,ColonCancer,4,315,12038,0.10053576923076922
RG-SCSO,ColonCancer,4,316,12076,0.10053576923076922
RG-SCSO,ColonCancer,4,317,12114,0.10053576923076922
RG-SCSO,ColonCancer,4,318,12152,0.10053576923076922
RG-SCSO,ColonCancer,4,319,12190,0.10053576923076922
RG-SCSO,ColonCancer,4,320,12228,0.10053576923076922
RG-SCSO,ColonCancer,4,321,12266,0.10053576923076922
RG-SCSO,ColonCancer,4,322,12304,0.10053576923076922
RG-SCSO,ColonCancer,4,323,12342,0.10053576923076922
RG-SCSO,ColonCancer,4,324,12380,0.10053576923076922
RG-SCSO,ColonCancer,4,325,12418,0.10053576923076922
RG-SCSO,ColonCancer,4,326,12456,0.10053576923076922
RG-SCSO,ColonCancer,4,327,12494,0.10053576923076922
RG-SCSO,ColonCancer,4,328,12532,0.10053576923076922
RG-SCSO,ColonCancer,4,329,12570,0.10053576923076922
RG-SCSO,ColonCancer,4,330,12608,0.10053576923076922
RG-SCSO,ColonCancer,4,331,12646,0.10053576923076922
RG-SCSO,ColonCancer,4,332,12684,0.10053576923076922
RG-SCSO,ColonCancer,4,333,12722,0.10053576923076922
RG-SCSO,ColonCancer,4,334,12760,0.10053576923076922
RG-SCSO,ColonCancer,4,335,12798,0.10053576923076922
RG-SCSO,ColonCancer,4,336,12836,0.10053576923076922
RG-SCSO,ColonCancer,4,337,12874,0.10053576923076922
RG-SCSO,ColonCancer,4,338,12912,0.10053576923076922
RG-SCSO,ColonCancer,4,339,12950,0.10053576923076922
RG-SCSO,ColonCancer,4,340,12988,0.10053576923076922
RG-SCSO,ColonCancer,4,341,13026,0.10053576923076922
RG-SCSO,ColonCancer,4,342,13064,0.10053576923076922
RG-SCSO,ColonCancer,4,343,13102,0.10053576923076922
RG-SCSO,ColonCancer,4,344,13140,0.10053576923076922
RG-SCSO,ColonCancer,4,345,13178,0.10053576923076922
RG-SCSO,ColonCancer,4,346,13216,0.10053576923076922
RG-SCSO,ColonCancer,4,347,13254,0.10053576923076922
RG-SCSO,ColonCancer,4,348,13292,0.10053576923076922
RG-SCSO,ColonCancer,4,349,13330,0.10053576923076922
RG-SCSO,ColonCancer,4,350,13368,0.10053576923076922
RG-SCSO,ColonCancer,4,351,13406,0.10053576923076922
RG-SCSO,ColonCancer,4,352,13444,0.10053576923076922
RG-SCSO,ColonCancer,4,353,13482,0.10053576923076922
RG-SCSO,ColonCancer,4,354,13520,0.10053576923076922
RG-SCSO,ColonCancer,4,355,13558,0.10053576923076922
RG-SCSO,ColonCancer,4,356,13596,0.10053576923076922
RG-SCSO,ColonCancer,4,357,13634,0.10053576923076922
RG-SCSO,ColonCancer,4,358,13672,0.10053576923076922
RG-SCSO,ColonCancer,4,359,13710,0.10053576923076922
RG-SCSO,ColonCancer,4,360,13748,0.10053576923076922
RG-SCSO,ColonCancer,4,361,13786,0.10053576923076922
RG-SCSO,ColonCancer,4,362,13824,0.10053576923076922
RG-SCSO,ColonCancer,4,363,13862,0.10053576923076922
RG-SCSO,ColonCancer,4,364,13900,0.10053576923076922
RG-SCSO,ColonCancer,4,365,13938,0.10053576923076922
RG-SCSO,ColonCancer,4,366,13976,0.10053576923076922
RG-SCSO,ColonCancer,4,367,14014,0.10053576923076922
RG-SCSO,ColonCancer,4,368,14052,0.10053576923076922
RG-SCSO,ColonCancer,4,369,14090,0.10053576923076922
RG-SCSO,ColonCancer,4,370,14128,0.10053576923076922
RG-SCSO,ColonCancer,4,371,14166,0.10053576923076922
RG-SCSO,ColonCancer,4,372,14204,0.10053576923076922
RG-SCSO,ColonCancer,4,373,14242,0.10053576923076922
RG-SCSO,ColonCancer,4,374,14280,0.10053576923076922
RG-SCSO,ColonCancer,4,375,14318,0.10053576923076922
RG-SCSO,ColonCancer,4,376,14356,0.10053576923076922
RG-SCSO,ColonCancer,4,377,14394,0.10053576923076922
RG-SCSO,ColonCancer,4,378,14432,0.10053576923076922
RG-SCSO,ColonCancer,4,379,14470,0.10053576923076922
RG-SCSO,ColonCancer,4,380,14508,0.10053576923076922
RG-SCSO,ColonCancer,4,381,14546,0.10053576923076922
RG-SCSO,ColonCancer,4,382,14584,0.10053576923076922
RG-SCSO,ColonCancer,4,383,14622,0.10053576923076922
RG-SCSO,ColonCancer,4,384,14660,0.10053576923076922
RG-SCSO,ColonCancer,4,385,14698,0.10053576923076922
RG-SCSO,ColonCancer,4,386,14736,0.10053576923076922
RG-SCSO,ColonCancer,4,387,14774,0.10053576923076922
RG-SCSO,ColonCancer,4,388,14812,0.10053576923076922
RG-SCSO,ColonCancer,4,389,14850,0.10053576923076922
RG-SCSO,ColonCancer,4,390,14888,0.10053576923076922
RG-SCSO,ColonCancer,4,391,14926,0.10053576923076922
RG-SCSO,ColonCancer,4,392,14964,0.10053576923076922
RG-SCSO,ColonCancer,4,393,15000,0.10053576923076922
RG-SCSO,ColonCancer,4,394,15000,0.10053576923076922
RG-SCSO,ColonCancer,4,395,15000,0.10053576923076922
RG-SCSO,ColonCancer,4,396,15000,0.10053576923076922
RG-SCSO,ColonCancer,4,397,15000,0.10053576923076922
RG-SCSO,ColonCancer,4,398,15000,0.10053576923076922
RG-SCSO,ColonCancer,4,399,15000,0.10053576923076922
RG-SCSO,ColonCancer,4,400,15000,0.10053576923076922
RG-SCSO,ColonCancer,4,401,15000,0.10053576923076922
RG-SCSO,ColonCancer,4,402,15000,0.10053576923076922
RG-SCSO,ColonCancer,4,403,15000,0.10053576923076922
RG-SCSO,ColonCancer,4,404,15000,0.10053576923076922
RG-SCSO,ColonCancer,4,405,15000,0.10053576923076922
RG-SCSO,ColonCancer,4,406,15000,0.10053576923076922
RG-SCSO,ColonCancer,4,407,15000,0.10053576923076922
RG-SCSO,ColonCancer,4,408,15000,0.10053576923076922
RG-SCSO,ColonCancer,4,409,15000,0.10053576923076922
RG-SCSO,ColonCancer,4,410,15000,0.10053576923076922
RG-SCSO,ColonCancer,4,411,15000,0.10053576923076922
RG-SCSO,ColonCancer,4,412,15000,0.10053576923076922
RG-SCSO,ColonCancer,4,413,15000,0.10053576923076922
RG-SCSO,ColonCancer,4,414,15000,0.10053576923076922
RG-SCSO,ColonCancer,4,415,15000,0.10053576923076922
RG-SCSO,ColonCancer,4,416,15000,0.10053576923076922
RG-SCSO,ColonCancer,4,417,15000,0.10053576923076922
RG-SCSO,ColonCancer,4,418,15000,0.10053576923076922
RG-SCSO,ColonCancer,4,419,15000,0.10053576923076922
RG-SCSO,ColonCancer,4,420,15000,0.10053576923076922
RG-SCSO,ColonCancer,4,421,15000,0.10053576923076922
RG-SCSO,ColonCancer,4,422,15000,0.10053576923076922
RG-SCSO,ColonCancer,4,423,15000,0.10053576923076922
RG-SCSO,ColonCancer,4,424,15000,0.10053576923076922
RG-SCSO,ColonCancer,4,425,15000,0.10053576923076922
RG-SCSO,ColonCancer,4,426,15000,0.10053576923076922
RG-SCSO,ColonCancer,4,427,15000,0.10053576923076922
RG-SCSO,ColonCancer,4,428,15000,0.10053576923076922
RG-SCSO,ColonCancer,4,429,15000,0.10053576923076922
RG-SCSO,ColonCancer,4,430,15000,0.10053576923076922
RG-SCSO,ColonCancer,4,431,15000,0.10053576923076922
RG-SCSO,ColonCancer,4,432,15000,0.10053576923076922
RG-SCSO,ColonCancer,4,433,15000,0.10053576923076922
RG-SCSO,ColonCancer,4,434,15000,0.10053576923076922
RG-SCSO,ColonCancer,4,435,15000,0.10053576923076922
RG-SCSO,ColonCancer,4,436,15000,0.10053576923076922
RG-SCSO,ColonCancer,4,437,15000,0.10053576923076922
RG-SCSO,ColonCancer,4,438,15000,0.10053576923076922
RG-SCSO,ColonCancer,4,439,15000,0.10053576923076922
RG-SCSO,ColonCancer,4,440,15000,0.10053576923076922
RG-SCSO,ColonCancer,4,441,15000,0.10053576923076922
RG-SCSO,ColonCancer,4,442,15000,0.10053576923076922
RG-SCSO,ColonCancer,4,443,15000,0.10053576923076922
RG-SCSO,ColonCancer,4,444,15000,0.10053576923076922
RG-SCSO,ColonCancer,4,445,15000,0.10053576923076922
RG-SCSO,ColonCancer,4,446,15000,0.10053576923076922
RG-SCSO,ColonCancer,4,447,15000,0.10053576923076922
RG-SCSO,ColonCancer,4,448,15000,0.10053576923076922
RG-SCSO,ColonCancer,4,449,15000,0.10053576923076922
RG-SCSO,ColonCancer,4,450,15000,0.10053576923076922
RG-SCSO,ColonCancer,4,451,15000,0.10053576923076922
RG-SCSO,ColonCancer,4,452,15000,0.10053576923076922
RG-SCSO,ColonCancer,4,453,15000,0.10053576923076922
RG-SCSO,ColonCancer,4,454,15000,0.10053576923076922
RG-SCSO,ColonCancer,4,455,15000,0.10053576923076922
RG-SCSO,ColonCancer,4,456,15000,0.10053576923076922
RG-SCSO,ColonCancer,4,457,15000,0.10053576923076922
RG-SCSO,ColonCancer,4,458,15000,0.10053576923076922
RG-SCSO,ColonCancer,4,459,15000,0.10053576923076922
RG-SCSO,ColonCancer,4,460,15000,0.10053576923076922
RG-SCSO,ColonCancer,4,461,15000,0.10053576923076922
RG-SCSO,ColonCancer,4,462,15000,0.10053576923076922
RG-SCSO,ColonCancer,4,463,15000,0.10053576923076922
RG-SCSO,ColonCancer,4,464,15000,0.10053576923076922
RG-SCSO,ColonCancer,4,465,15000,0.10053576923076922
RG-SCSO,ColonCancer,4,466,15000,0.10053576923076922
RG-SCSO,ColonCancer,4,467,15000,0.10053576923076922
RG-SCSO,ColonCancer,4,468,15000,0.10053576923076922
RG-SCSO,ColonCancer,4,469,15000,0.10053576923076922
RG-SCSO,ColonCancer,4,470,15000,0.10053576923076922
RG-SCSO,ColonCancer,4,471,15000,0.10053576923076922
RG-SCSO,ColonCancer,4,472,15000,0.10053576923076922
RG-SCSO,ColonCancer,4,473,15000,0.10053576923076922
RG-SCSO,ColonCancer,4,474,15000,0.10053576923076922
RG-SCSO,ColonCancer,4,475,15000,0.10053576923076922
RG-SCSO,ColonCancer,4,476,15000,0.10053576923076922
RG-SCSO,ColonCancer,4,477,15000,0.10053576923076922
RG-SCSO,ColonCancer,4,478,15000,0.10053576923076922
RG-SCSO,ColonCancer,4,479,15000,0.10053576923076922
RG-SCSO,ColonCancer,4,480,15000,0.10053576923076922
RG-SCSO,ColonCancer,4,481,15000,0.10053576923076922
RG-SCSO,ColonCancer,4,482,15000,0.10053576923076922
RG-SCSO,ColonCancer,4,483,15000,0.10053576923076922
RG-SCSO,ColonCancer,4,484,15000,0.10053576923076922
RG-SCSO,ColonCancer,4,485,15000,0.10053576923076922
RG-SCSO,ColonCancer,4,486,15000,0.10053576923076922
RG-SCSO,ColonCancer,4,487,15000,0.10053576923076922
RG-SCSO,ColonCancer,4,488,15000,0.10053576923076922
RG-SCSO,ColonCancer,4,489,15000,0.10053576923076922
RG-SCSO,ColonCancer,4,490,15000,0.10053576923076922
RG-SCSO,ColonCancer,4,491,15000,0.10053576923076922
RG-SCSO,ColonCancer,4,492,15000,0.10053576923076922
RG-SCSO,ColonCancer,4,493,15000,0.10053576923076922
RG-SCSO,ColonCancer,4,494,15000,0.10053576923076922
RG-SCSO,ColonCancer,4,495,15000,0.10053576923076922
RG-SCSO,ColonCancer,4,496,15000,0.10053576923076922
RG-SCSO,ColonCancer,4,497,15000,0.10053576923076922
RG-SCSO,ColonCancer,4,498,15000,0.10053576923076922
RG-SCSO,ColonCancer,4,499,15000,0.10053576923076922
SCSO,Zoo,0,0,30,0.07335714285714284
SCSO,Zoo,0,1,60,0.044282142857142916
SCSO,Zoo,0,2,90,0.044282142857142916
SCSO,Zoo,0,3,120,0.044282142857142916
SCSO,Zoo,0,4,150,0.044282142857142916
SCSO,Zoo,0,5,180,0.044282142857142916
SCSO,Zoo,0,6,210,0.03438214285714291
SCSO,Zoo,0,7,240,0.03438214285714291
SCSO,Zoo,0,8,270,0.03438214285714291
SCSO,Zoo,0,9,300,0.03438214285714291
SCSO,Zoo,0,10,330,0.03438214285714291
SCSO,Zoo,0,11,360,0.03438214285714291
SCSO,Zoo,0,12,390,0.03438214285714291
SCSO,Zoo,0,13,420,0.03438214285714291
SCSO,Zoo,0,14,450,0.03438214285714291
SCSO,Zoo,0,15,480,0.03438214285714291
SCSO,Zoo,0,16,510,0.03438214285714291
SCSO,Zoo,0,17,540,0.03438214285714291
SCSO,Zoo,0,18,570,0.025424999999999906
SCSO,Zoo,0,19,600,0.025424999999999906
SCSO,Zoo,0,20,630,0.025424999999999906
SCSO,Zoo,0,21,660,0.025424999999999906
SCSO,Zoo,0,22,690,0.025424999999999906
SCSO,Zoo,0,23,720,0.025424999999999906
SCSO,Zoo,0,24,750,0.025424999999999906
SCSO,Zoo,0,25,780,0.025424999999999906
SCSO,Zoo,0,26,810,0.025424999999999906
SCSO,Zoo,0,27,840,0.025424999999999906
SCSO,Zoo,0,28,870,0.025424999999999906
SCSO,Zoo,0,29,900,0.025424999999999906
SCSO,Zoo,0,30,930,0.025424999999999906
SCSO,Zoo,0,31,960,0.025424999999999906
SCSO,Zoo,0,32,990,0.025424999999999906
SCSO,Zoo,0,33,1020,0.025424999999999906
SCSO,Zoo,0,34,1050,0.025424999999999906
SCSO,Zoo,0,35,1080,0.025424999999999906
SCSO,Zoo,0,36,1110,0.025424999999999906
SCSO,Zoo,0,37,1140,0.025424999999999906
SCSO,Zoo,0,38,1170,0.025424999999999906
SCSO,Zoo,0,39,1200,0.025424999999999906
SCSO,Zoo,0,40,1230,0.025424999999999906
SCSO,Zoo,0,41,1260,0.025424999999999906
SCSO,Zoo,0,42,1290,0.025424999999999906
SCSO,Zoo,0,43,1320,0.025424999999999906
SCSO,Zoo,0,44,1350,0.025424999999999906
SCSO,Zoo,0,45,1380,0.025424999999999906
SCSO,Zoo,0,46,1410,0.025424999999999906
SCSO,Zoo,0,47,1440,0.025424999999999906
SCSO,Zoo,0,48,1470,0.025424999999999906
SCSO,Zoo,0,49,1500,0.025424999999999906
SCSO,Zoo,0,50,1530,0.025424999999999906
SCSO,Zoo,0,51,1560,0.025424999999999906
SCSO,Zoo,0,52,1590,0.025424999999999906
SCSO,Zoo,0,53,1620,0.025424999999999906
SCSO,Zoo,0,54,1650,0.025424999999999906
SCSO,Zoo,0,55,1680,0.025424999999999906
SCSO,Zoo,0,56,1710,0.025424999999999906
SCSO,Zoo,0,57,1740,0.025424999999999906
SCSO,Zoo,0,58,1770,0.025424999999999906
SCSO,Zoo,0,59,1800,0.025424999999999906
SCSO,Zoo,0,60,1830,0.025424999999999906
SCSO,Zoo,0,61,1860,0.025424999999999906
SCSO,Zoo,0,62,1890,0.025424999999999906
SCSO,Zoo,0,63,1920,0.025424999999999906
SCSO,Zoo,0,64,1950,0.025424999999999906
SCSO,Zoo,0,65,1980,0.025424999999999906
SCSO,Zoo,0,66,2010,0.025424999999999906
SCSO,Zoo,0,67,2040,0.025424999999999906
SCSO,Zoo,0,68,2070,0.025424999999999906
SCSO,Zoo,0,69,2100,0.025424999999999906
SCSO,Zoo,0,70,2130,0.025424999999999906
SCSO,Zoo,0,71,2160,0.025424999999999906
SCSO,Zoo,0,72,2190,0.025424999999999906
SCSO,Zoo,0,73,2220,0.025424999999999906
SCSO,Zoo,0,74,2250,0.025424999999999906
SCSO,Zoo,0,75,2280,0.025424999999999906
SCSO,Zoo,0,76,2310,0.025424999999999906
SCSO,Zoo,0,77,2340,0.025424999999999906
SCSO,Zoo,0,78,2370,0.025424999999999906
SCSO,Zoo,0,79,2400,0.025424999999999906
SCSO,Zoo,0,80,2430,0.025424999999999906
SCSO,Zoo,0,81,2460,0.025424999999999906
SCSO,Zoo,0,82,2490,0.025424999999999906
SCSO,Zoo,0,83,2520,0.025424999999999906
SCSO,Zoo,0,84,2550,0.025424999999999906
SCSO,Zoo,0,85,2580,0.025424999999999906
SCSO,Zoo,0,86,2610,0.025424999999999906
SCSO,Zoo,0,87,2640,0.025424999999999906
SCSO,Zoo,0,88,2670,0.025424999999999906
SCSO,Zoo,0,89,2700,0.025424999999999906
SCSO,Zoo,0,90,2730,0.025424999999999906
SCSO,Zoo,0,91,2760,0.025424999999999906
SCSO,Zoo,0,92,2790,0.025424999999999906
SCSO,Zoo,0,93,2820,0.025424999999999906
SCSO,Zoo,0,94,2850,0.025424999999999906
SCSO,Zoo,0,95,2880,0.025424999999999906
SCSO,Zoo,0,96,2910,0.025424999999999906
SCSO,Zoo,0,97,2940,0.025424999999999906
SCSO,Zoo,0,98,2970,0.025424999999999906
SCSO,Zoo,0,99,3000,0.025424999999999906
SCSO,Zoo,0,100,3030,0.025424999999999906
SCSO,Zoo,0,101,3060,0.025424999999999906
SCSO,Zoo,0,102,3090,0.025424999999999906
SCSO,Zoo,0,103,3120,0.025424999999999906
SCSO,Zoo,0,104,3150,0.025424999999999906
SCSO,Zoo,0,105,3180,0.025424999999999906
SCSO,Zoo,0,106,3210,0.025424999999999906
SCSO,Zoo,0,107,3240,0.025424999999999906
SCSO,Zoo,0,108,3270,0.025424999999999906
SCSO,Zoo,0,109,3300,0.025424999999999906
SCSO,Zoo,0,110,3330,0.025424999999999906
SCSO,Zoo,0,111,3360,0.025424999999999906
SCSO,Zoo,0,112,3390,0.025424999999999906
SCSO,Zoo,0,113,3420,0.025424999999999906
SCSO,Zoo,0,114,3450,0.025424999999999906
SCSO,Zoo,0,115,3480,0.025424999999999906
SCSO,Zoo,0,116,3510,0.025424999999999906
SCSO,Zoo,0,117,3540,0.025424999999999906
SCSO,Zoo,0,118,3570,0.025424999999999906
SCSO,Zoo,0,119,3600,0.025424999999999906
SCSO,Zoo,0,120,3630,0.025424999999999906
SCSO,Zoo,0,121,3660,0.025424999999999906
SCSO,Zoo,0,122,3690,0.025424999999999906
SCSO,Zoo,0,123,3720,0.025424999999999906
SCSO,Zoo,0,124,3750,0.025424999999999906
SCSO,Zoo,0,125,3780,0.025424999999999906
SCSO,Zoo,0,126,3810,0.025424999999999906
SCSO,Zoo,0,127,3840,0.025424999999999906
SCSO,Zoo,0,128,3870,0.025424999999999906
SCSO,Zoo,0,129,3900,0.025424999999999906
SCSO,Zoo,0,130,3930,0.025424999999999906
SCSO,Zoo,0,131,3960,0.025424999999999906
SCSO,Zoo,0,132,3990,0.025424999999999906
SCSO,Zoo,0,133,4020,0.025424999999999906
SCSO,Zoo,0,134,4050,0.025424999999999906
SCSO,Zoo,0,135,4080,0.025424999999999906
SCSO,Zoo,0,136,4110,0.025424999999999906
SCSO,Zoo,0,137,4140,0.025424999999999906
SCSO,Zoo,0,138,4170,0.025424999999999906
SCSO,Zoo,0,139,4200,0.025424999999999906
SCSO,Zoo,0,140,4230,0.025424999999999906
SCSO,Zoo,0,141,4260,0.025424999999999906
SCSO,Zoo,0,142,4290,0.025424999999999906
SCSO,Zoo,0,143,4320,0.025424999999999906
SCSO,Zoo,0,144,4350,0.025424999999999906
SCSO,Zoo,0,145,4380,0.025424999999999906
SCSO,Zoo,0,146,4410,0.025424999999999906
SCSO,Zoo,0,147,4440,0.025424999999999906
SCSO,Zoo,0,148,4470,0.025424999999999906
SCSO,Zoo,0,149,4500,0.025424999999999906
SCSO,Zoo,0,150,4530,0.025424999999999906
SCSO,Zoo,0,151,4560,0.025424999999999906
SCSO,Zoo,0,152,4590,0.025424999999999906
SCSO,Zoo,0,153,4620,0.025424999999999906
SCSO,Zoo,0,154,4650,0.025424999999999906
SCSO,Zoo,0,155,4680,0.025424999999999906
SCSO,Zoo,0,156,4710,0.025424999999999906
SCSO,Zoo,0,157,4740,0.025424999999999906
SCSO,Zoo,0,158,4770,0.025424999999999906
SCSO,Zoo,0,159,4800,0.025424999999999906
SCSO,Zoo,0,160,4830,0.025424999999999906
SCSO,Zoo,0,161,4860,0.025424999999999906
SCSO,Zoo,0,162,4890,0.025424999999999906
SCSO,Zoo,0,163,4920,0.025424999999999906
SCSO,Zoo,0,164,4950,0.025424999999999906
SCSO,Zoo,0,165,4980,0.025424999999999906
SCSO,Zoo,0,166,5010,0.025424999999999906
SCSO,Zoo,0,167,5040,0.025424999999999906
SCSO,Zoo,0,168,5070,0.025424999999999906
SCSO,Zoo,0,169,5100,0.025424999999999906
SCSO,Zoo,0,170,5130,0.025424999999999906
SCSO,Zoo,0,171,5160,0.025424999999999906
SCSO,Zoo,0,172,5190,0.025424999999999906
SCSO,Zoo,0,173,5220,0.025424999999999906
SCSO,Zoo,0,174,5250,0.025424999999999906
SCSO,Zoo,0,175,5280,0.025424999999999906
SCSO,Zoo,0,176,5310,0.025424999999999906
SCSO,Zoo,0,177,5340,0.025424999999999906
SCSO,Zoo,0,178,5370,0.025424999999999906
SCSO,Zoo,0,179,5400,0.025424999999999906
SCSO,Zoo,0,180,5430,0.025424999999999906
SCSO,Zoo,0,181,5460,0.025424999999999906
SCSO,Zoo,0,182,5490,0.025424999999999906
SCSO,Zoo,0,183,5520,0.025424999999999906
SCSO,Zoo,0,184,5550,0.025424999999999906
SCSO,Zoo,0,185,5580,0.025424999999999906
SCSO,Zoo,0,186,5610,0.025424999999999906
SCSO,Zoo,0,187,5640,0.025424999999999906
SCSO,Zoo,0,188,5670,0.025424999999999906
SCSO,Zoo,0,189,5700,0.025424999999999906
SCSO,Zoo,0,190,5730,0.025424999999999906
SCSO,Zoo,0,191,5760,0.025424999999999906
SCSO,Zoo,0,192,5790,0.025424999999999906
SCSO,Zoo,0,193,5820,0.025424999999999906
SCSO,Zoo,0,194,5850,0.025424999999999906
SCSO,Zoo,0,195,5880,0.025424999999999906
SCSO,Zoo,0,196,5910,0.025424999999999906
SCSO,Zoo,0,197,5940,0.025424999999999906
SCSO,Zoo,0,198,5970,0.025424999999999906
SCSO,Zoo,0,199,6000,0.025424999999999906
SCSO,Zoo,0,200,6030,0.025424999999999906
SCSO,Zoo,0,201,6060,0.025424999999999906
SCSO,Zoo,0,202,6090,0.025424999999999906
SCSO,Zoo,0,203,6120,0.025424999999999906
SCSO,Zoo,0,204,6150,0.025424999999999906
SCSO,Zoo,0,205,6180,0.025424999999999906
SCSO,Zoo,0,206,6210,0.025424999999999906
SCSO,Zoo,0,207,6240,0.025424999999999906
SCSO,Zoo,0,208,6270,0.025424999999999906
SCSO,Zoo,0,209,6300,0.025424999999999906
SCSO,Zoo,0,210,6330,0.025424999999999906
SCSO,Zoo,0,211,6360,0.025424999999999906
SCSO,Zoo,0,212,6390,0.025424999999999906
SCSO,Zoo,0,213,6420,0.025424999999999906
SCSO,Zoo,0,214,6450,0.025424999999999906
SCSO,Zoo,0,215,6480,0.025424999999999906
SCSO,Zoo,0,216,6510,0.025424999999999906
SCSO,Zoo,0,217,6540,0.025424999999999906
SCSO,Zoo,0,218,6570,0.025424999999999906
SCSO,Zoo,0,219,6600,0.025424999999999906
SCSO,Zoo,0,220,6630,0.025424999999999906
SCSO,Zoo,0,221,6660,0.025424999999999906
SCSO,Zoo,0,222,6690,0.025424999999999906
SCSO,Zoo,0,223,6720,0.025424999999999906
SCSO,Zoo,0,224,6750,0.025424999999999906
SCSO,Zoo,0,225,6780,0.025424999999999906
SCSO,Zoo,0,226,6810,0.025424999999999906
SCSO,Zoo,0,227,6840,0.025424999999999906
SCSO,Zoo,0,228,6870,0.025424999999999906
SCSO,Zoo,0,229,6900,0.025424999999999906
SCSO,Zoo,0,230,6930,0.025424999999999906
SCSO,Zoo,0,231,6960,0.025424999999999906
SCSO,Zoo,0,232,6990,0.025424999999999906
SCSO,Zoo,0,233,7020,0.025424999999999906
SCSO,Zoo,0,234,7050,0.025424999999999906
SCSO,Zoo,0,235,7080,0.025424999999999906
SCSO,Zoo,0,236,7110,0.025424999999999906
SCSO,Zoo,0,237,7140,0.025424999999999906
SCSO,Zoo,0,238,7170,0.025424999999999906
SCSO,Zoo,0,239,7200,0.025424999999999906
SCSO,Zoo,0,240,7230,0.025424999999999906
SCSO,Zoo,0,241,7260,0.025424999999999906
SCSO,Zoo,0,242,7290,0.025424999999999906
SCSO,Zoo,0,243,7320,0.025424999999999906
SCSO,Zoo,0,244,7350,0.025424999999999906
SCSO,Zoo,0,245,7380,0.025424999999999906
SCSO,Zoo,0,246,7410,0.025424999999999906
SCSO,Zoo,0,247,7440,0.025424999999999906
SCSO,Zoo,0,248,7470,0.025424999999999906
SCSO,Zoo,0,249,7500,0.025424999999999906
SCSO,Zoo,0,250,7530,0.025424999999999906
SCSO,Zoo,0,251,7560,0.025424999999999906
SCSO,Zoo,0,252,7590,0.025424999999999906
SCSO,Zoo,0,253,7620,0.025424999999999906
SCSO,Zoo,0,254,7650,0.025424999999999906
SCSO,Zoo,0,255,7680,0.025424999999999906
SCSO,Zoo,0,256,7710,0.025424999999999906
SCSO,Zoo,0,257,7740,0.025424999999999906
SCSO,Zoo,0,258,7770,0.025424999999999906
SCSO,Zoo,0,259,7800,0.025424999999999906
SCSO,Zoo,0,260,7830,0.025424999999999906
SCSO,Zoo,0,261,7860,0.025424999999999906
SCSO,Zoo,0,262,7890,0.025424999999999906
SCSO,Zoo,0,263,7920,0.025424999999999906
SCSO,Zoo,0,264,7950,0.025424999999999906
SCSO,Zoo,0,265,7980,0.025424999999999906
SCSO,Zoo,0,266,8010,0.025424999999999906
SCSO,Zoo,0,267,8040,0.025424999999999906
SCSO,Zoo,0,268,8070,0.025424999999999906
SCSO,Zoo,0,269,8100,0.025424999999999906
SCSO,Zoo,0,270,8130,0.025424999999999906
SCSO,Zoo,0,271,8160,0.025424999999999906
SCSO,Zoo,0,272,8190,0.025424999999999906
SCSO,Zoo,0,273,8220,0.025424999999999906
SCSO,Zoo,0,274,8250,0.025424999999999906
SCSO,Zoo,0,275,8280,0.025424999999999906
SCSO,Zoo,0,276,8310,0.025424999999999906
SCSO,Zoo,0,277,8340,0.025424999999999906
SCSO,Zoo,0,278,8370,0.025424999999999906
SCSO,Zoo,0,279,8400,0.025424999999999906
SCSO,Zoo,0,280,8430,0.025424999999999906
SCSO,Zoo,0,281,8460,0.025424999999999906
SCSO,Zoo,0,282,8490,0.025424999999999906
SCSO,Zoo,0,283,8520,0.025424999999999906
SCSO,Zoo,0,284,8550,0.025424999999999906
SCSO,Zoo,0,285,8580,0.025424999999999906
SCSO,Zoo,0,286,8610,0.025424999999999906
SCSO,Zoo,0,287,8640,0.025424999999999906
SCSO,Zoo,0,288,8670,0.025424999999999906
SCSO,Zoo,0,289,8700,0.025424999999999906
SCSO,Zoo,0,290,8730,0.025424999999999906
SCSO,Zoo,0,291,8760,0.025424999999999906
SCSO,Zoo,0,292,8790,0.025424999999999906
SCSO,Zoo,0,293,8820,0.025424999999999906
SCSO,Zoo,0,294,8850,0.025424999999999906
SCSO,Zoo,0,295,8880,0.025424999999999906
SCSO,Zoo,0,296,8910,0.025424999999999906
SCSO,Zoo,0,297,8940,0.025424999999999906
SCSO,Zoo,0,298,8970,0.025424999999999906
SCSO,Zoo,0,299,9000,0.025424999999999906
SCSO,Zoo,0,300,9030,0.025424999999999906
SCSO,Zoo,0,301,9060,0.025424999999999906
SCSO,Zoo,0,302,9090,0.025424999999999906
SCSO,Zoo,0,303,9120,0.025424999999999906
SCSO,Zoo,0,304,9150,0.025424999999999906
SCSO,Zoo,0,305,9180,0.025424999999999906
SCSO,Zoo,0,306,9210,0.025424999999999906
SCSO,Zoo,0,307,9240,0.025424999999999906
SCSO,Zoo,0,308,9270,0.025424999999999906
SCSO,Zoo,0,309,9300,0.025424999999999906
SCSO,Zoo,0,310,9330,0.025424999999999906
SCSO,Zoo,0,311,9360,0.025424999999999906
SCSO,Zoo,0,312,9390,0.025424999999999906
SCSO,Zoo,0,313,9420,0.025424999999999906
SCSO,Zoo,0,314,9450,0.025424999999999906
SCSO,Zoo,0,315,9480,0.025424999999999906
SCSO,Zoo,0,316,9510,0.025424999999999906
SCSO,Zoo,0,317,9540,0.025424999999999906
SCSO,Zoo,0,318,9570,0.025424999999999906
SCSO,Zoo,0,319,9600,0.025424999999999906
SCSO,Zoo,0,320,9630,0.025424999999999906
SCSO,Zoo,0,321,9660,0.025424999999999906
SCSO,Zoo,0,322,9690,0.025424999999999906
SCSO,Zoo,0,323,9720,0.025424999999999906
SCSO,Zoo,0,324,9750,0.025424999999999906
SCSO,Zoo,0,325,9780,0.025424999999999906
SCSO,Zoo,0,326,9810,0.025424999999999906
SCSO,Zoo,0,327,9840,0.025424999999999906
SCSO,Zoo,0,328,9870,0.025424999999999906
SCSO,Zoo,0,329,9900,0.025424999999999906
SCSO,Zoo,0,330,9930,0.025424999999999906
SCSO,Zoo,0,331,9960,0.025424999999999906
SCSO,Zoo,0,332,9990,0.025424999999999906
SCSO,Zoo,0,333,10020,0.025424999999999906
SCSO,Zoo,0,334,10050,0.025424999999999906
SCSO,Zoo,0,335,10080,0.025424999999999906
SCSO,Zoo,0,336,10110,0.025424999999999906
SCSO,Zoo,0,337,10140,0.025424999999999906
SCSO,Zoo,0,338,10170,0.025424999999999906
SCSO,Zoo,0,339,10200,0.025424999999999906
SCSO,Zoo,0,340,10230,0.025424999999999906
SCSO,Zoo,0,341,10260,0.025424999999999906
SCSO,Zoo,0,342,10290,0.025424999999999906
SCSO,Zoo,0,343,10320,0.025424999999999906
SCSO,Zoo,0,344,10350,0.025424999999999906
SCSO,Zoo,0,345,10380,0.025424999999999906
SCSO,Zoo,0,346,10410,0.025424999999999906
SCSO,Zoo,0,347,10440,0.025424999999999906
SCSO,Zoo,0,348,10470,0.025424999999999906
SCSO,Zoo,0,349,10500,0.025424999999999906
SCSO,Zoo,0,350,10530,0.025424999999999906
SCSO,Zoo,0,351,10560,0.025424999999999906
SCSO,Zoo,0,352,10590,0.025424999999999906
SCSO,Zoo,0,353,10620,0.025424999999999906
SCSO,Zoo,0,354,10650,0.025424999999999906
SCSO,Zoo,0,355,10680,0.025424999999999906
SCSO,Zoo,0,356,10710,0.025424999999999906
SCSO,Zoo,0,357,10740,0.025424999999999906
SCSO,Zoo,0,358,10770,0.025424999999999906
SCSO,Zoo,0,359,10800,0.025424999999999906
SCSO,Zoo,0,360,10830,0.025424999999999906
SCSO,Zoo,0,361,10860,0.025424999999999906
SCSO,Zoo,0,362,10890,0.025424999999999906
SCSO,Zoo,0,363,10920,0.025424999999999906
SCSO,Zoo,0,364,10950,0.025424999999999906
SCSO,Zoo,0,365,10980,0.025424999999999906
SCSO,Zoo,0,366,11010,0.025424999999999906
SCSO,Zoo,0,367,11040,0.025424999999999906
SCSO,Zoo,0,368,11070,0.025424999999999906
SCSO,Zoo,0,369,11100,0.025424999999999906
SCSO,Zoo,0,370,11130,0.025424999999999906
SCSO,Zoo,0,371,11160,0.025424999999999906
SCSO,Zoo,0,372,11190,0.025424999999999906
SCSO,Zoo,0,373,11220,0.025424999999999906
SCSO,Zoo,0,374,11250,0.025424999999999906
SCSO,Zoo,0,375,11280,0.025424999999999906
SCSO,Zoo,0,376,11310,0.025424999999999906
SCSO,Zoo,0,377,11340,0.025424999999999906
SCSO,Zoo,0,378,11370,0.025424999999999906
SCSO,Zoo,0,379,11400,0.025424999999999906
SCSO,Zoo,0,380,11430,0.025424999999999906
SCSO,Zoo,0,381,11460,0.025424999999999906
SCSO,Zoo,0,382,11490,0.025424999999999906
SCSO,Zoo,0,383,11520,0.025424999999999906
SCSO,Zoo,0,384,11550,0.025424999999999906
SCSO,Zoo,0,385,11580,0.025424999999999906
SCSO,Zoo,0,386,11610,0.025424999999999906
SCSO,Zoo,0,387,11640,0.025424999999999906
SCSO,Zoo,0,388,11670,0.025424999999999906
SCSO,Zoo,0,389,11700,0.025424999999999906
SCSO,Zoo,0,390,11730,0.025424999999999906
SCSO,Zoo,0,391,11760,0.025424999999999906
SCSO,Zoo,0,392,11790,0.025424999999999906
SCSO,Zoo,0,393,11820,0.025424999999999906
SCSO,Zoo,0,394,11850,0.025424999999999906
SCSO,Zoo,0,395,11880,0.025424999999999906
SCSO,Zoo,0,396,11910,0.025424999999999906
SCSO,Zoo,0,397,11940,0.025424999999999906
SCSO,Zoo,0,398,11970,0.025424999999999906
SCSO,Zoo,0,399,12000,0.025424999999999906
SCSO,Zoo,0,400,12030,0.025424999999999906
SCSO,Zoo,0,401,12060,0.025424999999999906
SCSO,Zoo,0,402,12090,0.025424999999999906
SCSO,Zoo,0,403,12120,0.025424999999999906
SCSO,Zoo,0,404,12150,0.025424999999999906
SCSO,Zoo,0,405,12180,0.025424999999999906
SCSO,Zoo,0,406,12210,0.025424999999999906
SCSO,Zoo,0,407,12240,0.025424999999999906
SCSO,Zoo,0,408,12270,0.025424999999999906
SCSO,Zoo,0,409,12300,0.025424999999999906
SCSO,Zoo,0,410,12330,0.025424999999999906
SCSO,Zoo,0,411,12360,0.025424999999999906
SCSO,Zoo,0,412,12390,0.025424999999999906
SCSO,Zoo,0,413,12420,0.025424999999999906
SCSO,Zoo,0,414,12450,0.025424999999999906
SCSO,Zoo,0,415,12480,0.025424999999999906
SCSO,Zoo,0,416,12510,0.025424999999999906
SCSO,Zoo,0,417,12540,0.025424999999999906
SCSO,Zoo,0,418,12570,0.025424999999999906
SCSO,Zoo,0,419,12600,0.025424999999999906
SCSO,Zoo,0,420,12630,0.025424999999999906
SCSO,Zoo,0,421,12660,0.025424999999999906
SCSO,Zoo,0,422,12690,0.025424999999999906
SCSO,Zoo,0,423,12720,0.025424999999999906
SCSO,Zoo,0,424,12750,0.025424999999999906
SCSO,Zoo,0,425,12780,0.025424999999999906
SCSO,Zoo,0,426,12810,0.025424999999999906
SCSO,Zoo,0,427,12840,0.025424999999999906
SCSO,Zoo,0,428,12870,0.025424999999999906
SCSO,Zoo,0,429,12900,0.025424999999999906
SCSO,Zoo,0,430,12930,0.025424999999999906
SCSO,Zoo,0,431,12960,0.025424999999999906
SCSO,Zoo,0,432,12990,0.025424999999999906
SCSO,Zoo,0,433,13020,0.025424999999999906
SCSO,Zoo,0,434,13050,0.025424999999999906
SCSO,Zoo,0,435,13080,0.025424999999999906
SCSO,Zoo,0,436,13110,0.025424999999999906
SCSO,Zoo,0,437,13140,0.025424999999999906
SCSO,Zoo,0,438,13170,0.025424999999999906
SCSO,Zoo,0,439,13200,0.025424999999999906
SCSO,Zoo,0,440,13230,0.025424999999999906
SCSO,Zoo,0,441,13260,0.025424999999999906
SCSO,Zoo,0,442,13290,0.025424999999999906
SCSO,Zoo,0,443,13320,0.025424999999999906
SCSO,Zoo,0,444,13350,0.025424999999999906
SCSO,Zoo,0,445,13380,0.025424999999999906
SCSO,Zoo,0,446,13410,0.025424999999999906
SCSO,Zoo,0,447,13440,0.025424999999999906
SCSO,Zoo,0,448,13470,0.025424999999999906
SCSO,Zoo,0,449,13500,0.025424999999999906
SCSO,Zoo,0,450,13530,0.025424999999999906
SCSO,Zoo,0,451,13560,0.025424999999999906
SCSO,Zoo,0,452,13590,0.025424999999999906
SCSO,Zoo,0,453,13620,0.025424999999999906
SCSO,Zoo,0,454,13650,0.025424999999999906
SCSO,Zoo,0,455,13680,0.025424999999999906
SCSO,Zoo,0,456,13710,0.025424999999999906
SCSO,Zoo,0,457,13740,0.025424999999999906
SCSO,Zoo,0,458,13770,0.025424999999999906
SCSO,Zoo,0,459,13800,0.025424999999999906
SCSO,Zoo,0,460,13830,0.025424999999999906
SCSO,Zoo,0,461,13860,0.025424999999999906
SCSO,Zoo,0,462,13890,0.025424999999999906
SCSO,Zoo,0,463,13920,0.025424999999999906
SCSO,Zoo,0,464,13950,0.025424999999999906
SCSO,Zoo,0,465,13980,0.025424999999999906
SCSO,Zoo,0,466,14010,0.025424999999999906
SCSO,Zoo,0,467,14040,0.025424999999999906
SCSO,Zoo,0,468,14070,0.025424999999999906
SCSO,Zoo,0,469,14100,0.025424999999999906
SCSO,Zoo,0,470,14130,0.025424999999999906
SCSO,Zoo,0,471,14160,0.025424999999999906
SCSO,Zoo,0,472,14190,0.025424999999999906
SCSO,Zoo,0,473,14220,0.025424999999999906
SCSO,Zoo,0,474,14250,0.025424999999999906
SCSO,Zoo,0,475,14280,0.025424999999999906
SCSO,Zoo,0,476,14310,0.025424999999999906
SCSO,Zoo,0,477,14340,0.025424999999999906
SCSO,Zoo,0,478,14370,0.025424999999999906
SCSO,Zoo,0,479,14400,0.025424999999999906
SCSO,Zoo,0,480,14430,0.025424999999999906
SCSO,Zoo,0,481,14460,0.025424999999999906
SCSO,Zoo,0,482,14490,0.025424999999999906
SCSO,Zoo,0,483,14520,0.025424999999999906
SCSO,Zoo,0,484,14550,0.025424999999999906
SCSO,Zoo,0,485,14580,0.025424999999999906
SCSO,Zoo,0,486,14610,0.025424999999999906
SCSO,Zoo,0,487,14640,0.025424999999999906
SCSO,Zoo,0,488,14670,0.025424999999999906
SCSO,Zoo,0,489,14700,0.025424999999999906
SCSO,Zoo,0,490,14730,0.025424999999999906
SCSO,Zoo,0,491,14760,0.025424999999999906
SCSO,Zoo,0,492,14790,0.025424999999999906
SCSO,Zoo,0,493,14820,0.025424999999999906
SCSO,Zoo,0,494,14850,0.025424999999999906
SCSO,Zoo,0,495,14880,0.025424999999999906
SCSO,Zoo,0,496,14910,0.025424999999999906
SCSO,Zoo,0,497,14940,0.025424999999999906
SCSO,Zoo,0,498,14970,0.025424999999999906
SCSO,Zoo,0,499,15000,0.025424999999999906
RG-SCSO,WDBC,4,0,68,0.03140133519639811
RG-SCSO,WDBC,4,1,106,0.03140133519639811
RG-SCSO,WDBC,4,2,144,0.03140133519639811
RG-SCSO,WDBC,4,3,182,0.03140133519639811
RG-SCSO,WDBC,4,4,220,0.03140133519639811
RG-SCSO,WDBC,4,5,258,0.03140133519639811
RG-SCSO,WDBC,4,6,296,0.03140133519639811
RG-SCSO,WDBC,4,7,334,0.03140133519639811
RG-SCSO,WDBC,4,8,372,0.03140133519639811
RG-SCSO,WDBC,4,9,410,0.03140133519639811
RG-SCSO,WDBC,4,10,448,0.03140133519639811
RG-SCSO,WDBC,4,11,486,0.03140133519639811
RG-SCSO,WDBC,4,12,524,0.026943021269989112
RG-SCSO,WDBC,4,13,562,0.026943021269989112
RG-SCSO,WDBC,4,14,600,0.026943021269989112
RG-SCSO,WDBC,4,15,638,0.026943021269989112
RG-SCSO,WDBC,4,16,676,0.026943021269989112
RG-SCSO,WDBC,4,17,714,0.026943021269989112
RG-SCSO,WDBC,4,18,752,0.026943021269989112
RG-SCSO,WDBC,4,19,790,0.026943021269989112
RG-SCSO,WDBC,4,20,828,0.026943021269989112
RG-SCSO,WDBC,4,21,866,0.026943021269989112
RG-SCSO,WDBC,4,22,904,0.026943021269989112
RG-SCSO,WDBC,4,23,942,0.026943021269989112
RG-SCSO,WDBC,4,24,980,0.026943021269989112
RG-SCSO,WDBC,4,25,1018,0.026943021269989112
RG-SCSO,WDBC,4,26,1056,0.026943021269989112
RG-SCSO,WDBC,4,27,1094,0.026943021269989112
RG-SCSO,WDBC,4,28,1132,0.026943021269989112
RG-SCSO,WDBC,4,29,1170,0.026943021269989112
RG-SCSO,WDBC,4,30,1208,0.026943021269989112
RG-SCSO,WDBC,4,31,1246,0.026943021269989112
RG-SCSO,WDBC,4,32,1284,0.026943021269989112
RG-SCSO,WDBC,4,33,1322,0.026943021269989112
RG-SCSO,WDBC,4,34,1360,0.026943021269989112
RG-SCSO,WDBC,4,35,1398,0.026943021269989112
RG-SCSO,WDBC,4,36,1436,0.026943021269989112
RG-SCSO,WDBC,4,37,1474,0.026943021269989112
RG-SCSO,WDBC,4,38,1512,0.026943021269989112
RG-SCSO,WDBC,4,39,1550,0.026943021269989112
RG-SCSO,WDBC,4,40,1588,0.026943021269989112
RG-SCSO,WDBC,4,41,1626,0.026943021269989112
RG-SCSO,WDBC,4,42,1664,0.026943021269989112
RG-SCSO,WDBC,4,43,1702,0.026943021269989112
RG-SCSO,WDBC,4,44,1740,0.026943021269989112
RG-SCSO,WDBC,4,45,1778,0.026943021269989112
RG-SCSO,WDBC,4,46,1816,0.026943021269989112
RG-SCSO,WDBC,4,47,1854,0.026943021269989112
RG-SCSO,WDBC,4,48,1892,0.026943021269989112
RG-SCSO,WDBC,4,49,1930,0.026943021269989112
RG-SCSO,WDBC,4,50,1968,0.026943021269989112
RG-SCSO,WDBC,4,51,2006,0.026943021269989112
RG-SCSO,WDBC,4,52,2044,0.026943021269989112
RG-SCSO,WDBC,4,53,2082,0.026943021269989112
RG-SCSO,WDBC,4,54,2120,0.026943021269989112
RG-SCSO,WDBC,4,55,2158,0.026943021269989112
RG-SCSO,WDBC,4,56,2196,0.026943021269989112
RG-SCSO,WDBC,4,57,2234,0.026943021269989112
RG-SCSO,WDBC,4,58,2272,0.026943021269989112
RG-SCSO,WDBC,4,59,2310,0.026943021269989112
RG-SCSO,WDBC,4,60,2348,0.026943021269989112
RG-SCSO,WDBC,4,61,2386,0.026943021269989112
RG-SCSO,WDBC,4,62,2424,0.026943021269989112
RG-SCSO,WDBC,4,63,2462,0.026943021269989112
RG-SCSO,WDBC,4,64,2500,0.026943021269989112
RG-SCSO,WDBC,4,65,2538,0.026943021269989112
RG-SCSO,WDBC,4,66,2576,0.026943021269989112
RG-SCSO,WDBC,4,67,2614,0.026943021269989112
RG-SCSO,WDBC,4,68,2652,0.026943021269989112
RG-SCSO,WDBC,4,69,2690,0.026943021269989112
RG-SCSO,WDBC,4,70,2728,0.026943021269989112
RG-SCSO,WDBC,4,71,2766,0.026943021269989112
RG-SCSO,WDBC,4,72,2804,0.026943021269989112
RG-SCSO,WDBC,4,73,2842,0.026943021269989112
RG-SCSO,WDBC,4,74,2880,0.026943021269989112
RG-SCSO,WDBC,4,75,2918,0.026943021269989112
RG-SCSO,WDBC,4,76,2956,0.026943021269989112
RG-SCSO,WDBC,4,77,2994,0.026943021269989112
RG-SCSO,WDBC,4,78,3032,0.026943021269989112
RG-SCSO,WDBC,4,79,3070,0.026943021269989112
RG-SCSO,WDBC,4,80,3108,0.026943021269989112
RG-SCSO,WDBC,4,81,3146,0.026943021269989112
RG-SCSO,WDBC,4,82,3184,0.026943021269989112
RG-SCSO,WDBC,4,83,3222,0.026943021269989112
RG-SCSO,WDBC,4,84,3260,0.026943021269989112
RG-SCSO,WDBC,4,85,3298,0.026943021269989112
RG-SCSO,WDBC,4,86,3336,0.026943021269989112
RG-SCSO,WDBC,4,87,3374,0.026943021269989112
RG-SCSO,WDBC,4,88,3412,0.026943021269989112
RG-SCSO,WDBC,4,89,3450,0.026943021269989112
RG-SCSO,WDBC,4,90,3488,0.026943021269989112
RG-SCSO,WDBC,4,91,3526,0.026943021269989112
RG-SCSO,WDBC,4,92,3564,0.026943021269989112
RG-SCSO,WDBC,4,93,3602,0.026943021269989112
RG-SCSO,WDBC,4,94,3640,0.026943021269989112
RG-SCSO,WDBC,4,95,3678,0.026943021269989112
RG-SCSO,WDBC,4,96,3716,0.026943021269989112
RG-SCSO,WDBC,4,97,3754,0.026943021269989112
RG-SCSO,WDBC,4,98,3792,0.026943021269989112
RG-SCSO,WDBC,4,99,3830,0.026943021269989112
RG-SCSO,WDBC,4,100,3868,0.026943021269989112
RG-SCSO,WDBC,4,101,3906,0.026943021269989112
RG-SCSO,WDBC,4,102,3944,0.026943021269989112
RG-SCSO,WDBC,4,103,3982,0.026943021269989112
RG-SCSO,WDBC,4,104,4020,0.026943021269989112
RG-SCSO,WDBC,4,105,4058,0.026943021269989112
RG-SCSO,WDBC,4,106,4096,0.026943021269989112
RG-SCSO,WDBC,4,107,4134,0.026943021269989112
RG-SCSO,WDBC,4,108,4172,0.026943021269989112
RG-SCSO,WDBC,4,109,4210,0.026943021269989112
RG-SCSO,WDBC,4,110,4248,0.026943021269989112
RG-SCSO,WDBC,4,111,4286,0.026943021269989112
RG-SCSO,WDBC,4,112,4324,0.026943021269989112
RG-SCSO,WDBC,4,113,4362,0.026943021269989112
RG-SCSO,WDBC,4,114,4400,0.026943021269989112
RG-SCSO,WDBC,4,115,4438,0.026943021269989112
RG-SCSO,WDBC,4,116,4476,0.026943021269989112
RG-SCSO,WDBC,4,117,4514,0.026943021269989112
RG-SCSO,WDBC,4,118,4552,0.026943021269989112
RG-SCSO,WDBC,4,119,4590,0.026943021269989112
RG-SCSO,WDBC,4,120,4628,0.026943021269989112
RG-SCSO,WDBC,4,121,4666,0.026943021269989112
RG-SCSO,WDBC,4,122,4704,0.026943021269989112
RG-SCSO,WDBC,4,123,4742,0.026943021269989112
RG-SCSO,WDBC,4,124,4780,0.026943021269989112
RG-SCSO,WDBC,4,125,4818,0.026943021269989112
RG-SCSO,WDBC,4,126,4856,0.026943021269989112
RG-SCSO,WDBC,4,127,4894,0.026943021269989112
RG-SCSO,WDBC,4,128,4932,0.026943021269989112
RG-SCSO,WDBC,4,129,4970,0.026943021269989112
RG-SCSO,WDBC,4,130,5008,0.026943021269989112
RG-SCSO,WDBC,4,131,5046,0.026943021269989112
RG-SCSO,WDBC,4,132,5084,0.026943021269989112
RG-SCSO,WDBC,4,133,5122,0.026943021269989112
RG-SCSO,WDBC,4,134,5160,0.026943021269989112
RG-SCSO,WDBC,4,135,5198,0.026943021269989112
RG-SCSO,WDBC,4,136,5236,0.026943021269989112
RG-SCSO,WDBC,4,137,5274,0.026943021269989112
RG-SCSO,WDBC,4,138,5312,0.026943021269989112
RG-SCSO,WDBC,4,139,5350,0.026943021269989112
RG-SCSO,WDBC,4,140,5388,0.026943021269989112
RG-SCSO,WDBC,4,141,5426,0.026943021269989112
RG-SCSO,WDBC,4,142,5464,0.026943021269989112
RG-SCSO,WDBC,4,143,5502,0.026943021269989112
RG-SCSO,WDBC,4,144,5540,0.026943021269989112
RG-SCSO,WDBC,4,145,5578,0.026943021269989112
RG-SCSO,WDBC,4,146,5616,0.026943021269989112
RG-SCSO,WDBC,4,147,5654,0.026943021269989112
RG-SCSO,WDBC,4,148,5692,0.026943021269989112
RG-SCSO,WDBC,4,149,5730,0.026943021269989112
RG-SCSO,WDBC,4,150,5768,0.026943021269989112
RG-SCSO,WDBC,4,151,5806,0.026943021269989112
RG-SCSO,WDBC,4,152,5844,0.026943021269989112
RG-SCSO,WDBC,4,153,5882,0.026943021269989112
RG-SCSO,WDBC,4,154,5920,0.026943021269989112
RG-SCSO,WDBC,4,155,5958,0.026943021269989112
RG-SCSO,WDBC,4,156,5996,0.026943021269989112
RG-SCSO,WDBC,4,157,6034,0.026943021269989112
RG-SCSO,WDBC,4,158,6072,0.026943021269989112
RG-SCSO,WDBC,4,159,6110,0.026943021269989112
RG-SCSO,WDBC,4,160,6148,0.026943021269989112
RG-SCSO,WDBC,4,161,6186,0.026943021269989112
RG-SCSO,WDBC,4,162,6224,0.026943021269989112
RG-SCSO,WDBC,4,163,6262,0.026943021269989112
RG-SCSO,WDBC,4,164,6300,0.026943021269989112
RG-SCSO,WDBC,4,165,6338,0.026943021269989112
RG-SCSO,WDBC,4,166,6376,0.026943021269989112
RG-SCSO,WDBC,4,167,6414,0.026943021269989112
RG-SCSO,WDBC,4,168,6452,0.026943021269989112
RG-SCSO,WDBC,4,169,6490,0.026943021269989112
RG-SCSO,WDBC,4,170,6528,0.026943021269989112
RG-SCSO,WDBC,4,171,6566,0.026943021269989112
RG-SCSO,WDBC,4,172,6604,0.026943021269989112
RG-SCSO,WDBC,4,173,6642,0.026943021269989112
RG-SCSO,WDBC,4,174,6680,0.026943021269989112
RG-SCSO,WDBC,4,175,6718,0.026943021269989112
RG-SCSO,WDBC,4,176,6756,0.026943021269989112
RG-SCSO,WDBC,4,177,6794,0.026943021269989112
RG-SCSO,WDBC,4,178,6832,0.026943021269989112
RG-SCSO,WDBC,4,179,6870,0.026943021269989112
RG-SCSO,WDBC,4,180,6908,0.026943021269989112
RG-SCSO,WDBC,4,181,6946,0.026943021269989112
RG-SCSO,WDBC,4,182,6984,0.026943021269989112
RG-SCSO,WDBC,4,183,7022,0.026943021269989112
RG-SCSO,WDBC,4,184,7060,0.026943021269989112
RG-SCSO,WDBC,4,185,7098,0.026943021269989112
RG-SCSO,WDBC,4,186,7136,0.026943021269989112
RG-SCSO,WDBC,4,187,7174,0.026943021269989112
RG-SCSO,WDBC,4,188,7212,0.026943021269989112
RG-SCSO,WDBC,4,189,7250,0.026943021269989112
RG-SCSO,WDBC,4,190,7288,0.026943021269989112
RG-SCSO,WDBC,4,191,7326,0.026943021269989112
RG-SCSO,WDBC,4,192,7364,0.026943021269989112
RG-SCSO,WDBC,4,193,7402,0.026943021269989112
RG-SCSO,WDBC,4,194,7440,0.026943021269989112
RG-SCSO,WDBC,4,195,7478,0.026943021269989112
RG-SCSO,WDBC,4,196,7516,0.026943021269989112
RG-SCSO,WDBC,4,197,7554,0.026943021269989112
RG-SCSO,WDBC,4,198,7592,0.026943021269989112
RG-SCSO,WDBC,4,199,7630,0.026943021269989112
RG-SCSO,WDBC,4,200,7668,0.026943021269989112
RG-SCSO,WDBC,4,201,7706,0.026943021269989112
RG-SCSO,WDBC,4,202,7744,0.026943021269989112
RG-SCSO,WDBC,4,203,7782,0.026943021269989112
RG-SCSO,WDBC,4,204,7820,0.026943021269989112
RG-SCSO,WDBC,4,205,7858,0.026943021269989112
RG-SCSO,WDBC,4,206,7896,0.026943021269989112
RG-SCSO,WDBC,4,207,7934,0.026943021269989112
RG-SCSO,WDBC,4,208,7972,0.026943021269989112
RG-SCSO,WDBC,4,209,8010,0.026943021269989112
RG-SCSO,WDBC,4,210,8048,0.026943021269989112
RG-SCSO,WDBC,4,211,8086,0.026943021269989112
RG-SCSO,WDBC,4,212,8124,0.026943021269989112
RG-SCSO,WDBC,4,213,8162,0.026943021269989112
RG-SCSO,WDBC,4,214,8200,0.026943021269989112
RG-SCSO,WDBC,4,215,8238,0.026943021269989112
RG-SCSO,WDBC,4,216,8276,0.026943021269989112
RG-SCSO,WDBC,4,217,8314,0.026943021269989112
RG-SCSO,WDBC,4,218,8352,0.026943021269989112
RG-SCSO,WDBC,4,219,8390,0.026943021269989112
RG-SCSO,WDBC,4,220,8428,0.026943021269989112
RG-SCSO,WDBC,4,221,8466,0.026943021269989112
RG-SCSO,WDBC,4,222,8504,0.026943021269989112
RG-SCSO,WDBC,4,223,8542,0.026943021269989112
RG-SCSO,WDBC,4,224,8580,0.026943021269989112
RG-SCSO,WDBC,4,225,8618,0.026943021269989112
RG-SCSO,WDBC,4,226,8656,0.026943021269989112
RG-SCSO,WDBC,4,227,8694,0.026943021269989112
RG-SCSO,WDBC,4,228,8732,0.026943021269989112
RG-SCSO,WDBC,4,229,8770,0.026943021269989112
RG-SCSO,WDBC,4,230,8808,0.026943021269989112
RG-SCSO,WDBC,4,231,8846,0.026943021269989112
RG-SCSO,WDBC,4,232,8884,0.026943021269989112
RG-SCSO,WDBC,4,233,8922,0.026943021269989112
RG-SCSO,WDBC,4,234,8960,0.026943021269989112
RG-SCSO,WDBC,4,235,8998,0.026943021269989112
RG-SCSO,WDBC,4,236,9036,0.026943021269989112
RG-SCSO,WDBC,4,237,9074,0.026943021269989112
RG-SCSO,WDBC,4,238,9112,0.026943021269989112
RG-SCSO,WDBC,4,239,9150,0.026943021269989112
RG-SCSO,WDBC,4,240,9188,0.026943021269989112
RG-SCSO,WDBC,4,241,9226,0.026943021269989112
RG-SCSO,WDBC,4,242,9264,0.026943021269989112
RG-SCSO,WDBC,4,243,9302,0.026943021269989112
RG-SCSO,WDBC,4,244,9340,0.026943021269989112
RG-SCSO,WDBC,4,245,9378,0.026943021269989112
RG-SCSO,WDBC,4,246,9416,0.026943021269989112
RG-SCSO,WDBC,4,247,9454,0.026943021269989112
RG-SCSO,WDBC,4,248,9492,0.026943021269989112
RG-SCSO,WDBC,4,249,9530,0.026943021269989112
RG-SCSO,WDBC,4,250,9568,0.026943021269989112
RG-SCSO,WDBC,4,251,9606,0.026943021269989112
RG-SCSO,WDBC,4,252,9644,0.026943021269989112
RG-SCSO,WDBC,4,253,9682,0.026943021269989112
RG-SCSO,WDBC,4,254,9720,0.026943021269989112
RG-SCSO,WDBC,4,255,9758,0.026943021269989112
RG-SCSO,WDBC,4,256,9796,0.026943021269989112
RG-SCSO,WDBC,4,257,9834,0.026943021269989112
RG-SCSO,WDBC,4,258,9872,0.026943021269989112
RG-SCSO,WDBC,4,259,9910,0.026943021269989112
RG-SCSO,WDBC,4,260,9948,0.026943021269989112
RG-SCSO,WDBC,4,261,9986,0.026943021269989112
RG-SCSO,WDBC,4,262,10024,0.026943021269989112
RG-SCSO,WDBC,4,263,10062,0.026943021269989112
RG-SCSO,WDBC,4,264,10100,0.026943021269989112
RG-SCSO,WDBC,4,265,10138,0.026943021269989112
RG-SCSO,WDBC,4,266,10176,0.026943021269989112
RG-SCSO,WDBC,4,267,10214,0.026943021269989112
RG-SCSO,WDBC,4,268,10252,0.026943021269989112
RG-SCSO,WDBC,4,269,10290,0.026943021269989112
RG-SCSO,WDBC,4,270,10328,0.026943021269989112
RG-SCSO,WDBC,4,271,10366,0.026943021269989112
RG-SCSO,WDBC,4,272,10404,0.026943021269989112
RG-SCSO,WDBC,4,273,10442,0.026943021269989112
RG-SCSO,WDBC,4,274,10480,0.026943021269989112
RG-SCSO,WDBC,4,275,10518,0.026943021269989112
RG-SCSO,WDBC,4,276,10556,0.026943021269989112
RG-SCSO,WDBC,4,277,10594,0.026943021269989112
RG-SCSO,WDBC,4,278,10632,0.026943021269989112
RG-SCSO,WDBC,4,279,10670,0.026943021269989112
RG-SCSO,WDBC,4,280,10708,0.026943021269989112
RG-SCSO,WDBC,4,281,10746,0.026943021269989112
RG-SCSO,WDBC,4,282,10784,0.026943021269989112
RG-SCSO,WDBC,4,283,10822,0.026943021269989112
RG-SCSO,WDBC,4,284,10860,0.026943021269989112
RG-SCSO,WDBC,4,285,10898,0.026943021269989112
RG-SCSO,WDBC,4,286,10936,0.026943021269989112
RG-SCSO,WDBC,4,287,10974,0.026943021269989112
RG-SCSO,WDBC,4,288,11012,0.026943021269989112
RG-SCSO,WDBC,4,289,11050,0.026943021269989112
RG-SCSO,WDBC,4,290,11088,0.026943021269989112
RG-SCSO,WDBC,4,291,11126,0.026943021269989112
RG-SCSO,WDBC,4,292,11164,0.026943021269989112
RG-SCSO,WDBC,4,293,11202,0.026943021269989112
RG-SCSO,WDBC,4,294,11240,0.026943021269989112
RG-SCSO,WDBC,4,295,11278,0.026943021269989112
RG-SCSO,WDBC,4,296,11316,0.026943021269989112
RG-SCSO,WDBC,4,297,11354,0.026943021269989112
RG-SCSO,WDBC,4,298,11392,0.026943021269989112
RG-SCSO,WDBC,4,299,11430,0.026943021269989112
RG-SCSO,WDBC,4,300,11468,0.026943021269989112
RG-SCSO,WDBC,4,301,11506,0.026943021269989112
RG-SCSO,WDBC,4,302,11544,0.026943021269989112
RG-SCSO,WDBC,4,303,11582,0.026943021269989112
RG-SCSO,WDBC,4,304,11620,0.026943021269989112
RG-SCSO,WDBC,4,305,11658,0.026943021269989112
RG-SCSO,WDBC,4,306,11696,0.026943021269989112
RG-SCSO,WDBC,4,307,11734,0.026943021269989112
RG-SCSO,WDBC,4,308,11772,0.026943021269989112
RG-SCSO,WDBC,4,309,11810,0.026943021269989112
RG-SCSO,WDBC,4,310,11848,0.026943021269989112
RG-SCSO,WDBC,4,311,11886,0.026943021269989112
RG-SCSO,WDBC,4,312,11924,0.026943021269989112
RG-SCSO,WDBC,4,313,11962,0.026943021269989112
RG-SCSO,WDBC,4,314,12000,0.026943021269989112
RG-SCSO,WDBC,4,315,12038,0.026943021269989112
RG-SCSO,WDBC,4,316,12076,0.026943021269989112
RG-SCSO,WDBC,4,317,12114,0.026943021269989112
RG-SCSO,WDBC,4,318,12152,0.026943021269989112
RG-SCSO,WDBC,4,319,12190,0.026943021269989112
RG-SCSO,WDBC,4,320,12228,0.026943021269989112
RG-SCSO,WDBC,4,321,12266,0.026943021269989112
RG-SCSO,WDBC,4,322,12304,0.026943021269989112
RG-SCSO,WDBC,4,323,12342,0.026943021269989112
RG-SCSO,WDBC,4,324,12380,0.026943021269989112
RG-SCSO,WDBC,4,325,12418,0.026943021269989112
RG-SCSO,WDBC,4,326,12456,0.026943021269989112
RG-SCSO,WDBC,4,327,12494,0.026943021269989112
RG-SCSO,WDBC,4,328,12532,0.026943021269989112
RG-SCSO,WDBC,4,329,12570,0.026943021269989112
RG-SCSO,WDBC,4,330,12608,0.026943021269989112
RG-SCSO,WDBC,4,331,12646,0.026943021269989112
RG-SCSO,WDBC,4,332,12684,0.026943021269989112
RG-SCSO,WDBC,4,333,12722,0.026943021269989112
RG-SCSO,WDBC,4,334,12760,0.026943021269989112
RG-SCSO,WDBC,4,335,12798,0.026943021269989112
RG-SCSO,WDBC,4,336,12836,0.026943021269989112
RG-SCSO,WDBC,4,337,12874,0.026943021269989112
RG-SCSO,WDBC,4,338,12912,0.026943021269989112
RG-SCSO,WDBC,4,339,12950,0.026943021269989112
RG-SCSO,WDBC,4,340,12988,0.026943021269989112
RG-SCSO,WDBC,4,341,13026,0.026943021269989112
RG-SCSO,WDBC,4,342,13064,0.026943021269989112
RG-SCSO,WDBC,4,343,13102,0.026943021269989112
RG-SCSO,WDBC,4,344,13140,0.026943021269989112
RG-SCSO,WDBC,4,345,13178,0.026943021269989112
RG-SCSO,WDBC,4,346,13216,0.026943021269989112
RG-SCSO,WDBC,4,347,13254,0.026943021269989112
RG-SCSO,WDBC,4,348,13292,0.026943021269989112
RG-SCSO,WDBC,4,349,13330,0.026943021269989112
RG-SCSO,WDBC,4,350,13368,0.026943021269989112
RG-SCSO,WDBC,4,351,13406,0.026943021269989112
RG-SCSO,WDBC,4,352,13444,0.026943021269989112
RG-SCSO,WDBC,4,353,13482,0.026943021269989112
RG-SCSO,WDBC,4,354,13520,0.026943021269989112
RG-SCSO,WDBC,4,355,13558,0.026943021269989112
RG-SCSO,WDBC,4,356,13596,0.026943021269989112
RG-SCSO,WDBC,4,357,13634,0.026943021269989112
RG-SCSO,WDBC,4,358,13672,0.026943021269989112
RG-SCSO,WDBC,4,359,13710,0.026943021269989112
RG-SCSO,WDBC,4,360,13748,0.026943021269989112
RG-SCSO,WDBC,4,361,13786,0.026943021269989112
RG-SCSO,WDBC,4,362,13824,0.026943021269989112
RG-SCSO,WDBC,4,363,13862,0.026943021269989112
RG-SCSO,WDBC,4,364,13900,0.026943021269989112
RG-SCSO,WDBC,4,365,13938,0.026943021269989112
RG-SCSO,WDBC,4,366,13976,0.026943021269989112
RG-SCSO,WDBC,4,367,14014,0.026943021269989112
RG-SCSO,WDBC,4,368,14052,0.026943021269989112
RG-SCSO,WDBC,4,369,14090,0.026943021269989112
RG-SCSO,WDBC,4,370,14128,0.026943021269989112
RG-SCSO,WDBC,4,371,14166,0.026943021269989112
RG-SCSO,WDBC,4,372,14204,0.026943021269989112
RG-SCSO,WDBC,4,373,14242,0.026943021269989112
RG-SCSO,WDBC,4,374,14280,0.026943021269989112
RG-SCSO,WDBC,4,375,14318,0.026943021269989112
RG-SCSO,WDBC,4,376,14356,0.026943021269989112
RG-SCSO,WDBC,4,377,14394,0.026943021269989112
RG-SCSO,WDBC,4,378,14432,0.026943021269989112
RG-SCSO,WDBC,4,379,14470,0.026943021269989112
RG-SCSO,WDBC,4,380,14508,0.026943021269989112
RG-SCSO,WDBC,4,381,14546,0.026943021269989112
RG-SCSO,WDBC,4,382,14584,0.026943021269989112
RG-SCSO,WDBC,4,383,14622,0.026943021269989112
RG-SCSO,WDBC,4,384,14660,0.026943021269989112
RG-SCSO,WDBC,4,385,14698,0.026943021269989112
RG-SCSO,WDBC,4,386,14736,0.026943021269989112
RG-SCSO,WDBC,4,387,14774,0.026943021269989112
RG-SCSO,WDBC,4,388,14812,0.026943021269989112
RG-SCSO,WDBC,4,389,14850,0.026943021269989112
RG-SCSO,WDBC,4,390,14888,0.026943021269989112
RG-SCSO,WDBC,4,391,14926,0.026943021269989112
RG-SCSO,WDBC,4,392,14964,0.026943021269989112
RG-SCSO,WDBC,4,393,15000,0.026943021269989112
RG-SCSO,WDBC,4,394,15000,0.026943021269989112
RG-SCSO,WDBC,4,395,15000,0.026943021269989112
RG-SCSO,WDBC,4,396,15000,0.026943021269989112
RG-SCSO,WDBC,4,397,15000,0.026943021269989112
RG-SCSO,WDBC,4,398,15000,0.026943021269989112
RG-SCSO,WDBC,4,399,15000,0.026943021269989112
RG-SCSO,WDBC,4,400,15000,0.026943021269989112
RG-SCSO,WDBC,4,401,15000,0.026943021269989112
RG-SCSO,WDBC,4,402,15000,0.026943021269989112
RG-SCSO,WDBC,4,403,15000,0.026943021269989112
RG-SCSO,WDBC,4,404,15000,0.026943021269989112
RG-SCSO,WDBC,4,405,15000,0.026943021269989112
RG-SCSO,WDBC,4,406,15000,0.026943021269989112
RG-SCSO,WDBC,4,407,15000,0.026943021269989112
RG-SCSO,WDBC,4,408,15000,0.026943021269989112
RG-SCSO,WDBC,4,409,15000,0.026943021269989112
RG-SCSO,WDBC,4,410,15000,0.026943021269989112
RG-SCSO,WDBC,4,411,15000,0.026943021269989112
RG-SCSO,WDBC,4,412,15000,0.026943021269989112
RG-SCSO,WDBC,4,413,15000,0.026943021269989112
RG-SCSO,WDBC,4,414,15000,0.026943021269989112
RG-SCSO,WDBC,4,415,15000,0.026943021269989112
RG-SCSO,WDBC,4,416,15000,0.026943021269989112
RG-SCSO,WDBC,4,417,15000,0.026943021269989112
RG-SCSO,WDBC,4,418,15000,0.026943021269989112
RG-SCSO,WDBC,4,419,15000,0.026943021269989112
RG-SCSO,WDBC,4,420,15000,0.026943021269989112
RG-SCSO,WDBC,4,421,15000,0.026943021269989112
RG-SCSO,WDBC,4,422,15000,0.026943021269989112
RG-SCSO,WDBC,4,423,15000,0.026943021269989112
RG-SCSO,WDBC,4,424,15000,0.026943021269989112
RG-SCSO,WDBC,4,425,15000,0.026943021269989112
RG-SCSO,WDBC,4,426,15000,0.026943021269989112
RG-SCSO,WDBC,4,427,15000,0.026943021269989112
RG-SCSO,WDBC,4,428,15000,0.026943021269989112
RG-SCSO,WDBC,4,429,15000,0.026943021269989112
RG-SCSO,WDBC,4,430,15000,0.026943021269989112
RG-SCSO,WDBC,4,431,15000,0.026943021269989112
RG-SCSO,WDBC,4,432,15000,0.026943021269989112
RG-SCSO,WDBC,4,433,15000,0.026943021269989112
RG-SCSO,WDBC,4,434,15000,0.026943021269989112
RG-SCSO,WDBC,4,435,15000,0.026943021269989112
RG-SCSO,WDBC,4,436,15000,0.026943021269989112
RG-SCSO,WDBC,4,437,15000,0.026943021269989112
RG-SCSO,WDBC,4,438,15000,0.026943021269989112
RG-SCSO,WDBC,4,439,15000,0.026943021269989112
RG-SCSO,WDBC,4,440,15000,0.026943021269989112
RG-SCSO,WDBC,4,441,15000,0.026943021269989112
RG-SCSO,WDBC,4,442,15000,0.026943021269989112
RG-SCSO,WDBC,4,443,15000,0.026943021269989112
RG-SCSO,WDBC,4,444,15000,0.026943021269989112
RG-SCSO,WDBC,4,445,15000,0.026943021269989112
RG-SCSO,WDBC,4,446,15000,0.026943021269989112
RG-SCSO,WDBC,4,447,15000,0.026943021269989112
RG-SCSO,WDBC,4,448,15000,0.026943021269989112
RG-SCSO,WDBC,4,449,15000,0.026943021269989112
RG-SCSO,WDBC,4,450,15000,0.026943021269989112
RG-SCSO,WDBC,4,451,15000,0.026943021269989112
RG-SCSO,WDBC,4,452,15000,0.026943021269989112
RG-SCSO,WDBC,4,453,15000,0.026943021269989112
RG-SCSO,WDBC,4,454,15000,0.026943021269989112
RG-SCSO,WDBC,4,455,15000,0.026943021269989112
RG-SCSO,WDBC,4,456,15000,0.026943021269989112
RG-SCSO,WDBC,4,457,15000,0.026943021269989112
RG-SCSO,WDBC,4,458,15000,0.026943021269989112
RG-SCSO,WDBC,4,459,15000,0.026943021269989112
RG-SCSO,WDBC,4,460,15000,0.026943021269989112
RG-SCSO,WDBC,4,461,15000,0.026943021269989112
RG-SCSO,WDBC,4,462,15000,0.026943021269989112
RG-SCSO,WDBC,4,463,15000,0.026943021269989112
RG-SCSO,WDBC,4,464,15000,0.026943021269989112
RG-SCSO,WDBC,4,465,15000,0.026943021269989112
RG-SCSO,WDBC,4,466,15000,0.026943021269989112
RG-SCSO,WDBC,4,467,15000,0.026943021269989112
RG-SCSO,WDBC,4,468,15000,0.026943021269989112
RG-SCSO,WDBC,4,469,15000,0.026943021269989112
RG-SCSO,WDBC,4,470,15000,0.026943021269989112
RG-SCSO,WDBC,4,471,15000,0.026943021269989112
RG-SCSO,WDBC,4,472,15000,0.026943021269989112
RG-SCSO,WDBC,4,473,15000,0.026943021269989112
RG-SCSO,WDBC,4,474,15000,0.026943021269989112
RG-SCSO,WDBC,4,475,15000,0.026943021269989112
RG-SCSO,WDBC,4,476,15000,0.026943021269989112
RG-SCSO,WDBC,4,477,15000,0.026943021269989112
RG-SCSO,WDBC,4,478,15000,0.026943021269989112
RG-SCSO,WDBC,4,479,15000,0.026943021269989112
RG-SCSO,WDBC,4,480,15000,0.026943021269989112
RG-SCSO,WDBC,4,481,15000,0.026943021269989112
RG-SCSO,WDBC,4,482,15000,0.026943021269989112
RG-SCSO,WDBC,4,483,15000,0.026943021269989112
RG-SCSO,WDBC,4,484,15000,0.026943021269989112
RG-SCSO,WDBC,4,485,15000,0.026943021269989112
RG-SCSO,WDBC,4,486,15000,0.026943021269989112
RG-SCSO,WDBC,4,487,15000,0.026943021269989112
RG-SCSO,WDBC,4,488,15000,0.026943021269989112
RG-SCSO,WDBC,4,489,15000,0.026943021269989112
RG-SCSO,WDBC,4,490,15000,0.026943021269989112
RG-SCSO,WDBC,4,491,15000,0.026943021269989112
RG-SCSO,WDBC,4,492,15000,0.026943021269989112
RG-SCSO,WDBC,4,493,15000,0.026943021269989112
RG-SCSO,WDBC,4,494,15000,0.026943021269989112
RG-SCSO,WDBC,4,495,15000,0.026943021269989112
RG-SCSO,WDBC,4,496,15000,0.026943021269989112
RG-SCSO,WDBC,4,497,15000,0.026943021269989112
RG-SCSO,WDBC,4,498,15000,0.026943021269989112
RG-SCSO,WDBC,4,499,15000,0.026943021269989112
RG-SCSO,WDBC,3,0,68,0.03494519484552093
RG-SCSO,WDBC,3,1,106,0.03494519484552093
RG-SCSO,WDBC,3,2,144,0.023105263157894795
RG-SCSO,WDBC,3,3,182,0.023105263157894795
RG-SCSO,WDBC,3,4,220,0.023105263157894795
RG-SCSO,WDBC,3,5,258,0.023105263157894795
RG-SCSO,WDBC,3,6,296,0.023105263157894795
RG-SCSO,WDBC,3,7,334,0.023105263157894795
RG-SCSO,WDBC,3,8,372,0.023105263157894795
RG-SCSO,WDBC,3,9,410,0.023105263157894795
RG-SCSO,WDBC,3,10,448,0.023105263157894795
RG-SCSO,WDBC,3,11,486,0.023105263157894795
RG-SCSO,WDBC,3,12,524,0.023105263157894795
RG-SCSO,WDBC,3,13,562,0.023105263157894795
RG-SCSO,WDBC,3,14,600,0.023105263157894795
RG-SCSO,WDBC,3,15,638,0.023105263157894795
RG-SCSO,WDBC,3,16,676,0.023105263157894795
RG-SCSO,WDBC,3,17,714,0.023105263157894795
RG-SCSO,WDBC,3,18,752,0.023105263157894795
RG-SCSO,WDBC,3,19,790,0.023105263157894795
RG-SCSO,WDBC,3,20,828,0.023105263157894795
RG-SCSO,WDBC,3,21,866,0.023105263157894795
RG-SCSO,WDBC,3,22,904,0.023105263157894795
RG-SCSO,WDBC,3,23,942,0.023105263157894795
RG-SCSO,WDBC,3,24,980,0.023105263157894795
RG-SCSO,WDBC,3,25,1018,0.023105263157894795
RG-SCSO,WDBC,3,26,1056,0.023105263157894795
RG-SCSO,WDBC,3,27,1094,0.023105263157894795
RG-SCSO,WDBC,3,28,1132,0.023105263157894795
RG-SCSO,WDBC,3,29,1170,0.023105263157894795
RG-SCSO,WDBC,3,30,1208,0.023105263157894795
RG-SCSO,WDBC,3,31,1246,0.023105263157894795
RG-SCSO,WDBC,3,32,1284,0.023105263157894795
RG-SCSO,WDBC,3,33,1322,0.023105263157894795
RG-SCSO,WDBC,3,34,1360,0.023105263157894795
RG-SCSO,WDBC,3,35,1398,0.023105263157894795
RG-SCSO,WDBC,3,36,1436,0.023105263157894795
RG-SCSO,WDBC,3,37,1474,0.023105263157894795
RG-SCSO,WDBC,3,38,1512,0.023105263157894795
RG-SCSO,WDBC,3,39,1550,0.023105263157894795
RG-SCSO,WDBC,3,40,1588,0.023105263157894795
RG-SCSO,WDBC,3,41,1626,0.023105263157894795
RG-SCSO,WDBC,3,42,1664,0.023105263157894795
RG-SCSO,WDBC,3,43,1702,0.023105263157894795
RG-SCSO,WDBC,3,44,1740,0.023105263157894795
RG-SCSO,WDBC,3,45,1778,0.023105263157894795
RG-SCSO,WDBC,3,46,1816,0.023105263157894795
RG-SCSO,WDBC,3,47,1854,0.023105263157894795
RG-SCSO,WDBC,3,48,1892,0.023105263157894795
RG-SCSO,WDBC,3,49,1930,0.023105263157894795
RG-SCSO,WDBC,3,50,1968,0.023105263157894795
RG-SCSO,WDBC,3,51,2006,0.023105263157894795
RG-SCSO,WDBC,3,52,2044,0.023105263157894795
RG-SCSO,WDBC,3,53,2082,0.023105263157894795
RG-SCSO,WDBC,3,54,2120,0.023105263157894795
RG-SCSO,WDBC,3,55,2158,0.023105263157894795
RG-SCSO,WDBC,3,56,2196,0.023105263157894795
RG-SCSO,WDBC,3,57,2234,0.023105263157894795
RG-SCSO,WDBC,3,58,2272,0.023105263157894795
RG-SCSO,WDBC,3,59,2310,0.023105263157894795
RG-SCSO,WDBC,3,60,2348,0.023105263157894795
RG-SCSO,WDBC,3,61,2386,0.023105263157894795
RG-SCSO,WDBC,3,62,2424,0.023105263157894795
RG-SCSO,WDBC,3,63,2462,0.023105263157894795
RG-SCSO,WDBC,3,64,2500,0.023105263157894795
RG-SCSO,WDBC,3,65,2538,0.023105263157894795
RG-SCSO,WDBC,3,66,2576,0.023105263157894795
RG-SCSO,WDBC,3,67,2614,0.023105263157894795
RG-SCSO,WDBC,3,68,2652,0.023105263157894795
RG-SCSO,WDBC,3,69,2690,0.023105263157894795
RG-SCSO,WDBC,3,70,2728,0.023105263157894795
RG-SCSO,WDBC,3,71,2766,0.023105263157894795
RG-SCSO,WDBC,3,72,2804,0.023105263157894795
RG-SCSO,WDBC,3,73,2842,0.023105263157894795
RG-SCSO,WDBC,3,74,2880,0.023105263157894795
RG-SCSO,WDBC,3,75,2918,0.023105263157894795
RG-SCSO,WDBC,3,76,2956,0.023105263157894795
RG-SCSO,WDBC,3,77,2994,0.023105263157894795
RG-SCSO,WDBC,3,78,3032,0.023105263157894795
RG-SCSO,WDBC,3,79,3070,0.023105263157894795
RG-SCSO,WDBC,3,80,3108,0.023105263157894795
RG-SCSO,WDBC,3,81,3146,0.023105263157894795
RG-SCSO,WDBC,3,82,3184,0.023105263157894795
RG-SCSO,WDBC,3,83,3222,0.023105263157894795
RG-SCSO,WDBC,3,84,3260,0.023105263157894795
RG-SCSO,WDBC,3,85,3298,0.023105263157894795
RG-SCSO,WDBC,3,86,3336,0.023105263157894795
RG-SCSO,WDBC,3,87,3374,0.023105263157894795
RG-SCSO,WDBC,3,88,3412,0.023105263157894795
RG-SCSO,WDBC,3,89,3450,0.023105263157894795
RG-SCSO,WDBC,3,90,3488,0.023105263157894795
RG-SCSO,WDBC,3,91,3526,0.023105263157894795
RG-SCSO,WDBC,3,92,3564,0.023105263157894795
RG-SCSO,WDBC,3,93,3602,0.023105263157894795
RG-SCSO,WDBC,3,94,3640,0.023105263157894795
RG-SCSO,WDBC,3,95,3678,0.023105263157894795
RG-SCSO,WDBC,3,96,3716,0.023105263157894795
RG-SCSO,WDBC,3,97,3754,0.023105263157894795
RG-SCSO,WDBC,3,98,3792,0.023105263157894795
RG-SCSO,WDBC,3,99,3830,0.023105263157894795
RG-SCSO,WDBC,3,100,3868,0.023105263157894795
RG-SCSO,WDBC,3,101,3906,0.023105263157894795
RG-SCSO,WDBC,3,102,3944,0.023105263157894795
RG-SCSO,WDBC,3,103,3982,0.023105263157894795
RG-SCSO,WDBC,3,104,4020,0.023105263157894795
RG-SCSO,WDBC,3,105,4058,0.023105263157894795
RG-SCSO,WDBC,3,106,4096,0.023105263157894795
RG-SCSO,WDBC,3,107,4134,0.023105263157894795
RG-SCSO,WDBC,3,108,4172,0.023105263157894795
RG-SCSO,WDBC,3,109,4210,0.023105263157894795
RG-SCSO,WDBC,3,110,4248,0.023105263157894795
RG-SCSO,WDBC,3,111,4286,0.023105263157894795
RG-SCSO,WDBC,3,112,4324,0.021368421052631523
RG-SCSO,WDBC,3,113,4362,0.021368421052631523
RG-SCSO,WDBC,3,114,4400,0.021368421052631523
RG-SCSO,WDBC,3,115,4438,0.021368421052631523
RG-SCSO,WDBC,3,116,4476,0.021368421052631523
RG-SCSO,WDBC,3,117,4514,0.021368421052631523
RG-SCSO,WDBC,3,118,4552,0.021368421052631523
RG-SCSO,WDBC,3,119,4590,0.021368421052631523
RG-SCSO,WDBC,3,120,4628,0.021368421052631523
RG-SCSO,WDBC,3,121,4666,0.021368421052631523
RG-SCSO,WDBC,3,122,4704,0.021368421052631523
RG-SCSO,WDBC,3,123,4742,0.021368421052631523
RG-SCSO,WDBC,3,124,4780,0.021368421052631523
RG-SCSO,WDBC,3,125,4818,0.021368421052631523
RG-SCSO,WDBC,3,126,4856,0.021368421052631523
RG-SCSO,WDBC,3,127,4894,0.021368421052631523
RG-SCSO,WDBC,3,128,4932,0.021368421052631523
RG-SCSO,WDBC,3,129,4970,0.021368421052631523
RG-SCSO,WDBC,3,130,5008,0.021368421052631523
RG-SCSO,WDBC,3,131,5046,0.021368421052631523
RG-SCSO,WDBC,3,132,5084,0.021368421052631523
RG-SCSO,WDBC,3,133,5122,0.021368421052631523
RG-SCSO,WDBC,3,134,5160,0.021368421052631523
RG-SCSO,WDBC,3,135,5198,0.021368421052631523
RG-SCSO,WDBC,3,136,5236,0.021368421052631523
RG-SCSO,WDBC,3,137,5274,0.021368421052631523
RG-SCSO,WDBC,3,138,5312,0.021368421052631523
RG-SCSO,WDBC,3,139,5350,0.021368421052631523
RG-SCSO,WDBC,3,140,5388,0.021368421052631523
RG-SCSO,WDBC,3,141,5426,0.021368421052631523
RG-SCSO,WDBC,3,142,5464,0.021368421052631523
RG-SCSO,WDBC,3,143,5502,0.021368421052631523
RG-SCSO,WDBC,3,144,5540,0.021368421052631523
RG-SCSO,WDBC,3,145,5578,0.021368421052631523
RG-SCSO,WDBC,3,146,5616,0.021368421052631523
RG-SCSO,WDBC,3,147,5654,0.021368421052631523
RG-SCSO,WDBC,3,148,5692,0.021368421052631523
RG-SCSO,WDBC,3,149,5730,0.021368421052631523
RG-SCSO,WDBC,3,150,5768,0.021368421052631523
RG-SCSO,WDBC,3,151,5806,0.021368421052631523
RG-SCSO,WDBC,3,152,5844,0.021368421052631523
RG-SCSO,WDBC,3,153,5882,0.021368421052631523
RG-SCSO,WDBC,3,154,5920,0.021368421052631523
RG-SCSO,WDBC,3,155,5958,0.021368421052631523
RG-SCSO,WDBC,3,156,5996,0.021368421052631523
RG-SCSO,WDBC,3,157,6034,0.021368421052631523
RG-SCSO,WDBC,3,158,6072,0.021368421052631523
RG-SCSO,WDBC,3,159,6110,0.021368421052631523
RG-SCSO,WDBC,3,160,6148,0.021368421052631523
RG-SCSO,WDBC,3,161,6186,0.021368421052631523
RG-SCSO,WDBC,3,162,6224,0.021368421052631523
RG-SCSO,WDBC,3,163,6262,0.021368421052631523
RG-SCSO,WDBC,3,164,6300,0.021368421052631523
RG-SCSO,WDBC,3,165,6338,0.021368421052631523
RG-SCSO,WDBC,3,166,6376,0.021368421052631523
RG-SCSO,WDBC,3,167,6414,0.021368421052631523
RG-SCSO,WDBC,3,168,6452,0.021368421052631523
RG-SCSO,WDBC,3,169,6490,0.021368421052631523
RG-SCSO,WDBC,3,170,6528,0.021368421052631523
RG-SCSO,WDBC,3,171,6566,0.021368421052631523
RG-SCSO,WDBC,3,172,6604,0.021368421052631523
RG-SCSO,WDBC,3,173,6642,0.021368421052631523
RG-SCSO,WDBC,3,174,6680,0.021368421052631523
RG-SCSO,WDBC,3,175,6718,0.021368421052631523
RG-SCSO,WDBC,3,176,6756,0.021368421052631523
RG-SCSO,WDBC,3,177,6794,0.021368421052631523
RG-SCSO,WDBC,3,178,6832,0.021368421052631523
RG-SCSO,WDBC,3,179,6870,0.021368421052631523
RG-SCSO,WDBC,3,180,6908,0.021368421052631523
RG-SCSO,WDBC,3,181,6946,0.021368421052631523
RG-SCSO,WDBC,3,182,6984,0.021368421052631523
RG-SCSO,WDBC,3,183,7022,0.021368421052631523
RG-SCSO,WDBC,3,184,7060,0.021368421052631523
RG-SCSO,WDBC,3,185,7098,0.021368421052631523
RG-SCSO,WDBC,3,186,7136,0.021368421052631523
RG-SCSO,WDBC,3,187,7174,0.021368421052631523
RG-SCSO,WDBC,3,188,7212,0.021368421052631523
RG-SCSO,WDBC,3,189,7250,0.021368421052631523
RG-SCSO,WDBC,3,190,7288,0.021368421052631523
RG-SCSO,WDBC,3,191,7326,0.021368421052631523
RG-SCSO,WDBC,3,192,7364,0.021368421052631523
RG-SCSO,WDBC,3,193,7402,0.021368421052631523
RG-SCSO,WDBC,3,194,7440,0.021368421052631523
RG-SCSO,WDBC,3,195,7478,0.021368421052631523
RG-SCSO,WDBC,3,196,7516,0.021368421052631523
RG-SCSO,WDBC,3,197,7554,0.021368421052631523
RG-SCSO,WDBC,3,198,7592,0.021368421052631523
RG-SCSO,WDBC,3,199,7630,0.021368421052631523
RG-SCSO,WDBC,3,200,7668,0.021368421052631523
RG-SCSO,WDBC,3,201,7706,0.021368421052631523
RG-SCSO,WDBC,3,202,7744,0.021368421052631523
RG-SCSO,WDBC,3,203,7782,0.021368421052631523
RG-SCSO,WDBC,3,204,7820,0.021368421052631523
RG-SCSO,WDBC,3,205,7858,0.021368421052631523
RG-SCSO,WDBC,3,206,7896,0.021368421052631523
RG-SCSO,WDBC,3,207,7934,0.021368421052631523
RG-SCSO,WDBC,3,208,7972,0.021368421052631523
RG-SCSO,WDBC,3,209,8010,0.021368421052631523
RG-SCSO,WDBC,3,210,8048,0.021368421052631523
RG-SCSO,WDBC,3,211,8086,0.021368421052631523
RG-SCSO,WDBC,3,212,8124,0.021368421052631523
RG-SCSO,WDBC,3,213,8162,0.021368421052631523
RG-SCSO,WDBC,3,214,8200,0.021368421052631523
RG-SCSO,WDBC,3,215,8238,0.021368421052631523
RG-SCSO,WDBC,3,216,8276,0.021368421052631523
RG-SCSO,WDBC,3,217,8314,0.021368421052631523
RG-SCSO,WDBC,3,218,8352,0.021368421052631523
RG-SCSO,WDBC,3,219,8390,0.021368421052631523
RG-SCSO,WDBC,3,220,8428,0.021368421052631523
RG-SCSO,WDBC,3,221,8466,0.021368421052631523
RG-SCSO,WDBC,3,222,8504,0.021368421052631523
RG-SCSO,WDBC,3,223,8542,0.021368421052631523
RG-SCSO,WDBC,3,224,8580,0.021368421052631523
RG-SCSO,WDBC,3,225,8618,0.021368421052631523
RG-SCSO,WDBC,3,226,8656,0.021368421052631523
RG-SCSO,WDBC,3,227,8694,0.021368421052631523
RG-SCSO,WDBC,3,228,8732,0.021368421052631523
RG-SCSO,WDBC,3,229,8770,0.021368421052631523
RG-SCSO,WDBC,3,230,8808,0.021368421052631523
RG-SCSO,WDBC,3,231,8846,0.021368421052631523
RG-SCSO,WDBC,3,232,8884,0.021368421052631523
RG-SCSO,WDBC,3,233,8922,0.021368421052631523
RG-SCSO,WDBC,3,234,8960,0.021368421052631523
RG-SCSO,WDBC,3,235,8998,0.021368421052631523
RG-SCSO,WDBC,3,236,9036,0.021368421052631523
RG-SCSO,WDBC,3,237,9074,0.021368421052631523
RG-SCSO,WDBC,3,238,9112,0.021368421052631523
RG-SCSO,WDBC,3,239,9150,0.021368421052631523
RG-SCSO,WDBC,3,240,9188,0.021368421052631523
RG-SCSO,WDBC,3,241,9226,0.021368421052631523
RG-SCSO,WDBC,3,242,9264,0.021368421052631523
RG-SCSO,WDBC,3,243,9302,0.021368421052631523
RG-SCSO,WDBC,3,244,9340,0.021368421052631523
RG-SCSO,WDBC,3,245,9378,0.021368421052631523
RG-SCSO,WDBC,3,246,9416,0.021368421052631523
RG-SCSO,WDBC,3,247,9454,0.021368421052631523
RG-SCSO,WDBC,3,248,9492,0.021368421052631523
RG-SCSO,WDBC,3,249,9530,0.021368421052631523
RG-SCSO,WDBC,3,250,9568,0.021368421052631523
RG-SCSO,WDBC,3,251,9606,0.021368421052631523
RG-SCSO,WDBC,3,252,9644,0.021368421052631523
RG-SCSO,WDBC,3,253,9682,0.021368421052631523
RG-SCSO,WDBC,3,254,9720,0.021368421052631523
RG-SCSO,WDBC,3,255,9758,0.021368421052631523
RG-SCSO,WDBC,3,256,9796,0.021368421052631523
RG-SCSO,WDBC,3,257,9834,0.021368421052631523
RG-SCSO,WDBC,3,258,9872,0.021368421052631523
RG-SCSO,WDBC,3,259,9910,0.021368421052631523
RG-SCSO,WDBC,3,260,9948,0.021368421052631523
RG-SCSO,WDBC,3,261,9986,0.021368421052631523
RG-SCSO,WDBC,3,262,10024,0.021368421052631523
RG-SCSO,WDBC,3,263,10062,0.021368421052631523
RG-SCSO,WDBC,3,264,10100,0.021368421052631523
RG-SCSO,WDBC,3,265,10138,0.021368421052631523
RG-SCSO,WDBC,3,266,10176,0.021368421052631523
RG-SCSO,WDBC,3,267,10214,0.021368421052631523
RG-SCSO,WDBC,3,268,10252,0.021368421052631523
RG-SCSO,WDBC,3,269,10290,0.021368421052631523
RG-SCSO,WDBC,3,270,10328,0.021368421052631523
RG-SCSO,WDBC,3,271,10366,0.021368421052631523
RG-SCSO,WDBC,3,272,10404,0.021368421052631523
RG-SCSO,WDBC,3,273,10442,0.021368421052631523
RG-SCSO,WDBC,3,274,10480,0.021368421052631523
RG-SCSO,WDBC,3,275,10518,0.021368421052631523
RG-SCSO,WDBC,3,276,10556,0.021368421052631523
RG-SCSO,WDBC,3,277,10594,0.021368421052631523
RG-SCSO,WDBC,3,278,10632,0.021368421052631523
RG-SCSO,WDBC,3,279,10670,0.021368421052631523
RG-SCSO,WDBC,3,280,10708,0.021368421052631523
RG-SCSO,WDBC,3,281,10746,0.021368421052631523
RG-SCSO,WDBC,3,282,10784,0.021368421052631523
RG-SCSO,WDBC,3,283,10822,0.021368421052631523
RG-SCSO,WDBC,3,284,10860,0.021368421052631523
RG-SCSO,WDBC,3,285,10898,0.021368421052631523
RG-SCSO,WDBC,3,286,10936,0.021368421052631523
RG-SCSO,WDBC,3,287,10974,0.021368421052631523
RG-SCSO,WDBC,3,288,11012,0.021368421052631523
RG-SCSO,WDBC,3,289,11050,0.021368421052631523
RG-SCSO,WDBC,3,290,11088,0.021368421052631523
RG-SCSO,WDBC,3,291,11126,0.021368421052631523
RG-SCSO,WDBC,3,292,11164,0.021368421052631523
RG-SCSO,WDBC,3,293,11202,0.021368421052631523
RG-SCSO,WDBC,3,294,11240,0.021368421052631523
RG-SCSO,WDBC,3,295,11278,0.021368421052631523
RG-SCSO,WDBC,3,296,11316,0.021368421052631523
RG-SCSO,WDBC,3,297,11354,0.021368421052631523
RG-SCSO,WDBC,3,298,11392,0.021368421052631523
RG-SCSO,WDBC,3,299,11430,0.021368421052631523
RG-SCSO,WDBC,3,300,11468,0.021368421052631523
RG-SCSO,WDBC,3,301,11506,0.021368421052631523
RG-SCSO,WDBC,3,302,11544,0.021368421052631523
RG-SCSO,WDBC,3,303,11582,0.021368421052631523
RG-SCSO,WDBC,3,304,11620,0.021368421052631523
RG-SCSO,WDBC,3,305,11658,0.021368421052631523
RG-SCSO,WDBC,3,306,11696,0.021368421052631523
RG-SCSO,WDBC,3,307,11734,0.021368421052631523
RG-SCSO,WDBC,3,308,11772,0.021368421052631523
RG-SCSO,WDBC,3,309,11810,0.021368421052631523
RG-SCSO,WDBC,3,310,11848,0.021368421052631523
RG-SCSO,WDBC,3,311,11886,0.021368421052631523
RG-SCSO,WDBC,3,312,11924,0.021368421052631523
RG-SCSO,WDBC,3,313,11962,0.021368421052631523
RG-SCSO,WDBC,3,314,12000,0.021368421052631523
RG-SCSO,WDBC,3,315,12038,0.021368421052631523
RG-SCSO,WDBC,3,316,12076,0.021368421052631523
RG-SCSO,WDBC,3,317,12114,0.021368421052631523
RG-SCSO,WDBC,3,318,12152,0.021368421052631523
RG-SCSO,WDBC,3,319,12190,0.021368421052631523
RG-SCSO,WDBC,3,320,12228,0.021368421052631523
RG-SCSO,WDBC,3,321,12266,0.021368421052631523
RG-SCSO,WDBC,3,322,12304,0.021368421052631523
RG-SCSO,WDBC,3,323,12342,0.021368421052631523
RG-SCSO,WDBC,3,324,12380,0.021368421052631523
RG-SCSO,WDBC,3,325,12418,0.021368421052631523
RG-SCSO,WDBC,3,326,12456,0.021368421052631523
RG-SCSO,WDBC,3,327,12494,0.021368421052631523
RG-SCSO,WDBC,3,328,12532,0.021368421052631523
RG-SCSO,WDBC,3,329,12570,0.021368421052631523
RG-SCSO,WDBC,3,330,12608,0.021368421052631523
RG-SCSO,WDBC,3,331,12646,0.021368421052631523
RG-SCSO,WDBC,3,332,12684,0.021368421052631523
RG-SCSO,WDBC,3,333,12722,0.021368421052631523
RG-SCSO,WDBC,3,334,12760,0.021368421052631523
RG-SCSO,WDBC,3,335,12798,0.021368421052631523
RG-SCSO,WDBC,3,336,12836,0.021368421052631523
RG-SCSO,WDBC,3,337,12874,0.021368421052631523
RG-SCSO,WDBC,3,338,12912,0.021368421052631523
RG-SCSO,WDBC,3,339,12950,0.021368421052631523
RG-SCSO,WDBC,3,340,12988,0.021368421052631523
RG-SCSO,WDBC,3,341,13026,0.021368421052631523
RG-SCSO,WDBC,3,342,13064,0.021368421052631523
RG-SCSO,WDBC,3,343,13102,0.021368421052631523
RG-SCSO,WDBC,3,344,13140,0.021368421052631523
RG-SCSO,WDBC,3,345,13178,0.021368421052631523
RG-SCSO,WDBC,3,346,13216,0.021368421052631523
RG-SCSO,WDBC,3,347,13254,0.021368421052631523
RG-SCSO,WDBC,3,348,13292,0.021368421052631523
RG-SCSO,WDBC,3,349,13330,0.021368421052631523
RG-SCSO,WDBC,3,350,13368,0.021368421052631523
RG-SCSO,WDBC,3,351,13406,0.021368421052631523
RG-SCSO,WDBC,3,352,13444,0.021368421052631523
RG-SCSO,WDBC,3,353,13482,0.021368421052631523
RG-SCSO,WDBC,3,354,13520,0.021368421052631523
RG-SCSO,WDBC,3,355,13558,0.021368421052631523
RG-SCSO,WDBC,3,356,13596,0.021368421052631523
RG-SCSO,WDBC,3,357,13634,0.021368421052631523
RG-SCSO,WDBC,3,358,13672,0.021368421052631523
RG-SCSO,WDBC,3,359,13710,0.021368421052631523
RG-SCSO,WDBC,3,360,13748,0.021368421052631523
RG-SCSO,WDBC,3,361,13786,0.021368421052631523
RG-SCSO,WDBC,3,362,13824,0.021368421052631523
RG-SCSO,WDBC,3,363,13862,0.021368421052631523
RG-SCSO,WDBC,3,364,13900,0.021368421052631523
RG-SCSO,WDBC,3,365,13938,0.021368421052631523
RG-SCSO,WDBC,3,366,13976,0.021368421052631523
RG-SCSO,WDBC,3,367,14014,0.021368421052631523
RG-SCSO,WDBC,3,368,14052,0.021368421052631523
RG-SCSO,WDBC,3,369,14090,0.021368421052631523
RG-SCSO,WDBC,3,370,14128,0.021368421052631523
RG-SCSO,WDBC,3,371,14166,0.021368421052631523
RG-SCSO,WDBC,3,372,14204,0.021368421052631523
RG-SCSO,WDBC,3,373,14242,0.021368421052631523
RG-SCSO,WDBC,3,374,14280,0.021368421052631523
RG-SCSO,WDBC,3,375,14318,0.021368421052631523
RG-SCSO,WDBC,3,376,14356,0.021368421052631523
RG-SCSO,WDBC,3,377,14394,0.021368421052631523
RG-SCSO,WDBC,3,378,14432,0.021368421052631523
RG-SCSO,WDBC,3,379,14470,0.021368421052631523
RG-SCSO,WDBC,3,380,14508,0.021368421052631523
RG-SCSO,WDBC,3,381,14546,0.021368421052631523
RG-SCSO,WDBC,3,382,14584,0.021368421052631523
RG-SCSO,WDBC,3,383,14622,0.021368421052631523
RG-SCSO,WDBC,3,384,14660,0.021368421052631523
RG-SCSO,WDBC,3,385,14698,0.021368421052631523
RG-SCSO,WDBC,3,386,14736,0.021368421052631523
RG-SCSO,WDBC,3,387,14774,0.021368421052631523
RG-SCSO,WDBC,3,388,14812,0.021368421052631523
RG-SCSO,WDBC,3,389,14850,0.021368421052631523
RG-SCSO,WDBC,3,390,14888,0.021368421052631523
RG-SCSO,WDBC,3,391,14926,0.021368421052631523
RG-SCSO,WDBC,3,392,14964,0.021368421052631523
RG-SCSO,WDBC,3,393,15000,0.021368421052631523
RG-SCSO,WDBC,3,394,15000,0.021368421052631523
RG-SCSO,WDBC,3,395,15000,0.021368421052631523
RG-SCSO,WDBC,3,396,15000,0.021368421052631523
RG-SCSO,WDBC,3,397,15000,0.021368421052631523
RG-SCSO,WDBC,3,398,15000,0.021368421052631523
RG-SCSO,WDBC,3,399,15000,0.021368421052631523
RG-SCSO,WDBC,3,400,15000,0.021368421052631523
RG-SCSO,WDBC,3,401,15000,0.021368421052631523
RG-SCSO,WDBC,3,402,15000,0.021368421052631523
RG-SCSO,WDBC,3,403,15000,0.021368421052631523
RG-SCSO,WDBC,3,404,15000,0.021368421052631523
RG-SCSO,WDBC,3,405,15000,0.021368421052631523
RG-SCSO,WDBC,3,406,15000,0.021368421052631523
RG-SCSO,WDBC,3,407,15000,0.021368421052631523
RG-SCSO,WDBC,3,408,15000,0.021368421052631523
RG-SCSO,WDBC,3,409,15000,0.021368421052631523
RG-SCSO,WDBC,3,410,15000,0.021368421052631523
RG-SCSO,WDBC,3,411,15000,0.021368421052631523
RG-SCSO,WDBC,3,412,15000,0.021368421052631523
RG-SCSO,WDBC,3,413,15000,0.021368421052631523
RG-SCSO,WDBC,3,414,15000,0.021368421052631523
RG-SCSO,WDBC,3,415,15000,0.021368421052631523
RG-SCSO,WDBC,3,416,15000,0.021368421052631523
RG-SCSO,WDBC,3,417,15000,0.021368421052631523
RG-SCSO,WDBC,3,418,15000,0.021368421052631523
RG-SCSO,WDBC,3,419,15000,0.021368421052631523
RG-SCSO,WDBC,3,420,15000,0.021368421052631523
RG-SCSO,WDBC,3,421,15000,0.021368421052631523
RG-SCSO,WDBC,3,422,15000,0.021368421052631523
RG-SCSO,WDBC,3,423,15000,0.021368421052631523
RG-SCSO,WDBC,3,424,15000,0.021368421052631523
RG-SCSO,WDBC,3,425,15000,0.021368421052631523
RG-SCSO,WDBC,3,426,15000,0.021368421052631523
RG-SCSO,WDBC,3,427,15000,0.021368421052631523
RG-SCSO,WDBC,3,428,15000,0.021368421052631523
RG-SCSO,WDBC,3,429,15000,0.021368421052631523
RG-SCSO,WDBC,3,430,15000,0.021368421052631523
RG-SCSO,WDBC,3,431,15000,0.021368421052631523
RG-SCSO,WDBC,3,432,15000,0.021368421052631523
RG-SCSO,WDBC,3,433,15000,0.021368421052631523
RG-SCSO,WDBC,3,434,15000,0.021368421052631523
RG-SCSO,WDBC,3,435,15000,0.021368421052631523
RG-SCSO,WDBC,3,436,15000,0.021368421052631523
RG-SCSO,WDBC,3,437,15000,0.021368421052631523
RG-SCSO,WDBC,3,438,15000,0.021368421052631523
RG-SCSO,WDBC,3,439,15000,0.021368421052631523
RG-SCSO,WDBC,3,440,15000,0.021368421052631523
RG-SCSO,WDBC,3,441,15000,0.021368421052631523
RG-SCSO,WDBC,3,442,15000,0.021368421052631523
RG-SCSO,WDBC,3,443,15000,0.021368421052631523
RG-SCSO,WDBC,3,444,15000,0.021368421052631523
RG-SCSO,WDBC,3,445,15000,0.021368421052631523
RG-SCSO,WDBC,3,446,15000,0.021368421052631523
RG-SCSO,WDBC,3,447,15000,0.021368421052631523
RG-SCSO,WDBC,3,448,15000,0.021368421052631523
RG-SCSO,WDBC,3,449,15000,0.021368421052631523
RG-SCSO,WDBC,3,450,15000,0.021368421052631523
RG-SCSO,WDBC,3,451,15000,0.021368421052631523
RG-SCSO,WDBC,3,452,15000,0.021368421052631523
RG-SCSO,WDBC,3,453,15000,0.021368421052631523
RG-SCSO,WDBC,3,454,15000,0.021368421052631523
RG-SCSO,WDBC,3,455,15000,0.021368421052631523
RG-SCSO,WDBC,3,456,15000,0.021368421052631523
RG-SCSO,WDBC,3,457,15000,0.021368421052631523
RG-SCSO,WDBC,3,458,15000,0.021368421052631523
RG-SCSO,WDBC,3,459,15000,0.021368421052631523
RG-SCSO,WDBC,3,460,15000,0.021368421052631523
RG-SCSO,WDBC,3,461,15000,0.021368421052631523
RG-SCSO,WDBC,3,462,15000,0.021368421052631523
RG-SCSO,WDBC,3,463,15000,0.021368421052631523
RG-SCSO,WDBC,3,464,15000,0.021368421052631523
RG-SCSO,WDBC,3,465,15000,0.021368421052631523
RG-SCSO,WDBC,3,466,15000,0.021368421052631523
RG-SCSO,WDBC,3,467,15000,0.021368421052631523
RG-SCSO,WDBC,3,468,15000,0.021368421052631523
RG-SCSO,WDBC,3,469,15000,0.021368421052631523
RG-SCSO,WDBC,3,470,15000,0.021368421052631523
RG-SCSO,WDBC,3,471,15000,0.021368421052631523
RG-SCSO,WDBC,3,472,15000,0.021368421052631523
RG-SCSO,WDBC,3,473,15000,0.021368421052631523
RG-SCSO,WDBC,3,474,15000,0.021368421052631523
RG-SCSO,WDBC,3,475,15000,0.021368421052631523
RG-SCSO,WDBC,3,476,15000,0.021368421052631523
RG-SCSO,WDBC,3,477,15000,0.021368421052631523
RG-SCSO,WDBC,3,478,15000,0.021368421052631523
RG-SCSO,WDBC,3,479,15000,0.021368421052631523
RG-SCSO,WDBC,3,480,15000,0.021368421052631523
RG-SCSO,WDBC,3,481,15000,0.021368421052631523
RG-SCSO,WDBC,3,482,15000,0.021368421052631523
RG-SCSO,WDBC,3,483,15000,0.021368421052631523
RG-SCSO,WDBC,3,484,15000,0.021368421052631523
RG-SCSO,WDBC,3,485,15000,0.021368421052631523
RG-SCSO,WDBC,3,486,15000,0.021368421052631523
RG-SCSO,WDBC,3,487,15000,0.021368421052631523
RG-SCSO,WDBC,3,488,15000,0.021368421052631523
RG-SCSO,WDBC,3,489,15000,0.021368421052631523
RG-SCSO,WDBC,3,490,15000,0.021368421052631523
RG-SCSO,WDBC,3,491,15000,0.021368421052631523
RG-SCSO,WDBC,3,492,15000,0.021368421052631523
RG-SCSO,WDBC,3,493,15000,0.021368421052631523
RG-SCSO,WDBC,3,494,15000,0.021368421052631523
RG-SCSO,WDBC,3,495,15000,0.021368421052631523
RG-SCSO,WDBC,3,496,15000,0.021368421052631523
RG-SCSO,WDBC,3,497,15000,0.021368421052631523
RG-SCSO,WDBC,3,498,15000,0.021368421052631523
RG-SCSO,WDBC,3,499,15000,0.021368421052631523
SCSO,Zoo,1,0,30,0.045225000000000036
SCSO,Zoo,1,1,60,0.045225000000000036
SCSO,Zoo,1,2,90,0.045225000000000036
SCSO,Zoo,1,3,120,0.045225000000000036
SCSO,Zoo,1,4,150,0.045225000000000036
SCSO,Zoo,1,5,180,0.045225000000000036
SCSO,Zoo,1,6,210,0.045225000000000036
SCSO,Zoo,1,7,240,0.045225000000000036
SCSO,Zoo,1,8,270,0.045225000000000036
SCSO,Zoo,1,9,300,0.045225000000000036
SCSO,Zoo,1,10,330,0.045225000000000036
SCSO,Zoo,1,11,360,0.045225000000000036
SCSO,Zoo,1,12,390,0.045225000000000036
SCSO,Zoo,1,13,420,0.045225000000000036
SCSO,Zoo,1,14,450,0.045225000000000036
SCSO,Zoo,1,15,480,0.045225000000000036
SCSO,Zoo,1,16,510,0.045225000000000036
SCSO,Zoo,1,17,540,0.045225000000000036
SCSO,Zoo,1,18,570,0.045225000000000036
SCSO,Zoo,1,19,600,0.045225000000000036
SCSO,Zoo,1,20,630,0.045225000000000036
SCSO,Zoo,1,21,660,0.045225000000000036
SCSO,Zoo,1,22,690,0.045225000000000036
SCSO,Zoo,1,23,720,0.045225000000000036
SCSO,Zoo,1,24,750,0.045225000000000036
SCSO,Zoo,1,25,780,0.045225000000000036
SCSO,Zoo,1,26,810,0.045225000000000036
SCSO,Zoo,1,27,840,0.045225000000000036
SCSO,Zoo,1,28,870,0.045225000000000036
SCSO,Zoo,1,29,900,0.045225000000000036
SCSO,Zoo,1,30,930,0.045225000000000036
SCSO,Zoo,1,31,960,0.045225000000000036
SCSO,Zoo,1,32,990,0.045225000000000036
SCSO,Zoo,1,33,1020,0.045225000000000036
SCSO,Zoo,1,34,1050,0.045225000000000036
SCSO,Zoo,1,35,1080,0.045225000000000036
SCSO,Zoo,1,36,1110,0.045225000000000036
SCSO,Zoo,1,37,1140,0.045225000000000036
SCSO,Zoo,1,38,1170,0.045225000000000036
SCSO,Zoo,1,39,1200,0.045225000000000036
SCSO,Zoo,1,40,1230,0.045225000000000036
SCSO,Zoo,1,41,1260,0.045225000000000036
SCSO,Zoo,1,42,1290,0.045225000000000036
SCSO,Zoo,1,43,1320,0.045225000000000036
SCSO,Zoo,1,44,1350,0.045225000000000036
SCSO,Zoo,1,45,1380,0.045225000000000036
SCSO,Zoo,1,46,1410,0.045225000000000036
SCSO,Zoo,1,47,1440,0.045225000000000036
SCSO,Zoo,1,48,1470,0.045225000000000036
SCSO,Zoo,1,49,1500,0.045225000000000036
SCSO,Zoo,1,50,1530,0.045225000000000036
SCSO,Zoo,1,51,1560,0.044600000000000035
SCSO,Zoo,1,52,1590,0.044600000000000035
SCSO,Zoo,1,53,1620,0.03594999999999992
SCSO,Zoo,1,54,1650,0.03594999999999992
SCSO,Zoo,1,55,1680,0.03594999999999992
SCSO,Zoo,1,56,1710,0.03594999999999992
SCSO,Zoo,1,57,1740,0.03594999999999992
SCSO,Zoo,1,58,1770,0.03594999999999992
SCSO,Zoo,1,59,1800,0.03594999999999992
SCSO,Zoo,1,60,1830,0.03594999999999992
SCSO,Zoo,1,61,1860,0.03594999999999992
SCSO,Zoo,1,62,1890,0.03594999999999992
SCSO,Zoo,1,63,1920,0.03594999999999992
SCSO,Zoo,1,64,1950,0.03594999999999992
SCSO,Zoo,1,65,1980,0.03532500000000002
SCSO,Zoo,1,66,2010,0.03532500000000002
SCSO,Zoo,1,67,2040,0.03532500000000002
SCSO,Zoo,1,68,2070,0.03532500000000002
SCSO,Zoo,1,69,2100,0.03532500000000002
SCSO,Zoo,1,70,2130,0.03532500000000002
SCSO,Zoo,1,71,2160,0.03532500000000002
SCSO,Zoo,1,72,2190,0.03532500000000002
SCSO,Zoo,1,73,2220,0.03532500000000002
SCSO,Zoo,1,74,2250,0.03532500000000002
SCSO,Zoo,1,75,2280,0.03532500000000002
SCSO,Zoo,1,76,2310,0.03532500000000002
SCSO,Zoo,1,77,2340,0.03532500000000002
SCSO,Zoo,1,78,2370,0.03532500000000002
SCSO,Zoo,1,79,2400,0.03532500000000002
SCSO,Zoo,1,80,2430,0.03532500000000002
SCSO,Zoo,1,81,2460,0.03532500000000002
SCSO,Zoo,1,82,2490,0.03532500000000002
SCSO,Zoo,1,83,2520,0.03532500000000002
SCSO,Zoo,1,84,2550,0.03532500000000002
SCSO,Zoo,1,85,2580,0.03532500000000002
SCSO,Zoo,1,86,2610,0.03532500000000002
SCSO,Zoo,1,87,2640,0.025424999999999906
SCSO,Zoo,1,88,2670,0.025424999999999906
SCSO,Zoo,1,89,2700,0.025424999999999906
SCSO,Zoo,1,90,2730,0.025424999999999906
SCSO,Zoo,1,91,2760,0.025424999999999906
SCSO,Zoo,1,92,2790,0.025424999999999906
SCSO,Zoo,1,93,2820,0.025424999999999906
SCSO,Zoo,1,94,2850,0.025424999999999906
SCSO,Zoo,1,95,2880,0.025424999999999906
SCSO,Zoo,1,96,2910,0.025424999999999906
SCSO,Zoo,1,97,2940,0.025424999999999906
SCSO,Zoo,1,98,2970,0.025424999999999906
SCSO,Zoo,1,99,3000,0.025424999999999906
SCSO,Zoo,1,100,3030,0.025424999999999906
SCSO,Zoo,1,101,3060,0.025424999999999906
SCSO,Zoo,1,102,3090,0.025424999999999906
SCSO,Zoo,1,103,3120,0.025424999999999906
SCSO,Zoo,1,104,3150,0.025424999999999906
SCSO,Zoo,1,105,3180,0.025424999999999906
SCSO,Zoo,1,106,3210,0.025424999999999906
SCSO,Zoo,1,107,3240,0.025424999999999906
SCSO,Zoo,1,108,3270,0.025424999999999906
SCSO,Zoo,1,109,3300,0.025424999999999906
SCSO,Zoo,1,110,3330,0.025424999999999906
SCSO,Zoo,1,111,3360,0.025424999999999906
SCSO,Zoo,1,112,3390,0.025424999999999906
SCSO,Zoo,1,113,3420,0.025424999999999906
SCSO,Zoo,1,114,3450,0.025424999999999906
SCSO,Zoo,1,115,3480,0.025424999999999906
SCSO,Zoo,1,116,3510,0.025424999999999906
SCSO,Zoo,1,117,3540,0.025424999999999906
SCSO,Zoo,1,118,3570,0.025424999999999906
SCSO,Zoo,1,119,3600,0.025424999999999906
SCSO,Zoo,1,120,3630,0.025424999999999906
SCSO,Zoo,1,121,3660,0.025424999999999906
SCSO,Zoo,1,122,3690,0.025424999999999906
SCSO,Zoo,1,123,3720,0.025424999999999906
SCSO,Zoo,1,124,3750,0.025424999999999906
SCSO,Zoo,1,125,3780,0.025424999999999906
SCSO,Zoo,1,126,3810,0.025424999999999906
SCSO,Zoo,1,127,3840,0.025424999999999906
SCSO,Zoo,1,128,3870,0.025424999999999906
SCSO,Zoo,1,129,3900,0.025424999999999906
SCSO,Zoo,1,130,3930,0.025424999999999906
SCSO,Zoo,1,131,3960,0.025424999999999906
SCSO,Zoo,1,132,3990,0.025424999999999906
SCSO,Zoo,1,133,4020,0.025424999999999906
SCSO,Zoo,1,134,4050,0.025424999999999906
SCSO,Zoo,1,135,4080,0.025424999999999906
SCSO,Zoo,1,136,4110,0.025424999999999906
SCSO,Zoo,1,137,4140,0.025424999999999906
SCSO,Zoo,1,138,4170,0.025424999999999906
SCSO,Zoo,1,139,4200,0.025424999999999906
SCSO,Zoo,1,140,4230,0.025424999999999906
SCSO,Zoo,1,141,4260,0.025424999999999906
SCSO,Zoo,1,142,4290,0.025424999999999906
SCSO,Zoo,1,143,4320,0.025424999999999906
SCSO,Zoo,1,144,4350,0.025424999999999906
SCSO,Zoo,1,145,4380,0.025424999999999906
SCSO,Zoo,1,146,4410,0.025424999999999906
SCSO,Zoo,1,147,4440,0.025424999999999906
SCSO,Zoo,1,148,4470,0.025424999999999906
SCSO,Zoo,1,149,4500,0.025424999999999906
SCSO,Zoo,1,150,4530,0.025424999999999906
SCSO,Zoo,1,151,4560,0.025424999999999906
SCSO,Zoo,1,152,4590,0.025424999999999906
SCSO,Zoo,1,153,4620,0.025424999999999906
SCSO,Zoo,1,154,4650,0.025424999999999906
SCSO,Zoo,1,155,4680,0.025424999999999906
SCSO,Zoo,1,156,4710,0.025424999999999906
SCSO,Zoo,1,157,4740,0.025424999999999906
SCSO,Zoo,1,158,4770,0.025424999999999906
SCSO,Zoo,1,159,4800,0.025424999999999906
SCSO,Zoo,1,160,4830,0.025424999999999906
SCSO,Zoo,1,161,4860,0.025424999999999906
SCSO,Zoo,1,162,4890,0.025424999999999906
SCSO,Zoo,1,163,4920,0.025424999999999906
SCSO,Zoo,1,164,4950,0.025424999999999906
SCSO,Zoo,1,165,4980,0.025424999999999906
SCSO,Zoo,1,166,5010,0.025424999999999906
SCSO,Zoo,1,167,5040,0.025424999999999906
SCSO,Zoo,1,168,5070,0.025424999999999906
SCSO,Zoo,1,169,5100,0.025424999999999906
SCSO,Zoo,1,170,5130,0.025424999999999906
SCSO,Zoo,1,171,5160,0.025424999999999906
SCSO,Zoo,1,172,5190,0.025424999999999906
SCSO,Zoo,1,173,5220,0.025424999999999906
SCSO,Zoo,1,174,5250,0.025424999999999906
SCSO,Zoo,1,175,5280,0.025424999999999906
SCSO,Zoo,1,176,5310,0.025424999999999906
SCSO,Zoo,1,177,5340,0.025424999999999906
SCSO,Zoo,1,178,5370,0.025424999999999906
SCSO,Zoo,1,179,5400,0.025424999999999906
SCSO,Zoo,1,180,5430,0.025424999999999906
SCSO,Zoo,1,181,5460,0.025424999999999906
SCSO,Zoo,1,182,5490,0.025424999999999906
SCSO,Zoo,1,183,5520,0.025424999999999906
SCSO,Zoo,1,184,5550,0.025424999999999906
SCSO,Zoo,1,185,5580,0.025424999999999906
SCSO,Zoo,1,186,5610,0.025424999999999906
SCSO,Zoo,1,187,5640,0.025424999999999906
SCSO,Zoo,1,188,5670,0.025424999999999906
SCSO,Zoo,1,189,5700,0.025424999999999906
SCSO,Zoo,1,190,5730,0.025424999999999906
SCSO,Zoo,1,191,5760,0.025424999999999906
SCSO,Zoo,1,192,5790,0.025424999999999906
SCSO,Zoo,1,193,5820,0.025424999999999906
SCSO,Zoo,1,194,5850,0.025424999999999906
SCSO,Zoo,1,195,5880,0.025424999999999906
SCSO,Zoo,1,196,5910,0.025424999999999906
SCSO,Zoo,1,197,5940,0.025424999999999906
SCSO,Zoo,1,198,5970,0.025424999999999906
SCSO,Zoo,1,199,6000,0.025424999999999906
SCSO,Zoo,1,200,6030,0.025424999999999906
SCSO,Zoo,1,201,6060,0.025424999999999906
SCSO,Zoo,1,202,6090,0.025424999999999906
SCSO,Zoo,1,203,6120,0.025424999999999906
SCSO,Zoo,1,204,6150,0.025424999999999906
SCSO,Zoo,1,205,6180,0.025424999999999906
SCSO,Zoo,1,206,6210,0.025424999999999906
SCSO,Zoo,1,207,6240,0.025424999999999906
SCSO,Zoo,1,208,6270,0.025424999999999906
SCSO,Zoo,1,209,6300,0.025424999999999906
SCSO,Zoo,1,210,6330,0.025424999999999906
SCSO,Zoo,1,211,6360,0.025424999999999906
SCSO,Zoo,1,212,6390,0.025424999999999906
SCSO,Zoo,1,213,6420,0.025424999999999906
SCSO,Zoo,1,214,6450,0.025424999999999906
SCSO,Zoo,1,215,6480,0.025424999999999906
SCSO,Zoo,1,216,6510,0.025424999999999906
SCSO,Zoo,1,217,6540,0.025424999999999906
SCSO,Zoo,1,218,6570,0.025424999999999906
SCSO,Zoo,1,219,6600,0.025424999999999906
SCSO,Zoo,1,220,6630,0.025424999999999906
SCSO,Zoo,1,221,6660,0.025424999999999906
SCSO,Zoo,1,222,6690,0.025424999999999906
SCSO,Zoo,1,223,6720,0.022924999999999907
SCSO,Zoo,1,224,6750,0.022924999999999907
SCSO,Zoo,1,225,6780,0.022924999999999907
SCSO,Zoo,1,226,6810,0.022924999999999907
SCSO,Zoo,1,227,6840,0.022924999999999907
SCSO,Zoo,1,228,6870,0.022924999999999907
SCSO,Zoo,1,229,6900,0.022924999999999907
SCSO,Zoo,1,230,6930,0.022924999999999907
SCSO,Zoo,1,231,6960,0.022924999999999907
SCSO,Zoo,1,232,6990,0.022924999999999907
SCSO,Zoo,1,233,7020,0.022924999999999907
SCSO,Zoo,1,234,7050,0.022924999999999907
SCSO,Zoo,1,235,7080,0.022924999999999907
SCSO,Zoo,1,236,7110,0.022924999999999907
SCSO,Zoo,1,237,7140,0.022924999999999907
SCSO,Zoo,1,238,7170,0.022924999999999907
SCSO,Zoo,1,239,7200,0.022924999999999907
SCSO,Zoo,1,240,7230,0.022924999999999907
SCSO,Zoo,1,241,7260,0.022924999999999907
SCSO,Zoo,1,242,7290,0.022924999999999907
SCSO,Zoo,1,243,7320,0.022924999999999907
SCSO,Zoo,1,244,7350,0.022924999999999907
SCSO,Zoo,1,245,7380,0.022924999999999907
SCSO,Zoo,1,246,7410,0.022924999999999907
SCSO,Zoo,1,247,7440,0.022924999999999907
SCSO,Zoo,1,248,7470,0.022924999999999907
SCSO,Zoo,1,249,7500,0.022924999999999907
SCSO,Zoo,1,250,7530,0.022924999999999907
SCSO,Zoo,1,251,7560,0.022924999999999907
SCSO,Zoo,1,252,7590,0.022924999999999907
SCSO,Zoo,1,253,7620,0.022924999999999907
SCSO,Zoo,1,254,7650,0.022924999999999907
SCSO,Zoo,1,255,7680,0.022924999999999907
SCSO,Zoo,1,256,7710,0.022924999999999907
SCSO,Zoo,1,257,7740,0.022924999999999907
SCSO,Zoo,1,258,7770,0.022924999999999907
SCSO,Zoo,1,259,7800,0.022924999999999907
SCSO,Zoo,1,260,7830,0.022924999999999907
SCSO,Zoo,1,261,7860,0.022924999999999907
SCSO,Zoo,1,262,7890,0.022924999999999907
SCSO,Zoo,1,263,7920,0.022924999999999907
SCSO,Zoo,1,264,7950,0.022924999999999907
SCSO,Zoo,1,265,7980,0.022924999999999907
SCSO,Zoo,1,266,8010,0.022924999999999907
SCSO,Zoo,1,267,8040,0.022924999999999907
SCSO,Zoo,1,268,8070,0.022924999999999907
SCSO,Zoo,1,269,8100,0.022924999999999907
SCSO,Zoo,1,270,8130,0.022924999999999907
SCSO,Zoo,1,271,8160,0.022924999999999907
SCSO,Zoo,1,272,8190,0.022924999999999907
SCSO,Zoo,1,273,8220,0.022924999999999907
SCSO,Zoo,1,274,8250,0.022924999999999907
SCSO,Zoo,1,275,8280,0.022924999999999907
SCSO,Zoo,1,276,8310,0.022924999999999907
SCSO,Zoo,1,277,8340,0.022924999999999907
SCSO,Zoo,1,278,8370,0.022924999999999907
SCSO,Zoo,1,279,8400,0.022924999999999907
SCSO,Zoo,1,280,8430,0.022924999999999907
SCSO,Zoo,1,281,8460,0.022924999999999907
SCSO,Zoo,1,282,8490,0.022924999999999907
SCSO,Zoo,1,283,8520,0.022924999999999907
SCSO,Zoo,1,284,8550,0.022924999999999907
SCSO,Zoo,1,285,8580,0.022924999999999907
SCSO,Zoo,1,286,8610,0.022924999999999907
SCSO,Zoo,1,287,8640,0.022924999999999907
SCSO,Zoo,1,288,8670,0.022924999999999907
SCSO,Zoo,1,289,8700,0.022924999999999907
SCSO,Zoo,1,290,8730,0.022924999999999907
SCSO,Zoo,1,291,8760,0.022924999999999907
SCSO,Zoo,1,292,8790,0.022924999999999907
SCSO,Zoo,1,293,8820,0.022924999999999907
SCSO,Zoo,1,294,8850,0.022924999999999907
SCSO,Zoo,1,295,8880,0.022924999999999907
SCSO,Zoo,1,296,8910,0.022924999999999907
SCSO,Zoo,1,297,8940,0.022924999999999907
SCSO,Zoo,1,298,8970,0.022924999999999907
SCSO,Zoo,1,299,9000,0.022924999999999907
SCSO,Zoo,1,300,9030,0.022924999999999907
SCSO,Zoo,1,301,9060,0.022924999999999907
SCSO,Zoo,1,302,9090,0.022924999999999907
SCSO,Zoo,1,303,9120,0.022924999999999907
SCSO,Zoo,1,304,9150,0.022924999999999907
SCSO,Zoo,1,305,9180,0.022924999999999907
SCSO,Zoo,1,306,9210,0.022924999999999907
SCSO,Zoo,1,307,9240,0.022924999999999907
SCSO,Zoo,1,308,9270,0.022924999999999907
SCSO,Zoo,1,309,9300,0.022924999999999907
SCSO,Zoo,1,310,9330,0.022924999999999907
SCSO,Zoo,1,311,9360,0.022924999999999907
SCSO,Zoo,1,312,9390,0.022924999999999907
SCSO,Zoo,1,313,9420,0.022924999999999907
SCSO,Zoo,1,314,9450,0.022924999999999907
SCSO,Zoo,1,315,9480,0.022924999999999907
SCSO,Zoo,1,316,9510,0.022924999999999907
SCSO,Zoo,1,317,9540,0.022924999999999907
SCSO,Zoo,1,318,9570,0.022924999999999907
SCSO,Zoo,1,319,9600,0.022924999999999907
SCSO,Zoo,1,320,9630,0.022924999999999907
SCSO,Zoo,1,321,9660,0.022924999999999907
SCSO,Zoo,1,322,9690,0.022924999999999907
SCSO,Zoo,1,323,9720,0.022924999999999907
SCSO,Zoo,1,324,9750,0.022924999999999907
SCSO,Zoo,1,325,9780,0.022924999999999907
SCSO,Zoo,1,326,9810,0.022924999999999907
SCSO,Zoo,1,327,9840,0.022924999999999907
SCSO,Zoo,1,328,9870,0.022924999999999907
SCSO,Zoo,1,329,9900,0.022924999999999907
SCSO,Zoo,1,330,9930,0.022924999999999907
SCSO,Zoo,1,331,9960,0.022924999999999907
SCSO,Zoo,1,332,9990,0.022924999999999907
SCSO,Zoo,1,333,10020,0.022924999999999907
SCSO,Zoo,1,334,10050,0.022924999999999907
SCSO,Zoo,1,335,10080,0.022924999999999907
SCSO,Zoo,1,336,10110,0.022924999999999907
SCSO,Zoo,1,337,10140,0.022924999999999907
SCSO,Zoo,1,338,10170,0.022924999999999907
SCSO,Zoo,1,339,10200,0.022924999999999907
SCSO,Zoo,1,340,10230,0.022924999999999907
SCSO,Zoo,1,341,10260,0.022924999999999907
SCSO,Zoo,1,342,10290,0.022924999999999907
SCSO,Zoo,1,343,10320,0.022924999999999907
SCSO,Zoo,1,344,10350,0.022924999999999907
SCSO,Zoo,1,345,10380,0.022924999999999907
SCSO,Zoo,1,346,10410,0.022924999999999907
SCSO,Zoo,1,347,10440,0.022924999999999907
SCSO,Zoo,1,348,10470,0.022924999999999907
SCSO,Zoo,1,349,10500,0.022924999999999907
SCSO,Zoo,1,350,10530,0.022924999999999907
SCSO,Zoo,1,351,10560,0.022924999999999907
SCSO,Zoo,1,352,10590,0.022924999999999907
SCSO,Zoo,1,353,10620,0.022924999999999907
SCSO,Zoo,1,354,10650,0.022924999999999907
SCSO,Zoo,1,355,10680,0.022924999999999907
SCSO,Zoo,1,356,10710,0.022924999999999907
SCSO,Zoo,1,357,10740,0.022924999999999907
SCSO,Zoo,1,358,10770,0.022924999999999907
SCSO,Zoo,1,359,10800,0.022924999999999907
SCSO,Zoo,1,360,10830,0.022924999999999907
SCSO,Zoo,1,361,10860,0.022924999999999907
SCSO,Zoo,1,362,10890,0.022924999999999907
SCSO,Zoo,1,363,10920,0.022924999999999907
SCSO,Zoo,1,364,10950,0.022924999999999907
SCSO,Zoo,1,365,10980,0.022924999999999907
SCSO,Zoo,1,366,11010,0.022924999999999907
SCSO,Zoo,1,367,11040,0.022924999999999907
SCSO,Zoo,1,368,11070,0.022924999999999907
SCSO,Zoo,1,369,11100,0.022924999999999907
SCSO,Zoo,1,370,11130,0.022924999999999907
SCSO,Zoo,1,371,11160,0.022924999999999907
SCSO,Zoo,1,372,11190,0.022924999999999907
SCSO,Zoo,1,373,11220,0.022924999999999907
SCSO,Zoo,1,374,11250,0.022924999999999907
SCSO,Zoo,1,375,11280,0.022924999999999907
SCSO,Zoo,1,376,11310,0.022924999999999907
SCSO,Zoo,1,377,11340,0.022924999999999907
SCSO,Zoo,1,378,11370,0.022924999999999907
SCSO,Zoo,1,379,11400,0.022924999999999907
SCSO,Zoo,1,380,11430,0.022924999999999907
SCSO,Zoo,1,381,11460,0.022924999999999907
SCSO,Zoo,1,382,11490,0.022924999999999907
SCSO,Zoo,1,383,11520,0.022924999999999907
SCSO,Zoo,1,384,11550,0.022924999999999907
SCSO,Zoo,1,385,11580,0.022924999999999907
SCSO,Zoo,1,386,11610,0.022924999999999907
SCSO,Zoo,1,387,11640,0.022924999999999907
SCSO,Zoo,1,388,11670,0.022924999999999907
SCSO,Zoo,1,389,11700,0.022924999999999907
SCSO,Zoo,1,390,11730,0.022924999999999907
SCSO,Zoo,1,391,11760,0.022924999999999907
SCSO,Zoo,1,392,11790,0.022924999999999907
SCSO,Zoo,1,393,11820,0.022924999999999907
SCSO,Zoo,1,394,11850,0.022924999999999907
SCSO,Zoo,1,395,11880,0.022924999999999907
SCSO,Zoo,1,396,11910,0.022924999999999907
SCSO,Zoo,1,397,11940,0.022924999999999907
SCSO,Zoo,1,398,11970,0.022924999999999907
SCSO,Zoo,1,399,12000,0.022924999999999907
SCSO,Zoo,1,400,12030,0.022924999999999907
SCSO,Zoo,1,401,12060,0.022924999999999907
SCSO,Zoo,1,402,12090,0.022924999999999907
SCSO,Zoo,1,403,12120,0.022924999999999907
SCSO,Zoo,1,404,12150,0.022924999999999907
SCSO,Zoo,1,405,12180,0.022924999999999907
SCSO,Zoo,1,406,12210,0.022924999999999907
SCSO,Zoo,1,407,12240,0.022924999999999907
SCSO,Zoo,1,408,12270,0.022924999999999907
SCSO,Zoo,1,409,12300,0.022924999999999907
SCSO,Zoo,1,410,12330,0.022924999999999907
SCSO,Zoo,1,411,12360,0.022924999999999907
SCSO,Zoo,1,412,12390,0.022924999999999907
SCSO,Zoo,1,413,12420,0.022924999999999907
SCSO,Zoo,1,414,12450,0.022924999999999907
SCSO,Zoo,1,415,12480,0.022924999999999907
SCSO,Zoo,1,416,12510,0.022924999999999907
SCSO,Zoo,1,417,12540,0.022924999999999907
SCSO,Zoo,1,418,12570,0.022924999999999907
SCSO,Zoo,1,419,12600,0.022924999999999907
SCSO,Zoo,1,420,12630,0.022924999999999907
SCSO,Zoo,1,421,12660,0.022924999999999907
SCSO,Zoo,1,422,12690,0.022924999999999907
SCSO,Zoo,1,423,12720,0.022924999999999907
SCSO,Zoo,1,424,12750,0.022924999999999907
SCSO,Zoo,1,425,12780,0.022924999999999907
SCSO,Zoo,1,426,12810,0.022924999999999907
SCSO,Zoo,1,427,12840,0.022924999999999907
SCSO,Zoo,1,428,12870,0.022924999999999907
SCSO,Zoo,1,429,12900,0.022924999999999907
SCSO,Zoo,1,430,12930,0.022924999999999907
SCSO,Zoo,1,431,12960,0.022924999999999907
SCSO,Zoo,1,432,12990,0.022924999999999907
SCSO,Zoo,1,433,13020,0.022924999999999907
SCSO,Zoo,1,434,13050,0.022924999999999907
SCSO,Zoo,1,435,13080,0.022924999999999907
SCSO,Zoo,1,436,13110,0.022924999999999907
SCSO,Zoo,1,437,13140,0.022924999999999907
SCSO,Zoo,1,438,13170,0.022924999999999907
SCSO,Zoo,1,439,13200,0.022924999999999907
SCSO,Zoo,1,440,13230,0.022924999999999907
SCSO,Zoo,1,441,13260,0.022924999999999907
SCSO,Zoo,1,442,13290,0.022924999999999907
SCSO,Zoo,1,443,13320,0.022924999999999907
SCSO,Zoo,1,444,13350,0.022924999999999907
SCSO,Zoo,1,445,13380,0.022924999999999907
SCSO,Zoo,1,446,13410,0.022924999999999907
SCSO,Zoo,1,447,13440,0.022924999999999907
SCSO,Zoo,1,448,13470,0.022924999999999907
SCSO,Zoo,1,449,13500,0.022924999999999907
SCSO,Zoo,1,450,13530,0.022924999999999907
SCSO,Zoo,1,451,13560,0.022924999999999907
SCSO,Zoo,1,452,13590,0.022924999999999907
SCSO,Zoo,1,453,13620,0.022924999999999907
SCSO,Zoo,1,454,13650,0.022924999999999907
SCSO,Zoo,1,455,13680,0.022924999999999907
SCSO,Zoo,1,456,13710,0.022924999999999907
SCSO,Zoo,1,457,13740,0.022924999999999907
SCSO,Zoo,1,458,13770,0.022924999999999907
SCSO,Zoo,1,459,13800,0.022924999999999907
SCSO,Zoo,1,460,13830,0.022924999999999907
SCSO,Zoo,1,461,13860,0.022924999999999907
SCSO,Zoo,1,462,13890,0.022924999999999907
SCSO,Zoo,1,463,13920,0.022924999999999907
SCSO,Zoo,1,464,13950,0.022924999999999907
SCSO,Zoo,1,465,13980,0.022924999999999907
SCSO,Zoo,1,466,14010,0.022924999999999907
SCSO,Zoo,1,467,14040,0.022924999999999907
SCSO,Zoo,1,468,14070,0.022924999999999907
SCSO,Zoo,1,469,14100,0.022924999999999907
SCSO,Zoo,1,470,14130,0.022924999999999907
SCSO,Zoo,1,471,14160,0.022924999999999907
SCSO,Zoo,1,472,14190,0.022924999999999907
SCSO,Zoo,1,473,14220,0.022924999999999907
SCSO,Zoo,1,474,14250,0.022924999999999907
SCSO,Zoo,1,475,14280,0.022924999999999907
SCSO,Zoo,1,476,14310,0.022924999999999907
SCSO,Zoo,1,477,14340,0.022924999999999907
SCSO,Zoo,1,478,14370,0.022924999999999907
SCSO,Zoo,1,479,14400,0.022924999999999907
SCSO,Zoo,1,480,14430,0.022924999999999907
SCSO,Zoo,1,481,14460,0.022924999999999907
SCSO,Zoo,1,482,14490,0.022924999999999907
SCSO,Zoo,1,483,14520,0.022924999999999907
SCSO,Zoo,1,484,14550,0.022924999999999907
SCSO,Zoo,1,485,14580,0.022924999999999907
SCSO,Zoo,1,486,14610,0.022924999999999907
SCSO,Zoo,1,487,14640,0.022924999999999907
SCSO,Zoo,1,488,14670,0.022924999999999907
SCSO,Zoo,1,489,14700,0.022924999999999907
SCSO,Zoo,1,490,14730,0.022924999999999907
SCSO,Zoo,1,491,14760,0.022924999999999907
SCSO,Zoo,1,492,14790,0.022924999999999907
SCSO,Zoo,1,493,14820,0.022924999999999907
SCSO,Zoo,1,494,14850,0.022924999999999907
SCSO,Zoo,1,495,14880,0.022924999999999907
SCSO,Zoo,1,496,14910,0.022924999999999907
SCSO,Zoo,1,497,14940,0.022924999999999907
SCSO,Zoo,1,498,14970,0.022924999999999907
SCSO,Zoo,1,499,15000,0.022924999999999907
SCSO,Zoo,2,0,30,0.06408214285714282
SCSO,Zoo,2,1,60,0.033603571428571524
SCSO,Zoo,2,2,90,0.033603571428571524
SCSO,Zoo,2,3,120,0.033603571428571524
SCSO,Zoo,2,4,150,0.033603571428571524
SCSO,Zoo,2,5,180,0.033603571428571524
SCSO,Zoo,2,6,210,0.033603571428571524
SCSO,Zoo,2,7,240,0.033603571428571524
SCSO,Zoo,2,8,270,0.033603571428571524
SCSO,Zoo,2,9,300,0.033603571428571524
SCSO,Zoo,2,10,330,0.033603571428571524
SCSO,Zoo,2,11,360,0.033603571428571524
SCSO,Zoo,2,12,390,0.033603571428571524
SCSO,Zoo,2,13,420,0.033603571428571524
SCSO,Zoo,2,14,450,0.033603571428571524
SCSO,Zoo,2,15,480,0.033603571428571524
SCSO,Zoo,2,16,510,0.033603571428571524
SCSO,Zoo,2,17,540,0.033603571428571524
SCSO,Zoo,2,18,570,0.033603571428571524
SCSO,Zoo,2,19,600,0.033603571428571524
SCSO,Zoo,2,20,630,0.033603571428571524
SCSO,Zoo,2,21,660,0.026674999999999907
SCSO,Zoo,2,22,690,0.026674999999999907
SCSO,Zoo,2,23,720,0.026674999999999907
SCSO,Zoo,2,24,750,0.026674999999999907
SCSO,Zoo,2,25,780,0.026674999999999907
SCSO,Zoo,2,26,810,0.026674999999999907
SCSO,Zoo,2,27,840,0.026674999999999907
SCSO,Zoo,2,28,870,0.026674999999999907
SCSO,Zoo,2,29,900,0.026674999999999907
SCSO,Zoo,2,30,930,0.026674999999999907
SCSO,Zoo,2,31,960,0.026674999999999907
SCSO,Zoo,2,32,990,0.026674999999999907
SCSO,Zoo,2,33,1020,0.026674999999999907
SCSO,Zoo,2,34,1050,0.026674999999999907
SCSO,Zoo,2,35,1080,0.026674999999999907
SCSO,Zoo,2,36,1110,0.026674999999999907
SCSO,Zoo,2,37,1140,0.026674999999999907
SCSO,Zoo,2,38,1170,0.026674999999999907
SCSO,Zoo,2,39,1200,0.026203571428571402
SCSO,Zoo,2,40,1230,0.026203571428571402
SCSO,Zoo,2,41,1260,0.026203571428571402
SCSO,Zoo,2,42,1290,0.026203571428571402
SCSO,Zoo,2,43,1320,0.026203571428571402
SCSO,Zoo,2,44,1350,0.026203571428571402
SCSO,Zoo,2,45,1380,0.026203571428571402
SCSO,Zoo,2,46,1410,0.026203571428571402
SCSO,Zoo,2,47,1440,0.026203571428571402
SCSO,Zoo,2,48,1470,0.026203571428571402
SCSO,Zoo,2,49,1500,0.026203571428571402
SCSO,Zoo,2,50,1530,0.026203571428571402
SCSO,Zoo,2,51,1560,0.026203571428571402
SCSO,Zoo,2,52,1590,0.026203571428571402
SCSO,Zoo,2,53,1620,0.026203571428571402
SCSO,Zoo,2,54,1650,0.026203571428571402
SCSO,Zoo,2,55,1680,0.026203571428571402
SCSO,Zoo,2,56,1710,0.026203571428571402
SCSO,Zoo,2,57,1740,0.026203571428571402
SCSO,Zoo,2,58,1770,0.026203571428571402
SCSO,Zoo,2,59,1800,0.026203571428571402
SCSO,Zoo,2,60,1830,0.026203571428571402
SCSO,Zoo,2,61,1860,0.026203571428571402
SCSO,Zoo,2,62,1890,0.026203571428571402
SCSO,Zoo,2,63,1920,0.026203571428571402
SCSO,Zoo,2,64,1950,0.026203571428571402
SCSO,Zoo,2,65,1980,0.026203571428571402
SCSO,Zoo,2,66,2010,0.026203571428571402
SCSO,Zoo,2,67,2040,0.026203571428571402
SCSO,Zoo,2,68,2070,0.026203571428571402
SCSO,Zoo,2,69,2100,0.026203571428571402
SCSO,Zoo,2,70,2130,0.026203571428571402
SCSO,Zoo,2,71,2160,0.026203571428571402
SCSO,Zoo,2,72,2190,0.026203571428571402
SCSO,Zoo,2,73,2220,0.026203571428571402
SCSO,Zoo,2,74,2250,0.026203571428571402
SCSO,Zoo,2,75,2280,0.026203571428571402
SCSO,Zoo,2,76,2310,0.026203571428571402
SCSO,Zoo,2,77,2340,0.026203571428571402
SCSO,Zoo,2,78,2370,0.026203571428571402
SCSO,Zoo,2,79,2400,0.026203571428571402
SCSO,Zoo,2,80,2430,0.026203571428571402
SCSO,Zoo,2,81,2460,0.026203571428571402
SCSO,Zoo,2,82,2490,0.026203571428571402
SCSO,Zoo,2,83,2520,0.026203571428571402
SCSO,Zoo,2,84,2550,0.026203571428571402
SCSO,Zoo,2,85,2580,0.026203571428571402
SCSO,Zoo,2,86,2610,0.026203571428571402
SCSO,Zoo,2,87,2640,0.01677500000000001
SCSO,Zoo,2,88,2670,0.01677500000000001
SCSO,Zoo,2,89,2700,0.01677500000000001
SCSO,Zoo,2,90,2730,0.01677500000000001
SCSO,Zoo,2,91,2760,0.01677500000000001
SCSO,Zoo,2,92,2790,0.01677500000000001
SCSO,Zoo,2,93,2820,0.01677500000000001
SCSO,Zoo,2,94,2850,0.01677500000000001
SCSO,Zoo,2,95,2880,0.01677500000000001
SCSO,Zoo,2,96,2910,0.01677500000000001
SCSO,Zoo,2,97,2940,0.01677500000000001
SCSO,Zoo,2,98,2970,0.01677500000000001
SCSO,Zoo,2,99,3000,0.01677500000000001
SCSO,Zoo,2,100,3030,0.01677500000000001
SCSO,Zoo,2,101,3060,0.01677500000000001
SCSO,Zoo,2,102,3090,0.01677500000000001
SCSO,Zoo,2,103,3120,0.01677500000000001
SCSO,Zoo,2,104,3150,0.01677500000000001
SCSO,Zoo,2,105,3180,0.01677500000000001
SCSO,Zoo,2,106,3210,0.01677500000000001
SCSO,Zoo,2,107,3240,0.01677500000000001
SCSO,Zoo,2,108,3270,0.01677500000000001
SCSO,Zoo,2,109,3300,0.01677500000000001
SCSO,Zoo,2,110,3330,0.01677500000000001
SCSO,Zoo,2,111,3360,0.01677500000000001
SCSO,Zoo,2,112,3390,0.01677500000000001
SCSO,Zoo,2,113,3420,0.01677500000000001
SCSO,Zoo,2,114,3450,0.01677500000000001
SCSO,Zoo,2,115,3480,0.01677500000000001
SCSO,Zoo,2,116,3510,0.01677500000000001
SCSO,Zoo,2,117,3540,0.01677500000000001
SCSO,Zoo,2,118,3570,0.01677500000000001
SCSO,Zoo,2,119,3600,0.01677500000000001
SCSO,Zoo,2,120,3630,0.01677500000000001
SCSO,Zoo,2,121,3660,0.01677500000000001
SCSO,Zoo,2,122,3690,0.01677500000000001
SCSO,Zoo,2,123,3720,0.01677500000000001
SCSO,Zoo,2,124,3750,0.01677500000000001
SCSO,Zoo,2,125,3780,0.01677500000000001
SCSO,Zoo,2,126,3810,0.01677500000000001
SCSO,Zoo,2,127,3840,0.01677500000000001
SCSO,Zoo,2,128,3870,0.01677500000000001
SCSO,Zoo,2,129,3900,0.01677500000000001
SCSO,Zoo,2,130,3930,0.01677500000000001
SCSO,Zoo,2,131,3960,0.01677500000000001
SCSO,Zoo,2,132,3990,0.01677500000000001
SCSO,Zoo,2,133,4020,0.01677500000000001
SCSO,Zoo,2,134,4050,0.01677500000000001
SCSO,Zoo,2,135,4080,0.01677500000000001
SCSO,Zoo,2,136,4110,0.01677500000000001
SCSO,Zoo,2,137,4140,0.01677500000000001
SCSO,Zoo,2,138,4170,0.01677500000000001
SCSO,Zoo,2,139,4200,0.01677500000000001
SCSO,Zoo,2,140,4230,0.01677500000000001
SCSO,Zoo,2,141,4260,0.01677500000000001
SCSO,Zoo,2,142,4290,0.01677500000000001
SCSO,Zoo,2,143,4320,0.01677500000000001
SCSO,Zoo,2,144,4350,0.01677500000000001
SCSO,Zoo,2,145,4380,0.01677500000000001
SCSO,Zoo,2,146,4410,0.01677500000000001
SCSO,Zoo,2,147,4440,0.01677500000000001
SCSO,Zoo,2,148,4470,0.01677500000000001
SCSO,Zoo,2,149,4500,0.01677500000000001
SCSO,Zoo,2,150,4530,0.01677500000000001
SCSO,Zoo,2,151,4560,0.01677500000000001
SCSO,Zoo,2,152,4590,0.01677500000000001
SCSO,Zoo,2,153,4620,0.01677500000000001
SCSO,Zoo,2,154,4650,0.01677500000000001
SCSO,Zoo,2,155,4680,0.01677500000000001
SCSO,Zoo,2,156,4710,0.01677500000000001
SCSO,Zoo,2,157,4740,0.01677500000000001
SCSO,Zoo,2,158,4770,0.01677500000000001
SCSO,Zoo,2,159,4800,0.01677500000000001
SCSO,Zoo,2,160,4830,0.01677500000000001
SCSO,Zoo,2,161,4860,0.01677500000000001
SCSO,Zoo,2,162,4890,0.01677500000000001
SCSO,Zoo,2,163,4920,0.01677500000000001
SCSO,Zoo,2,164,4950,0.01677500000000001
SCSO,Zoo,2,165,4980,0.01677500000000001
SCSO,Zoo,2,166,5010,0.01677500000000001
SCSO,Zoo,2,167,5040,0.01677500000000001
SCSO,Zoo,2,168,5070,0.01677500000000001
SCSO,Zoo,2,169,5100,0.01677500000000001
SCSO,Zoo,2,170,5130,0.01677500000000001
SCSO,Zoo,2,171,5160,0.01677500000000001
SCSO,Zoo,2,172,5190,0.01677500000000001
SCSO,Zoo,2,173,5220,0.01677500000000001
SCSO,Zoo,2,174,5250,0.01677500000000001
SCSO,Zoo,2,175,5280,0.01677500000000001
SCSO,Zoo,2,176,5310,0.01677500000000001
SCSO,Zoo,2,177,5340,0.01677500000000001
SCSO,Zoo,2,178,5370,0.01677500000000001
SCSO,Zoo,2,179,5400,0.01677500000000001
SCSO,Zoo,2,180,5430,0.01677500000000001
SCSO,Zoo,2,181,5460,0.01677500000000001
SCSO,Zoo,2,182,5490,0.01677500000000001
SCSO,Zoo,2,183,5520,0.01677500000000001
SCSO,Zoo,2,184,5550,0.01677500000000001
SCSO,Zoo,2,185,5580,0.01677500000000001
SCSO,Zoo,2,186,5610,0.01677500000000001
SCSO,Zoo,2,187,5640,0.01677500000000001
SCSO,Zoo,2,188,5670,0.01677500000000001
SCSO,Zoo,2,189,5700,0.01677500000000001
SCSO,Zoo,2,190,5730,0.01677500000000001
SCSO,Zoo,2,191,5760,0.01677500000000001
SCSO,Zoo,2,192,5790,0.01677500000000001
SCSO,Zoo,2,193,5820,0.01677500000000001
SCSO,Zoo,2,194,5850,0.01677500000000001
SCSO,Zoo,2,195,5880,0.01677500000000001
SCSO,Zoo,2,196,5910,0.01677500000000001
SCSO,Zoo,2,197,5940,0.01677500000000001
SCSO,Zoo,2,198,5970,0.01677500000000001
SCSO,Zoo,2,199,6000,0.01677500000000001
SCSO,Zoo,2,200,6030,0.01677500000000001
SCSO,Zoo,2,201,6060,0.01677500000000001
SCSO,Zoo,2,202,6090,0.01677500000000001
SCSO,Zoo,2,203,6120,0.01677500000000001
SCSO,Zoo,2,204,6150,0.01677500000000001
SCSO,Zoo,2,205,6180,0.01677500000000001
SCSO,Zoo,2,206,6210,0.01677500000000001
SCSO,Zoo,2,207,6240,0.01677500000000001
SCSO,Zoo,2,208,6270,0.01677500000000001
SCSO,Zoo,2,209,6300,0.01677500000000001
SCSO,Zoo,2,210,6330,0.01677500000000001
SCSO,Zoo,2,211,6360,0.01677500000000001
SCSO,Zoo,2,212,6390,0.01677500000000001
SCSO,Zoo,2,213,6420,0.01677500000000001
SCSO,Zoo,2,214,6450,0.01677500000000001
SCSO,Zoo,2,215,6480,0.01677500000000001
SCSO,Zoo,2,216,6510,0.01677500000000001
SCSO,Zoo,2,217,6540,0.01677500000000001
SCSO,Zoo,2,218,6570,0.01677500000000001
SCSO,Zoo,2,219,6600,0.01677500000000001
SCSO,Zoo,2,220,6630,0.01677500000000001
SCSO,Zoo,2,221,6660,0.01677500000000001
SCSO,Zoo,2,222,6690,0.01677500000000001
SCSO,Zoo,2,223,6720,0.01677500000000001
SCSO,Zoo,2,224,6750,0.01677500000000001
SCSO,Zoo,2,225,6780,0.01677500000000001
SCSO,Zoo,2,226,6810,0.01677500000000001
SCSO,Zoo,2,227,6840,0.01677500000000001
SCSO,Zoo,2,228,6870,0.01677500000000001
SCSO,Zoo,2,229,6900,0.01677500000000001
SCSO,Zoo,2,230,6930,0.01677500000000001
SCSO,Zoo,2,231,6960,0.01677500000000001
SCSO,Zoo,2,232,6990,0.01677500000000001
SCSO,Zoo,2,233,7020,0.01677500000000001
SCSO,Zoo,2,234,7050,0.01677500000000001
SCSO,Zoo,2,235,7080,0.01677500000000001
SCSO,Zoo,2,236,7110,0.01677500000000001
SCSO,Zoo,2,237,7140,0.01677500000000001
SCSO,Zoo,2,238,7170,0.01677500000000001
SCSO,Zoo,2,239,7200,0.01677500000000001
SCSO,Zoo,2,240,7230,0.01677500000000001
SCSO,Zoo,2,241,7260,0.01677500000000001
SCSO,Zoo,2,242,7290,0.01677500000000001
SCSO,Zoo,2,243,7320,0.01677500000000001
SCSO,Zoo,2,244,7350,0.01677500000000001
SCSO,Zoo,2,245,7380,0.01677500000000001
SCSO,Zoo,2,246,7410,0.01677500000000001
SCSO,Zoo,2,247,7440,0.01677500000000001
SCSO,Zoo,2,248,7470,0.01677500000000001
SCSO,Zoo,2,249,7500,0.01677500000000001
SCSO,Zoo,2,250,7530,0.01677500000000001
SCSO,Zoo,2,251,7560,0.01677500000000001
SCSO,Zoo,2,252,7590,0.01677500000000001
SCSO,Zoo,2,253,7620,0.01677500000000001
SCSO,Zoo,2,254,7650,0.01677500000000001
SCSO,Zoo,2,255,7680,0.01677500000000001
SCSO,Zoo,2,256,7710,0.01677500000000001
SCSO,Zoo,2,257,7740,0.01677500000000001
SCSO,Zoo,2,258,7770,0.01677500000000001
SCSO,Zoo,2,259,7800,0.01677500000000001
SCSO,Zoo,2,260,7830,0.01677500000000001
SCSO,Zoo,2,261,7860,0.01677500000000001
SCSO,Zoo,2,262,7890,0.01677500000000001
SCSO,Zoo,2,263,7920,0.01677500000000001
SCSO,Zoo,2,264,7950,0.01677500000000001
SCSO,Zoo,2,265,7980,0.01677500000000001
SCSO,Zoo,2,266,8010,0.01677500000000001
SCSO,Zoo,2,267,8040,0.01677500000000001
SCSO,Zoo,2,268,8070,0.01677500000000001
SCSO,Zoo,2,269,8100,0.01677500000000001
SCSO,Zoo,2,270,8130,0.01677500000000001
SCSO,Zoo,2,271,8160,0.01677500000000001
SCSO,Zoo,2,272,8190,0.01677500000000001
SCSO,Zoo,2,273,8220,0.01677500000000001
SCSO,Zoo,2,274,8250,0.01677500000000001
SCSO,Zoo,2,275,8280,0.01677500000000001
SCSO,Zoo,2,276,8310,0.01677500000000001
SCSO,Zoo,2,277,8340,0.01677500000000001
SCSO,Zoo,2,278,8370,0.01677500000000001
SCSO,Zoo,2,279,8400,0.01677500000000001
SCSO,Zoo,2,280,8430,0.01677500000000001
SCSO,Zoo,2,281,8460,0.01677500000000001
SCSO,Zoo,2,282,8490,0.01677500000000001
SCSO,Zoo,2,283,8520,0.01677500000000001
SCSO,Zoo,2,284,8550,0.01677500000000001
SCSO,Zoo,2,285,8580,0.01677500000000001
SCSO,Zoo,2,286,8610,0.01677500000000001
SCSO,Zoo,2,287,8640,0.01677500000000001
SCSO,Zoo,2,288,8670,0.01677500000000001
SCSO,Zoo,2,289,8700,0.01677500000000001
SCSO,Zoo,2,290,8730,0.01677500000000001
SCSO,Zoo,2,291,8760,0.01677500000000001
SCSO,Zoo,2,292,8790,0.01677500000000001
SCSO,Zoo,2,293,8820,0.01677500000000001
SCSO,Zoo,2,294,8850,0.01677500000000001
SCSO,Zoo,2,295,8880,0.01677500000000001
SCSO,Zoo,2,296,8910,0.01677500000000001
SCSO,Zoo,2,297,8940,0.01677500000000001
SCSO,Zoo,2,298,8970,0.01677500000000001
SCSO,Zoo,2,299,9000,0.01677500000000001
SCSO,Zoo,2,300,9030,0.01677500000000001
SCSO,Zoo,2,301,9060,0.01677500000000001
SCSO,Zoo,2,302,9090,0.01677500000000001
SCSO,Zoo,2,303,9120,0.01677500000000001
SCSO,Zoo,2,304,9150,0.01677500000000001
SCSO,Zoo,2,305,9180,0.01677500000000001
SCSO,Zoo,2,306,9210,0.01677500000000001
SCSO,Zoo,2,307,9240,0.01677500000000001
SCSO,Zoo,2,308,9270,0.01677500000000001
SCSO,Zoo,2,309,9300,0.01677500000000001
SCSO,Zoo,2,310,9330,0.01677500000000001
SCSO,Zoo,2,311,9360,0.01677500000000001
SCSO,Zoo,2,312,9390,0.01677500000000001
SCSO,Zoo,2,313,9420,0.01677500000000001
SCSO,Zoo,2,314,9450,0.01677500000000001
SCSO,Zoo,2,315,9480,0.01677500000000001
SCSO,Zoo,2,316,9510,0.01677500000000001
SCSO,Zoo,2,317,9540,0.01677500000000001
SCSO,Zoo,2,318,9570,0.01677500000000001
SCSO,Zoo,2,319,9600,0.01677500000000001
SCSO,Zoo,2,320,9630,0.01677500000000001
SCSO,Zoo,2,321,9660,0.01677500000000001
SCSO,Zoo,2,322,9690,0.01677500000000001
SCSO,Zoo,2,323,9720,0.01677500000000001
SCSO,Zoo,2,324,9750,0.01677500000000001
SCSO,Zoo,2,325,9780,0.01677500000000001
SCSO,Zoo,2,326,9810,0.01677500000000001
SCSO,Zoo,2,327,9840,0.01677500000000001
SCSO,Zoo,2,328,9870,0.01677500000000001
SCSO,Zoo,2,329,9900,0.01677500000000001
SCSO,Zoo,2,330,9930,0.01677500000000001
SCSO,Zoo,2,331,9960,0.01677500000000001
SCSO,Zoo,2,332,9990,0.01677500000000001
SCSO,Zoo,2,333,10020,0.01677500000000001
SCSO,Zoo,2,334,10050,0.01677500000000001
SCSO,Zoo,2,335,10080,0.01677500000000001
SCSO,Zoo,2,336,10110,0.01677500000000001
SCSO,Zoo,2,337,10140,0.01677500000000001
SCSO,Zoo,2,338,10170,0.01677500000000001
SCSO,Zoo,2,339,10200,0.01677500000000001
SCSO,Zoo,2,340,10230,0.01677500000000001
SCSO,Zoo,2,341,10260,0.01677500000000001
SCSO,Zoo,2,342,10290,0.01677500000000001
SCSO,Zoo,2,343,10320,0.01677500000000001
SCSO,Zoo,2,344,10350,0.01677500000000001
SCSO,Zoo,2,345,10380,0.01677500000000001
SCSO,Zoo,2,346,10410,0.01677500000000001
SCSO,Zoo,2,347,10440,0.01677500000000001
SCSO,Zoo,2,348,10470,0.01677500000000001
SCSO,Zoo,2,349,10500,0.01677500000000001
SCSO,Zoo,2,350,10530,0.01677500000000001
SCSO,Zoo,2,351,10560,0.01677500000000001
SCSO,Zoo,2,352,10590,0.01677500000000001
SCSO,Zoo,2,353,10620,0.01677500000000001
SCSO,Zoo,2,354,10650,0.01677500000000001
SCSO,Zoo,2,355,10680,0.01677500000000001
SCSO,Zoo,2,356,10710,0.01677500000000001
SCSO,Zoo,2,357,10740,0.01677500000000001
SCSO,Zoo,2,358,10770,0.01677500000000001
SCSO,Zoo,2,359,10800,0.01677500000000001
SCSO,Zoo,2,360,10830,0.01677500000000001
SCSO,Zoo,2,361,10860,0.01677500000000001
SCSO,Zoo,2,362,10890,0.01677500000000001
SCSO,Zoo,2,363,10920,0.01677500000000001
SCSO,Zoo,2,364,10950,0.01677500000000001
SCSO,Zoo,2,365,10980,0.01677500000000001
SCSO,Zoo,2,366,11010,0.01677500000000001
SCSO,Zoo,2,367,11040,0.01677500000000001
SCSO,Zoo,2,368,11070,0.01677500000000001
SCSO,Zoo,2,369,11100,0.01677500000000001
SCSO,Zoo,2,370,11130,0.01677500000000001
SCSO,Zoo,2,371,11160,0.01677500000000001
SCSO,Zoo,2,372,11190,0.01677500000000001
SCSO,Zoo,2,373,11220,0.01677500000000001
SCSO,Zoo,2,374,11250,0.01677500000000001
SCSO,Zoo,2,375,11280,0.01677500000000001
SCSO,Zoo,2,376,11310,0.01677500000000001
SCSO,Zoo,2,377,11340,0.01677500000000001
SCSO,Zoo,2,378,11370,0.01677500000000001
SCSO,Zoo,2,379,11400,0.01677500000000001
SCSO,Zoo,2,380,11430,0.01677500000000001
SCSO,Zoo,2,381,11460,0.01677500000000001
SCSO,Zoo,2,382,11490,0.01677500000000001
SCSO,Zoo,2,383,11520,0.01677500000000001
SCSO,Zoo,2,384,11550,0.01677500000000001
SCSO,Zoo,2,385,11580,0.01677500000000001
SCSO,Zoo,2,386,11610,0.01677500000000001
SCSO,Zoo,2,387,11640,0.01677500000000001
SCSO,Zoo,2,388,11670,0.01677500000000001
SCSO,Zoo,2,389,11700,0.01677500000000001
SCSO,Zoo,2,390,11730,0.01677500000000001
SCSO,Zoo,2,391,11760,0.01677500000000001
SCSO,Zoo,2,392,11790,0.01677500000000001
SCSO,Zoo,2,393,11820,0.01677500000000001
SCSO,Zoo,2,394,11850,0.01677500000000001
SCSO,Zoo,2,395,11880,0.01677500000000001
SCSO,Zoo,2,396,11910,0.01677500000000001
SCSO,Zoo,2,397,11940,0.01677500000000001
SCSO,Zoo,2,398,11970,0.01677500000000001
SCSO,Zoo,2,399,12000,0.01677500000000001
SCSO,Zoo,2,400,12030,0.01677500000000001
SCSO,Zoo,2,401,12060,0.01677500000000001
SCSO,Zoo,2,402,12090,0.01677500000000001
SCSO,Zoo,2,403,12120,0.01677500000000001
SCSO,Zoo,2,404,12150,0.01677500000000001
SCSO,Zoo,2,405,12180,0.01677500000000001
SCSO,Zoo,2,406,12210,0.01677500000000001
SCSO,Zoo,2,407,12240,0.01677500000000001
SCSO,Zoo,2,408,12270,0.01677500000000001
SCSO,Zoo,2,409,12300,0.01677500000000001
SCSO,Zoo,2,410,12330,0.01677500000000001
SCSO,Zoo,2,411,12360,0.01677500000000001
SCSO,Zoo,2,412,12390,0.01677500000000001
SCSO,Zoo,2,413,12420,0.01677500000000001
SCSO,Zoo,2,414,12450,0.01677500000000001
SCSO,Zoo,2,415,12480,0.01677500000000001
SCSO,Zoo,2,416,12510,0.01677500000000001
SCSO,Zoo,2,417,12540,0.01677500000000001
SCSO,Zoo,2,418,12570,0.01677500000000001
SCSO,Zoo,2,419,12600,0.01677500000000001
SCSO,Zoo,2,420,12630,0.01677500000000001
SCSO,Zoo,2,421,12660,0.01677500000000001
SCSO,Zoo,2,422,12690,0.01677500000000001
SCSO,Zoo,2,423,12720,0.01677500000000001
SCSO,Zoo,2,424,12750,0.01677500000000001
SCSO,Zoo,2,425,12780,0.01677500000000001
SCSO,Zoo,2,426,12810,0.01677500000000001
SCSO,Zoo,2,427,12840,0.01677500000000001
SCSO,Zoo,2,428,12870,0.01677500000000001
SCSO,Zoo,2,429,12900,0.01677500000000001
SCSO,Zoo,2,430,12930,0.01677500000000001
SCSO,Zoo,2,431,12960,0.01677500000000001
SCSO,Zoo,2,432,12990,0.01677500000000001
SCSO,Zoo,2,433,13020,0.01677500000000001
SCSO,Zoo,2,434,13050,0.01677500000000001
SCSO,Zoo,2,435,13080,0.01677500000000001
SCSO,Zoo,2,436,13110,0.01677500000000001
SCSO,Zoo,2,437,13140,0.01677500000000001
SCSO,Zoo,2,438,13170,0.01677500000000001
SCSO,Zoo,2,439,13200,0.01677500000000001
SCSO,Zoo,2,440,13230,0.01677500000000001
SCSO,Zoo,2,441,13260,0.01677500000000001
SCSO,Zoo,2,442,13290,0.01677500000000001
SCSO,Zoo,2,443,13320,0.01677500000000001
SCSO,Zoo,2,444,13350,0.01677500000000001
SCSO,Zoo,2,445,13380,0.01677500000000001
SCSO,Zoo,2,446,13410,0.01677500000000001
SCSO,Zoo,2,447,13440,0.01677500000000001
SCSO,Zoo,2,448,13470,0.01677500000000001
SCSO,Zoo,2,449,13500,0.01677500000000001
SCSO,Zoo,2,450,13530,0.01677500000000001
SCSO,Zoo,2,451,13560,0.01677500000000001
SCSO,Zoo,2,452,13590,0.01677500000000001
SCSO,Zoo,2,453,13620,0.01677500000000001
SCSO,Zoo,2,454,13650,0.01677500000000001
SCSO,Zoo,2,455,13680,0.01677500000000001
SCSO,Zoo,2,456,13710,0.01677500000000001
SCSO,Zoo,2,457,13740,0.01677500000000001
SCSO,Zoo,2,458,13770,0.01677500000000001
SCSO,Zoo,2,459,13800,0.01677500000000001
SCSO,Zoo,2,460,13830,0.01677500000000001
SCSO,Zoo,2,461,13860,0.01677500000000001
SCSO,Zoo,2,462,13890,0.01677500000000001
SCSO,Zoo,2,463,13920,0.01677500000000001
SCSO,Zoo,2,464,13950,0.01677500000000001
SCSO,Zoo,2,465,13980,0.01677500000000001
SCSO,Zoo,2,466,14010,0.01677500000000001
SCSO,Zoo,2,467,14040,0.01677500000000001
SCSO,Zoo,2,468,14070,0.01677500000000001
SCSO,Zoo,2,469,14100,0.01677500000000001
SCSO,Zoo,2,470,14130,0.01677500000000001
SCSO,Zoo,2,471,14160,0.01677500000000001
SCSO,Zoo,2,472,14190,0.01677500000000001
SCSO,Zoo,2,473,14220,0.01677500000000001
SCSO,Zoo,2,474,14250,0.01677500000000001
SCSO,Zoo,2,475,14280,0.01677500000000001
SCSO,Zoo,2,476,14310,0.01677500000000001
SCSO,Zoo,2,477,14340,0.01677500000000001
SCSO,Zoo,2,478,14370,0.01677500000000001
SCSO,Zoo,2,479,14400,0.01677500000000001
SCSO,Zoo,2,480,14430,0.01677500000000001
SCSO,Zoo,2,481,14460,0.01677500000000001
SCSO,Zoo,2,482,14490,0.01677500000000001
SCSO,Zoo,2,483,14520,0.01677500000000001
SCSO,Zoo,2,484,14550,0.01677500000000001
SCSO,Zoo,2,485,14580,0.01677500000000001
SCSO,Zoo,2,486,14610,0.01677500000000001
SCSO,Zoo,2,487,14640,0.01677500000000001
SCSO,Zoo,2,488,14670,0.01677500000000001
SCSO,Zoo,2,489,14700,0.01677500000000001
SCSO,Zoo,2,490,14730,0.01677500000000001
SCSO,Zoo,2,491,14760,0.01677500000000001
SCSO,Zoo,2,492,14790,0.01677500000000001
SCSO,Zoo,2,493,14820,0.01677500000000001
SCSO,Zoo,2,494,14850,0.01677500000000001
SCSO,Zoo,2,495,14880,0.01677500000000001
SCSO,Zoo,2,496,14910,0.01677500000000001
SCSO,Zoo,2,497,14940,0.01677500000000001
SCSO,Zoo,2,498,14970,0.01677500000000001
SCSO,Zoo,2,499,15000,0.01677500000000001
SCSO,Zoo,3,0,30,0.06345714285714282
SCSO,Zoo,3,1,60,0.04350357142857142
SCSO,Zoo,3,2,90,0.04350357142857142
SCSO,Zoo,3,3,120,0.0348535714285713
SCSO,Zoo,3,4,150,0.0348535714285713
SCSO,Zoo,3,5,180,0.0348535714285713
SCSO,Zoo,3,6,210,0.0348535714285713
SCSO,Zoo,3,7,240,0.0348535714285713
SCSO,Zoo,3,8,270,0.0348535714285713
SCSO,Zoo,3,9,300,0.0348535714285713
SCSO,Zoo,3,10,330,0.0348535714285713
SCSO,Zoo,3,11,360,0.0348535714285713
SCSO,Zoo,3,12,390,0.0348535714285713
SCSO,Zoo,3,13,420,0.0348535714285713
SCSO,Zoo,3,14,450,0.03407500000000002
SCSO,Zoo,3,15,480,0.03407500000000002
SCSO,Zoo,3,16,510,0.03407500000000002
SCSO,Zoo,3,17,540,0.03407500000000002
SCSO,Zoo,3,18,570,0.03407500000000002
SCSO,Zoo,3,19,600,0.03407500000000002
SCSO,Zoo,3,20,630,0.03407500000000002
SCSO,Zoo,3,21,660,0.03407500000000002
SCSO,Zoo,3,22,690,0.03407500000000002
SCSO,Zoo,3,23,720,0.03407500000000002
SCSO,Zoo,3,24,750,0.03407500000000002
SCSO,Zoo,3,25,780,0.03407500000000002
SCSO,Zoo,3,26,810,0.03407500000000002
SCSO,Zoo,3,27,840,0.03407500000000002
SCSO,Zoo,3,28,870,0.03407500000000002
SCSO,Zoo,3,29,900,0.03407500000000002
SCSO,Zoo,3,30,930,0.03407500000000002
SCSO,Zoo,3,31,960,0.03407500000000002
SCSO,Zoo,3,32,990,0.03407500000000002
SCSO,Zoo,3,33,1020,0.03407500000000002
SCSO,Zoo,3,34,1050,0.03407500000000002
SCSO,Zoo,3,35,1080,0.03407500000000002
SCSO,Zoo,3,36,1110,0.03407500000000002
SCSO,Zoo,3,37,1140,0.03407500000000002
SCSO,Zoo,3,38,1170,0.03407500000000002
SCSO,Zoo,3,39,1200,0.026203571428571402
SCSO,Zoo,3,40,1230,0.026203571428571402
SCSO,Zoo,3,41,1260,0.026203571428571402
SCSO,Zoo,3,42,1290,0.026203571428571402
SCSO,Zoo,3,43,1320,0.026203571428571402
SCSO,Zoo,3,44,1350,0.026203571428571402
SCSO,Zoo,3,45,1380,0.026203571428571402
SCSO,Zoo,3,46,1410,0.026203571428571402
SCSO,Zoo,3,47,1440,0.026203571428571402
SCSO,Zoo,3,48,1470,0.026203571428571402
SCSO,Zoo,3,49,1500,0.026203571428571402
SCSO,Zoo,3,50,1530,0.026203571428571402
SCSO,Zoo,3,51,1560,0.026203571428571402
SCSO,Zoo,3,52,1590,0.026203571428571402
SCSO,Zoo,3,53,1620,0.026203571428571402
SCSO,Zoo,3,54,1650,0.026203571428571402
SCSO,Zoo,3,55,1680,0.026203571428571402
SCSO,Zoo,3,56,1710,0.026203571428571402
SCSO,Zoo,3,57,1740,0.026203571428571402
SCSO,Zoo,3,58,1770,0.026203571428571402
SCSO,Zoo,3,59,1800,0.026203571428571402
SCSO,Zoo,3,60,1830,0.026203571428571402
SCSO,Zoo,3,61,1860,0.026203571428571402
SCSO,Zoo,3,62,1890,0.026203571428571402
SCSO,Zoo,3,63,1920,0.026203571428571402
SCSO,Zoo,3,64,1950,0.026203571428571402
SCSO,Zoo,3,65,1980,0.026203571428571402
SCSO,Zoo,3,66,2010,0.026203571428571402
SCSO,Zoo,3,67,2040,0.026203571428571402
SCSO,Zoo,3,68,2070,0.026203571428571402
SCSO,Zoo,3,69,2100,0.026203571428571402
SCSO,Zoo,3,70,2130,0.026203571428571402
SCSO,Zoo,3,71,2160,0.026203571428571402
SCSO,Zoo,3,72,2190,0.026203571428571402
SCSO,Zoo,3,73,2220,0.026203571428571402
SCSO,Zoo,3,74,2250,0.026203571428571402
SCSO,Zoo,3,75,2280,0.026203571428571402
SCSO,Zoo,3,76,2310,0.026203571428571402
SCSO,Zoo,3,77,2340,0.026203571428571402
SCSO,Zoo,3,78,2370,0.026203571428571402
SCSO,Zoo,3,79,2400,0.026203571428571402
SCSO,Zoo,3,80,2430,0.026203571428571402
SCSO,Zoo,3,81,2460,0.026203571428571402
SCSO,Zoo,3,82,2490,0.026203571428571402
SCSO,Zoo,3,83,2520,0.026203571428571402
SCSO,Zoo,3,84,2550,0.026203571428571402
SCSO,Zoo,3,85,2580,0.026203571428571402
SCSO,Zoo,3,86,2610,0.026203571428571402
SCSO,Zoo,3,87,2640,0.026203571428571402
SCSO,Zoo,3,88,2670,0.026203571428571402
SCSO,Zoo,3,89,2700,0.026203571428571402
SCSO,Zoo,3,90,2730,0.026203571428571402
SCSO,Zoo,3,91,2760,0.026203571428571402
SCSO,Zoo,3,92,2790,0.026203571428571402
SCSO,Zoo,3,93,2820,0.026203571428571402
SCSO,Zoo,3,94,2850,0.026203571428571402
SCSO,Zoo,3,95,2880,0.026203571428571402
SCSO,Zoo,3,96,2910,0.026203571428571402
SCSO,Zoo,3,97,2940,0.026203571428571402
SCSO,Zoo,3,98,2970,0.026203571428571402
SCSO,Zoo,3,99,3000,0.026203571428571402
SCSO,Zoo,3,100,3030,0.026203571428571402
SCSO,Zoo,3,101,3060,0.026203571428571402
SCSO,Zoo,3,102,3090,0.026203571428571402
SCSO,Zoo,3,103,3120,0.026203571428571402
SCSO,Zoo,3,104,3150,0.026203571428571402
SCSO,Zoo,3,105,3180,0.026203571428571402
SCSO,Zoo,3,106,3210,0.026203571428571402
SCSO,Zoo,3,107,3240,0.026203571428571402
SCSO,Zoo,3,108,3270,0.026203571428571402
SCSO,Zoo,3,109,3300,0.026203571428571402
SCSO,Zoo,3,110,3330,0.026203571428571402
SCSO,Zoo,3,111,3360,0.026203571428571402
SCSO,Zoo,3,112,3390,0.026203571428571402
SCSO,Zoo,3,113,3420,0.026203571428571402
SCSO,Zoo,3,114,3450,0.026203571428571402
SCSO,Zoo,3,115,3480,0.026203571428571402
SCSO,Zoo,3,116,3510,0.026203571428571402
SCSO,Zoo,3,117,3540,0.026203571428571402
SCSO,Zoo,3,118,3570,0.026203571428571402
SCSO,Zoo,3,119,3600,0.026203571428571402
SCSO,Zoo,3,120,3630,0.026203571428571402
SCSO,Zoo,3,121,3660,0.026203571428571402
SCSO,Zoo,3,122,3690,0.026203571428571402
SCSO,Zoo,3,123,3720,0.026203571428571402
SCSO,Zoo,3,124,3750,0.026203571428571402
SCSO,Zoo,3,125,3780,0.026203571428571402
SCSO,Zoo,3,126,3810,0.026203571428571402
SCSO,Zoo,3,127,3840,0.026203571428571402
SCSO,Zoo,3,128,3870,0.026203571428571402
SCSO,Zoo,3,129,3900,0.026203571428571402
SCSO,Zoo,3,130,3930,0.026203571428571402
SCSO,Zoo,3,131,3960,0.026203571428571402
SCSO,Zoo,3,132,3990,0.026203571428571402
SCSO,Zoo,3,133,4020,0.026203571428571402
SCSO,Zoo,3,134,4050,0.026203571428571402
SCSO,Zoo,3,135,4080,0.026203571428571402
SCSO,Zoo,3,136,4110,0.026203571428571402
SCSO,Zoo,3,137,4140,0.026203571428571402
SCSO,Zoo,3,138,4170,0.026203571428571402
SCSO,Zoo,3,139,4200,0.026203571428571402
SCSO,Zoo,3,140,4230,0.026203571428571402
SCSO,Zoo,3,141,4260,0.026203571428571402
SCSO,Zoo,3,142,4290,0.026203571428571402
SCSO,Zoo,3,143,4320,0.026203571428571402
SCSO,Zoo,3,144,4350,0.026203571428571402
SCSO,Zoo,3,145,4380,0.026203571428571402
SCSO,Zoo,3,146,4410,0.026203571428571402
SCSO,Zoo,3,147,4440,0.026203571428571402
SCSO,Zoo,3,148,4470,0.026203571428571402
SCSO,Zoo,3,149,4500,0.026203571428571402
SCSO,Zoo,3,150,4530,0.026203571428571402
SCSO,Zoo,3,151,4560,0.026203571428571402
SCSO,Zoo,3,152,4590,0.026203571428571402
SCSO,Zoo,3,153,4620,0.026203571428571402
SCSO,Zoo,3,154,4650,0.026203571428571402
SCSO,Zoo,3,155,4680,0.026203571428571402
SCSO,Zoo,3,156,4710,0.026203571428571402
SCSO,Zoo,3,157,4740,0.026203571428571402
SCSO,Zoo,3,158,4770,0.026203571428571402
SCSO,Zoo,3,159,4800,0.026203571428571402
SCSO,Zoo,3,160,4830,0.026203571428571402
SCSO,Zoo,3,161,4860,0.026203571428571402
SCSO,Zoo,3,162,4890,0.026203571428571402
SCSO,Zoo,3,163,4920,0.026203571428571402
SCSO,Zoo,3,164,4950,0.026203571428571402
SCSO,Zoo,3,165,4980,0.026203571428571402
SCSO,Zoo,3,166,5010,0.026203571428571402
SCSO,Zoo,3,167,5040,0.026203571428571402
SCSO,Zoo,3,168,5070,0.026203571428571402
SCSO,Zoo,3,169,5100,0.026203571428571402
SCSO,Zoo,3,170,5130,0.026203571428571402
SCSO,Zoo,3,171,5160,0.026203571428571402
SCSO,Zoo,3,172,5190,0.026203571428571402
SCSO,Zoo,3,173,5220,0.026203571428571402
SCSO,Zoo,3,174,5250,0.026203571428571402
SCSO,Zoo,3,175,5280,0.026203571428571402
SCSO,Zoo,3,176,5310,0.026203571428571402
SCSO,Zoo,3,177,5340,0.026203571428571402
SCSO,Zoo,3,178,5370,0.026203571428571402
SCSO,Zoo,3,179,5400,0.026203571428571402
SCSO,Zoo,3,180,5430,0.026203571428571402
SCSO,Zoo,3,181,5460,0.026203571428571402
SCSO,Zoo,3,182,5490,0.026203571428571402
SCSO,Zoo,3,183,5520,0.026203571428571402
SCSO,Zoo,3,184,5550,0.025578571428571402
SCSO,Zoo,3,185,5580,0.025578571428571402
SCSO,Zoo,3,186,5610,0.025578571428571402
SCSO,Zoo,3,187,5640,0.025578571428571402
SCSO,Zoo,3,188,5670,0.025578571428571402
SCSO,Zoo,3,189,5700,0.025578571428571402
SCSO,Zoo,3,190,5730,0.025578571428571402
SCSO,Zoo,3,191,5760,0.025578571428571402
SCSO,Zoo,3,192,5790,0.025578571428571402
SCSO,Zoo,3,193,5820,0.025578571428571402
SCSO,Zoo,3,194,5850,0.025578571428571402
SCSO,Zoo,3,195,5880,0.025578571428571402
SCSO,Zoo,3,196,5910,0.025578571428571402
SCSO,Zoo,3,197,5940,0.025578571428571402
SCSO,Zoo,3,198,5970,0.025578571428571402
SCSO,Zoo,3,199,6000,0.025578571428571402
SCSO,Zoo,3,200,6030,0.025578571428571402
SCSO,Zoo,3,201,6060,0.025578571428571402
SCSO,Zoo,3,202,6090,0.025578571428571402
SCSO,Zoo,3,203,6120,0.025578571428571402
SCSO,Zoo,3,204,6150,0.025578571428571402
SCSO,Zoo,3,205,6180,0.025578571428571402
SCSO,Zoo,3,206,6210,0.025578571428571402
SCSO,Zoo,3,207,6240,0.025578571428571402
SCSO,Zoo,3,208,6270,0.025578571428571402
SCSO,Zoo,3,209,6300,0.025578571428571402
SCSO,Zoo,3,210,6330,0.025578571428571402
SCSO,Zoo,3,211,6360,0.025578571428571402
SCSO,Zoo,3,212,6390,0.025578571428571402
SCSO,Zoo,3,213,6420,0.025578571428571402
SCSO,Zoo,3,214,6450,0.025578571428571402
SCSO,Zoo,3,215,6480,0.025578571428571402
SCSO,Zoo,3,216,6510,0.025578571428571402
SCSO,Zoo,3,217,6540,0.025578571428571402
SCSO,Zoo,3,218,6570,0.025578571428571402
SCSO,Zoo,3,219,6600,0.025578571428571402
SCSO,Zoo,3,220,6630,0.025578571428571402
SCSO,Zoo,3,221,6660,0.025578571428571402
SCSO,Zoo,3,222,6690,0.025578571428571402
SCSO,Zoo,3,223,6720,0.025578571428571402
SCSO,Zoo,3,224,6750,0.025578571428571402
SCSO,Zoo,3,225,6780,0.025578571428571402
SCSO,Zoo,3,226,6810,0.025578571428571402
SCSO,Zoo,3,227,6840,0.025578571428571402
SCSO,Zoo,3,228,6870,0.025578571428571402
SCSO,Zoo,3,229,6900,0.025578571428571402
SCSO,Zoo,3,230,6930,0.025578571428571402
SCSO,Zoo,3,231,6960,0.025578571428571402
SCSO,Zoo,3,232,6990,0.025578571428571402
SCSO,Zoo,3,233,7020,0.025578571428571402
SCSO,Zoo,3,234,7050,0.025578571428571402
SCSO,Zoo,3,235,7080,0.025578571428571402
SCSO,Zoo,3,236,7110,0.025578571428571402
SCSO,Zoo,3,237,7140,0.025578571428571402
SCSO,Zoo,3,238,7170,0.025578571428571402
SCSO,Zoo,3,239,7200,0.025578571428571402
SCSO,Zoo,3,240,7230,0.025578571428571402
SCSO,Zoo,3,241,7260,0.025578571428571402
SCSO,Zoo,3,242,7290,0.025578571428571402
SCSO,Zoo,3,243,7320,0.025578571428571402
SCSO,Zoo,3,244,7350,0.025578571428571402
SCSO,Zoo,3,245,7380,0.025578571428571402
SCSO,Zoo,3,246,7410,0.025578571428571402
SCSO,Zoo,3,247,7440,0.025578571428571402
SCSO,Zoo,3,248,7470,0.025578571428571402
SCSO,Zoo,3,249,7500,0.025578571428571402
SCSO,Zoo,3,250,7530,0.025578571428571402
SCSO,Zoo,3,251,7560,0.025578571428571402
SCSO,Zoo,3,252,7590,0.025578571428571402
SCSO,Zoo,3,253,7620,0.025578571428571402
SCSO,Zoo,3,254,7650,0.025578571428571402
SCSO,Zoo,3,255,7680,0.025578571428571402
SCSO,Zoo,3,256,7710,0.025578571428571402
SCSO,Zoo,3,257,7740,0.025578571428571402
SCSO,Zoo,3,258,7770,0.025578571428571402
SCSO,Zoo,3,259,7800,0.025578571428571402
SCSO,Zoo,3,260,7830,0.025578571428571402
SCSO,Zoo,3,261,7860,0.025578571428571402
SCSO,Zoo,3,262,7890,0.025578571428571402
SCSO,Zoo,3,263,7920,0.025578571428571402
SCSO,Zoo,3,264,7950,0.025578571428571402
SCSO,Zoo,3,265,7980,0.025578571428571402
SCSO,Zoo,3,266,8010,0.025578571428571402
SCSO,Zoo,3,267,8040,0.025578571428571402
SCSO,Zoo,3,268,8070,0.025578571428571402
SCSO,Zoo,3,269,8100,0.025578571428571402
SCSO,Zoo,3,270,8130,0.025578571428571402
SCSO,Zoo,3,271,8160,0.025578571428571402
SCSO,Zoo,3,272,8190,0.025578571428571402
SCSO,Zoo,3,273,8220,0.025578571428571402
SCSO,Zoo,3,274,8250,0.025578571428571402
SCSO,Zoo,3,275,8280,0.025578571428571402
SCSO,Zoo,3,276,8310,0.025578571428571402
SCSO,Zoo,3,277,8340,0.025578571428571402
SCSO,Zoo,3,278,8370,0.025578571428571402
SCSO,Zoo,3,279,8400,0.025578571428571402
SCSO,Zoo,3,280,8430,0.025578571428571402
SCSO,Zoo,3,281,8460,0.025578571428571402
SCSO,Zoo,3,282,8490,0.025578571428571402
SCSO,Zoo,3,283,8520,0.025578571428571402
SCSO,Zoo,3,284,8550,0.025578571428571402
SCSO,Zoo,3,285,8580,0.025578571428571402
SCSO,Zoo,3,286,8610,0.025578571428571402
SCSO,Zoo,3,287,8640,0.025578571428571402
SCSO,Zoo,3,288,8670,0.025578571428571402
SCSO,Zoo,3,289,8700,0.025578571428571402
SCSO,Zoo,3,290,8730,0.025578571428571402
SCSO,Zoo,3,291,8760,0.025578571428571402
SCSO,Zoo,3,292,8790,0.025578571428571402
SCSO,Zoo,3,293,8820,0.025578571428571402
SCSO,Zoo,3,294,8850,0.025578571428571402
SCSO,Zoo,3,295,8880,0.025578571428571402
SCSO,Zoo,3,296,8910,0.025578571428571402
SCSO,Zoo,3,297,8940,0.025578571428571402
SCSO,Zoo,3,298,8970,0.025578571428571402
SCSO,Zoo,3,299,9000,0.025578571428571402
SCSO,Zoo,3,300,9030,0.025578571428571402
SCSO,Zoo,3,301,9060,0.025578571428571402
SCSO,Zoo,3,302,9090,0.025578571428571402
SCSO,Zoo,3,303,9120,0.025578571428571402
SCSO,Zoo,3,304,9150,0.025578571428571402
SCSO,Zoo,3,305,9180,0.025578571428571402
SCSO,Zoo,3,306,9210,0.025578571428571402
SCSO,Zoo,3,307,9240,0.025578571428571402
SCSO,Zoo,3,308,9270,0.025578571428571402
SCSO,Zoo,3,309,9300,0.025578571428571402
SCSO,Zoo,3,310,9330,0.025578571428571402
SCSO,Zoo,3,311,9360,0.025578571428571402
SCSO,Zoo,3,312,9390,0.025578571428571402
SCSO,Zoo,3,313,9420,0.025578571428571402
SCSO,Zoo,3,314,9450,0.025578571428571402
SCSO,Zoo,3,315,9480,0.025578571428571402
SCSO,Zoo,3,316,9510,0.025578571428571402
SCSO,Zoo,3,317,9540,0.025578571428571402
SCSO,Zoo,3,318,9570,0.025578571428571402
SCSO,Zoo,3,319,9600,0.025578571428571402
SCSO,Zoo,3,320,9630,0.025578571428571402
SCSO,Zoo,3,321,9660,0.025578571428571402
SCSO,Zoo,3,322,9690,0.025578571428571402
SCSO,Zoo,3,323,9720,0.025578571428571402
SCSO,Zoo,3,324,9750,0.025578571428571402
SCSO,Zoo,3,325,9780,0.023078571428571403
SCSO,Zoo,3,326,9810,0.023078571428571403
SCSO,Zoo,3,327,9840,0.023078571428571403
SCSO,Zoo,3,328,9870,0.023078571428571403
SCSO,Zoo,3,329,9900,0.023078571428571403
SCSO,Zoo,3,330,9930,0.023078571428571403
SCSO,Zoo,3,331,9960,0.023078571428571403
SCSO,Zoo,3,332,9990,0.023078571428571403
SCSO,Zoo,3,333,10020,0.023078571428571403
SCSO,Zoo,3,334,10050,0.023078571428571403
SCSO,Zoo,3,335,10080,0.023078571428571403
SCSO,Zoo,3,336,10110,0.023078571428571403
SCSO,Zoo,3,337,10140,0.023078571428571403
SCSO,Zoo,3,338,10170,0.023078571428571403
SCSO,Zoo,3,339,10200,0.023078571428571403
SCSO,Zoo,3,340,10230,0.023078571428571403
SCSO,Zoo,3,341,10260,0.023078571428571403
SCSO,Zoo,3,342,10290,0.023078571428571403
SCSO,Zoo,3,343,10320,0.023078571428571403
SCSO,Zoo,3,344,10350,0.023078571428571403
SCSO,Zoo,3,345,10380,0.023078571428571403
SCSO,Zoo,3,346,10410,0.023078571428571403
SCSO,Zoo,3,347,10440,0.023078571428571403
SCSO,Zoo,3,348,10470,0.023078571428571403
SCSO,Zoo,3,349,10500,0.023078571428571403
SCSO,Zoo,3,350,10530,0.023078571428571403
SCSO,Zoo,3,351,10560,0.023078571428571403
SCSO,Zoo,3,352,10590,0.023078571428571403
SCSO,Zoo,3,353,10620,0.023078571428571403
SCSO,Zoo,3,354,10650,0.023078571428571403
SCSO,Zoo,3,355,10680,0.023078571428571403
SCSO,Zoo,3,356,10710,0.023078571428571403
SCSO,Zoo,3,357,10740,0.023078571428571403
SCSO,Zoo,3,358,10770,0.023078571428571403
SCSO,Zoo,3,359,10800,0.023078571428571403
SCSO,Zoo,3,360,10830,0.023078571428571403
SCSO,Zoo,3,361,10860,0.023078571428571403
SCSO,Zoo,3,362,10890,0.023078571428571403
SCSO,Zoo,3,363,10920,0.023078571428571403
SCSO,Zoo,3,364,10950,0.023078571428571403
SCSO,Zoo,3,365,10980,0.023078571428571403
SCSO,Zoo,3,366,11010,0.023078571428571403
SCSO,Zoo,3,367,11040,0.023078571428571403
SCSO,Zoo,3,368,11070,0.023078571428571403
SCSO,Zoo,3,369,11100,0.023078571428571403
SCSO,Zoo,3,370,11130,0.023078571428571403
SCSO,Zoo,3,371,11160,0.023078571428571403
SCSO,Zoo,3,372,11190,0.023078571428571403
SCSO,Zoo,3,373,11220,0.023078571428571403
SCSO,Zoo,3,374,11250,0.023078571428571403
SCSO,Zoo,3,375,11280,0.023078571428571403
SCSO,Zoo,3,376,11310,0.023078571428571403
SCSO,Zoo,3,377,11340,0.023078571428571403
SCSO,Zoo,3,378,11370,0.023078571428571403
SCSO,Zoo,3,379,11400,0.023078571428571403
SCSO,Zoo,3,380,11430,0.023078571428571403
SCSO,Zoo,3,381,11460,0.023078571428571403
SCSO,Zoo,3,382,11490,0.023078571428571403
SCSO,Zoo,3,383,11520,0.023078571428571403
SCSO,Zoo,3,384,11550,0.023078571428571403
SCSO,Zoo,3,385,11580,0.023078571428571403
SCSO,Zoo,3,386,11610,0.023078571428571403
SCSO,Zoo,3,387,11640,0.023078571428571403
SCSO,Zoo,3,388,11670,0.023078571428571403
SCSO,Zoo,3,389,11700,0.023078571428571403
SCSO,Zoo,3,390,11730,0.023078571428571403
SCSO,Zoo,3,391,11760,0.023078571428571403
SCSO,Zoo,3,392,11790,0.023078571428571403
SCSO,Zoo,3,393,11820,0.023078571428571403
SCSO,Zoo,3,394,11850,0.023078571428571403
SCSO,Zoo,3,395,11880,0.023078571428571403
SCSO,Zoo,3,396,11910,0.023078571428571403
SCSO,Zoo,3,397,11940,0.023078571428571403
SCSO,Zoo,3,398,11970,0.023078571428571403
SCSO,Zoo,3,399,12000,0.023078571428571403
SCSO,Zoo,3,400,12030,0.023078571428571403
SCSO,Zoo,3,401,12060,0.023078571428571403
SCSO,Zoo,3,402,12090,0.023078571428571403
SCSO,Zoo,3,403,12120,0.023078571428571403
SCSO,Zoo,3,404,12150,0.023078571428571403
SCSO,Zoo,3,405,12180,0.023078571428571403
SCSO,Zoo,3,406,12210,0.023078571428571403
SCSO,Zoo,3,407,12240,0.023078571428571403
SCSO,Zoo,3,408,12270,0.023078571428571403
SCSO,Zoo,3,409,12300,0.023078571428571403
SCSO,Zoo,3,410,12330,0.023078571428571403
SCSO,Zoo,3,411,12360,0.023078571428571403
SCSO,Zoo,3,412,12390,0.023078571428571403
SCSO,Zoo,3,413,12420,0.023078571428571403
SCSO,Zoo,3,414,12450,0.023078571428571403
SCSO,Zoo,3,415,12480,0.023078571428571403
SCSO,Zoo,3,416,12510,0.023078571428571403
SCSO,Zoo,3,417,12540,0.023078571428571403
SCSO,Zoo,3,418,12570,0.023078571428571403
SCSO,Zoo,3,419,12600,0.023078571428571403
SCSO,Zoo,3,420,12630,0.023078571428571403
SCSO,Zoo,3,421,12660,0.023078571428571403
SCSO,Zoo,3,422,12690,0.023078571428571403
SCSO,Zoo,3,423,12720,0.023078571428571403
SCSO,Zoo,3,424,12750,0.023078571428571403
SCSO,Zoo,3,425,12780,0.023078571428571403
SCSO,Zoo,3,426,12810,0.023078571428571403
SCSO,Zoo,3,427,12840,0.023078571428571403
SCSO,Zoo,3,428,12870,0.023078571428571403
SCSO,Zoo,3,429,12900,0.023078571428571403
SCSO,Zoo,3,430,12930,0.023078571428571403
SCSO,Zoo,3,431,12960,0.023078571428571403
SCSO,Zoo,3,432,12990,0.023078571428571403
SCSO,Zoo,3,433,13020,0.023078571428571403
SCSO,Zoo,3,434,13050,0.023078571428571403
SCSO,Zoo,3,435,13080,0.023078571428571403
SCSO,Zoo,3,436,13110,0.023078571428571403
SCSO,Zoo,3,437,13140,0.023078571428571403
SCSO,Zoo,3,438,13170,0.023078571428571403
SCSO,Zoo,3,439,13200,0.023078571428571403
SCSO,Zoo,3,440,13230,0.023078571428571403
SCSO,Zoo,3,441,13260,0.023078571428571403
SCSO,Zoo,3,442,13290,0.023078571428571403
SCSO,Zoo,3,443,13320,0.023078571428571403
SCSO,Zoo,3,444,13350,0.023078571428571403
SCSO,Zoo,3,445,13380,0.023078571428571403
SCSO,Zoo,3,446,13410,0.023078571428571403
SCSO,Zoo,3,447,13440,0.023078571428571403
SCSO,Zoo,3,448,13470,0.023078571428571403
SCSO,Zoo,3,449,13500,0.023078571428571403
SCSO,Zoo,3,450,13530,0.023078571428571403
SCSO,Zoo,3,451,13560,0.023078571428571403
SCSO,Zoo,3,452,13590,0.023078571428571403
SCSO,Zoo,3,453,13620,0.023078571428571403
SCSO,Zoo,3,454,13650,0.023078571428571403
SCSO,Zoo,3,455,13680,0.023078571428571403
SCSO,Zoo,3,456,13710,0.023078571428571403
SCSO,Zoo,3,457,13740,0.023078571428571403
SCSO,Zoo,3,458,13770,0.023078571428571403
SCSO,Zoo,3,459,13800,0.023078571428571403
SCSO,Zoo,3,460,13830,0.023078571428571403
SCSO,Zoo,3,461,13860,0.023078571428571403
SCSO,Zoo,3,462,13890,0.023078571428571403
SCSO,Zoo,3,463,13920,0.023078571428571403
SCSO,Zoo,3,464,13950,0.023078571428571403
SCSO,Zoo,3,465,13980,0.023078571428571403
SCSO,Zoo,3,466,14010,0.023078571428571403
SCSO,Zoo,3,467,14040,0.023078571428571403
SCSO,Zoo,3,468,14070,0.023078571428571403
SCSO,Zoo,3,469,14100,0.023078571428571403
SCSO,Zoo,3,470,14130,0.023078571428571403
SCSO,Zoo,3,471,14160,0.023078571428571403
SCSO,Zoo,3,472,14190,0.023078571428571403
SCSO,Zoo,3,473,14220,0.023078571428571403
SCSO,Zoo,3,474,14250,0.023078571428571403
SCSO,Zoo,3,475,14280,0.023078571428571403
SCSO,Zoo,3,476,14310,0.023078571428571403
SCSO,Zoo,3,477,14340,0.023078571428571403
SCSO,Zoo,3,478,14370,0.023078571428571403
SCSO,Zoo,3,479,14400,0.023078571428571403
SCSO,Zoo,3,480,14430,0.023078571428571403
SCSO,Zoo,3,481,14460,0.023078571428571403
SCSO,Zoo,3,482,14490,0.023078571428571403
SCSO,Zoo,3,483,14520,0.023078571428571403
SCSO,Zoo,3,484,14550,0.023078571428571403
SCSO,Zoo,3,485,14580,0.023078571428571403
SCSO,Zoo,3,486,14610,0.023078571428571403
SCSO,Zoo,3,487,14640,0.023078571428571403
SCSO,Zoo,3,488,14670,0.023078571428571403
SCSO,Zoo,3,489,14700,0.023078571428571403
SCSO,Zoo,3,490,14730,0.023078571428571403
SCSO,Zoo,3,491,14760,0.023078571428571403
SCSO,Zoo,3,492,14790,0.023078571428571403
SCSO,Zoo,3,493,14820,0.023078571428571403
SCSO,Zoo,3,494,14850,0.023078571428571403
SCSO,Zoo,3,495,14880,0.023078571428571403
SCSO,Zoo,3,496,14910,0.023078571428571403
SCSO,Zoo,3,497,14940,0.023078571428571403
SCSO,Zoo,3,498,14970,0.023078571428571403
SCSO,Zoo,3,499,15000,0.023078571428571403
SCSO,Zoo,4,0,30,0.054653571428571426
SCSO,Zoo,4,1,60,0.054653571428571426
SCSO,Zoo,4,2,90,0.054653571428571426
SCSO,Zoo,4,3,120,0.04600357142857142
SCSO,Zoo,4,4,150,0.04600357142857142
SCSO,Zoo,4,5,180,0.04600357142857142
SCSO,Zoo,4,6,210,0.04600357142857142
SCSO,Zoo,4,7,240,0.04600357142857142
SCSO,Zoo,4,8,270,0.04600357142857142
SCSO,Zoo,4,9,300,0.04600357142857142
SCSO,Zoo,4,10,330,0.04600357142857142
SCSO,Zoo,4,11,360,0.04600357142857142
SCSO,Zoo,4,12,390,0.04600357142857142
SCSO,Zoo,4,13,420,0.04600357142857142
SCSO,Zoo,4,14,450,0.04600357142857142
SCSO,Zoo,4,15,480,0.04600357142857142
SCSO,Zoo,4,16,510,0.04600357142857142
SCSO,Zoo,4,17,540,0.04600357142857142
SCSO,Zoo,4,18,570,0.044282142857142916
SCSO,Zoo,4,19,600,0.03250714285714291
SCSO,Zoo,4,20,630,0.03250714285714291
SCSO,Zoo,4,21,660,0.03250714285714291
SCSO,Zoo,4,22,690,0.03250714285714291
SCSO,Zoo,4,23,720,0.03250714285714291
SCSO,Zoo,4,24,750,0.03250714285714291
SCSO,Zoo,4,25,780,0.03250714285714291
SCSO,Zoo,4,26,810,0.03250714285714291
SCSO,Zoo,4,27,840,0.03250714285714291
SCSO,Zoo,4,28,870,0.03250714285714291
SCSO,Zoo,4,29,900,0.03250714285714291
SCSO,Zoo,4,30,930,0.03250714285714291
SCSO,Zoo,4,31,960,0.03250714285714291
SCSO,Zoo,4,32,990,0.03250714285714291
SCSO,Zoo,4,33,1020,0.03250714285714291
SCSO,Zoo,4,34,1050,0.03250714285714291
SCSO,Zoo,4,35,1080,0.03250714285714291
SCSO,Zoo,4,36,1110,0.03250714285714291
SCSO,Zoo,4,37,1140,0.03250714285714291
SCSO,Zoo,4,38,1170,0.03250714285714291
SCSO,Zoo,4,39,1200,0.03250714285714291
SCSO,Zoo,4,40,1230,0.03250714285714291
SCSO,Zoo,4,41,1260,0.03250714285714291
SCSO,Zoo,4,42,1290,0.03250714285714291
SCSO,Zoo,4,43,1320,0.03250714285714291
SCSO,Zoo,4,44,1350,0.03250714285714291
SCSO,Zoo,4,45,1380,0.03250714285714291
SCSO,Zoo,4,46,1410,0.03250714285714291
SCSO,Zoo,4,47,1440,0.03250714285714291
SCSO,Zoo,4,48,1470,0.03250714285714291
SCSO,Zoo,4,49,1500,0.03250714285714291
SCSO,Zoo,4,50,1530,0.03250714285714291
SCSO,Zoo,4,51,1560,0.03250714285714291
SCSO,Zoo,4,52,1590,0.03250714285714291
SCSO,Zoo,4,53,1620,0.03250714285714291
SCSO,Zoo,4,54,1650,0.03250714285714291
SCSO,Zoo,4,55,1680,0.03250714285714291
SCSO,Zoo,4,56,1710,0.03250714285714291
SCSO,Zoo,4,57,1740,0.03250714285714291
SCSO,Zoo,4,58,1770,0.03250714285714291
SCSO,Zoo,4,59,1800,0.03250714285714291
SCSO,Zoo,4,60,1830,0.03250714285714291
SCSO,Zoo,4,61,1860,0.03250714285714291
SCSO,Zoo,4,62,1890,0.03250714285714291
SCSO,Zoo,4,63,1920,0.03250714285714291
SCSO,Zoo,4,64,1950,0.03250714285714291
SCSO,Zoo,4,65,1980,0.03250714285714291
SCSO,Zoo,4,66,2010,0.03250714285714291
SCSO,Zoo,4,67,2040,0.03250714285714291
SCSO,Zoo,4,68,2070,0.03250714285714291
SCSO,Zoo,4,69,2100,0.03250714285714291
SCSO,Zoo,4,70,2130,0.03250714285714291
SCSO,Zoo,4,71,2160,0.03250714285714291
SCSO,Zoo,4,72,2190,0.03250714285714291
SCSO,Zoo,4,73,2220,0.03250714285714291
SCSO,Zoo,4,74,2250,0.03250714285714291
SCSO,Zoo,4,75,2280,0.03250714285714291
SCSO,Zoo,4,76,2310,0.03250714285714291
SCSO,Zoo,4,77,2340,0.03250714285714291
SCSO,Zoo,4,78,2370,0.03250714285714291
SCSO,Zoo,4,79,2400,0.03250714285714291
SCSO,Zoo,4,80,2430,0.03250714285714291
SCSO,Zoo,4,81,2460,0.03250714285714291
SCSO,Zoo,4,82,2490,0.03250714285714291
SCSO,Zoo,4,83,2520,0.03250714285714291
SCSO,Zoo,4,84,2550,0.03250714285714291
SCSO,Zoo,4,85,2580,0.03250714285714291
SCSO,Zoo,4,86,2610,0.03250714285714291
SCSO,Zoo,4,87,2640,0.03250714285714291
SCSO,Zoo,4,88,2670,0.03250714285714291
SCSO,Zoo,4,89,2700,0.03250714285714291
SCSO,Zoo,4,90,2730,0.03250714285714291
SCSO,Zoo,4,91,2760,0.03250714285714291
SCSO,Zoo,4,92,2790,0.03250714285714291
SCSO,Zoo,4,93,2820,0.03250714285714291
SCSO,Zoo,4,94,2850,0.03250714285714291
SCSO,Zoo,4,95,2880,0.03250714285714291
SCSO,Zoo,4,96,2910,0.03250714285714291
SCSO,Zoo,4,97,2940,0.03250714285714291
SCSO,Zoo,4,98,2970,0.026828571428571514
SCSO,Zoo,4,99,3000,0.026828571428571514
SCSO,Zoo,4,100,3030,0.026828571428571514
SCSO,Zoo,4,101,3060,0.026828571428571514
SCSO,Zoo,4,102,3090,0.026828571428571514
SCSO,Zoo,4,103,3120,0.026828571428571514
SCSO,Zoo,4,104,3150,0.026828571428571514
SCSO,Zoo,4,105,3180,0.026828571428571514
SCSO,Zoo,4,106,3210,0.026828571428571514
SCSO,Zoo,4,107,3240,0.026828571428571514
SCSO,Zoo,4,108,3270,0.026828571428571514
SCSO,Zoo,4,109,3300,0.026828571428571514
SCSO,Zoo,4,110,3330,0.025578571428571513
SCSO,Zoo,4,111,3360,0.025578571428571513
SCSO,Zoo,4,112,3390,0.025578571428571513
SCSO,Zoo,4,113,3420,0.025578571428571513
SCSO,Zoo,4,114,3450,0.025578571428571513
SCSO,Zoo,4,115,3480,0.025578571428571513
SCSO,Zoo,4,116,3510,0.025578571428571513
SCSO,Zoo,4,117,3540,0.025578571428571513
SCSO,Zoo,4,118,3570,0.025578571428571513
SCSO,Zoo,4,119,3600,0.025578571428571513
SCSO,Zoo,4,120,3630,0.025578571428571513
SCSO,Zoo,4,121,3660,0.025578571428571513
SCSO,Zoo,4,122,3690,0.025578571428571513
SCSO,Zoo,4,123,3720,0.025578571428571513
SCSO,Zoo,4,124,3750,0.025578571428571513
SCSO,Zoo,4,125,3780,0.025578571428571513
SCSO,Zoo,4,126,3810,0.025578571428571513
SCSO,Zoo,4,127,3840,0.025578571428571513
SCSO,Zoo,4,128,3870,0.025578571428571513
SCSO,Zoo,4,129,3900,0.025578571428571513
SCSO,Zoo,4,130,3930,0.025578571428571513
SCSO,Zoo,4,131,3960,0.025578571428571513
SCSO,Zoo,4,132,3990,0.025578571428571513
SCSO,Zoo,4,133,4020,0.025578571428571513
SCSO,Zoo,4,134,4050,0.025578571428571513
SCSO,Zoo,4,135,4080,0.025578571428571513
SCSO,Zoo,4,136,4110,0.025578571428571513
SCSO,Zoo,4,137,4140,0.025578571428571513
SCSO,Zoo,4,138,4170,0.025578571428571513
SCSO,Zoo,4,139,4200,0.025578571428571513
SCSO,Zoo,4,140,4230,0.025578571428571513
SCSO,Zoo,4,141,4260,0.025578571428571513
SCSO,Zoo,4,142,4290,0.025578571428571513
SCSO,Zoo,4,143,4320,0.025578571428571513
SCSO,Zoo,4,144,4350,0.025578571428571513
SCSO,Zoo,4,145,4380,0.025578571428571513
SCSO,Zoo,4,146,4410,0.025578571428571513
SCSO,Zoo,4,147,4440,0.025578571428571513
SCSO,Zoo,4,148,4470,0.025578571428571513
SCSO,Zoo,4,149,4500,0.025578571428571513
SCSO,Zoo,4,150,4530,0.025578571428571513
SCSO,Zoo,4,151,4560,0.025578571428571513
SCSO,Zoo,4,152,4590,0.025578571428571513
SCSO,Zoo,4,153,4620,0.025578571428571513
SCSO,Zoo,4,154,4650,0.025578571428571513
SCSO,Zoo,4,155,4680,0.025578571428571513
SCSO,Zoo,4,156,4710,0.025578571428571513
SCSO,Zoo,4,157,4740,0.025578571428571513
SCSO,Zoo,4,158,4770,0.025578571428571513
SCSO,Zoo,4,159,4800,0.025578571428571513
SCSO,Zoo,4,160,4830,0.025578571428571513
SCSO,Zoo,4,161,4860,0.025578571428571513
SCSO,Zoo,4,162,4890,0.025578571428571513
SCSO,Zoo,4,163,4920,0.025578571428571513
SCSO,Zoo,4,164,4950,0.025578571428571513
SCSO,Zoo,4,165,4980,0.025578571428571513
SCSO,Zoo,4,166,5010,0.025578571428571513
SCSO,Zoo,4,167,5040,0.025578571428571513
SCSO,Zoo,4,168,5070,0.025578571428571513
SCSO,Zoo,4,169,5100,0.025578571428571513
SCSO,Zoo,4,170,5130,0.025578571428571513
SCSO,Zoo,4,171,5160,0.025578571428571513
SCSO,Zoo,4,172,5190,0.025578571428571513
SCSO,Zoo,4,173,5220,0.025578571428571513
SCSO,Zoo,4,174,5250,0.025578571428571513
SCSO,Zoo,4,175,5280,0.025578571428571513
SCSO,Zoo,4,176,5310,0.025578571428571513
SCSO,Zoo,4,177,5340,0.025578571428571513
SCSO,Zoo,4,178,5370,0.025578571428571513
SCSO,Zoo,4,179,5400,0.025578571428571513
SCSO,Zoo,4,180,5430,0.025578571428571513
SCSO,Zoo,4,181,5460,0.025578571428571513
SCSO,Zoo,4,182,5490,0.025578571428571513
SCSO,Zoo,4,183,5520,0.025578571428571513
SCSO,Zoo,4,184,5550,0.025578571428571513
SCSO,Zoo,4,185,5580,0.025578571428571513
SCSO,Zoo,4,186,5610,0.025578571428571513
SCSO,Zoo,4,187,5640,0.025578571428571513
SCSO,Zoo,4,188,5670,0.025578571428571513
SCSO,Zoo,4,189,5700,0.025578571428571513
SCSO,Zoo,4,190,5730,0.025578571428571513
SCSO,Zoo,4,191,5760,0.025578571428571513
SCSO,Zoo,4,192,5790,0.025578571428571513
SCSO,Zoo,4,193,5820,0.025578571428571513
SCSO,Zoo,4,194,5850,0.025578571428571513
SCSO,Zoo,4,195,5880,0.025578571428571513
SCSO,Zoo,4,196,5910,0.025578571428571513
SCSO,Zoo,4,197,5940,0.025578571428571513
SCSO,Zoo,4,198,5970,0.025578571428571513
SCSO,Zoo,4,199,6000,0.025578571428571513
SCSO,Zoo,4,200,6030,0.025578571428571513
SCSO,Zoo,4,201,6060,0.025578571428571513
SCSO,Zoo,4,202,6090,0.025578571428571513
SCSO,Zoo,4,203,6120,0.025578571428571513
SCSO,Zoo,4,204,6150,0.025578571428571513
SCSO,Zoo,4,205,6180,0.025578571428571513
SCSO,Zoo,4,206,6210,0.025578571428571513
SCSO,Zoo,4,207,6240,0.025578571428571513
SCSO,Zoo,4,208,6270,0.025578571428571513
SCSO,Zoo,4,209,6300,0.025578571428571513
SCSO,Zoo,4,210,6330,0.025578571428571513
SCSO,Zoo,4,211,6360,0.025578571428571513
SCSO,Zoo,4,212,6390,0.025578571428571513
SCSO,Zoo,4,213,6420,0.025578571428571513
SCSO,Zoo,4,214,6450,0.025578571428571513
SCSO,Zoo,4,215,6480,0.025578571428571513
SCSO,Zoo,4,216,6510,0.025578571428571513
SCSO,Zoo,4,217,6540,0.025578571428571513
SCSO,Zoo,4,218,6570,0.025578571428571513
SCSO,Zoo,4,219,6600,0.025578571428571513
SCSO,Zoo,4,220,6630,0.025578571428571513
SCSO,Zoo,4,221,6660,0.025578571428571513
SCSO,Zoo,4,222,6690,0.025578571428571513
SCSO,Zoo,4,223,6720,0.025578571428571513
SCSO,Zoo,4,224,6750,0.025578571428571513
SCSO,Zoo,4,225,6780,0.025578571428571513
SCSO,Zoo,4,226,6810,0.025578571428571513
SCSO,Zoo,4,227,6840,0.025578571428571513
SCSO,Zoo,4,228,6870,0.025578571428571513
SCSO,Zoo,4,229,6900,0.025578571428571513
SCSO,Zoo,4,230,6930,0.025578571428571513
SCSO,Zoo,4,231,6960,0.025578571428571513
SCSO,Zoo,4,232,6990,0.025578571428571513
SCSO,Zoo,4,233,7020,0.025578571428571513
SCSO,Zoo,4,234,7050,0.025578571428571513
SCSO,Zoo,4,235,7080,0.025578571428571513
SCSO,Zoo,4,236,7110,0.025578571428571513
SCSO,Zoo,4,237,7140,0.025578571428571513
SCSO,Zoo,4,238,7170,0.025578571428571513
SCSO,Zoo,4,239,7200,0.025578571428571513
SCSO,Zoo,4,240,7230,0.025578571428571513
SCSO,Zoo,4,241,7260,0.025578571428571513
SCSO,Zoo,4,242,7290,0.025578571428571513
SCSO,Zoo,4,243,7320,0.025578571428571513
SCSO,Zoo,4,244,7350,0.025578571428571513
SCSO,Zoo,4,245,7380,0.025578571428571513
SCSO,Zoo,4,246,7410,0.025578571428571513
SCSO,Zoo,4,247,7440,0.025578571428571513
SCSO,Zoo,4,248,7470,0.025578571428571513
SCSO,Zoo,4,249,7500,0.025578571428571513
SCSO,Zoo,4,250,7530,0.025578571428571513
SCSO,Zoo,4,251,7560,0.025578571428571513
SCSO,Zoo,4,252,7590,0.025578571428571513
SCSO,Zoo,4,253,7620,0.025578571428571513
SCSO,Zoo,4,254,7650,0.025578571428571513
SCSO,Zoo,4,255,7680,0.025578571428571513
SCSO,Zoo,4,256,7710,0.025578571428571513
SCSO,Zoo,4,257,7740,0.025578571428571513
SCSO,Zoo,4,258,7770,0.025578571428571513
SCSO,Zoo,4,259,7800,0.025578571428571513
SCSO,Zoo,4,260,7830,0.025578571428571513
SCSO,Zoo,4,261,7860,0.025578571428571513
SCSO,Zoo,4,262,7890,0.025578571428571513
SCSO,Zoo,4,263,7920,0.025578571428571513
SCSO,Zoo,4,264,7950,0.025578571428571513
SCSO,Zoo,4,265,7980,0.025578571428571513
SCSO,Zoo,4,266,8010,0.025578571428571513
SCSO,Zoo,4,267,8040,0.025578571428571513
SCSO,Zoo,4,268,8070,0.025578571428571513
SCSO,Zoo,4,269,8100,0.025578571428571513
SCSO,Zoo,4,270,8130,0.025578571428571513
SCSO,Zoo,4,271,8160,0.025578571428571513
SCSO,Zoo,4,272,8190,0.025578571428571513
SCSO,Zoo,4,273,8220,0.025578571428571513
SCSO,Zoo,4,274,8250,0.025578571428571513
SCSO,Zoo,4,275,8280,0.025578571428571513
SCSO,Zoo,4,276,8310,0.025578571428571513
SCSO,Zoo,4,277,8340,0.025578571428571513
SCSO,Zoo,4,278,8370,0.025578571428571513
SCSO,Zoo,4,279,8400,0.025578571428571513
SCSO,Zoo,4,280,8430,0.025578571428571513
SCSO,Zoo,4,281,8460,0.025578571428571513
SCSO,Zoo,4,282,8490,0.025578571428571513
SCSO,Zoo,4,283,8520,0.025578571428571513
SCSO,Zoo,4,284,8550,0.025578571428571513
SCSO,Zoo,4,285,8580,0.025578571428571513
SCSO,Zoo,4,286,8610,0.025578571428571513
SCSO,Zoo,4,287,8640,0.025578571428571513
SCSO,Zoo,4,288,8670,0.025578571428571513
SCSO,Zoo,4,289,8700,0.025578571428571513
SCSO,Zoo,4,290,8730,0.025578571428571513
SCSO,Zoo,4,291,8760,0.025578571428571513
SCSO,Zoo,4,292,8790,0.025578571428571513
SCSO,Zoo,4,293,8820,0.025578571428571513
SCSO,Zoo,4,294,8850,0.025578571428571513
SCSO,Zoo,4,295,8880,0.025578571428571513
SCSO,Zoo,4,296,8910,0.025578571428571513
SCSO,Zoo,4,297,8940,0.025578571428571513
SCSO,Zoo,4,298,8970,0.025578571428571513
SCSO,Zoo,4,299,9000,0.025578571428571513
SCSO,Zoo,4,300,9030,0.025578571428571513
SCSO,Zoo,4,301,9060,0.025578571428571513
SCSO,Zoo,4,302,9090,0.025578571428571513
SCSO,Zoo,4,303,9120,0.025578571428571513
SCSO,Zoo,4,304,9150,0.025578571428571513
SCSO,Zoo,4,305,9180,0.025578571428571513
SCSO,Zoo,4,306,9210,0.025578571428571513
SCSO,Zoo,4,307,9240,0.025578571428571513
SCSO,Zoo,4,308,9270,0.025578571428571513
SCSO,Zoo,4,309,9300,0.025578571428571513
SCSO,Zoo,4,310,9330,0.025578571428571513
SCSO,Zoo,4,311,9360,0.025578571428571513
SCSO,Zoo,4,312,9390,0.025578571428571513
SCSO,Zoo,4,313,9420,0.025578571428571513
SCSO,Zoo,4,314,9450,0.025578571428571513
SCSO,Zoo,4,315,9480,0.025578571428571513
SCSO,Zoo,4,316,9510,0.025578571428571513
SCSO,Zoo,4,317,9540,0.025578571428571513
SCSO,Zoo,4,318,9570,0.025578571428571513
SCSO,Zoo,4,319,9600,0.025578571428571513
SCSO,Zoo,4,320,9630,0.025578571428571513
SCSO,Zoo,4,321,9660,0.025578571428571513
SCSO,Zoo,4,322,9690,0.025578571428571513
SCSO,Zoo,4,323,9720,0.025578571428571513
SCSO,Zoo,4,324,9750,0.025578571428571513
SCSO,Zoo,4,325,9780,0.025578571428571513
SCSO,Zoo,4,326,9810,0.025578571428571513
SCSO,Zoo,4,327,9840,0.025578571428571513
SCSO,Zoo,4,328,9870,0.025578571428571513
SCSO,Zoo,4,329,9900,0.025578571428571513
SCSO,Zoo,4,330,9930,0.025578571428571513
SCSO,Zoo,4,331,9960,0.025578571428571513
SCSO,Zoo,4,332,9990,0.025578571428571513
SCSO,Zoo,4,333,10020,0.025578571428571513
SCSO,Zoo,4,334,10050,0.025578571428571513
SCSO,Zoo,4,335,10080,0.025578571428571513
SCSO,Zoo,4,336,10110,0.025578571428571513
SCSO,Zoo,4,337,10140,0.025578571428571513
SCSO,Zoo,4,338,10170,0.025578571428571513
SCSO,Zoo,4,339,10200,0.023078571428571514
SCSO,Zoo,4,340,10230,0.023078571428571514
SCSO,Zoo,4,341,10260,0.023078571428571514
SCSO,Zoo,4,342,10290,0.023078571428571514
SCSO,Zoo,4,343,10320,0.023078571428571514
SCSO,Zoo,4,344,10350,0.023078571428571514
SCSO,Zoo,4,345,10380,0.023078571428571514
SCSO,Zoo,4,346,10410,0.023078571428571514
SCSO,Zoo,4,347,10440,0.023078571428571514
SCSO,Zoo,4,348,10470,0.023078571428571514
SCSO,Zoo,4,349,10500,0.023078571428571514
SCSO,Zoo,4,350,10530,0.023078571428571514
SCSO,Zoo,4,351,10560,0.023078571428571514
SCSO,Zoo,4,352,10590,0.023078571428571514
SCSO,Zoo,4,353,10620,0.023078571428571514
SCSO,Zoo,4,354,10650,0.023078571428571514
SCSO,Zoo,4,355,10680,0.023078571428571514
SCSO,Zoo,4,356,10710,0.023078571428571514
SCSO,Zoo,4,357,10740,0.023078571428571514
SCSO,Zoo,4,358,10770,0.023078571428571514
SCSO,Zoo,4,359,10800,0.023078571428571514
SCSO,Zoo,4,360,10830,0.023078571428571514
SCSO,Zoo,4,361,10860,0.023078571428571514
SCSO,Zoo,4,362,10890,0.023078571428571514
SCSO,Zoo,4,363,10920,0.023078571428571514
SCSO,Zoo,4,364,10950,0.023078571428571514
SCSO,Zoo,4,365,10980,0.023078571428571514
SCSO,Zoo,4,366,11010,0.023078571428571514
SCSO,Zoo,4,367,11040,0.023078571428571514
SCSO,Zoo,4,368,11070,0.023078571428571514
SCSO,Zoo,4,369,11100,0.023078571428571514
SCSO,Zoo,4,370,11130,0.023078571428571514
SCSO,Zoo,4,371,11160,0.023078571428571514
SCSO,Zoo,4,372,11190,0.023078571428571514
SCSO,Zoo,4,373,11220,0.023078571428571514
SCSO,Zoo,4,374,11250,0.023078571428571514
SCSO,Zoo,4,375,11280,0.023078571428571514
SCSO,Zoo,4,376,11310,0.023078571428571514
SCSO,Zoo,4,377,11340,0.023078571428571514
SCSO,Zoo,4,378,11370,0.023078571428571514
SCSO,Zoo,4,379,11400,0.023078571428571514
SCSO,Zoo,4,380,11430,0.023078571428571514
SCSO,Zoo,4,381,11460,0.023078571428571514
SCSO,Zoo,4,382,11490,0.023078571428571514
SCSO,Zoo,4,383,11520,0.023078571428571514
SCSO,Zoo,4,384,11550,0.023078571428571514
SCSO,Zoo,4,385,11580,0.023078571428571514
SCSO,Zoo,4,386,11610,0.023078571428571514
SCSO,Zoo,4,387,11640,0.023078571428571514
SCSO,Zoo,4,388,11670,0.023078571428571514
SCSO,Zoo,4,389,11700,0.023078571428571514
SCSO,Zoo,4,390,11730,0.023078571428571514
SCSO,Zoo,4,391,11760,0.023078571428571514
SCSO,Zoo,4,392,11790,0.023078571428571514
SCSO,Zoo,4,393,11820,0.023078571428571514
SCSO,Zoo,4,394,11850,0.023078571428571514
SCSO,Zoo,4,395,11880,0.023078571428571514
SCSO,Zoo,4,396,11910,0.023078571428571514
SCSO,Zoo,4,397,11940,0.023078571428571514
SCSO,Zoo,4,398,11970,0.023078571428571514
SCSO,Zoo,4,399,12000,0.023078571428571514
SCSO,Zoo,4,400,12030,0.023078571428571514
SCSO,Zoo,4,401,12060,0.023078571428571514
SCSO,Zoo,4,402,12090,0.023078571428571514
SCSO,Zoo,4,403,12120,0.023078571428571514
SCSO,Zoo,4,404,12150,0.023078571428571514
SCSO,Zoo,4,405,12180,0.023078571428571514
SCSO,Zoo,4,406,12210,0.023078571428571514
SCSO,Zoo,4,407,12240,0.023078571428571514
SCSO,Zoo,4,408,12270,0.023078571428571514
SCSO,Zoo,4,409,12300,0.023078571428571514
SCSO,Zoo,4,410,12330,0.023078571428571514
SCSO,Zoo,4,411,12360,0.023078571428571514
SCSO,Zoo,4,412,12390,0.023078571428571514
SCSO,Zoo,4,413,12420,0.023078571428571514
SCSO,Zoo,4,414,12450,0.023078571428571514
SCSO,Zoo,4,415,12480,0.023078571428571514
SCSO,Zoo,4,416,12510,0.023078571428571514
SCSO,Zoo,4,417,12540,0.023078571428571514
SCSO,Zoo,4,418,12570,0.023078571428571514
SCSO,Zoo,4,419,12600,0.023078571428571514
SCSO,Zoo,4,420,12630,0.023078571428571514
SCSO,Zoo,4,421,12660,0.023078571428571514
SCSO,Zoo,4,422,12690,0.023078571428571514
SCSO,Zoo,4,423,12720,0.023078571428571514
SCSO,Zoo,4,424,12750,0.023078571428571514
SCSO,Zoo,4,425,12780,0.023078571428571514
SCSO,Zoo,4,426,12810,0.023078571428571514
SCSO,Zoo,4,427,12840,0.023078571428571514
SCSO,Zoo,4,428,12870,0.023078571428571514
SCSO,Zoo,4,429,12900,0.023078571428571514
SCSO,Zoo,4,430,12930,0.023078571428571514
SCSO,Zoo,4,431,12960,0.023078571428571514
SCSO,Zoo,4,432,12990,0.023078571428571514
SCSO,Zoo,4,433,13020,0.023078571428571514
SCSO,Zoo,4,434,13050,0.023078571428571514
SCSO,Zoo,4,435,13080,0.023078571428571514
SCSO,Zoo,4,436,13110,0.023078571428571514
SCSO,Zoo,4,437,13140,0.023078571428571514
SCSO,Zoo,4,438,13170,0.023078571428571514
SCSO,Zoo,4,439,13200,0.023078571428571514
SCSO,Zoo,4,440,13230,0.023078571428571514
SCSO,Zoo,4,441,13260,0.023078571428571514
SCSO,Zoo,4,442,13290,0.023078571428571514
SCSO,Zoo,4,443,13320,0.023078571428571514
SCSO,Zoo,4,444,13350,0.023078571428571514
SCSO,Zoo,4,445,13380,0.023078571428571514
SCSO,Zoo,4,446,13410,0.023078571428571514
SCSO,Zoo,4,447,13440,0.023078571428571514
SCSO,Zoo,4,448,13470,0.023078571428571514
SCSO,Zoo,4,449,13500,0.023078571428571514
SCSO,Zoo,4,450,13530,0.023078571428571514
SCSO,Zoo,4,451,13560,0.023078571428571514
SCSO,Zoo,4,452,13590,0.023078571428571514
SCSO,Zoo,4,453,13620,0.023078571428571514
SCSO,Zoo,4,454,13650,0.023078571428571514
SCSO,Zoo,4,455,13680,0.023078571428571514
SCSO,Zoo,4,456,13710,0.023078571428571514
SCSO,Zoo,4,457,13740,0.023078571428571514
SCSO,Zoo,4,458,13770,0.023078571428571514
SCSO,Zoo,4,459,13800,0.023078571428571514
SCSO,Zoo,4,460,13830,0.023078571428571514
SCSO,Zoo,4,461,13860,0.023078571428571514
SCSO,Zoo,4,462,13890,0.023078571428571514
SCSO,Zoo,4,463,13920,0.023078571428571514
SCSO,Zoo,4,464,13950,0.023078571428571514
SCSO,Zoo,4,465,13980,0.023078571428571514
SCSO,Zoo,4,466,14010,0.023078571428571514
SCSO,Zoo,4,467,14040,0.023078571428571514
SCSO,Zoo,4,468,14070,0.023078571428571514
SCSO,Zoo,4,469,14100,0.023078571428571514
SCSO,Zoo,4,470,14130,0.023078571428571514
SCSO,Zoo,4,471,14160,0.023078571428571514
SCSO,Zoo,4,472,14190,0.023078571428571514
SCSO,Zoo,4,473,14220,0.023078571428571514
SCSO,Zoo,4,474,14250,0.023078571428571514
SCSO,Zoo,4,475,14280,0.023078571428571514
SCSO,Zoo,4,476,14310,0.023078571428571514
SCSO,Zoo,4,477,14340,0.023078571428571514
SCSO,Zoo,4,478,14370,0.023078571428571514
SCSO,Zoo,4,479,14400,0.023078571428571514
SCSO,Zoo,4,480,14430,0.023078571428571514
SCSO,Zoo,4,481,14460,0.023078571428571514
SCSO,Zoo,4,482,14490,0.023078571428571514
SCSO,Zoo,4,483,14520,0.023078571428571514
SCSO,Zoo,4,484,14550,0.023078571428571514
SCSO,Zoo,4,485,14580,0.023078571428571514
SCSO,Zoo,4,486,14610,0.023078571428571514
SCSO,Zoo,4,487,14640,0.023078571428571514
SCSO,Zoo,4,488,14670,0.023078571428571514
SCSO,Zoo,4,489,14700,0.023078571428571514
SCSO,Zoo,4,490,14730,0.023078571428571514
SCSO,Zoo,4,491,14760,0.023078571428571514
SCSO,Zoo,4,492,14790,0.023078571428571514
SCSO,Zoo,4,493,14820,0.023078571428571514
SCSO,Zoo,4,494,14850,0.023078571428571514
SCSO,Zoo,4,495,14880,0.023078571428571514
SCSO,Zoo,4,496,14910,0.023078571428571514
SCSO,Zoo,4,497,14940,0.023078571428571514
SCSO,Zoo,4,498,14970,0.023078571428571514
SCSO,Zoo,4,499,15000,0.023078571428571514
SCSO,ColonCancer,0,0,30,0.18255230769230774
SCSO,ColonCancer,0,1,60,0.18255230769230774
SCSO,ColonCancer,0,2,90,0.18255230769230774
SCSO,ColonCancer,0,3,120,0.18255230769230774
SCSO,ColonCancer,0,4,150,0.18255230769230774
SCSO,ColonCancer,0,5,180,0.18255230769230774
SCSO,ColonCancer,0,6,210,0.18255230769230774
SCSO,ColonCancer,0,7,240,0.18255230769230774
SCSO,ColonCancer,0,8,270,0.18255230769230774
SCSO,ColonCancer,0,9,300,0.18255230769230774
SCSO,ColonCancer,0,10,330,0.18255230769230774
SCSO,ColonCancer,0,11,360,0.18255230769230774
SCSO,ColonCancer,0,12,390,0.18255230769230774
SCSO,ColonCancer,0,13,420,0.18255230769230774
SCSO,ColonCancer,0,14,450,0.18255230769230774
SCSO,ColonCancer,0,15,480,0.16750153846153853
SCSO,ColonCancer,0,16,510,0.16750153846153853
SCSO,ColonCancer,0,17,540,0.16750153846153853
SCSO,ColonCancer,0,18,570,0.16750153846153853
SCSO,ColonCancer,0,19,600,0.16750153846153853
SCSO,ColonCancer,0,20,630,0.16750153846153853
SCSO,ColonCancer,0,21,660,0.16750153846153853
SCSO,ColonCancer,0,22,690,0.16750153846153853
SCSO,ColonCancer,0,23,720,0.16750153846153853
SCSO,ColonCancer,0,24,750,0.16750153846153853
SCSO,ColonCancer,0,25,780,0.16750153846153853
SCSO,ColonCancer,0,26,810,0.16750153846153853
SCSO,ColonCancer,0,27,840,0.16750153846153853
SCSO,ColonCancer,0,28,870,0.16750153846153853
SCSO,ColonCancer,0,29,900,0.16750153846153853
SCSO,ColonCancer,0,30,930,0.16750153846153853
SCSO,ColonCancer,0,31,960,0.16750153846153853
SCSO,ColonCancer,0,32,990,0.16750153846153853
SCSO,ColonCancer,0,33,1020,0.16750153846153853
SCSO,ColonCancer,0,34,1050,0.16750153846153853
SCSO,ColonCancer,0,35,1080,0.16750153846153853
SCSO,ColonCancer,0,36,1110,0.16750153846153853
SCSO,ColonCancer,0,37,1140,0.16750153846153853
SCSO,ColonCancer,0,38,1170,0.16750153846153853
SCSO,ColonCancer,0,39,1200,0.16750153846153853
SCSO,ColonCancer,0,40,1230,0.16750153846153853
SCSO,ColonCancer,0,41,1260,0.16750153846153853
SCSO,ColonCancer,0,42,1290,0.16750153846153853
SCSO,ColonCancer,0,43,1320,0.16750153846153853
SCSO,ColonCancer,0,44,1350,0.16750153846153853
SCSO,ColonCancer,0,45,1380,0.16750153846153853
SCSO,ColonCancer,0,46,1410,0.16750153846153853
SCSO,ColonCancer,0,47,1440,0.16750153846153853
SCSO,ColonCancer,0,48,1470,0.16750153846153853
SCSO,ColonCancer,0,49,1500,0.16750153846153853
SCSO,ColonCancer,0,50,1530,0.16750153846153853
SCSO,ColonCancer,0,51,1560,0.16596730769230766
SCSO,ColonCancer,0,52,1590,0.16596730769230766
SCSO,ColonCancer,0,53,1620,0.16596730769230766
SCSO,ColonCancer,0,54,1650,0.16596730769230766
SCSO,ColonCancer,0,55,1680,0.16596730769230766
SCSO,ColonCancer,0,56,1710,0.16596730769230766
SCSO,ColonCancer,0,57,1740,0.16596730769230766
SCSO,ColonCancer,0,58,1770,0.16596730769230766
SCSO,ColonCancer,0,59,1800,0.16596730769230766
SCSO,ColonCancer,0,60,1830,0.16596730769230766
SCSO,ColonCancer,0,61,1860,0.16596730769230766
SCSO,ColonCancer,0,62,1890,0.16596730769230766
SCSO,ColonCancer,0,63,1920,0.16596730769230766
SCSO,ColonCancer,0,64,1950,0.16596730769230766
SCSO,ColonCancer,0,65,1980,0.16596730769230766
SCSO,ColonCancer,0,66,2010,0.16596730769230766
SCSO,ColonCancer,0,67,2040,0.16596730769230766
SCSO,ColonCancer,0,68,2070,0.16596730769230766
SCSO,ColonCancer,0,69,2100,0.16596730769230766
SCSO,ColonCancer,0,70,2130,0.16596730769230766
SCSO,ColonCancer,0,71,2160,0.16596730769230766
SCSO,ColonCancer,0,72,2190,0.16596730769230766
SCSO,ColonCancer,0,73,2220,0.16596730769230766
SCSO,ColonCancer,0,74,2250,0.16596730769230766
SCSO,ColonCancer,0,75,2280,0.16596730769230766
SCSO,ColonCancer,0,76,2310,0.16596730769230766
SCSO,ColonCancer,0,77,2340,0.16596730769230766
SCSO,ColonCancer,0,78,2370,0.16596730769230766
SCSO,ColonCancer,0,79,2400,0.16596730769230766
SCSO,ColonCancer,0,80,2430,0.16596730769230766
SCSO,ColonCancer,0,81,2460,0.16596730769230766
SCSO,ColonCancer,0,82,2490,0.16596730769230766
SCSO,ColonCancer,0,83,2520,0.16596730769230766
SCSO,ColonCancer,0,84,2550,0.16596730769230766
SCSO,ColonCancer,0,85,2580,0.16596730769230766
SCSO,ColonCancer,0,86,2610,0.16596730769230766
SCSO,ColonCancer,0,87,2640,0.16596730769230766
SCSO,ColonCancer,0,88,2670,0.16596730769230766
SCSO,ColonCancer,0,89,2700,0.16596730769230766
SCSO,ColonCancer,0,90,2730,0.16596730769230766
SCSO,ColonCancer,0,91,2760,0.16596730769230766
SCSO,ColonCancer,0,92,2790,0.16596730769230766
SCSO,ColonCancer,0,93,2820,0.16596730769230766
SCSO,ColonCancer,0,94,2850,0.16596730769230766
SCSO,ColonCancer,0,95,2880,0.16596730769230766
SCSO,ColonCancer,0,96,2910,0.16596730769230766
SCSO,ColonCancer,0,97,2940,0.16596730769230766
SCSO,ColonCancer,0,98,2970,0.16596730769230766
SCSO,ColonCancer,0,99,3000,0.16596730769230766
SCSO,ColonCancer,0,100,3030,0.16596730769230766
SCSO,ColonCancer,0,101,3060,0.16596730769230766
SCSO,ColonCancer,0,102,3090,0.16596730769230766
SCSO,ColonCancer,0,103,3120,0.16596730769230766
SCSO,ColonCancer,0,104,3150,0.16596730769230766
SCSO,ColonCancer,0,105,3180,0.16596730769230766
SCSO,ColonCancer,0,106,3210,0.16596730769230766
SCSO,ColonCancer,0,107,3240,0.16596730769230766
SCSO,ColonCancer,0,108,3270,0.16596730769230766
SCSO,ColonCancer,0,109,3300,0.16596730769230766
SCSO,ColonCancer,0,110,3330,0.16596730769230766
SCSO,ColonCancer,0,111,3360,0.16596730769230766
SCSO,ColonCancer,0,112,3390,0.16596730769230766
SCSO,ColonCancer,0,113,3420,0.16596730769230766
SCSO,ColonCancer,0,114,3450,0.16596730769230766
SCSO,ColonCancer,0,115,3480,0.16596730769230766
SCSO,ColonCancer,0,116,3510,0.16596730769230766
SCSO,ColonCancer,0,117,3540,0.16596730769230766
SCSO,ColonCancer,0,118,3570,0.16596730769230766
SCSO,ColonCancer,0,119,3600,0.16596730769230766
SCSO,ColonCancer,0,120,3630,0.16596730769230766
SCSO,ColonCancer,0,121,3660,0.16596730769230766
SCSO,ColonCancer,0,122,3690,0.16596730769230766
SCSO,ColonCancer,0,123,3720,0.16596730769230766
SCSO,ColonCancer,0,124,3750,0.16596730769230766
SCSO,ColonCancer,0,125,3780,0.16596730769230766
SCSO,ColonCancer,0,126,3810,0.16596730769230766
SCSO,ColonCancer,0,127,3840,0.16596730769230766
SCSO,ColonCancer,0,128,3870,0.16596730769230766
SCSO,ColonCancer,0,129,3900,0.16596730769230766
SCSO,ColonCancer,0,130,3930,0.16596730769230766
SCSO,ColonCancer,0,131,3960,0.16596730769230766
SCSO,ColonCancer,0,132,3990,0.16596730769230766
SCSO,ColonCancer,0,133,4020,0.16596730769230766
SCSO,ColonCancer,0,134,4050,0.16596730769230766
SCSO,ColonCancer,0,135,4080,0.16596730769230766
SCSO,ColonCancer,0,136,4110,0.16596730769230766
SCSO,ColonCancer,0,137,4140,0.16596730769230766
SCSO,ColonCancer,0,138,4170,0.16596730769230766
SCSO,ColonCancer,0,139,4200,0.16596730769230766
SCSO,ColonCancer,0,140,4230,0.16596730769230766
SCSO,ColonCancer,0,141,4260,0.16596730769230766
SCSO,ColonCancer,0,142,4290,0.16596730769230766
SCSO,ColonCancer,0,143,4320,0.16596730769230766
SCSO,ColonCancer,0,144,4350,0.16596730769230766
SCSO,ColonCancer,0,145,4380,0.16596730769230766
SCSO,ColonCancer,0,146,4410,0.16596730769230766
SCSO,ColonCancer,0,147,4440,0.16596730769230766
SCSO,ColonCancer,0,148,4470,0.16596730769230766
SCSO,ColonCancer,0,149,4500,0.16596730769230766
SCSO,ColonCancer,0,150,4530,0.16596730769230766
SCSO,ColonCancer,0,151,4560,0.16596730769230766
SCSO,ColonCancer,0,152,4590,0.16596730769230766
SCSO,ColonCancer,0,153,4620,0.16596730769230766
SCSO,ColonCancer,0,154,4650,0.16596730769230766
SCSO,ColonCancer,0,155,4680,0.16596730769230766
SCSO,ColonCancer,0,156,4710,0.16596730769230766
SCSO,ColonCancer,0,157,4740,0.16596730769230766
SCSO,ColonCancer,0,158,4770,0.16596730769230766
SCSO,ColonCancer,0,159,4800,0.16596730769230766
SCSO,ColonCancer,0,160,4830,0.16596730769230766
SCSO,ColonCancer,0,161,4860,0.16596730769230766
SCSO,ColonCancer,0,162,4890,0.16596730769230766
SCSO,ColonCancer,0,163,4920,0.16596730769230766
SCSO,ColonCancer,0,164,4950,0.16596730769230766
SCSO,ColonCancer,0,165,4980,0.16596730769230766
SCSO,ColonCancer,0,166,5010,0.16596730769230766
SCSO,ColonCancer,0,167,5040,0.16596730769230766
SCSO,ColonCancer,0,168,5070,0.16596730769230766
SCSO,ColonCancer,0,169,5100,0.16596730769230766
SCSO,ColonCancer,0,170,5130,0.16596730769230766
SCSO,ColonCancer,0,171,5160,0.16596730769230766
SCSO,ColonCancer,0,172,5190,0.16596730769230766
SCSO,ColonCancer,0,173,5220,0.16596730769230766
SCSO,ColonCancer,0,174,5250,0.16596730769230766
SCSO,ColonCancer,0,175,5280,0.16596730769230766
SCSO,ColonCancer,0,176,5310,0.16596730769230766
SCSO,ColonCancer,0,177,5340,0.16596730769230766
SCSO,ColonCancer,0,178,5370,0.16596730769230766
SCSO,ColonCancer,0,179,5400,0.16596730769230766
SCSO,ColonCancer,0,180,5430,0.16596730769230766
SCSO,ColonCancer,0,181,5460,0.16596730769230766
SCSO,ColonCancer,0,182,5490,0.16596730769230766
SCSO,ColonCancer,0,183,5520,0.16596730769230766
SCSO,ColonCancer,0,184,5550,0.16596730769230766
SCSO,ColonCancer,0,185,5580,0.16596730769230766
SCSO,ColonCancer,0,186,5610,0.16596730769230766
SCSO,ColonCancer,0,187,5640,0.16596730769230766
SCSO,ColonCancer,0,188,5670,0.16596730769230766
SCSO,ColonCancer,0,189,5700,0.16596730769230766
SCSO,ColonCancer,0,190,5730,0.16596730769230766
SCSO,ColonCancer,0,191,5760,0.16596730769230766
SCSO,ColonCancer,0,192,5790,0.16596730769230766
SCSO,ColonCancer,0,193,5820,0.16596730769230766
SCSO,ColonCancer,0,194,5850,0.16596730769230766
SCSO,ColonCancer,0,195,5880,0.16596730769230766
SCSO,ColonCancer,0,196,5910,0.16596730769230766
SCSO,ColonCancer,0,197,5940,0.16596730769230766
SCSO,ColonCancer,0,198,5970,0.16596730769230766
SCSO,ColonCancer,0,199,6000,0.16596730769230766
SCSO,ColonCancer,0,200,6030,0.16596730769230766
SCSO,ColonCancer,0,201,6060,0.16596730769230766
SCSO,ColonCancer,0,202,6090,0.16596730769230766
SCSO,ColonCancer,0,203,6120,0.16596730769230766
SCSO,ColonCancer,0,204,6150,0.16596730769230766
SCSO,ColonCancer,0,205,6180,0.16596730769230766
SCSO,ColonCancer,0,206,6210,0.16596730769230766
SCSO,ColonCancer,0,207,6240,0.16596730769230766
SCSO,ColonCancer,0,208,6270,0.16596730769230766
SCSO,ColonCancer,0,209,6300,0.16596730769230766
SCSO,ColonCancer,0,210,6330,0.16596730769230766
SCSO,ColonCancer,0,211,6360,0.16596730769230766
SCSO,ColonCancer,0,212,6390,0.16596730769230766
SCSO,ColonCancer,0,213,6420,0.16596730769230766
SCSO,ColonCancer,0,214,6450,0.16596730769230766
SCSO,ColonCancer,0,215,6480,0.16596730769230766
SCSO,ColonCancer,0,216,6510,0.16596730769230766
SCSO,ColonCancer,0,217,6540,0.16596730769230766
SCSO,ColonCancer,0,218,6570,0.16596730769230766
SCSO,ColonCancer,0,219,6600,0.16596730769230766
SCSO,ColonCancer,0,220,6630,0.16596730769230766
SCSO,ColonCancer,0,221,6660,0.16596730769230766
SCSO,ColonCancer,0,222,6690,0.16596730769230766
SCSO,ColonCancer,0,223,6720,0.16596730769230766
SCSO,ColonCancer,0,224,6750,0.16596730769230766
SCSO,ColonCancer,0,225,6780,0.16596730769230766
SCSO,ColonCancer,0,226,6810,0.16596730769230766
SCSO,ColonCancer,0,227,6840,0.16596730769230766
SCSO,ColonCancer,0,228,6870,0.16596730769230766
SCSO,ColonCancer,0,229,6900,0.16596730769230766
SCSO,ColonCancer,0,230,6930,0.16596730769230766
SCSO,ColonCancer,0,231,6960,0.16596730769230766
SCSO,ColonCancer,0,232,6990,0.16596730769230766
SCSO,ColonCancer,0,233,7020,0.16596730769230766
SCSO,ColonCancer,0,234,7050,0.16596730769230766
SCSO,ColonCancer,0,235,7080,0.16596730769230766
SCSO,ColonCancer,0,236,7110,0.16596730769230766
SCSO,ColonCancer,0,237,7140,0.16596730769230766
SCSO,ColonCancer,0,238,7170,0.16596730769230766
SCSO,ColonCancer,0,239,7200,0.16596730769230766
SCSO,ColonCancer,0,240,7230,0.16596730769230766
SCSO,ColonCancer,0,241,7260,0.16596730769230766
SCSO,ColonCancer,0,242,7290,0.16596730769230766
SCSO,ColonCancer,0,243,7320,0.16596730769230766
SCSO,ColonCancer,0,244,7350,0.16596730769230766
SCSO,ColonCancer,0,245,7380,0.16596730769230766
SCSO,ColonCancer,0,246,7410,0.16596730769230766
SCSO,ColonCancer,0,247,7440,0.16596730769230766
SCSO,ColonCancer,0,248,7470,0.16596730769230766
SCSO,ColonCancer,0,249,7500,0.16596730769230766
SCSO,ColonCancer,0,250,7530,0.16596730769230766
SCSO,ColonCancer,0,251,7560,0.16596730769230766
SCSO,ColonCancer,0,252,7590,0.16596730769230766
SCSO,ColonCancer,0,253,7620,0.16596730769230766
SCSO,ColonCancer,0,254,7650,0.16596730769230766
SCSO,ColonCancer,0,255,7680,0.16596730769230766
SCSO,ColonCancer,0,256,7710,0.16596730769230766
SCSO,ColonCancer,0,257,7740,0.16596730769230766
SCSO,ColonCancer,0,258,7770,0.16596730769230766
SCSO,ColonCancer,0,259,7800,0.16596730769230766
SCSO,ColonCancer,0,260,7830,0.16596730769230766
SCSO,ColonCancer,0,261,7860,0.16596730769230766
SCSO,ColonCancer,0,262,7890,0.16596730769230766
SCSO,ColonCancer,0,263,7920,0.16596730769230766
SCSO,ColonCancer,0,264,7950,0.16596730769230766
SCSO,ColonCancer,0,265,7980,0.16596730769230766
SCSO,ColonCancer,0,266,8010,0.16596730769230766
SCSO,ColonCancer,0,267,8040,0.16596730769230766
SCSO,ColonCancer,0,268,8070,0.16596730769230766
SCSO,ColonCancer,0,269,8100,0.16596730769230766
SCSO,ColonCancer,0,270,8130,0.16596730769230766
SCSO,ColonCancer,0,271,8160,0.16596730769230766
SCSO,ColonCancer,0,272,8190,0.16596730769230766
SCSO,ColonCancer,0,273,8220,0.16596730769230766
SCSO,ColonCancer,0,274,8250,0.16596730769230766
SCSO,ColonCancer,0,275,8280,0.16596730769230766
SCSO,ColonCancer,0,276,8310,0.16596730769230766
SCSO,ColonCancer,0,277,8340,0.16596730769230766
SCSO,ColonCancer,0,278,8370,0.16596730769230766
SCSO,ColonCancer,0,279,8400,0.16596730769230766
SCSO,ColonCancer,0,280,8430,0.16596730769230766
SCSO,ColonCancer,0,281,8460,0.16596730769230766
SCSO,ColonCancer,0,282,8490,0.16596730769230766
SCSO,ColonCancer,0,283,8520,0.16596730769230766
SCSO,ColonCancer,0,284,8550,0.16596730769230766
SCSO,ColonCancer,0,285,8580,0.16596730769230766
SCSO,ColonCancer,0,286,8610,0.16596730769230766
SCSO,ColonCancer,0,287,8640,0.16596730769230766
SCSO,ColonCancer,0,288,8670,0.16596730769230766
SCSO,ColonCancer,0,289,8700,0.16596730769230766
SCSO,ColonCancer,0,290,8730,0.16596730769230766
SCSO,ColonCancer,0,291,8760,0.16596730769230766
SCSO,ColonCancer,0,292,8790,0.16596730769230766
SCSO,ColonCancer,0,293,8820,0.16596730769230766
SCSO,ColonCancer,0,294,8850,0.16596730769230766
SCSO,ColonCancer,0,295,8880,0.16596730769230766
SCSO,ColonCancer,0,296,8910,0.16596730769230766
SCSO,ColonCancer,0,297,8940,0.16596730769230766
SCSO,ColonCancer,0,298,8970,0.16596730769230766
SCSO,ColonCancer,0,299,9000,0.16596730769230766
SCSO,ColonCancer,0,300,9030,0.16596730769230766
SCSO,ColonCancer,0,301,9060,0.16596730769230766
SCSO,ColonCancer,0,302,9090,0.16596730769230766
SCSO,ColonCancer,0,303,9120,0.16596730769230766
SCSO,ColonCancer,0,304,9150,0.16596730769230766
SCSO,ColonCancer,0,305,9180,0.16596730769230766
SCSO,ColonCancer,0,306,9210,0.16596730769230766
SCSO,ColonCancer,0,307,9240,0.16596730769230766
SCSO,ColonCancer,0,308,9270,0.16596730769230766
SCSO,ColonCancer,0,309,9300,0.16596730769230766
SCSO,ColonCancer,0,310,9330,0.16596730769230766
SCSO,ColonCancer,0,311,9360,0.16596730769230766
SCSO,ColonCancer,0,312,9390,0.16596730769230766
SCSO,ColonCancer,0,313,9420,0.16596730769230766
SCSO,ColonCancer,0,314,9450,0.16596730769230766
SCSO,ColonCancer,0,315,9480,0.16596730769230766
SCSO,ColonCancer,0,316,9510,0.16596730769230766
SCSO,ColonCancer,0,317,9540,0.16596730769230766
SCSO,ColonCancer,0,318,9570,0.16596730769230766
SCSO,ColonCancer,0,319,9600,0.16596730769230766
SCSO,ColonCancer,0,320,9630,0.16596730769230766
SCSO,ColonCancer,0,321,9660,0.16596730769230766
SCSO,ColonCancer,0,322,9690,0.16596730769230766
SCSO,ColonCancer,0,323,9720,0.16596730769230766
SCSO,ColonCancer,0,324,9750,0.16596730769230766
SCSO,ColonCancer,0,325,9780,0.16596730769230766
SCSO,ColonCancer,0,326,9810,0.16596730769230766
SCSO,ColonCancer,0,327,9840,0.16596730769230766
SCSO,ColonCancer,0,328,9870,0.16596730769230766
SCSO,ColonCancer,0,329,9900,0.16596730769230766
SCSO,ColonCancer,0,330,9930,0.16596730769230766
SCSO,ColonCancer,0,331,9960,0.16596730769230766
SCSO,ColonCancer,0,332,9990,0.16596730769230766
SCSO,ColonCancer,0,333,10020,0.16596730769230766
SCSO,ColonCancer,0,334,10050,0.16596730769230766
SCSO,ColonCancer,0,335,10080,0.16596730769230766
SCSO,ColonCancer,0,336,10110,0.16596730769230766
SCSO,ColonCancer,0,337,10140,0.16596730769230766
SCSO,ColonCancer,0,338,10170,0.16596730769230766
SCSO,ColonCancer,0,339,10200,0.16596730769230766
SCSO,ColonCancer,0,340,10230,0.16596730769230766
SCSO,ColonCancer,0,341,10260,0.16596730769230766
SCSO,ColonCancer,0,342,10290,0.16596730769230766
SCSO,ColonCancer,0,343,10320,0.16596730769230766
SCSO,ColonCancer,0,344,10350,0.16596730769230766
SCSO,ColonCancer,0,345,10380,0.16596730769230766
SCSO,ColonCancer,0,346,10410,0.16596730769230766
SCSO,ColonCancer,0,347,10440,0.16596730769230766
SCSO,ColonCancer,0,348,10470,0.16596730769230766
SCSO,ColonCancer,0,349,10500,0.16596730769230766
SCSO,ColonCancer,0,350,10530,0.16596730769230766
SCSO,ColonCancer,0,351,10560,0.16596730769230766
SCSO,ColonCancer,0,352,10590,0.16596730769230766
SCSO,ColonCancer,0,353,10620,0.16596730769230766
SCSO,ColonCancer,0,354,10650,0.16596730769230766
SCSO,ColonCancer,0,355,10680,0.16596730769230766
SCSO,ColonCancer,0,356,10710,0.16596730769230766
SCSO,ColonCancer,0,357,10740,0.16596730769230766
SCSO,ColonCancer,0,358,10770,0.16596730769230766
SCSO,ColonCancer,0,359,10800,0.16596730769230766
SCSO,ColonCancer,0,360,10830,0.16596730769230766
SCSO,ColonCancer,0,361,10860,0.16596730769230766
SCSO,ColonCancer,0,362,10890,0.16596730769230766
SCSO,ColonCancer,0,363,10920,0.16596730769230766
SCSO,ColonCancer,0,364,10950,0.16596730769230766
SCSO,ColonCancer,0,365,10980,0.16596730769230766
SCSO,ColonCancer,0,366,11010,0.16596730769230766
SCSO,ColonCancer,0,367,11040,0.16596730769230766
SCSO,ColonCancer,0,368,11070,0.16596730769230766
SCSO,ColonCancer,0,369,11100,0.16596730769230766
SCSO,ColonCancer,0,370,11130,0.16596730769230766
SCSO,ColonCancer,0,371,11160,0.16596730769230766
SCSO,ColonCancer,0,372,11190,0.16596730769230766
SCSO,ColonCancer,0,373,11220,0.16596730769230766
SCSO,ColonCancer,0,374,11250,0.16596730769230766
SCSO,ColonCancer,0,375,11280,0.16596730769230766
SCSO,ColonCancer,0,376,11310,0.16596730769230766
SCSO,ColonCancer,0,377,11340,0.16596730769230766
SCSO,ColonCancer,0,378,11370,0.16596730769230766
SCSO,ColonCancer,0,379,11400,0.16596730769230766
SCSO,ColonCancer,0,380,11430,0.16596730769230766
SCSO,ColonCancer,0,381,11460,0.16596730769230766
SCSO,ColonCancer,0,382,11490,0.16596730769230766
SCSO,ColonCancer,0,383,11520,0.16596730769230766
SCSO,ColonCancer,0,384,11550,0.16596730769230766
SCSO,ColonCancer,0,385,11580,0.16596730769230766
SCSO,ColonCancer,0,386,11610,0.16596730769230766
SCSO,ColonCancer,0,387,11640,0.16596730769230766
SCSO,ColonCancer,0,388,11670,0.16596730769230766
SCSO,ColonCancer,0,389,11700,0.16596730769230766
SCSO,ColonCancer,0,390,11730,0.16596730769230766
SCSO,ColonCancer,0,391,11760,0.16596730769230766
SCSO,ColonCancer,0,392,11790,0.16596730769230766
SCSO,ColonCancer,0,393,11820,0.16596730769230766
SCSO,ColonCancer,0,394,11850,0.16596730769230766
SCSO,ColonCancer,0,395,11880,0.16596730769230766
SCSO,ColonCancer,0,396,11910,0.16596730769230766
SCSO,ColonCancer,0,397,11940,0.16596730769230766
SCSO,ColonCancer,0,398,11970,0.16596730769230766
SCSO,ColonCancer,0,399,12000,0.16596730769230766
SCSO,ColonCancer,0,400,12030,0.16596730769230766
SCSO,ColonCancer,0,401,12060,0.16596730769230766
SCSO,ColonCancer,0,402,12090,0.16596730769230766
SCSO,ColonCancer,0,403,12120,0.16596730769230766
SCSO,ColonCancer,0,404,12150,0.16596730769230766
SCSO,ColonCancer,0,405,12180,0.16596730769230766
SCSO,ColonCancer,0,406,12210,0.16596730769230766
SCSO,ColonCancer,0,407,12240,0.16596730769230766
SCSO,ColonCancer,0,408,12270,0.16596730769230766
SCSO,ColonCancer,0,409,12300,0.16596730769230766
SCSO,ColonCancer,0,410,12330,0.16596730769230766
SCSO,ColonCancer,0,411,12360,0.16596730769230766
SCSO,ColonCancer,0,412,12390,0.16596730769230766
SCSO,ColonCancer,0,413,12420,0.16596730769230766
SCSO,ColonCancer,0,414,12450,0.16596730769230766
SCSO,ColonCancer,0,415,12480,0.16596730769230766
SCSO,ColonCancer,0,416,12510,0.16596730769230766
SCSO,ColonCancer,0,417,12540,0.16596730769230766
SCSO,ColonCancer,0,418,12570,0.16596730769230766
SCSO,ColonCancer,0,419,12600,0.16596730769230766
SCSO,ColonCancer,0,420,12630,0.16596730769230766
SCSO,ColonCancer,0,421,12660,0.16596730769230766
SCSO,ColonCancer,0,422,12690,0.16596730769230766
SCSO,ColonCancer,0,423,12720,0.16596730769230766
SCSO,ColonCancer,0,424,12750,0.16596730769230766
SCSO,ColonCancer,0,425,12780,0.16596730769230766
SCSO,ColonCancer,0,426,12810,0.16596730769230766
SCSO,ColonCancer,0,427,12840,0.16596730769230766
SCSO,ColonCancer,0,428,12870,0.16596730769230766
SCSO,ColonCancer,0,429,12900,0.16596730769230766
SCSO,ColonCancer,0,430,12930,0.16596730769230766
SCSO,ColonCancer,0,431,12960,0.16596730769230766
SCSO,ColonCancer,0,432,12990,0.16596730769230766
SCSO,ColonCancer,0,433,13020,0.16596730769230766
SCSO,ColonCancer,0,434,13050,0.16596730769230766
SCSO,ColonCancer,0,435,13080,0.16596730769230766
SCSO,ColonCancer,0,436,13110,0.16596730769230766
SCSO,ColonCancer,0,437,13140,0.16596730769230766
SCSO,ColonCancer,0,438,13170,0.16596730769230766
SCSO,ColonCancer,0,439,13200,0.16596730769230766
SCSO,ColonCancer,0,440,13230,0.16596730769230766
SCSO,ColonCancer,0,441,13260,0.16596730769230766
SCSO,ColonCancer,0,442,13290,0.16596730769230766
SCSO,ColonCancer,0,443,13320,0.16596730769230766
SCSO,ColonCancer,0,444,13350,0.16596730769230766
SCSO,ColonCancer,0,445,13380,0.16596730769230766
SCSO,ColonCancer,0,446,13410,0.16596730769230766
SCSO,ColonCancer,0,447,13440,0.16596730769230766
SCSO,ColonCancer,0,448,13470,0.16596730769230766
SCSO,ColonCancer,0,449,13500,0.16596730769230766
SCSO,ColonCancer,0,450,13530,0.16596730769230766
SCSO,ColonCancer,0,451,13560,0.16596730769230766
SCSO,ColonCancer,0,452,13590,0.16596730769230766
SCSO,ColonCancer,0,453,13620,0.16596730769230766
SCSO,ColonCancer,0,454,13650,0.16596730769230766
SCSO,ColonCancer,0,455,13680,0.16596730769230766
SCSO,ColonCancer,0,456,13710,0.16596730769230766
SCSO,ColonCancer,0,457,13740,0.16596730769230766
SCSO,ColonCancer,0,458,13770,0.16596730769230766
SCSO,ColonCancer,0,459,13800,0.16596730769230766
SCSO,ColonCancer,0,460,13830,0.16596730769230766
SCSO,ColonCancer,0,461,13860,0.16596730769230766
SCSO,ColonCancer,0,462,13890,0.16596730769230766
SCSO,ColonCancer,0,463,13920,0.16596730769230766
SCSO,ColonCancer,0,464,13950,0.16596730769230766
SCSO,ColonCancer,0,465,13980,0.16596730769230766
SCSO,ColonCancer,0,466,14010,0.16596730769230766
SCSO,ColonCancer,0,467,14040,0.16596730769230766
SCSO,ColonCancer,0,468,14070,0.16596730769230766
SCSO,ColonCancer,0,469,14100,0.16596730769230766
SCSO,ColonCancer,0,470,14130,0.16596730769230766
SCSO,ColonCancer,0,471,14160,0.16596730769230766
SCSO,ColonCancer,0,472,14190,0.16596730769230766
SCSO,ColonCancer,0,473,14220,0.16596730769230766
SCSO,ColonCancer,0,474,14250,0.16596730769230766
SCSO,ColonCancer,0,475,14280,0.16596730769230766
SCSO,ColonCancer,0,476,14310,0.16596730769230766
SCSO,ColonCancer,0,477,14340,0.16596730769230766
SCSO,ColonCancer,0,478,14370,0.16596730769230766
SCSO,ColonCancer,0,479,14400,0.16596730769230766
SCSO,ColonCancer,0,480,14430,0.16596730769230766
SCSO,ColonCancer,0,481,14460,0.16596730769230766
SCSO,ColonCancer,0,482,14490,0.16596730769230766
SCSO,ColonCancer,0,483,14520,0.16596730769230766
SCSO,ColonCancer,0,484,14550,0.16596730769230766
SCSO,ColonCancer,0,485,14580,0.16596730769230766
SCSO,ColonCancer,0,486,14610,0.16596730769230766
SCSO,ColonCancer,0,487,14640,0.16596730769230766
SCSO,ColonCancer,0,488,14670,0.16596730769230766
SCSO,ColonCancer,0,489,14700,0.16596730769230766
SCSO,ColonCancer,0,490,14730,0.16596730769230766
SCSO,ColonCancer,0,491,14760,0.16596730769230766
SCSO,ColonCancer,0,492,14790,0.16596730769230766
SCSO,ColonCancer,0,493,14820,0.16596730769230766
SCSO,ColonCancer,0,494,14850,0.16596730769230766
SCSO,ColonCancer,0,495,14880,0.16596730769230766
SCSO,ColonCancer,0,496,14910,0.16596730769230766
SCSO,ColonCancer,0,497,14940,0.16596730769230766
SCSO,ColonCancer,0,498,14970,0.16596730769230766
SCSO,ColonCancer,0,499,15000,0.16596730769230766
SCSO,ColonCancer,1,0,30,0.24344538461538454
SCSO,ColonCancer,1,1,60,0.24344538461538454
SCSO,ColonCancer,1,2,90,0.24344538461538454
SCSO,ColonCancer,1,3,120,0.24344538461538454
SCSO,ColonCancer,1,4,150,0.24344538461538454
SCSO,ColonCancer,1,5,180,0.24344538461538454
SCSO,ColonCancer,1,6,210,0.24344538461538454
SCSO,ColonCancer,1,7,240,0.24344538461538454
SCSO,ColonCancer,1,8,270,0.24344538461538454
SCSO,ColonCancer,1,9,300,0.24344538461538454
SCSO,ColonCancer,1,10,330,0.24344538461538454
SCSO,ColonCancer,1,11,360,0.24344538461538454
SCSO,ColonCancer,1,12,390,0.22969884615384611
SCSO,ColonCancer,1,13,420,0.22969884615384611
SCSO,ColonCancer,1,14,450,0.22969884615384611
SCSO,ColonCancer,1,15,480,0.22969884615384611
SCSO,ColonCancer,1,16,510,0.2272403846153846
SCSO,ColonCancer,1,17,540,0.2272403846153846
SCSO,ColonCancer,1,18,570,0.2272403846153846
SCSO,ColonCancer,1,19,600,0.2272403846153846
SCSO,ColonCancer,1,20,630,0.2272403846153846
SCSO,ColonCancer,1,21,660,0.2272403846153846
SCSO,ColonCancer,1,22,690,0.2272403846153846
SCSO,ColonCancer,1,23,720,0.2272403846153846
SCSO,ColonCancer,1,24,750,0.2272403846153846
SCSO,ColonCancer,1,25,780,0.2272403846153846
SCSO,ColonCancer,1,26,810,0.2272403846153846
SCSO,ColonCancer,1,27,840,0.2272403846153846
SCSO,ColonCancer,1,28,870,0.2272403846153846
SCSO,ColonCancer,1,29,900,0.2272403846153846
SCSO,ColonCancer,1,30,930,0.2272403846153846
SCSO,ColonCancer,1,31,960,0.2272403846153846
SCSO,ColonCancer,1,32,990,0.2272403846153846
SCSO,ColonCancer,1,33,1020,0.2272403846153846
SCSO,ColonCancer,1,34,1050,0.2272403846153846
SCSO,ColonCancer,1,35,1080,0.2272403846153846
SCSO,ColonCancer,1,36,1110,0.2272403846153846
SCSO,ColonCancer,1,37,1140,0.2272403846153846
SCSO,ColonCancer,1,38,1170,0.2272403846153846
SCSO,ColonCancer,1,39,1200,0.2272403846153846
SCSO,ColonCancer,1,40,1230,0.2272403846153846
SCSO,ColonCancer,1,41,1260,0.2272403846153846
SCSO,ColonCancer,1,42,1290,0.2272403846153846
SCSO,ColonCancer,1,43,1320,0.2272403846153846
SCSO,ColonCancer,1,44,1350,0.2272403846153846
SCSO,ColonCancer,1,45,1380,0.2272403846153846
SCSO,ColonCancer,1,46,1410,0.2272403846153846
SCSO,ColonCancer,1,47,1440,0.2272403846153846
SCSO,ColonCancer,1,48,1470,0.2272403846153846
SCSO,ColonCancer,1,49,1500,0.2272403846153846
SCSO,ColonCancer,1,50,1530,0.2272403846153846
SCSO,ColonCancer,1,51,1560,0.2272403846153846
SCSO,ColonCancer,1,52,1590,0.2272403846153846
SCSO,ColonCancer,1,53,1620,0.2272403846153846
SCSO,ColonCancer,1,54,1650,0.2272403846153846
SCSO,ColonCancer,1,55,1680,0.2272403846153846
SCSO,ColonCancer,1,56,1710,0.2272403846153846
SCSO,ColonCancer,1,57,1740,0.2272403846153846
SCSO,ColonCancer,1,58,1770,0.2272403846153846
SCSO,ColonCancer,1,59,1800,0.2272403846153846
SCSO,ColonCancer,1,60,1830,0.2272403846153846
SCSO,ColonCancer,1,61,1860,0.2272403846153846
SCSO,ColonCancer,1,62,1890,0.2272403846153846
SCSO,ColonCancer,1,63,1920,0.2272403846153846
SCSO,ColonCancer,1,64,1950,0.2272403846153846
SCSO,ColonCancer,1,65,1980,0.2272403846153846
SCSO,ColonCancer,1,66,2010,0.2272403846153846
SCSO,ColonCancer,1,67,2040,0.2272403846153846
SCSO,ColonCancer,1,68,2070,0.2272403846153846
SCSO,ColonCancer,1,69,2100,0.2272403846153846
SCSO,ColonCancer,1,70,2130,0.2272403846153846
SCSO,ColonCancer,1,71,2160,0.2272403846153846
SCSO,ColonCancer,1,72,2190,0.2272403846153846
SCSO,ColonCancer,1,73,2220,0.2272403846153846
SCSO,ColonCancer,1,74,2250,0.2272403846153846
SCSO,ColonCancer,1,75,2280,0.2272403846153846
SCSO,ColonCancer,1,76,2310,0.2272403846153846
SCSO,ColonCancer,1,77,2340,0.2272403846153846
SCSO,ColonCancer,1,78,2370,0.2272403846153846
SCSO,ColonCancer,1,79,2400,0.2272403846153846
SCSO,ColonCancer,1,80,2430,0.2272403846153846
SCSO,ColonCancer,1,81,2460,0.2272403846153846
SCSO,ColonCancer,1,82,2490,0.2271553846153846
SCSO,ColonCancer,1,83,2520,0.2271553846153846
SCSO,ColonCancer,1,84,2550,0.2271553846153846
SCSO,ColonCancer,1,85,2580,0.2271553846153846
SCSO,ColonCancer,1,86,2610,0.2271553846153846
SCSO,ColonCancer,1,87,2640,0.2271553846153846
SCSO,ColonCancer,1,88,2670,0.2271553846153846
SCSO,ColonCancer,1,89,2700,0.2271553846153846
SCSO,ColonCancer,1,90,2730,0.2271553846153846
SCSO,ColonCancer,1,91,2760,0.2271553846153846
SCSO,ColonCancer,1,92,2790,0.2271553846153846
SCSO,ColonCancer,1,93,2820,0.2271553846153846
SCSO,ColonCancer,1,94,2850,0.2271553846153846
SCSO,ColonCancer,1,95,2880,0.2271553846153846
SCSO,ColonCancer,1,96,2910,0.2271553846153846
SCSO,ColonCancer,1,97,2940,0.2271553846153846
SCSO,ColonCancer,1,98,2970,0.2271553846153846
SCSO,ColonCancer,1,99,3000,0.2271553846153846
SCSO,ColonCancer,1,100,3030,0.2271553846153846
SCSO,ColonCancer,1,101,3060,0.2271553846153846
SCSO,ColonCancer,1,102,3090,0.2271553846153846
SCSO,ColonCancer,1,103,3120,0.2271553846153846
SCSO,ColonCancer,1,104,3150,0.2271553846153846
SCSO,ColonCancer,1,105,3180,0.2271553846153846
SCSO,ColonCancer,1,106,3210,0.2271553846153846
SCSO,ColonCancer,1,107,3240,0.2271553846153846
SCSO,ColonCancer,1,108,3270,0.2271553846153846
SCSO,ColonCancer,1,109,3300,0.2271553846153846
SCSO,ColonCancer,1,110,3330,0.2271553846153846
SCSO,ColonCancer,1,111,3360,0.2271553846153846
SCSO,ColonCancer,1,112,3390,0.2271553846153846
SCSO,ColonCancer,1,113,3420,0.2271553846153846
SCSO,ColonCancer,1,114,3450,0.2271553846153846
SCSO,ColonCancer,1,115,3480,0.2271553846153846
SCSO,ColonCancer,1,116,3510,0.2271553846153846
SCSO,ColonCancer,1,117,3540,0.2271553846153846
SCSO,ColonCancer,1,118,3570,0.2271553846153846
SCSO,ColonCancer,1,119,3600,0.2271553846153846
SCSO,ColonCancer,1,120,3630,0.2271553846153846
SCSO,ColonCancer,1,121,3660,0.2271553846153846
SCSO,ColonCancer,1,122,3690,0.2271553846153846
SCSO,ColonCancer,1,123,3720,0.2271553846153846
SCSO,ColonCancer,1,124,3750,0.2271553846153846
SCSO,ColonCancer,1,125,3780,0.2271553846153846
SCSO,ColonCancer,1,126,3810,0.2271553846153846
SCSO,ColonCancer,1,127,3840,0.2271553846153846
SCSO,ColonCancer,1,128,3870,0.2271553846153846
SCSO,ColonCancer,1,129,3900,0.2271553846153846
SCSO,ColonCancer,1,130,3930,0.2271553846153846
SCSO,ColonCancer,1,131,3960,0.2271553846153846
SCSO,ColonCancer,1,132,3990,0.2271553846153846
SCSO,ColonCancer,1,133,4020,0.2271553846153846
SCSO,ColonCancer,1,134,4050,0.2271553846153846
SCSO,ColonCancer,1,135,4080,0.2271553846153846
SCSO,ColonCancer,1,136,4110,0.2271553846153846
SCSO,ColonCancer,1,137,4140,0.2271553846153846
SCSO,ColonCancer,1,138,4170,0.2271553846153846
SCSO,ColonCancer,1,139,4200,0.2271553846153846
SCSO,ColonCancer,1,140,4230,0.2271553846153846
SCSO,ColonCancer,1,141,4260,0.2271553846153846
SCSO,ColonCancer,1,142,4290,0.2271553846153846
SCSO,ColonCancer,1,143,4320,0.2271553846153846
SCSO,ColonCancer,1,144,4350,0.2271553846153846
SCSO,ColonCancer,1,145,4380,0.2271553846153846
SCSO,ColonCancer,1,146,4410,0.2271553846153846
SCSO,ColonCancer,1,147,4440,0.2271553846153846
SCSO,ColonCancer,1,148,4470,0.2271553846153846
SCSO,ColonCancer,1,149,4500,0.2271553846153846
SCSO,ColonCancer,1,150,4530,0.2271553846153846
SCSO,ColonCancer,1,151,4560,0.2271553846153846
SCSO,ColonCancer,1,152,4590,0.2271553846153846
SCSO,ColonCancer,1,153,4620,0.2271553846153846
SCSO,ColonCancer,1,154,4650,0.2271553846153846
SCSO,ColonCancer,1,155,4680,0.2271553846153846
SCSO,ColonCancer,1,156,4710,0.2271553846153846
SCSO,ColonCancer,1,157,4740,0.2271553846153846
SCSO,ColonCancer,1,158,4770,0.2271553846153846
SCSO,ColonCancer,1,159,4800,0.2271553846153846
SCSO,ColonCancer,1,160,4830,0.2271553846153846
SCSO,ColonCancer,1,161,4860,0.2271553846153846
SCSO,ColonCancer,1,162,4890,0.2271553846153846
SCSO,ColonCancer,1,163,4920,0.2271553846153846
SCSO,ColonCancer,1,164,4950,0.2271553846153846
SCSO,ColonCancer,1,165,4980,0.2271553846153846
SCSO,ColonCancer,1,166,5010,0.2271553846153846
SCSO,ColonCancer,1,167,5040,0.2271553846153846
SCSO,ColonCancer,1,168,5070,0.2271553846153846
SCSO,ColonCancer,1,169,5100,0.2271553846153846
SCSO,ColonCancer,1,170,5130,0.2271553846153846
SCSO,ColonCancer,1,171,5160,0.2271553846153846
SCSO,ColonCancer,1,172,5190,0.2271553846153846
SCSO,ColonCancer,1,173,5220,0.2271553846153846
SCSO,ColonCancer,1,174,5250,0.2271553846153846
SCSO,ColonCancer,1,175,5280,0.2132738461538461
SCSO,ColonCancer,1,176,5310,0.2132738461538461
SCSO,ColonCancer,1,177,5340,0.2132738461538461
SCSO,ColonCancer,1,178,5370,0.2132738461538461
SCSO,ColonCancer,1,179,5400,0.2132738461538461
SCSO,ColonCancer,1,180,5430,0.2132738461538461
SCSO,ColonCancer,1,181,5460,0.2132738461538461
SCSO,ColonCancer,1,182,5490,0.2132738461538461
SCSO,ColonCancer,1,183,5520,0.2132738461538461
SCSO,ColonCancer,1,184,5550,0.2132738461538461
SCSO,ColonCancer,1,185,5580,0.2132738461538461
SCSO,ColonCancer,1,186,5610,0.2132738461538461
SCSO,ColonCancer,1,187,5640,0.2132738461538461
SCSO,ColonCancer,1,188,5670,0.2132738461538461
SCSO,ColonCancer,1,189,5700,0.2132738461538461
SCSO,ColonCancer,1,190,5730,0.2132738461538461
SCSO,ColonCancer,1,191,5760,0.2132738461538461
SCSO,ColonCancer,1,192,5790,0.2132738461538461
SCSO,ColonCancer,1,193,5820,0.2132738461538461
SCSO,ColonCancer,1,194,5850,0.2132738461538461
SCSO,ColonCancer,1,195,5880,0.2132738461538461
SCSO,ColonCancer,1,196,5910,0.2132738461538461
SCSO,ColonCancer,1,197,5940,0.2132738461538461
SCSO,ColonCancer,1,198,5970,0.2132738461538461
SCSO,ColonCancer,1,199,6000,0.2132738461538461
SCSO,ColonCancer,1,200,6030,0.2132738461538461
SCSO,ColonCancer,1,201,6060,0.2132738461538461
SCSO,ColonCancer,1,202,6090,0.2132738461538461
SCSO,ColonCancer,1,203,6120,0.2132738461538461
SCSO,ColonCancer,1,204,6150,0.2132738461538461
SCSO,ColonCancer,1,205,6180,0.2132738461538461
SCSO,ColonCancer,1,206,6210,0.2132738461538461
SCSO,ColonCancer,1,207,6240,0.2132738461538461
SCSO,ColonCancer,1,208,6270,0.2132738461538461
SCSO,ColonCancer,1,209,6300,0.2132738461538461
SCSO,ColonCancer,1,210,6330,0.2132738461538461
SCSO,ColonCancer,1,211,6360,0.2132738461538461
SCSO,ColonCancer,1,212,6390,0.2132738461538461
SCSO,ColonCancer,1,213,6420,0.2132738461538461
SCSO,ColonCancer,1,214,6450,0.2132738461538461
SCSO,ColonCancer,1,215,6480,0.2132738461538461
SCSO,ColonCancer,1,216,6510,0.2132738461538461
SCSO,ColonCancer,1,217,6540,0.2132738461538461
SCSO,ColonCancer,1,218,6570,0.2132738461538461
SCSO,ColonCancer,1,219,6600,0.2132738461538461
SCSO,ColonCancer,1,220,6630,0.2132738461538461
SCSO,ColonCancer,1,221,6660,0.2132738461538461
SCSO,ColonCancer,1,222,6690,0.2132738461538461
SCSO,ColonCancer,1,223,6720,0.2132738461538461
SCSO,ColonCancer,1,224,6750,0.2132738461538461
SCSO,ColonCancer,1,225,6780,0.2132738461538461
SCSO,ColonCancer,1,226,6810,0.2132738461538461
SCSO,ColonCancer,1,227,6840,0.2132738461538461
SCSO,ColonCancer,1,228,6870,0.2132738461538461
SCSO,ColonCancer,1,229,6900,0.2132738461538461
SCSO,ColonCancer,1,230,6930,0.2132738461538461
SCSO,ColonCancer,1,231,6960,0.2132738461538461
SCSO,ColonCancer,1,232,6990,0.2132738461538461
SCSO,ColonCancer,1,233,7020,0.2132738461538461
SCSO,ColonCancer,1,234,7050,0.2132738461538461
SCSO,ColonCancer,1,235,7080,0.2132738461538461
SCSO,ColonCancer,1,236,7110,0.2132738461538461
SCSO,ColonCancer,1,237,7140,0.2132738461538461
SCSO,ColonCancer,1,238,7170,0.2132738461538461
SCSO,ColonCancer,1,239,7200,0.2132738461538461
SCSO,ColonCancer,1,240,7230,0.2132738461538461
SCSO,ColonCancer,1,241,7260,0.2132738461538461
SCSO,ColonCancer,1,242,7290,0.2132738461538461
SCSO,ColonCancer,1,243,7320,0.2132738461538461
SCSO,ColonCancer,1,244,7350,0.2132738461538461
SCSO,ColonCancer,1,245,7380,0.2132738461538461
SCSO,ColonCancer,1,246,7410,0.2132738461538461
SCSO,ColonCancer,1,247,7440,0.2132738461538461
SCSO,ColonCancer,1,248,7470,0.2132738461538461
SCSO,ColonCancer,1,249,7500,0.2132738461538461
SCSO,ColonCancer,1,250,7530,0.2132738461538461
SCSO,ColonCancer,1,251,7560,0.2132738461538461
SCSO,ColonCancer,1,252,7590,0.2132738461538461
SCSO,ColonCancer,1,253,7620,0.2132738461538461
SCSO,ColonCancer,1,254,7650,0.2132738461538461
SCSO,ColonCancer,1,255,7680,0.2132738461538461
SCSO,ColonCancer,1,256,7710,0.2132738461538461
SCSO,ColonCancer,1,257,7740,0.2132738461538461
SCSO,ColonCancer,1,258,7770,0.2132738461538461
SCSO,ColonCancer,1,259,7800,0.2132738461538461
SCSO,ColonCancer,1,260,7830,0.2132738461538461
SCSO,ColonCancer,1,261,7860,0.2132738461538461
SCSO,ColonCancer,1,262,7890,0.2132738461538461
SCSO,ColonCancer,1,263,7920,0.2132738461538461
SCSO,ColonCancer,1,264,7950,0.2132738461538461
SCSO,ColonCancer,1,265,7980,0.2132738461538461
SCSO,ColonCancer,1,266,8010,0.2132738461538461
SCSO,ColonCancer,1,267,8040,0.2132738461538461
SCSO,ColonCancer,1,268,8070,0.2132738461538461
SCSO,ColonCancer,1,269,8100,0.2132738461538461
SCSO,ColonCancer,1,270,8130,0.2132738461538461
SCSO,ColonCancer,1,271,8160,0.2132738461538461
SCSO,ColonCancer,1,272,8190,0.2132738461538461
SCSO,ColonCancer,1,273,8220,0.2132738461538461
SCSO,ColonCancer,1,274,8250,0.2132738461538461
SCSO,ColonCancer,1,275,8280,0.2132738461538461
SCSO,ColonCancer,1,276,8310,0.2132738461538461
SCSO,ColonCancer,1,277,8340,0.2132738461538461
SCSO,ColonCancer,1,278,8370,0.2132738461538461
SCSO,ColonCancer,1,279,8400,0.2132738461538461
SCSO,ColonCancer,1,280,8430,0.2132738461538461
SCSO,ColonCancer,1,281,8460,0.2132738461538461
SCSO,ColonCancer,1,282,8490,0.2132738461538461
SCSO,ColonCancer,1,283,8520,0.2132738461538461
SCSO,ColonCancer,1,284,8550,0.2132738461538461
SCSO,ColonCancer,1,285,8580,0.2132738461538461
SCSO,ColonCancer,1,286,8610,0.2132738461538461
SCSO,ColonCancer,1,287,8640,0.2132738461538461
SCSO,ColonCancer,1,288,8670,0.2132738461538461
SCSO,ColonCancer,1,289,8700,0.2132738461538461
SCSO,ColonCancer,1,290,8730,0.2132738461538461
SCSO,ColonCancer,1,291,8760,0.2132738461538461
SCSO,ColonCancer,1,292,8790,0.2132738461538461
SCSO,ColonCancer,1,293,8820,0.2132738461538461
SCSO,ColonCancer,1,294,8850,0.2132738461538461
SCSO,ColonCancer,1,295,8880,0.2132738461538461
SCSO,ColonCancer,1,296,8910,0.2132738461538461
SCSO,ColonCancer,1,297,8940,0.2132738461538461
SCSO,ColonCancer,1,298,8970,0.2132738461538461
SCSO,ColonCancer,1,299,9000,0.2132738461538461
SCSO,ColonCancer,1,300,9030,0.2132738461538461
SCSO,ColonCancer,1,301,9060,0.2132738461538461
SCSO,ColonCancer,1,302,9090,0.2132738461538461
SCSO,ColonCancer,1,303,9120,0.2132738461538461
SCSO,ColonCancer,1,304,9150,0.2132738461538461
SCSO,ColonCancer,1,305,9180,0.2132738461538461
SCSO,ColonCancer,1,306,9210,0.2132738461538461
SCSO,ColonCancer,1,307,9240,0.2132738461538461
SCSO,ColonCancer,1,308,9270,0.2132738461538461
SCSO,ColonCancer,1,309,9300,0.2132738461538461
SCSO,ColonCancer,1,310,9330,0.2132738461538461
SCSO,ColonCancer,1,311,9360,0.2132738461538461
SCSO,ColonCancer,1,312,9390,0.2132738461538461
SCSO,ColonCancer,1,313,9420,0.2132738461538461
SCSO,ColonCancer,1,314,9450,0.2132738461538461
SCSO,ColonCancer,1,315,9480,0.2132738461538461
SCSO,ColonCancer,1,316,9510,0.2132738461538461
SCSO,ColonCancer,1,317,9540,0.2132738461538461
SCSO,ColonCancer,1,318,9570,0.2132738461538461
SCSO,ColonCancer,1,319,9600,0.2132738461538461
SCSO,ColonCancer,1,320,9630,0.2132738461538461
SCSO,ColonCancer,1,321,9660,0.2132738461538461
SCSO,ColonCancer,1,322,9690,0.2132738461538461
SCSO,ColonCancer,1,323,9720,0.2132738461538461
SCSO,ColonCancer,1,324,9750,0.2132738461538461
SCSO,ColonCancer,1,325,9780,0.2132738461538461
SCSO,ColonCancer,1,326,9810,0.2132738461538461
SCSO,ColonCancer,1,327,9840,0.2132738461538461
SCSO,ColonCancer,1,328,9870,0.2132738461538461
SCSO,ColonCancer,1,329,9900,0.2132738461538461
SCSO,ColonCancer,1,330,9930,0.2132738461538461
SCSO,ColonCancer,1,331,9960,0.2132738461538461
SCSO,ColonCancer,1,332,9990,0.2132738461538461
SCSO,ColonCancer,1,333,10020,0.2132738461538461
SCSO,ColonCancer,1,334,10050,0.2132738461538461
SCSO,ColonCancer,1,335,10080,0.2132738461538461
SCSO,ColonCancer,1,336,10110,0.2132738461538461
SCSO,ColonCancer,1,337,10140,0.2132738461538461
SCSO,ColonCancer,1,338,10170,0.2132738461538461
SCSO,ColonCancer,1,339,10200,0.2132738461538461
SCSO,ColonCancer,1,340,10230,0.2132738461538461
SCSO,ColonCancer,1,341,10260,0.2132738461538461
SCSO,ColonCancer,1,342,10290,0.2132738461538461
SCSO,ColonCancer,1,343,10320,0.2132738461538461
SCSO,ColonCancer,1,344,10350,0.2132738461538461
SCSO,ColonCancer,1,345,10380,0.2132738461538461
SCSO,ColonCancer,1,346,10410,0.2132738461538461
SCSO,ColonCancer,1,347,10440,0.2132738461538461
SCSO,ColonCancer,1,348,10470,0.2132738461538461
SCSO,ColonCancer,1,349,10500,0.2132738461538461
SCSO,ColonCancer,1,350,10530,0.2132738461538461
SCSO,ColonCancer,1,351,10560,0.2132738461538461
SCSO,ColonCancer,1,352,10590,0.2132738461538461
SCSO,ColonCancer,1,353,10620,0.2132738461538461
SCSO,ColonCancer,1,354,10650,0.2132738461538461
SCSO,ColonCancer,1,355,10680,0.2132738461538461
SCSO,ColonCancer,1,356,10710,0.2132738461538461
SCSO,ColonCancer,1,357,10740,0.2132738461538461
SCSO,ColonCancer,1,358,10770,0.2132738461538461
SCSO,ColonCancer,1,359,10800,0.2132738461538461
SCSO,ColonCancer,1,360,10830,0.2132738461538461
SCSO,ColonCancer,1,361,10860,0.2132738461538461
SCSO,ColonCancer,1,362,10890,0.2132738461538461
SCSO,ColonCancer,1,363,10920,0.2132738461538461
SCSO,ColonCancer,1,364,10950,0.2132738461538461
SCSO,ColonCancer,1,365,10980,0.2132738461538461
SCSO,ColonCancer,1,366,11010,0.2132738461538461
SCSO,ColonCancer,1,367,11040,0.2132738461538461
SCSO,ColonCancer,1,368,11070,0.2132738461538461
SCSO,ColonCancer,1,369,11100,0.2132738461538461
SCSO,ColonCancer,1,370,11130,0.2132738461538461
SCSO,ColonCancer,1,371,11160,0.2132738461538461
SCSO,ColonCancer,1,372,11190,0.2132738461538461
SCSO,ColonCancer,1,373,11220,0.2132738461538461
SCSO,ColonCancer,1,374,11250,0.2132738461538461
SCSO,ColonCancer,1,375,11280,0.2132738461538461
SCSO,ColonCancer,1,376,11310,0.2132738461538461
SCSO,ColonCancer,1,377,11340,0.2132738461538461
SCSO,ColonCancer,1,378,11370,0.2132738461538461
SCSO,ColonCancer,1,379,11400,0.2132738461538461
SCSO,ColonCancer,1,380,11430,0.2132738461538461
SCSO,ColonCancer,1,381,11460,0.2132738461538461
SCSO,ColonCancer,1,382,11490,0.2132738461538461
SCSO,ColonCancer,1,383,11520,0.2132738461538461
SCSO,ColonCancer,1,384,11550,0.2132738461538461
SCSO,ColonCancer,1,385,11580,0.2132738461538461
SCSO,ColonCancer,1,386,11610,0.2132738461538461
SCSO,ColonCancer,1,387,11640,0.2132738461538461
SCSO,ColonCancer,1,388,11670,0.2132738461538461
SCSO,ColonCancer,1,389,11700,0.2132738461538461
SCSO,ColonCancer,1,390,11730,0.2132738461538461
SCSO,ColonCancer,1,391,11760,0.2132738461538461
SCSO,ColonCancer,1,392,11790,0.2132738461538461
SCSO,ColonCancer,1,393,11820,0.2132738461538461
SCSO,ColonCancer,1,394,11850,0.2132738461538461
SCSO,ColonCancer,1,395,11880,0.2132738461538461
SCSO,ColonCancer,1,396,11910,0.2132738461538461
SCSO,ColonCancer,1,397,11940,0.2132738461538461
SCSO,ColonCancer,1,398,11970,0.2132738461538461
SCSO,ColonCancer,1,399,12000,0.2132738461538461
SCSO,ColonCancer,1,400,12030,0.2132738461538461
SCSO,ColonCancer,1,401,12060,0.2132738461538461
SCSO,ColonCancer,1,402,12090,0.2132738461538461
SCSO,ColonCancer,1,403,12120,0.2132738461538461
SCSO,ColonCancer,1,404,12150,0.2132738461538461
SCSO,ColonCancer,1,405,12180,0.2132738461538461
SCSO,ColonCancer,1,406,12210,0.2132738461538461
SCSO,ColonCancer,1,407,12240,0.2132738461538461
SCSO,ColonCancer,1,408,12270,0.2132738461538461
SCSO,ColonCancer,1,409,12300,0.2132738461538461
SCSO,ColonCancer,1,410,12330,0.2132738461538461
SCSO,ColonCancer,1,411,12360,0.2132738461538461
SCSO,ColonCancer,1,412,12390,0.2132738461538461
SCSO,ColonCancer,1,413,12420,0.2132738461538461
SCSO,ColonCancer,1,414,12450,0.2132738461538461
SCSO,ColonCancer,1,415,12480,0.2132738461538461
SCSO,ColonCancer,1,416,12510,0.2132738461538461
SCSO,ColonCancer,1,417,12540,0.2132738461538461
SCSO,ColonCancer,1,418,12570,0.2132738461538461
SCSO,ColonCancer,1,419,12600,0.2132738461538461
SCSO,ColonCancer,1,420,12630,0.2132738461538461
SCSO,ColonCancer,1,421,12660,0.2132738461538461
SCSO,ColonCancer,1,422,12690,0.2132738461538461
SCSO,ColonCancer,1,423,12720,0.2132738461538461
SCSO,ColonCancer,1,424,12750,0.2132738461538461
SCSO,ColonCancer,1,425,12780,0.2132738461538461
SCSO,ColonCancer,1,426,12810,0.2132738461538461
SCSO,ColonCancer,1,427,12840,0.2132738461538461
SCSO,ColonCancer,1,428,12870,0.2132738461538461
SCSO,ColonCancer,1,429,12900,0.2132738461538461
SCSO,ColonCancer,1,430,12930,0.2132738461538461
SCSO,ColonCancer,1,431,12960,0.2132738461538461
SCSO,ColonCancer,1,432,12990,0.2132738461538461
SCSO,ColonCancer,1,433,13020,0.2132738461538461
SCSO,ColonCancer,1,434,13050,0.2132738461538461
SCSO,ColonCancer,1,435,13080,0.2132738461538461
SCSO,ColonCancer,1,436,13110,0.2132738461538461
SCSO,ColonCancer,1,437,13140,0.2132738461538461
SCSO,ColonCancer,1,438,13170,0.2132738461538461
SCSO,ColonCancer,1,439,13200,0.2132738461538461
SCSO,ColonCancer,1,440,13230,0.2132738461538461
SCSO,ColonCancer,1,441,13260,0.2132738461538461
SCSO,ColonCancer,1,442,13290,0.2132738461538461
SCSO,ColonCancer,1,443,13320,0.2132738461538461
SCSO,ColonCancer,1,444,13350,0.2132738461538461
SCSO,ColonCancer,1,445,13380,0.2132738461538461
SCSO,ColonCancer,1,446,13410,0.2132738461538461
SCSO,ColonCancer,1,447,13440,0.2132738461538461
SCSO,ColonCancer,1,448,13470,0.2132738461538461
SCSO,ColonCancer,1,449,13500,0.2132738461538461
SCSO,ColonCancer,1,450,13530,0.2132738461538461
SCSO,ColonCancer,1,451,13560,0.2132738461538461
SCSO,ColonCancer,1,452,13590,0.2132738461538461
SCSO,ColonCancer,1,453,13620,0.2132738461538461
SCSO,ColonCancer,1,454,13650,0.2132738461538461
SCSO,ColonCancer,1,455,13680,0.2132738461538461
SCSO,ColonCancer,1,456,13710,0.2132738461538461
SCSO,ColonCancer,1,457,13740,0.2132738461538461
SCSO,ColonCancer,1,458,13770,0.2132738461538461
SCSO,ColonCancer,1,459,13800,0.2132738461538461
SCSO,ColonCancer,1,460,13830,0.2132738461538461
SCSO,ColonCancer,1,461,13860,0.2132738461538461
SCSO,ColonCancer,1,462,13890,0.2132738461538461
SCSO,ColonCancer,1,463,13920,0.2132738461538461
SCSO,ColonCancer,1,464,13950,0.2132738461538461
SCSO,ColonCancer,1,465,13980,0.2132738461538461
SCSO,ColonCancer,1,466,14010,0.2132738461538461
SCSO,ColonCancer,1,467,14040,0.2132738461538461
SCSO,ColonCancer,1,468,14070,0.2132738461538461
SCSO,ColonCancer,1,469,14100,0.2132738461538461
SCSO,ColonCancer,1,470,14130,0.2132738461538461
SCSO,ColonCancer,1,471,14160,0.2132738461538461
SCSO,ColonCancer,1,472,14190,0.2132738461538461
SCSO,ColonCancer,1,473,14220,0.2132738461538461
SCSO,ColonCancer,1,474,14250,0.2132738461538461
SCSO,ColonCancer,1,475,14280,0.2132738461538461
SCSO,ColonCancer,1,476,14310,0.2132738461538461
SCSO,ColonCancer,1,477,14340,0.2132738461538461
SCSO,ColonCancer,1,478,14370,0.2132738461538461
SCSO,ColonCancer,1,479,14400,0.2132738461538461
SCSO,ColonCancer,1,480,14430,0.2132738461538461
SCSO,ColonCancer,1,481,14460,0.2132738461538461
SCSO,ColonCancer,1,482,14490,0.2132738461538461
SCSO,ColonCancer,1,483,14520,0.2132738461538461
SCSO,ColonCancer,1,484,14550,0.2132738461538461
SCSO,ColonCancer,1,485,14580,0.2132738461538461
SCSO,ColonCancer,1,486,14610,0.2132738461538461
SCSO,ColonCancer,1,487,14640,0.2132738461538461
SCSO,ColonCancer,1,488,14670,0.2132738461538461
SCSO,ColonCancer,1,489,14700,0.2132738461538461
SCSO,ColonCancer,1,490,14730,0.2132738461538461
SCSO,ColonCancer,1,491,14760,0.2132738461538461
SCSO,ColonCancer,1,492,14790,0.2132738461538461
SCSO,ColonCancer,1,493,14820,0.2132738461538461
SCSO,ColonCancer,1,494,14850,0.2132738461538461
SCSO,ColonCancer,1,495,14880,0.2132738461538461
SCSO,ColonCancer,1,496,14910,0.2132738461538461
SCSO,ColonCancer,1,497,14940,0.2132738461538461
SCSO,ColonCancer,1,498,14970,0.2132738461538461
SCSO,ColonCancer,1,499,15000,0.2132738461538461
SCSO,WDBC,0,0,30,0.0314474460487502
SCSO,WDBC,0,1,60,0.0314474460487502
SCSO,WDBC,0,2,90,0.0314474460487502
SCSO,WDBC,0,3,120,0.0314474460487502
SCSO,WDBC,0,4,150,0.0314474460487502
SCSO,WDBC,0,5,180,0.0314474460487502
SCSO,WDBC,0,6,210,0.0314474460487502
SCSO,WDBC,0,7,240,0.0314474460487502
SCSO,WDBC,0,8,270,0.0314474460487502
SCSO,WDBC,0,9,300,0.0314474460487502
SCSO,WDBC,0,10,330,0.0314474460487502
SCSO,WDBC,0,11,360,0.0314474460487502
SCSO,WDBC,0,12,390,0.0314474460487502
SCSO,WDBC,0,13,420,0.0314474460487502
SCSO,WDBC,0,14,450,0.0314474460487502
SCSO,WDBC,0,15,480,0.0314474460487502
SCSO,WDBC,0,16,510,0.0314474460487502
SCSO,WDBC,0,17,540,0.0314474460487502
SCSO,WDBC,0,18,570,0.0314474460487502
SCSO,WDBC,0,19,600,0.0314474460487502
SCSO,WDBC,0,20,630,0.0314474460487502
SCSO,WDBC,0,21,660,0.0314474460487502
SCSO,WDBC,0,22,690,0.0314474460487502
SCSO,WDBC,0,23,720,0.0314474460487502
SCSO,WDBC,0,24,750,0.0314474460487502
SCSO,WDBC,0,25,780,0.0314474460487502
SCSO,WDBC,0,26,810,0.0314474460487502
SCSO,WDBC,0,27,840,0.0314474460487502
SCSO,WDBC,0,28,870,0.0314474460487502
SCSO,WDBC,0,29,900,0.0314474460487502
SCSO,WDBC,0,30,930,0.0314474460487502
SCSO,WDBC,0,31,960,0.030432075764632874
SCSO,WDBC,0,32,990,0.030432075764632874
SCSO,WDBC,0,33,1020,0.030432075764632874
SCSO,WDBC,0,34,1050,0.030432075764632874
SCSO,WDBC,0,35,1080,0.030432075764632874
SCSO,WDBC,0,36,1110,0.030432075764632874
SCSO,WDBC,0,37,1140,0.030432075764632874
SCSO,WDBC,0,38,1170,0.030432075764632874
SCSO,WDBC,0,39,1200,0.030432075764632874
SCSO,WDBC,0,40,1230,0.030432075764632874
SCSO,WDBC,0,41,1260,0.030432075764632874
SCSO,WDBC,0,42,1290,0.030432075764632874
SCSO,WDBC,0,43,1320,0.030432075764632874
SCSO,WDBC,0,44,1350,0.030432075764632874
SCSO,WDBC,0,45,1380,0.030432075764632874
SCSO,WDBC,0,46,1410,0.030432075764632874
SCSO,WDBC,0,47,1440,0.030432075764632874
SCSO,WDBC,0,48,1470,0.030432075764632874
SCSO,WDBC,0,49,1500,0.030432075764632874
SCSO,WDBC,0,50,1530,0.030432075764632874
SCSO,WDBC,0,51,1560,0.030432075764632874
SCSO,WDBC,0,52,1590,0.030432075764632874
SCSO,WDBC,0,53,1620,0.030432075764632874
SCSO,WDBC,0,54,1650,0.030432075764632874
SCSO,WDBC,0,55,1680,0.030432075764632874
SCSO,WDBC,0,56,1710,0.030432075764632874
SCSO,WDBC,0,57,1740,0.030432075764632874
SCSO,WDBC,0,58,1770,0.030432075764632874
SCSO,WDBC,0,59,1800,0.030432075764632874
SCSO,WDBC,0,60,1830,0.030432075764632874
SCSO,WDBC,0,61,1860,0.030028566992702933
SCSO,WDBC,0,62,1890,0.030028566992702933
SCSO,WDBC,0,63,1920,0.030028566992702933
SCSO,WDBC,0,64,1950,0.030028566992702933
SCSO,WDBC,0,65,1980,0.030028566992702933
SCSO,WDBC,0,66,2010,0.027609687936655778
SCSO,WDBC,0,67,2040,0.027609687936655778
SCSO,WDBC,0,68,2070,0.027609687936655778
SCSO,WDBC,0,69,2100,0.027609687936655778
SCSO,WDBC,0,70,2130,0.027609687936655778
SCSO,WDBC,0,71,2160,0.027609687936655778
SCSO,WDBC,0,72,2190,0.027609687936655778
SCSO,WDBC,0,73,2220,0.027609687936655778
SCSO,WDBC,0,74,2250,0.027609687936655778
SCSO,WDBC,0,75,2280,0.027609687936655778
SCSO,WDBC,0,76,2310,0.027609687936655778
SCSO,WDBC,0,77,2340,0.027609687936655778
SCSO,WDBC,0,78,2370,0.027609687936655778
SCSO,WDBC,0,79,2400,0.027609687936655778
SCSO,WDBC,0,80,2430,0.027609687936655778
SCSO,WDBC,0,81,2460,0.027609687936655778
SCSO,WDBC,0,82,2490,0.027609687936655778
SCSO,WDBC,0,83,2520,0.027609687936655778
SCSO,WDBC,0,84,2550,0.027609687936655778
SCSO,WDBC,0,85,2580,0.027609687936655778
SCSO,WDBC,0,86,2610,0.027609687936655778
SCSO,WDBC,0,87,2640,0.027609687936655778
SCSO,WDBC,0,88,2670,0.027609687936655778
SCSO,WDBC,0,89,2700,0.027609687936655778
SCSO,WDBC,0,90,2730,0.027609687936655778
SCSO,WDBC,0,91,2760,0.027609687936655778
SCSO,WDBC,0,92,2790,0.027609687936655778
SCSO,WDBC,0,93,2820,0.027609687936655778
SCSO,WDBC,0,94,2850,0.027609687936655778
SCSO,WDBC,0,95,2880,0.027609687936655778
SCSO,WDBC,0,96,2910,0.027609687936655778
SCSO,WDBC,0,97,2940,0.027609687936655778
SCSO,WDBC,0,98,2970,0.027609687936655778
SCSO,WDBC,0,99,3000,0.027609687936655778
SCSO,WDBC,0,100,3030,0.027609687936655778
SCSO,WDBC,0,101,3060,0.027609687936655778
SCSO,WDBC,0,102,3090,0.027609687936655778
SCSO,WDBC,0,103,3120,0.027609687936655778
SCSO,WDBC,0,104,3150,0.027609687936655778
SCSO,WDBC,0,105,3180,0.027609687936655778
SCSO,WDBC,0,106,3210,0.027609687936655778
SCSO,WDBC,0,107,3240,0.027609687936655778
SCSO,WDBC,0,108,3270,0.027609687936655778
SCSO,WDBC,0,109,3300,0.027609687936655778
SCSO,WDBC,0,110,3330,0.027609687936655778
SCSO,WDBC,0,111,3360,0.027609687936655778
SCSO,WDBC,0,112,3390,0.027609687936655778
SCSO,WDBC,0,113,3420,0.027609687936655778
SCSO,WDBC,0,114,3450,0.027609687936655778
SCSO,WDBC,0,115,3480,0.026206179164726055
SCSO,WDBC,0,116,3510,0.026206179164726055
SCSO,WDBC,0,117,3540,0.026206179164726055
SCSO,WDBC,0,118,3570,0.026206179164726055
SCSO,WDBC,0,119,3600,0.026206179164726055
SCSO,WDBC,0,120,3630,0.026206179164726055
SCSO,WDBC,0,121,3660,0.026206179164726055
SCSO,WDBC,0,122,3690,0.026206179164726055
SCSO,WDBC,0,123,3720,0.026206179164726055
SCSO,WDBC,0,124,3750,0.026206179164726055
SCSO,WDBC,0,125,3780,0.026206179164726055
SCSO,WDBC,0,126,3810,0.026206179164726055
SCSO,WDBC,0,127,3840,0.026206179164726055
SCSO,WDBC,0,128,3870,0.026206179164726055
SCSO,WDBC,0,129,3900,0.026206179164726055
SCSO,WDBC,0,130,3930,0.026206179164726055
SCSO,WDBC,0,131,3960,0.026206179164726055
SCSO,WDBC,0,132,3990,0.026206179164726055
SCSO,WDBC,0,133,4020,0.026206179164726055
SCSO,WDBC,0,134,4050,0.026206179164726055
SCSO,WDBC,0,135,4080,0.026206179164726055
SCSO,WDBC,0,136,4110,0.026206179164726055
SCSO,WDBC,0,137,4140,0.026206179164726055
SCSO,WDBC,0,138,4170,0.026206179164726055
SCSO,WDBC,0,139,4200,0.026206179164726055
SCSO,WDBC,0,140,4230,0.026206179164726055
SCSO,WDBC,0,141,4260,0.026206179164726055
SCSO,WDBC,0,142,4290,0.026206179164726055
SCSO,WDBC,0,143,4320,0.026206179164726055
SCSO,WDBC,0,144,4350,0.026206179164726055
SCSO,WDBC,0,145,4380,0.026206179164726055
SCSO,WDBC,0,146,4410,0.026206179164726055
SCSO,WDBC,0,147,4440,0.026206179164726055
SCSO,WDBC,0,148,4470,0.026206179164726055
SCSO,WDBC,0,149,4500,0.026206179164726055
SCSO,WDBC,0,150,4530,0.026206179164726055
SCSO,WDBC,0,151,4560,0.026206179164726055
SCSO,WDBC,0,152,4590,0.026206179164726055
SCSO,WDBC,0,153,4620,0.026206179164726055
SCSO,WDBC,0,154,4650,0.026206179164726055
SCSO,WDBC,0,155,4680,0.026206179164726055
SCSO,WDBC,0,156,4710,0.026206179164726055
SCSO,WDBC,0,157,4740,0.026206179164726055
SCSO,WDBC,0,158,4770,0.026206179164726055
SCSO,WDBC,0,159,4800,0.026206179164726055
SCSO,WDBC,0,160,4830,0.026206179164726055
SCSO,WDBC,0,161,4860,0.026206179164726055
SCSO,WDBC,0,162,4890,0.026206179164726055
SCSO,WDBC,0,163,4920,0.026206179164726055
SCSO,WDBC,0,164,4950,0.026206179164726055
SCSO,WDBC,0,165,4980,0.026206179164726055
SCSO,WDBC,0,166,5010,0.026206179164726055
SCSO,WDBC,0,167,5040,0.026206179164726055
SCSO,WDBC,0,168,5070,0.026206179164726055
SCSO,WDBC,0,169,5100,0.026206179164726055
SCSO,WDBC,0,170,5130,0.026206179164726055
SCSO,WDBC,0,171,5160,0.026206179164726055
SCSO,WDBC,0,172,5190,0.026206179164726055
SCSO,WDBC,0,173,5220,0.026206179164726055
SCSO,WDBC,0,174,5250,0.026206179164726055
SCSO,WDBC,0,175,5280,0.026206179164726055
SCSO,WDBC,0,176,5310,0.026206179164726055
SCSO,WDBC,0,177,5340,0.026206179164726055
SCSO,WDBC,0,178,5370,0.026206179164726055
SCSO,WDBC,0,179,5400,0.026206179164726055
SCSO,WDBC,0,180,5430,0.026206179164726055
SCSO,WDBC,0,181,5460,0.026206179164726055
SCSO,WDBC,0,182,5490,0.026206179164726055
SCSO,WDBC,0,183,5520,0.026206179164726055
SCSO,WDBC,0,184,5550,0.026206179164726055
SCSO,WDBC,0,185,5580,0.026206179164726055
SCSO,WDBC,0,186,5610,0.026206179164726055
SCSO,WDBC,0,187,5640,0.026206179164726055
SCSO,WDBC,0,188,5670,0.026206179164726055
SCSO,WDBC,0,189,5700,0.026206179164726055
SCSO,WDBC,0,190,5730,0.026206179164726055
SCSO,WDBC,0,191,5760,0.026206179164726055
SCSO,WDBC,0,192,5790,0.026206179164726055
SCSO,WDBC,0,193,5820,0.026206179164726055
SCSO,WDBC,0,194,5850,0.026206179164726055
SCSO,WDBC,0,195,5880,0.026206179164726055
SCSO,WDBC,0,196,5910,0.026206179164726055
SCSO,WDBC,0,197,5940,0.026206179164726055
SCSO,WDBC,0,198,5970,0.026206179164726055
SCSO,WDBC,0,199,6000,0.026206179164726055
SCSO,WDBC,0,200,6030,0.026206179164726055
SCSO,WDBC,0,201,6060,0.026206179164726055
SCSO,WDBC,0,202,6090,0.026206179164726055
SCSO,WDBC,0,203,6120,0.026206179164726055
SCSO,WDBC,0,204,6150,0.026206179164726055
SCSO,WDBC,0,205,6180,0.026206179164726055
SCSO,WDBC,0,206,6210,0.026206179164726055
SCSO,WDBC,0,207,6240,0.026206179164726055
SCSO,WDBC,0,208,6270,0.026206179164726055
SCSO,WDBC,0,209,6300,0.026206179164726055
SCSO,WDBC,0,210,6330,0.026206179164726055
SCSO,WDBC,0,211,6360,0.026206179164726055
SCSO,WDBC,0,212,6390,0.026206179164726055
SCSO,WDBC,0,213,6420,0.026206179164726055
SCSO,WDBC,0,214,6450,0.026206179164726055
SCSO,WDBC,0,215,6480,0.026206179164726055
SCSO,WDBC,0,216,6510,0.026206179164726055
SCSO,WDBC,0,217,6540,0.026206179164726055
SCSO,WDBC,0,218,6570,0.026206179164726055
SCSO,WDBC,0,219,6600,0.026206179164726055
SCSO,WDBC,0,220,6630,0.026206179164726055
SCSO,WDBC,0,221,6660,0.026206179164726055
SCSO,WDBC,0,222,6690,0.026206179164726055
SCSO,WDBC,0,223,6720,0.026206179164726055
SCSO,WDBC,0,224,6750,0.026206179164726055
SCSO,WDBC,0,225,6780,0.026206179164726055
SCSO,WDBC,0,226,6810,0.026206179164726055
SCSO,WDBC,0,227,6840,0.026206179164726055
SCSO,WDBC,0,228,6870,0.026206179164726055
SCSO,WDBC,0,229,6900,0.026206179164726055
SCSO,WDBC,0,230,6930,0.026206179164726055
SCSO,WDBC,0,231,6960,0.026206179164726055
SCSO,WDBC,0,232,6990,0.026206179164726055
SCSO,WDBC,0,233,7020,0.026206179164726055
SCSO,WDBC,0,234,7050,0.026206179164726055
SCSO,WDBC,0,235,7080,0.026206179164726055
SCSO,WDBC,0,236,7110,0.026206179164726055
SCSO,WDBC,0,237,7140,0.026206179164726055
SCSO,WDBC,0,238,7170,0.026206179164726055
SCSO,WDBC,0,239,7200,0.026206179164726055
SCSO,WDBC,0,240,7230,0.026206179164726055
SCSO,WDBC,0,241,7260,0.026206179164726055
SCSO,WDBC,0,242,7290,0.026206179164726055
SCSO,WDBC,0,243,7320,0.026206179164726055
SCSO,WDBC,0,244,7350,0.026206179164726055
SCSO,WDBC,0,245,7380,0.026206179164726055
SCSO,WDBC,0,246,7410,0.026206179164726055
SCSO,WDBC,0,247,7440,0.026206179164726055
SCSO,WDBC,0,248,7470,0.026206179164726055
SCSO,WDBC,0,249,7500,0.026206179164726055
SCSO,WDBC,0,250,7530,0.026206179164726055
SCSO,WDBC,0,251,7560,0.026206179164726055
SCSO,WDBC,0,252,7590,0.026206179164726055
SCSO,WDBC,0,253,7620,0.026206179164726055
SCSO,WDBC,0,254,7650,0.026206179164726055
SCSO,WDBC,0,255,7680,0.026206179164726055
SCSO,WDBC,0,256,7710,0.026206179164726055
SCSO,WDBC,0,257,7740,0.026206179164726055
SCSO,WDBC,0,258,7770,0.026206179164726055
SCSO,WDBC,0,259,7800,0.026206179164726055
SCSO,WDBC,0,260,7830,0.026206179164726055
SCSO,WDBC,0,261,7860,0.026206179164726055
SCSO,WDBC,0,262,7890,0.026206179164726055
SCSO,WDBC,0,263,7920,0.026206179164726055
SCSO,WDBC,0,264,7950,0.026206179164726055
SCSO,WDBC,0,265,7980,0.026206179164726055
SCSO,WDBC,0,266,8010,0.026206179164726055
SCSO,WDBC,0,267,8040,0.026206179164726055
SCSO,WDBC,0,268,8070,0.026206179164726055
SCSO,WDBC,0,269,8100,0.026206179164726055
SCSO,WDBC,0,270,8130,0.026206179164726055
SCSO,WDBC,0,271,8160,0.026206179164726055
SCSO,WDBC,0,272,8190,0.026206179164726055
SCSO,WDBC,0,273,8220,0.026206179164726055
SCSO,WDBC,0,274,8250,0.026206179164726055
SCSO,WDBC,0,275,8280,0.026206179164726055
SCSO,WDBC,0,276,8310,0.026206179164726055
SCSO,WDBC,0,277,8340,0.026206179164726055
SCSO,WDBC,0,278,8370,0.026206179164726055
SCSO,WDBC,0,279,8400,0.026206179164726055
SCSO,WDBC,0,280,8430,0.026206179164726055
SCSO,WDBC,0,281,8460,0.026206179164726055
SCSO,WDBC,0,282,8490,0.026206179164726055
SCSO,WDBC,0,283,8520,0.026206179164726055
SCSO,WDBC,0,284,8550,0.026206179164726055
SCSO,WDBC,0,285,8580,0.026206179164726055
SCSO,WDBC,0,286,8610,0.026206179164726055
SCSO,WDBC,0,287,8640,0.026206179164726055
SCSO,WDBC,0,288,8670,0.026206179164726055
SCSO,WDBC,0,289,8700,0.026206179164726055
SCSO,WDBC,0,290,8730,0.026206179164726055
SCSO,WDBC,0,291,8760,0.026206179164726055
SCSO,WDBC,0,292,8790,0.026206179164726055
SCSO,WDBC,0,293,8820,0.026206179164726055
SCSO,WDBC,0,294,8850,0.026206179164726055
SCSO,WDBC,0,295,8880,0.026206179164726055
SCSO,WDBC,0,296,8910,0.026206179164726055
SCSO,WDBC,0,297,8940,0.026206179164726055
SCSO,WDBC,0,298,8970,0.026206179164726055
SCSO,WDBC,0,299,9000,0.026206179164726055
SCSO,WDBC,0,300,9030,0.026206179164726055
SCSO,WDBC,0,301,9060,0.026206179164726055
SCSO,WDBC,0,302,9090,0.026206179164726055
SCSO,WDBC,0,303,9120,0.026206179164726055
SCSO,WDBC,0,304,9150,0.026206179164726055
SCSO,WDBC,0,305,9180,0.026206179164726055
SCSO,WDBC,0,306,9210,0.026206179164726055
SCSO,WDBC,0,307,9240,0.026206179164726055
SCSO,WDBC,0,308,9270,0.026206179164726055
SCSO,WDBC,0,309,9300,0.026206179164726055
SCSO,WDBC,0,310,9330,0.026206179164726055
SCSO,WDBC,0,311,9360,0.026206179164726055
SCSO,WDBC,0,312,9390,0.026206179164726055
SCSO,WDBC,0,313,9420,0.026206179164726055
SCSO,WDBC,0,314,9450,0.026206179164726055
SCSO,WDBC,0,315,9480,0.026206179164726055
SCSO,WDBC,0,316,9510,0.026206179164726055
SCSO,WDBC,0,317,9540,0.026206179164726055
SCSO,WDBC,0,318,9570,0.026206179164726055
SCSO,WDBC,0,319,9600,0.026206179164726055
SCSO,WDBC,0,320,9630,0.026206179164726055
SCSO,WDBC,0,321,9660,0.026206179164726055
SCSO,WDBC,0,322,9690,0.026206179164726055
SCSO,WDBC,0,323,9720,0.026206179164726055
SCSO,WDBC,0,324,9750,0.026206179164726055
SCSO,WDBC,0,325,9780,0.026206179164726055
SCSO,WDBC,0,326,9810,0.026206179164726055
SCSO,WDBC,0,327,9840,0.026206179164726055
SCSO,WDBC,0,328,9870,0.026206179164726055
SCSO,WDBC,0,329,9900,0.026206179164726055
SCSO,WDBC,0,330,9930,0.026206179164726055
SCSO,WDBC,0,331,9960,0.026206179164726055
SCSO,WDBC,0,332,9990,0.026206179164726055
SCSO,WDBC,0,333,10020,0.026206179164726055
SCSO,WDBC,0,334,10050,0.026206179164726055
SCSO,WDBC,0,335,10080,0.026206179164726055
SCSO,WDBC,0,336,10110,0.026206179164726055
SCSO,WDBC,0,337,10140,0.026206179164726055
SCSO,WDBC,0,338,10170,0.026206179164726055
SCSO,WDBC,0,339,10200,0.026206179164726055
SCSO,WDBC,0,340,10230,0.026206179164726055
SCSO,WDBC,0,341,10260,0.026206179164726055
SCSO,WDBC,0,342,10290,0.026206179164726055
SCSO,WDBC,0,343,10320,0.026206179164726055
SCSO,WDBC,0,344,10350,0.026206179164726055
SCSO,WDBC,0,345,10380,0.026206179164726055
SCSO,WDBC,0,346,10410,0.026206179164726055
SCSO,WDBC,0,347,10440,0.026206179164726055
SCSO,WDBC,0,348,10470,0.026206179164726055
SCSO,WDBC,0,349,10500,0.026206179164726055
SCSO,WDBC,0,350,10530,0.026206179164726055
SCSO,WDBC,0,351,10560,0.026206179164726055
SCSO,WDBC,0,352,10590,0.026206179164726055
SCSO,WDBC,0,353,10620,0.026206179164726055
SCSO,WDBC,0,354,10650,0.026206179164726055
SCSO,WDBC,0,355,10680,0.026206179164726055
SCSO,WDBC,0,356,10710,0.026206179164726055
SCSO,WDBC,0,357,10740,0.026206179164726055
SCSO,WDBC,0,358,10770,0.026206179164726055
SCSO,WDBC,0,359,10800,0.026206179164726055
SCSO,WDBC,0,360,10830,0.026206179164726055
SCSO,WDBC,0,361,10860,0.026206179164726055
SCSO,WDBC,0,362,10890,0.026206179164726055
SCSO,WDBC,0,363,10920,0.026206179164726055
SCSO,WDBC,0,364,10950,0.026206179164726055
SCSO,WDBC,0,365,10980,0.026206179164726055
SCSO,WDBC,0,366,11010,0.026206179164726055
SCSO,WDBC,0,367,11040,0.026206179164726055
SCSO,WDBC,0,368,11070,0.026206179164726055
SCSO,WDBC,0,369,11100,0.026206179164726055
SCSO,WDBC,0,370,11130,0.026206179164726055
SCSO,WDBC,0,371,11160,0.026206179164726055
SCSO,WDBC,0,372,11190,0.026206179164726055
SCSO,WDBC,0,373,11220,0.026206179164726055
SCSO,WDBC,0,374,11250,0.026206179164726055
SCSO,WDBC,0,375,11280,0.026206179164726055
SCSO,WDBC,0,376,11310,0.026206179164726055
SCSO,WDBC,0,377,11340,0.026206179164726055
SCSO,WDBC,0,378,11370,0.026206179164726055
SCSO,WDBC,0,379,11400,0.026206179164726055
SCSO,WDBC,0,380,11430,0.026206179164726055
SCSO,WDBC,0,381,11460,0.026206179164726055
SCSO,WDBC,0,382,11490,0.026206179164726055
SCSO,WDBC,0,383,11520,0.026206179164726055
SCSO,WDBC,0,384,11550,0.026206179164726055
SCSO,WDBC,0,385,11580,0.026206179164726055
SCSO,WDBC,0,386,11610,0.026206179164726055
SCSO,WDBC,0,387,11640,0.026206179164726055
SCSO,WDBC,0,388,11670,0.026206179164726055
SCSO,WDBC,0,389,11700,0.026206179164726055
SCSO,WDBC,0,390,11730,0.026206179164726055
SCSO,WDBC,0,391,11760,0.026206179164726055
SCSO,WDBC,0,392,11790,0.026206179164726055
SCSO,WDBC,0,393,11820,0.026206179164726055
SCSO,WDBC,0,394,11850,0.026206179164726055
SCSO,WDBC,0,395,11880,0.026206179164726055
SCSO,WDBC,0,396,11910,0.026206179164726055
SCSO,WDBC,0,397,11940,0.026206179164726055
SCSO,WDBC,0,398,11970,0.026206179164726055
SCSO,WDBC,0,399,12000,0.026206179164726055
SCSO,WDBC,0,400,12030,0.026206179164726055
SCSO,WDBC,0,401,12060,0.026206179164726055
SCSO,WDBC,0,402,12090,0.026206179164726055
SCSO,WDBC,0,403,12120,0.026206179164726055
SCSO,WDBC,0,404,12150,0.026206179164726055
SCSO,WDBC,0,405,12180,0.026206179164726055
SCSO,WDBC,0,406,12210,0.026206179164726055
SCSO,WDBC,0,407,12240,0.026206179164726055
SCSO,WDBC,0,408,12270,0.026206179164726055
SCSO,WDBC,0,409,12300,0.026206179164726055
SCSO,WDBC,0,410,12330,0.026206179164726055
SCSO,WDBC,0,411,12360,0.026206179164726055
SCSO,WDBC,0,412,12390,0.026206179164726055
SCSO,WDBC,0,413,12420,0.026206179164726055
SCSO,WDBC,0,414,12450,0.026206179164726055
SCSO,WDBC,0,415,12480,0.026206179164726055
SCSO,WDBC,0,416,12510,0.026206179164726055
SCSO,WDBC,0,417,12540,0.026206179164726055
SCSO,WDBC,0,418,12570,0.026206179164726055
SCSO,WDBC,0,419,12600,0.026206179164726055
SCSO,WDBC,0,420,12630,0.026206179164726055
SCSO,WDBC,0,421,12660,0.026206179164726055
SCSO,WDBC,0,422,12690,0.026206179164726055
SCSO,WDBC,0,423,12720,0.026206179164726055
SCSO,WDBC,0,424,12750,0.026206179164726055
SCSO,WDBC,0,425,12780,0.026206179164726055
SCSO,WDBC,0,426,12810,0.026206179164726055
SCSO,WDBC,0,427,12840,0.026206179164726055
SCSO,WDBC,0,428,12870,0.026206179164726055
SCSO,WDBC,0,429,12900,0.026206179164726055
SCSO,WDBC,0,430,12930,0.026206179164726055
SCSO,WDBC,0,431,12960,0.026206179164726055
SCSO,WDBC,0,432,12990,0.026206179164726055
SCSO,WDBC,0,433,13020,0.026206179164726055
SCSO,WDBC,0,434,13050,0.026206179164726055
SCSO,WDBC,0,435,13080,0.026206179164726055
SCSO,WDBC,0,436,13110,0.026206179164726055
SCSO,WDBC,0,437,13140,0.026206179164726055
SCSO,WDBC,0,438,13170,0.026206179164726055
SCSO,WDBC,0,439,13200,0.026206179164726055
SCSO,WDBC,0,440,13230,0.026206179164726055
SCSO,WDBC,0,441,13260,0.026206179164726055
SCSO,WDBC,0,442,13290,0.026206179164726055
SCSO,WDBC,0,443,13320,0.026206179164726055
SCSO,WDBC,0,444,13350,0.026206179164726055
SCSO,WDBC,0,445,13380,0.026206179164726055
SCSO,WDBC,0,446,13410,0.026206179164726055
SCSO,WDBC,0,447,13440,0.026206179164726055
SCSO,WDBC,0,448,13470,0.026206179164726055
SCSO,WDBC,0,449,13500,0.026206179164726055
SCSO,WDBC,0,450,13530,0.026206179164726055
SCSO,WDBC,0,451,13560,0.026206179164726055
SCSO,WDBC,0,452,13590,0.026206179164726055
SCSO,WDBC,0,453,13620,0.026206179164726055
SCSO,WDBC,0,454,13650,0.026206179164726055
SCSO,WDBC,0,455,13680,0.026206179164726055
SCSO,WDBC,0,456,13710,0.026206179164726055
SCSO,WDBC,0,457,13740,0.026206179164726055
SCSO,WDBC,0,458,13770,0.026206179164726055
SCSO,WDBC,0,459,13800,0.026206179164726055
SCSO,WDBC,0,460,13830,0.026206179164726055
SCSO,WDBC,0,461,13860,0.026206179164726055
SCSO,WDBC,0,462,13890,0.026206179164726055
SCSO,WDBC,0,463,13920,0.026206179164726055
SCSO,WDBC,0,464,13950,0.026206179164726055
SCSO,WDBC,0,465,13980,0.026206179164726055
SCSO,WDBC,0,466,14010,0.026206179164726055
SCSO,WDBC,0,467,14040,0.026206179164726055
SCSO,WDBC,0,468,14070,0.026206179164726055
SCSO,WDBC,0,469,14100,0.026206179164726055
SCSO,WDBC,0,470,14130,0.026206179164726055
SCSO,WDBC,0,471,14160,0.026206179164726055
SCSO,WDBC,0,472,14190,0.026206179164726055
SCSO,WDBC,0,473,14220,0.026206179164726055
SCSO,WDBC,0,474,14250,0.026206179164726055
SCSO,WDBC,0,475,14280,0.026206179164726055
SCSO,WDBC,0,476,14310,0.026206179164726055
SCSO,WDBC,0,477,14340,0.026206179164726055
SCSO,WDBC,0,478,14370,0.026206179164726055
SCSO,WDBC,0,479,14400,0.026206179164726055
SCSO,WDBC,0,480,14430,0.026206179164726055
SCSO,WDBC,0,481,14460,0.026206179164726055
SCSO,WDBC,0,482,14490,0.026206179164726055
SCSO,WDBC,0,483,14520,0.026206179164726055
SCSO,WDBC,0,484,14550,0.026206179164726055
SCSO,WDBC,0,485,14580,0.026206179164726055
SCSO,WDBC,0,486,14610,0.026206179164726055
SCSO,WDBC,0,487,14640,0.026206179164726055
SCSO,WDBC,0,488,14670,0.026206179164726055
SCSO,WDBC,0,489,14700,0.026206179164726055
SCSO,WDBC,0,490,14730,0.026206179164726055
SCSO,WDBC,0,491,14760,0.026206179164726055
SCSO,WDBC,0,492,14790,0.026206179164726055
SCSO,WDBC,0,493,14820,0.026206179164726055
SCSO,WDBC,0,494,14850,0.026206179164726055
SCSO,WDBC,0,495,14880,0.026206179164726055
SCSO,WDBC,0,496,14910,0.026206179164726055
SCSO,WDBC,0,497,14940,0.026206179164726055
SCSO,WDBC,0,498,14970,0.026206179164726055
SCSO,WDBC,0,499,15000,0.026206179164726055
SCSO,ColonCancer,2,0,30,0.16621730769230766
SCSO,ColonCancer,2,1,60,0.16621730769230766
SCSO,ColonCancer,2,2,90,0.16621730769230766
SCSO,ColonCancer,2,3,120,0.16621730769230766
SCSO,ColonCancer,2,4,150,0.16621730769230766
SCSO,ColonCancer,2,5,180,0.15099653846153852
SCSO,ColonCancer,2,6,210,0.14977230769230773
SCSO,ColonCancer,2,7,240,0.14977230769230773
SCSO,ColonCancer,2,8,270,0.14977230769230773
SCSO,ColonCancer,2,9,300,0.14977230769230773
SCSO,ColonCancer,2,10,330,0.14977230769230773
SCSO,ColonCancer,2,11,360,0.14977230769230773
SCSO,ColonCancer,2,12,390,0.14977230769230773
SCSO,ColonCancer,2,13,420,0.14977230769230773
SCSO,ColonCancer,2,14,450,0.14969730769230774
SCSO,ColonCancer,2,15,480,0.14969730769230774
SCSO,ColonCancer,2,16,510,0.14969730769230774
SCSO,ColonCancer,2,17,540,0.14969730769230774
SCSO,ColonCancer,2,18,570,0.14969730769230774
SCSO,ColonCancer,2,19,600,0.14969730769230774
SCSO,ColonCancer,2,20,630,0.14969730769230774
SCSO,ColonCancer,2,21,660,0.13558576923076932
SCSO,ColonCancer,2,22,690,0.13558576923076932
SCSO,ColonCancer,2,23,720,0.13558576923076932
SCSO,ColonCancer,2,24,750,0.13472153846153853
SCSO,ColonCancer,2,25,780,0.13472153846153853
SCSO,ColonCancer,2,26,810,0.13472153846153853
SCSO,ColonCancer,2,27,840,0.13472153846153853
SCSO,ColonCancer,2,28,870,0.11916076923076915
SCSO,ColonCancer,2,29,900,0.11916076923076915
SCSO,ColonCancer,2,30,930,0.11916076923076915
SCSO,ColonCancer,2,31,960,0.11916076923076915
SCSO,ColonCancer,2,32,990,0.11916076923076915
SCSO,ColonCancer,2,33,1020,0.11916076923076915
SCSO,ColonCancer,2,34,1050,0.11916076923076915
SCSO,ColonCancer,2,35,1080,0.11916076923076915
SCSO,ColonCancer,2,36,1110,0.11916076923076915
SCSO,ColonCancer,2,37,1140,0.11916076923076915
SCSO,ColonCancer,2,38,1170,0.11916076923076915
SCSO,ColonCancer,2,39,1200,0.11916076923076915
SCSO,ColonCancer,2,40,1230,0.11916076923076915
SCSO,ColonCancer,2,41,1260,0.11916076923076915
SCSO,ColonCancer,2,42,1290,0.11916076923076915
SCSO,ColonCancer,2,43,1320,0.11916076923076915
SCSO,ColonCancer,2,44,1350,0.11916076923076915
SCSO,ColonCancer,2,45,1380,0.11916076923076915
SCSO,ColonCancer,2,46,1410,0.11916076923076915
SCSO,ColonCancer,2,47,1440,0.11916076923076915
SCSO,ColonCancer,2,48,1470,0.11916076923076915
SCSO,ColonCancer,2,49,1500,0.11916076923076915
SCSO,ColonCancer,2,50,1530,0.11916076923076915
SCSO,ColonCancer,2,51,1560,0.11916076923076915
SCSO,ColonCancer,2,52,1590,0.11916076923076915
SCSO,ColonCancer,2,53,1620,0.11916076923076915
SCSO,ColonCancer,2,54,1650,0.11916076923076915
SCSO,ColonCancer,2,55,1680,0.11916076923076915
SCSO,ColonCancer,2,56,1710,0.11916076923076915
SCSO,ColonCancer,2,57,1740,0.11916076923076915
SCSO,ColonCancer,2,58,1770,0.11916076923076915
SCSO,ColonCancer,2,59,1800,0.11916076923076915
SCSO,ColonCancer,2,60,1830,0.11916076923076915
SCSO,ColonCancer,2,61,1860,0.11916076923076915
SCSO,ColonCancer,2,62,1890,0.11916076923076915
SCSO,ColonCancer,2,63,1920,0.11916076923076915
SCSO,ColonCancer,2,64,1950,0.11916076923076915
SCSO,ColonCancer,2,65,1980,0.11916076923076915
SCSO,ColonCancer,2,66,2010,0.11916076923076915
SCSO,ColonCancer,2,67,2040,0.11916076923076915
SCSO,ColonCancer,2,68,2070,0.11916076923076915
SCSO,ColonCancer,2,69,2100,0.11916076923076915
SCSO,ColonCancer,2,70,2130,0.11916076923076915
SCSO,ColonCancer,2,71,2160,0.11916076923076915
SCSO,ColonCancer,2,72,2190,0.11916076923076915
SCSO,ColonCancer,2,73,2220,0.11916076923076915
SCSO,ColonCancer,2,74,2250,0.11916076923076915
SCSO,ColonCancer,2,75,2280,0.11916076923076915
SCSO,ColonCancer,2,76,2310,0.11916076923076915
SCSO,ColonCancer,2,77,2340,0.11916076923076915
SCSO,ColonCancer,2,78,2370,0.11916076923076915
SCSO,ColonCancer,2,79,2400,0.11916076923076915
SCSO,ColonCancer,2,80,2430,0.11916076923076915
SCSO,ColonCancer,2,81,2460,0.11916076923076915
SCSO,ColonCancer,2,82,2490,0.11916076923076915
SCSO,ColonCancer,2,83,2520,0.11916076923076915
SCSO,ColonCancer,2,84,2550,0.11916076923076915
SCSO,ColonCancer,2,85,2580,0.11916076923076915
SCSO,ColonCancer,2,86,2610,0.11916076923076915
SCSO,ColonCancer,2,87,2640,0.11916076923076915
SCSO,ColonCancer,2,88,2670,0.11916076923076915
SCSO,ColonCancer,2,89,2700,0.11916076923076915
SCSO,ColonCancer,2,90,2730,0.11916076923076915
SCSO,ColonCancer,2,91,2760,0.11916076923076915
SCSO,ColonCancer,2,92,2790,0.11916076923076915
SCSO,ColonCancer,2,93,2820,0.11916076923076915
SCSO,ColonCancer,2,94,2850,0.11916076923076915
SCSO,ColonCancer,2,95,2880,0.11916076923076915
SCSO,ColonCancer,2,96,2910,0.11916076923076915
SCSO,ColonCancer,2,97,2940,0.11916076923076915
SCSO,ColonCancer,2,98,2970,0.11916076923076915
SCSO,ColonCancer,2,99,3000,0.11916076923076915
SCSO,ColonCancer,2,100,3030,0.11916076923076915
SCSO,ColonCancer,2,101,3060,0.11916076923076915
SCSO,ColonCancer,2,102,3090,0.11916076923076915
SCSO,ColonCancer,2,103,3120,0.11916076923076915
SCSO,ColonCancer,2,104,3150,0.11916076923076915
SCSO,ColonCancer,2,105,3180,0.11916076923076915
SCSO,ColonCancer,2,106,3210,0.11916076923076915
SCSO,ColonCancer,2,107,3240,0.11916076923076915
SCSO,ColonCancer,2,108,3270,0.11916076923076915
SCSO,ColonCancer,2,109,3300,0.11916076923076915
SCSO,ColonCancer,2,110,3330,0.11916076923076915
SCSO,ColonCancer,2,111,3360,0.11916076923076915
SCSO,ColonCancer,2,112,3390,0.11916076923076915
SCSO,ColonCancer,2,113,3420,0.11916076923076915
SCSO,ColonCancer,2,114,3450,0.11916076923076915
SCSO,ColonCancer,2,115,3480,0.11916076923076915
SCSO,ColonCancer,2,116,3510,0.11916076923076915
SCSO,ColonCancer,2,117,3540,0.11916076923076915
SCSO,ColonCancer,2,118,3570,0.11916076923076915
SCSO,ColonCancer,2,119,3600,0.11916076923076915
SCSO,ColonCancer,2,120,3630,0.11916076923076915
SCSO,ColonCancer,2,121,3660,0.11916076923076915
SCSO,ColonCancer,2,122,3690,0.11916076923076915
SCSO,ColonCancer,2,123,3720,0.11916076923076915
SCSO,ColonCancer,2,124,3750,0.11916076923076915
SCSO,ColonCancer,2,125,3780,0.11916076923076915
SCSO,ColonCancer,2,126,3810,0.11916076923076915
SCSO,ColonCancer,2,127,3840,0.11916076923076915
SCSO,ColonCancer,2,128,3870,0.11916076923076915
SCSO,ColonCancer,2,129,3900,0.11916076923076915
SCSO,ColonCancer,2,130,3930,0.11916076923076915
SCSO,ColonCancer,2,131,3960,0.11916076923076915
SCSO,ColonCancer,2,132,3990,0.11916076923076915
SCSO,ColonCancer,2,133,4020,0.11916076923076915
SCSO,ColonCancer,2,134,4050,0.11916076923076915
SCSO,ColonCancer,2,135,4080,0.11916076923076915
SCSO,ColonCancer,2,136,4110,0.11916076923076915
SCSO,ColonCancer,2,137,4140,0.11916076923076915
SCSO,ColonCancer,2,138,4170,0.11916076923076915
SCSO,ColonCancer,2,139,4200,0.11916076923076915
SCSO,ColonCancer,2,140,4230,0.11916076923076915
SCSO,ColonCancer,2,141,4260,0.11916076923076915
SCSO,ColonCancer,2,142,4290,0.11916076923076915
SCSO,ColonCancer,2,143,4320,0.11916076923076915
SCSO,ColonCancer,2,144,4350,0.11916076923076915
SCSO,ColonCancer,2,145,4380,0.11916076923076915
SCSO,ColonCancer,2,146,4410,0.11916076923076915
SCSO,ColonCancer,2,147,4440,0.11916076923076915
SCSO,ColonCancer,2,148,4470,0.11916076923076915
SCSO,ColonCancer,2,149,4500,0.11916076923076915
SCSO,ColonCancer,2,150,4530,0.11916076923076915
SCSO,ColonCancer,2,151,4560,0.11916076923076915
SCSO,ColonCancer,2,152,4590,0.11916076923076915
SCSO,ColonCancer,2,153,4620,0.11916076923076915
SCSO,ColonCancer,2,154,4650,0.11916076923076915
SCSO,ColonCancer,2,155,4680,0.11916076923076915
SCSO,ColonCancer,2,156,4710,0.11916076923076915
SCSO,ColonCancer,2,157,4740,0.11916076923076915
SCSO,ColonCancer,2,158,4770,0.11916076923076915
SCSO,ColonCancer,2,159,4800,0.11916076923076915
SCSO,ColonCancer,2,160,4830,0.11916076923076915
SCSO,ColonCancer,2,161,4860,0.11916076923076915
SCSO,ColonCancer,2,162,4890,0.11916076923076915
SCSO,ColonCancer,2,163,4920,0.11916076923076915
SCSO,ColonCancer,2,164,4950,0.11916076923076915
SCSO,ColonCancer,2,165,4980,0.11916076923076915
SCSO,ColonCancer,2,166,5010,0.11916076923076915
SCSO,ColonCancer,2,167,5040,0.11916076923076915
SCSO,ColonCancer,2,168,5070,0.11916076923076915
SCSO,ColonCancer,2,169,5100,0.11916076923076915
SCSO,ColonCancer,2,170,5130,0.11916076923076915
SCSO,ColonCancer,2,171,5160,0.11916076923076915
SCSO,ColonCancer,2,172,5190,0.11916076923076915
SCSO,ColonCancer,2,173,5220,0.11916076923076915
SCSO,ColonCancer,2,174,5250,0.11916076923076915
SCSO,ColonCancer,2,175,5280,0.11916076923076915
SCSO,ColonCancer,2,176,5310,0.11916076923076915
SCSO,ColonCancer,2,177,5340,0.11916076923076915
SCSO,ColonCancer,2,178,5370,0.11916076923076915
SCSO,ColonCancer,2,179,5400,0.11916076923076915
SCSO,ColonCancer,2,180,5430,0.11916076923076915
SCSO,ColonCancer,2,181,5460,0.11916076923076915
SCSO,ColonCancer,2,182,5490,0.11916076923076915
SCSO,ColonCancer,2,183,5520,0.11916076923076915
SCSO,ColonCancer,2,184,5550,0.11916076923076915
SCSO,ColonCancer,2,185,5580,0.11916076923076915
SCSO,ColonCancer,2,186,5610,0.11916076923076915
SCSO,ColonCancer,2,187,5640,0.11916076923076915
SCSO,ColonCancer,2,188,5670,0.11916076923076915
SCSO,ColonCancer,2,189,5700,0.11916076923076915
SCSO,ColonCancer,2,190,5730,0.11916076923076915
SCSO,ColonCancer,2,191,5760,0.11916076923076915
SCSO,ColonCancer,2,192,5790,0.11916076923076915
SCSO,ColonCancer,2,193,5820,0.11916076923076915
SCSO,ColonCancer,2,194,5850,0.11916076923076915
SCSO,ColonCancer,2,195,5880,0.11916076923076915
SCSO,ColonCancer,2,196,5910,0.11916076923076915
SCSO,ColonCancer,2,197,5940,0.11916076923076915
SCSO,ColonCancer,2,198,5970,0.11916076923076915
SCSO,ColonCancer,2,199,6000,0.11916076923076915
SCSO,ColonCancer,2,200,6030,0.11916076923076915
SCSO,ColonCancer,2,201,6060,0.11916076923076915
SCSO,ColonCancer,2,202,6090,0.11916076923076915
SCSO,ColonCancer,2,203,6120,0.11916076923076915
SCSO,ColonCancer,2,204,6150,0.11916076923076915
SCSO,ColonCancer,2,205,6180,0.11916076923076915
SCSO,ColonCancer,2,206,6210,0.11916076923076915
SCSO,ColonCancer,2,207,6240,0.11916076923076915
SCSO,ColonCancer,2,208,6270,0.11916076923076915
SCSO,ColonCancer,2,209,6300,0.11916076923076915
SCSO,ColonCancer,2,210,6330,0.11916076923076915
SCSO,ColonCancer,2,211,6360,0.11916076923076915
SCSO,ColonCancer,2,212,6390,0.11916076923076915
SCSO,ColonCancer,2,213,6420,0.11916076923076915
SCSO,ColonCancer,2,214,6450,0.11916076923076915
SCSO,ColonCancer,2,215,6480,0.11916076923076915
SCSO,ColonCancer,2,216,6510,0.11916076923076915
SCSO,ColonCancer,2,217,6540,0.11916076923076915
SCSO,ColonCancer,2,218,6570,0.11916076923076915
SCSO,ColonCancer,2,219,6600,0.11916076923076915
SCSO,ColonCancer,2,220,6630,0.11916076923076915
SCSO,ColonCancer,2,221,6660,0.11916076923076915
SCSO,ColonCancer,2,222,6690,0.11916076923076915
SCSO,ColonCancer,2,223,6720,0.11916076923076915
SCSO,ColonCancer,2,224,6750,0.11916076923076915
SCSO,ColonCancer,2,225,6780,0.11916076923076915
SCSO,ColonCancer,2,226,6810,0.11916076923076915
SCSO,ColonCancer,2,227,6840,0.11916076923076915
SCSO,ColonCancer,2,228,6870,0.11916076923076915
SCSO,ColonCancer,2,229,6900,0.11916076923076915
SCSO,ColonCancer,2,230,6930,0.11916076923076915
SCSO,ColonCancer,2,231,6960,0.11916076923076915
SCSO,ColonCancer,2,232,6990,0.11916076923076915
SCSO,ColonCancer,2,233,7020,0.11916076923076915
SCSO,ColonCancer,2,234,7050,0.11916076923076915
SCSO,ColonCancer,2,235,7080,0.11916076923076915
SCSO,ColonCancer,2,236,7110,0.11916076923076915
SCSO,ColonCancer,2,237,7140,0.11916076923076915
SCSO,ColonCancer,2,238,7170,0.11916076923076915
SCSO,ColonCancer,2,239,7200,0.11916076923076915
SCSO,ColonCancer,2,240,7230,0.11916076923076915
SCSO,ColonCancer,2,241,7260,0.11916076923076915
SCSO,ColonCancer,2,242,7290,0.11916076923076915
SCSO,ColonCancer,2,243,7320,0.11916076923076915
SCSO,ColonCancer,2,244,7350,0.11916076923076915
SCSO,ColonCancer,2,245,7380,0.11916076923076915
SCSO,ColonCancer,2,246,7410,0.11916076923076915
SCSO,ColonCancer,2,247,7440,0.11916076923076915
SCSO,ColonCancer,2,248,7470,0.11916076923076915
SCSO,ColonCancer,2,249,7500,0.11916076923076915
SCSO,ColonCancer,2,250,7530,0.11916076923076915
SCSO,ColonCancer,2,251,7560,0.11916076923076915
SCSO,ColonCancer,2,252,7590,0.11916076923076915
SCSO,ColonCancer,2,253,7620,0.11916076923076915
SCSO,ColonCancer,2,254,7650,0.11916076923076915
SCSO,ColonCancer,2,255,7680,0.11916076923076915
SCSO,ColonCancer,2,256,7710,0.11916076923076915
SCSO,ColonCancer,2,257,7740,0.11916076923076915
SCSO,ColonCancer,2,258,7770,0.11916076923076915
SCSO,ColonCancer,2,259,7800,0.11916076923076915
SCSO,ColonCancer,2,260,7830,0.11916076923076915
SCSO,ColonCancer,2,261,7860,0.11916076923076915
SCSO,ColonCancer,2,262,7890,0.11916076923076915
SCSO,ColonCancer,2,263,7920,0.11916076923076915
SCSO,ColonCancer,2,264,7950,0.11916076923076915
SCSO,ColonCancer,2,265,7980,0.11916076923076915
SCSO,ColonCancer,2,266,8010,0.11916076923076915
SCSO,ColonCancer,2,267,8040,0.11916076923076915
SCSO,ColonCancer,2,268,8070,0.11916076923076915
SCSO,ColonCancer,2,269,8100,0.11916076923076915
SCSO,ColonCancer,2,270,8130,0.11916076923076915
SCSO,ColonCancer,2,271,8160,0.11916076923076915
SCSO,ColonCancer,2,272,8190,0.11916076923076915
SCSO,ColonCancer,2,273,8220,0.11916076923076915
SCSO,ColonCancer,2,274,8250,0.11916076923076915
SCSO,ColonCancer,2,275,8280,0.11916076923076915
SCSO,ColonCancer,2,276,8310,0.11916076923076915
SCSO,ColonCancer,2,277,8340,0.11916076923076915
SCSO,ColonCancer,2,278,8370,0.11916076923076915
SCSO,ColonCancer,2,279,8400,0.11916076923076915
SCSO,ColonCancer,2,280,8430,0.11916076923076915
SCSO,ColonCancer,2,281,8460,0.11916076923076915
SCSO,ColonCancer,2,282,8490,0.11916076923076915
SCSO,ColonCancer,2,283,8520,0.11916076923076915
SCSO,ColonCancer,2,284,8550,0.11916076923076915
SCSO,ColonCancer,2,285,8580,0.11916076923076915
SCSO,ColonCancer,2,286,8610,0.11916076923076915
SCSO,ColonCancer,2,287,8640,0.11916076923076915
SCSO,ColonCancer,2,288,8670,0.11916076923076915
SCSO,ColonCancer,2,289,8700,0.11916076923076915
SCSO,ColonCancer,2,290,8730,0.11916076923076915
SCSO,ColonCancer,2,291,8760,0.11916076923076915
SCSO,ColonCancer,2,292,8790,0.11916076923076915
SCSO,ColonCancer,2,293,8820,0.11916076923076915
SCSO,ColonCancer,2,294,8850,0.11916076923076915
SCSO,ColonCancer,2,295,8880,0.11916076923076915
SCSO,ColonCancer,2,296,8910,0.11916076923076915
SCSO,ColonCancer,2,297,8940,0.11916076923076915
SCSO,ColonCancer,2,298,8970,0.11916076923076915
SCSO,ColonCancer,2,299,9000,0.11916076923076915
SCSO,ColonCancer,2,300,9030,0.11916076923076915
SCSO,ColonCancer,2,301,9060,0.11916076923076915
SCSO,ColonCancer,2,302,9090,0.11916076923076915
SCSO,ColonCancer,2,303,9120,0.11916076923076915
SCSO,ColonCancer,2,304,9150,0.11916076923076915
SCSO,ColonCancer,2,305,9180,0.11916076923076915
SCSO,ColonCancer,2,306,9210,0.11916076923076915
SCSO,ColonCancer,2,307,9240,0.11916076923076915
SCSO,ColonCancer,2,308,9270,0.11916076923076915
SCSO,ColonCancer,2,309,9300,0.11916076923076915
SCSO,ColonCancer,2,310,9330,0.11916076923076915
SCSO,ColonCancer,2,311,9360,0.11916076923076915
SCSO,ColonCancer,2,312,9390,0.11916076923076915
SCSO,ColonCancer,2,313,9420,0.11916076923076915
SCSO,ColonCancer,2,314,9450,0.11916076923076915
SCSO,ColonCancer,2,315,9480,0.11916076923076915
SCSO,ColonCancer,2,316,9510,0.11916076923076915
SCSO,ColonCancer,2,317,9540,0.11916076923076915
SCSO,ColonCancer,2,318,9570,0.11916076923076915
SCSO,ColonCancer,2,319,9600,0.11916076923076915
SCSO,ColonCancer,2,320,9630,0.11916076923076915
SCSO,ColonCancer,2,321,9660,0.11916076923076915
SCSO,ColonCancer,2,322,9690,0.11916076923076915
SCSO,ColonCancer,2,323,9720,0.11916076923076915
SCSO,ColonCancer,2,324,9750,0.11916076923076915
SCSO,ColonCancer,2,325,9780,0.11916076923076915
SCSO,ColonCancer,2,326,9810,0.11916076923076915
SCSO,ColonCancer,2,327,9840,0.11916076923076915
SCSO,ColonCancer,2,328,9870,0.11916076923076915
SCSO,ColonCancer,2,329,9900,0.11916076923076915
SCSO,ColonCancer,2,330,9930,0.11916076923076915
SCSO,ColonCancer,2,331,9960,0.11916076923076915
SCSO,ColonCancer,2,332,9990,0.11916076923076915
SCSO,ColonCancer,2,333,10020,0.11916076923076915
SCSO,ColonCancer,2,334,10050,0.11916076923076915
SCSO,ColonCancer,2,335,10080,0.11916076923076915
SCSO,ColonCancer,2,336,10110,0.11916076923076915
SCSO,ColonCancer,2,337,10140,0.11916076923076915
SCSO,ColonCancer,2,338,10170,0.11916076923076915
SCSO,ColonCancer,2,339,10200,0.11916076923076915
SCSO,ColonCancer,2,340,10230,0.11916076923076915
SCSO,ColonCancer,2,341,10260,0.11916076923076915
SCSO,ColonCancer,2,342,10290,0.11914576923076915
SCSO,ColonCancer,2,343,10320,0.11914576923076915
SCSO,ColonCancer,2,344,10350,0.11914576923076915
SCSO,ColonCancer,2,345,10380,0.11914576923076915
SCSO,ColonCancer,2,346,10410,0.11914576923076915
SCSO,ColonCancer,2,347,10440,0.11914576923076915
SCSO,ColonCancer,2,348,10470,0.11914576923076915
SCSO,ColonCancer,2,349,10500,0.11914576923076915
SCSO,ColonCancer,2,350,10530,0.11914576923076915
SCSO,ColonCancer,2,351,10560,0.11914576923076915
SCSO,ColonCancer,2,352,10590,0.11914576923076915
SCSO,ColonCancer,2,353,10620,0.11914576923076915
SCSO,ColonCancer,2,354,10650,0.11914576923076915
SCSO,ColonCancer,2,355,10680,0.11914576923076915
SCSO,ColonCancer,2,356,10710,0.11914576923076915
SCSO,ColonCancer,2,357,10740,0.11914576923076915
SCSO,ColonCancer,2,358,10770,0.11914576923076915
SCSO,ColonCancer,2,359,10800,0.11914576923076915
SCSO,ColonCancer,2,360,10830,0.11914576923076915
SCSO,ColonCancer,2,361,10860,0.11914576923076915
SCSO,ColonCancer,2,362,10890,0.11914576923076915
SCSO,ColonCancer,2,363,10920,0.11914576923076915
SCSO,ColonCancer,2,364,10950,0.11914576923076915
SCSO,ColonCancer,2,365,10980,0.11914576923076915
SCSO,ColonCancer,2,366,11010,0.11914576923076915
SCSO,ColonCancer,2,367,11040,0.11914576923076915
SCSO,ColonCancer,2,368,11070,0.11914576923076915
SCSO,ColonCancer,2,369,11100,0.11914576923076915
SCSO,ColonCancer,2,370,11130,0.11914576923076915
SCSO,ColonCancer,2,371,11160,0.11914576923076915
SCSO,ColonCancer,2,372,11190,0.11914576923076915
SCSO,ColonCancer,2,373,11220,0.11914576923076915
SCSO,ColonCancer,2,374,11250,0.11914576923076915
SCSO,ColonCancer,2,375,11280,0.11914576923076915
SCSO,ColonCancer,2,376,11310,0.11914576923076915
SCSO,ColonCancer,2,377,11340,0.11914576923076915
SCSO,ColonCancer,2,378,11370,0.11914576923076915
SCSO,ColonCancer,2,379,11400,0.11914576923076915
SCSO,ColonCancer,2,380,11430,0.11914576923076915
SCSO,ColonCancer,2,381,11460,0.11914576923076915
SCSO,ColonCancer,2,382,11490,0.11914576923076915
SCSO,ColonCancer,2,383,11520,0.11914576923076915
SCSO,ColonCancer,2,384,11550,0.11914576923076915
SCSO,ColonCancer,2,385,11580,0.11914576923076915
SCSO,ColonCancer,2,386,11610,0.11914576923076915
SCSO,ColonCancer,2,387,11640,0.11914576923076915
SCSO,ColonCancer,2,388,11670,0.11914576923076915
SCSO,ColonCancer,2,389,11700,0.11914576923076915
SCSO,ColonCancer,2,390,11730,0.11914576923076915
SCSO,ColonCancer,2,391,11760,0.11914576923076915
SCSO,ColonCancer,2,392,11790,0.11914576923076915
SCSO,ColonCancer,2,393,11820,0.11914576923076915
SCSO,ColonCancer,2,394,11850,0.11914576923076915
SCSO,ColonCancer,2,395,11880,0.11914576923076915
SCSO,ColonCancer,2,396,11910,0.11914576923076915
SCSO,ColonCancer,2,397,11940,0.11914576923076915
SCSO,ColonCancer,2,398,11970,0.11914576923076915
SCSO,ColonCancer,2,399,12000,0.11914576923076915
SCSO,ColonCancer,2,400,12030,0.11914576923076915
SCSO,ColonCancer,2,401,12060,0.11914576923076915
SCSO,ColonCancer,2,402,12090,0.11914576923076915
SCSO,ColonCancer,2,403,12120,0.11914576923076915
SCSO,ColonCancer,2,404,12150,0.11914576923076915
SCSO,ColonCancer,2,405,12180,0.11914576923076915
SCSO,ColonCancer,2,406,12210,0.11914576923076915
SCSO,ColonCancer,2,407,12240,0.11914576923076915
SCSO,ColonCancer,2,408,12270,0.11914576923076915
SCSO,ColonCancer,2,409,12300,0.11914576923076915
SCSO,ColonCancer,2,410,12330,0.11914576923076915
SCSO,ColonCancer,2,411,12360,0.11914576923076915
SCSO,ColonCancer,2,412,12390,0.11914576923076915
SCSO,ColonCancer,2,413,12420,0.11914576923076915
SCSO,ColonCancer,2,414,12450,0.11914576923076915
SCSO,ColonCancer,2,415,12480,0.11914576923076915
SCSO,ColonCancer,2,416,12510,0.11914576923076915
SCSO,ColonCancer,2,417,12540,0.11914576923076915
SCSO,ColonCancer,2,418,12570,0.11914576923076915
SCSO,ColonCancer,2,419,12600,0.11914576923076915
SCSO,ColonCancer,2,420,12630,0.11914576923076915
SCSO,ColonCancer,2,421,12660,0.11914576923076915
SCSO,ColonCancer,2,422,12690,0.11914576923076915
SCSO,ColonCancer,2,423,12720,0.11914576923076915
SCSO,ColonCancer,2,424,12750,0.11914576923076915
SCSO,ColonCancer,2,425,12780,0.11914576923076915
SCSO,ColonCancer,2,426,12810,0.11914576923076915
SCSO,ColonCancer,2,427,12840,0.11914576923076915
SCSO,ColonCancer,2,428,12870,0.11914576923076915
SCSO,ColonCancer,2,429,12900,0.11914576923076915
SCSO,ColonCancer,2,430,12930,0.11914576923076915
SCSO,ColonCancer,2,431,12960,0.11914576923076915
SCSO,ColonCancer,2,432,12990,0.11914576923076915
SCSO,ColonCancer,2,433,13020,0.11914576923076915
SCSO,ColonCancer,2,434,13050,0.11914576923076915
SCSO,ColonCancer,2,435,13080,0.11914576923076915
SCSO,ColonCancer,2,436,13110,0.11914576923076915
SCSO,ColonCancer,2,437,13140,0.11914576923076915
SCSO,ColonCancer,2,438,13170,0.11914576923076915
SCSO,ColonCancer,2,439,13200,0.11914576923076915
SCSO,ColonCancer,2,440,13230,0.11914576923076915
SCSO,ColonCancer,2,441,13260,0.11914576923076915
SCSO,ColonCancer,2,442,13290,0.11914576923076915
SCSO,ColonCancer,2,443,13320,0.11914576923076915
SCSO,ColonCancer,2,444,13350,0.11914576923076915
SCSO,ColonCancer,2,445,13380,0.11914576923076915
SCSO,ColonCancer,2,446,13410,0.11914576923076915
SCSO,ColonCancer,2,447,13440,0.11914576923076915
SCSO,ColonCancer,2,448,13470,0.11914576923076915
SCSO,ColonCancer,2,449,13500,0.11914576923076915
SCSO,ColonCancer,2,450,13530,0.11914576923076915
SCSO,ColonCancer,2,451,13560,0.11914576923076915
SCSO,ColonCancer,2,452,13590,0.11914576923076915
SCSO,ColonCancer,2,453,13620,0.11914576923076915
SCSO,ColonCancer,2,454,13650,0.11914576923076915
SCSO,ColonCancer,2,455,13680,0.11914576923076915
SCSO,ColonCancer,2,456,13710,0.11914576923076915
SCSO,ColonCancer,2,457,13740,0.11914576923076915
SCSO,ColonCancer,2,458,13770,0.11914576923076915
SCSO,ColonCancer,2,459,13800,0.11914576923076915
SCSO,ColonCancer,2,460,13830,0.11914576923076915
SCSO,ColonCancer,2,461,13860,0.11914576923076915
SCSO,ColonCancer,2,462,13890,0.11914576923076915
SCSO,ColonCancer,2,463,13920,0.11914576923076915
SCSO,ColonCancer,2,464,13950,0.11914576923076915
SCSO,ColonCancer,2,465,13980,0.11914576923076915
SCSO,ColonCancer,2,466,14010,0.11914576923076915
SCSO,ColonCancer,2,467,14040,0.11914576923076915
SCSO,ColonCancer,2,468,14070,0.11914576923076915
SCSO,ColonCancer,2,469,14100,0.11914576923076915
SCSO,ColonCancer,2,470,14130,0.11914576923076915
SCSO,ColonCancer,2,471,14160,0.11914576923076915
SCSO,ColonCancer,2,472,14190,0.11914576923076915
SCSO,ColonCancer,2,473,14220,0.11914576923076915
SCSO,ColonCancer,2,474,14250,0.11914576923076915
SCSO,ColonCancer,2,475,14280,0.11914576923076915
SCSO,ColonCancer,2,476,14310,0.11914576923076915
SCSO,ColonCancer,2,477,14340,0.11914576923076915
SCSO,ColonCancer,2,478,14370,0.11914576923076915
SCSO,ColonCancer,2,479,14400,0.11914576923076915
SCSO,ColonCancer,2,480,14430,0.11914576923076915
SCSO,ColonCancer,2,481,14460,0.11914576923076915
SCSO,ColonCancer,2,482,14490,0.11914576923076915
SCSO,ColonCancer,2,483,14520,0.11914576923076915
SCSO,ColonCancer,2,484,14550,0.11914576923076915
SCSO,ColonCancer,2,485,14580,0.11914576923076915
SCSO,ColonCancer,2,486,14610,0.11914576923076915
SCSO,ColonCancer,2,487,14640,0.11914576923076915
SCSO,ColonCancer,2,488,14670,0.11914576923076915
SCSO,ColonCancer,2,489,14700,0.11914576923076915
SCSO,ColonCancer,2,490,14730,0.11914576923076915
SCSO,ColonCancer,2,491,14760,0.11914576923076915
SCSO,ColonCancer,2,492,14790,0.11914576923076915
SCSO,ColonCancer,2,493,14820,0.11914576923076915
SCSO,ColonCancer,2,494,14850,0.11914576923076915
SCSO,ColonCancer,2,495,14880,0.11914576923076915
SCSO,ColonCancer,2,496,14910,0.11914576923076915
SCSO,ColonCancer,2,497,14940,0.11914576923076915
SCSO,ColonCancer,2,498,14970,0.11914576923076915
SCSO,ColonCancer,2,499,15000,0.11914576923076915
SCSO,WDBC,1,0,30,0.030750038813848767
SCSO,WDBC,1,1,60,0.030750038813848767
SCSO,WDBC,1,2,90,0.030750038813848767
SCSO,WDBC,1,3,120,0.030750038813848767
SCSO,WDBC,1,4,150,0.030750038813848767
SCSO,WDBC,1,5,180,0.030750038813848767
SCSO,WDBC,1,6,210,0.030750038813848767
SCSO,WDBC,1,7,240,0.030750038813848767
SCSO,WDBC,1,8,270,0.030750038813848767
SCSO,WDBC,1,9,300,0.030750038813848767
SCSO,WDBC,1,10,330,0.030750038813848767
SCSO,WDBC,1,11,360,0.030750038813848767
SCSO,WDBC,1,12,390,0.030750038813848767
SCSO,WDBC,1,13,420,0.030750038813848767
SCSO,WDBC,1,14,450,0.030750038813848767
SCSO,WDBC,1,15,480,0.030750038813848767
SCSO,WDBC,1,16,510,0.030750038813848767
SCSO,WDBC,1,17,540,0.030750038813848767
SCSO,WDBC,1,18,570,0.030750038813848767
SCSO,WDBC,1,19,600,0.030750038813848767
SCSO,WDBC,1,20,630,0.030750038813848767
SCSO,WDBC,1,21,660,0.030750038813848767
SCSO,WDBC,1,22,690,0.030750038813848767
SCSO,WDBC,1,23,720,0.030734668529731442
SCSO,WDBC,1,24,750,0.0300833721471821
SCSO,WDBC,1,25,780,0.0300833721471821
SCSO,WDBC,1,26,810,0.0300833721471821
SCSO,WDBC,1,27,840,0.0300833721471821
SCSO,WDBC,1,28,870,0.0300833721471821
SCSO,WDBC,1,29,900,0.0300833721471821
SCSO,WDBC,1,30,930,0.0300833721471821
SCSO,WDBC,1,31,960,0.0300833721471821
SCSO,WDBC,1,32,990,0.0300833721471821
SCSO,WDBC,1,33,1020,0.0300833721471821
SCSO,WDBC,1,34,1050,0.0300833721471821
SCSO,WDBC,1,35,1080,0.0300833721471821
SCSO,WDBC,1,36,1110,0.0300833721471821
SCSO,WDBC,1,37,1140,0.0300833721471821
SCSO,WDBC,1,38,1170,0.029997826424468278
SCSO,WDBC,1,39,1200,0.029997826424468278
SCSO,WDBC,1,40,1230,0.029997826424468278
SCSO,WDBC,1,41,1260,0.029997826424468278
SCSO,WDBC,1,42,1290,0.029997826424468278
SCSO,WDBC,1,43,1320,0.029997826424468278
SCSO,WDBC,1,44,1350,0.029997826424468278
SCSO,WDBC,1,45,1380,0.02652414221394195
SCSO,WDBC,1,46,1410,0.02652414221394195
SCSO,WDBC,1,47,1440,0.02652414221394195
SCSO,WDBC,1,48,1470,0.02652414221394195
SCSO,WDBC,1,49,1500,0.02652414221394195
SCSO,WDBC,1,50,1530,0.02652414221394195
SCSO,WDBC,1,51,1560,0.02652414221394195
SCSO,WDBC,1,52,1590,0.02652414221394195
SCSO,WDBC,1,53,1620,0.02652414221394195
SCSO,WDBC,1,54,1650,0.02652414221394195
SCSO,WDBC,1,55,1680,0.02652414221394195
SCSO,WDBC,1,56,1710,0.02652414221394195
SCSO,WDBC,1,57,1740,0.02652414221394195
SCSO,WDBC,1,58,1770,0.02652414221394195
SCSO,WDBC,1,59,1800,0.02652414221394195
SCSO,WDBC,1,60,1830,0.02652414221394195
SCSO,WDBC,1,61,1860,0.02652414221394195
SCSO,WDBC,1,62,1890,0.02652414221394195
SCSO,WDBC,1,63,1920,0.02652414221394195
SCSO,WDBC,1,64,1950,0.02652414221394195
SCSO,WDBC,1,65,1980,0.02652414221394195
SCSO,WDBC,1,66,2010,0.02652414221394195
SCSO,WDBC,1,67,2040,0.02652414221394195
SCSO,WDBC,1,68,2070,0.02652414221394195
SCSO,WDBC,1,69,2100,0.02652414221394195
SCSO,WDBC,1,70,2130,0.02652414221394195
SCSO,WDBC,1,71,2160,0.02652414221394195
SCSO,WDBC,1,72,2190,0.02652414221394195
SCSO,WDBC,1,73,2220,0.02652414221394195
SCSO,WDBC,1,74,2250,0.02652414221394195
SCSO,WDBC,1,75,2280,0.02652414221394195
SCSO,WDBC,1,76,2310,0.02652414221394195
SCSO,WDBC,1,77,2340,0.02652414221394195
SCSO,WDBC,1,78,2370,0.02652414221394195
SCSO,WDBC,1,79,2400,0.02652414221394195
SCSO,WDBC,1,80,2430,0.02652414221394195
SCSO,WDBC,1,81,2460,0.02652414221394195
SCSO,WDBC,1,82,2490,0.02652414221394195
SCSO,WDBC,1,83,2520,0.02652414221394195
SCSO,WDBC,1,84,2550,0.02652414221394195
SCSO,WDBC,1,85,2580,0.02652414221394195
SCSO,WDBC,1,86,2610,0.02652414221394195
SCSO,WDBC,1,87,2640,0.02652414221394195
SCSO,WDBC,1,88,2670,0.02652414221394195
SCSO,WDBC,1,89,2700,0.02652414221394195
SCSO,WDBC,1,90,2730,0.02652414221394195
SCSO,WDBC,1,91,2760,0.02652414221394195
SCSO,WDBC,1,92,2790,0.02652414221394195
SCSO,WDBC,1,93,2820,0.02652414221394195
SCSO,WDBC,1,94,2850,0.02652414221394195
SCSO,WDBC,1,95,2880,0.02652414221394195
SCSO,WDBC,1,96,2910,0.02652414221394195
SCSO,WDBC,1,97,2940,0.02652414221394195
SCSO,WDBC,1,98,2970,0.02652414221394195
SCSO,WDBC,1,99,3000,0.02652414221394195
SCSO,WDBC,1,100,3030,0.02652414221394195
SCSO,WDBC,1,101,3060,0.02652414221394195
SCSO,WDBC,1,102,3090,0.02652414221394195
SCSO,WDBC,1,103,3120,0.02652414221394195
SCSO,WDBC,1,104,3150,0.02652414221394195
SCSO,WDBC,1,105,3180,0.02652414221394195
SCSO,WDBC,1,106,3210,0.02652414221394195
SCSO,WDBC,1,107,3240,0.02652414221394195
SCSO,WDBC,1,108,3270,0.02652414221394195
SCSO,WDBC,1,109,3300,0.02652414221394195
SCSO,WDBC,1,110,3330,0.02652414221394195
SCSO,WDBC,1,111,3360,0.02652414221394195
SCSO,WDBC,1,112,3390,0.02652414221394195
SCSO,WDBC,1,113,3420,0.02652414221394195
SCSO,WDBC,1,114,3450,0.02652414221394195
SCSO,WDBC,1,115,3480,0.02652414221394195
SCSO,WDBC,1,116,3510,0.02652414221394195
SCSO,WDBC,1,117,3540,0.02652414221394195
SCSO,WDBC,1,118,3570,0.02652414221394195
SCSO,WDBC,1,119,3600,0.02652414221394195
SCSO,WDBC,1,120,3630,0.02652414221394195
SCSO,WDBC,1,121,3660,0.02652414221394195
SCSO,WDBC,1,122,3690,0.02652414221394195
SCSO,WDBC,1,123,3720,0.02652414221394195
SCSO,WDBC,1,124,3750,0.02652414221394195
SCSO,WDBC,1,125,3780,0.02652414221394195
SCSO,WDBC,1,126,3810,0.02652414221394195
SCSO,WDBC,1,127,3840,0.02652414221394195
SCSO,WDBC,1,128,3870,0.02652414221394195
SCSO,WDBC,1,129,3900,0.02652414221394195
SCSO,WDBC,1,130,3930,0.02652414221394195
SCSO,WDBC,1,131,3960,0.02652414221394195
SCSO,WDBC,1,132,3990,0.02652414221394195
SCSO,WDBC,1,133,4020,0.02652414221394195
SCSO,WDBC,1,134,4050,0.02652414221394195
SCSO,WDBC,1,135,4080,0.02652414221394195
SCSO,WDBC,1,136,4110,0.02652414221394195
SCSO,WDBC,1,137,4140,0.02652414221394195
SCSO,WDBC,1,138,4170,0.02652414221394195
SCSO,WDBC,1,139,4200,0.02652414221394195
SCSO,WDBC,1,140,4230,0.02652414221394195
SCSO,WDBC,1,141,4260,0.02652414221394195
SCSO,WDBC,1,142,4290,0.02652414221394195
SCSO,WDBC,1,143,4320,0.02652414221394195
SCSO,WDBC,1,144,4350,0.02652414221394195
SCSO,WDBC,1,145,4380,0.02652414221394195
SCSO,WDBC,1,146,4410,0.02652414221394195
SCSO,WDBC,1,147,4440,0.02652414221394195
SCSO,WDBC,1,148,4470,0.02652414221394195
SCSO,WDBC,1,149,4500,0.02652414221394195
SCSO,WDBC,1,150,4530,0.02652414221394195
SCSO,WDBC,1,151,4560,0.02652414221394195
SCSO,WDBC,1,152,4590,0.02652414221394195
SCSO,WDBC,1,153,4620,0.02652414221394195
SCSO,WDBC,1,154,4650,0.02652414221394195
SCSO,WDBC,1,155,4680,0.02652414221394195
SCSO,WDBC,1,156,4710,0.02652414221394195
SCSO,WDBC,1,157,4740,0.02652414221394195
SCSO,WDBC,1,158,4770,0.02652414221394195
SCSO,WDBC,1,159,4800,0.02652414221394195
SCSO,WDBC,1,160,4830,0.02652414221394195
SCSO,WDBC,1,161,4860,0.02652414221394195
SCSO,WDBC,1,162,4890,0.02652414221394195
SCSO,WDBC,1,163,4920,0.02652414221394195
SCSO,WDBC,1,164,4950,0.02652414221394195
SCSO,WDBC,1,165,4980,0.02652414221394195
SCSO,WDBC,1,166,5010,0.02652414221394195
SCSO,WDBC,1,167,5040,0.02652414221394195
SCSO,WDBC,1,168,5070,0.02652414221394195
SCSO,WDBC,1,169,5100,0.02652414221394195
SCSO,WDBC,1,170,5130,0.02652414221394195
SCSO,WDBC,1,171,5160,0.02652414221394195
SCSO,WDBC,1,172,5190,0.02652414221394195
SCSO,WDBC,1,173,5220,0.02652414221394195
SCSO,WDBC,1,174,5250,0.02652414221394195
SCSO,WDBC,1,175,5280,0.02652414221394195
SCSO,WDBC,1,176,5310,0.02652414221394195
SCSO,WDBC,1,177,5340,0.02652414221394195
SCSO,WDBC,1,178,5370,0.02652414221394195
SCSO,WDBC,1,179,5400,0.02652414221394195
SCSO,WDBC,1,180,5430,0.02652414221394195
SCSO,WDBC,1,181,5460,0.02652414221394195
SCSO,WDBC,1,182,5490,0.02652414221394195
SCSO,WDBC,1,183,5520,0.02652414221394195
SCSO,WDBC,1,184,5550,0.02652414221394195
SCSO,WDBC,1,185,5580,0.02652414221394195
SCSO,WDBC,1,186,5610,0.02652414221394195
SCSO,WDBC,1,187,5640,0.02652414221394195
SCSO,WDBC,1,188,5670,0.02652414221394195
SCSO,WDBC,1,189,5700,0.02652414221394195
SCSO,WDBC,1,190,5730,0.02652414221394195
SCSO,WDBC,1,191,5760,0.02652414221394195
SCSO,WDBC,1,192,5790,0.02652414221394195
SCSO,WDBC,1,193,5820,0.02652414221394195
SCSO,WDBC,1,194,5850,0.02652414221394195
SCSO,WDBC,1,195,5880,0.02652414221394195
SCSO,WDBC,1,196,5910,0.02652414221394195
SCSO,WDBC,1,197,5940,0.02652414221394195
SCSO,WDBC,1,198,5970,0.02652414221394195
SCSO,WDBC,1,199,6000,0.02652414221394195
SCSO,WDBC,1,200,6030,0.02652414221394195
SCSO,WDBC,1,201,6060,0.02652414221394195
SCSO,WDBC,1,202,6090,0.02652414221394195
SCSO,WDBC,1,203,6120,0.02652414221394195
SCSO,WDBC,1,204,6150,0.02652414221394195
SCSO,WDBC,1,205,6180,0.02652414221394195
SCSO,WDBC,1,206,6210,0.02652414221394195
SCSO,WDBC,1,207,6240,0.02652414221394195
SCSO,WDBC,1,208,6270,0.02652414221394195
SCSO,WDBC,1,209,6300,0.02652414221394195
SCSO,WDBC,1,210,6330,0.02652414221394195
SCSO,WDBC,1,211,6360,0.02652414221394195
SCSO,WDBC,1,212,6390,0.02652414221394195
SCSO,WDBC,1,213,6420,0.02652414221394195
SCSO,WDBC,1,214,6450,0.02652414221394195
SCSO,WDBC,1,215,6480,0.02652414221394195
SCSO,WDBC,1,216,6510,0.02652414221394195
SCSO,WDBC,1,217,6540,0.02652414221394195
SCSO,WDBC,1,218,6570,0.02652414221394195
SCSO,WDBC,1,219,6600,0.02652414221394195
SCSO,WDBC,1,220,6630,0.02652414221394195
SCSO,WDBC,1,221,6660,0.02652414221394195
SCSO,WDBC,1,222,6690,0.02652414221394195
SCSO,WDBC,1,223,6720,0.02652414221394195
SCSO,WDBC,1,224,6750,0.02652414221394195
SCSO,WDBC,1,225,6780,0.02652414221394195
SCSO,WDBC,1,226,6810,0.02652414221394195
SCSO,WDBC,1,227,6840,0.02652414221394195
SCSO,WDBC,1,228,6870,0.02652414221394195
SCSO,WDBC,1,229,6900,0.02652414221394195
SCSO,WDBC,1,230,6930,0.02652414221394195
SCSO,WDBC,1,231,6960,0.02652414221394195
SCSO,WDBC,1,232,6990,0.02652414221394195
SCSO,WDBC,1,233,7020,0.02652414221394195
SCSO,WDBC,1,234,7050,0.02652414221394195
SCSO,WDBC,1,235,7080,0.02652414221394195
SCSO,WDBC,1,236,7110,0.02652414221394195
SCSO,WDBC,1,237,7140,0.02652414221394195
SCSO,WDBC,1,238,7170,0.02652414221394195
SCSO,WDBC,1,239,7200,0.02652414221394195
SCSO,WDBC,1,240,7230,0.02652414221394195
SCSO,WDBC,1,241,7260,0.02652414221394195
SCSO,WDBC,1,242,7290,0.02652414221394195
SCSO,WDBC,1,243,7320,0.02652414221394195
SCSO,WDBC,1,244,7350,0.02652414221394195
SCSO,WDBC,1,245,7380,0.02652414221394195
SCSO,WDBC,1,246,7410,0.02652414221394195
SCSO,WDBC,1,247,7440,0.02652414221394195
SCSO,WDBC,1,248,7470,0.02652414221394195
SCSO,WDBC,1,249,7500,0.02652414221394195
SCSO,WDBC,1,250,7530,0.02652414221394195
SCSO,WDBC,1,251,7560,0.02652414221394195
SCSO,WDBC,1,252,7590,0.02652414221394195
SCSO,WDBC,1,253,7620,0.02652414221394195
SCSO,WDBC,1,254,7650,0.02652414221394195
SCSO,WDBC,1,255,7680,0.02652414221394195
SCSO,WDBC,1,256,7710,0.02652414221394195
SCSO,WDBC,1,257,7740,0.02652414221394195
SCSO,WDBC,1,258,7770,0.02652414221394195
SCSO,WDBC,1,259,7800,0.02652414221394195
SCSO,WDBC,1,260,7830,0.02652414221394195
SCSO,WDBC,1,261,7860,0.02652414221394195
SCSO,WDBC,1,262,7890,0.02652414221394195
SCSO,WDBC,1,263,7920,0.02652414221394195
SCSO,WDBC,1,264,7950,0.02652414221394195
SCSO,WDBC,1,265,7980,0.02652414221394195
SCSO,WDBC,1,266,8010,0.02652414221394195
SCSO,WDBC,1,267,8040,0.02652414221394195
SCSO,WDBC,1,268,8070,0.02652414221394195
SCSO,WDBC,1,269,8100,0.02652414221394195
SCSO,WDBC,1,270,8130,0.02652414221394195
SCSO,WDBC,1,271,8160,0.02652414221394195
SCSO,WDBC,1,272,8190,0.02652414221394195
SCSO,WDBC,1,273,8220,0.02652414221394195
SCSO,WDBC,1,274,8250,0.02652414221394195
SCSO,WDBC,1,275,8280,0.02652414221394195
SCSO,WDBC,1,276,8310,0.02652414221394195
SCSO,WDBC,1,277,8340,0.02652414221394195
SCSO,WDBC,1,278,8370,0.02652414221394195
SCSO,WDBC,1,279,8400,0.02652414221394195
SCSO,WDBC,1,280,8430,0.02652414221394195
SCSO,WDBC,1,281,8460,0.02652414221394195
SCSO,WDBC,1,282,8490,0.02652414221394195
SCSO,WDBC,1,283,8520,0.02652414221394195
SCSO,WDBC,1,284,8550,0.02652414221394195
SCSO,WDBC,1,285,8580,0.02652414221394195
SCSO,WDBC,1,286,8610,0.02652414221394195
SCSO,WDBC,1,287,8640,0.02652414221394195
SCSO,WDBC,1,288,8670,0.02652414221394195
SCSO,WDBC,1,289,8700,0.02652414221394195
SCSO,WDBC,1,290,8730,0.02652414221394195
SCSO,WDBC,1,291,8760,0.02652414221394195
SCSO,WDBC,1,292,8790,0.02652414221394195
SCSO,WDBC,1,293,8820,0.02652414221394195
SCSO,WDBC,1,294,8850,0.02652414221394195
SCSO,WDBC,1,295,8880,0.02652414221394195
SCSO,WDBC,1,296,8910,0.02652414221394195
SCSO,WDBC,1,297,8940,0.02652414221394195
SCSO,WDBC,1,298,8970,0.02652414221394195
SCSO,WDBC,1,299,9000,0.02652414221394195
SCSO,WDBC,1,300,9030,0.02652414221394195
SCSO,WDBC,1,301,9060,0.02652414221394195
SCSO,WDBC,1,302,9090,0.02652414221394195
SCSO,WDBC,1,303,9120,0.02652414221394195
SCSO,WDBC,1,304,9150,0.02652414221394195
SCSO,WDBC,1,305,9180,0.02652414221394195
SCSO,WDBC,1,306,9210,0.02652414221394195
SCSO,WDBC,1,307,9240,0.02652414221394195
SCSO,WDBC,1,308,9270,0.02652414221394195
SCSO,WDBC,1,309,9300,0.02652414221394195
SCSO,WDBC,1,310,9330,0.02652414221394195
SCSO,WDBC,1,311,9360,0.02652414221394195
SCSO,WDBC,1,312,9390,0.02652414221394195
SCSO,WDBC,1,313,9420,0.02652414221394195
SCSO,WDBC,1,314,9450,0.02652414221394195
SCSO,WDBC,1,315,9480,0.02652414221394195
SCSO,WDBC,1,316,9510,0.02652414221394195
SCSO,WDBC,1,317,9540,0.02652414221394195
SCSO,WDBC,1,318,9570,0.02652414221394195
SCSO,WDBC,1,319,9600,0.02652414221394195
SCSO,WDBC,1,320,9630,0.02652414221394195
SCSO,WDBC,1,321,9660,0.02652414221394195
SCSO,WDBC,1,322,9690,0.02652414221394195
SCSO,WDBC,1,323,9720,0.02652414221394195
SCSO,WDBC,1,324,9750,0.02652414221394195
SCSO,WDBC,1,325,9780,0.02652414221394195
SCSO,WDBC,1,326,9810,0.02652414221394195
SCSO,WDBC,1,327,9840,0.02652414221394195
SCSO,WDBC,1,328,9870,0.02652414221394195
SCSO,WDBC,1,329,9900,0.02652414221394195
SCSO,WDBC,1,330,9930,0.02652414221394195
SCSO,WDBC,1,331,9960,0.02652414221394195
SCSO,WDBC,1,332,9990,0.02652414221394195
SCSO,WDBC,1,333,10020,0.02652414221394195
SCSO,WDBC,1,334,10050,0.02652414221394195
SCSO,WDBC,1,335,10080,0.02652414221394195
SCSO,WDBC,1,336,10110,0.02652414221394195
SCSO,WDBC,1,337,10140,0.02652414221394195
SCSO,WDBC,1,338,10170,0.02652414221394195
SCSO,WDBC,1,339,10200,0.02652414221394195
SCSO,WDBC,1,340,10230,0.02652414221394195
SCSO,WDBC,1,341,10260,0.02652414221394195
SCSO,WDBC,1,342,10290,0.02652414221394195
SCSO,WDBC,1,343,10320,0.02652414221394195
SCSO,WDBC,1,344,10350,0.02652414221394195
SCSO,WDBC,1,345,10380,0.02652414221394195
SCSO,WDBC,1,346,10410,0.02652414221394195
SCSO,WDBC,1,347,10440,0.02652414221394195
SCSO,WDBC,1,348,10470,0.02652414221394195
SCSO,WDBC,1,349,10500,0.02652414221394195
SCSO,WDBC,1,350,10530,0.02652414221394195
SCSO,WDBC,1,351,10560,0.02652414221394195
SCSO,WDBC,1,352,10590,0.02652414221394195
SCSO,WDBC,1,353,10620,0.02652414221394195
SCSO,WDBC,1,354,10650,0.02652414221394195
SCSO,WDBC,1,355,10680,0.02652414221394195
SCSO,WDBC,1,356,10710,0.02652414221394195
SCSO,WDBC,1,357,10740,0.02652414221394195
SCSO,WDBC,1,358,10770,0.02652414221394195
SCSO,WDBC,1,359,10800,0.02652414221394195
SCSO,WDBC,1,360,10830,0.02652414221394195
SCSO,WDBC,1,361,10860,0.02652414221394195
SCSO,WDBC,1,362,10890,0.02652414221394195
SCSO,WDBC,1,363,10920,0.02652414221394195
SCSO,WDBC,1,364,10950,0.02652414221394195
SCSO,WDBC,1,365,10980,0.02652414221394195
SCSO,WDBC,1,366,11010,0.02652414221394195
SCSO,WDBC,1,367,11040,0.02652414221394195
SCSO,WDBC,1,368,11070,0.02652414221394195
SCSO,WDBC,1,369,11100,0.02652414221394195
SCSO,WDBC,1,370,11130,0.02652414221394195
SCSO,WDBC,1,371,11160,0.02652414221394195
SCSO,WDBC,1,372,11190,0.02652414221394195
SCSO,WDBC,1,373,11220,0.02652414221394195
SCSO,WDBC,1,374,11250,0.02652414221394195
SCSO,WDBC,1,375,11280,0.02652414221394195
SCSO,WDBC,1,376,11310,0.02652414221394195
SCSO,WDBC,1,377,11340,0.02652414221394195
SCSO,WDBC,1,378,11370,0.02652414221394195
SCSO,WDBC,1,379,11400,0.02652414221394195
SCSO,WDBC,1,380,11430,0.02652414221394195
SCSO,WDBC,1,381,11460,0.02652414221394195
SCSO,WDBC,1,382,11490,0.02652414221394195
SCSO,WDBC,1,383,11520,0.02652414221394195
SCSO,WDBC,1,384,11550,0.02652414221394195
SCSO,WDBC,1,385,11580,0.02652414221394195
SCSO,WDBC,1,386,11610,0.02652414221394195
SCSO,WDBC,1,387,11640,0.02652414221394195
SCSO,WDBC,1,388,11670,0.02652414221394195
SCSO,WDBC,1,389,11700,0.02652414221394195
SCSO,WDBC,1,390,11730,0.02652414221394195
SCSO,WDBC,1,391,11760,0.02652414221394195
SCSO,WDBC,1,392,11790,0.02652414221394195
SCSO,WDBC,1,393,11820,0.02652414221394195
SCSO,WDBC,1,394,11850,0.02652414221394195
SCSO,WDBC,1,395,11880,0.02652414221394195
SCSO,WDBC,1,396,11910,0.02652414221394195
SCSO,WDBC,1,397,11940,0.02652414221394195
SCSO,WDBC,1,398,11970,0.02652414221394195
SCSO,WDBC,1,399,12000,0.02652414221394195
SCSO,WDBC,1,400,12030,0.02652414221394195
SCSO,WDBC,1,401,12060,0.02652414221394195
SCSO,WDBC,1,402,12090,0.02652414221394195
SCSO,WDBC,1,403,12120,0.02652414221394195
SCSO,WDBC,1,404,12150,0.02652414221394195
SCSO,WDBC,1,405,12180,0.02652414221394195
SCSO,WDBC,1,406,12210,0.02652414221394195
SCSO,WDBC,1,407,12240,0.02652414221394195
SCSO,WDBC,1,408,12270,0.02652414221394195
SCSO,WDBC,1,409,12300,0.02652414221394195
SCSO,WDBC,1,410,12330,0.02652414221394195
SCSO,WDBC,1,411,12360,0.02652414221394195
SCSO,WDBC,1,412,12390,0.02652414221394195
SCSO,WDBC,1,413,12420,0.02652414221394195
SCSO,WDBC,1,414,12450,0.02652414221394195
SCSO,WDBC,1,415,12480,0.02652414221394195
SCSO,WDBC,1,416,12510,0.02652414221394195
SCSO,WDBC,1,417,12540,0.02652414221394195
SCSO,WDBC,1,418,12570,0.02652414221394195
SCSO,WDBC,1,419,12600,0.02652414221394195
SCSO,WDBC,1,420,12630,0.02652414221394195
SCSO,WDBC,1,421,12660,0.02652414221394195
SCSO,WDBC,1,422,12690,0.02652414221394195
SCSO,WDBC,1,423,12720,0.02652414221394195
SCSO,WDBC,1,424,12750,0.02652414221394195
SCSO,WDBC,1,425,12780,0.02652414221394195
SCSO,WDBC,1,426,12810,0.02652414221394195
SCSO,WDBC,1,427,12840,0.02652414221394195
SCSO,WDBC,1,428,12870,0.02652414221394195
SCSO,WDBC,1,429,12900,0.02652414221394195
SCSO,WDBC,1,430,12930,0.02652414221394195
SCSO,WDBC,1,431,12960,0.02652414221394195
SCSO,WDBC,1,432,12990,0.02652414221394195
SCSO,WDBC,1,433,13020,0.02652414221394195
SCSO,WDBC,1,434,13050,0.02652414221394195
SCSO,WDBC,1,435,13080,0.02652414221394195
SCSO,WDBC,1,436,13110,0.02652414221394195
SCSO,WDBC,1,437,13140,0.02652414221394195
SCSO,WDBC,1,438,13170,0.02652414221394195
SCSO,WDBC,1,439,13200,0.02652414221394195
SCSO,WDBC,1,440,13230,0.02652414221394195
SCSO,WDBC,1,441,13260,0.02652414221394195
SCSO,WDBC,1,442,13290,0.02652414221394195
SCSO,WDBC,1,443,13320,0.02652414221394195
SCSO,WDBC,1,444,13350,0.02652414221394195
SCSO,WDBC,1,445,13380,0.02652414221394195
SCSO,WDBC,1,446,13410,0.02652414221394195
SCSO,WDBC,1,447,13440,0.02652414221394195
SCSO,WDBC,1,448,13470,0.02652414221394195
SCSO,WDBC,1,449,13500,0.02652414221394195
SCSO,WDBC,1,450,13530,0.02652414221394195
SCSO,WDBC,1,451,13560,0.02652414221394195
SCSO,WDBC,1,452,13590,0.02652414221394195
SCSO,WDBC,1,453,13620,0.02652414221394195
SCSO,WDBC,1,454,13650,0.02652414221394195
SCSO,WDBC,1,455,13680,0.02652414221394195
SCSO,WDBC,1,456,13710,0.02652414221394195
SCSO,WDBC,1,457,13740,0.02652414221394195
SCSO,WDBC,1,458,13770,0.02652414221394195
SCSO,WDBC,1,459,13800,0.02652414221394195
SCSO,WDBC,1,460,13830,0.02652414221394195
SCSO,WDBC,1,461,13860,0.02652414221394195
SCSO,WDBC,1,462,13890,0.02652414221394195
SCSO,WDBC,1,463,13920,0.02652414221394195
SCSO,WDBC,1,464,13950,0.02652414221394195
SCSO,WDBC,1,465,13980,0.02652414221394195
SCSO,WDBC,1,466,14010,0.02652414221394195
SCSO,WDBC,1,467,14040,0.02652414221394195
SCSO,WDBC,1,468,14070,0.02652414221394195
SCSO,WDBC,1,469,14100,0.02652414221394195
SCSO,WDBC,1,470,14130,0.02652414221394195
SCSO,WDBC,1,471,14160,0.02652414221394195
SCSO,WDBC,1,472,14190,0.02652414221394195
SCSO,WDBC,1,473,14220,0.02652414221394195
SCSO,WDBC,1,474,14250,0.02652414221394195
SCSO,WDBC,1,475,14280,0.02652414221394195
SCSO,WDBC,1,476,14310,0.02652414221394195
SCSO,WDBC,1,477,14340,0.02652414221394195
SCSO,WDBC,1,478,14370,0.02652414221394195
SCSO,WDBC,1,479,14400,0.02652414221394195
SCSO,WDBC,1,480,14430,0.02652414221394195
SCSO,WDBC,1,481,14460,0.02652414221394195
SCSO,WDBC,1,482,14490,0.02652414221394195
SCSO,WDBC,1,483,14520,0.02652414221394195
SCSO,WDBC,1,484,14550,0.02652414221394195
SCSO,WDBC,1,485,14580,0.02652414221394195
SCSO,WDBC,1,486,14610,0.02652414221394195
SCSO,WDBC,1,487,14640,0.02652414221394195
SCSO,WDBC,1,488,14670,0.02652414221394195
SCSO,WDBC,1,489,14700,0.02652414221394195
SCSO,WDBC,1,490,14730,0.02652414221394195
SCSO,WDBC,1,491,14760,0.02652414221394195
SCSO,WDBC,1,492,14790,0.02652414221394195
SCSO,WDBC,1,493,14820,0.02652414221394195
SCSO,WDBC,1,494,14850,0.02652414221394195
SCSO,WDBC,1,495,14880,0.02652414221394195
SCSO,WDBC,1,496,14910,0.02652414221394195
SCSO,WDBC,1,497,14940,0.02652414221394195
SCSO,WDBC,1,498,14970,0.02652414221394195
SCSO,WDBC,1,499,15000,0.02652414221394195
SCSO,ColonCancer,3,0,30,0.1967538461538461
SCSO,ColonCancer,3,1,60,0.1967538461538461
SCSO,ColonCancer,3,2,90,0.19667884615384612
SCSO,ColonCancer,3,3,120,0.19667884615384612
SCSO,ColonCancer,3,4,150,0.19667884615384612
SCSO,ColonCancer,3,5,180,0.19667884615384612
SCSO,ColonCancer,3,6,210,0.19541461538461538
SCSO,ColonCancer,3,7,240,0.19541461538461538
SCSO,ColonCancer,3,8,270,0.19541461538461538
SCSO,ColonCancer,3,9,300,0.19541461538461538
SCSO,ColonCancer,3,10,330,0.19541461538461538
SCSO,ColonCancer,3,11,360,0.19541461538461538
SCSO,ColonCancer,3,12,390,0.19541461538461538
SCSO,ColonCancer,3,13,420,0.19541461538461538
SCSO,ColonCancer,3,14,450,0.19541461538461538
SCSO,ColonCancer,3,15,480,0.19541461538461538
SCSO,ColonCancer,3,16,510,0.19541461538461538
SCSO,ColonCancer,3,17,540,0.19541461538461538
SCSO,ColonCancer,3,18,570,0.19536961538461536
SCSO,ColonCancer,3,19,600,0.19536961538461536
SCSO,ColonCancer,3,20,630,0.19536961538461536
SCSO,ColonCancer,3,21,660,0.19536961538461536
SCSO,ColonCancer,3,22,690,0.19536961538461536
SCSO,ColonCancer,3,23,720,0.19536961538461536
SCSO,ColonCancer,3,24,750,0.19536961538461536
SCSO,ColonCancer,3,25,780,0.19536961538461536
SCSO,ColonCancer,3,26,810,0.19536961538461536
SCSO,ColonCancer,3,27,840,0.19536961538461536
SCSO,ColonCancer,3,28,870,0.19536961538461536
SCSO,ColonCancer,3,29,900,0.19536961538461536
SCSO,ColonCancer,3,30,930,0.19536961538461536
SCSO,ColonCancer,3,31,960,0.19536961538461536
SCSO,ColonCancer,3,32,990,0.19536961538461536
SCSO,ColonCancer,3,33,1020,0.19536961538461536
SCSO,ColonCancer,3,34,1050,0.19520961538461537
SCSO,ColonCancer,3,35,1080,0.19520961538461537
SCSO,ColonCancer,3,36,1110,0.19520961538461537
SCSO,ColonCancer,3,37,1140,0.19520961538461537
SCSO,ColonCancer,3,38,1170,0.18014384615384607
SCSO,ColonCancer,3,39,1200,0.18014384615384607
SCSO,ColonCancer,3,40,1230,0.18014384615384607
SCSO,ColonCancer,3,41,1260,0.18014384615384607
SCSO,ColonCancer,3,42,1290,0.18014384615384607
SCSO,ColonCancer,3,43,1320,0.18014384615384607
SCSO,ColonCancer,3,44,1350,0.18014384615384607
SCSO,ColonCancer,3,45,1380,0.18014384615384607
SCSO,ColonCancer,3,46,1410,0.18014384615384607
SCSO,ColonCancer,3,47,1440,0.18014384615384607
SCSO,ColonCancer,3,48,1470,0.18014384615384607
SCSO,ColonCancer,3,49,1500,0.1648630769230769
SCSO,ColonCancer,3,50,1530,0.1648630769230769
SCSO,ColonCancer,3,51,1560,0.1648630769230769
SCSO,ColonCancer,3,52,1590,0.1648630769230769
SCSO,ColonCancer,3,53,1620,0.1648630769230769
SCSO,ColonCancer,3,54,1650,0.1648630769230769
SCSO,ColonCancer,3,55,1680,0.1648630769230769
SCSO,ColonCancer,3,56,1710,0.1648630769230769
SCSO,ColonCancer,3,57,1740,0.1648630769230769
SCSO,ColonCancer,3,58,1770,0.1648630769230769
SCSO,ColonCancer,3,59,1800,0.1648630769230769
SCSO,ColonCancer,3,60,1830,0.1648630769230769
SCSO,ColonCancer,3,61,1860,0.1648630769230769
SCSO,ColonCancer,3,62,1890,0.1648630769230769
SCSO,ColonCancer,3,63,1920,0.1648630769230769
SCSO,ColonCancer,3,64,1950,0.1648630769230769
SCSO,ColonCancer,3,65,1980,0.1648630769230769
SCSO,ColonCancer,3,66,2010,0.1648630769230769
SCSO,ColonCancer,3,67,2040,0.1648630769230769
SCSO,ColonCancer,3,68,2070,0.1648630769230769
SCSO,ColonCancer,3,69,2100,0.1648630769230769
SCSO,ColonCancer,3,70,2130,0.1648630769230769
SCSO,ColonCancer,3,71,2160,0.1648630769230769
SCSO,ColonCancer,3,72,2190,0.1648630769230769
SCSO,ColonCancer,3,73,2220,0.1648630769230769
SCSO,ColonCancer,3,74,2250,0.1648630769230769
SCSO,ColonCancer,3,75,2280,0.1648630769230769
SCSO,ColonCancer,3,76,2310,0.1648630769230769
SCSO,ColonCancer,3,77,2340,0.1648630769230769
SCSO,ColonCancer,3,78,2370,0.1648630769230769
SCSO,ColonCancer,3,79,2400,0.1648630769230769
SCSO,ColonCancer,3,80,2430,0.1648630769230769
SCSO,ColonCancer,3,81,2460,0.1648630769230769
SCSO,ColonCancer,3,82,2490,0.1648630769230769
SCSO,ColonCancer,3,83,2520,0.1648630769230769
SCSO,ColonCancer,3,84,2550,0.1648630769230769
SCSO,ColonCancer,3,85,2580,0.1648630769230769
SCSO,ColonCancer,3,86,2610,0.1648630769230769
SCSO,ColonCancer,3,87,2640,0.1648630769230769
SCSO,ColonCancer,3,88,2670,0.1648630769230769
SCSO,ColonCancer,3,89,2700,0.1648630769230769
SCSO,ColonCancer,3,90,2730,0.1648630769230769
SCSO,ColonCancer,3,91,2760,0.1648630769230769
SCSO,ColonCancer,3,92,2790,0.1648630769230769
SCSO,ColonCancer,3,93,2820,0.1648630769230769
SCSO,ColonCancer,3,94,2850,0.1648630769230769
SCSO,ColonCancer,3,95,2880,0.1648630769230769
SCSO,ColonCancer,3,96,2910,0.1648630769230769
SCSO,ColonCancer,3,97,2940,0.1648630769230769
SCSO,ColonCancer,3,98,2970,0.1648630769230769
SCSO,ColonCancer,3,99,3000,0.1648630769230769
SCSO,ColonCancer,3,100,3030,0.1648630769230769
SCSO,ColonCancer,3,101,3060,0.1648630769230769
SCSO,ColonCancer,3,102,3090,0.1648630769230769
SCSO,ColonCancer,3,103,3120,0.1648630769230769
SCSO,ColonCancer,3,104,3150,0.1648630769230769
SCSO,ColonCancer,3,105,3180,0.1648630769230769
SCSO,ColonCancer,3,106,3210,0.1648630769230769
SCSO,ColonCancer,3,107,3240,0.1648630769230769
SCSO,ColonCancer,3,108,3270,0.1648630769230769
SCSO,ColonCancer,3,109,3300,0.1648630769230769
SCSO,ColonCancer,3,110,3330,0.1648630769230769
SCSO,ColonCancer,3,111,3360,0.1648630769230769
SCSO,ColonCancer,3,112,3390,0.1648630769230769
SCSO,ColonCancer,3,113,3420,0.1648630769230769
SCSO,ColonCancer,3,114,3450,0.1648630769230769
SCSO,ColonCancer,3,115,3480,0.1648630769230769
SCSO,ColonCancer,3,116,3510,0.1648630769230769
SCSO,ColonCancer,3,117,3540,0.1648630769230769
SCSO,ColonCancer,3,118,3570,0.1648630769230769
SCSO,ColonCancer,3,119,3600,0.1648630769230769
SCSO,ColonCancer,3,120,3630,0.1648630769230769
SCSO,ColonCancer,3,121,3660,0.1648630769230769
SCSO,ColonCancer,3,122,3690,0.1648630769230769
SCSO,ColonCancer,3,123,3720,0.1648630769230769
SCSO,ColonCancer,3,124,3750,0.1648630769230769
SCSO,ColonCancer,3,125,3780,0.1648630769230769
SCSO,ColonCancer,3,126,3810,0.1648630769230769
SCSO,ColonCancer,3,127,3840,0.1648630769230769
SCSO,ColonCancer,3,128,3870,0.1648630769230769
SCSO,ColonCancer,3,129,3900,0.1648630769230769
SCSO,ColonCancer,3,130,3930,0.1648630769230769
SCSO,ColonCancer,3,131,3960,0.1648630769230769
SCSO,ColonCancer,3,132,3990,0.1648630769230769
SCSO,ColonCancer,3,133,4020,0.1648630769230769
SCSO,ColonCancer,3,134,4050,0.1648630769230769
SCSO,ColonCancer,3,135,4080,0.1648630769230769
SCSO,ColonCancer,3,136,4110,0.1648630769230769
SCSO,ColonCancer,3,137,4140,0.1648630769230769
SCSO,ColonCancer,3,138,4170,0.1648630769230769
SCSO,ColonCancer,3,139,4200,0.1648630769230769
SCSO,ColonCancer,3,140,4230,0.1648630769230769
SCSO,ColonCancer,3,141,4260,0.1648630769230769
SCSO,ColonCancer,3,142,4290,0.1648630769230769
SCSO,ColonCancer,3,143,4320,0.1648630769230769
SCSO,ColonCancer,3,144,4350,0.1648630769230769
SCSO,ColonCancer,3,145,4380,0.1648630769230769
SCSO,ColonCancer,3,146,4410,0.1648630769230769
SCSO,ColonCancer,3,147,4440,0.1648630769230769
SCSO,ColonCancer,3,148,4470,0.1648630769230769
SCSO,ColonCancer,3,149,4500,0.1648630769230769
SCSO,ColonCancer,3,150,4530,0.1648630769230769
SCSO,ColonCancer,3,151,4560,0.1648630769230769
SCSO,ColonCancer,3,152,4590,0.1648630769230769
SCSO,ColonCancer,3,153,4620,0.1648630769230769
SCSO,ColonCancer,3,154,4650,0.1648630769230769
SCSO,ColonCancer,3,155,4680,0.1648630769230769
SCSO,ColonCancer,3,156,4710,0.1648630769230769
SCSO,ColonCancer,3,157,4740,0.1648630769230769
SCSO,ColonCancer,3,158,4770,0.1648630769230769
SCSO,ColonCancer,3,159,4800,0.1648630769230769
SCSO,ColonCancer,3,160,4830,0.1648630769230769
SCSO,ColonCancer,3,161,4860,0.1648630769230769
SCSO,ColonCancer,3,162,4890,0.1648630769230769
SCSO,ColonCancer,3,163,4920,0.1648630769230769
SCSO,ColonCancer,3,164,4950,0.1648630769230769
SCSO,ColonCancer,3,165,4980,0.1648630769230769
SCSO,ColonCancer,3,166,5010,0.1648630769230769
SCSO,ColonCancer,3,167,5040,0.1648630769230769
SCSO,ColonCancer,3,168,5070,0.1648630769230769
SCSO,ColonCancer,3,169,5100,0.1648630769230769
SCSO,ColonCancer,3,170,5130,0.1648630769230769
SCSO,ColonCancer,3,171,5160,0.1648630769230769
SCSO,ColonCancer,3,172,5190,0.1648630769230769
SCSO,ColonCancer,3,173,5220,0.1648630769230769
SCSO,ColonCancer,3,174,5250,0.1648630769230769
SCSO,ColonCancer,3,175,5280,0.1648630769230769
SCSO,ColonCancer,3,176,5310,0.1648630769230769
SCSO,ColonCancer,3,177,5340,0.1648630769230769
SCSO,ColonCancer,3,178,5370,0.1648630769230769
SCSO,ColonCancer,3,179,5400,0.1648630769230769
SCSO,ColonCancer,3,180,5430,0.1648630769230769
SCSO,ColonCancer,3,181,5460,0.1648630769230769
SCSO,ColonCancer,3,182,5490,0.1648630769230769
SCSO,ColonCancer,3,183,5520,0.1648630769230769
SCSO,ColonCancer,3,184,5550,0.1648630769230769
SCSO,ColonCancer,3,185,5580,0.1648630769230769
SCSO,ColonCancer,3,186,5610,0.1648630769230769
SCSO,ColonCancer,3,187,5640,0.1648630769230769
SCSO,ColonCancer,3,188,5670,0.1648630769230769
SCSO,ColonCancer,3,189,5700,0.1648630769230769
SCSO,ColonCancer,3,190,5730,0.1648630769230769
SCSO,ColonCancer,3,191,5760,0.1648630769230769
SCSO,ColonCancer,3,192,5790,0.1648630769230769
SCSO,ColonCancer,3,193,5820,0.1648630769230769
SCSO,ColonCancer,3,194,5850,0.1648630769230769
SCSO,ColonCancer,3,195,5880,0.1648630769230769
SCSO,ColonCancer,3,196,5910,0.1648630769230769
SCSO,ColonCancer,3,197,5940,0.1648630769230769
SCSO,ColonCancer,3,198,5970,0.1648630769230769
SCSO,ColonCancer,3,199,6000,0.1648630769230769
SCSO,ColonCancer,3,200,6030,0.1648630769230769
SCSO,ColonCancer,3,201,6060,0.1648630769230769
SCSO,ColonCancer,3,202,6090,0.1648630769230769
SCSO,ColonCancer,3,203,6120,0.1648630769230769
SCSO,ColonCancer,3,204,6150,0.1648630769230769
SCSO,ColonCancer,3,205,6180,0.1648630769230769
SCSO,ColonCancer,3,206,6210,0.1648630769230769
SCSO,ColonCancer,3,207,6240,0.1648630769230769
SCSO,ColonCancer,3,208,6270,0.1648630769230769
SCSO,ColonCancer,3,209,6300,0.1648630769230769
SCSO,ColonCancer,3,210,6330,0.1648630769230769
SCSO,ColonCancer,3,211,6360,0.1648630769230769
SCSO,ColonCancer,3,212,6390,0.1648630769230769
SCSO,ColonCancer,3,213,6420,0.1648630769230769
SCSO,ColonCancer,3,214,6450,0.1648630769230769
SCSO,ColonCancer,3,215,6480,0.1648630769230769
SCSO,ColonCancer,3,216,6510,0.1648630769230769
SCSO,ColonCancer,3,217,6540,0.1648630769230769
SCSO,ColonCancer,3,218,6570,0.1648630769230769
SCSO,ColonCancer,3,219,6600,0.1648630769230769
SCSO,ColonCancer,3,220,6630,0.1648630769230769
SCSO,ColonCancer,3,221,6660,0.1648630769230769
SCSO,ColonCancer,3,222,6690,0.1648630769230769
SCSO,ColonCancer,3,223,6720,0.1648630769230769
SCSO,ColonCancer,3,224,6750,0.1648630769230769
SCSO,ColonCancer,3,225,6780,0.1648630769230769
SCSO,ColonCancer,3,226,6810,0.1648630769230769
SCSO,ColonCancer,3,227,6840,0.1648630769230769
SCSO,ColonCancer,3,228,6870,0.1648630769230769
SCSO,ColonCancer,3,229,6900,0.1648630769230769
SCSO,ColonCancer,3,230,6930,0.1648630769230769
SCSO,ColonCancer,3,231,6960,0.1648630769230769
SCSO,ColonCancer,3,232,6990,0.1648630769230769
SCSO,ColonCancer,3,233,7020,0.1648630769230769
SCSO,ColonCancer,3,234,7050,0.1648630769230769
SCSO,ColonCancer,3,235,7080,0.1648630769230769
SCSO,ColonCancer,3,236,7110,0.1648630769230769
SCSO,ColonCancer,3,237,7140,0.1648630769230769
SCSO,ColonCancer,3,238,7170,0.1648630769230769
SCSO,ColonCancer,3,239,7200,0.1648630769230769
SCSO,ColonCancer,3,240,7230,0.1648630769230769
SCSO,ColonCancer,3,241,7260,0.1648630769230769
SCSO,ColonCancer,3,242,7290,0.1648630769230769
SCSO,ColonCancer,3,243,7320,0.1648630769230769
SCSO,ColonCancer,3,244,7350,0.1648630769230769
SCSO,ColonCancer,3,245,7380,0.1648630769230769
SCSO,ColonCancer,3,246,7410,0.1648630769230769
SCSO,ColonCancer,3,247,7440,0.1648630769230769
SCSO,ColonCancer,3,248,7470,0.1648630769230769
SCSO,ColonCancer,3,249,7500,0.1648630769230769
SCSO,ColonCancer,3,250,7530,0.1648630769230769
SCSO,ColonCancer,3,251,7560,0.1648630769230769
SCSO,ColonCancer,3,252,7590,0.1648630769230769
SCSO,ColonCancer,3,253,7620,0.1648630769230769
SCSO,ColonCancer,3,254,7650,0.1648630769230769
SCSO,ColonCancer,3,255,7680,0.1648630769230769
SCSO,ColonCancer,3,256,7710,0.1648630769230769
SCSO,ColonCancer,3,257,7740,0.1648630769230769
SCSO,ColonCancer,3,258,7770,0.1648630769230769
SCSO,ColonCancer,3,259,7800,0.1648630769230769
SCSO,ColonCancer,3,260,7830,0.1648630769230769
SCSO,ColonCancer,3,261,7860,0.1648630769230769
SCSO,ColonCancer,3,262,7890,0.1648630769230769
SCSO,ColonCancer,3,263,7920,0.1648630769230769
SCSO,ColonCancer,3,264,7950,0.1648630769230769
SCSO,ColonCancer,3,265,7980,0.1648630769230769
SCSO,ColonCancer,3,266,8010,0.1648630769230769
SCSO,ColonCancer,3,267,8040,0.1648630769230769
SCSO,ColonCancer,3,268,8070,0.1648630769230769
SCSO,ColonCancer,3,269,8100,0.1648630769230769
SCSO,ColonCancer,3,270,8130,0.1648630769230769
SCSO,ColonCancer,3,271,8160,0.1648630769230769
SCSO,ColonCancer,3,272,8190,0.1648630769230769
SCSO,ColonCancer,3,273,8220,0.1648630769230769
SCSO,ColonCancer,3,274,8250,0.1648630769230769
SCSO,ColonCancer,3,275,8280,0.1648630769230769
SCSO,ColonCancer,3,276,8310,0.1648630769230769
SCSO,ColonCancer,3,277,8340,0.1648630769230769
SCSO,ColonCancer,3,278,8370,0.1648630769230769
SCSO,ColonCancer,3,279,8400,0.1648630769230769
SCSO,ColonCancer,3,280,8430,0.1648630769230769
SCSO,ColonCancer,3,281,8460,0.1648630769230769
SCSO,ColonCancer,3,282,8490,0.1648630769230769
SCSO,ColonCancer,3,283,8520,0.1648630769230769
SCSO,ColonCancer,3,284,8550,0.1648630769230769
SCSO,ColonCancer,3,285,8580,0.1648630769230769
SCSO,ColonCancer,3,286,8610,0.1648630769230769
SCSO,ColonCancer,3,287,8640,0.1648630769230769
SCSO,ColonCancer,3,288,8670,0.1648630769230769
SCSO,ColonCancer,3,289,8700,0.1648630769230769
SCSO,ColonCancer,3,290,8730,0.1648630769230769
SCSO,ColonCancer,3,291,8760,0.1648630769230769
SCSO,ColonCancer,3,292,8790,0.1648630769230769
SCSO,ColonCancer,3,293,8820,0.1648630769230769
SCSO,ColonCancer,3,294,8850,0.1648630769230769
SCSO,ColonCancer,3,295,8880,0.1648630769230769
SCSO,ColonCancer,3,296,8910,0.1648630769230769
SCSO,ColonCancer,3,297,8940,0.1648630769230769
SCSO,ColonCancer,3,298,8970,0.1648630769230769
SCSO,ColonCancer,3,299,9000,0.1648630769230769
SCSO,ColonCancer,3,300,9030,0.1648630769230769
SCSO,ColonCancer,3,301,9060,0.1648630769230769
SCSO,ColonCancer,3,302,9090,0.1648630769230769
SCSO,ColonCancer,3,303,9120,0.1648630769230769
SCSO,ColonCancer,3,304,9150,0.1648630769230769
SCSO,ColonCancer,3,305,9180,0.1648630769230769
SCSO,ColonCancer,3,306,9210,0.1648630769230769
SCSO,ColonCancer,3,307,9240,0.1648630769230769
SCSO,ColonCancer,3,308,9270,0.1648630769230769
SCSO,ColonCancer,3,309,9300,0.1648630769230769
SCSO,ColonCancer,3,310,9330,0.1648630769230769
SCSO,ColonCancer,3,311,9360,0.1648630769230769
SCSO,ColonCancer,3,312,9390,0.1648630769230769
SCSO,ColonCancer,3,313,9420,0.1648630769230769
SCSO,ColonCancer,3,314,9450,0.1648630769230769
SCSO,ColonCancer,3,315,9480,0.1648630769230769
SCSO,ColonCancer,3,316,9510,0.1648630769230769
SCSO,ColonCancer,3,317,9540,0.1648630769230769
SCSO,ColonCancer,3,318,9570,0.1648630769230769
SCSO,ColonCancer,3,319,9600,0.1648630769230769
SCSO,ColonCancer,3,320,9630,0.1648630769230769
SCSO,ColonCancer,3,321,9660,0.1648630769230769
SCSO,ColonCancer,3,322,9690,0.1648630769230769
SCSO,ColonCancer,3,323,9720,0.1648630769230769
SCSO,ColonCancer,3,324,9750,0.1648630769230769
SCSO,ColonCancer,3,325,9780,0.1648630769230769
SCSO,ColonCancer,3,326,9810,0.1648630769230769
SCSO,ColonCancer,3,327,9840,0.1648630769230769
SCSO,ColonCancer,3,328,9870,0.1648630769230769
SCSO,ColonCancer,3,329,9900,0.1648630769230769
SCSO,ColonCancer,3,330,9930,0.1648630769230769
SCSO,ColonCancer,3,331,9960,0.1648630769230769
SCSO,ColonCancer,3,332,9990,0.1648630769230769
SCSO,ColonCancer,3,333,10020,0.1648630769230769
SCSO,ColonCancer,3,334,10050,0.1648630769230769
SCSO,ColonCancer,3,335,10080,0.1648630769230769
SCSO,ColonCancer,3,336,10110,0.1648630769230769
SCSO,ColonCancer,3,337,10140,0.1648630769230769
SCSO,ColonCancer,3,338,10170,0.1648630769230769
SCSO,ColonCancer,3,339,10200,0.1648630769230769
SCSO,ColonCancer,3,340,10230,0.1648630769230769
SCSO,ColonCancer,3,341,10260,0.1648630769230769
SCSO,ColonCancer,3,342,10290,0.1648630769230769
SCSO,ColonCancer,3,343,10320,0.1648630769230769
SCSO,ColonCancer,3,344,10350,0.1648630769230769
SCSO,ColonCancer,3,345,10380,0.1648630769230769
SCSO,ColonCancer,3,346,10410,0.1648630769230769
SCSO,ColonCancer,3,347,10440,0.1648630769230769
SCSO,ColonCancer,3,348,10470,0.1648630769230769
SCSO,ColonCancer,3,349,10500,0.1648630769230769
SCSO,ColonCancer,3,350,10530,0.1648630769230769
SCSO,ColonCancer,3,351,10560,0.1648630769230769
SCSO,ColonCancer,3,352,10590,0.1648630769230769
SCSO,ColonCancer,3,353,10620,0.1648630769230769
SCSO,ColonCancer,3,354,10650,0.1648630769230769
SCSO,ColonCancer,3,355,10680,0.1648630769230769
SCSO,ColonCancer,3,356,10710,0.1648630769230769
SCSO,ColonCancer,3,357,10740,0.1648630769230769
SCSO,ColonCancer,3,358,10770,0.1648630769230769
SCSO,ColonCancer,3,359,10800,0.1648630769230769
SCSO,ColonCancer,3,360,10830,0.1648630769230769
SCSO,ColonCancer,3,361,10860,0.1648630769230769
SCSO,ColonCancer,3,362,10890,0.1648630769230769
SCSO,ColonCancer,3,363,10920,0.1648630769230769
SCSO,ColonCancer,3,364,10950,0.1648630769230769
SCSO,ColonCancer,3,365,10980,0.1648630769230769
SCSO,ColonCancer,3,366,11010,0.1648630769230769
SCSO,ColonCancer,3,367,11040,0.1648630769230769
SCSO,ColonCancer,3,368,11070,0.1648630769230769
SCSO,ColonCancer,3,369,11100,0.1648630769230769
SCSO,ColonCancer,3,370,11130,0.1648630769230769
SCSO,ColonCancer,3,371,11160,0.1648630769230769
SCSO,ColonCancer,3,372,11190,0.1648630769230769
SCSO,ColonCancer,3,373,11220,0.1648630769230769
SCSO,ColonCancer,3,374,11250,0.1648630769230769
SCSO,ColonCancer,3,375,11280,0.1648630769230769
SCSO,ColonCancer,3,376,11310,0.1648630769230769
SCSO,ColonCancer,3,377,11340,0.1648630769230769
SCSO,ColonCancer,3,378,11370,0.1648630769230769
SCSO,ColonCancer,3,379,11400,0.1648630769230769
SCSO,ColonCancer,3,380,11430,0.1648630769230769
SCSO,ColonCancer,3,381,11460,0.1648630769230769
SCSO,ColonCancer,3,382,11490,0.1648630769230769
SCSO,ColonCancer,3,383,11520,0.1648630769230769
SCSO,ColonCancer,3,384,11550,0.1648630769230769
SCSO,ColonCancer,3,385,11580,0.1648630769230769
SCSO,ColonCancer,3,386,11610,0.1648630769230769
SCSO,ColonCancer,3,387,11640,0.1648630769230769
SCSO,ColonCancer,3,388,11670,0.1648630769230769
SCSO,ColonCancer,3,389,11700,0.1648630769230769
SCSO,ColonCancer,3,390,11730,0.1648630769230769
SCSO,ColonCancer,3,391,11760,0.1648630769230769
SCSO,ColonCancer,3,392,11790,0.1648630769230769
SCSO,ColonCancer,3,393,11820,0.1648630769230769
SCSO,ColonCancer,3,394,11850,0.1648630769230769
SCSO,ColonCancer,3,395,11880,0.1648630769230769
SCSO,ColonCancer,3,396,11910,0.1648630769230769
SCSO,ColonCancer,3,397,11940,0.1648630769230769
SCSO,ColonCancer,3,398,11970,0.1648630769230769
SCSO,ColonCancer,3,399,12000,0.1648630769230769
SCSO,ColonCancer,3,400,12030,0.1648630769230769
SCSO,ColonCancer,3,401,12060,0.1648630769230769
SCSO,ColonCancer,3,402,12090,0.1648630769230769
SCSO,ColonCancer,3,403,12120,0.1648630769230769
SCSO,ColonCancer,3,404,12150,0.1648630769230769
SCSO,ColonCancer,3,405,12180,0.1648630769230769
SCSO,ColonCancer,3,406,12210,0.1648630769230769
SCSO,ColonCancer,3,407,12240,0.1648630769230769
SCSO,ColonCancer,3,408,12270,0.1648630769230769
SCSO,ColonCancer,3,409,12300,0.1648630769230769
SCSO,ColonCancer,3,410,12330,0.1648630769230769
SCSO,ColonCancer,3,411,12360,0.1648630769230769
SCSO,ColonCancer,3,412,12390,0.1648630769230769
SCSO,ColonCancer,3,413,12420,0.1648630769230769
SCSO,ColonCancer,3,414,12450,0.1648630769230769
SCSO,ColonCancer,3,415,12480,0.1648630769230769
SCSO,ColonCancer,3,416,12510,0.1648630769230769
SCSO,ColonCancer,3,417,12540,0.1648630769230769
SCSO,ColonCancer,3,418,12570,0.1648630769230769
SCSO,ColonCancer,3,419,12600,0.1648630769230769
SCSO,ColonCancer,3,420,12630,0.1648630769230769
SCSO,ColonCancer,3,421,12660,0.1648630769230769
SCSO,ColonCancer,3,422,12690,0.1648630769230769
SCSO,ColonCancer,3,423,12720,0.1648630769230769
SCSO,ColonCancer,3,424,12750,0.1648630769230769
SCSO,ColonCancer,3,425,12780,0.1648630769230769
SCSO,ColonCancer,3,426,12810,0.1648630769230769
SCSO,ColonCancer,3,427,12840,0.1648630769230769
SCSO,ColonCancer,3,428,12870,0.1648630769230769
SCSO,ColonCancer,3,429,12900,0.1648630769230769
SCSO,ColonCancer,3,430,12930,0.1648630769230769
SCSO,ColonCancer,3,431,12960,0.1648630769230769
SCSO,ColonCancer,3,432,12990,0.1648630769230769
SCSO,ColonCancer,3,433,13020,0.1648630769230769
SCSO,ColonCancer,3,434,13050,0.1648630769230769
SCSO,ColonCancer,3,435,13080,0.1648630769230769
SCSO,ColonCancer,3,436,13110,0.1648630769230769
SCSO,ColonCancer,3,437,13140,0.1648630769230769
SCSO,ColonCancer,3,438,13170,0.1648630769230769
SCSO,ColonCancer,3,439,13200,0.1648630769230769
SCSO,ColonCancer,3,440,13230,0.1648630769230769
SCSO,ColonCancer,3,441,13260,0.1648630769230769
SCSO,ColonCancer,3,442,13290,0.1648630769230769
SCSO,ColonCancer,3,443,13320,0.1648630769230769
SCSO,ColonCancer,3,444,13350,0.1648630769230769
SCSO,ColonCancer,3,445,13380,0.1648630769230769
SCSO,ColonCancer,3,446,13410,0.1648630769230769
SCSO,ColonCancer,3,447,13440,0.1648630769230769
SCSO,ColonCancer,3,448,13470,0.1648630769230769
SCSO,ColonCancer,3,449,13500,0.1648630769230769
SCSO,ColonCancer,3,450,13530,0.1648630769230769
SCSO,ColonCancer,3,451,13560,0.1648630769230769
SCSO,ColonCancer,3,452,13590,0.1648630769230769
SCSO,ColonCancer,3,453,13620,0.1648630769230769
SCSO,ColonCancer,3,454,13650,0.1648630769230769
SCSO,ColonCancer,3,455,13680,0.1648630769230769
SCSO,ColonCancer,3,456,13710,0.1648630769230769
SCSO,ColonCancer,3,457,13740,0.1648630769230769
SCSO,ColonCancer,3,458,13770,0.1648630769230769
SCSO,ColonCancer,3,459,13800,0.1648630769230769
SCSO,ColonCancer,3,460,13830,0.1648630769230769
SCSO,ColonCancer,3,461,13860,0.1648630769230769
SCSO,ColonCancer,3,462,13890,0.1648630769230769
SCSO,ColonCancer,3,463,13920,0.1648630769230769
SCSO,ColonCancer,3,464,13950,0.1648630769230769
SCSO,ColonCancer,3,465,13980,0.1648630769230769
SCSO,ColonCancer,3,466,14010,0.1648630769230769
SCSO,ColonCancer,3,467,14040,0.1648630769230769
SCSO,ColonCancer,3,468,14070,0.1648630769230769
SCSO,ColonCancer,3,469,14100,0.1648630769230769
SCSO,ColonCancer,3,470,14130,0.1648630769230769
SCSO,ColonCancer,3,471,14160,0.1648630769230769
SCSO,ColonCancer,3,472,14190,0.1648630769230769
SCSO,ColonCancer,3,473,14220,0.1648630769230769
SCSO,ColonCancer,3,474,14250,0.1648630769230769
SCSO,ColonCancer,3,475,14280,0.1648630769230769
SCSO,ColonCancer,3,476,14310,0.1648630769230769
SCSO,ColonCancer,3,477,14340,0.1648630769230769
SCSO,ColonCancer,3,478,14370,0.1648630769230769
SCSO,ColonCancer,3,479,14400,0.1648630769230769
SCSO,ColonCancer,3,480,14430,0.1648630769230769
SCSO,ColonCancer,3,481,14460,0.1648630769230769
SCSO,ColonCancer,3,482,14490,0.1648630769230769
SCSO,ColonCancer,3,483,14520,0.1648630769230769
SCSO,ColonCancer,3,484,14550,0.1648630769230769
SCSO,ColonCancer,3,485,14580,0.1648630769230769
SCSO,ColonCancer,3,486,14610,0.1648630769230769
SCSO,ColonCancer,3,487,14640,0.1648630769230769
SCSO,ColonCancer,3,488,14670,0.1648630769230769
SCSO,ColonCancer,3,489,14700,0.1648630769230769
SCSO,ColonCancer,3,490,14730,0.1648630769230769
SCSO,ColonCancer,3,491,14760,0.1648630769230769
SCSO,ColonCancer,3,492,14790,0.1648630769230769
SCSO,ColonCancer,3,493,14820,0.1648630769230769
SCSO,ColonCancer,3,494,14850,0.1648630769230769
SCSO,ColonCancer,3,495,14880,0.1648630769230769
SCSO,ColonCancer,3,496,14910,0.1648630769230769
SCSO,ColonCancer,3,497,14940,0.1648630769230769
SCSO,ColonCancer,3,498,14970,0.1648630769230769
SCSO,ColonCancer,3,499,15000,0.1648630769230769
SCSO,ColonCancer,4,0,30,0.16622730769230767
SCSO,ColonCancer,4,1,60,0.16622730769230767
SCSO,ColonCancer,4,2,90,0.1647630769230769
SCSO,ColonCancer,4,3,120,0.14966230769230773
SCSO,ColonCancer,4,4,150,0.14966230769230773
SCSO,ColonCancer,4,5,180,0.14966230769230773
SCSO,ColonCancer,4,6,210,0.14966230769230773
SCSO,ColonCancer,4,7,240,0.14966230769230773
SCSO,ColonCancer,4,8,270,0.14966230769230773
SCSO,ColonCancer,4,9,300,0.14966230769230773
SCSO,ColonCancer,4,10,330,0.14966230769230773
SCSO,ColonCancer,4,11,360,0.14966230769230773
SCSO,ColonCancer,4,12,390,0.14966230769230773
SCSO,ColonCancer,4,13,420,0.14966230769230773
SCSO,ColonCancer,4,14,450,0.14966230769230773
SCSO,ColonCancer,4,15,480,0.14966230769230773
SCSO,ColonCancer,4,16,510,0.14966230769230773
SCSO,ColonCancer,4,17,540,0.14966230769230773
SCSO,ColonCancer,4,18,570,0.14966230769230773
SCSO,ColonCancer,4,19,600,0.14966230769230773
SCSO,ColonCancer,4,20,630,0.14966230769230773
SCSO,ColonCancer,4,21,660,0.14966230769230773
SCSO,ColonCancer,4,22,690,0.14966230769230773
SCSO,ColonCancer,4,23,720,0.14966230769230773
SCSO,ColonCancer,4,24,750,0.14966230769230773
SCSO,ColonCancer,4,25,780,0.14966230769230773
SCSO,ColonCancer,4,26,810,0.14966230769230773
SCSO,ColonCancer,4,27,840,0.14966230769230773
SCSO,ColonCancer,4,28,870,0.14966230769230773
SCSO,ColonCancer,4,29,900,0.14966230769230773
SCSO,ColonCancer,4,30,930,0.14966230769230773
SCSO,ColonCancer,4,31,960,0.14966230769230773
SCSO,ColonCancer,4,32,990,0.14966230769230773
SCSO,ColonCancer,4,33,1020,0.14966230769230773
SCSO,ColonCancer,4,34,1050,0.14966230769230773
SCSO,ColonCancer,4,35,1080,0.14966230769230773
SCSO,ColonCancer,4,36,1110,0.14966230769230773
SCSO,ColonCancer,4,37,1140,0.14966230769230773
SCSO,ColonCancer,4,38,1170,0.14966230769230773
SCSO,ColonCancer,4,39,1200,0.14966230769230773
SCSO,ColonCancer,4,40,1230,0.14966230769230773
SCSO,ColonCancer,4,41,1260,0.14966230769230773
SCSO,ColonCancer,4,42,1290,0.14966230769230773
SCSO,ColonCancer,4,43,1320,0.14966230769230773
SCSO,ColonCancer,4,44,1350,0.14966230769230773
SCSO,ColonCancer,4,45,1380,0.14966230769230773
SCSO,ColonCancer,4,46,1410,0.14966230769230773
SCSO,ColonCancer,4,47,1440,0.14966230769230773
SCSO,ColonCancer,4,48,1470,0.14966230769230773
SCSO,ColonCancer,4,49,1500,0.14966230769230773
SCSO,ColonCancer,4,50,1530,0.14966230769230773
SCSO,ColonCancer,4,51,1560,0.14966230769230773
SCSO,ColonCancer,4,52,1590,0.14966230769230773
SCSO,ColonCancer,4,53,1620,0.14966230769230773
SCSO,ColonCancer,4,54,1650,0.14966230769230773
SCSO,ColonCancer,4,55,1680,0.14966230769230773
SCSO,ColonCancer,4,56,1710,0.14966230769230773
SCSO,ColonCancer,4,57,1740,0.14966230769230773
SCSO,ColonCancer,4,58,1770,0.14966230769230773
SCSO,ColonCancer,4,59,1800,0.14966230769230773
SCSO,ColonCancer,4,60,1830,0.14966230769230773
SCSO,ColonCancer,4,61,1860,0.14966230769230773
SCSO,ColonCancer,4,62,1890,0.14966230769230773
SCSO,ColonCancer,4,63,1920,0.14966230769230773
SCSO,ColonCancer,4,64,1950,0.14966230769230773
SCSO,ColonCancer,4,65,1980,0.14966230769230773
SCSO,ColonCancer,4,66,2010,0.14966230769230773
SCSO,ColonCancer,4,67,2040,0.14966230769230773
SCSO,ColonCancer,4,68,2070,0.14966230769230773
SCSO,ColonCancer,4,69,2100,0.14966230769230773
SCSO,ColonCancer,4,70,2130,0.14966230769230773
SCSO,ColonCancer,4,71,2160,0.14966230769230773
SCSO,ColonCancer,4,72,2190,0.14966230769230773
SCSO,ColonCancer,4,73,2220,0.14966230769230773
SCSO,ColonCancer,4,74,2250,0.14966230769230773
SCSO,ColonCancer,4,75,2280,0.14966230769230773
SCSO,ColonCancer,4,76,2310,0.13570576923076932
SCSO,ColonCancer,4,77,2340,0.13570576923076932
SCSO,ColonCancer,4,78,2370,0.13570576923076932
SCSO,ColonCancer,4,79,2400,0.13570576923076932
SCSO,ColonCancer,4,80,2430,0.13570576923076932
SCSO,ColonCancer,4,81,2460,0.13570576923076932
SCSO,ColonCancer,4,82,2490,0.13570576923076932
SCSO,ColonCancer,4,83,2520,0.13570576923076932
SCSO,ColonCancer,4,84,2550,0.13570576923076932
SCSO,ColonCancer,4,85,2580,0.13570576923076932
SCSO,ColonCancer,4,86,2610,0.13570576923076932
SCSO,ColonCancer,4,87,2640,0.13570576923076932
SCSO,ColonCancer,4,88,2670,0.13570576923076932
SCSO,ColonCancer,4,89,2700,0.13570576923076932
SCSO,ColonCancer,4,90,2730,0.13570576923076932
SCSO,ColonCancer,4,91,2760,0.13570576923076932
SCSO,ColonCancer,4,92,2790,0.13570576923076932
SCSO,ColonCancer,4,93,2820,0.13570576923076932
SCSO,ColonCancer,4,94,2850,0.13570576923076932
SCSO,ColonCancer,4,95,2880,0.13570576923076932
SCSO,ColonCancer,4,96,2910,0.13570576923076932
SCSO,ColonCancer,4,97,2940,0.13570576923076932
SCSO,ColonCancer,4,98,2970,0.13570576923076932
SCSO,ColonCancer,4,99,3000,0.13570576923076932
SCSO,ColonCancer,4,100,3030,0.13570576923076932
SCSO,ColonCancer,4,101,3060,0.13570576923076932
SCSO,ColonCancer,4,102,3090,0.13570576923076932
SCSO,ColonCancer,4,103,3120,0.13570576923076932
SCSO,ColonCancer,4,104,3150,0.13570576923076932
SCSO,ColonCancer,4,105,3180,0.13570576923076932
SCSO,ColonCancer,4,106,3210,0.13570576923076932
SCSO,ColonCancer,4,107,3240,0.13570576923076932
SCSO,ColonCancer,4,108,3270,0.13570576923076932
SCSO,ColonCancer,4,109,3300,0.13570576923076932
SCSO,ColonCancer,4,110,3330,0.13570576923076932
SCSO,ColonCancer,4,111,3360,0.13570576923076932
SCSO,ColonCancer,4,112,3390,0.13570576923076932
SCSO,ColonCancer,4,113,3420,0.13570576923076932
SCSO,ColonCancer,4,114,3450,0.13570576923076932
SCSO,ColonCancer,4,115,3480,0.13570576923076932
SCSO,ColonCancer,4,116,3510,0.13570576923076932
SCSO,ColonCancer,4,117,3540,0.13570576923076932
SCSO,ColonCancer,4,118,3570,0.13570576923076932
SCSO,ColonCancer,4,119,3600,0.13570576923076932
SCSO,ColonCancer,4,120,3630,0.13570576923076932
SCSO,ColonCancer,4,121,3660,0.13570576923076932
SCSO,ColonCancer,4,122,3690,0.13570576923076932
SCSO,ColonCancer,4,123,3720,0.13570576923076932
SCSO,ColonCancer,4,124,3750,0.13570576923076932
SCSO,ColonCancer,4,125,3780,0.13570576923076932
SCSO,ColonCancer,4,126,3810,0.13570576923076932
SCSO,ColonCancer,4,127,3840,0.13565576923076933
SCSO,ColonCancer,4,128,3870,0.13565576923076933
SCSO,ColonCancer,4,129,3900,0.13565576923076933
SCSO,ColonCancer,4,130,3930,0.13565576923076933
SCSO,ColonCancer,4,131,3960,0.13565576923076933
SCSO,ColonCancer,4,132,3990,0.13565576923076933
SCSO,ColonCancer,4,133,4020,0.13565576923076933
SCSO,ColonCancer,4,134,4050,0.13565576923076933
SCSO,ColonCancer,4,135,4080,0.13565576923076933
SCSO,ColonCancer,4,136,4110,0.13565576923076933
SCSO,ColonCancer,4,137,4140,0.13565576923076933
SCSO,ColonCancer,4,138,4170,0.13565576923076933
SCSO,ColonCancer,4,139,4200,0.13565576923076933
SCSO,ColonCancer,4,140,4230,0.13565576923076933
SCSO,ColonCancer,4,141,4260,0.13565576923076933
SCSO,ColonCancer,4,142,4290,0.13565576923076933
SCSO,ColonCancer,4,143,4320,0.13565576923076933
SCSO,ColonCancer,4,144,4350,0.13565576923076933
SCSO,ColonCancer,4,145,4380,0.13565576923076933
SCSO,ColonCancer,4,146,4410,0.13565576923076933
SCSO,ColonCancer,4,147,4440,0.13565576923076933
SCSO,ColonCancer,4,148,4470,0.13565576923076933
SCSO,ColonCancer,4,149,4500,0.13565576923076933
SCSO,ColonCancer,4,150,4530,0.13565576923076933
SCSO,ColonCancer,4,151,4560,0.13565576923076933
SCSO,ColonCancer,4,152,4590,0.13565576923076933
SCSO,ColonCancer,4,153,4620,0.13565576923076933
SCSO,ColonCancer,4,154,4650,0.13565576923076933
SCSO,ColonCancer,4,155,4680,0.13565576923076933
SCSO,ColonCancer,4,156,4710,0.13565576923076933
SCSO,ColonCancer,4,157,4740,0.13565576923076933
SCSO,ColonCancer,4,158,4770,0.13565576923076933
SCSO,ColonCancer,4,159,4800,0.13565576923076933
SCSO,ColonCancer,4,160,4830,0.13565576923076933
SCSO,ColonCancer,4,161,4860,0.13565576923076933
SCSO,ColonCancer,4,162,4890,0.13565576923076933
SCSO,ColonCancer,4,163,4920,0.13437153846153832
SCSO,ColonCancer,4,164,4950,0.13437153846153832
SCSO,ColonCancer,4,165,4980,0.13437153846153832
SCSO,ColonCancer,4,166,5010,0.13437153846153832
SCSO,ColonCancer,4,167,5040,0.13437153846153832
SCSO,ColonCancer,4,168,5070,0.13437153846153832
SCSO,ColonCancer,4,169,5100,0.13437153846153832
SCSO,ColonCancer,4,170,5130,0.13437153846153832
SCSO,ColonCancer,4,171,5160,0.13437153846153832
SCSO,ColonCancer,4,172,5190,0.13437153846153832
SCSO,ColonCancer,4,173,5220,0.13437153846153832
SCSO,ColonCancer,4,174,5250,0.13437153846153832
SCSO,ColonCancer,4,175,5280,0.13437153846153832
SCSO,ColonCancer,4,176,5310,0.13437153846153832
SCSO,ColonCancer,4,177,5340,0.13437153846153832
SCSO,ColonCancer,4,178,5370,0.13437153846153832
SCSO,ColonCancer,4,179,5400,0.13437153846153832
SCSO,ColonCancer,4,180,5430,0.13437153846153832
SCSO,ColonCancer,4,181,5460,0.13437153846153832
SCSO,ColonCancer,4,182,5490,0.13437153846153832
SCSO,ColonCancer,4,183,5520,0.13437153846153832
SCSO,ColonCancer,4,184,5550,0.13437153846153832
SCSO,ColonCancer,4,185,5580,0.13437153846153832
SCSO,ColonCancer,4,186,5610,0.13437153846153832
SCSO,ColonCancer,4,187,5640,0.13437153846153832
SCSO,ColonCancer,4,188,5670,0.13437153846153832
SCSO,ColonCancer,4,189,5700,0.13437153846153832
SCSO,ColonCancer,4,190,5730,0.13437153846153832
SCSO,ColonCancer,4,191,5760,0.13437153846153832
SCSO,ColonCancer,4,192,5790,0.13437153846153832
SCSO,ColonCancer,4,193,5820,0.13437153846153832
SCSO,ColonCancer,4,194,5850,0.13437153846153832
SCSO,ColonCancer,4,195,5880,0.13437153846153832
SCSO,ColonCancer,4,196,5910,0.13437153846153832
SCSO,ColonCancer,4,197,5940,0.13437153846153832
SCSO,ColonCancer,4,198,5970,0.13437153846153832
SCSO,ColonCancer,4,199,6000,0.13437153846153832
SCSO,ColonCancer,4,200,6030,0.13437153846153832
SCSO,ColonCancer,4,201,6060,0.13437153846153832
SCSO,ColonCancer,4,202,6090,0.13437153846153832
SCSO,ColonCancer,4,203,6120,0.13437153846153832
SCSO,ColonCancer,4,204,6150,0.13437153846153832
SCSO,ColonCancer,4,205,6180,0.13437153846153832
SCSO,ColonCancer,4,206,6210,0.13437153846153832
SCSO,ColonCancer,4,207,6240,0.13437153846153832
SCSO,ColonCancer,4,208,6270,0.13437153846153832
SCSO,ColonCancer,4,209,6300,0.13437153846153832
SCSO,ColonCancer,4,210,6330,0.13437153846153832
SCSO,ColonCancer,4,211,6360,0.13437153846153832
SCSO,ColonCancer,4,212,6390,0.13437153846153832
SCSO,ColonCancer,4,213,6420,0.13437153846153832
SCSO,ColonCancer,4,214,6450,0.13437153846153832
SCSO,ColonCancer,4,215,6480,0.13437153846153832
SCSO,ColonCancer,4,216,6510,0.13437153846153832
SCSO,ColonCancer,4,217,6540,0.13437153846153832
SCSO,ColonCancer,4,218,6570,0.13437153846153832
SCSO,ColonCancer,4,219,6600,0.13437153846153832
SCSO,ColonCancer,4,220,6630,0.13437153846153832
SCSO,ColonCancer,4,221,6660,0.13437153846153832
SCSO,ColonCancer,4,222,6690,0.13437153846153832
SCSO,ColonCancer,4,223,6720,0.13437153846153832
SCSO,ColonCancer,4,224,6750,0.13437153846153832
SCSO,ColonCancer,4,225,6780,0.13437153846153832
SCSO,ColonCancer,4,226,6810,0.13437153846153832
SCSO,ColonCancer,4,227,6840,0.13437153846153832
SCSO,ColonCancer,4,228,6870,0.13437153846153832
SCSO,ColonCancer,4,229,6900,0.13437153846153832
SCSO,ColonCancer,4,230,6930,0.13437153846153832
SCSO,ColonCancer,4,231,6960,0.13437153846153832
SCSO,ColonCancer,4,232,6990,0.13437153846153832
SCSO,ColonCancer,4,233,7020,0.13437153846153832
SCSO,ColonCancer,4,234,7050,0.13437153846153832
SCSO,ColonCancer,4,235,7080,0.13437153846153832
SCSO,ColonCancer,4,236,7110,0.13437153846153832
SCSO,ColonCancer,4,237,7140,0.13437153846153832
SCSO,ColonCancer,4,238,7170,0.13437153846153832
SCSO,ColonCancer,4,239,7200,0.13437153846153832
SCSO,ColonCancer,4,240,7230,0.13437153846153832
SCSO,ColonCancer,4,241,7260,0.13437153846153832
SCSO,ColonCancer,4,242,7290,0.13437153846153832
SCSO,ColonCancer,4,243,7320,0.13437153846153832
SCSO,ColonCancer,4,244,7350,0.13422653846153831
SCSO,ColonCancer,4,245,7380,0.13422653846153831
SCSO,ColonCancer,4,246,7410,0.13422653846153831
SCSO,ColonCancer,4,247,7440,0.13422653846153831
SCSO,ColonCancer,4,248,7470,0.13422653846153831
SCSO,ColonCancer,4,249,7500,0.13422653846153831
SCSO,ColonCancer,4,250,7530,0.13422653846153831
SCSO,ColonCancer,4,251,7560,0.13422653846153831
SCSO,ColonCancer,4,252,7590,0.13422653846153831
SCSO,ColonCancer,4,253,7620,0.13422653846153831
SCSO,ColonCancer,4,254,7650,0.13422653846153831
SCSO,ColonCancer,4,255,7680,0.13422653846153831
SCSO,ColonCancer,4,256,7710,0.13422653846153831
SCSO,ColonCancer,4,257,7740,0.13422653846153831
SCSO,ColonCancer,4,258,7770,0.13422653846153831
SCSO,ColonCancer,4,259,7800,0.13422653846153831
SCSO,ColonCancer,4,260,7830,0.13422653846153831
SCSO,ColonCancer,4,261,7860,0.13422653846153831
SCSO,ColonCancer,4,262,7890,0.13422653846153831
SCSO,ColonCancer,4,263,7920,0.13422653846153831
SCSO,ColonCancer,4,264,7950,0.13422653846153831
SCSO,ColonCancer,4,265,7980,0.13422653846153831
SCSO,ColonCancer,4,266,8010,0.13422653846153831
SCSO,ColonCancer,4,267,8040,0.13422653846153831
SCSO,ColonCancer,4,268,8070,0.13422653846153831
SCSO,ColonCancer,4,269,8100,0.13422653846153831
SCSO,ColonCancer,4,270,8130,0.13422653846153831
SCSO,ColonCancer,4,271,8160,0.13422653846153831
SCSO,ColonCancer,4,272,8190,0.13422653846153831
SCSO,ColonCancer,4,273,8220,0.13422653846153831
SCSO,ColonCancer,4,274,8250,0.13422653846153831
SCSO,ColonCancer,4,275,8280,0.13422653846153831
SCSO,ColonCancer,4,276,8310,0.13422653846153831
SCSO,ColonCancer,4,277,8340,0.13422653846153831
SCSO,ColonCancer,4,278,8370,0.13422653846153831
SCSO,ColonCancer,4,279,8400,0.13422653846153831
SCSO,ColonCancer,4,280,8430,0.13422653846153831
SCSO,ColonCancer,4,281,8460,0.13422653846153831
SCSO,ColonCancer,4,282,8490,0.13422653846153831
SCSO,ColonCancer,4,283,8520,0.13422653846153831
SCSO,ColonCancer,4,284,8550,0.13422653846153831
SCSO,ColonCancer,4,285,8580,0.13422653846153831
SCSO,ColonCancer,4,286,8610,0.13422653846153831
SCSO,ColonCancer,4,287,8640,0.13422653846153831
SCSO,ColonCancer,4,288,8670,0.13422653846153831
SCSO,ColonCancer,4,289,8700,0.13422653846153831
SCSO,ColonCancer,4,290,8730,0.13422653846153831
SCSO,ColonCancer,4,291,8760,0.13422653846153831
SCSO,ColonCancer,4,292,8790,0.13422653846153831
SCSO,ColonCancer,4,293,8820,0.13422653846153831
SCSO,ColonCancer,4,294,8850,0.13422653846153831
SCSO,ColonCancer,4,295,8880,0.13422653846153831
SCSO,ColonCancer,4,296,8910,0.13422653846153831
SCSO,ColonCancer,4,297,8940,0.13422653846153831
SCSO,ColonCancer,4,298,8970,0.13422653846153831
SCSO,ColonCancer,4,299,9000,0.13422653846153831
SCSO,ColonCancer,4,300,9030,0.13422653846153831
SCSO,ColonCancer,4,301,9060,0.13422653846153831
SCSO,ColonCancer,4,302,9090,0.13422653846153831
SCSO,ColonCancer,4,303,9120,0.13422653846153831
SCSO,ColonCancer,4,304,9150,0.13422653846153831
SCSO,ColonCancer,4,305,9180,0.13422653846153831
SCSO,ColonCancer,4,306,9210,0.13422653846153831
SCSO,ColonCancer,4,307,9240,0.13422653846153831
SCSO,ColonCancer,4,308,9270,0.13422653846153831
SCSO,ColonCancer,4,309,9300,0.13422653846153831
SCSO,ColonCancer,4,310,9330,0.13422653846153831
SCSO,ColonCancer,4,311,9360,0.13422653846153831
SCSO,ColonCancer,4,312,9390,0.13422653846153831
SCSO,ColonCancer,4,313,9420,0.13422653846153831
SCSO,ColonCancer,4,314,9450,0.13422653846153831
SCSO,ColonCancer,4,315,9480,0.13422653846153831
SCSO,ColonCancer,4,316,9510,0.13422653846153831
SCSO,ColonCancer,4,317,9540,0.13422653846153831
SCSO,ColonCancer,4,318,9570,0.13422653846153831
SCSO,ColonCancer,4,319,9600,0.13422653846153831
SCSO,ColonCancer,4,320,9630,0.13422653846153831
SCSO,ColonCancer,4,321,9660,0.13422653846153831
SCSO,ColonCancer,4,322,9690,0.13422653846153831
SCSO,ColonCancer,4,323,9720,0.13422653846153831
SCSO,ColonCancer,4,324,9750,0.13422653846153831
SCSO,ColonCancer,4,325,9780,0.13422653846153831
SCSO,ColonCancer,4,326,9810,0.13422653846153831
SCSO,ColonCancer,4,327,9840,0.13422653846153831
SCSO,ColonCancer,4,328,9870,0.13422653846153831
SCSO,ColonCancer,4,329,9900,0.13422653846153831
SCSO,ColonCancer,4,330,9930,0.13422653846153831
SCSO,ColonCancer,4,331,9960,0.13422653846153831
SCSO,ColonCancer,4,332,9990,0.13422653846153831
SCSO,ColonCancer,4,333,10020,0.13422653846153831
SCSO,ColonCancer,4,334,10050,0.13422653846153831
SCSO,ColonCancer,4,335,10080,0.13422653846153831
SCSO,ColonCancer,4,336,10110,0.13422653846153831
SCSO,ColonCancer,4,337,10140,0.13422653846153831
SCSO,ColonCancer,4,338,10170,0.13422653846153831
SCSO,ColonCancer,4,339,10200,0.13422653846153831
SCSO,ColonCancer,4,340,10230,0.13422653846153831
SCSO,ColonCancer,4,341,10260,0.13422653846153831
SCSO,ColonCancer,4,342,10290,0.13422653846153831
SCSO,ColonCancer,4,343,10320,0.13422653846153831
SCSO,ColonCancer,4,344,10350,0.13422653846153831
SCSO,ColonCancer,4,345,10380,0.13422653846153831
SCSO,ColonCancer,4,346,10410,0.13422653846153831
SCSO,ColonCancer,4,347,10440,0.13422653846153831
SCSO,ColonCancer,4,348,10470,0.13422653846153831
SCSO,ColonCancer,4,349,10500,0.13422653846153831
SCSO,ColonCancer,4,350,10530,0.13422653846153831
SCSO,ColonCancer,4,351,10560,0.13422653846153831
SCSO,ColonCancer,4,352,10590,0.13422653846153831
SCSO,ColonCancer,4,353,10620,0.13422653846153831
SCSO,ColonCancer,4,354,10650,0.13422653846153831
SCSO,ColonCancer,4,355,10680,0.13422653846153831
SCSO,ColonCancer,4,356,10710,0.13422653846153831
SCSO,ColonCancer,4,357,10740,0.13422653846153831
SCSO,ColonCancer,4,358,10770,0.13422653846153831
SCSO,ColonCancer,4,359,10800,0.13422653846153831
SCSO,ColonCancer,4,360,10830,0.13422653846153831
SCSO,ColonCancer,4,361,10860,0.13422653846153831
SCSO,ColonCancer,4,362,10890,0.13422653846153831
SCSO,ColonCancer,4,363,10920,0.13422653846153831
SCSO,ColonCancer,4,364,10950,0.13422653846153831
SCSO,ColonCancer,4,365,10980,0.13422653846153831
SCSO,ColonCancer,4,366,11010,0.13422653846153831
SCSO,ColonCancer,4,367,11040,0.13422653846153831
SCSO,ColonCancer,4,368,11070,0.13422653846153831
SCSO,ColonCancer,4,369,11100,0.13422653846153831
SCSO,ColonCancer,4,370,11130,0.13422653846153831
SCSO,ColonCancer,4,371,11160,0.13422653846153831
SCSO,ColonCancer,4,372,11190,0.13422653846153831
SCSO,ColonCancer,4,373,11220,0.13422653846153831
SCSO,ColonCancer,4,374,11250,0.13422653846153831
SCSO,ColonCancer,4,375,11280,0.13422653846153831
SCSO,ColonCancer,4,376,11310,0.13422653846153831
SCSO,ColonCancer,4,377,11340,0.13422653846153831
SCSO,ColonCancer,4,378,11370,0.13422653846153831
SCSO,ColonCancer,4,379,11400,0.13422653846153831
SCSO,ColonCancer,4,380,11430,0.13422653846153831
SCSO,ColonCancer,4,381,11460,0.13422653846153831
SCSO,ColonCancer,4,382,11490,0.13422653846153831
SCSO,ColonCancer,4,383,11520,0.13422653846153831
SCSO,ColonCancer,4,384,11550,0.13422653846153831
SCSO,ColonCancer,4,385,11580,0.13422653846153831
SCSO,ColonCancer,4,386,11610,0.13422653846153831
SCSO,ColonCancer,4,387,11640,0.13422653846153831
SCSO,ColonCancer,4,388,11670,0.13422653846153831
SCSO,ColonCancer,4,389,11700,0.13422653846153831
SCSO,ColonCancer,4,390,11730,0.13422653846153831
SCSO,ColonCancer,4,391,11760,0.13422653846153831
SCSO,ColonCancer,4,392,11790,0.13422653846153831
SCSO,ColonCancer,4,393,11820,0.13422653846153831
SCSO,ColonCancer,4,394,11850,0.13422653846153831
SCSO,ColonCancer,4,395,11880,0.13422653846153831
SCSO,ColonCancer,4,396,11910,0.13422653846153831
SCSO,ColonCancer,4,397,11940,0.13422653846153831
SCSO,ColonCancer,4,398,11970,0.13422653846153831
SCSO,ColonCancer,4,399,12000,0.13422653846153831
SCSO,ColonCancer,4,400,12030,0.13422653846153831
SCSO,ColonCancer,4,401,12060,0.13422653846153831
SCSO,ColonCancer,4,402,12090,0.13422653846153831
SCSO,ColonCancer,4,403,12120,0.13422653846153831
SCSO,ColonCancer,4,404,12150,0.13422653846153831
SCSO,ColonCancer,4,405,12180,0.13422653846153831
SCSO,ColonCancer,4,406,12210,0.13422653846153831
SCSO,ColonCancer,4,407,12240,0.13422653846153831
SCSO,ColonCancer,4,408,12270,0.13422653846153831
SCSO,ColonCancer,4,409,12300,0.13422653846153831
SCSO,ColonCancer,4,410,12330,0.13422653846153831
SCSO,ColonCancer,4,411,12360,0.13422653846153831
SCSO,ColonCancer,4,412,12390,0.13422653846153831
SCSO,ColonCancer,4,413,12420,0.13422653846153831
SCSO,ColonCancer,4,414,12450,0.13422653846153831
SCSO,ColonCancer,4,415,12480,0.13422653846153831
SCSO,ColonCancer,4,416,12510,0.13422653846153831
SCSO,ColonCancer,4,417,12540,0.13422653846153831
SCSO,ColonCancer,4,418,12570,0.13422653846153831
SCSO,ColonCancer,4,419,12600,0.13422653846153831
SCSO,ColonCancer,4,420,12630,0.13422653846153831
SCSO,ColonCancer,4,421,12660,0.13422653846153831
SCSO,ColonCancer,4,422,12690,0.13422653846153831
SCSO,ColonCancer,4,423,12720,0.13422653846153831
SCSO,ColonCancer,4,424,12750,0.13422653846153831
SCSO,ColonCancer,4,425,12780,0.13422653846153831
SCSO,ColonCancer,4,426,12810,0.13422653846153831
SCSO,ColonCancer,4,427,12840,0.13422653846153831
SCSO,ColonCancer,4,428,12870,0.13422653846153831
SCSO,ColonCancer,4,429,12900,0.13422653846153831
SCSO,ColonCancer,4,430,12930,0.13422653846153831
SCSO,ColonCancer,4,431,12960,0.13422653846153831
SCSO,ColonCancer,4,432,12990,0.13422653846153831
SCSO,ColonCancer,4,433,13020,0.13422653846153831
SCSO,ColonCancer,4,434,13050,0.13422653846153831
SCSO,ColonCancer,4,435,13080,0.13422653846153831
SCSO,ColonCancer,4,436,13110,0.13422653846153831
SCSO,ColonCancer,4,437,13140,0.13422653846153831
SCSO,ColonCancer,4,438,13170,0.13422653846153831
SCSO,ColonCancer,4,439,13200,0.13422653846153831
SCSO,ColonCancer,4,440,13230,0.13422653846153831
SCSO,ColonCancer,4,441,13260,0.13422653846153831
SCSO,ColonCancer,4,442,13290,0.13422653846153831
SCSO,ColonCancer,4,443,13320,0.13422653846153831
SCSO,ColonCancer,4,444,13350,0.13422653846153831
SCSO,ColonCancer,4,445,13380,0.13422653846153831
SCSO,ColonCancer,4,446,13410,0.13422653846153831
SCSO,ColonCancer,4,447,13440,0.13422653846153831
SCSO,ColonCancer,4,448,13470,0.13422653846153831
SCSO,ColonCancer,4,449,13500,0.13422653846153831
SCSO,ColonCancer,4,450,13530,0.13422653846153831
SCSO,ColonCancer,4,451,13560,0.13422653846153831
SCSO,ColonCancer,4,452,13590,0.13422653846153831
SCSO,ColonCancer,4,453,13620,0.13422653846153831
SCSO,ColonCancer,4,454,13650,0.13422653846153831
SCSO,ColonCancer,4,455,13680,0.13422653846153831
SCSO,ColonCancer,4,456,13710,0.13422653846153831
SCSO,ColonCancer,4,457,13740,0.13422653846153831
SCSO,ColonCancer,4,458,13770,0.13422653846153831
SCSO,ColonCancer,4,459,13800,0.13422653846153831
SCSO,ColonCancer,4,460,13830,0.13422653846153831
SCSO,ColonCancer,4,461,13860,0.13422653846153831
SCSO,ColonCancer,4,462,13890,0.13422653846153831
SCSO,ColonCancer,4,463,13920,0.13422653846153831
SCSO,ColonCancer,4,464,13950,0.13422653846153831
SCSO,ColonCancer,4,465,13980,0.13422653846153831
SCSO,ColonCancer,4,466,14010,0.13422653846153831
SCSO,ColonCancer,4,467,14040,0.13422653846153831
SCSO,ColonCancer,4,468,14070,0.13422653846153831
SCSO,ColonCancer,4,469,14100,0.13422653846153831
SCSO,ColonCancer,4,470,14130,0.13422653846153831
SCSO,ColonCancer,4,471,14160,0.13422653846153831
SCSO,ColonCancer,4,472,14190,0.13422653846153831
SCSO,ColonCancer,4,473,14220,0.13422653846153831
SCSO,ColonCancer,4,474,14250,0.13422653846153831
SCSO,ColonCancer,4,475,14280,0.13422653846153831
SCSO,ColonCancer,4,476,14310,0.13422653846153831
SCSO,ColonCancer,4,477,14340,0.13422653846153831
SCSO,ColonCancer,4,478,14370,0.13422653846153831
SCSO,ColonCancer,4,479,14400,0.13422653846153831
SCSO,ColonCancer,4,480,14430,0.13422653846153831
SCSO,ColonCancer,4,481,14460,0.13422653846153831
SCSO,ColonCancer,4,482,14490,0.13422653846153831
SCSO,ColonCancer,4,483,14520,0.13422653846153831
SCSO,ColonCancer,4,484,14550,0.13422653846153831
SCSO,ColonCancer,4,485,14580,0.13422653846153831
SCSO,ColonCancer,4,486,14610,0.13422653846153831
SCSO,ColonCancer,4,487,14640,0.13422653846153831
SCSO,ColonCancer,4,488,14670,0.13422653846153831
SCSO,ColonCancer,4,489,14700,0.13422653846153831
SCSO,ColonCancer,4,490,14730,0.13422653846153831
SCSO,ColonCancer,4,491,14760,0.13422653846153831
SCSO,ColonCancer,4,492,14790,0.13422653846153831
SCSO,ColonCancer,4,493,14820,0.13422653846153831
SCSO,ColonCancer,4,494,14850,0.13422653846153831
SCSO,ColonCancer,4,495,14880,0.13422653846153831
SCSO,ColonCancer,4,496,14910,0.13422653846153831
SCSO,ColonCancer,4,497,14940,0.13422653846153831
SCSO,ColonCancer,4,498,14970,0.13422653846153831
SCSO,ColonCancer,4,499,15000,0.13422653846153831
SCSO,WDBC,4,0,30,0.036642602080422255
SCSO,WDBC,4,1,60,0.035657972364539686
SCSO,WDBC,4,2,90,0.035657972364539686
SCSO,WDBC,4,3,120,0.035657972364539686
SCSO,WDBC,4,4,150,0.03389038969104187
SCSO,WDBC,4,5,180,0.03355705635770854
SCSO,WDBC,4,6,210,0.03355705635770854
SCSO,WDBC,4,7,240,0.03285095482068014
SCSO,WDBC,4,8,270,0.03285095482068014
SCSO,WDBC,4,9,300,0.03285095482068014
SCSO,WDBC,4,10,330,0.03285095482068014
SCSO,WDBC,4,11,360,0.03282021425244538
SCSO,WDBC,4,12,390,0.03213817730166127
SCSO,WDBC,4,13,420,0.03213817730166127
SCSO,WDBC,4,14,450,0.03213817730166127
SCSO,WDBC,4,15,480,0.03213817730166127
SCSO,WDBC,4,16,510,0.03213817730166127
SCSO,WDBC,4,17,540,0.03213817730166127
SCSO,WDBC,4,18,570,0.03213817730166127
SCSO,WDBC,4,19,600,0.03213817730166127
SCSO,WDBC,4,20,630,0.03213817730166127
SCSO,WDBC,4,21,660,0.03213817730166127
SCSO,WDBC,4,22,690,0.03213817730166127
SCSO,WDBC,4,23,720,0.03213817730166127
SCSO,WDBC,4,24,750,0.03213817730166127
SCSO,WDBC,4,25,780,0.03213817730166127
SCSO,WDBC,4,26,810,0.03213817730166127
SCSO,WDBC,4,27,840,0.03213817730166127
SCSO,WDBC,4,28,870,0.03213817730166127
SCSO,WDBC,4,29,900,0.03213817730166127
SCSO,WDBC,4,30,930,0.03213817730166127
SCSO,WDBC,4,31,960,0.0300833721471821
SCSO,WDBC,4,32,990,0.0300833721471821
SCSO,WDBC,4,33,1020,0.0300833721471821
SCSO,WDBC,4,34,1050,0.0300833721471821
SCSO,WDBC,4,35,1080,0.0300833721471821
SCSO,WDBC,4,36,1110,0.0300833721471821
SCSO,WDBC,4,37,1140,0.0300833721471821
SCSO,WDBC,4,38,1170,0.0300833721471821
SCSO,WDBC,4,39,1200,0.0300833721471821
SCSO,WDBC,4,40,1230,0.0300833721471821
SCSO,WDBC,4,41,1260,0.0300833721471821
SCSO,WDBC,4,42,1290,0.0300833721471821
SCSO,WDBC,4,43,1320,0.0300833721471821
SCSO,WDBC,4,44,1350,0.0300833721471821
SCSO,WDBC,4,45,1380,0.0300833721471821
SCSO,WDBC,4,46,1410,0.0300833721471821
SCSO,WDBC,4,47,1440,0.0300833721471821
SCSO,WDBC,4,48,1470,0.0300833721471821
SCSO,WDBC,4,49,1500,0.0300833721471821
SCSO,WDBC,4,50,1530,0.0300833721471821
SCSO,WDBC,4,51,1560,0.0300833721471821
SCSO,WDBC,4,52,1590,0.0300833721471821
SCSO,WDBC,4,53,1620,0.0300833721471821
SCSO,WDBC,4,54,1650,0.0300833721471821
SCSO,WDBC,4,55,1680,0.0300833721471821
SCSO,WDBC,4,56,1710,0.0300833721471821
SCSO,WDBC,4,57,1740,0.0300833721471821
SCSO,WDBC,4,58,1770,0.0300833721471821
SCSO,WDBC,4,59,1800,0.0300833721471821
SCSO,WDBC,4,60,1830,0.0300833721471821
SCSO,WDBC,4,61,1860,0.0300833721471821
SCSO,WDBC,4,62,1890,0.0300833721471821
SCSO,WDBC,4,63,1920,0.0300833721471821
SCSO,WDBC,4,64,1950,0.0300833721471821
SCSO,WDBC,4,65,1980,0.0300833721471821
SCSO,WDBC,4,66,2010,0.0300833721471821
SCSO,WDBC,4,67,2040,0.0300833721471821
SCSO,WDBC,4,68,2070,0.0300833721471821
SCSO,WDBC,4,69,2100,0.0300833721471821
SCSO,WDBC,4,70,2130,0.0300833721471821
SCSO,WDBC,4,71,2160,0.0300833721471821
SCSO,WDBC,4,72,2190,0.0300833721471821
SCSO,WDBC,4,73,2220,0.0300833721471821
SCSO,WDBC,4,74,2250,0.0300833721471821
SCSO,WDBC,4,75,2280,0.0300833721471821
SCSO,WDBC,4,76,2310,0.0300833721471821
SCSO,WDBC,4,77,2340,0.0300833721471821
SCSO,WDBC,4,78,2370,0.0300833721471821
SCSO,WDBC,4,79,2400,0.0300833721471821
SCSO,WDBC,4,80,2430,0.0300833721471821
SCSO,WDBC,4,81,2460,0.0300833721471821
SCSO,WDBC,4,82,2490,0.0300833721471821
SCSO,WDBC,4,83,2520,0.0300833721471821
SCSO,WDBC,4,84,2550,0.0300833721471821
SCSO,WDBC,4,85,2580,0.0300833721471821
SCSO,WDBC,4,86,2610,0.0300833721471821
SCSO,WDBC,4,87,2640,0.0300833721471821
SCSO,WDBC,4,88,2670,0.0300833721471821
SCSO,WDBC,4,89,2700,0.0300833721471821
SCSO,WDBC,4,90,2730,0.0300833721471821
SCSO,WDBC,4,91,2760,0.0300833721471821
SCSO,WDBC,4,92,2790,0.0300833721471821
SCSO,WDBC,4,93,2820,0.0300833721471821
SCSO,WDBC,4,94,2850,0.0300833721471821
SCSO,WDBC,4,95,2880,0.0300833721471821
SCSO,WDBC,4,96,2910,0.0300833721471821
SCSO,WDBC,4,97,2940,0.0300833721471821
SCSO,WDBC,4,98,2970,0.0300833721471821
SCSO,WDBC,4,99,3000,0.0300833721471821
SCSO,WDBC,4,100,3030,0.0300833721471821
SCSO,WDBC,4,101,3060,0.0300833721471821
SCSO,WDBC,4,102,3090,0.0300833721471821
SCSO,WDBC,4,103,3120,0.0300833721471821
SCSO,WDBC,4,104,3150,0.0300833721471821
SCSO,WDBC,4,105,3180,0.0300833721471821
SCSO,WDBC,4,106,3210,0.0300833721471821
SCSO,WDBC,4,107,3240,0.0300833721471821
SCSO,WDBC,4,108,3270,0.0300833721471821
SCSO,WDBC,4,109,3300,0.0300833721471821
SCSO,WDBC,4,110,3330,0.0300833721471821
SCSO,WDBC,4,111,3360,0.0300833721471821
SCSO,WDBC,4,112,3390,0.0300833721471821
SCSO,WDBC,4,113,3420,0.0300833721471821
SCSO,WDBC,4,114,3450,0.0300833721471821
SCSO,WDBC,4,115,3480,0.0300833721471821
SCSO,WDBC,4,116,3510,0.0300833721471821
SCSO,WDBC,4,117,3540,0.0300833721471821
SCSO,WDBC,4,118,3570,0.0300833721471821
SCSO,WDBC,4,119,3600,0.0300833721471821
SCSO,WDBC,4,120,3630,0.0300833721471821
SCSO,WDBC,4,121,3660,0.0300833721471821
SCSO,WDBC,4,122,3690,0.0300833721471821
SCSO,WDBC,4,123,3720,0.0300833721471821
SCSO,WDBC,4,124,3750,0.0300833721471821
SCSO,WDBC,4,125,3780,0.0300833721471821
SCSO,WDBC,4,126,3810,0.0300833721471821
SCSO,WDBC,4,127,3840,0.0300833721471821
SCSO,WDBC,4,128,3870,0.0300833721471821
SCSO,WDBC,4,129,3900,0.0300833721471821
SCSO,WDBC,4,130,3930,0.0300833721471821
SCSO,WDBC,4,131,3960,0.0300833721471821
SCSO,WDBC,4,132,3990,0.0300833721471821
SCSO,WDBC,4,133,4020,0.0300833721471821
SCSO,WDBC,4,134,4050,0.0300833721471821
SCSO,WDBC,4,135,4080,0.029997826424468278
SCSO,WDBC,4,136,4110,0.029997826424468278
SCSO,WDBC,4,137,4140,0.029997826424468278
SCSO,WDBC,4,138,4170,0.029997826424468278
SCSO,WDBC,4,139,4200,0.029997826424468278
SCSO,WDBC,4,140,4230,0.029997826424468278
SCSO,WDBC,4,141,4260,0.029997826424468278
SCSO,WDBC,4,142,4290,0.029997826424468278
SCSO,WDBC,4,143,4320,0.029997826424468278
SCSO,WDBC,4,144,4350,0.029997826424468278
SCSO,WDBC,4,145,4380,0.029997826424468278
SCSO,WDBC,4,146,4410,0.029997826424468278
SCSO,WDBC,4,147,4440,0.029997826424468278
SCSO,WDBC,4,148,4470,0.029997826424468278
SCSO,WDBC,4,149,4500,0.029997826424468278
SCSO,WDBC,4,150,4530,0.029997826424468278
SCSO,WDBC,4,151,4560,0.029997826424468278
SCSO,WDBC,4,152,4590,0.029997826424468278
SCSO,WDBC,4,153,4620,0.029997826424468278
SCSO,WDBC,4,154,4650,0.029997826424468278
SCSO,WDBC,4,155,4680,0.029997826424468278
SCSO,WDBC,4,156,4710,0.029997826424468278
SCSO,WDBC,4,157,4740,0.029997826424468278
SCSO,WDBC,4,158,4770,0.029997826424468278
SCSO,WDBC,4,159,4800,0.029997826424468278
SCSO,WDBC,4,160,4830,0.029361900326036267
SCSO,WDBC,4,161,4860,0.029361900326036267
SCSO,WDBC,4,162,4890,0.029361900326036267
SCSO,WDBC,4,163,4920,0.029361900326036267
SCSO,WDBC,4,164,4950,0.029361900326036267
SCSO,WDBC,4,165,4980,0.029361900326036267
SCSO,WDBC,4,166,5010,0.029361900326036267
SCSO,WDBC,4,167,5040,0.029361900326036267
SCSO,WDBC,4,168,5070,0.029361900326036267
SCSO,WDBC,4,169,5100,0.029361900326036267
SCSO,WDBC,4,170,5130,0.029361900326036267
SCSO,WDBC,4,171,5160,0.029361900326036267
SCSO,WDBC,4,172,5190,0.029361900326036267
SCSO,WDBC,4,173,5220,0.029361900326036267
SCSO,WDBC,4,174,5250,0.029361900326036267
SCSO,WDBC,4,175,5280,0.029361900326036267
SCSO,WDBC,4,176,5310,0.029361900326036267
SCSO,WDBC,4,177,5340,0.029361900326036267
SCSO,WDBC,4,178,5370,0.029361900326036267
SCSO,WDBC,4,179,5400,0.029361900326036267
SCSO,WDBC,4,180,5430,0.029361900326036267
SCSO,WDBC,4,181,5460,0.029361900326036267
SCSO,WDBC,4,182,5490,0.029361900326036267
SCSO,WDBC,4,183,5520,0.029361900326036267
SCSO,WDBC,4,184,5550,0.02834653004191894
SCSO,WDBC,4,185,5580,0.02834653004191894
SCSO,WDBC,4,186,5610,0.02834653004191894
SCSO,WDBC,4,187,5640,0.02834653004191894
SCSO,WDBC,4,188,5670,0.02834653004191894
SCSO,WDBC,4,189,5700,0.02834653004191894
SCSO,WDBC,4,190,5730,0.02834653004191894
SCSO,WDBC,4,191,5760,0.02834653004191894
SCSO,WDBC,4,192,5790,0.02834653004191894
SCSO,WDBC,4,193,5820,0.02834653004191894
SCSO,WDBC,4,194,5850,0.02834653004191894
SCSO,WDBC,4,195,5880,0.02834653004191894
SCSO,WDBC,4,196,5910,0.02834653004191894
SCSO,WDBC,4,197,5940,0.02834653004191894
SCSO,WDBC,4,198,5970,0.02834653004191894
SCSO,WDBC,4,199,6000,0.02834653004191894
SCSO,WDBC,4,200,6030,0.02834653004191894
SCSO,WDBC,4,201,6060,0.02834653004191894
SCSO,WDBC,4,202,6090,0.02834653004191894
SCSO,WDBC,4,203,6120,0.02834653004191894
SCSO,WDBC,4,204,6150,0.02834653004191894
SCSO,WDBC,4,205,6180,0.02834653004191894
SCSO,WDBC,4,206,6210,0.02834653004191894
SCSO,WDBC,4,207,6240,0.02834653004191894
SCSO,WDBC,4,208,6270,0.02834653004191894
SCSO,WDBC,4,209,6300,0.02834653004191894
SCSO,WDBC,4,210,6330,0.02834653004191894
SCSO,WDBC,4,211,6360,0.02834653004191894
SCSO,WDBC,4,212,6390,0.02834653004191894
SCSO,WDBC,4,213,6420,0.02834653004191894
SCSO,WDBC,4,214,6450,0.02834653004191894
SCSO,WDBC,4,215,6480,0.02834653004191894
SCSO,WDBC,4,216,6510,0.02824561403508768
SCSO,WDBC,4,217,6540,0.02824561403508768
SCSO,WDBC,4,218,6570,0.02824561403508768
SCSO,WDBC,4,219,6600,0.02824561403508768
SCSO,WDBC,4,220,6630,0.02824561403508768
SCSO,WDBC,4,221,6660,0.02824561403508768
SCSO,WDBC,4,222,6690,0.02824561403508768
SCSO,WDBC,4,223,6720,0.02824561403508768
SCSO,WDBC,4,224,6750,0.02824561403508768
SCSO,WDBC,4,225,6780,0.02824561403508768
SCSO,WDBC,4,226,6810,0.02824561403508768
SCSO,WDBC,4,227,6840,0.02824561403508768
SCSO,WDBC,4,228,6870,0.02824561403508768
SCSO,WDBC,4,229,6900,0.02824561403508768
SCSO,WDBC,4,230,6930,0.02824561403508768
SCSO,WDBC,4,231,6960,0.02824561403508768
SCSO,WDBC,4,232,6990,0.02824561403508768
SCSO,WDBC,4,233,7020,0.02824561403508768
SCSO,WDBC,4,234,7050,0.02824561403508768
SCSO,WDBC,4,235,7080,0.02824561403508768
SCSO,WDBC,4,236,7110,0.02824561403508768
SCSO,WDBC,4,237,7140,0.02824561403508768
SCSO,WDBC,4,238,7170,0.02824561403508768
SCSO,WDBC,4,239,7200,0.02824561403508768
SCSO,WDBC,4,240,7230,0.02824561403508768
SCSO,WDBC,4,241,7260,0.02824561403508768
SCSO,WDBC,4,242,7290,0.02824561403508768
SCSO,WDBC,4,243,7320,0.02824561403508768
SCSO,WDBC,4,244,7350,0.02824561403508768
SCSO,WDBC,4,245,7380,0.02824561403508768
SCSO,WDBC,4,246,7410,0.02824561403508768
SCSO,WDBC,4,247,7440,0.02824561403508768
SCSO,WDBC,4,248,7470,0.02824561403508768
SCSO,WDBC,4,249,7500,0.02824561403508768
SCSO,WDBC,4,250,7530,0.02824561403508768
SCSO,WDBC,4,251,7560,0.02824561403508768
SCSO,WDBC,4,252,7590,0.02824561403508768
SCSO,WDBC,4,253,7620,0.02824561403508768
SCSO,WDBC,4,254,7650,0.02824561403508768
SCSO,WDBC,4,255,7680,0.02824561403508768
SCSO,WDBC,4,256,7710,0.02824561403508768
SCSO,WDBC,4,257,7740,0.02824561403508768
SCSO,WDBC,4,258,7770,0.02824561403508768
SCSO,WDBC,4,259,7800,0.02824561403508768
SCSO,WDBC,4,260,7830,0.02824561403508768
SCSO,WDBC,4,261,7860,0.02824561403508768
SCSO,WDBC,4,262,7890,0.02824561403508768
SCSO,WDBC,4,263,7920,0.02824561403508768
SCSO,WDBC,4,264,7950,0.02824561403508768
SCSO,WDBC,4,265,7980,0.02824561403508768
SCSO,WDBC,4,266,8010,0.02824561403508768
SCSO,WDBC,4,267,8040,0.02824561403508768
SCSO,WDBC,4,268,8070,0.02824561403508768
SCSO,WDBC,4,269,8100,0.02824561403508768
SCSO,WDBC,4,270,8130,0.02824561403508768
SCSO,WDBC,4,271,8160,0.02824561403508768
SCSO,WDBC,4,272,8190,0.02824561403508768
SCSO,WDBC,4,273,8220,0.02824561403508768
SCSO,WDBC,4,274,8250,0.02824561403508768
SCSO,WDBC,4,275,8280,0.02824561403508768
SCSO,WDBC,4,276,8310,0.02824561403508768
SCSO,WDBC,4,277,8340,0.02824561403508768
SCSO,WDBC,4,278,8370,0.02824561403508768
SCSO,WDBC,4,279,8400,0.02824561403508768
SCSO,WDBC,4,280,8430,0.02824561403508768
SCSO,WDBC,4,281,8460,0.02824561403508768
SCSO,WDBC,4,282,8490,0.02824561403508768
SCSO,WDBC,4,283,8520,0.02824561403508768
SCSO,WDBC,4,284,8550,0.02824561403508768
SCSO,WDBC,4,285,8580,0.02824561403508768
SCSO,WDBC,4,286,8610,0.02824561403508768
SCSO,WDBC,4,287,8640,0.02824561403508768
SCSO,WDBC,4,288,8670,0.02824561403508768
SCSO,WDBC,4,289,8700,0.02824561403508768
SCSO,WDBC,4,290,8730,0.02824561403508768
SCSO,WDBC,4,291,8760,0.02824561403508768
SCSO,WDBC,4,292,8790,0.02824561403508768
SCSO,WDBC,4,293,8820,0.02824561403508768
SCSO,WDBC,4,294,8850,0.02824561403508768
SCSO,WDBC,4,295,8880,0.02824561403508768
SCSO,WDBC,4,296,8910,0.02824561403508768
SCSO,WDBC,4,297,8940,0.02824561403508768
SCSO,WDBC,4,298,8970,0.02824561403508768
SCSO,WDBC,4,299,9000,0.02824561403508768
SCSO,WDBC,4,300,9030,0.02824561403508768
SCSO,WDBC,4,301,9060,0.02824561403508768
SCSO,WDBC,4,302,9090,0.02824561403508768
SCSO,WDBC,4,303,9120,0.02824561403508768
SCSO,WDBC,4,304,9150,0.02824561403508768
SCSO,WDBC,4,305,9180,0.02824561403508768
SCSO,WDBC,4,306,9210,0.02824561403508768
SCSO,WDBC,4,307,9240,0.02824561403508768
SCSO,WDBC,4,308,9270,0.02824561403508768
SCSO,WDBC,4,309,9300,0.02824561403508768
SCSO,WDBC,4,310,9330,0.02824561403508768
SCSO,WDBC,4,311,9360,0.02824561403508768
SCSO,WDBC,4,312,9390,0.02824561403508768
SCSO,WDBC,4,313,9420,0.02824561403508768
SCSO,WDBC,4,314,9450,0.02824561403508768
SCSO,WDBC,4,315,9480,0.02824561403508768
SCSO,WDBC,4,316,9510,0.02824561403508768
SCSO,WDBC,4,317,9540,0.02824561403508768
SCSO,WDBC,4,318,9570,0.02824561403508768
SCSO,WDBC,4,319,9600,0.02824561403508768
SCSO,WDBC,4,320,9630,0.02824561403508768
SCSO,WDBC,4,321,9660,0.02824561403508768
SCSO,WDBC,4,322,9690,0.02824561403508768
SCSO,WDBC,4,323,9720,0.02824561403508768
SCSO,WDBC,4,324,9750,0.02824561403508768
SCSO,WDBC,4,325,9780,0.02824561403508768
SCSO,WDBC,4,326,9810,0.02824561403508768
SCSO,WDBC,4,327,9840,0.02824561403508768
SCSO,WDBC,4,328,9870,0.02824561403508768
SCSO,WDBC,4,329,9900,0.02824561403508768
SCSO,WDBC,4,330,9930,0.02824561403508768
SCSO,WDBC,4,331,9960,0.02824561403508768
SCSO,WDBC,4,332,9990,0.02824561403508768
SCSO,WDBC,4,333,10020,0.02824561403508768
SCSO,WDBC,4,334,10050,0.02824561403508768
SCSO,WDBC,4,335,10080,0.02824561403508768
SCSO,WDBC,4,336,10110,0.02824561403508768
SCSO,WDBC,4,337,10140,0.02824561403508768
SCSO,WDBC,4,338,10170,0.02824561403508768
SCSO,WDBC,4,339,10200,0.02824561403508768
SCSO,WDBC,4,340,10230,0.02824561403508768
SCSO,WDBC,4,341,10260,0.02824561403508768
SCSO,WDBC,4,342,10290,0.02824561403508768
SCSO,WDBC,4,343,10320,0.02824561403508768
SCSO,WDBC,4,344,10350,0.02824561403508768
SCSO,WDBC,4,345,10380,0.02824561403508768
SCSO,WDBC,4,346,10410,0.02824561403508768
SCSO,WDBC,4,347,10440,0.02824561403508768
SCSO,WDBC,4,348,10470,0.02824561403508768
SCSO,WDBC,4,349,10500,0.02824561403508768
SCSO,WDBC,4,350,10530,0.02824561403508768
SCSO,WDBC,4,351,10560,0.02824561403508768
SCSO,WDBC,4,352,10590,0.02824561403508768
SCSO,WDBC,4,353,10620,0.02824561403508768
SCSO,WDBC,4,354,10650,0.02824561403508768
SCSO,WDBC,4,355,10680,0.02824561403508768
SCSO,WDBC,4,356,10710,0.02824561403508768
SCSO,WDBC,4,357,10740,0.02824561403508768
SCSO,WDBC,4,358,10770,0.02824561403508768
SCSO,WDBC,4,359,10800,0.02824561403508768
SCSO,WDBC,4,360,10830,0.02824561403508768
SCSO,WDBC,4,361,10860,0.02824561403508768
SCSO,WDBC,4,362,10890,0.02824561403508768
SCSO,WDBC,4,363,10920,0.02824561403508768
SCSO,WDBC,4,364,10950,0.02824561403508768
SCSO,WDBC,4,365,10980,0.02824561403508768
SCSO,WDBC,4,366,11010,0.02824561403508768
SCSO,WDBC,4,367,11040,0.02824561403508768
SCSO,WDBC,4,368,11070,0.02824561403508768
SCSO,WDBC,4,369,11100,0.02824561403508768
SCSO,WDBC,4,370,11130,0.02824561403508768
SCSO,WDBC,4,371,11160,0.02824561403508768
SCSO,WDBC,4,372,11190,0.02824561403508768
SCSO,WDBC,4,373,11220,0.02824561403508768
SCSO,WDBC,4,374,11250,0.02824561403508768
SCSO,WDBC,4,375,11280,0.02824561403508768
SCSO,WDBC,4,376,11310,0.02824561403508768
SCSO,WDBC,4,377,11340,0.02824561403508768
SCSO,WDBC,4,378,11370,0.02824561403508768
SCSO,WDBC,4,379,11400,0.02824561403508768
SCSO,WDBC,4,380,11430,0.02824561403508768
SCSO,WDBC,4,381,11460,0.02824561403508768
SCSO,WDBC,4,382,11490,0.02824561403508768
SCSO,WDBC,4,383,11520,0.02824561403508768
SCSO,WDBC,4,384,11550,0.02824561403508768
SCSO,WDBC,4,385,11580,0.02824561403508768
SCSO,WDBC,4,386,11610,0.02824561403508768
SCSO,WDBC,4,387,11640,0.02824561403508768
SCSO,WDBC,4,388,11670,0.02824561403508768
SCSO,WDBC,4,389,11700,0.02824561403508768
SCSO,WDBC,4,390,11730,0.02824561403508768
SCSO,WDBC,4,391,11760,0.02824561403508768
SCSO,WDBC,4,392,11790,0.02824561403508768
SCSO,WDBC,4,393,11820,0.02824561403508768
SCSO,WDBC,4,394,11850,0.02824561403508768
SCSO,WDBC,4,395,11880,0.02824561403508768
SCSO,WDBC,4,396,11910,0.02824561403508768
SCSO,WDBC,4,397,11940,0.02824561403508768
SCSO,WDBC,4,398,11970,0.02824561403508768
SCSO,WDBC,4,399,12000,0.02824561403508768
SCSO,WDBC,4,400,12030,0.02824561403508768
SCSO,WDBC,4,401,12060,0.02824561403508768
SCSO,WDBC,4,402,12090,0.02824561403508768
SCSO,WDBC,4,403,12120,0.02824561403508768
SCSO,WDBC,4,404,12150,0.02824561403508768
SCSO,WDBC,4,405,12180,0.02824561403508768
SCSO,WDBC,4,406,12210,0.02824561403508768
SCSO,WDBC,4,407,12240,0.02824561403508768
SCSO,WDBC,4,408,12270,0.02824561403508768
SCSO,WDBC,4,409,12300,0.02824561403508768
SCSO,WDBC,4,410,12330,0.02824561403508768
SCSO,WDBC,4,411,12360,0.02824561403508768
SCSO,WDBC,4,412,12390,0.02824561403508768
SCSO,WDBC,4,413,12420,0.02824561403508768
SCSO,WDBC,4,414,12450,0.02824561403508768
SCSO,WDBC,4,415,12480,0.02824561403508768
SCSO,WDBC,4,416,12510,0.02824561403508768
SCSO,WDBC,4,417,12540,0.02824561403508768
SCSO,WDBC,4,418,12570,0.02824561403508768
SCSO,WDBC,4,419,12600,0.02824561403508768
SCSO,WDBC,4,420,12630,0.02824561403508768
SCSO,WDBC,4,421,12660,0.02824561403508768
SCSO,WDBC,4,422,12690,0.02824561403508768
SCSO,WDBC,4,423,12720,0.02824561403508768
SCSO,WDBC,4,424,12750,0.02824561403508768
SCSO,WDBC,4,425,12780,0.02824561403508768
SCSO,WDBC,4,426,12810,0.02824561403508768
SCSO,WDBC,4,427,12840,0.02824561403508768
SCSO,WDBC,4,428,12870,0.02824561403508768
SCSO,WDBC,4,429,12900,0.02824561403508768
SCSO,WDBC,4,430,12930,0.02824561403508768
SCSO,WDBC,4,431,12960,0.02824561403508768
SCSO,WDBC,4,432,12990,0.02824561403508768
SCSO,WDBC,4,433,13020,0.02824561403508768
SCSO,WDBC,4,434,13050,0.02824561403508768
SCSO,WDBC,4,435,13080,0.02824561403508768
SCSO,WDBC,4,436,13110,0.02824561403508768
SCSO,WDBC,4,437,13140,0.02824561403508768
SCSO,WDBC,4,438,13170,0.02824561403508768
SCSO,WDBC,4,439,13200,0.02824561403508768
SCSO,WDBC,4,440,13230,0.02824561403508768
SCSO,WDBC,4,441,13260,0.02824561403508768
SCSO,WDBC,4,442,13290,0.02824561403508768
SCSO,WDBC,4,443,13320,0.02824561403508768
SCSO,WDBC,4,444,13350,0.02824561403508768
SCSO,WDBC,4,445,13380,0.02824561403508768
SCSO,WDBC,4,446,13410,0.02824561403508768
SCSO,WDBC,4,447,13440,0.02824561403508768
SCSO,WDBC,4,448,13470,0.02824561403508768
SCSO,WDBC,4,449,13500,0.02824561403508768
SCSO,WDBC,4,450,13530,0.02824561403508768
SCSO,WDBC,4,451,13560,0.02824561403508768
SCSO,WDBC,4,452,13590,0.02824561403508768
SCSO,WDBC,4,453,13620,0.02824561403508768
SCSO,WDBC,4,454,13650,0.02824561403508768
SCSO,WDBC,4,455,13680,0.02824561403508768
SCSO,WDBC,4,456,13710,0.02824561403508768
SCSO,WDBC,4,457,13740,0.02824561403508768
SCSO,WDBC,4,458,13770,0.02824561403508768
SCSO,WDBC,4,459,13800,0.02824561403508768
SCSO,WDBC,4,460,13830,0.02824561403508768
SCSO,WDBC,4,461,13860,0.02824561403508768
SCSO,WDBC,4,462,13890,0.02824561403508768
SCSO,WDBC,4,463,13920,0.02824561403508768
SCSO,WDBC,4,464,13950,0.02824561403508768
SCSO,WDBC,4,465,13980,0.02824561403508768
SCSO,WDBC,4,466,14010,0.02824561403508768
SCSO,WDBC,4,467,14040,0.02824561403508768
SCSO,WDBC,4,468,14070,0.02824561403508768
SCSO,WDBC,4,469,14100,0.02824561403508768
SCSO,WDBC,4,470,14130,0.02824561403508768
SCSO,WDBC,4,471,14160,0.02824561403508768
SCSO,WDBC,4,472,14190,0.02824561403508768
SCSO,WDBC,4,473,14220,0.02824561403508768
SCSO,WDBC,4,474,14250,0.02824561403508768
SCSO,WDBC,4,475,14280,0.02824561403508768
SCSO,WDBC,4,476,14310,0.02824561403508768
SCSO,WDBC,4,477,14340,0.02824561403508768
SCSO,WDBC,4,478,14370,0.02824561403508768
SCSO,WDBC,4,479,14400,0.02824561403508768
SCSO,WDBC,4,480,14430,0.02824561403508768
SCSO,WDBC,4,481,14460,0.02824561403508768
SCSO,WDBC,4,482,14490,0.02824561403508768
SCSO,WDBC,4,483,14520,0.02824561403508768
SCSO,WDBC,4,484,14550,0.02824561403508768
SCSO,WDBC,4,485,14580,0.02824561403508768
SCSO,WDBC,4,486,14610,0.02824561403508768
SCSO,WDBC,4,487,14640,0.02824561403508768
SCSO,WDBC,4,488,14670,0.02824561403508768
SCSO,WDBC,4,489,14700,0.02824561403508768
SCSO,WDBC,4,490,14730,0.02824561403508768
SCSO,WDBC,4,491,14760,0.02824561403508768
SCSO,WDBC,4,492,14790,0.02824561403508768
SCSO,WDBC,4,493,14820,0.02824561403508768
SCSO,WDBC,4,494,14850,0.02824561403508768
SCSO,WDBC,4,495,14880,0.02824561403508768
SCSO,WDBC,4,496,14910,0.02824561403508768
SCSO,WDBC,4,497,14940,0.02824561403508768
SCSO,WDBC,4,498,14970,0.02824561403508768
SCSO,WDBC,4,499,15000,0.02824561403508768
SCSO,WDBC,3,0,30,0.03489038969104187
SCSO,WDBC,3,1,60,0.03489038969104187
SCSO,WDBC,3,2,90,0.03489038969104187
SCSO,WDBC,3,3,120,0.03489038969104187
SCSO,WDBC,3,4,150,0.03489038969104187
SCSO,WDBC,3,5,180,0.03485964912280711
SCSO,WDBC,3,6,210,0.03206800186306478
SCSO,WDBC,3,7,240,0.03206800186306478
SCSO,WDBC,3,8,270,0.03206800186306478
SCSO,WDBC,3,9,300,0.03206800186306478
SCSO,WDBC,3,10,330,0.028679863375252274
SCSO,WDBC,3,11,360,0.028679863375252274
SCSO,WDBC,3,12,390,0.028679863375252274
SCSO,WDBC,3,13,420,0.028679863375252274
SCSO,WDBC,3,14,450,0.028679863375252274
SCSO,WDBC,3,15,480,0.028679863375252274
SCSO,WDBC,3,16,510,0.028679863375252274
SCSO,WDBC,3,17,540,0.028679863375252274
SCSO,WDBC,3,18,570,0.028679863375252274
SCSO,WDBC,3,19,600,0.028679863375252274
SCSO,WDBC,3,20,630,0.028679863375252274
SCSO,WDBC,3,21,660,0.028679863375252274
SCSO,WDBC,3,22,690,0.028679863375252274
SCSO,WDBC,3,23,720,0.028679863375252274
SCSO,WDBC,3,24,750,0.028679863375252274
SCSO,WDBC,3,25,780,0.028679863375252274
SCSO,WDBC,3,26,810,0.028679863375252274
SCSO,WDBC,3,27,840,0.028679863375252274
SCSO,WDBC,3,28,870,0.028679863375252274
SCSO,WDBC,3,29,900,0.028679863375252274
SCSO,WDBC,3,30,930,0.028679863375252274
SCSO,WDBC,3,31,960,0.028679863375252274
SCSO,WDBC,3,32,990,0.028679863375252274
SCSO,WDBC,3,33,1020,0.028679863375252274
SCSO,WDBC,3,34,1050,0.028679863375252274
SCSO,WDBC,3,35,1080,0.028679863375252274
SCSO,WDBC,3,36,1110,0.028679863375252274
SCSO,WDBC,3,37,1140,0.028679863375252274
SCSO,WDBC,3,38,1170,0.028679863375252274
SCSO,WDBC,3,39,1200,0.028679863375252274
SCSO,WDBC,3,40,1230,0.028679863375252274
SCSO,WDBC,3,41,1260,0.028679863375252274
SCSO,WDBC,3,42,1290,0.028679863375252274
SCSO,WDBC,3,43,1320,0.028679863375252274
SCSO,WDBC,3,44,1350,0.028679863375252274
SCSO,WDBC,3,45,1380,0.028679863375252274
SCSO,WDBC,3,46,1410,0.028679863375252274
SCSO,WDBC,3,47,1440,0.028679863375252274
SCSO,WDBC,3,48,1470,0.028679863375252274
SCSO,WDBC,3,49,1500,0.028679863375252274
SCSO,WDBC,3,50,1530,0.028679863375252274
SCSO,WDBC,3,51,1560,0.028679863375252274
SCSO,WDBC,3,52,1590,0.028679863375252274
SCSO,WDBC,3,53,1620,0.028679863375252274
SCSO,WDBC,3,54,1650,0.028679863375252274
SCSO,WDBC,3,55,1680,0.028679863375252274
SCSO,WDBC,3,56,1710,0.028679863375252274
SCSO,WDBC,3,57,1740,0.028679863375252274
SCSO,WDBC,3,58,1770,0.028679863375252274
SCSO,WDBC,3,59,1800,0.028679863375252274
SCSO,WDBC,3,60,1830,0.028679863375252274
SCSO,WDBC,3,61,1860,0.028679863375252274
SCSO,WDBC,3,62,1890,0.028679863375252274
SCSO,WDBC,3,63,1920,0.028679863375252274
SCSO,WDBC,3,64,1950,0.028679863375252274
SCSO,WDBC,3,65,1980,0.028679863375252274
SCSO,WDBC,3,66,2010,0.028679863375252274
SCSO,WDBC,3,67,2040,0.028679863375252274
SCSO,WDBC,3,68,2070,0.02864912280701751
SCSO,WDBC,3,69,2100,0.02864912280701751
SCSO,WDBC,3,70,2130,0.02864912280701751
SCSO,WDBC,3,71,2160,0.02864912280701751
SCSO,WDBC,3,72,2190,0.02864912280701751
SCSO,WDBC,3,73,2220,0.02864912280701751
SCSO,WDBC,3,74,2250,0.02864912280701751
SCSO,WDBC,3,75,2280,0.02864912280701751
SCSO,WDBC,3,76,2310,0.02864912280701751
SCSO,WDBC,3,77,2340,0.02864912280701751
SCSO,WDBC,3,78,2370,0.02864912280701751
SCSO,WDBC,3,79,2400,0.02864912280701751
SCSO,WDBC,3,80,2430,0.02864912280701751
SCSO,WDBC,3,81,2460,0.02864912280701751
SCSO,WDBC,3,82,2490,0.02864912280701751
SCSO,WDBC,3,83,2520,0.028578947368421016
SCSO,WDBC,3,84,2550,0.028578947368421016
SCSO,WDBC,3,85,2580,0.028578947368421016
SCSO,WDBC,3,86,2610,0.028578947368421016
SCSO,WDBC,3,87,2640,0.028578947368421016
SCSO,WDBC,3,88,2670,0.028578947368421016
SCSO,WDBC,3,89,2700,0.028578947368421016
SCSO,WDBC,3,90,2730,0.028578947368421016
SCSO,WDBC,3,91,2760,0.028578947368421016
SCSO,WDBC,3,92,2790,0.028578947368421016
SCSO,WDBC,3,93,2820,0.028578947368421016
SCSO,WDBC,3,94,2850,0.028578947368421016
SCSO,WDBC,3,95,2880,0.028578947368421016
SCSO,WDBC,3,96,2910,0.028578947368421016
SCSO,WDBC,3,97,2940,0.028578947368421016
SCSO,WDBC,3,98,2970,0.028578947368421016
SCSO,WDBC,3,99,3000,0.028578947368421016
SCSO,WDBC,3,100,3030,0.028578947368421016
SCSO,WDBC,3,101,3060,0.028578947368421016
SCSO,WDBC,3,102,3090,0.028578947368421016
SCSO,WDBC,3,103,3120,0.028578947368421016
SCSO,WDBC,3,104,3150,0.028578947368421016
SCSO,WDBC,3,105,3180,0.028578947368421016
SCSO,WDBC,3,106,3210,0.028578947368421016
SCSO,WDBC,3,107,3240,0.028578947368421016
SCSO,WDBC,3,108,3270,0.028578947368421016
SCSO,WDBC,3,109,3300,0.028578947368421016
SCSO,WDBC,3,110,3330,0.028578947368421016
SCSO,WDBC,3,111,3360,0.028578947368421016
SCSO,WDBC,3,112,3390,0.028578947368421016
SCSO,WDBC,3,113,3420,0.028578947368421016
SCSO,WDBC,3,114,3450,0.028578947368421016
SCSO,WDBC,3,115,3480,0.028578947368421016
SCSO,WDBC,3,116,3510,0.028578947368421016
SCSO,WDBC,3,117,3540,0.028578947368421016
SCSO,WDBC,3,118,3570,0.028578947368421016
SCSO,WDBC,3,119,3600,0.028578947368421016
SCSO,WDBC,3,120,3630,0.028578947368421016
SCSO,WDBC,3,121,3660,0.028578947368421016
SCSO,WDBC,3,122,3690,0.028578947368421016
SCSO,WDBC,3,123,3720,0.028578947368421016
SCSO,WDBC,3,124,3750,0.028578947368421016
SCSO,WDBC,3,125,3780,0.028578947368421016
SCSO,WDBC,3,126,3810,0.028578947368421016
SCSO,WDBC,3,127,3840,0.028578947368421016
SCSO,WDBC,3,128,3870,0.028578947368421016
SCSO,WDBC,3,129,3900,0.028578947368421016
SCSO,WDBC,3,130,3930,0.028578947368421016
SCSO,WDBC,3,131,3960,0.028578947368421016
SCSO,WDBC,3,132,3990,0.028578947368421016
SCSO,WDBC,3,133,4020,0.028578947368421016
SCSO,WDBC,3,134,4050,0.028578947368421016
SCSO,WDBC,3,135,4080,0.028578947368421016
SCSO,WDBC,3,136,4110,0.028578947368421016
SCSO,WDBC,3,137,4140,0.028578947368421016
SCSO,WDBC,3,138,4170,0.028578947368421016
SCSO,WDBC,3,139,4200,0.028578947368421016
SCSO,WDBC,3,140,4230,0.028578947368421016
SCSO,WDBC,3,141,4260,0.028578947368421016
SCSO,WDBC,3,142,4290,0.028578947368421016
SCSO,WDBC,3,143,4320,0.028578947368421016
SCSO,WDBC,3,144,4350,0.028578947368421016
SCSO,WDBC,3,145,4380,0.028578947368421016
SCSO,WDBC,3,146,4410,0.028578947368421016
SCSO,WDBC,3,147,4440,0.028578947368421016
SCSO,WDBC,3,148,4470,0.028578947368421016
SCSO,WDBC,3,149,4500,0.028578947368421016
SCSO,WDBC,3,150,4530,0.028578947368421016
SCSO,WDBC,3,151,4560,0.028578947368421016
SCSO,WDBC,3,152,4590,0.028578947368421016
SCSO,WDBC,3,153,4620,0.028578947368421016
SCSO,WDBC,3,154,4650,0.028578947368421016
SCSO,WDBC,3,155,4680,0.028578947368421016
SCSO,WDBC,3,156,4710,0.028578947368421016
SCSO,WDBC,3,157,4740,0.028578947368421016
SCSO,WDBC,3,158,4770,0.028578947368421016
SCSO,WDBC,3,159,4800,0.028578947368421016
SCSO,WDBC,3,160,4830,0.028578947368421016
SCSO,WDBC,3,161,4860,0.028578947368421016
SCSO,WDBC,3,162,4890,0.028578947368421016
SCSO,WDBC,3,163,4920,0.028578947368421016
SCSO,WDBC,3,164,4950,0.028578947368421016
SCSO,WDBC,3,165,4980,0.028578947368421016
SCSO,WDBC,3,166,5010,0.028578947368421016
SCSO,WDBC,3,167,5040,0.028578947368421016
SCSO,WDBC,3,168,5070,0.028578947368421016
SCSO,WDBC,3,169,5100,0.028578947368421016
SCSO,WDBC,3,170,5130,0.028578947368421016
SCSO,WDBC,3,171,5160,0.028578947368421016
SCSO,WDBC,3,172,5190,0.028578947368421016
SCSO,WDBC,3,173,5220,0.028578947368421016
SCSO,WDBC,3,174,5250,0.028578947368421016
SCSO,WDBC,3,175,5280,0.028578947368421016
SCSO,WDBC,3,176,5310,0.028578947368421016
SCSO,WDBC,3,177,5340,0.028315789473684176
SCSO,WDBC,3,178,5370,0.028315789473684176
SCSO,WDBC,3,179,5400,0.028315789473684176
SCSO,WDBC,3,180,5430,0.028315789473684176
SCSO,WDBC,3,181,5460,0.028315789473684176
SCSO,WDBC,3,182,5490,0.028315789473684176
SCSO,WDBC,3,183,5520,0.028315789473684176
SCSO,WDBC,3,184,5550,0.028315789473684176
SCSO,WDBC,3,185,5580,0.028315789473684176
SCSO,WDBC,3,186,5610,0.028315789473684176
SCSO,WDBC,3,187,5640,0.028315789473684176
SCSO,WDBC,3,188,5670,0.028315789473684176
SCSO,WDBC,3,189,5700,0.028315789473684176
SCSO,WDBC,3,190,5730,0.028315789473684176
SCSO,WDBC,3,191,5760,0.028315789473684176
SCSO,WDBC,3,192,5790,0.028315789473684176
SCSO,WDBC,3,193,5820,0.028315789473684176
SCSO,WDBC,3,194,5850,0.028315789473684176
SCSO,WDBC,3,195,5880,0.028315789473684176
SCSO,WDBC,3,196,5910,0.028315789473684176
SCSO,WDBC,3,197,5940,0.028315789473684176
SCSO,WDBC,3,198,5970,0.028315789473684176
SCSO,WDBC,3,199,6000,0.028315789473684176
SCSO,WDBC,3,200,6030,0.028315789473684176
SCSO,WDBC,3,201,6060,0.028315789473684176
SCSO,WDBC,3,202,6090,0.028315789473684176
SCSO,WDBC,3,203,6120,0.028315789473684176
SCSO,WDBC,3,204,6150,0.028315789473684176
SCSO,WDBC,3,205,6180,0.028315789473684176
SCSO,WDBC,3,206,6210,0.028315789473684176
SCSO,WDBC,3,207,6240,0.028315789473684176
SCSO,WDBC,3,208,6270,0.028315789473684176
SCSO,WDBC,3,209,6300,0.028315789473684176
SCSO,WDBC,3,210,6330,0.028315789473684176
SCSO,WDBC,3,211,6360,0.028315789473684176
SCSO,WDBC,3,212,6390,0.028315789473684176
SCSO,WDBC,3,213,6420,0.028315789473684176
SCSO,WDBC,3,214,6450,0.028315789473684176
SCSO,WDBC,3,215,6480,0.028315789473684176
SCSO,WDBC,3,216,6510,0.028315789473684176
SCSO,WDBC,3,217,6540,0.028315789473684176
SCSO,WDBC,3,218,6570,0.028315789473684176
SCSO,WDBC,3,219,6600,0.028315789473684176
SCSO,WDBC,3,220,6630,0.028315789473684176
SCSO,WDBC,3,221,6660,0.028315789473684176
SCSO,WDBC,3,222,6690,0.028315789473684176
SCSO,WDBC,3,223,6720,0.028315789473684176
SCSO,WDBC,3,224,6750,0.028315789473684176
SCSO,WDBC,3,225,6780,0.028315789473684176
SCSO,WDBC,3,226,6810,0.028315789473684176
SCSO,WDBC,3,227,6840,0.028315789473684176
SCSO,WDBC,3,228,6870,0.028315789473684176
SCSO,WDBC,3,229,6900,0.028315789473684176
SCSO,WDBC,3,230,6930,0.028315789473684176
SCSO,WDBC,3,231,6960,0.028315789473684176
SCSO,WDBC,3,232,6990,0.028315789473684176
SCSO,WDBC,3,233,7020,0.028315789473684176
SCSO,WDBC,3,234,7050,0.028315789473684176
SCSO,WDBC,3,235,7080,0.028315789473684176
SCSO,WDBC,3,236,7110,0.028315789473684176
SCSO,WDBC,3,237,7140,0.028315789473684176
SCSO,WDBC,3,238,7170,0.028315789473684176
SCSO,WDBC,3,239,7200,0.028315789473684176
SCSO,WDBC,3,240,7230,0.028315789473684176
SCSO,WDBC,3,241,7260,0.028315789473684176
SCSO,WDBC,3,242,7290,0.028315789473684176
SCSO,WDBC,3,243,7320,0.028315789473684176
SCSO,WDBC,3,244,7350,0.028315789473684176
SCSO,WDBC,3,245,7380,0.028315789473684176
SCSO,WDBC,3,246,7410,0.028315789473684176
SCSO,WDBC,3,247,7440,0.028315789473684176
SCSO,WDBC,3,248,7470,0.028315789473684176
SCSO,WDBC,3,249,7500,0.028315789473684176
SCSO,WDBC,3,250,7530,0.028315789473684176
SCSO,WDBC,3,251,7560,0.028315789473684176
SCSO,WDBC,3,252,7590,0.028315789473684176
SCSO,WDBC,3,253,7620,0.028315789473684176
SCSO,WDBC,3,254,7650,0.028315789473684176
SCSO,WDBC,3,255,7680,0.028315789473684176
SCSO,WDBC,3,256,7710,0.028315789473684176
SCSO,WDBC,3,257,7740,0.028315789473684176
SCSO,WDBC,3,258,7770,0.028315789473684176
SCSO,WDBC,3,259,7800,0.028315789473684176
SCSO,WDBC,3,260,7830,0.028315789473684176
SCSO,WDBC,3,261,7860,0.028315789473684176
SCSO,WDBC,3,262,7890,0.028315789473684176
SCSO,WDBC,3,263,7920,0.028315789473684176
SCSO,WDBC,3,264,7950,0.028315789473684176
SCSO,WDBC,3,265,7980,0.028315789473684176
SCSO,WDBC,3,266,8010,0.028315789473684176
SCSO,WDBC,3,267,8040,0.028315789473684176
SCSO,WDBC,3,268,8070,0.028315789473684176
SCSO,WDBC,3,269,8100,0.028315789473684176
SCSO,WDBC,3,270,8130,0.028315789473684176
SCSO,WDBC,3,271,8160,0.028315789473684176
SCSO,WDBC,3,272,8190,0.028315789473684176
SCSO,WDBC,3,273,8220,0.028315789473684176
SCSO,WDBC,3,274,8250,0.028315789473684176
SCSO,WDBC,3,275,8280,0.028315789473684176
SCSO,WDBC,3,276,8310,0.028315789473684176
SCSO,WDBC,3,277,8340,0.028315789473684176
SCSO,WDBC,3,278,8370,0.028315789473684176
SCSO,WDBC,3,279,8400,0.028315789473684176
SCSO,WDBC,3,280,8430,0.028315789473684176
SCSO,WDBC,3,281,8460,0.028315789473684176
SCSO,WDBC,3,282,8490,0.028315789473684176
SCSO,WDBC,3,283,8520,0.028315789473684176
SCSO,WDBC,3,284,8550,0.028315789473684176
SCSO,WDBC,3,285,8580,0.028315789473684176
SCSO,WDBC,3,286,8610,0.028315789473684176
SCSO,WDBC,3,287,8640,0.028315789473684176
SCSO,WDBC,3,288,8670,0.028315789473684176
SCSO,WDBC,3,289,8700,0.028315789473684176
SCSO,WDBC,3,290,8730,0.028315789473684176
SCSO,WDBC,3,291,8760,0.028315789473684176
SCSO,WDBC,3,292,8790,0.028315789473684176
SCSO,WDBC,3,293,8820,0.028315789473684176
SCSO,WDBC,3,294,8850,0.028315789473684176
SCSO,WDBC,3,295,8880,0.028315789473684176
SCSO,WDBC,3,296,8910,0.028315789473684176
SCSO,WDBC,3,297,8940,0.028315789473684176
SCSO,WDBC,3,298,8970,0.028315789473684176
SCSO,WDBC,3,299,9000,0.028315789473684176
SCSO,WDBC,3,300,9030,0.028315789473684176
SCSO,WDBC,3,301,9060,0.028315789473684176
SCSO,WDBC,3,302,9090,0.028315789473684176
SCSO,WDBC,3,303,9120,0.028315789473684176
SCSO,WDBC,3,304,9150,0.028315789473684176
SCSO,WDBC,3,305,9180,0.028315789473684176
SCSO,WDBC,3,306,9210,0.028315789473684176
SCSO,WDBC,3,307,9240,0.028315789473684176
SCSO,WDBC,3,308,9270,0.028315789473684176
SCSO,WDBC,3,309,9300,0.028315789473684176
SCSO,WDBC,3,310,9330,0.028315789473684176
SCSO,WDBC,3,311,9360,0.028315789473684176
SCSO,WDBC,3,312,9390,0.028315789473684176
SCSO,WDBC,3,313,9420,0.028315789473684176
SCSO,WDBC,3,314,9450,0.028315789473684176
SCSO,WDBC,3,315,9480,0.028315789473684176
SCSO,WDBC,3,316,9510,0.028315789473684176
SCSO,WDBC,3,317,9540,0.028315789473684176
SCSO,WDBC,3,318,9570,0.028315789473684176
SCSO,WDBC,3,319,9600,0.028315789473684176
SCSO,WDBC,3,320,9630,0.028315789473684176
SCSO,WDBC,3,321,9660,0.028315789473684176
SCSO,WDBC,3,322,9690,0.028315789473684176
SCSO,WDBC,3,323,9720,0.028315789473684176
SCSO,WDBC,3,324,9750,0.028315789473684176
SCSO,WDBC,3,325,9780,0.028315789473684176
SCSO,WDBC,3,326,9810,0.028315789473684176
SCSO,WDBC,3,327,9840,0.028315789473684176
SCSO,WDBC,3,328,9870,0.028315789473684176
SCSO,WDBC,3,329,9900,0.028315789473684176
SCSO,WDBC,3,330,9930,0.028315789473684176
SCSO,WDBC,3,331,9960,0.028315789473684176
SCSO,WDBC,3,332,9990,0.028315789473684176
SCSO,WDBC,3,333,10020,0.028315789473684176
SCSO,WDBC,3,334,10050,0.028315789473684176
SCSO,WDBC,3,335,10080,0.028315789473684176
SCSO,WDBC,3,336,10110,0.028315789473684176
SCSO,WDBC,3,337,10140,0.028315789473684176
SCSO,WDBC,3,338,10170,0.028315789473684176
SCSO,WDBC,3,339,10200,0.028315789473684176
SCSO,WDBC,3,340,10230,0.028315789473684176
SCSO,WDBC,3,341,10260,0.028315789473684176
SCSO,WDBC,3,342,10290,0.028315789473684176
SCSO,WDBC,3,343,10320,0.028315789473684176
SCSO,WDBC,3,344,10350,0.028315789473684176
SCSO,WDBC,3,345,10380,0.028315789473684176
SCSO,WDBC,3,346,10410,0.028315789473684176
SCSO,WDBC,3,347,10440,0.028315789473684176
SCSO,WDBC,3,348,10470,0.028315789473684176
SCSO,WDBC,3,349,10500,0.028315789473684176
SCSO,WDBC,3,350,10530,0.028315789473684176
SCSO,WDBC,3,351,10560,0.028315789473684176
SCSO,WDBC,3,352,10590,0.028315789473684176
SCSO,WDBC,3,353,10620,0.028315789473684176
SCSO,WDBC,3,354,10650,0.028315789473684176
SCSO,WDBC,3,355,10680,0.028315789473684176
SCSO,WDBC,3,356,10710,0.028315789473684176
SCSO,WDBC,3,357,10740,0.028315789473684176
SCSO,WDBC,3,358,10770,0.028315789473684176
SCSO,WDBC,3,359,10800,0.028315789473684176
SCSO,WDBC,3,360,10830,0.028315789473684176
SCSO,WDBC,3,361,10860,0.028315789473684176
SCSO,WDBC,3,362,10890,0.028315789473684176
SCSO,WDBC,3,363,10920,0.028315789473684176
SCSO,WDBC,3,364,10950,0.028315789473684176
SCSO,WDBC,3,365,10980,0.028315789473684176
SCSO,WDBC,3,366,11010,0.028315789473684176
SCSO,WDBC,3,367,11040,0.028315789473684176
SCSO,WDBC,3,368,11070,0.028315789473684176
SCSO,WDBC,3,369,11100,0.028315789473684176
SCSO,WDBC,3,370,11130,0.028315789473684176
SCSO,WDBC,3,371,11160,0.028315789473684176
SCSO,WDBC,3,372,11190,0.028315789473684176
SCSO,WDBC,3,373,11220,0.028315789473684176
SCSO,WDBC,3,374,11250,0.028315789473684176
SCSO,WDBC,3,375,11280,0.028315789473684176
SCSO,WDBC,3,376,11310,0.028315789473684176
SCSO,WDBC,3,377,11340,0.028315789473684176
SCSO,WDBC,3,378,11370,0.028315789473684176
SCSO,WDBC,3,379,11400,0.028315789473684176
SCSO,WDBC,3,380,11430,0.028315789473684176
SCSO,WDBC,3,381,11460,0.028315789473684176
SCSO,WDBC,3,382,11490,0.028315789473684176
SCSO,WDBC,3,383,11520,0.028315789473684176
SCSO,WDBC,3,384,11550,0.028315789473684176
SCSO,WDBC,3,385,11580,0.028315789473684176
SCSO,WDBC,3,386,11610,0.028315789473684176
SCSO,WDBC,3,387,11640,0.028315789473684176
SCSO,WDBC,3,388,11670,0.028315789473684176
SCSO,WDBC,3,389,11700,0.028315789473684176
SCSO,WDBC,3,390,11730,0.028315789473684176
SCSO,WDBC,3,391,11760,0.028315789473684176
SCSO,WDBC,3,392,11790,0.028315789473684176
SCSO,WDBC,3,393,11820,0.028315789473684176
SCSO,WDBC,3,394,11850,0.028315789473684176
SCSO,WDBC,3,395,11880,0.028315789473684176
SCSO,WDBC,3,396,11910,0.028315789473684176
SCSO,WDBC,3,397,11940,0.028315789473684176
SCSO,WDBC,3,398,11970,0.028315789473684176
SCSO,WDBC,3,399,12000,0.028315789473684176
SCSO,WDBC,3,400,12030,0.028315789473684176
SCSO,WDBC,3,401,12060,0.028315789473684176
SCSO,WDBC,3,402,12090,0.028315789473684176
SCSO,WDBC,3,403,12120,0.028315789473684176
SCSO,WDBC,3,404,12150,0.028315789473684176
SCSO,WDBC,3,405,12180,0.028315789473684176
SCSO,WDBC,3,406,12210,0.028315789473684176
SCSO,WDBC,3,407,12240,0.028315789473684176
SCSO,WDBC,3,408,12270,0.028315789473684176
SCSO,WDBC,3,409,12300,0.028315789473684176
SCSO,WDBC,3,410,12330,0.028315789473684176
SCSO,WDBC,3,411,12360,0.028315789473684176
SCSO,WDBC,3,412,12390,0.028315789473684176
SCSO,WDBC,3,413,12420,0.028315789473684176
SCSO,WDBC,3,414,12450,0.028315789473684176
SCSO,WDBC,3,415,12480,0.028315789473684176
SCSO,WDBC,3,416,12510,0.028315789473684176
SCSO,WDBC,3,417,12540,0.028315789473684176
SCSO,WDBC,3,418,12570,0.028315789473684176
SCSO,WDBC,3,419,12600,0.028315789473684176
SCSO,WDBC,3,420,12630,0.028315789473684176
SCSO,WDBC,3,421,12660,0.028315789473684176
SCSO,WDBC,3,422,12690,0.028315789473684176
SCSO,WDBC,3,423,12720,0.028315789473684176
SCSO,WDBC,3,424,12750,0.028315789473684176
SCSO,WDBC,3,425,12780,0.028315789473684176
SCSO,WDBC,3,426,12810,0.028315789473684176
SCSO,WDBC,3,427,12840,0.028315789473684176
SCSO,WDBC,3,428,12870,0.028315789473684176
SCSO,WDBC,3,429,12900,0.028315789473684176
SCSO,WDBC,3,430,12930,0.028315789473684176
SCSO,WDBC,3,431,12960,0.028315789473684176
SCSO,WDBC,3,432,12990,0.028315789473684176
SCSO,WDBC,3,433,13020,0.028315789473684176
SCSO,WDBC,3,434,13050,0.028315789473684176
SCSO,WDBC,3,435,13080,0.028315789473684176
SCSO,WDBC,3,436,13110,0.028315789473684176
SCSO,WDBC,3,437,13140,0.028315789473684176
SCSO,WDBC,3,438,13170,0.028315789473684176
SCSO,WDBC,3,439,13200,0.028315789473684176
SCSO,WDBC,3,440,13230,0.028315789473684176
SCSO,WDBC,3,441,13260,0.028315789473684176
SCSO,WDBC,3,442,13290,0.028315789473684176
SCSO,WDBC,3,443,13320,0.028315789473684176
SCSO,WDBC,3,444,13350,0.028315789473684176
SCSO,WDBC,3,445,13380,0.028315789473684176
SCSO,WDBC,3,446,13410,0.028315789473684176
SCSO,WDBC,3,447,13440,0.028315789473684176
SCSO,WDBC,3,448,13470,0.028315789473684176
SCSO,WDBC,3,449,13500,0.028315789473684176
SCSO,WDBC,3,450,13530,0.028315789473684176
SCSO,WDBC,3,451,13560,0.028315789473684176
SCSO,WDBC,3,452,13590,0.028315789473684176
SCSO,WDBC,3,453,13620,0.028315789473684176
SCSO,WDBC,3,454,13650,0.028315789473684176
SCSO,WDBC,3,455,13680,0.028315789473684176
SCSO,WDBC,3,456,13710,0.028315789473684176
SCSO,WDBC,3,457,13740,0.028315789473684176
SCSO,WDBC,3,458,13770,0.028315789473684176
SCSO,WDBC,3,459,13800,0.028315789473684176
SCSO,WDBC,3,460,13830,0.028315789473684176
SCSO,WDBC,3,461,13860,0.028315789473684176
SCSO,WDBC,3,462,13890,0.028315789473684176
SCSO,WDBC,3,463,13920,0.028315789473684176
SCSO,WDBC,3,464,13950,0.028315789473684176
SCSO,WDBC,3,465,13980,0.028315789473684176
SCSO,WDBC,3,466,14010,0.028315789473684176
SCSO,WDBC,3,467,14040,0.027260984319205005
SCSO,WDBC,3,468,14070,0.027260984319205005
SCSO,WDBC,3,469,14100,0.027260984319205005
SCSO,WDBC,3,470,14130,0.027260984319205005
SCSO,WDBC,3,471,14160,0.027260984319205005
SCSO,WDBC,3,472,14190,0.027260984319205005
SCSO,WDBC,3,473,14220,0.027260984319205005
SCSO,WDBC,3,474,14250,0.027260984319205005
SCSO,WDBC,3,475,14280,0.027260984319205005
SCSO,WDBC,3,476,14310,0.027260984319205005
SCSO,WDBC,3,477,14340,0.027260984319205005
SCSO,WDBC,3,478,14370,0.027260984319205005
SCSO,WDBC,3,479,14400,0.027260984319205005
SCSO,WDBC,3,480,14430,0.027260984319205005
SCSO,WDBC,3,481,14460,0.027260984319205005
SCSO,WDBC,3,482,14490,0.027260984319205005
SCSO,WDBC,3,483,14520,0.027260984319205005
SCSO,WDBC,3,484,14550,0.027260984319205005
SCSO,WDBC,3,485,14580,0.027260984319205005
SCSO,WDBC,3,486,14610,0.027260984319205005
SCSO,WDBC,3,487,14640,0.027260984319205005
SCSO,WDBC,3,488,14670,0.027260984319205005
SCSO,WDBC,3,489,14700,0.027260984319205005
SCSO,WDBC,3,490,14730,0.027260984319205005
SCSO,WDBC,3,491,14760,0.027260984319205005
SCSO,WDBC,3,492,14790,0.027260984319205005
SCSO,WDBC,3,493,14820,0.027260984319205005
SCSO,WDBC,3,494,14850,0.027260984319205005
SCSO,WDBC,3,495,14880,0.027260984319205005
SCSO,WDBC,3,496,14910,0.027260984319205005
SCSO,WDBC,3,497,14940,0.027260984319205005
SCSO,WDBC,3,498,14970,0.027260984319205005
SCSO,WDBC,3,499,15000,0.027260984319205005
SCSO,WDBC,2,0,30,0.029377270610153702
SCSO,WDBC,2,1,60,0.029377270610153702
SCSO,WDBC,2,2,90,0.029377270610153702
SCSO,WDBC,2,3,120,0.029377270610153702
SCSO,WDBC,2,4,150,0.029377270610153702
SCSO,WDBC,2,5,180,0.029377270610153702
SCSO,WDBC,2,6,210,0.029377270610153702
SCSO,WDBC,2,7,240,0.029377270610153702
SCSO,WDBC,2,8,270,0.029377270610153702
SCSO,WDBC,2,9,300,0.029377270610153702
SCSO,WDBC,2,10,330,0.029377270610153702
SCSO,WDBC,2,11,360,0.029377270610153702
SCSO,WDBC,2,12,390,0.029377270610153702
SCSO,WDBC,2,13,420,0.029377270610153702
SCSO,WDBC,2,14,450,0.029377270610153702
SCSO,WDBC,2,15,480,0.029377270610153702
SCSO,WDBC,2,16,510,0.029377270610153702
SCSO,WDBC,2,17,540,0.029377270610153702
SCSO,WDBC,2,18,570,0.029377270610153702
SCSO,WDBC,2,19,600,0.029377270610153702
SCSO,WDBC,2,20,630,0.029377270610153702
SCSO,WDBC,2,21,660,0.029377270610153702
SCSO,WDBC,2,22,690,0.029377270610153702
SCSO,WDBC,2,23,720,0.029377270610153702
SCSO,WDBC,2,24,750,0.029377270610153702
SCSO,WDBC,2,25,780,0.029377270610153702
SCSO,WDBC,2,26,810,0.029377270610153702
SCSO,WDBC,2,27,840,0.029377270610153702
SCSO,WDBC,2,28,870,0.029377270610153702
SCSO,WDBC,2,29,900,0.029377270610153702
SCSO,WDBC,2,30,930,0.029377270610153702
SCSO,WDBC,2,31,960,0.029377270610153702
SCSO,WDBC,2,32,990,0.029377270610153702
SCSO,WDBC,2,33,1020,0.029377270610153702
SCSO,WDBC,2,34,1050,0.029377270610153702
SCSO,WDBC,2,35,1080,0.029377270610153702
SCSO,WDBC,2,36,1110,0.029377270610153702
SCSO,WDBC,2,37,1140,0.029377270610153702
SCSO,WDBC,2,38,1170,0.029377270610153702
SCSO,WDBC,2,39,1200,0.029377270610153702
SCSO,WDBC,2,40,1230,0.029377270610153702
SCSO,WDBC,2,41,1260,0.029377270610153702
SCSO,WDBC,2,42,1290,0.029377270610153702
SCSO,WDBC,2,43,1320,0.029377270610153702
SCSO,WDBC,2,44,1350,0.029377270610153702
SCSO,WDBC,2,45,1380,0.029377270610153702
SCSO,WDBC,2,46,1410,0.029377270610153702
SCSO,WDBC,2,47,1440,0.029377270610153702
SCSO,WDBC,2,48,1470,0.029377270610153702
SCSO,WDBC,2,49,1500,0.029377270610153702
SCSO,WDBC,2,50,1530,0.029377270610153702
SCSO,WDBC,2,51,1560,0.029377270610153702
SCSO,WDBC,2,52,1590,0.029377270610153702
SCSO,WDBC,2,53,1620,0.029377270610153702
SCSO,WDBC,2,54,1650,0.029377270610153702
SCSO,WDBC,2,55,1680,0.029377270610153702
SCSO,WDBC,2,56,1710,0.029377270610153702
SCSO,WDBC,2,57,1740,0.026276354603322442
SCSO,WDBC,2,58,1770,0.026276354603322442
SCSO,WDBC,2,59,1800,0.026276354603322442
SCSO,WDBC,2,60,1830,0.026276354603322442
SCSO,WDBC,2,61,1860,0.026276354603322442
SCSO,WDBC,2,62,1890,0.026276354603322442
SCSO,WDBC,2,63,1920,0.026276354603322442
SCSO,WDBC,2,64,1950,0.026276354603322442
SCSO,WDBC,2,65,1980,0.026276354603322442
SCSO,WDBC,2,66,2010,0.026276354603322442
SCSO,WDBC,2,67,2040,0.026276354603322442
SCSO,WDBC,2,68,2070,0.026276354603322442
SCSO,WDBC,2,69,2100,0.026276354603322442
SCSO,WDBC,2,70,2130,0.026276354603322442
SCSO,WDBC,2,71,2160,0.026276354603322442
SCSO,WDBC,2,72,2190,0.026276354603322442
SCSO,WDBC,2,73,2220,0.026276354603322442
SCSO,WDBC,2,74,2250,0.026276354603322442
SCSO,WDBC,2,75,2280,0.026276354603322442
SCSO,WDBC,2,76,2310,0.026276354603322442
SCSO,WDBC,2,77,2340,0.026276354603322442
SCSO,WDBC,2,78,2370,0.026276354603322442
SCSO,WDBC,2,79,2400,0.026276354603322442
SCSO,WDBC,2,80,2430,0.026276354603322442
SCSO,WDBC,2,81,2460,0.026276354603322442
SCSO,WDBC,2,82,2490,0.026276354603322442
SCSO,WDBC,2,83,2520,0.026276354603322442
SCSO,WDBC,2,84,2550,0.026276354603322442
SCSO,WDBC,2,85,2580,0.026276354603322442
SCSO,WDBC,2,86,2610,0.026276354603322442
SCSO,WDBC,2,87,2640,0.026276354603322442
SCSO,WDBC,2,88,2670,0.026276354603322442
SCSO,WDBC,2,89,2700,0.026276354603322442
SCSO,WDBC,2,90,2730,0.026276354603322442
SCSO,WDBC,2,91,2760,0.026276354603322442
SCSO,WDBC,2,92,2790,0.026276354603322442
SCSO,WDBC,2,93,2820,0.026276354603322442
SCSO,WDBC,2,94,2850,0.026276354603322442
SCSO,WDBC,2,95,2880,0.026276354603322442
SCSO,WDBC,2,96,2910,0.026276354603322442
SCSO,WDBC,2,97,2940,0.026276354603322442
SCSO,WDBC,2,98,2970,0.026276354603322442
SCSO,WDBC,2,99,3000,0.026276354603322442
SCSO,WDBC,2,100,3030,0.026276354603322442
SCSO,WDBC,2,101,3060,0.026276354603322442
SCSO,WDBC,2,102,3090,0.026276354603322442
SCSO,WDBC,2,103,3120,0.026276354603322442
SCSO,WDBC,2,104,3150,0.026276354603322442
SCSO,WDBC,2,105,3180,0.026276354603322442
SCSO,WDBC,2,106,3210,0.026276354603322442
SCSO,WDBC,2,107,3240,0.026276354603322442
SCSO,WDBC,2,108,3270,0.026276354603322442
SCSO,WDBC,2,109,3300,0.026276354603322442
SCSO,WDBC,2,110,3330,0.026276354603322442
SCSO,WDBC,2,111,3360,0.026276354603322442
SCSO,WDBC,2,112,3390,0.026276354603322442
SCSO,WDBC,2,113,3420,0.026276354603322442
SCSO,WDBC,2,114,3450,0.026276354603322442
SCSO,WDBC,2,115,3480,0.026276354603322442
SCSO,WDBC,2,116,3510,0.026276354603322442
SCSO,WDBC,2,117,3540,0.026276354603322442
SCSO,WDBC,2,118,3570,0.026276354603322442
SCSO,WDBC,2,119,3600,0.026276354603322442
SCSO,WDBC,2,120,3630,0.026276354603322442
SCSO,WDBC,2,121,3660,0.026276354603322442
SCSO,WDBC,2,122,3690,0.026276354603322442
SCSO,WDBC,2,123,3720,0.026276354603322442
SCSO,WDBC,2,124,3750,0.026276354603322442
SCSO,WDBC,2,125,3780,0.026276354603322442
SCSO,WDBC,2,126,3810,0.026276354603322442
SCSO,WDBC,2,127,3840,0.026276354603322442
SCSO,WDBC,2,128,3870,0.026276354603322442
SCSO,WDBC,2,129,3900,0.026276354603322442
SCSO,WDBC,2,130,3930,0.026276354603322442
SCSO,WDBC,2,131,3960,0.026276354603322442
SCSO,WDBC,2,132,3990,0.026276354603322442
SCSO,WDBC,2,133,4020,0.026276354603322442
SCSO,WDBC,2,134,4050,0.026276354603322442
SCSO,WDBC,2,135,4080,0.026276354603322442
SCSO,WDBC,2,136,4110,0.026276354603322442
SCSO,WDBC,2,137,4140,0.026276354603322442
SCSO,WDBC,2,138,4170,0.026276354603322442
SCSO,WDBC,2,139,4200,0.026276354603322442
SCSO,WDBC,2,140,4230,0.026276354603322442
SCSO,WDBC,2,141,4260,0.026276354603322442
SCSO,WDBC,2,142,4290,0.026276354603322442
SCSO,WDBC,2,143,4320,0.026276354603322442
SCSO,WDBC,2,144,4350,0.026276354603322442
SCSO,WDBC,2,145,4380,0.026276354603322442
SCSO,WDBC,2,146,4410,0.026276354603322442
SCSO,WDBC,2,147,4440,0.026276354603322442
SCSO,WDBC,2,148,4470,0.026276354603322442
SCSO,WDBC,2,149,4500,0.026276354603322442
SCSO,WDBC,2,150,4530,0.026276354603322442
SCSO,WDBC,2,151,4560,0.026276354603322442
SCSO,WDBC,2,152,4590,0.026276354603322442
SCSO,WDBC,2,153,4620,0.026276354603322442
SCSO,WDBC,2,154,4650,0.026276354603322442
SCSO,WDBC,2,155,4680,0.026276354603322442
SCSO,WDBC,2,156,4710,0.026276354603322442
SCSO,WDBC,2,157,4740,0.026276354603322442
SCSO,WDBC,2,158,4770,0.026276354603322442
SCSO,WDBC,2,159,4800,0.026276354603322442
SCSO,WDBC,2,160,4830,0.026276354603322442
SCSO,WDBC,2,161,4860,0.026276354603322442
SCSO,WDBC,2,162,4890,0.026276354603322442
SCSO,WDBC,2,163,4920,0.026276354603322442
SCSO,WDBC,2,164,4950,0.026276354603322442
SCSO,WDBC,2,165,4980,0.026276354603322442
SCSO,WDBC,2,166,5010,0.026276354603322442
SCSO,WDBC,2,167,5040,0.026276354603322442
SCSO,WDBC,2,168,5070,0.026276354603322442
SCSO,WDBC,2,169,5100,0.026276354603322442
SCSO,WDBC,2,170,5130,0.026276354603322442
SCSO,WDBC,2,171,5160,0.026276354603322442
SCSO,WDBC,2,172,5190,0.026276354603322442
SCSO,WDBC,2,173,5220,0.026276354603322442
SCSO,WDBC,2,174,5250,0.026276354603322442
SCSO,WDBC,2,175,5280,0.026276354603322442
SCSO,WDBC,2,176,5310,0.026276354603322442
SCSO,WDBC,2,177,5340,0.026276354603322442
SCSO,WDBC,2,178,5370,0.026276354603322442
SCSO,WDBC,2,179,5400,0.026276354603322442
SCSO,WDBC,2,180,5430,0.026276354603322442
SCSO,WDBC,2,181,5460,0.026276354603322442
SCSO,WDBC,2,182,5490,0.026276354603322442
SCSO,WDBC,2,183,5520,0.026276354603322442
SCSO,WDBC,2,184,5550,0.026276354603322442
SCSO,WDBC,2,185,5580,0.026276354603322442
SCSO,WDBC,2,186,5610,0.026276354603322442
SCSO,WDBC,2,187,5640,0.026276354603322442
SCSO,WDBC,2,188,5670,0.026276354603322442
SCSO,WDBC,2,189,5700,0.026276354603322442
SCSO,WDBC,2,190,5730,0.026276354603322442
SCSO,WDBC,2,191,5760,0.026276354603322442
SCSO,WDBC,2,192,5790,0.026276354603322442
SCSO,WDBC,2,193,5820,0.026276354603322442
SCSO,WDBC,2,194,5850,0.026276354603322442
SCSO,WDBC,2,195,5880,0.026276354603322442
SCSO,WDBC,2,196,5910,0.026276354603322442
SCSO,WDBC,2,197,5940,0.026276354603322442
SCSO,WDBC,2,198,5970,0.026276354603322442
SCSO,WDBC,2,199,6000,0.026276354603322442
SCSO,WDBC,2,200,6030,0.026276354603322442
SCSO,WDBC,2,201,6060,0.026276354603322442
SCSO,WDBC,2,202,6090,0.026276354603322442
SCSO,WDBC,2,203,6120,0.026276354603322442
SCSO,WDBC,2,204,6150,0.026276354603322442
SCSO,WDBC,2,205,6180,0.026276354603322442
SCSO,WDBC,2,206,6210,0.026276354603322442
SCSO,WDBC,2,207,6240,0.026276354603322442
SCSO,WDBC,2,208,6270,0.026276354603322442
SCSO,WDBC,2,209,6300,0.026276354603322442
SCSO,WDBC,2,210,6330,0.026276354603322442
SCSO,WDBC,2,211,6360,0.026276354603322442
SCSO,WDBC,2,212,6390,0.026276354603322442
SCSO,WDBC,2,213,6420,0.026276354603322442
SCSO,WDBC,2,214,6450,0.026276354603322442
SCSO,WDBC,2,215,6480,0.026276354603322442
SCSO,WDBC,2,216,6510,0.026276354603322442
SCSO,WDBC,2,217,6540,0.026276354603322442
SCSO,WDBC,2,218,6570,0.026276354603322442
SCSO,WDBC,2,219,6600,0.026276354603322442
SCSO,WDBC,2,220,6630,0.026276354603322442
SCSO,WDBC,2,221,6660,0.026276354603322442
SCSO,WDBC,2,222,6690,0.026276354603322442
SCSO,WDBC,2,223,6720,0.026276354603322442
SCSO,WDBC,2,224,6750,0.026276354603322442
SCSO,WDBC,2,225,6780,0.026276354603322442
SCSO,WDBC,2,226,6810,0.026276354603322442
SCSO,WDBC,2,227,6840,0.026276354603322442
SCSO,WDBC,2,228,6870,0.026276354603322442
SCSO,WDBC,2,229,6900,0.026276354603322442
SCSO,WDBC,2,230,6930,0.026276354603322442
SCSO,WDBC,2,231,6960,0.026276354603322442
SCSO,WDBC,2,232,6990,0.026276354603322442
SCSO,WDBC,2,233,7020,0.026276354603322442
SCSO,WDBC,2,234,7050,0.026276354603322442
SCSO,WDBC,2,235,7080,0.026276354603322442
SCSO,WDBC,2,236,7110,0.026276354603322442
SCSO,WDBC,2,237,7140,0.026276354603322442
SCSO,WDBC,2,238,7170,0.026276354603322442
SCSO,WDBC,2,239,7200,0.026276354603322442
SCSO,WDBC,2,240,7230,0.026276354603322442
SCSO,WDBC,2,241,7260,0.026276354603322442
SCSO,WDBC,2,242,7290,0.026276354603322442
SCSO,WDBC,2,243,7320,0.026276354603322442
SCSO,WDBC,2,244,7350,0.026276354603322442
SCSO,WDBC,2,245,7380,0.026276354603322442
SCSO,WDBC,2,246,7410,0.026276354603322442
SCSO,WDBC,2,247,7440,0.026276354603322442
SCSO,WDBC,2,248,7470,0.026276354603322442
SCSO,WDBC,2,249,7500,0.026276354603322442
SCSO,WDBC,2,250,7530,0.026276354603322442
SCSO,WDBC,2,251,7560,0.026276354603322442
SCSO,WDBC,2,252,7590,0.026276354603322442
SCSO,WDBC,2,253,7620,0.026276354603322442
SCSO,WDBC,2,254,7650,0.026276354603322442
SCSO,WDBC,2,255,7680,0.026276354603322442
SCSO,WDBC,2,256,7710,0.026276354603322442
SCSO,WDBC,2,257,7740,0.026276354603322442
SCSO,WDBC,2,258,7770,0.026276354603322442
SCSO,WDBC,2,259,7800,0.026276354603322442
SCSO,WDBC,2,260,7830,0.026276354603322442
SCSO,WDBC,2,261,7860,0.026276354603322442
SCSO,WDBC,2,262,7890,0.026276354603322442
SCSO,WDBC,2,263,7920,0.026276354603322442
SCSO,WDBC,2,264,7950,0.026276354603322442
SCSO,WDBC,2,265,7980,0.026276354603322442
SCSO,WDBC,2,266,8010,0.026276354603322442
SCSO,WDBC,2,267,8040,0.026276354603322442
SCSO,WDBC,2,268,8070,0.026276354603322442
SCSO,WDBC,2,269,8100,0.026276354603322442
SCSO,WDBC,2,270,8130,0.026276354603322442
SCSO,WDBC,2,271,8160,0.026276354603322442
SCSO,WDBC,2,272,8190,0.026276354603322442
SCSO,WDBC,2,273,8220,0.026276354603322442
SCSO,WDBC,2,274,8250,0.026276354603322442
SCSO,WDBC,2,275,8280,0.026276354603322442
SCSO,WDBC,2,276,8310,0.026276354603322442
SCSO,WDBC,2,277,8340,0.026276354603322442
SCSO,WDBC,2,278,8370,0.026276354603322442
SCSO,WDBC,2,279,8400,0.026276354603322442
SCSO,WDBC,2,280,8430,0.026276354603322442
SCSO,WDBC,2,281,8460,0.026276354603322442
SCSO,WDBC,2,282,8490,0.026276354603322442
SCSO,WDBC,2,283,8520,0.026276354603322442
SCSO,WDBC,2,284,8550,0.026276354603322442
SCSO,WDBC,2,285,8580,0.026276354603322442
SCSO,WDBC,2,286,8610,0.026276354603322442
SCSO,WDBC,2,287,8640,0.026276354603322442
SCSO,WDBC,2,288,8670,0.026276354603322442
SCSO,WDBC,2,289,8700,0.026276354603322442
SCSO,WDBC,2,290,8730,0.026276354603322442
SCSO,WDBC,2,291,8760,0.026276354603322442
SCSO,WDBC,2,292,8790,0.026276354603322442
SCSO,WDBC,2,293,8820,0.026276354603322442
SCSO,WDBC,2,294,8850,0.026276354603322442
SCSO,WDBC,2,295,8880,0.026276354603322442
SCSO,WDBC,2,296,8910,0.026276354603322442
SCSO,WDBC,2,297,8940,0.026276354603322442
SCSO,WDBC,2,298,8970,0.026276354603322442
SCSO,WDBC,2,299,9000,0.026276354603322442
SCSO,WDBC,2,300,9030,0.026276354603322442
SCSO,WDBC,2,301,9060,0.026276354603322442
SCSO,WDBC,2,302,9090,0.026276354603322442
SCSO,WDBC,2,303,9120,0.026276354603322442
SCSO,WDBC,2,304,9150,0.026276354603322442
SCSO,WDBC,2,305,9180,0.026276354603322442
SCSO,WDBC,2,306,9210,0.026276354603322442
SCSO,WDBC,2,307,9240,0.026276354603322442
SCSO,WDBC,2,308,9270,0.026276354603322442
SCSO,WDBC,2,309,9300,0.026276354603322442
SCSO,WDBC,2,310,9330,0.026276354603322442
SCSO,WDBC,2,311,9360,0.026276354603322442
SCSO,WDBC,2,312,9390,0.026276354603322442
SCSO,WDBC,2,313,9420,0.026276354603322442
SCSO,WDBC,2,314,9450,0.026276354603322442
SCSO,WDBC,2,315,9480,0.026276354603322442
SCSO,WDBC,2,316,9510,0.026276354603322442
SCSO,WDBC,2,317,9540,0.026276354603322442
SCSO,WDBC,2,318,9570,0.026276354603322442
SCSO,WDBC,2,319,9600,0.026276354603322442
SCSO,WDBC,2,320,9630,0.026276354603322442
SCSO,WDBC,2,321,9660,0.026276354603322442
SCSO,WDBC,2,322,9690,0.026276354603322442
SCSO,WDBC,2,323,9720,0.026276354603322442
SCSO,WDBC,2,324,9750,0.026276354603322442
SCSO,WDBC,2,325,9780,0.026276354603322442
SCSO,WDBC,2,326,9810,0.026276354603322442
SCSO,WDBC,2,327,9840,0.026276354603322442
SCSO,WDBC,2,328,9870,0.026276354603322442
SCSO,WDBC,2,329,9900,0.026276354603322442
SCSO,WDBC,2,330,9930,0.026276354603322442
SCSO,WDBC,2,331,9960,0.026276354603322442
SCSO,WDBC,2,332,9990,0.026276354603322442
SCSO,WDBC,2,333,10020,0.026276354603322442
SCSO,WDBC,2,334,10050,0.026276354603322442
SCSO,WDBC,2,335,10080,0.026276354603322442
SCSO,WDBC,2,336,10110,0.026276354603322442
SCSO,WDBC,2,337,10140,0.026276354603322442
SCSO,WDBC,2,338,10170,0.026276354603322442
SCSO,WDBC,2,339,10200,0.026276354603322442
SCSO,WDBC,2,340,10230,0.026276354603322442
SCSO,WDBC,2,341,10260,0.026276354603322442
SCSO,WDBC,2,342,10290,0.026276354603322442
SCSO,WDBC,2,343,10320,0.026276354603322442
SCSO,WDBC,2,344,10350,0.026276354603322442
SCSO,WDBC,2,345,10380,0.026276354603322442
SCSO,WDBC,2,346,10410,0.026276354603322442
SCSO,WDBC,2,347,10440,0.026276354603322442
SCSO,WDBC,2,348,10470,0.026276354603322442
SCSO,WDBC,2,349,10500,0.026276354603322442
SCSO,WDBC,2,350,10530,0.026276354603322442
SCSO,WDBC,2,351,10560,0.026276354603322442
SCSO,WDBC,2,352,10590,0.026276354603322442
SCSO,WDBC,2,353,10620,0.026276354603322442
SCSO,WDBC,2,354,10650,0.026276354603322442
SCSO,WDBC,2,355,10680,0.026276354603322442
SCSO,WDBC,2,356,10710,0.026276354603322442
SCSO,WDBC,2,357,10740,0.026276354603322442
SCSO,WDBC,2,358,10770,0.026276354603322442
SCSO,WDBC,2,359,10800,0.026276354603322442
SCSO,WDBC,2,360,10830,0.026276354603322442
SCSO,WDBC,2,361,10860,0.026276354603322442
SCSO,WDBC,2,362,10890,0.026276354603322442
SCSO,WDBC,2,363,10920,0.026276354603322442
SCSO,WDBC,2,364,10950,0.02622154944884338
SCSO,WDBC,2,365,10980,0.02622154944884338
SCSO,WDBC,2,366,11010,0.02622154944884338
SCSO,WDBC,2,367,11040,0.02622154944884338
SCSO,WDBC,2,368,11070,0.02622154944884338
SCSO,WDBC,2,369,11100,0.020344356466387336
SCSO,WDBC,2,370,11130,0.020344356466387336
SCSO,WDBC,2,371,11160,0.020344356466387336
SCSO,WDBC,2,372,11190,0.020344356466387336
SCSO,WDBC,2,373,11220,0.020344356466387336
SCSO,WDBC,2,374,11250,0.020344356466387336
SCSO,WDBC,2,375,11280,0.020344356466387336
SCSO,WDBC,2,376,11310,0.020344356466387336
SCSO,WDBC,2,377,11340,0.020344356466387336
SCSO,WDBC,2,378,11370,0.020344356466387336
SCSO,WDBC,2,379,11400,0.020344356466387336
SCSO,WDBC,2,380,11430,0.020344356466387336
SCSO,WDBC,2,381,11460,0.020344356466387336
SCSO,WDBC,2,382,11490,0.020344356466387336
SCSO,WDBC,2,383,11520,0.020344356466387336
SCSO,WDBC,2,384,11550,0.020344356466387336
SCSO,WDBC,2,385,11580,0.020344356466387336
SCSO,WDBC,2,386,11610,0.020344356466387336
SCSO,WDBC,2,387,11640,0.020344356466387336
SCSO,WDBC,2,388,11670,0.020344356466387336
SCSO,WDBC,2,389,11700,0.020344356466387336
SCSO,WDBC,2,390,11730,0.020344356466387336
SCSO,WDBC,2,391,11760,0.020344356466387336
SCSO,WDBC,2,392,11790,0.020344356466387336
SCSO,WDBC,2,393,11820,0.020344356466387336
SCSO,WDBC,2,394,11850,0.020344356466387336
SCSO,WDBC,2,395,11880,0.020344356466387336
SCSO,WDBC,2,396,11910,0.020344356466387336
SCSO,WDBC,2,397,11940,0.020344356466387336
SCSO,WDBC,2,398,11970,0.020344356466387336
SCSO,WDBC,2,399,12000,0.020344356466387336
SCSO,WDBC,2,400,12030,0.020344356466387336
SCSO,WDBC,2,401,12060,0.020344356466387336
SCSO,WDBC,2,402,12090,0.020344356466387336
SCSO,WDBC,2,403,12120,0.020344356466387336
SCSO,WDBC,2,404,12150,0.020344356466387336
SCSO,WDBC,2,405,12180,0.020344356466387336
SCSO,WDBC,2,406,12210,0.020344356466387336
SCSO,WDBC,2,407,12240,0.020344356466387336
SCSO,WDBC,2,408,12270,0.020344356466387336
SCSO,WDBC,2,409,12300,0.020344356466387336
SCSO,WDBC,2,410,12330,0.020344356466387336
SCSO,WDBC,2,411,12360,0.020344356466387336
SCSO,WDBC,2,412,12390,0.020344356466387336
SCSO,WDBC,2,413,12420,0.020344356466387336
SCSO,WDBC,2,414,12450,0.020344356466387336
SCSO,WDBC,2,415,12480,0.020344356466387336
SCSO,WDBC,2,416,12510,0.020344356466387336
SCSO,WDBC,2,417,12540,0.020344356466387336
SCSO,WDBC,2,418,12570,0.020344356466387336
SCSO,WDBC,2,419,12600,0.020344356466387336
SCSO,WDBC,2,420,12630,0.020344356466387336
SCSO,WDBC,2,421,12660,0.020344356466387336
SCSO,WDBC,2,422,12690,0.020344356466387336
SCSO,WDBC,2,423,12720,0.020344356466387336
SCSO,WDBC,2,424,12750,0.020344356466387336
SCSO,WDBC,2,425,12780,0.020344356466387336
SCSO,WDBC,2,426,12810,0.020344356466387336
SCSO,WDBC,2,427,12840,0.020344356466387336
SCSO,WDBC,2,428,12870,0.020344356466387336
SCSO,WDBC,2,429,12900,0.020344356466387336
SCSO,WDBC,2,430,12930,0.020344356466387336
SCSO,WDBC,2,431,12960,0.020344356466387336
SCSO,WDBC,2,432,12990,0.020344356466387336
SCSO,WDBC,2,433,13020,0.020344356466387336
SCSO,WDBC,2,434,13050,0.020344356466387336
SCSO,WDBC,2,435,13080,0.020344356466387336
SCSO,WDBC,2,436,13110,0.020344356466387336
SCSO,WDBC,2,437,13140,0.020344356466387336
SCSO,WDBC,2,438,13170,0.020344356466387336
SCSO,WDBC,2,439,13200,0.020344356466387336
SCSO,WDBC,2,440,13230,0.020344356466387336
SCSO,WDBC,2,441,13260,0.020344356466387336
SCSO,WDBC,2,442,13290,0.020344356466387336
SCSO,WDBC,2,443,13320,0.020344356466387336
SCSO,WDBC,2,444,13350,0.020344356466387336
SCSO,WDBC,2,445,13380,0.020344356466387336
SCSO,WDBC,2,446,13410,0.020344356466387336
SCSO,WDBC,2,447,13440,0.020344356466387336
SCSO,WDBC,2,448,13470,0.020344356466387336
SCSO,WDBC,2,449,13500,0.020344356466387336
SCSO,WDBC,2,450,13530,0.020344356466387336
SCSO,WDBC,2,451,13560,0.020344356466387336
SCSO,WDBC,2,452,13590,0.020344356466387336
SCSO,WDBC,2,453,13620,0.020344356466387336
SCSO,WDBC,2,454,13650,0.020344356466387336
SCSO,WDBC,2,455,13680,0.020344356466387336
SCSO,WDBC,2,456,13710,0.020344356466387336
SCSO,WDBC,2,457,13740,0.020344356466387336
SCSO,WDBC,2,458,13770,0.020344356466387336
SCSO,WDBC,2,459,13800,0.020344356466387336
SCSO,WDBC,2,460,13830,0.020344356466387336
SCSO,WDBC,2,461,13860,0.020344356466387336
SCSO,WDBC,2,462,13890,0.020344356466387336
SCSO,WDBC,2,463,13920,0.020344356466387336
SCSO,WDBC,2,464,13950,0.020344356466387336
SCSO,WDBC,2,465,13980,0.020344356466387336
SCSO,WDBC,2,466,14010,0.020344356466387336
SCSO,WDBC,2,467,14040,0.020344356466387336
SCSO,WDBC,2,468,14070,0.020344356466387336
SCSO,WDBC,2,469,14100,0.020344356466387336
SCSO,WDBC,2,470,14130,0.020344356466387336
SCSO,WDBC,2,471,14160,0.020344356466387336
SCSO,WDBC,2,472,14190,0.020344356466387336
SCSO,WDBC,2,473,14220,0.020344356466387336
SCSO,WDBC,2,474,14250,0.020344356466387336
SCSO,WDBC,2,475,14280,0.020344356466387336
SCSO,WDBC,2,476,14310,0.020344356466387336
SCSO,WDBC,2,477,14340,0.020344356466387336
SCSO,WDBC,2,478,14370,0.020344356466387336
SCSO,WDBC,2,479,14400,0.020344356466387336
SCSO,WDBC,2,480,14430,0.020344356466387336
SCSO,WDBC,2,481,14460,0.020344356466387336
SCSO,WDBC,2,482,14490,0.020344356466387336
SCSO,WDBC,2,483,14520,0.020344356466387336
SCSO,WDBC,2,484,14550,0.020344356466387336
SCSO,WDBC,2,485,14580,0.020344356466387336
SCSO,WDBC,2,486,14610,0.020344356466387336
SCSO,WDBC,2,487,14640,0.020344356466387336
SCSO,WDBC,2,488,14670,0.020344356466387336
SCSO,WDBC,2,489,14700,0.020344356466387336
SCSO,WDBC,2,490,14730,0.020344356466387336
SCSO,WDBC,2,491,14760,0.020344356466387336
SCSO,WDBC,2,492,14790,0.020344356466387336
SCSO,WDBC,2,493,14820,0.020344356466387336
SCSO,WDBC,2,494,14850,0.020344356466387336
SCSO,WDBC,2,495,14880,0.020344356466387336
SCSO,WDBC,2,496,14910,0.020344356466387336
SCSO,WDBC,2,497,14940,0.020344356466387336
SCSO,WDBC,2,498,14970,0.020344356466387336
SCSO,WDBC,2,499,15000,0.020344356466387336
AOA,Zoo,0,0,30,0.07351071428571422
AOA,Zoo,0,1,60,0.05480714285714281
AOA,Zoo,0,2,90,0.05480714285714281
AOA,Zoo,0,3,120,0.04553214285714292
AOA,Zoo,0,4,150,0.04553214285714292
AOA,Zoo,0,5,180,0.04553214285714292
AOA,Zoo,0,6,210,0.04553214285714292
AOA,Zoo,0,7,240,0.04553214285714292
AOA,Zoo,0,8,270,0.04553214285714292
AOA,Zoo,0,9,300,0.04553214285714292
AOA,Zoo,0,10,330,0.04553214285714292
AOA,Zoo,0,11,360,0.04553214285714292
AOA,Zoo,0,12,390,0.04553214285714292
AOA,Zoo,0,13,420,0.04553214285714292
AOA,Zoo,0,14,450,0.04553214285714292
AOA,Zoo,0,15,480,0.04537857142857142
AOA,Zoo,0,16,510,0.04537857142857142
AOA,Zoo,0,17,540,0.04537857142857142
AOA,Zoo,0,18,570,0.04537857142857142
AOA,Zoo,0,19,600,0.04537857142857142
AOA,Zoo,0,20,630,0.04537857142857142
AOA,Zoo,0,21,660,0.04537857142857142
AOA,Zoo,0,22,690,0.04537857142857142
AOA,Zoo,0,23,720,0.04537857142857142
AOA,Zoo,0,24,750,0.04537857142857142
AOA,Zoo,0,25,780,0.04537857142857142
AOA,Zoo,0,26,810,0.04537857142857142
AOA,Zoo,0,27,840,0.04537857142857142
AOA,Zoo,0,28,870,0.04537857142857142
AOA,Zoo,0,29,900,0.04537857142857142
AOA,Zoo,0,30,930,0.04537857142857142
AOA,Zoo,0,31,960,0.04537857142857142
AOA,Zoo,0,32,990,0.04537857142857142
AOA,Zoo,0,33,1020,0.04537857142857142
AOA,Zoo,0,34,1050,0.04537857142857142
AOA,Zoo,0,35,1080,0.034853571428571525
AOA,Zoo,0,36,1110,0.034853571428571525
AOA,Zoo,0,37,1140,0.034853571428571525
AOA,Zoo,0,38,1170,0.034853571428571525
AOA,Zoo,0,39,1200,0.034853571428571525
AOA,Zoo,0,40,1230,0.034853571428571525
AOA,Zoo,0,41,1260,0.034853571428571525
AOA,Zoo,0,42,1290,0.034853571428571525
AOA,Zoo,0,43,1320,0.034853571428571525
AOA,Zoo,0,44,1350,0.034853571428571525
AOA,Zoo,0,45,1380,0.034853571428571525
AOA,Zoo,0,46,1410,0.034853571428571525
AOA,Zoo,0,47,1440,0.034853571428571525
AOA,Zoo,0,48,1470,0.034853571428571525
AOA,Zoo,0,49,1500,0.034853571428571525
AOA,Zoo,0,50,1530,0.034853571428571525
AOA,Zoo,0,51,1560,0.034853571428571525
AOA,Zoo,0,52,1590,0.034853571428571525
AOA,Zoo,0,53,1620,0.034853571428571525
AOA,Zoo,0,54,1650,0.034853571428571525
AOA,Zoo,0,55,1680,0.034853571428571525
AOA,Zoo,0,56,1710,0.034853571428571525
AOA,Zoo,0,57,1740,0.034853571428571525
AOA,Zoo,0,58,1770,0.034853571428571525
AOA,Zoo,0,59,1800,0.034853571428571525
AOA,Zoo,0,60,1830,0.034853571428571525
AOA,Zoo,0,61,1860,0.034853571428571525
AOA,Zoo,0,62,1890,0.034853571428571525
AOA,Zoo,0,63,1920,0.034853571428571525
AOA,Zoo,0,64,1950,0.034853571428571525
AOA,Zoo,0,65,1980,0.034853571428571525
AOA,Zoo,0,66,2010,0.034853571428571525
AOA,Zoo,0,67,2040,0.034853571428571525
AOA,Zoo,0,68,2070,0.034853571428571525
AOA,Zoo,0,69,2100,0.034853571428571525
AOA,Zoo,0,70,2130,0.034853571428571525
AOA,Zoo,0,71,2160,0.034853571428571525
AOA,Zoo,0,72,2190,0.034853571428571525
AOA,Zoo,0,73,2220,0.034853571428571525
AOA,Zoo,0,74,2250,0.034853571428571525
AOA,Zoo,0,75,2280,0.034853571428571525
AOA,Zoo,0,76,2310,0.034853571428571525
AOA,Zoo,0,77,2340,0.034853571428571525
AOA,Zoo,0,78,2370,0.034853571428571525
AOA,Zoo,0,79,2400,0.034853571428571525
AOA,Zoo,0,80,2430,0.034853571428571525
AOA,Zoo,0,81,2460,0.034853571428571525
AOA,Zoo,0,82,2490,0.034853571428571525
AOA,Zoo,0,83,2520,0.034853571428571525
AOA,Zoo,0,84,2550,0.034853571428571525
AOA,Zoo,0,85,2580,0.034853571428571525
AOA,Zoo,0,86,2610,0.034853571428571525
AOA,Zoo,0,87,2640,0.034853571428571525
AOA,Zoo,0,88,2670,0.034853571428571525
AOA,Zoo,0,89,2700,0.034853571428571525
AOA,Zoo,0,90,2730,0.034853571428571525
AOA,Zoo,0,91,2760,0.034853571428571525
AOA,Zoo,0,92,2790,0.034853571428571525
AOA,Zoo,0,93,2820,0.034853571428571525
AOA,Zoo,0,94,2850,0.034853571428571525
AOA,Zoo,0,95,2880,0.034853571428571525
AOA,Zoo,0,96,2910,0.034853571428571525
AOA,Zoo,0,97,2940,0.034853571428571525
AOA,Zoo,0,98,2970,0.034853571428571525
AOA,Zoo,0,99,3000,0.034853571428571525
AOA,Zoo,0,100,3030,0.034853571428571525
AOA,Zoo,0,101,3060,0.034853571428571525
AOA,Zoo,0,102,3090,0.034853571428571525
AOA,Zoo,0,103,3120,0.034853571428571525
AOA,Zoo,0,104,3150,0.034853571428571525
AOA,Zoo,0,105,3180,0.034853571428571525
AOA,Zoo,0,106,3210,0.034853571428571525
AOA,Zoo,0,107,3240,0.034853571428571525
AOA,Zoo,0,108,3270,0.034853571428571525
AOA,Zoo,0,109,3300,0.034853571428571525
AOA,Zoo,0,110,3330,0.034853571428571525
AOA,Zoo,0,111,3360,0.034853571428571525
AOA,Zoo,0,112,3390,0.034853571428571525
AOA,Zoo,0,113,3420,0.034853571428571525
AOA,Zoo,0,114,3450,0.034853571428571525
AOA,Zoo,0,115,3480,0.034853571428571525
AOA,Zoo,0,116,3510,0.034853571428571525
AOA,Zoo,0,117,3540,0.034853571428571525
AOA,Zoo,0,118,3570,0.034853571428571525
AOA,Zoo,0,119,3600,0.034853571428571525
AOA,Zoo,0,120,3630,0.034853571428571525
AOA,Zoo,0,121,3660,0.034853571428571525
AOA,Zoo,0,122,3690,0.034853571428571525
AOA,Zoo,0,123,3720,0.034853571428571525
AOA,Zoo,0,124,3750,0.026674999999999907
AOA,Zoo,0,125,3780,0.026674999999999907
AOA,Zoo,0,126,3810,0.026674999999999907
AOA,Zoo,0,127,3840,0.026674999999999907
AOA,Zoo,0,128,3870,0.026674999999999907
AOA,Zoo,0,129,3900,0.026674999999999907
AOA,Zoo,0,130,3930,0.026674999999999907
AOA,Zoo,0,131,3960,0.026674999999999907
AOA,Zoo,0,132,3990,0.026674999999999907
AOA,Zoo,0,133,4020,0.026674999999999907
AOA,Zoo,0,134,4050,0.026674999999999907
AOA,Zoo,0,135,4080,0.026674999999999907
AOA,Zoo,0,136,4110,0.026674999999999907
AOA,Zoo,0,137,4140,0.026674999999999907
AOA,Zoo,0,138,4170,0.026674999999999907
AOA,Zoo,0,139,4200,0.026674999999999907
AOA,Zoo,0,140,4230,0.026674999999999907
AOA,Zoo,0,141,4260,0.026674999999999907
AOA,Zoo,0,142,4290,0.026674999999999907
AOA,Zoo,0,143,4320,0.026674999999999907
AOA,Zoo,0,144,4350,0.026674999999999907
AOA,Zoo,0,145,4380,0.026674999999999907
AOA,Zoo,0,146,4410,0.026674999999999907
AOA,Zoo,0,147,4440,0.026674999999999907
AOA,Zoo,0,148,4470,0.026674999999999907
AOA,Zoo,0,149,4500,0.026674999999999907
AOA,Zoo,0,150,4530,0.026674999999999907
AOA,Zoo,0,151,4560,0.026674999999999907
AOA,Zoo,0,152,4590,0.026674999999999907
AOA,Zoo,0,153,4620,0.026674999999999907
AOA,Zoo,0,154,4650,0.026674999999999907
AOA,Zoo,0,155,4680,0.026674999999999907
AOA,Zoo,0,156,4710,0.026674999999999907
AOA,Zoo,0,157,4740,0.026674999999999907
AOA,Zoo,0,158,4770,0.026674999999999907
AOA,Zoo,0,159,4800,0.026674999999999907
AOA,Zoo,0,160,4830,0.026674999999999907
AOA,Zoo,0,161,4860,0.026674999999999907
AOA,Zoo,0,162,4890,0.026674999999999907
AOA,Zoo,0,163,4920,0.026674999999999907
AOA,Zoo,0,164,4950,0.026674999999999907
AOA,Zoo,0,165,4980,0.026674999999999907
AOA,Zoo,0,166,5010,0.026674999999999907
AOA,Zoo,0,167,5040,0.026674999999999907
AOA,Zoo,0,168,5070,0.026674999999999907
AOA,Zoo,0,169,5100,0.026674999999999907
AOA,Zoo,0,170,5130,0.026674999999999907
AOA,Zoo,0,171,5160,0.026674999999999907
AOA,Zoo,0,172,5190,0.026674999999999907
AOA,Zoo,0,173,5220,0.026674999999999907
AOA,Zoo,0,174,5250,0.026674999999999907
AOA,Zoo,0,175,5280,0.026674999999999907
AOA,Zoo,0,176,5310,0.026674999999999907
AOA,Zoo,0,177,5340,0.026674999999999907
AOA,Zoo,0,178,5370,0.026674999999999907
AOA,Zoo,0,179,5400,0.026674999999999907
AOA,Zoo,0,180,5430,0.026674999999999907
AOA,Zoo,0,181,5460,0.026674999999999907
AOA,Zoo,0,182,5490,0.026674999999999907
AOA,Zoo,0,183,5520,0.026674999999999907
AOA,Zoo,0,184,5550,0.026674999999999907
AOA,Zoo,0,185,5580,0.026674999999999907
AOA,Zoo,0,186,5610,0.026674999999999907
AOA,Zoo,0,187,5640,0.026674999999999907
AOA,Zoo,0,188,5670,0.026674999999999907
AOA,Zoo,0,189,5700,0.026674999999999907
AOA,Zoo,0,190,5730,0.026674999999999907
AOA,Zoo,0,191,5760,0.026674999999999907
AOA,Zoo,0,192,5790,0.026674999999999907
AOA,Zoo,0,193,5820,0.026674999999999907
AOA,Zoo,0,194,5850,0.026674999999999907
AOA,Zoo,0,195,5880,0.026674999999999907
AOA,Zoo,0,196,5910,0.026674999999999907
AOA,Zoo,0,197,5940,0.026674999999999907
AOA,Zoo,0,198,5970,0.026674999999999907
AOA,Zoo,0,199,6000,0.026674999999999907
AOA,Zoo,0,200,6030,0.026674999999999907
AOA,Zoo,0,201,6060,0.026674999999999907
AOA,Zoo,0,202,6090,0.026674999999999907
AOA,Zoo,0,203,6120,0.026674999999999907
AOA,Zoo,0,204,6150,0.026674999999999907
AOA,Zoo,0,205,6180,0.026674999999999907
AOA,Zoo,0,206,6210,0.026674999999999907
AOA,Zoo,0,207,6240,0.026674999999999907
AOA,Zoo,0,208,6270,0.026674999999999907
AOA,Zoo,0,209,6300,0.026674999999999907
AOA,Zoo,0,210,6330,0.026674999999999907
AOA,Zoo,0,211,6360,0.026674999999999907
AOA,Zoo,0,212,6390,0.026674999999999907
AOA,Zoo,0,213,6420,0.026674999999999907
AOA,Zoo,0,214,6450,0.026674999999999907
AOA,Zoo,0,215,6480,0.026674999999999907
AOA,Zoo,0,216,6510,0.026674999999999907
AOA,Zoo,0,217,6540,0.026674999999999907
AOA,Zoo,0,218,6570,0.026674999999999907
AOA,Zoo,0,219,6600,0.026674999999999907
AOA,Zoo,0,220,6630,0.026674999999999907
AOA,Zoo,0,221,6660,0.026674999999999907
AOA,Zoo,0,222,6690,0.026674999999999907
AOA,Zoo,0,223,6720,0.026674999999999907
AOA,Zoo,0,224,6750,0.026674999999999907
AOA,Zoo,0,225,6780,0.026674999999999907
AOA,Zoo,0,226,6810,0.026674999999999907
AOA,Zoo,0,227,6840,0.026674999999999907
AOA,Zoo,0,228,6870,0.026674999999999907
AOA,Zoo,0,229,6900,0.026674999999999907
AOA,Zoo,0,230,6930,0.026674999999999907
AOA,Zoo,0,231,6960,0.026674999999999907
AOA,Zoo,0,232,6990,0.026674999999999907
AOA,Zoo,0,233,7020,0.026674999999999907
AOA,Zoo,0,234,7050,0.026674999999999907
AOA,Zoo,0,235,7080,0.026674999999999907
AOA,Zoo,0,236,7110,0.026674999999999907
AOA,Zoo,0,237,7140,0.026674999999999907
AOA,Zoo,0,238,7170,0.026674999999999907
AOA,Zoo,0,239,7200,0.026674999999999907
AOA,Zoo,0,240,7230,0.026674999999999907
AOA,Zoo,0,241,7260,0.026674999999999907
AOA,Zoo,0,242,7290,0.026674999999999907
AOA,Zoo,0,243,7320,0.026674999999999907
AOA,Zoo,0,244,7350,0.026674999999999907
AOA,Zoo,0,245,7380,0.026674999999999907
AOA,Zoo,0,246,7410,0.026674999999999907
AOA,Zoo,0,247,7440,0.026674999999999907
AOA,Zoo,0,248,7470,0.026674999999999907
AOA,Zoo,0,249,7500,0.026674999999999907
AOA,Zoo,0,250,7530,0.026674999999999907
AOA,Zoo,0,251,7560,0.026674999999999907
AOA,Zoo,0,252,7590,0.026674999999999907
AOA,Zoo,0,253,7620,0.026674999999999907
AOA,Zoo,0,254,7650,0.026674999999999907
AOA,Zoo,0,255,7680,0.026674999999999907
AOA,Zoo,0,256,7710,0.026674999999999907
AOA,Zoo,0,257,7740,0.026674999999999907
AOA,Zoo,0,258,7770,0.026674999999999907
AOA,Zoo,0,259,7800,0.026674999999999907
AOA,Zoo,0,260,7830,0.026674999999999907
AOA,Zoo,0,261,7860,0.026674999999999907
AOA,Zoo,0,262,7890,0.026674999999999907
AOA,Zoo,0,263,7920,0.026674999999999907
AOA,Zoo,0,264,7950,0.026674999999999907
AOA,Zoo,0,265,7980,0.026674999999999907
AOA,Zoo,0,266,8010,0.026674999999999907
AOA,Zoo,0,267,8040,0.026674999999999907
AOA,Zoo,0,268,8070,0.026674999999999907
AOA,Zoo,0,269,8100,0.026674999999999907
AOA,Zoo,0,270,8130,0.026674999999999907
AOA,Zoo,0,271,8160,0.026674999999999907
AOA,Zoo,0,272,8190,0.026674999999999907
AOA,Zoo,0,273,8220,0.026674999999999907
AOA,Zoo,0,274,8250,0.026674999999999907
AOA,Zoo,0,275,8280,0.026674999999999907
AOA,Zoo,0,276,8310,0.026674999999999907
AOA,Zoo,0,277,8340,0.026674999999999907
AOA,Zoo,0,278,8370,0.026674999999999907
AOA,Zoo,0,279,8400,0.026674999999999907
AOA,Zoo,0,280,8430,0.026674999999999907
AOA,Zoo,0,281,8460,0.026674999999999907
AOA,Zoo,0,282,8490,0.026674999999999907
AOA,Zoo,0,283,8520,0.026674999999999907
AOA,Zoo,0,284,8550,0.026674999999999907
AOA,Zoo,0,285,8580,0.026674999999999907
AOA,Zoo,0,286,8610,0.026674999999999907
AOA,Zoo,0,287,8640,0.026674999999999907
AOA,Zoo,0,288,8670,0.026674999999999907
AOA,Zoo,0,289,8700,0.026674999999999907
AOA,Zoo,0,290,8730,0.026049999999999907
AOA,Zoo,0,291,8760,0.026049999999999907
AOA,Zoo,0,292,8790,0.026049999999999907
AOA,Zoo,0,293,8820,0.026049999999999907
AOA,Zoo,0,294,8850,0.026049999999999907
AOA,Zoo,0,295,8880,0.026049999999999907
AOA,Zoo,0,296,8910,0.026049999999999907
AOA,Zoo,0,297,8940,0.026049999999999907
AOA,Zoo,0,298,8970,0.026049999999999907
AOA,Zoo,0,299,9000,0.026049999999999907
AOA,Zoo,0,300,9030,0.026049999999999907
AOA,Zoo,0,301,9060,0.026049999999999907
AOA,Zoo,0,302,9090,0.026049999999999907
AOA,Zoo,0,303,9120,0.026049999999999907
AOA,Zoo,0,304,9150,0.026049999999999907
AOA,Zoo,0,305,9180,0.026049999999999907
AOA,Zoo,0,306,9210,0.026049999999999907
AOA,Zoo,0,307,9240,0.026049999999999907
AOA,Zoo,0,308,9270,0.026049999999999907
AOA,Zoo,0,309,9300,0.026049999999999907
AOA,Zoo,0,310,9330,0.026049999999999907
AOA,Zoo,0,311,9360,0.026049999999999907
AOA,Zoo,0,312,9390,0.026049999999999907
AOA,Zoo,0,313,9420,0.026049999999999907
AOA,Zoo,0,314,9450,0.026049999999999907
AOA,Zoo,0,315,9480,0.026049999999999907
AOA,Zoo,0,316,9510,0.026049999999999907
AOA,Zoo,0,317,9540,0.026049999999999907
AOA,Zoo,0,318,9570,0.026049999999999907
AOA,Zoo,0,319,9600,0.026049999999999907
AOA,Zoo,0,320,9630,0.026049999999999907
AOA,Zoo,0,321,9660,0.026049999999999907
AOA,Zoo,0,322,9690,0.026049999999999907
AOA,Zoo,0,323,9720,0.026049999999999907
AOA,Zoo,0,324,9750,0.026049999999999907
AOA,Zoo,0,325,9780,0.026049999999999907
AOA,Zoo,0,326,9810,0.026049999999999907
AOA,Zoo,0,327,9840,0.026049999999999907
AOA,Zoo,0,328,9870,0.026049999999999907
AOA,Zoo,0,329,9900,0.026049999999999907
AOA,Zoo,0,330,9930,0.026049999999999907
AOA,Zoo,0,331,9960,0.026049999999999907
AOA,Zoo,0,332,9990,0.026049999999999907
AOA,Zoo,0,333,10020,0.026049999999999907
AOA,Zoo,0,334,10050,0.026049999999999907
AOA,Zoo,0,335,10080,0.026049999999999907
AOA,Zoo,0,336,10110,0.026049999999999907
AOA,Zoo,0,337,10140,0.026049999999999907
AOA,Zoo,0,338,10170,0.026049999999999907
AOA,Zoo,0,339,10200,0.026049999999999907
AOA,Zoo,0,340,10230,0.026049999999999907
AOA,Zoo,0,341,10260,0.026049999999999907
AOA,Zoo,0,342,10290,0.026049999999999907
AOA,Zoo,0,343,10320,0.026049999999999907
AOA,Zoo,0,344,10350,0.026049999999999907
AOA,Zoo,0,345,10380,0.026049999999999907
AOA,Zoo,0,346,10410,0.026049999999999907
AOA,Zoo,0,347,10440,0.026049999999999907
AOA,Zoo,0,348,10470,0.026049999999999907
AOA,Zoo,0,349,10500,0.026049999999999907
AOA,Zoo,0,350,10530,0.026049999999999907
AOA,Zoo,0,351,10560,0.026049999999999907
AOA,Zoo,0,352,10590,0.026049999999999907
AOA,Zoo,0,353,10620,0.026049999999999907
AOA,Zoo,0,354,10650,0.026049999999999907
AOA,Zoo,0,355,10680,0.026049999999999907
AOA,Zoo,0,356,10710,0.026049999999999907
AOA,Zoo,0,357,10740,0.026049999999999907
AOA,Zoo,0,358,10770,0.026049999999999907
AOA,Zoo,0,359,10800,0.026049999999999907
AOA,Zoo,0,360,10830,0.026049999999999907
AOA,Zoo,0,361,10860,0.026049999999999907
AOA,Zoo,0,362,10890,0.026049999999999907
AOA,Zoo,0,363,10920,0.026049999999999907
AOA,Zoo,0,364,10950,0.026049999999999907
AOA,Zoo,0,365,10980,0.026049999999999907
AOA,Zoo,0,366,11010,0.026049999999999907
AOA,Zoo,0,367,11040,0.026049999999999907
AOA,Zoo,0,368,11070,0.026049999999999907
AOA,Zoo,0,369,11100,0.026049999999999907
AOA,Zoo,0,370,11130,0.026049999999999907
AOA,Zoo,0,371,11160,0.026049999999999907
AOA,Zoo,0,372,11190,0.026049999999999907
AOA,Zoo,0,373,11220,0.026049999999999907
AOA,Zoo,0,374,11250,0.026049999999999907
AOA,Zoo,0,375,11280,0.026049999999999907
AOA,Zoo,0,376,11310,0.026049999999999907
AOA,Zoo,0,377,11340,0.026049999999999907
AOA,Zoo,0,378,11370,0.026049999999999907
AOA,Zoo,0,379,11400,0.026049999999999907
AOA,Zoo,0,380,11430,0.026049999999999907
AOA,Zoo,0,381,11460,0.026049999999999907
AOA,Zoo,0,382,11490,0.026049999999999907
AOA,Zoo,0,383,11520,0.026049999999999907
AOA,Zoo,0,384,11550,0.026049999999999907
AOA,Zoo,0,385,11580,0.026049999999999907
AOA,Zoo,0,386,11610,0.026049999999999907
AOA,Zoo,0,387,11640,0.026049999999999907
AOA,Zoo,0,388,11670,0.026049999999999907
AOA,Zoo,0,389,11700,0.026049999999999907
AOA,Zoo,0,390,11730,0.026049999999999907
AOA,Zoo,0,391,11760,0.026049999999999907
AOA,Zoo,0,392,11790,0.026049999999999907
AOA,Zoo,0,393,11820,0.026049999999999907
AOA,Zoo,0,394,11850,0.026049999999999907
AOA,Zoo,0,395,11880,0.026049999999999907
AOA,Zoo,0,396,11910,0.026049999999999907
AOA,Zoo,0,397,11940,0.026049999999999907
AOA,Zoo,0,398,11970,0.026049999999999907
AOA,Zoo,0,399,12000,0.026049999999999907
AOA,Zoo,0,400,12030,0.026049999999999907
AOA,Zoo,0,401,12060,0.026049999999999907
AOA,Zoo,0,402,12090,0.026049999999999907
AOA,Zoo,0,403,12120,0.026049999999999907
AOA,Zoo,0,404,12150,0.026049999999999907
AOA,Zoo,0,405,12180,0.026049999999999907
AOA,Zoo,0,406,12210,0.026049999999999907
AOA,Zoo,0,407,12240,0.026049999999999907
AOA,Zoo,0,408,12270,0.026049999999999907
AOA,Zoo,0,409,12300,0.026049999999999907
AOA,Zoo,0,410,12330,0.026049999999999907
AOA,Zoo,0,411,12360,0.026049999999999907
AOA,Zoo,0,412,12390,0.026049999999999907
AOA,Zoo,0,413,12420,0.026049999999999907
AOA,Zoo,0,414,12450,0.026049999999999907
AOA,Zoo,0,415,12480,0.026049999999999907
AOA,Zoo,0,416,12510,0.026049999999999907
AOA,Zoo,0,417,12540,0.026049999999999907
AOA,Zoo,0,418,12570,0.026049999999999907
AOA,Zoo,0,419,12600,0.026049999999999907
AOA,Zoo,0,420,12630,0.026049999999999907
AOA,Zoo,0,421,12660,0.026049999999999907
AOA,Zoo,0,422,12690,0.026049999999999907
AOA,Zoo,0,423,12720,0.026049999999999907
AOA,Zoo,0,424,12750,0.026049999999999907
AOA,Zoo,0,425,12780,0.026049999999999907
AOA,Zoo,0,426,12810,0.026049999999999907
AOA,Zoo,0,427,12840,0.026049999999999907
AOA,Zoo,0,428,12870,0.026049999999999907
AOA,Zoo,0,429,12900,0.026049999999999907
AOA,Zoo,0,430,12930,0.026049999999999907
AOA,Zoo,0,431,12960,0.026049999999999907
AOA,Zoo,0,432,12990,0.026049999999999907
AOA,Zoo,0,433,13020,0.026049999999999907
AOA,Zoo,0,434,13050,0.026049999999999907
AOA,Zoo,0,435,13080,0.026049999999999907
AOA,Zoo,0,436,13110,0.026049999999999907
AOA,Zoo,0,437,13140,0.026049999999999907
AOA,Zoo,0,438,13170,0.026049999999999907
AOA,Zoo,0,439,13200,0.026049999999999907
AOA,Zoo,0,440,13230,0.026049999999999907
AOA,Zoo,0,441,13260,0.026049999999999907
AOA,Zoo,0,442,13290,0.026049999999999907
AOA,Zoo,0,443,13320,0.026049999999999907
AOA,Zoo,0,444,13350,0.026049999999999907
AOA,Zoo,0,445,13380,0.026049999999999907
AOA,Zoo,0,446,13410,0.026049999999999907
AOA,Zoo,0,447,13440,0.026049999999999907
AOA,Zoo,0,448,13470,0.026049999999999907
AOA,Zoo,0,449,13500,0.026049999999999907
AOA,Zoo,0,450,13530,0.026049999999999907
AOA,Zoo,0,451,13560,0.026049999999999907
AOA,Zoo,0,452,13590,0.026049999999999907
AOA,Zoo,0,453,13620,0.026049999999999907
AOA,Zoo,0,454,13650,0.026049999999999907
AOA,Zoo,0,455,13680,0.026049999999999907
AOA,Zoo,0,456,13710,0.026049999999999907
AOA,Zoo,0,457,13740,0.026049999999999907
AOA,Zoo,0,458,13770,0.026049999999999907
AOA,Zoo,0,459,13800,0.026049999999999907
AOA,Zoo,0,460,13830,0.026049999999999907
AOA,Zoo,0,461,13860,0.026049999999999907
AOA,Zoo,0,462,13890,0.026049999999999907
AOA,Zoo,0,463,13920,0.026049999999999907
AOA,Zoo,0,464,13950,0.026049999999999907
AOA,Zoo,0,465,13980,0.026049999999999907
AOA,Zoo,0,466,14010,0.026049999999999907
AOA,Zoo,0,467,14040,0.026049999999999907
AOA,Zoo,0,468,14070,0.026049999999999907
AOA,Zoo,0,469,14100,0.026049999999999907
AOA,Zoo,0,470,14130,0.026049999999999907
AOA,Zoo,0,471,14160,0.026049999999999907
AOA,Zoo,0,472,14190,0.026049999999999907
AOA,Zoo,0,473,14220,0.026049999999999907
AOA,Zoo,0,474,14250,0.026049999999999907
AOA,Zoo,0,475,14280,0.026049999999999907
AOA,Zoo,0,476,14310,0.026049999999999907
AOA,Zoo,0,477,14340,0.026049999999999907
AOA,Zoo,0,478,14370,0.026049999999999907
AOA,Zoo,0,479,14400,0.026049999999999907
AOA,Zoo,0,480,14430,0.026049999999999907
AOA,Zoo,0,481,14460,0.026049999999999907
AOA,Zoo,0,482,14490,0.026049999999999907
AOA,Zoo,0,483,14520,0.026049999999999907
AOA,Zoo,0,484,14550,0.026049999999999907
AOA,Zoo,0,485,14580,0.026049999999999907
AOA,Zoo,0,486,14610,0.026049999999999907
AOA,Zoo,0,487,14640,0.026049999999999907
AOA,Zoo,0,488,14670,0.026049999999999907
AOA,Zoo,0,489,14700,0.026049999999999907
AOA,Zoo,0,490,14730,0.026049999999999907
AOA,Zoo,0,491,14760,0.026049999999999907
AOA,Zoo,0,492,14790,0.026049999999999907
AOA,Zoo,0,493,14820,0.026049999999999907
AOA,Zoo,0,494,14850,0.026049999999999907
AOA,Zoo,0,495,14880,0.026049999999999907
AOA,Zoo,0,496,14910,0.026049999999999907
AOA,Zoo,0,497,14940,0.026049999999999907
AOA,Zoo,0,498,14970,0.026049999999999907
AOA,Zoo,0,499,15000,0.026049999999999907
AOA,Zoo,1,0,30,0.04647500000000004
AOA,Zoo,1,1,60,0.04647500000000004
AOA,Zoo,1,2,90,0.04647500000000004
AOA,Zoo,1,3,120,0.04647500000000004
AOA,Zoo,1,4,150,0.04647500000000004
AOA,Zoo,1,5,180,0.04647500000000004
AOA,Zoo,1,6,210,0.04647500000000004
AOA,Zoo,1,7,240,0.04647500000000004
AOA,Zoo,1,8,270,0.04647500000000004
AOA,Zoo,1,9,300,0.04647500000000004
AOA,Zoo,1,10,330,0.04647500000000004
AOA,Zoo,1,11,360,0.04647500000000004
AOA,Zoo,1,12,390,0.04647500000000004
AOA,Zoo,1,13,420,0.04647500000000004
AOA,Zoo,1,14,450,0.04585000000000004
AOA,Zoo,1,15,480,0.04585000000000004
AOA,Zoo,1,16,510,0.04585000000000004
AOA,Zoo,1,17,540,0.04585000000000004
AOA,Zoo,1,18,570,0.04585000000000004
AOA,Zoo,1,19,600,0.04585000000000004
AOA,Zoo,1,20,630,0.04585000000000004
AOA,Zoo,1,21,660,0.04585000000000004
AOA,Zoo,1,22,690,0.04585000000000004
AOA,Zoo,1,23,720,0.04585000000000004
AOA,Zoo,1,24,750,0.04585000000000004
AOA,Zoo,1,25,780,0.037200000000000025
AOA,Zoo,1,26,810,0.037200000000000025
AOA,Zoo,1,27,840,0.037200000000000025
AOA,Zoo,1,28,870,0.037200000000000025
AOA,Zoo,1,29,900,0.037200000000000025
AOA,Zoo,1,30,930,0.037200000000000025
AOA,Zoo,1,31,960,0.037200000000000025
AOA,Zoo,1,32,990,0.037200000000000025
AOA,Zoo,1,33,1020,0.037200000000000025
AOA,Zoo,1,34,1050,0.037200000000000025
AOA,Zoo,1,35,1080,0.037200000000000025
AOA,Zoo,1,36,1110,0.037200000000000025
AOA,Zoo,1,37,1140,0.037200000000000025
AOA,Zoo,1,38,1170,0.037200000000000025
AOA,Zoo,1,39,1200,0.037200000000000025
AOA,Zoo,1,40,1230,0.037200000000000025
AOA,Zoo,1,41,1260,0.037200000000000025
AOA,Zoo,1,42,1290,0.037200000000000025
AOA,Zoo,1,43,1320,0.037200000000000025
AOA,Zoo,1,44,1350,0.037200000000000025
AOA,Zoo,1,45,1380,0.037200000000000025
AOA,Zoo,1,46,1410,0.037200000000000025
AOA,Zoo,1,47,1440,0.037200000000000025
AOA,Zoo,1,48,1470,0.037200000000000025
AOA,Zoo,1,49,1500,0.037200000000000025
AOA,Zoo,1,50,1530,0.037200000000000025
AOA,Zoo,1,51,1560,0.037200000000000025
AOA,Zoo,1,52,1590,0.037200000000000025
AOA,Zoo,1,53,1620,0.037200000000000025
AOA,Zoo,1,54,1650,0.037200000000000025
AOA,Zoo,1,55,1680,0.037200000000000025
AOA,Zoo,1,56,1710,0.037200000000000025
AOA,Zoo,1,57,1740,0.037200000000000025
AOA,Zoo,1,58,1770,0.037200000000000025
AOA,Zoo,1,59,1800,0.037200000000000025
AOA,Zoo,1,60,1830,0.037200000000000025
AOA,Zoo,1,61,1860,0.037200000000000025
AOA,Zoo,1,62,1890,0.037200000000000025
AOA,Zoo,1,63,1920,0.037200000000000025
AOA,Zoo,1,64,1950,0.037200000000000025
AOA,Zoo,1,65,1980,0.03532500000000002
AOA,Zoo,1,66,2010,0.03532500000000002
AOA,Zoo,1,67,2040,0.03532500000000002
AOA,Zoo,1,68,2070,0.03532500000000002
AOA,Zoo,1,69,2100,0.03532500000000002
AOA,Zoo,1,70,2130,0.03532500000000002
AOA,Zoo,1,71,2160,0.03532500000000002
AOA,Zoo,1,72,2190,0.03532500000000002
AOA,Zoo,1,73,2220,0.03532500000000002
AOA,Zoo,1,74,2250,0.03532500000000002
AOA,Zoo,1,75,2280,0.03532500000000002
AOA,Zoo,1,76,2310,0.03532500000000002
AOA,Zoo,1,77,2340,0.03532500000000002
AOA,Zoo,1,78,2370,0.03532500000000002
AOA,Zoo,1,79,2400,0.03532500000000002
AOA,Zoo,1,80,2430,0.03532500000000002
AOA,Zoo,1,81,2460,0.03532500000000002
AOA,Zoo,1,82,2490,0.03532500000000002
AOA,Zoo,1,83,2520,0.03532500000000002
AOA,Zoo,1,84,2550,0.03532500000000002
AOA,Zoo,1,85,2580,0.03532500000000002
AOA,Zoo,1,86,2610,0.03532500000000002
AOA,Zoo,1,87,2640,0.025424999999999906
AOA,Zoo,1,88,2670,0.025424999999999906
AOA,Zoo,1,89,2700,0.025424999999999906
AOA,Zoo,1,90,2730,0.025424999999999906
AOA,Zoo,1,91,2760,0.025424999999999906
AOA,Zoo,1,92,2790,0.025424999999999906
AOA,Zoo,1,93,2820,0.025424999999999906
AOA,Zoo,1,94,2850,0.025424999999999906
AOA,Zoo,1,95,2880,0.025424999999999906
AOA,Zoo,1,96,2910,0.025424999999999906
AOA,Zoo,1,97,2940,0.025424999999999906
AOA,Zoo,1,98,2970,0.025424999999999906
AOA,Zoo,1,99,3000,0.025424999999999906
AOA,Zoo,1,100,3030,0.025424999999999906
AOA,Zoo,1,101,3060,0.025424999999999906
AOA,Zoo,1,102,3090,0.025424999999999906
AOA,Zoo,1,103,3120,0.025424999999999906
AOA,Zoo,1,104,3150,0.025424999999999906
AOA,Zoo,1,105,3180,0.025424999999999906
AOA,Zoo,1,106,3210,0.025424999999999906
AOA,Zoo,1,107,3240,0.025424999999999906
AOA,Zoo,1,108,3270,0.025424999999999906
AOA,Zoo,1,109,3300,0.025424999999999906
AOA,Zoo,1,110,3330,0.025424999999999906
AOA,Zoo,1,111,3360,0.025424999999999906
AOA,Zoo,1,112,3390,0.025424999999999906
AOA,Zoo,1,113,3420,0.025424999999999906
AOA,Zoo,1,114,3450,0.025424999999999906
AOA,Zoo,1,115,3480,0.025424999999999906
AOA,Zoo,1,116,3510,0.025424999999999906
AOA,Zoo,1,117,3540,0.025424999999999906
AOA,Zoo,1,118,3570,0.025424999999999906
AOA,Zoo,1,119,3600,0.025424999999999906
AOA,Zoo,1,120,3630,0.025424999999999906
AOA,Zoo,1,121,3660,0.025424999999999906
AOA,Zoo,1,122,3690,0.025424999999999906
AOA,Zoo,1,123,3720,0.025424999999999906
AOA,Zoo,1,124,3750,0.025424999999999906
AOA,Zoo,1,125,3780,0.025424999999999906
AOA,Zoo,1,126,3810,0.025424999999999906
AOA,Zoo,1,127,3840,0.025424999999999906
AOA,Zoo,1,128,3870,0.025424999999999906
AOA,Zoo,1,129,3900,0.025424999999999906
AOA,Zoo,1,130,3930,0.025424999999999906
AOA,Zoo,1,131,3960,0.025424999999999906
AOA,Zoo,1,132,3990,0.025424999999999906
AOA,Zoo,1,133,4020,0.025424999999999906
AOA,Zoo,1,134,4050,0.025424999999999906
AOA,Zoo,1,135,4080,0.025424999999999906
AOA,Zoo,1,136,4110,0.025424999999999906
AOA,Zoo,1,137,4140,0.025424999999999906
AOA,Zoo,1,138,4170,0.025424999999999906
AOA,Zoo,1,139,4200,0.025424999999999906
AOA,Zoo,1,140,4230,0.025424999999999906
AOA,Zoo,1,141,4260,0.025424999999999906
AOA,Zoo,1,142,4290,0.025424999999999906
AOA,Zoo,1,143,4320,0.025424999999999906
AOA,Zoo,1,144,4350,0.025424999999999906
AOA,Zoo,1,145,4380,0.025424999999999906
AOA,Zoo,1,146,4410,0.025424999999999906
AOA,Zoo,1,147,4440,0.025424999999999906
AOA,Zoo,1,148,4470,0.025424999999999906
AOA,Zoo,1,149,4500,0.025424999999999906
AOA,Zoo,1,150,4530,0.025424999999999906
AOA,Zoo,1,151,4560,0.025424999999999906
AOA,Zoo,1,152,4590,0.025424999999999906
AOA,Zoo,1,153,4620,0.025424999999999906
AOA,Zoo,1,154,4650,0.025424999999999906
AOA,Zoo,1,155,4680,0.025424999999999906
AOA,Zoo,1,156,4710,0.025424999999999906
AOA,Zoo,1,157,4740,0.025424999999999906
AOA,Zoo,1,158,4770,0.025424999999999906
AOA,Zoo,1,159,4800,0.025424999999999906
AOA,Zoo,1,160,4830,0.025424999999999906
AOA,Zoo,1,161,4860,0.025424999999999906
AOA,Zoo,1,162,4890,0.025424999999999906
AOA,Zoo,1,163,4920,0.025424999999999906
AOA,Zoo,1,164,4950,0.025424999999999906
AOA,Zoo,1,165,4980,0.025424999999999906
AOA,Zoo,1,166,5010,0.025424999999999906
AOA,Zoo,1,167,5040,0.025424999999999906
AOA,Zoo,1,168,5070,0.025424999999999906
AOA,Zoo,1,169,5100,0.025424999999999906
AOA,Zoo,1,170,5130,0.025424999999999906
AOA,Zoo,1,171,5160,0.025424999999999906
AOA,Zoo,1,172,5190,0.025424999999999906
AOA,Zoo,1,173,5220,0.025424999999999906
AOA,Zoo,1,174,5250,0.025424999999999906
AOA,Zoo,1,175,5280,0.025424999999999906
AOA,Zoo,1,176,5310,0.025424999999999906
AOA,Zoo,1,177,5340,0.025424999999999906
AOA,Zoo,1,178,5370,0.025424999999999906
AOA,Zoo,1,179,5400,0.025424999999999906
AOA,Zoo,1,180,5430,0.025424999999999906
AOA,Zoo,1,181,5460,0.025424999999999906
AOA,Zoo,1,182,5490,0.025424999999999906
AOA,Zoo,1,183,5520,0.025424999999999906
AOA,Zoo,1,184,5550,0.025424999999999906
AOA,Zoo,1,185,5580,0.025424999999999906
AOA,Zoo,1,186,5610,0.025424999999999906
AOA,Zoo,1,187,5640,0.025424999999999906
AOA,Zoo,1,188,5670,0.025424999999999906
AOA,Zoo,1,189,5700,0.025424999999999906
AOA,Zoo,1,190,5730,0.025424999999999906
AOA,Zoo,1,191,5760,0.025424999999999906
AOA,Zoo,1,192,5790,0.025424999999999906
AOA,Zoo,1,193,5820,0.025424999999999906
AOA,Zoo,1,194,5850,0.025424999999999906
AOA,Zoo,1,195,5880,0.025424999999999906
AOA,Zoo,1,196,5910,0.025424999999999906
AOA,Zoo,1,197,5940,0.025424999999999906
AOA,Zoo,1,198,5970,0.025424999999999906
AOA,Zoo,1,199,6000,0.025424999999999906
AOA,Zoo,1,200,6030,0.025424999999999906
AOA,Zoo,1,201,6060,0.025424999999999906
AOA,Zoo,1,202,6090,0.025424999999999906
AOA,Zoo,1,203,6120,0.025424999999999906
AOA,Zoo,1,204,6150,0.025424999999999906
AOA,Zoo,1,205,6180,0.025424999999999906
AOA,Zoo,1,206,6210,0.025424999999999906
AOA,Zoo,1,207,6240,0.025424999999999906
AOA,Zoo,1,208,6270,0.025424999999999906
AOA,Zoo,1,209,6300,0.025424999999999906
AOA,Zoo,1,210,6330,0.025424999999999906
AOA,Zoo,1,211,6360,0.025424999999999906
AOA,Zoo,1,212,6390,0.025424999999999906
AOA,Zoo,1,213,6420,0.025424999999999906
AOA,Zoo,1,214,6450,0.025424999999999906
AOA,Zoo,1,215,6480,0.025424999999999906
AOA,Zoo,1,216,6510,0.025424999999999906
AOA,Zoo,1,217,6540,0.025424999999999906
AOA,Zoo,1,218,6570,0.025424999999999906
AOA,Zoo,1,219,6600,0.025424999999999906
AOA,Zoo,1,220,6630,0.025424999999999906
AOA,Zoo,1,221,6660,0.025424999999999906
AOA,Zoo,1,222,6690,0.025424999999999906
AOA,Zoo,1,223,6720,0.022924999999999907
AOA,Zoo,1,224,6750,0.022924999999999907
AOA,Zoo,1,225,6780,0.022924999999999907
AOA,Zoo,1,226,6810,0.022924999999999907
AOA,Zoo,1,227,6840,0.022924999999999907
AOA,Zoo,1,228,6870,0.022924999999999907
AOA,Zoo,1,229,6900,0.022924999999999907
AOA,Zoo,1,230,6930,0.022924999999999907
AOA,Zoo,1,231,6960,0.022924999999999907
AOA,Zoo,1,232,6990,0.022924999999999907
AOA,Zoo,1,233,7020,0.022924999999999907
AOA,Zoo,1,234,7050,0.022924999999999907
AOA,Zoo,1,235,7080,0.022924999999999907
AOA,Zoo,1,236,7110,0.022924999999999907
AOA,Zoo,1,237,7140,0.022924999999999907
AOA,Zoo,1,238,7170,0.022924999999999907
AOA,Zoo,1,239,7200,0.022924999999999907
AOA,Zoo,1,240,7230,0.022924999999999907
AOA,Zoo,1,241,7260,0.022924999999999907
AOA,Zoo,1,242,7290,0.022924999999999907
AOA,Zoo,1,243,7320,0.022924999999999907
AOA,Zoo,1,244,7350,0.022924999999999907
AOA,Zoo,1,245,7380,0.022924999999999907
AOA,Zoo,1,246,7410,0.022924999999999907
AOA,Zoo,1,247,7440,0.022924999999999907
AOA,Zoo,1,248,7470,0.022924999999999907
AOA,Zoo,1,249,7500,0.022924999999999907
AOA,Zoo,1,250,7530,0.022924999999999907
AOA,Zoo,1,251,7560,0.022924999999999907
AOA,Zoo,1,252,7590,0.022924999999999907
AOA,Zoo,1,253,7620,0.022924999999999907
AOA,Zoo,1,254,7650,0.022924999999999907
AOA,Zoo,1,255,7680,0.022924999999999907
AOA,Zoo,1,256,7710,0.022924999999999907
AOA,Zoo,1,257,7740,0.022924999999999907
AOA,Zoo,1,258,7770,0.022924999999999907
AOA,Zoo,1,259,7800,0.022924999999999907
AOA,Zoo,1,260,7830,0.022924999999999907
AOA,Zoo,1,261,7860,0.022924999999999907
AOA,Zoo,1,262,7890,0.022924999999999907
AOA,Zoo,1,263,7920,0.022924999999999907
AOA,Zoo,1,264,7950,0.022924999999999907
AOA,Zoo,1,265,7980,0.022924999999999907
AOA,Zoo,1,266,8010,0.022924999999999907
AOA,Zoo,1,267,8040,0.022924999999999907
AOA,Zoo,1,268,8070,0.022924999999999907
AOA,Zoo,1,269,8100,0.022924999999999907
AOA,Zoo,1,270,8130,0.022924999999999907
AOA,Zoo,1,271,8160,0.022924999999999907
AOA,Zoo,1,272,8190,0.022924999999999907
AOA,Zoo,1,273,8220,0.022924999999999907
AOA,Zoo,1,274,8250,0.022924999999999907
AOA,Zoo,1,275,8280,0.022924999999999907
AOA,Zoo,1,276,8310,0.022924999999999907
AOA,Zoo,1,277,8340,0.022924999999999907
AOA,Zoo,1,278,8370,0.022924999999999907
AOA,Zoo,1,279,8400,0.022924999999999907
AOA,Zoo,1,280,8430,0.022924999999999907
AOA,Zoo,1,281,8460,0.022924999999999907
AOA,Zoo,1,282,8490,0.022924999999999907
AOA,Zoo,1,283,8520,0.022924999999999907
AOA,Zoo,1,284,8550,0.022924999999999907
AOA,Zoo,1,285,8580,0.022924999999999907
AOA,Zoo,1,286,8610,0.022924999999999907
AOA,Zoo,1,287,8640,0.022924999999999907
AOA,Zoo,1,288,8670,0.022924999999999907
AOA,Zoo,1,289,8700,0.022924999999999907
AOA,Zoo,1,290,8730,0.022924999999999907
AOA,Zoo,1,291,8760,0.022924999999999907
AOA,Zoo,1,292,8790,0.022924999999999907
AOA,Zoo,1,293,8820,0.022924999999999907
AOA,Zoo,1,294,8850,0.022924999999999907
AOA,Zoo,1,295,8880,0.022924999999999907
AOA,Zoo,1,296,8910,0.022924999999999907
AOA,Zoo,1,297,8940,0.022924999999999907
AOA,Zoo,1,298,8970,0.022924999999999907
AOA,Zoo,1,299,9000,0.022924999999999907
AOA,Zoo,1,300,9030,0.022924999999999907
AOA,Zoo,1,301,9060,0.022924999999999907
AOA,Zoo,1,302,9090,0.022924999999999907
AOA,Zoo,1,303,9120,0.022924999999999907
AOA,Zoo,1,304,9150,0.022924999999999907
AOA,Zoo,1,305,9180,0.022924999999999907
AOA,Zoo,1,306,9210,0.022924999999999907
AOA,Zoo,1,307,9240,0.022924999999999907
AOA,Zoo,1,308,9270,0.022924999999999907
AOA,Zoo,1,309,9300,0.022924999999999907
AOA,Zoo,1,310,9330,0.022924999999999907
AOA,Zoo,1,311,9360,0.022924999999999907
AOA,Zoo,1,312,9390,0.022924999999999907
AOA,Zoo,1,313,9420,0.022924999999999907
AOA,Zoo,1,314,9450,0.022924999999999907
AOA,Zoo,1,315,9480,0.022924999999999907
AOA,Zoo,1,316,9510,0.022924999999999907
AOA,Zoo,1,317,9540,0.022924999999999907
AOA,Zoo,1,318,9570,0.022924999999999907
AOA,Zoo,1,319,9600,0.022924999999999907
AOA,Zoo,1,320,9630,0.022924999999999907
AOA,Zoo,1,321,9660,0.022924999999999907
AOA,Zoo,1,322,9690,0.022924999999999907
AOA,Zoo,1,323,9720,0.022924999999999907
AOA,Zoo,1,324,9750,0.022924999999999907
AOA,Zoo,1,325,9780,0.022924999999999907
AOA,Zoo,1,326,9810,0.022924999999999907
AOA,Zoo,1,327,9840,0.022924999999999907
AOA,Zoo,1,328,9870,0.022924999999999907
AOA,Zoo,1,329,9900,0.022924999999999907
AOA,Zoo,1,330,9930,0.022924999999999907
AOA,Zoo,1,331,9960,0.022924999999999907
AOA,Zoo,1,332,9990,0.022924999999999907
AOA,Zoo,1,333,10020,0.022924999999999907
AOA,Zoo,1,334,10050,0.022924999999999907
AOA,Zoo,1,335,10080,0.022924999999999907
AOA,Zoo,1,336,10110,0.022924999999999907
AOA,Zoo,1,337,10140,0.022924999999999907
AOA,Zoo,1,338,10170,0.022924999999999907
AOA,Zoo,1,339,10200,0.022924999999999907
AOA,Zoo,1,340,10230,0.022924999999999907
AOA,Zoo,1,341,10260,0.022924999999999907
AOA,Zoo,1,342,10290,0.022924999999999907
AOA,Zoo,1,343,10320,0.022924999999999907
AOA,Zoo,1,344,10350,0.022924999999999907
AOA,Zoo,1,345,10380,0.022924999999999907
AOA,Zoo,1,346,10410,0.022924999999999907
AOA,Zoo,1,347,10440,0.022924999999999907
AOA,Zoo,1,348,10470,0.022924999999999907
AOA,Zoo,1,349,10500,0.022924999999999907
AOA,Zoo,1,350,10530,0.022924999999999907
AOA,Zoo,1,351,10560,0.022924999999999907
AOA,Zoo,1,352,10590,0.022924999999999907
AOA,Zoo,1,353,10620,0.022924999999999907
AOA,Zoo,1,354,10650,0.022924999999999907
AOA,Zoo,1,355,10680,0.022924999999999907
AOA,Zoo,1,356,10710,0.022924999999999907
AOA,Zoo,1,357,10740,0.022924999999999907
AOA,Zoo,1,358,10770,0.022924999999999907
AOA,Zoo,1,359,10800,0.022924999999999907
AOA,Zoo,1,360,10830,0.022924999999999907
AOA,Zoo,1,361,10860,0.022924999999999907
AOA,Zoo,1,362,10890,0.022924999999999907
AOA,Zoo,1,363,10920,0.022924999999999907
AOA,Zoo,1,364,10950,0.022924999999999907
AOA,Zoo,1,365,10980,0.022924999999999907
AOA,Zoo,1,366,11010,0.022924999999999907
AOA,Zoo,1,367,11040,0.022924999999999907
AOA,Zoo,1,368,11070,0.022924999999999907
AOA,Zoo,1,369,11100,0.022924999999999907
AOA,Zoo,1,370,11130,0.022924999999999907
AOA,Zoo,1,371,11160,0.022924999999999907
AOA,Zoo,1,372,11190,0.022924999999999907
AOA,Zoo,1,373,11220,0.022924999999999907
AOA,Zoo,1,374,11250,0.022924999999999907
AOA,Zoo,1,375,11280,0.022924999999999907
AOA,Zoo,1,376,11310,0.022924999999999907
AOA,Zoo,1,377,11340,0.022924999999999907
AOA,Zoo,1,378,11370,0.022924999999999907
AOA,Zoo,1,379,11400,0.022924999999999907
AOA,Zoo,1,380,11430,0.022924999999999907
AOA,Zoo,1,381,11460,0.022924999999999907
AOA,Zoo,1,382,11490,0.022924999999999907
AOA,Zoo,1,383,11520,0.022924999999999907
AOA,Zoo,1,384,11550,0.022924999999999907
AOA,Zoo,1,385,11580,0.022924999999999907
AOA,Zoo,1,386,11610,0.022924999999999907
AOA,Zoo,1,387,11640,0.022924999999999907
AOA,Zoo,1,388,11670,0.022924999999999907
AOA,Zoo,1,389,11700,0.022924999999999907
AOA,Zoo,1,390,11730,0.022924999999999907
AOA,Zoo,1,391,11760,0.022924999999999907
AOA,Zoo,1,392,11790,0.022924999999999907
AOA,Zoo,1,393,11820,0.022924999999999907
AOA,Zoo,1,394,11850,0.022924999999999907
AOA,Zoo,1,395,11880,0.022924999999999907
AOA,Zoo,1,396,11910,0.022924999999999907
AOA,Zoo,1,397,11940,0.022924999999999907
AOA,Zoo,1,398,11970,0.022924999999999907
AOA,Zoo,1,399,12000,0.022924999999999907
AOA,Zoo,1,400,12030,0.022924999999999907
AOA,Zoo,1,401,12060,0.022924999999999907
AOA,Zoo,1,402,12090,0.022924999999999907
AOA,Zoo,1,403,12120,0.022924999999999907
AOA,Zoo,1,404,12150,0.022924999999999907
AOA,Zoo,1,405,12180,0.022924999999999907
AOA,Zoo,1,406,12210,0.022924999999999907
AOA,Zoo,1,407,12240,0.022924999999999907
AOA,Zoo,1,408,12270,0.022924999999999907
AOA,Zoo,1,409,12300,0.022924999999999907
AOA,Zoo,1,410,12330,0.022924999999999907
AOA,Zoo,1,411,12360,0.022924999999999907
AOA,Zoo,1,412,12390,0.022924999999999907
AOA,Zoo,1,413,12420,0.022924999999999907
AOA,Zoo,1,414,12450,0.022924999999999907
AOA,Zoo,1,415,12480,0.022924999999999907
AOA,Zoo,1,416,12510,0.022924999999999907
AOA,Zoo,1,417,12540,0.022924999999999907
AOA,Zoo,1,418,12570,0.022924999999999907
AOA,Zoo,1,419,12600,0.022924999999999907
AOA,Zoo,1,420,12630,0.022924999999999907
AOA,Zoo,1,421,12660,0.022924999999999907
AOA,Zoo,1,422,12690,0.022924999999999907
AOA,Zoo,1,423,12720,0.022924999999999907
AOA,Zoo,1,424,12750,0.022924999999999907
AOA,Zoo,1,425,12780,0.022924999999999907
AOA,Zoo,1,426,12810,0.022924999999999907
AOA,Zoo,1,427,12840,0.022924999999999907
AOA,Zoo,1,428,12870,0.022924999999999907
AOA,Zoo,1,429,12900,0.022924999999999907
AOA,Zoo,1,430,12930,0.022924999999999907
AOA,Zoo,1,431,12960,0.022924999999999907
AOA,Zoo,1,432,12990,0.022924999999999907
AOA,Zoo,1,433,13020,0.022924999999999907
AOA,Zoo,1,434,13050,0.022924999999999907
AOA,Zoo,1,435,13080,0.022924999999999907
AOA,Zoo,1,436,13110,0.022924999999999907
AOA,Zoo,1,437,13140,0.022924999999999907
AOA,Zoo,1,438,13170,0.022924999999999907
AOA,Zoo,1,439,13200,0.022924999999999907
AOA,Zoo,1,440,13230,0.022924999999999907
AOA,Zoo,1,441,13260,0.022924999999999907
AOA,Zoo,1,442,13290,0.022924999999999907
AOA,Zoo,1,443,13320,0.022924999999999907
AOA,Zoo,1,444,13350,0.022924999999999907
AOA,Zoo,1,445,13380,0.022924999999999907
AOA,Zoo,1,446,13410,0.022924999999999907
AOA,Zoo,1,447,13440,0.022924999999999907
AOA,Zoo,1,448,13470,0.022924999999999907
AOA,Zoo,1,449,13500,0.022924999999999907
AOA,Zoo,1,450,13530,0.022924999999999907
AOA,Zoo,1,451,13560,0.022924999999999907
AOA,Zoo,1,452,13590,0.022924999999999907
AOA,Zoo,1,453,13620,0.022924999999999907
AOA,Zoo,1,454,13650,0.022924999999999907
AOA,Zoo,1,455,13680,0.022924999999999907
AOA,Zoo,1,456,13710,0.022924999999999907
AOA,Zoo,1,457,13740,0.022924999999999907
AOA,Zoo,1,458,13770,0.022924999999999907
AOA,Zoo,1,459,13800,0.022924999999999907
AOA,Zoo,1,460,13830,0.022924999999999907
AOA,Zoo,1,461,13860,0.022924999999999907
AOA,Zoo,1,462,13890,0.022924999999999907
AOA,Zoo,1,463,13920,0.022924999999999907
AOA,Zoo,1,464,13950,0.022924999999999907
AOA,Zoo,1,465,13980,0.022924999999999907
AOA,Zoo,1,466,14010,0.022924999999999907
AOA,Zoo,1,467,14040,0.022924999999999907
AOA,Zoo,1,468,14070,0.022924999999999907
AOA,Zoo,1,469,14100,0.022924999999999907
AOA,Zoo,1,470,14130,0.022924999999999907
AOA,Zoo,1,471,14160,0.022924999999999907
AOA,Zoo,1,472,14190,0.022924999999999907
AOA,Zoo,1,473,14220,0.022924999999999907
AOA,Zoo,1,474,14250,0.022924999999999907
AOA,Zoo,1,475,14280,0.022924999999999907
AOA,Zoo,1,476,14310,0.022924999999999907
AOA,Zoo,1,477,14340,0.022924999999999907
AOA,Zoo,1,478,14370,0.022924999999999907
AOA,Zoo,1,479,14400,0.022924999999999907
AOA,Zoo,1,480,14430,0.022924999999999907
AOA,Zoo,1,481,14460,0.022924999999999907
AOA,Zoo,1,482,14490,0.022924999999999907
AOA,Zoo,1,483,14520,0.022924999999999907
AOA,Zoo,1,484,14550,0.022924999999999907
AOA,Zoo,1,485,14580,0.022924999999999907
AOA,Zoo,1,486,14610,0.022924999999999907
AOA,Zoo,1,487,14640,0.022924999999999907
AOA,Zoo,1,488,14670,0.022924999999999907
AOA,Zoo,1,489,14700,0.022924999999999907
AOA,Zoo,1,490,14730,0.022924999999999907
AOA,Zoo,1,491,14760,0.022924999999999907
AOA,Zoo,1,492,14790,0.022924999999999907
AOA,Zoo,1,493,14820,0.022924999999999907
AOA,Zoo,1,494,14850,0.022924999999999907
AOA,Zoo,1,495,14880,0.022924999999999907
AOA,Zoo,1,496,14910,0.022924999999999907
AOA,Zoo,1,497,14940,0.022924999999999907
AOA,Zoo,1,498,14970,0.022924999999999907
AOA,Zoo,1,499,15000,0.022924999999999907
AOA,Zoo,2,0,30,0.06408214285714282
AOA,Zoo,2,1,60,0.033603571428571524
AOA,Zoo,2,2,90,0.033603571428571524
AOA,Zoo,2,3,120,0.033603571428571524
AOA,Zoo,2,4,150,0.033603571428571524
AOA,Zoo,2,5,180,0.033603571428571524
AOA,Zoo,2,6,210,0.033603571428571524
AOA,Zoo,2,7,240,0.033603571428571524
AOA,Zoo,2,8,270,0.033603571428571524
AOA,Zoo,2,9,300,0.033603571428571524
AOA,Zoo,2,10,330,0.033603571428571524
AOA,Zoo,2,11,360,0.033603571428571524
AOA,Zoo,2,12,390,0.033603571428571524
AOA,Zoo,2,13,420,0.033603571428571524
AOA,Zoo,2,14,450,0.033603571428571524
AOA,Zoo,2,15,480,0.033603571428571524
AOA,Zoo,2,16,510,0.033603571428571524
AOA,Zoo,2,17,540,0.033603571428571524
AOA,Zoo,2,18,570,0.033603571428571524
AOA,Zoo,2,19,600,0.033603571428571524
AOA,Zoo,2,20,630,0.033603571428571524
AOA,Zoo,2,21,660,0.026674999999999907
AOA,Zoo,2,22,690,0.026674999999999907
AOA,Zoo,2,23,720,0.026674999999999907
AOA,Zoo,2,24,750,0.026674999999999907
AOA,Zoo,2,25,780,0.026674999999999907
AOA,Zoo,2,26,810,0.026674999999999907
AOA,Zoo,2,27,840,0.026674999999999907
AOA,Zoo,2,28,870,0.026674999999999907
AOA,Zoo,2,29,900,0.026674999999999907
AOA,Zoo,2,30,930,0.026674999999999907
AOA,Zoo,2,31,960,0.026674999999999907
AOA,Zoo,2,32,990,0.026674999999999907
AOA,Zoo,2,33,1020,0.026674999999999907
AOA,Zoo,2,34,1050,0.026674999999999907
AOA,Zoo,2,35,1080,0.026674999999999907
AOA,Zoo,2,36,1110,0.026674999999999907
AOA,Zoo,2,37,1140,0.026674999999999907
AOA,Zoo,2,38,1170,0.026674999999999907
AOA,Zoo,2,39,1200,0.026203571428571402
AOA,Zoo,2,40,1230,0.026203571428571402
AOA,Zoo,2,41,1260,0.026203571428571402
AOA,Zoo,2,42,1290,0.026203571428571402
AOA,Zoo,2,43,1320,0.026203571428571402
AOA,Zoo,2,44,1350,0.026203571428571402
AOA,Zoo,2,45,1380,0.026203571428571402
AOA,Zoo,2,46,1410,0.026203571428571402
AOA,Zoo,2,47,1440,0.026203571428571402
AOA,Zoo,2,48,1470,0.026203571428571402
AOA,Zoo,2,49,1500,0.026203571428571402
AOA,Zoo,2,50,1530,0.026203571428571402
AOA,Zoo,2,51,1560,0.026203571428571402
AOA,Zoo,2,52,1590,0.026203571428571402
AOA,Zoo,2,53,1620,0.026203571428571402
AOA,Zoo,2,54,1650,0.026203571428571402
AOA,Zoo,2,55,1680,0.026203571428571402
AOA,Zoo,2,56,1710,0.026203571428571402
AOA,Zoo,2,57,1740,0.026203571428571402
AOA,Zoo,2,58,1770,0.026203571428571402
AOA,Zoo,2,59,1800,0.026203571428571402
AOA,Zoo,2,60,1830,0.026203571428571402
AOA,Zoo,2,61,1860,0.026203571428571402
AOA,Zoo,2,62,1890,0.026203571428571402
AOA,Zoo,2,63,1920,0.026203571428571402
AOA,Zoo,2,64,1950,0.026203571428571402
AOA,Zoo,2,65,1980,0.026203571428571402
AOA,Zoo,2,66,2010,0.026203571428571402
AOA,Zoo,2,67,2040,0.026203571428571402
AOA,Zoo,2,68,2070,0.026203571428571402
AOA,Zoo,2,69,2100,0.026203571428571402
AOA,Zoo,2,70,2130,0.026203571428571402
AOA,Zoo,2,71,2160,0.026203571428571402
AOA,Zoo,2,72,2190,0.026203571428571402
AOA,Zoo,2,73,2220,0.026203571428571402
AOA,Zoo,2,74,2250,0.026203571428571402
AOA,Zoo,2,75,2280,0.026203571428571402
AOA,Zoo,2,76,2310,0.026203571428571402
AOA,Zoo,2,77,2340,0.026203571428571402
AOA,Zoo,2,78,2370,0.026203571428571402
AOA,Zoo,2,79,2400,0.026203571428571402
AOA,Zoo,2,80,2430,0.026203571428571402
AOA,Zoo,2,81,2460,0.026203571428571402
AOA,Zoo,2,82,2490,0.026203571428571402
AOA,Zoo,2,83,2520,0.026203571428571402
AOA,Zoo,2,84,2550,0.026203571428571402
AOA,Zoo,2,85,2580,0.026203571428571402
AOA,Zoo,2,86,2610,0.026203571428571402
AOA,Zoo,2,87,2640,0.026203571428571402
AOA,Zoo,2,88,2670,0.026203571428571402
AOA,Zoo,2,89,2700,0.026203571428571402
AOA,Zoo,2,90,2730,0.026203571428571402
AOA,Zoo,2,91,2760,0.026203571428571402
AOA,Zoo,2,92,2790,0.026203571428571402
AOA,Zoo,2,93,2820,0.026203571428571402
AOA,Zoo,2,94,2850,0.026203571428571402
AOA,Zoo,2,95,2880,0.026203571428571402
AOA,Zoo,2,96,2910,0.026203571428571402
AOA,Zoo,2,97,2940,0.026203571428571402
AOA,Zoo,2,98,2970,0.026203571428571402
AOA,Zoo,2,99,3000,0.026203571428571402
AOA,Zoo,2,100,3030,0.026203571428571402
AOA,Zoo,2,101,3060,0.026203571428571402
AOA,Zoo,2,102,3090,0.026203571428571402
AOA,Zoo,2,103,3120,0.026203571428571402
AOA,Zoo,2,104,3150,0.026203571428571402
AOA,Zoo,2,105,3180,0.026203571428571402
AOA,Zoo,2,106,3210,0.026203571428571402
AOA,Zoo,2,107,3240,0.026203571428571402
AOA,Zoo,2,108,3270,0.026203571428571402
AOA,Zoo,2,109,3300,0.026203571428571402
AOA,Zoo,2,110,3330,0.026203571428571402
AOA,Zoo,2,111,3360,0.026203571428571402
AOA,Zoo,2,112,3390,0.026203571428571402
AOA,Zoo,2,113,3420,0.026203571428571402
AOA,Zoo,2,114,3450,0.026203571428571402
AOA,Zoo,2,115,3480,0.026203571428571402
AOA,Zoo,2,116,3510,0.026203571428571402
AOA,Zoo,2,117,3540,0.026203571428571402
AOA,Zoo,2,118,3570,0.026203571428571402
AOA,Zoo,2,119,3600,0.026203571428571402
AOA,Zoo,2,120,3630,0.026203571428571402
AOA,Zoo,2,121,3660,0.026203571428571402
AOA,Zoo,2,122,3690,0.026203571428571402
AOA,Zoo,2,123,3720,0.026203571428571402
AOA,Zoo,2,124,3750,0.026203571428571402
AOA,Zoo,2,125,3780,0.026203571428571402
AOA,Zoo,2,126,3810,0.026203571428571402
AOA,Zoo,2,127,3840,0.026203571428571402
AOA,Zoo,2,128,3870,0.026203571428571402
AOA,Zoo,2,129,3900,0.026203571428571402
AOA,Zoo,2,130,3930,0.026203571428571402
AOA,Zoo,2,131,3960,0.026203571428571402
AOA,Zoo,2,132,3990,0.026203571428571402
AOA,Zoo,2,133,4020,0.026203571428571402
AOA,Zoo,2,134,4050,0.026203571428571402
AOA,Zoo,2,135,4080,0.026203571428571402
AOA,Zoo,2,136,4110,0.026203571428571402
AOA,Zoo,2,137,4140,0.026203571428571402
AOA,Zoo,2,138,4170,0.026203571428571402
AOA,Zoo,2,139,4200,0.026203571428571402
AOA,Zoo,2,140,4230,0.026203571428571402
AOA,Zoo,2,141,4260,0.026203571428571402
AOA,Zoo,2,142,4290,0.026203571428571402
AOA,Zoo,2,143,4320,0.026203571428571402
AOA,Zoo,2,144,4350,0.026203571428571402
AOA,Zoo,2,145,4380,0.026203571428571402
AOA,Zoo,2,146,4410,0.026203571428571402
AOA,Zoo,2,147,4440,0.026203571428571402
AOA,Zoo,2,148,4470,0.026203571428571402
AOA,Zoo,2,149,4500,0.026203571428571402
AOA,Zoo,2,150,4530,0.026203571428571402
AOA,Zoo,2,151,4560,0.026203571428571402
AOA,Zoo,2,152,4590,0.026203571428571402
AOA,Zoo,2,153,4620,0.026203571428571402
AOA,Zoo,2,154,4650,0.026203571428571402
AOA,Zoo,2,155,4680,0.026203571428571402
AOA,Zoo,2,156,4710,0.026203571428571402
AOA,Zoo,2,157,4740,0.026203571428571402
AOA,Zoo,2,158,4770,0.026203571428571402
AOA,Zoo,2,159,4800,0.026203571428571402
AOA,Zoo,2,160,4830,0.026203571428571402
AOA,Zoo,2,161,4860,0.026203571428571402
AOA,Zoo,2,162,4890,0.026203571428571402
AOA,Zoo,2,163,4920,0.026203571428571402
AOA,Zoo,2,164,4950,0.026203571428571402
AOA,Zoo,2,165,4980,0.026203571428571402
AOA,Zoo,2,166,5010,0.026203571428571402
AOA,Zoo,2,167,5040,0.026203571428571402
AOA,Zoo,2,168,5070,0.026203571428571402
AOA,Zoo,2,169,5100,0.026203571428571402
AOA,Zoo,2,170,5130,0.026203571428571402
AOA,Zoo,2,171,5160,0.026203571428571402
AOA,Zoo,2,172,5190,0.026203571428571402
AOA,Zoo,2,173,5220,0.026203571428571402
AOA,Zoo,2,174,5250,0.026203571428571402
AOA,Zoo,2,175,5280,0.026203571428571402
AOA,Zoo,2,176,5310,0.026203571428571402
AOA,Zoo,2,177,5340,0.026203571428571402
AOA,Zoo,2,178,5370,0.026203571428571402
AOA,Zoo,2,179,5400,0.026203571428571402
AOA,Zoo,2,180,5430,0.026203571428571402
AOA,Zoo,2,181,5460,0.026203571428571402
AOA,Zoo,2,182,5490,0.026203571428571402
AOA,Zoo,2,183,5520,0.026203571428571402
AOA,Zoo,2,184,5550,0.026203571428571402
AOA,Zoo,2,185,5580,0.026203571428571402
AOA,Zoo,2,186,5610,0.026203571428571402
AOA,Zoo,2,187,5640,0.026203571428571402
AOA,Zoo,2,188,5670,0.026203571428571402
AOA,Zoo,2,189,5700,0.026203571428571402
AOA,Zoo,2,190,5730,0.026203571428571402
AOA,Zoo,2,191,5760,0.026203571428571402
AOA,Zoo,2,192,5790,0.026203571428571402
AOA,Zoo,2,193,5820,0.026203571428571402
AOA,Zoo,2,194,5850,0.026203571428571402
AOA,Zoo,2,195,5880,0.026203571428571402
AOA,Zoo,2,196,5910,0.026203571428571402
AOA,Zoo,2,197,5940,0.026203571428571402
AOA,Zoo,2,198,5970,0.026203571428571402
AOA,Zoo,2,199,6000,0.026203571428571402
AOA,Zoo,2,200,6030,0.026203571428571402
AOA,Zoo,2,201,6060,0.026203571428571402
AOA,Zoo,2,202,6090,0.026203571428571402
AOA,Zoo,2,203,6120,0.026203571428571402
AOA,Zoo,2,204,6150,0.026203571428571402
AOA,Zoo,2,205,6180,0.026203571428571402
AOA,Zoo,2,206,6210,0.026203571428571402
AOA,Zoo,2,207,6240,0.026203571428571402
AOA,Zoo,2,208,6270,0.026203571428571402
AOA,Zoo,2,209,6300,0.026203571428571402
AOA,Zoo,2,210,6330,0.026203571428571402
AOA,Zoo,2,211,6360,0.026203571428571402
AOA,Zoo,2,212,6390,0.026203571428571402
AOA,Zoo,2,213,6420,0.026203571428571402
AOA,Zoo,2,214,6450,0.026203571428571402
AOA,Zoo,2,215,6480,0.026203571428571402
AOA,Zoo,2,216,6510,0.026203571428571402
AOA,Zoo,2,217,6540,0.026203571428571402
AOA,Zoo,2,218,6570,0.026203571428571402
AOA,Zoo,2,219,6600,0.026203571428571402
AOA,Zoo,2,220,6630,0.026203571428571402
AOA,Zoo,2,221,6660,0.026203571428571402
AOA,Zoo,2,222,6690,0.026203571428571402
AOA,Zoo,2,223,6720,0.026203571428571402
AOA,Zoo,2,224,6750,0.026203571428571402
AOA,Zoo,2,225,6780,0.026203571428571402
AOA,Zoo,2,226,6810,0.026203571428571402
AOA,Zoo,2,227,6840,0.026203571428571402
AOA,Zoo,2,228,6870,0.026203571428571402
AOA,Zoo,2,229,6900,0.026203571428571402
AOA,Zoo,2,230,6930,0.026203571428571402
AOA,Zoo,2,231,6960,0.026203571428571402
AOA,Zoo,2,232,6990,0.026203571428571402
AOA,Zoo,2,233,7020,0.026203571428571402
AOA,Zoo,2,234,7050,0.026203571428571402
AOA,Zoo,2,235,7080,0.026203571428571402
AOA,Zoo,2,236,7110,0.026203571428571402
AOA,Zoo,2,237,7140,0.026203571428571402
AOA,Zoo,2,238,7170,0.026203571428571402
AOA,Zoo,2,239,7200,0.026203571428571402
AOA,Zoo,2,240,7230,0.026203571428571402
AOA,Zoo,2,241,7260,0.026203571428571402
AOA,Zoo,2,242,7290,0.026203571428571402
AOA,Zoo,2,243,7320,0.026203571428571402
AOA,Zoo,2,244,7350,0.026203571428571402
AOA,Zoo,2,245,7380,0.026203571428571402
AOA,Zoo,2,246,7410,0.026203571428571402
AOA,Zoo,2,247,7440,0.026203571428571402
AOA,Zoo,2,248,7470,0.026203571428571402
AOA,Zoo,2,249,7500,0.026203571428571402
AOA,Zoo,2,250,7530,0.026203571428571402
AOA,Zoo,2,251,7560,0.026203571428571402
AOA,Zoo,2,252,7590,0.026203571428571402
AOA,Zoo,2,253,7620,0.026203571428571402
AOA,Zoo,2,254,7650,0.026203571428571402
AOA,Zoo,2,255,7680,0.026203571428571402
AOA,Zoo,2,256,7710,0.026203571428571402
AOA,Zoo,2,257,7740,0.026203571428571402
AOA,Zoo,2,258,7770,0.026203571428571402
AOA,Zoo,2,259,7800,0.026203571428571402
AOA,Zoo,2,260,7830,0.026203571428571402
AOA,Zoo,2,261,7860,0.026203571428571402
AOA,Zoo,2,262,7890,0.026203571428571402
AOA,Zoo,2,263,7920,0.026203571428571402
AOA,Zoo,2,264,7950,0.026203571428571402
AOA,Zoo,2,265,7980,0.026203571428571402
AOA,Zoo,2,266,8010,0.026203571428571402
AOA,Zoo,2,267,8040,0.026203571428571402
AOA,Zoo,2,268,8070,0.026203571428571402
AOA,Zoo,2,269,8100,0.026203571428571402
AOA,Zoo,2,270,8130,0.026203571428571402
AOA,Zoo,2,271,8160,0.026203571428571402
AOA,Zoo,2,272,8190,0.026203571428571402
AOA,Zoo,2,273,8220,0.026203571428571402
AOA,Zoo,2,274,8250,0.026203571428571402
AOA,Zoo,2,275,8280,0.026203571428571402
AOA,Zoo,2,276,8310,0.026203571428571402
AOA,Zoo,2,277,8340,0.026203571428571402
AOA,Zoo,2,278,8370,0.026203571428571402
AOA,Zoo,2,279,8400,0.026203571428571402
AOA,Zoo,2,280,8430,0.026203571428571402
AOA,Zoo,2,281,8460,0.026203571428571402
AOA,Zoo,2,282,8490,0.026203571428571402
AOA,Zoo,2,283,8520,0.026203571428571402
AOA,Zoo,2,284,8550,0.026203571428571402
AOA,Zoo,2,285,8580,0.026203571428571402
AOA,Zoo,2,286,8610,0.026203571428571402
AOA,Zoo,2,287,8640,0.026203571428571402
AOA,Zoo,2,288,8670,0.026203571428571402
AOA,Zoo,2,289,8700,0.026203571428571402
AOA,Zoo,2,290,8730,0.026203571428571402
AOA,Zoo,2,291,8760,0.026203571428571402
AOA,Zoo,2,292,8790,0.026203571428571402
AOA,Zoo,2,293,8820,0.026203571428571402
AOA,Zoo,2,294,8850,0.026203571428571402
AOA,Zoo,2,295,8880,0.026203571428571402
AOA,Zoo,2,296,8910,0.026203571428571402
AOA,Zoo,2,297,8940,0.026203571428571402
AOA,Zoo,2,298,8970,0.026203571428571402
AOA,Zoo,2,299,9000,0.026203571428571402
AOA,Zoo,2,300,9030,0.026203571428571402
AOA,Zoo,2,301,9060,0.026203571428571402
AOA,Zoo,2,302,9090,0.026203571428571402
AOA,Zoo,2,303,9120,0.026203571428571402
AOA,Zoo,2,304,9150,0.026203571428571402
AOA,Zoo,2,305,9180,0.026203571428571402
AOA,Zoo,2,306,9210,0.026203571428571402
AOA,Zoo,2,307,9240,0.026203571428571402
AOA,Zoo,2,308,9270,0.026203571428571402
AOA,Zoo,2,309,9300,0.026203571428571402
AOA,Zoo,2,310,9330,0.026203571428571402
AOA,Zoo,2,311,9360,0.026203571428571402
AOA,Zoo,2,312,9390,0.026203571428571402
AOA,Zoo,2,313,9420,0.026203571428571402
AOA,Zoo,2,314,9450,0.026203571428571402
AOA,Zoo,2,315,9480,0.026203571428571402
AOA,Zoo,2,316,9510,0.026203571428571402
AOA,Zoo,2,317,9540,0.026203571428571402
AOA,Zoo,2,318,9570,0.026203571428571402
AOA,Zoo,2,319,9600,0.026203571428571402
AOA,Zoo,2,320,9630,0.026203571428571402
AOA,Zoo,2,321,9660,0.026203571428571402
AOA,Zoo,2,322,9690,0.026203571428571402
AOA,Zoo,2,323,9720,0.026203571428571402
AOA,Zoo,2,324,9750,0.026203571428571402
AOA,Zoo,2,325,9780,0.026203571428571402
AOA,Zoo,2,326,9810,0.026203571428571402
AOA,Zoo,2,327,9840,0.026203571428571402
AOA,Zoo,2,328,9870,0.026203571428571402
AOA,Zoo,2,329,9900,0.026203571428571402
AOA,Zoo,2,330,9930,0.026203571428571402
AOA,Zoo,2,331,9960,0.026203571428571402
AOA,Zoo,2,332,9990,0.026203571428571402
AOA,Zoo,2,333,10020,0.026203571428571402
AOA,Zoo,2,334,10050,0.026203571428571402
AOA,Zoo,2,335,10080,0.026203571428571402
AOA,Zoo,2,336,10110,0.026203571428571402
AOA,Zoo,2,337,10140,0.026203571428571402
AOA,Zoo,2,338,10170,0.026203571428571402
AOA,Zoo,2,339,10200,0.026203571428571402
AOA,Zoo,2,340,10230,0.026203571428571402
AOA,Zoo,2,341,10260,0.026203571428571402
AOA,Zoo,2,342,10290,0.026203571428571402
AOA,Zoo,2,343,10320,0.026203571428571402
AOA,Zoo,2,344,10350,0.026203571428571402
AOA,Zoo,2,345,10380,0.026203571428571402
AOA,Zoo,2,346,10410,0.026203571428571402
AOA,Zoo,2,347,10440,0.026203571428571402
AOA,Zoo,2,348,10470,0.026203571428571402
AOA,Zoo,2,349,10500,0.026203571428571402
AOA,Zoo,2,350,10530,0.026203571428571402
AOA,Zoo,2,351,10560,0.026203571428571402
AOA,Zoo,2,352,10590,0.026203571428571402
AOA,Zoo,2,353,10620,0.026203571428571402
AOA,Zoo,2,354,10650,0.026203571428571402
AOA,Zoo,2,355,10680,0.026203571428571402
AOA,Zoo,2,356,10710,0.026203571428571402
AOA,Zoo,2,357,10740,0.026203571428571402
AOA,Zoo,2,358,10770,0.026203571428571402
AOA,Zoo,2,359,10800,0.026203571428571402
AOA,Zoo,2,360,10830,0.026203571428571402
AOA,Zoo,2,361,10860,0.026203571428571402
AOA,Zoo,2,362,10890,0.026203571428571402
AOA,Zoo,2,363,10920,0.026203571428571402
AOA,Zoo,2,364,10950,0.026203571428571402
AOA,Zoo,2,365,10980,0.026203571428571402
AOA,Zoo,2,366,11010,0.026203571428571402
AOA,Zoo,2,367,11040,0.026203571428571402
AOA,Zoo,2,368,11070,0.026203571428571402
AOA,Zoo,2,369,11100,0.026203571428571402
AOA,Zoo,2,370,11130,0.026203571428571402
AOA,Zoo,2,371,11160,0.026203571428571402
AOA,Zoo,2,372,11190,0.026203571428571402
AOA,Zoo,2,373,11220,0.026203571428571402
AOA,Zoo,2,374,11250,0.026203571428571402
AOA,Zoo,2,375,11280,0.026203571428571402
AOA,Zoo,2,376,11310,0.026203571428571402
AOA,Zoo,2,377,11340,0.026203571428571402
AOA,Zoo,2,378,11370,0.026203571428571402
AOA,Zoo,2,379,11400,0.026203571428571402
AOA,Zoo,2,380,11430,0.026203571428571402
AOA,Zoo,2,381,11460,0.026203571428571402
AOA,Zoo,2,382,11490,0.026203571428571402
AOA,Zoo,2,383,11520,0.026203571428571402
AOA,Zoo,2,384,11550,0.026203571428571402
AOA,Zoo,2,385,11580,0.026203571428571402
AOA,Zoo,2,386,11610,0.026203571428571402
AOA,Zoo,2,387,11640,0.026203571428571402
AOA,Zoo,2,388,11670,0.026203571428571402
AOA,Zoo,2,389,11700,0.026203571428571402
AOA,Zoo,2,390,11730,0.026203571428571402
AOA,Zoo,2,391,11760,0.026203571428571402
AOA,Zoo,2,392,11790,0.026203571428571402
AOA,Zoo,2,393,11820,0.026203571428571402
AOA,Zoo,2,394,11850,0.026203571428571402
AOA,Zoo,2,395,11880,0.026203571428571402
AOA,Zoo,2,396,11910,0.026203571428571402
AOA,Zoo,2,397,11940,0.026203571428571402
AOA,Zoo,2,398,11970,0.026203571428571402
AOA,Zoo,2,399,12000,0.026203571428571402
AOA,Zoo,2,400,12030,0.026203571428571402
AOA,Zoo,2,401,12060,0.026203571428571402
AOA,Zoo,2,402,12090,0.026203571428571402
AOA,Zoo,2,403,12120,0.026203571428571402
AOA,Zoo,2,404,12150,0.026203571428571402
AOA,Zoo,2,405,12180,0.026203571428571402
AOA,Zoo,2,406,12210,0.026203571428571402
AOA,Zoo,2,407,12240,0.026203571428571402
AOA,Zoo,2,408,12270,0.026203571428571402
AOA,Zoo,2,409,12300,0.026203571428571402
AOA,Zoo,2,410,12330,0.026203571428571402
AOA,Zoo,2,411,12360,0.026203571428571402
AOA,Zoo,2,412,12390,0.026203571428571402
AOA,Zoo,2,413,12420,0.026203571428571402
AOA,Zoo,2,414,12450,0.026203571428571402
AOA,Zoo,2,415,12480,0.026203571428571402
AOA,Zoo,2,416,12510,0.026203571428571402
AOA,Zoo,2,417,12540,0.026203571428571402
AOA,Zoo,2,418,12570,0.026203571428571402
AOA,Zoo,2,419,12600,0.026203571428571402
AOA,Zoo,2,420,12630,0.026203571428571402
AOA,Zoo,2,421,12660,0.026203571428571402
AOA,Zoo,2,422,12690,0.026203571428571402
AOA,Zoo,2,423,12720,0.026203571428571402
AOA,Zoo,2,424,12750,0.026203571428571402
AOA,Zoo,2,425,12780,0.026203571428571402
AOA,Zoo,2,426,12810,0.026203571428571402
AOA,Zoo,2,427,12840,0.026203571428571402
AOA,Zoo,2,428,12870,0.026203571428571402
AOA,Zoo,2,429,12900,0.026203571428571402
AOA,Zoo,2,430,12930,0.026203571428571402
AOA,Zoo,2,431,12960,0.026203571428571402
AOA,Zoo,2,432,12990,0.026203571428571402
AOA,Zoo,2,433,13020,0.026203571428571402
AOA,Zoo,2,434,13050,0.026203571428571402
AOA,Zoo,2,435,13080,0.026203571428571402
AOA,Zoo,2,436,13110,0.026203571428571402
AOA,Zoo,2,437,13140,0.026203571428571402
AOA,Zoo,2,438,13170,0.026203571428571402
AOA,Zoo,2,439,13200,0.026203571428571402
AOA,Zoo,2,440,13230,0.026203571428571402
AOA,Zoo,2,441,13260,0.026203571428571402
AOA,Zoo,2,442,13290,0.026203571428571402
AOA,Zoo,2,443,13320,0.026203571428571402
AOA,Zoo,2,444,13350,0.026203571428571402
AOA,Zoo,2,445,13380,0.026203571428571402
AOA,Zoo,2,446,13410,0.026203571428571402
AOA,Zoo,2,447,13440,0.026203571428571402
AOA,Zoo,2,448,13470,0.026203571428571402
AOA,Zoo,2,449,13500,0.026203571428571402
AOA,Zoo,2,450,13530,0.026203571428571402
AOA,Zoo,2,451,13560,0.026203571428571402
AOA,Zoo,2,452,13590,0.026203571428571402
AOA,Zoo,2,453,13620,0.026203571428571402
AOA,Zoo,2,454,13650,0.026203571428571402
AOA,Zoo,2,455,13680,0.026203571428571402
AOA,Zoo,2,456,13710,0.026203571428571402
AOA,Zoo,2,457,13740,0.026203571428571402
AOA,Zoo,2,458,13770,0.026203571428571402
AOA,Zoo,2,459,13800,0.026203571428571402
AOA,Zoo,2,460,13830,0.026203571428571402
AOA,Zoo,2,461,13860,0.026203571428571402
AOA,Zoo,2,462,13890,0.026203571428571402
AOA,Zoo,2,463,13920,0.026203571428571402
AOA,Zoo,2,464,13950,0.026203571428571402
AOA,Zoo,2,465,13980,0.026203571428571402
AOA,Zoo,2,466,14010,0.026203571428571402
AOA,Zoo,2,467,14040,0.026203571428571402
AOA,Zoo,2,468,14070,0.026203571428571402
AOA,Zoo,2,469,14100,0.026203571428571402
AOA,Zoo,2,470,14130,0.026203571428571402
AOA,Zoo,2,471,14160,0.026203571428571402
AOA,Zoo,2,472,14190,0.026203571428571402
AOA,Zoo,2,473,14220,0.026203571428571402
AOA,Zoo,2,474,14250,0.026203571428571402
AOA,Zoo,2,475,14280,0.026203571428571402
AOA,Zoo,2,476,14310,0.026203571428571402
AOA,Zoo,2,477,14340,0.026203571428571402
AOA,Zoo,2,478,14370,0.026203571428571402
AOA,Zoo,2,479,14400,0.026203571428571402
AOA,Zoo,2,480,14430,0.026203571428571402
AOA,Zoo,2,481,14460,0.026203571428571402
AOA,Zoo,2,482,14490,0.026203571428571402
AOA,Zoo,2,483,14520,0.026203571428571402
AOA,Zoo,2,484,14550,0.026203571428571402
AOA,Zoo,2,485,14580,0.026203571428571402
AOA,Zoo,2,486,14610,0.026203571428571402
AOA,Zoo,2,487,14640,0.026203571428571402
AOA,Zoo,2,488,14670,0.026203571428571402
AOA,Zoo,2,489,14700,0.026203571428571402
AOA,Zoo,2,490,14730,0.026203571428571402
AOA,Zoo,2,491,14760,0.026203571428571402
AOA,Zoo,2,492,14790,0.026203571428571402
AOA,Zoo,2,493,14820,0.026203571428571402
AOA,Zoo,2,494,14850,0.026203571428571402
AOA,Zoo,2,495,14880,0.026203571428571402
AOA,Zoo,2,496,14910,0.026203571428571402
AOA,Zoo,2,497,14940,0.026203571428571402
AOA,Zoo,2,498,14970,0.026203571428571402
AOA,Zoo,2,499,15000,0.026203571428571402
AOA,Zoo,3,0,30,0.06533214285714305
AOA,Zoo,3,1,60,0.04350357142857142
AOA,Zoo,3,2,90,0.04350357142857142
AOA,Zoo,3,3,120,0.036257142857142904
AOA,Zoo,3,4,150,0.036257142857142904
AOA,Zoo,3,5,180,0.036257142857142904
AOA,Zoo,3,6,210,0.036257142857142904
AOA,Zoo,3,7,240,0.036257142857142904
AOA,Zoo,3,8,270,0.036257142857142904
AOA,Zoo,3,9,300,0.036257142857142904
AOA,Zoo,3,10,330,0.036257142857142904
AOA,Zoo,3,11,360,0.036257142857142904
AOA,Zoo,3,12,390,0.036257142857142904
AOA,Zoo,3,13,420,0.036257142857142904
AOA,Zoo,3,14,450,0.036257142857142904
AOA,Zoo,3,15,480,0.036257142857142904
AOA,Zoo,3,16,510,0.036257142857142904
AOA,Zoo,3,17,540,0.036257142857142904
AOA,Zoo,3,18,570,0.036257142857142904
AOA,Zoo,3,19,600,0.036257142857142904
AOA,Zoo,3,20,630,0.036257142857142904
AOA,Zoo,3,21,660,0.036257142857142904
AOA,Zoo,3,22,690,0.036257142857142904
AOA,Zoo,3,23,720,0.036257142857142904
AOA,Zoo,3,24,750,0.036257142857142904
AOA,Zoo,3,25,780,0.036257142857142904
AOA,Zoo,3,26,810,0.036257142857142904
AOA,Zoo,3,27,840,0.036257142857142904
AOA,Zoo,3,28,870,0.036257142857142904
AOA,Zoo,3,29,900,0.036257142857142904
AOA,Zoo,3,30,930,0.036257142857142904
AOA,Zoo,3,31,960,0.036257142857142904
AOA,Zoo,3,32,990,0.036257142857142904
AOA,Zoo,3,33,1020,0.036257142857142904
AOA,Zoo,3,34,1050,0.036257142857142904
AOA,Zoo,3,35,1080,0.0342285714285713
AOA,Zoo,3,36,1110,0.0342285714285713
AOA,Zoo,3,37,1140,0.0342285714285713
AOA,Zoo,3,38,1170,0.0342285714285713
AOA,Zoo,3,39,1200,0.0342285714285713
AOA,Zoo,3,40,1230,0.0342285714285713
AOA,Zoo,3,41,1260,0.0342285714285713
AOA,Zoo,3,42,1290,0.0342285714285713
AOA,Zoo,3,43,1320,0.0342285714285713
AOA,Zoo,3,44,1350,0.0342285714285713
AOA,Zoo,3,45,1380,0.0342285714285713
AOA,Zoo,3,46,1410,0.0342285714285713
AOA,Zoo,3,47,1440,0.0342285714285713
AOA,Zoo,3,48,1470,0.0342285714285713
AOA,Zoo,3,49,1500,0.0342285714285713
AOA,Zoo,3,50,1530,0.0342285714285713
AOA,Zoo,3,51,1560,0.0342285714285713
AOA,Zoo,3,52,1590,0.0342285714285713
AOA,Zoo,3,53,1620,0.0342285714285713
AOA,Zoo,3,54,1650,0.0342285714285713
AOA,Zoo,3,55,1680,0.0342285714285713
AOA,Zoo,3,56,1710,0.0342285714285713
AOA,Zoo,3,57,1740,0.0342285714285713
AOA,Zoo,3,58,1770,0.0342285714285713
AOA,Zoo,3,59,1800,0.0342285714285713
AOA,Zoo,3,60,1830,0.0342285714285713
AOA,Zoo,3,61,1860,0.0342285714285713
AOA,Zoo,3,62,1890,0.0342285714285713
AOA,Zoo,3,63,1920,0.0342285714285713
AOA,Zoo,3,64,1950,0.0342285714285713
AOA,Zoo,3,65,1980,0.0342285714285713
AOA,Zoo,3,66,2010,0.0342285714285713
AOA,Zoo,3,67,2040,0.0342285714285713
AOA,Zoo,3,68,2070,0.0342285714285713
AOA,Zoo,3,69,2100,0.0342285714285713
AOA,Zoo,3,70,2130,0.0342285714285713
AOA,Zoo,3,71,2160,0.0342285714285713
AOA,Zoo,3,72,2190,0.0342285714285713
AOA,Zoo,3,73,2220,0.0342285714285713
AOA,Zoo,3,74,2250,0.0342285714285713
AOA,Zoo,3,75,2280,0.0342285714285713
AOA,Zoo,3,76,2310,0.0342285714285713
AOA,Zoo,3,77,2340,0.0342285714285713
AOA,Zoo,3,78,2370,0.0342285714285713
AOA,Zoo,3,79,2400,0.0342285714285713
AOA,Zoo,3,80,2430,0.0342285714285713
AOA,Zoo,3,81,2460,0.0342285714285713
AOA,Zoo,3,82,2490,0.0342285714285713
AOA,Zoo,3,83,2520,0.0342285714285713
AOA,Zoo,3,84,2550,0.0342285714285713
AOA,Zoo,3,85,2580,0.0342285714285713
AOA,Zoo,3,86,2610,0.0342285714285713
AOA,Zoo,3,87,2640,0.0342285714285713
AOA,Zoo,3,88,2670,0.0342285714285713
AOA,Zoo,3,89,2700,0.0342285714285713
AOA,Zoo,3,90,2730,0.0342285714285713
AOA,Zoo,3,91,2760,0.0342285714285713
AOA,Zoo,3,92,2790,0.0342285714285713
AOA,Zoo,3,93,2820,0.0342285714285713
AOA,Zoo,3,94,2850,0.0342285714285713
AOA,Zoo,3,95,2880,0.0342285714285713
AOA,Zoo,3,96,2910,0.0342285714285713
AOA,Zoo,3,97,2940,0.0342285714285713
AOA,Zoo,3,98,2970,0.0342285714285713
AOA,Zoo,3,99,3000,0.0342285714285713
AOA,Zoo,3,100,3030,0.0342285714285713
AOA,Zoo,3,101,3060,0.0342285714285713
AOA,Zoo,3,102,3090,0.0342285714285713
AOA,Zoo,3,103,3120,0.0342285714285713
AOA,Zoo,3,104,3150,0.0342285714285713
AOA,Zoo,3,105,3180,0.0342285714285713
AOA,Zoo,3,106,3210,0.0342285714285713
AOA,Zoo,3,107,3240,0.0342285714285713
AOA,Zoo,3,108,3270,0.0342285714285713
AOA,Zoo,3,109,3300,0.0342285714285713
AOA,Zoo,3,110,3330,0.0342285714285713
AOA,Zoo,3,111,3360,0.0342285714285713
AOA,Zoo,3,112,3390,0.0342285714285713
AOA,Zoo,3,113,3420,0.0342285714285713
AOA,Zoo,3,114,3450,0.032978571428571524
AOA,Zoo,3,115,3480,0.032978571428571524
AOA,Zoo,3,116,3510,0.032978571428571524
AOA,Zoo,3,117,3540,0.032978571428571524
AOA,Zoo,3,118,3570,0.032978571428571524
AOA,Zoo,3,119,3600,0.032978571428571524
AOA,Zoo,3,120,3630,0.032978571428571524
AOA,Zoo,3,121,3660,0.032978571428571524
AOA,Zoo,3,122,3690,0.032978571428571524
AOA,Zoo,3,123,3720,0.032978571428571524
AOA,Zoo,3,124,3750,0.032978571428571524
AOA,Zoo,3,125,3780,0.032978571428571524
AOA,Zoo,3,126,3810,0.032978571428571524
AOA,Zoo,3,127,3840,0.032978571428571524
AOA,Zoo,3,128,3870,0.032978571428571524
AOA,Zoo,3,129,3900,0.032978571428571524
AOA,Zoo,3,130,3930,0.032978571428571524
AOA,Zoo,3,131,3960,0.032978571428571524
AOA,Zoo,3,132,3990,0.032978571428571524
AOA,Zoo,3,133,4020,0.032978571428571524
AOA,Zoo,3,134,4050,0.032978571428571524
AOA,Zoo,3,135,4080,0.024482142857142793
AOA,Zoo,3,136,4110,0.024482142857142793
AOA,Zoo,3,137,4140,0.024482142857142793
AOA,Zoo,3,138,4170,0.024482142857142793
AOA,Zoo,3,139,4200,0.024482142857142793
AOA,Zoo,3,140,4230,0.024482142857142793
AOA,Zoo,3,141,4260,0.024482142857142793
AOA,Zoo,3,142,4290,0.024482142857142793
AOA,Zoo,3,143,4320,0.024482142857142793
AOA,Zoo,3,144,4350,0.024482142857142793
AOA,Zoo,3,145,4380,0.024482142857142793
AOA,Zoo,3,146,4410,0.024482142857142793
AOA,Zoo,3,147,4440,0.024482142857142793
AOA,Zoo,3,148,4470,0.024482142857142793
AOA,Zoo,3,149,4500,0.024482142857142793
AOA,Zoo,3,150,4530,0.024482142857142793
AOA,Zoo,3,151,4560,0.024482142857142793
AOA,Zoo,3,152,4590,0.024482142857142793
AOA,Zoo,3,153,4620,0.024482142857142793
AOA,Zoo,3,154,4650,0.024482142857142793
AOA,Zoo,3,155,4680,0.024482142857142793
AOA,Zoo,3,156,4710,0.024482142857142793
AOA,Zoo,3,157,4740,0.024482142857142793
AOA,Zoo,3,158,4770,0.024482142857142793
AOA,Zoo,3,159,4800,0.024482142857142793
AOA,Zoo,3,160,4830,0.024482142857142793
AOA,Zoo,3,161,4860,0.024482142857142793
AOA,Zoo,3,162,4890,0.024482142857142793
AOA,Zoo,3,163,4920,0.024482142857142793
AOA,Zoo,3,164,4950,0.024482142857142793
AOA,Zoo,3,165,4980,0.024482142857142793
AOA,Zoo,3,166,5010,0.024482142857142793
AOA,Zoo,3,167,5040,0.024482142857142793
AOA,Zoo,3,168,5070,0.024482142857142793
AOA,Zoo,3,169,5100,0.024482142857142793
AOA,Zoo,3,170,5130,0.024482142857142793
AOA,Zoo,3,171,5160,0.024482142857142793
AOA,Zoo,3,172,5190,0.024482142857142793
AOA,Zoo,3,173,5220,0.024482142857142793
AOA,Zoo,3,174,5250,0.024482142857142793
AOA,Zoo,3,175,5280,0.024482142857142793
AOA,Zoo,3,176,5310,0.024482142857142793
AOA,Zoo,3,177,5340,0.024482142857142793
AOA,Zoo,3,178,5370,0.024482142857142793
AOA,Zoo,3,179,5400,0.024482142857142793
AOA,Zoo,3,180,5430,0.024482142857142793
AOA,Zoo,3,181,5460,0.024482142857142793
AOA,Zoo,3,182,5490,0.024482142857142793
AOA,Zoo,3,183,5520,0.024482142857142793
AOA,Zoo,3,184,5550,0.024482142857142793
AOA,Zoo,3,185,5580,0.024482142857142793
AOA,Zoo,3,186,5610,0.024482142857142793
AOA,Zoo,3,187,5640,0.024482142857142793
AOA,Zoo,3,188,5670,0.024482142857142793
AOA,Zoo,3,189,5700,0.024482142857142793
AOA,Zoo,3,190,5730,0.024482142857142793
AOA,Zoo,3,191,5760,0.024482142857142793
AOA,Zoo,3,192,5790,0.024482142857142793
AOA,Zoo,3,193,5820,0.024482142857142793
AOA,Zoo,3,194,5850,0.024482142857142793
AOA,Zoo,3,195,5880,0.024482142857142793
AOA,Zoo,3,196,5910,0.024482142857142793
AOA,Zoo,3,197,5940,0.024482142857142793
AOA,Zoo,3,198,5970,0.024482142857142793
AOA,Zoo,3,199,6000,0.024482142857142793
AOA,Zoo,3,200,6030,0.024482142857142793
AOA,Zoo,3,201,6060,0.024482142857142793
AOA,Zoo,3,202,6090,0.024482142857142793
AOA,Zoo,3,203,6120,0.024482142857142793
AOA,Zoo,3,204,6150,0.024482142857142793
AOA,Zoo,3,205,6180,0.024482142857142793
AOA,Zoo,3,206,6210,0.024482142857142793
AOA,Zoo,3,207,6240,0.024482142857142793
AOA,Zoo,3,208,6270,0.024482142857142793
AOA,Zoo,3,209,6300,0.024482142857142793
AOA,Zoo,3,210,6330,0.024482142857142793
AOA,Zoo,3,211,6360,0.024482142857142793
AOA,Zoo,3,212,6390,0.024482142857142793
AOA,Zoo,3,213,6420,0.024482142857142793
AOA,Zoo,3,214,6450,0.024482142857142793
AOA,Zoo,3,215,6480,0.024482142857142793
AOA,Zoo,3,216,6510,0.024482142857142793
AOA,Zoo,3,217,6540,0.024482142857142793
AOA,Zoo,3,218,6570,0.024482142857142793
AOA,Zoo,3,219,6600,0.024482142857142793
AOA,Zoo,3,220,6630,0.024482142857142793
AOA,Zoo,3,221,6660,0.024482142857142793
AOA,Zoo,3,222,6690,0.024482142857142793
AOA,Zoo,3,223,6720,0.024482142857142793
AOA,Zoo,3,224,6750,0.024482142857142793
AOA,Zoo,3,225,6780,0.024482142857142793
AOA,Zoo,3,226,6810,0.024482142857142793
AOA,Zoo,3,227,6840,0.024482142857142793
AOA,Zoo,3,228,6870,0.024482142857142793
AOA,Zoo,3,229,6900,0.024482142857142793
AOA,Zoo,3,230,6930,0.024482142857142793
AOA,Zoo,3,231,6960,0.024482142857142793
AOA,Zoo,3,232,6990,0.024482142857142793
AOA,Zoo,3,233,7020,0.024482142857142793
AOA,Zoo,3,234,7050,0.024482142857142793
AOA,Zoo,3,235,7080,0.024482142857142793
AOA,Zoo,3,236,7110,0.024482142857142793
AOA,Zoo,3,237,7140,0.024482142857142793
AOA,Zoo,3,238,7170,0.024482142857142793
AOA,Zoo,3,239,7200,0.024482142857142793
AOA,Zoo,3,240,7230,0.024482142857142793
AOA,Zoo,3,241,7260,0.024482142857142793
AOA,Zoo,3,242,7290,0.024482142857142793
AOA,Zoo,3,243,7320,0.024482142857142793
AOA,Zoo,3,244,7350,0.024482142857142793
AOA,Zoo,3,245,7380,0.024482142857142793
AOA,Zoo,3,246,7410,0.024482142857142793
AOA,Zoo,3,247,7440,0.024482142857142793
AOA,Zoo,3,248,7470,0.024482142857142793
AOA,Zoo,3,249,7500,0.024482142857142793
AOA,Zoo,3,250,7530,0.024482142857142793
AOA,Zoo,3,251,7560,0.024482142857142793
AOA,Zoo,3,252,7590,0.024482142857142793
AOA,Zoo,3,253,7620,0.024482142857142793
AOA,Zoo,3,254,7650,0.024482142857142793
AOA,Zoo,3,255,7680,0.024482142857142793
AOA,Zoo,3,256,7710,0.024482142857142793
AOA,Zoo,3,257,7740,0.024482142857142793
AOA,Zoo,3,258,7770,0.024482142857142793
AOA,Zoo,3,259,7800,0.024482142857142793
AOA,Zoo,3,260,7830,0.024482142857142793
AOA,Zoo,3,261,7860,0.024482142857142793
AOA,Zoo,3,262,7890,0.024482142857142793
AOA,Zoo,3,263,7920,0.024482142857142793
AOA,Zoo,3,264,7950,0.024482142857142793
AOA,Zoo,3,265,7980,0.024482142857142793
AOA,Zoo,3,266,8010,0.024482142857142793
AOA,Zoo,3,267,8040,0.024482142857142793
AOA,Zoo,3,268,8070,0.024482142857142793
AOA,Zoo,3,269,8100,0.024482142857142793
AOA,Zoo,3,270,8130,0.024482142857142793
AOA,Zoo,3,271,8160,0.024482142857142793
AOA,Zoo,3,272,8190,0.024482142857142793
AOA,Zoo,3,273,8220,0.024482142857142793
AOA,Zoo,3,274,8250,0.024482142857142793
AOA,Zoo,3,275,8280,0.024482142857142793
AOA,Zoo,3,276,8310,0.024482142857142793
AOA,Zoo,3,277,8340,0.024482142857142793
AOA,Zoo,3,278,8370,0.024482142857142793
AOA,Zoo,3,279,8400,0.024482142857142793
AOA,Zoo,3,280,8430,0.024482142857142793
AOA,Zoo,3,281,8460,0.024482142857142793
AOA,Zoo,3,282,8490,0.024482142857142793
AOA,Zoo,3,283,8520,0.024482142857142793
AOA,Zoo,3,284,8550,0.024482142857142793
AOA,Zoo,3,285,8580,0.024482142857142793
AOA,Zoo,3,286,8610,0.024482142857142793
AOA,Zoo,3,287,8640,0.024482142857142793
AOA,Zoo,3,288,8670,0.024482142857142793
AOA,Zoo,3,289,8700,0.024482142857142793
AOA,Zoo,3,290,8730,0.024482142857142793
AOA,Zoo,3,291,8760,0.024482142857142793
AOA,Zoo,3,292,8790,0.024482142857142793
AOA,Zoo,3,293,8820,0.024482142857142793
AOA,Zoo,3,294,8850,0.024482142857142793
AOA,Zoo,3,295,8880,0.024482142857142793
AOA,Zoo,3,296,8910,0.024482142857142793
AOA,Zoo,3,297,8940,0.024482142857142793
AOA,Zoo,3,298,8970,0.024482142857142793
AOA,Zoo,3,299,9000,0.024482142857142793
AOA,Zoo,3,300,9030,0.024482142857142793
AOA,Zoo,3,301,9060,0.024482142857142793
AOA,Zoo,3,302,9090,0.024482142857142793
AOA,Zoo,3,303,9120,0.024482142857142793
AOA,Zoo,3,304,9150,0.024482142857142793
AOA,Zoo,3,305,9180,0.024482142857142793
AOA,Zoo,3,306,9210,0.024482142857142793
AOA,Zoo,3,307,9240,0.024482142857142793
AOA,Zoo,3,308,9270,0.024482142857142793
AOA,Zoo,3,309,9300,0.024482142857142793
AOA,Zoo,3,310,9330,0.024482142857142793
AOA,Zoo,3,311,9360,0.024482142857142793
AOA,Zoo,3,312,9390,0.024482142857142793
AOA,Zoo,3,313,9420,0.024482142857142793
AOA,Zoo,3,314,9450,0.024482142857142793
AOA,Zoo,3,315,9480,0.024482142857142793
AOA,Zoo,3,316,9510,0.024482142857142793
AOA,Zoo,3,317,9540,0.024482142857142793
AOA,Zoo,3,318,9570,0.024482142857142793
AOA,Zoo,3,319,9600,0.024482142857142793
AOA,Zoo,3,320,9630,0.024482142857142793
AOA,Zoo,3,321,9660,0.024482142857142793
AOA,Zoo,3,322,9690,0.024482142857142793
AOA,Zoo,3,323,9720,0.024482142857142793
AOA,Zoo,3,324,9750,0.024482142857142793
AOA,Zoo,3,325,9780,0.024482142857142793
AOA,Zoo,3,326,9810,0.024482142857142793
AOA,Zoo,3,327,9840,0.024482142857142793
AOA,Zoo,3,328,9870,0.024482142857142793
AOA,Zoo,3,329,9900,0.024482142857142793
AOA,Zoo,3,330,9930,0.024482142857142793
AOA,Zoo,3,331,9960,0.024482142857142793
AOA,Zoo,3,332,9990,0.024482142857142793
AOA,Zoo,3,333,10020,0.024482142857142793
AOA,Zoo,3,334,10050,0.024482142857142793
AOA,Zoo,3,335,10080,0.024482142857142793
AOA,Zoo,3,336,10110,0.024482142857142793
AOA,Zoo,3,337,10140,0.024482142857142793
AOA,Zoo,3,338,10170,0.024482142857142793
AOA,Zoo,3,339,10200,0.024482142857142793
AOA,Zoo,3,340,10230,0.024482142857142793
AOA,Zoo,3,341,10260,0.024482142857142793
AOA,Zoo,3,342,10290,0.024482142857142793
AOA,Zoo,3,343,10320,0.024482142857142793
AOA,Zoo,3,344,10350,0.024482142857142793
AOA,Zoo,3,345,10380,0.024482142857142793
AOA,Zoo,3,346,10410,0.024482142857142793
AOA,Zoo,3,347,10440,0.024482142857142793
AOA,Zoo,3,348,10470,0.024482142857142793
AOA,Zoo,3,349,10500,0.024482142857142793
AOA,Zoo,3,350,10530,0.024482142857142793
AOA,Zoo,3,351,10560,0.024482142857142793
AOA,Zoo,3,352,10590,0.024482142857142793
AOA,Zoo,3,353,10620,0.024482142857142793
AOA,Zoo,3,354,10650,0.024482142857142793
AOA,Zoo,3,355,10680,0.024482142857142793
AOA,Zoo,3,356,10710,0.024482142857142793
AOA,Zoo,3,357,10740,0.024482142857142793
AOA,Zoo,3,358,10770,0.024482142857142793
AOA,Zoo,3,359,10800,0.024482142857142793
AOA,Zoo,3,360,10830,0.024482142857142793
AOA,Zoo,3,361,10860,0.024482142857142793
AOA,Zoo,3,362,10890,0.024482142857142793
AOA,Zoo,3,363,10920,0.024482142857142793
AOA,Zoo,3,364,10950,0.024482142857142793
AOA,Zoo,3,365,10980,0.024482142857142793
AOA,Zoo,3,366,11010,0.024482142857142793
AOA,Zoo,3,367,11040,0.024482142857142793
AOA,Zoo,3,368,11070,0.024482142857142793
AOA,Zoo,3,369,11100,0.024482142857142793
AOA,Zoo,3,370,11130,0.024482142857142793
AOA,Zoo,3,371,11160,0.024482142857142793
AOA,Zoo,3,372,11190,0.024482142857142793
AOA,Zoo,3,373,11220,0.024482142857142793
AOA,Zoo,3,374,11250,0.024482142857142793
AOA,Zoo,3,375,11280,0.024482142857142793
AOA,Zoo,3,376,11310,0.024482142857142793
AOA,Zoo,3,377,11340,0.024482142857142793
AOA,Zoo,3,378,11370,0.024482142857142793
AOA,Zoo,3,379,11400,0.024482142857142793
AOA,Zoo,3,380,11430,0.024482142857142793
AOA,Zoo,3,381,11460,0.024482142857142793
AOA,Zoo,3,382,11490,0.024482142857142793
AOA,Zoo,3,383,11520,0.024482142857142793
AOA,Zoo,3,384,11550,0.024482142857142793
AOA,Zoo,3,385,11580,0.024482142857142793
AOA,Zoo,3,386,11610,0.024482142857142793
AOA,Zoo,3,387,11640,0.024482142857142793
AOA,Zoo,3,388,11670,0.024482142857142793
AOA,Zoo,3,389,11700,0.024482142857142793
AOA,Zoo,3,390,11730,0.024482142857142793
AOA,Zoo,3,391,11760,0.024482142857142793
AOA,Zoo,3,392,11790,0.024482142857142793
AOA,Zoo,3,393,11820,0.024482142857142793
AOA,Zoo,3,394,11850,0.024482142857142793
AOA,Zoo,3,395,11880,0.024482142857142793
AOA,Zoo,3,396,11910,0.024482142857142793
AOA,Zoo,3,397,11940,0.024482142857142793
AOA,Zoo,3,398,11970,0.024482142857142793
AOA,Zoo,3,399,12000,0.024482142857142793
AOA,Zoo,3,400,12030,0.024482142857142793
AOA,Zoo,3,401,12060,0.024482142857142793
AOA,Zoo,3,402,12090,0.024482142857142793
AOA,Zoo,3,403,12120,0.024482142857142793
AOA,Zoo,3,404,12150,0.024482142857142793
AOA,Zoo,3,405,12180,0.024482142857142793
AOA,Zoo,3,406,12210,0.024482142857142793
AOA,Zoo,3,407,12240,0.024482142857142793
AOA,Zoo,3,408,12270,0.024482142857142793
AOA,Zoo,3,409,12300,0.024482142857142793
AOA,Zoo,3,410,12330,0.024482142857142793
AOA,Zoo,3,411,12360,0.024482142857142793
AOA,Zoo,3,412,12390,0.024482142857142793
AOA,Zoo,3,413,12420,0.024482142857142793
AOA,Zoo,3,414,12450,0.024482142857142793
AOA,Zoo,3,415,12480,0.024482142857142793
AOA,Zoo,3,416,12510,0.024482142857142793
AOA,Zoo,3,417,12540,0.024482142857142793
AOA,Zoo,3,418,12570,0.024482142857142793
AOA,Zoo,3,419,12600,0.024482142857142793
AOA,Zoo,3,420,12630,0.024482142857142793
AOA,Zoo,3,421,12660,0.024482142857142793
AOA,Zoo,3,422,12690,0.024482142857142793
AOA,Zoo,3,423,12720,0.024482142857142793
AOA,Zoo,3,424,12750,0.024482142857142793
AOA,Zoo,3,425,12780,0.024482142857142793
AOA,Zoo,3,426,12810,0.024482142857142793
AOA,Zoo,3,427,12840,0.024482142857142793
AOA,Zoo,3,428,12870,0.024482142857142793
AOA,Zoo,3,429,12900,0.024482142857142793
AOA,Zoo,3,430,12930,0.024482142857142793
AOA,Zoo,3,431,12960,0.024482142857142793
AOA,Zoo,3,432,12990,0.024482142857142793
AOA,Zoo,3,433,13020,0.024482142857142793
AOA,Zoo,3,434,13050,0.024482142857142793
AOA,Zoo,3,435,13080,0.024482142857142793
AOA,Zoo,3,436,13110,0.024482142857142793
AOA,Zoo,3,437,13140,0.024482142857142793
AOA,Zoo,3,438,13170,0.024482142857142793
AOA,Zoo,3,439,13200,0.024482142857142793
AOA,Zoo,3,440,13230,0.024482142857142793
AOA,Zoo,3,441,13260,0.024482142857142793
AOA,Zoo,3,442,13290,0.024482142857142793
AOA,Zoo,3,443,13320,0.024482142857142793
AOA,Zoo,3,444,13350,0.024482142857142793
AOA,Zoo,3,445,13380,0.024482142857142793
AOA,Zoo,3,446,13410,0.024482142857142793
AOA,Zoo,3,447,13440,0.024482142857142793
AOA,Zoo,3,448,13470,0.024482142857142793
AOA,Zoo,3,449,13500,0.024482142857142793
AOA,Zoo,3,450,13530,0.024482142857142793
AOA,Zoo,3,451,13560,0.024482142857142793
AOA,Zoo,3,452,13590,0.024482142857142793
AOA,Zoo,3,453,13620,0.023078571428571403
AOA,Zoo,3,454,13650,0.023078571428571403
AOA,Zoo,3,455,13680,0.023078571428571403
AOA,Zoo,3,456,13710,0.023078571428571403
AOA,Zoo,3,457,13740,0.023078571428571403
AOA,Zoo,3,458,13770,0.023078571428571403
AOA,Zoo,3,459,13800,0.023078571428571403
AOA,Zoo,3,460,13830,0.023078571428571403
AOA,Zoo,3,461,13860,0.023078571428571403
AOA,Zoo,3,462,13890,0.023078571428571403
AOA,Zoo,3,463,13920,0.023078571428571403
AOA,Zoo,3,464,13950,0.023078571428571403
AOA,Zoo,3,465,13980,0.023078571428571403
AOA,Zoo,3,466,14010,0.023078571428571403
AOA,Zoo,3,467,14040,0.023078571428571403
AOA,Zoo,3,468,14070,0.023078571428571403
AOA,Zoo,3,469,14100,0.023078571428571403
AOA,Zoo,3,470,14130,0.023078571428571403
AOA,Zoo,3,471,14160,0.023078571428571403
AOA,Zoo,3,472,14190,0.023078571428571403
AOA,Zoo,3,473,14220,0.023078571428571403
AOA,Zoo,3,474,14250,0.023078571428571403
AOA,Zoo,3,475,14280,0.023078571428571403
AOA,Zoo,3,476,14310,0.023078571428571403
AOA,Zoo,3,477,14340,0.023078571428571403
AOA,Zoo,3,478,14370,0.023078571428571403
AOA,Zoo,3,479,14400,0.023078571428571403
AOA,Zoo,3,480,14430,0.023078571428571403
AOA,Zoo,3,481,14460,0.023078571428571403
AOA,Zoo,3,482,14490,0.023078571428571403
AOA,Zoo,3,483,14520,0.023078571428571403
AOA,Zoo,3,484,14550,0.023078571428571403
AOA,Zoo,3,485,14580,0.023078571428571403
AOA,Zoo,3,486,14610,0.023078571428571403
AOA,Zoo,3,487,14640,0.023078571428571403
AOA,Zoo,3,488,14670,0.023078571428571403
AOA,Zoo,3,489,14700,0.023078571428571403
AOA,Zoo,3,490,14730,0.023078571428571403
AOA,Zoo,3,491,14760,0.023078571428571403
AOA,Zoo,3,492,14790,0.023078571428571403
AOA,Zoo,3,493,14820,0.023078571428571403
AOA,Zoo,3,494,14850,0.023078571428571403
AOA,Zoo,3,495,14880,0.023078571428571403
AOA,Zoo,3,496,14910,0.023078571428571403
AOA,Zoo,3,497,14940,0.023078571428571403
AOA,Zoo,3,498,14970,0.023078571428571403
AOA,Zoo,3,499,15000,0.023078571428571403
AOA,Zoo,4,0,30,0.06345714285714282
AOA,Zoo,4,1,60,0.06345714285714282
AOA,Zoo,4,2,90,0.06345714285714282
AOA,Zoo,4,3,120,0.04600357142857142
AOA,Zoo,4,4,150,0.04600357142857142
AOA,Zoo,4,5,180,0.04600357142857142
AOA,Zoo,4,6,210,0.04600357142857142
AOA,Zoo,4,7,240,0.04600357142857142
AOA,Zoo,4,8,270,0.04600357142857142
AOA,Zoo,4,9,300,0.04600357142857142
AOA,Zoo,4,10,330,0.04600357142857142
AOA,Zoo,4,11,360,0.04600357142857142
AOA,Zoo,4,12,390,0.04600357142857142
AOA,Zoo,4,13,420,0.04600357142857142
AOA,Zoo,4,14,450,0.04600357142857142
AOA,Zoo,4,15,480,0.04600357142857142
AOA,Zoo,4,16,510,0.04600357142857142
AOA,Zoo,4,17,540,0.04600357142857142
AOA,Zoo,4,18,570,0.04600357142857142
AOA,Zoo,4,19,600,0.03250714285714291
AOA,Zoo,4,20,630,0.03250714285714291
AOA,Zoo,4,21,660,0.03250714285714291
AOA,Zoo,4,22,690,0.03250714285714291
AOA,Zoo,4,23,720,0.03250714285714291
AOA,Zoo,4,24,750,0.03250714285714291
AOA,Zoo,4,25,780,0.03250714285714291
AOA,Zoo,4,26,810,0.03250714285714291
AOA,Zoo,4,27,840,0.03250714285714291
AOA,Zoo,4,28,870,0.03250714285714291
AOA,Zoo,4,29,900,0.03250714285714291
AOA,Zoo,4,30,930,0.03250714285714291
AOA,Zoo,4,31,960,0.03250714285714291
AOA,Zoo,4,32,990,0.03250714285714291
AOA,Zoo,4,33,1020,0.03250714285714291
AOA,Zoo,4,34,1050,0.03250714285714291
AOA,Zoo,4,35,1080,0.03250714285714291
AOA,Zoo,4,36,1110,0.03250714285714291
AOA,Zoo,4,37,1140,0.03250714285714291
AOA,Zoo,4,38,1170,0.03250714285714291
AOA,Zoo,4,39,1200,0.03250714285714291
AOA,Zoo,4,40,1230,0.03250714285714291
AOA,Zoo,4,41,1260,0.03250714285714291
AOA,Zoo,4,42,1290,0.03250714285714291
AOA,Zoo,4,43,1320,0.03250714285714291
AOA,Zoo,4,44,1350,0.03250714285714291
AOA,Zoo,4,45,1380,0.03250714285714291
AOA,Zoo,4,46,1410,0.03250714285714291
AOA,Zoo,4,47,1440,0.03250714285714291
AOA,Zoo,4,48,1470,0.03250714285714291
AOA,Zoo,4,49,1500,0.03250714285714291
AOA,Zoo,4,50,1530,0.03250714285714291
AOA,Zoo,4,51,1560,0.03250714285714291
AOA,Zoo,4,52,1590,0.03250714285714291
AOA,Zoo,4,53,1620,0.03250714285714291
AOA,Zoo,4,54,1650,0.03250714285714291
AOA,Zoo,4,55,1680,0.03250714285714291
AOA,Zoo,4,56,1710,0.03250714285714291
AOA,Zoo,4,57,1740,0.03250714285714291
AOA,Zoo,4,58,1770,0.03250714285714291
AOA,Zoo,4,59,1800,0.03250714285714291
AOA,Zoo,4,60,1830,0.03250714285714291
AOA,Zoo,4,61,1860,0.03250714285714291
AOA,Zoo,4,62,1890,0.03250714285714291
AOA,Zoo,4,63,1920,0.03250714285714291
AOA,Zoo,4,64,1950,0.03250714285714291
AOA,Zoo,4,65,1980,0.03250714285714291
AOA,Zoo,4,66,2010,0.03250714285714291
AOA,Zoo,4,67,2040,0.03250714285714291
AOA,Zoo,4,68,2070,0.03250714285714291
AOA,Zoo,4,69,2100,0.03250714285714291
AOA,Zoo,4,70,2130,0.03250714285714291
AOA,Zoo,4,71,2160,0.03250714285714291
AOA,Zoo,4,72,2190,0.03250714285714291
AOA,Zoo,4,73,2220,0.03250714285714291
AOA,Zoo,4,74,2250,0.03250714285714291
AOA,Zoo,4,75,2280,0.03250714285714291
AOA,Zoo,4,76,2310,0.03250714285714291
AOA,Zoo,4,77,2340,0.03250714285714291
AOA,Zoo,4,78,2370,0.03250714285714291
AOA,Zoo,4,79,2400,0.03250714285714291
AOA,Zoo,4,80,2430,0.03250714285714291
AOA,Zoo,4,81,2460,0.03250714285714291
AOA,Zoo,4,82,2490,0.03250714285714291
AOA,Zoo,4,83,2520,0.03250714285714291
AOA,Zoo,4,84,2550,0.03250714285714291
AOA,Zoo,4,85,2580,0.03250714285714291
AOA,Zoo,4,86,2610,0.03250714285714291
AOA,Zoo,4,87,2640,0.03250714285714291
AOA,Zoo,4,88,2670,0.03250714285714291
AOA,Zoo,4,89,2700,0.03250714285714291
AOA,Zoo,4,90,2730,0.03250714285714291
AOA,Zoo,4,91,2760,0.03250714285714291
AOA,Zoo,4,92,2790,0.03250714285714291
AOA,Zoo,4,93,2820,0.03250714285714291
AOA,Zoo,4,94,2850,0.03250714285714291
AOA,Zoo,4,95,2880,0.03250714285714291
AOA,Zoo,4,96,2910,0.03250714285714291
AOA,Zoo,4,97,2940,0.03250714285714291
AOA,Zoo,4,98,2970,0.026828571428571514
AOA,Zoo,4,99,3000,0.026828571428571514
AOA,Zoo,4,100,3030,0.026828571428571514
AOA,Zoo,4,101,3060,0.026828571428571514
AOA,Zoo,4,102,3090,0.026828571428571514
AOA,Zoo,4,103,3120,0.026828571428571514
AOA,Zoo,4,104,3150,0.026828571428571514
AOA,Zoo,4,105,3180,0.026828571428571514
AOA,Zoo,4,106,3210,0.026828571428571514
AOA,Zoo,4,107,3240,0.026828571428571514
AOA,Zoo,4,108,3270,0.026828571428571514
AOA,Zoo,4,109,3300,0.026828571428571514
AOA,Zoo,4,110,3330,0.025578571428571513
AOA,Zoo,4,111,3360,0.025578571428571513
AOA,Zoo,4,112,3390,0.025578571428571513
AOA,Zoo,4,113,3420,0.025578571428571513
AOA,Zoo,4,114,3450,0.025578571428571513
AOA,Zoo,4,115,3480,0.025578571428571513
AOA,Zoo,4,116,3510,0.025578571428571513
AOA,Zoo,4,117,3540,0.025578571428571513
AOA,Zoo,4,118,3570,0.025578571428571513
AOA,Zoo,4,119,3600,0.025578571428571513
AOA,Zoo,4,120,3630,0.025578571428571513
AOA,Zoo,4,121,3660,0.025578571428571513
AOA,Zoo,4,122,3690,0.025578571428571513
AOA,Zoo,4,123,3720,0.025578571428571513
AOA,Zoo,4,124,3750,0.025578571428571513
AOA,Zoo,4,125,3780,0.025578571428571513
AOA,Zoo,4,126,3810,0.025578571428571513
AOA,Zoo,4,127,3840,0.025578571428571513
AOA,Zoo,4,128,3870,0.025578571428571513
AOA,Zoo,4,129,3900,0.025578571428571513
AOA,Zoo,4,130,3930,0.025578571428571513
AOA,Zoo,4,131,3960,0.025578571428571513
AOA,Zoo,4,132,3990,0.025578571428571513
AOA,Zoo,4,133,4020,0.025578571428571513
AOA,Zoo,4,134,4050,0.025578571428571513
AOA,Zoo,4,135,4080,0.025578571428571513
AOA,Zoo,4,136,4110,0.025578571428571513
AOA,Zoo,4,137,4140,0.025578571428571513
AOA,Zoo,4,138,4170,0.025578571428571513
AOA,Zoo,4,139,4200,0.025578571428571513
AOA,Zoo,4,140,4230,0.025578571428571513
AOA,Zoo,4,141,4260,0.025578571428571513
AOA,Zoo,4,142,4290,0.025578571428571513
AOA,Zoo,4,143,4320,0.025578571428571513
AOA,Zoo,4,144,4350,0.025578571428571513
AOA,Zoo,4,145,4380,0.025578571428571513
AOA,Zoo,4,146,4410,0.025578571428571513
AOA,Zoo,4,147,4440,0.025578571428571513
AOA,Zoo,4,148,4470,0.025578571428571513
AOA,Zoo,4,149,4500,0.025578571428571513
AOA,Zoo,4,150,4530,0.025578571428571513
AOA,Zoo,4,151,4560,0.025578571428571513
AOA,Zoo,4,152,4590,0.025578571428571513
AOA,Zoo,4,153,4620,0.025578571428571513
AOA,Zoo,4,154,4650,0.025578571428571513
AOA,Zoo,4,155,4680,0.025578571428571513
AOA,Zoo,4,156,4710,0.025578571428571513
AOA,Zoo,4,157,4740,0.025578571428571513
AOA,Zoo,4,158,4770,0.025578571428571513
AOA,Zoo,4,159,4800,0.025578571428571513
AOA,Zoo,4,160,4830,0.025578571428571513
AOA,Zoo,4,161,4860,0.025578571428571513
AOA,Zoo,4,162,4890,0.025578571428571513
AOA,Zoo,4,163,4920,0.025578571428571513
AOA,Zoo,4,164,4950,0.025578571428571513
AOA,Zoo,4,165,4980,0.025578571428571513
AOA,Zoo,4,166,5010,0.025578571428571513
AOA,Zoo,4,167,5040,0.025578571428571513
AOA,Zoo,4,168,5070,0.025578571428571513
AOA,Zoo,4,169,5100,0.025578571428571513
AOA,Zoo,4,170,5130,0.025578571428571513
AOA,Zoo,4,171,5160,0.025578571428571513
AOA,Zoo,4,172,5190,0.025578571428571513
AOA,Zoo,4,173,5220,0.025578571428571513
AOA,Zoo,4,174,5250,0.025578571428571513
AOA,Zoo,4,175,5280,0.025578571428571513
AOA,Zoo,4,176,5310,0.025578571428571513
AOA,Zoo,4,177,5340,0.025578571428571513
AOA,Zoo,4,178,5370,0.025578571428571513
AOA,Zoo,4,179,5400,0.025578571428571513
AOA,Zoo,4,180,5430,0.025578571428571513
AOA,Zoo,4,181,5460,0.025578571428571513
AOA,Zoo,4,182,5490,0.025578571428571513
AOA,Zoo,4,183,5520,0.025578571428571513
AOA,Zoo,4,184,5550,0.025578571428571513
AOA,Zoo,4,185,5580,0.025578571428571513
AOA,Zoo,4,186,5610,0.025578571428571513
AOA,Zoo,4,187,5640,0.025578571428571513
AOA,Zoo,4,188,5670,0.025578571428571513
AOA,Zoo,4,189,5700,0.025578571428571513
AOA,Zoo,4,190,5730,0.025578571428571513
AOA,Zoo,4,191,5760,0.025578571428571513
AOA,Zoo,4,192,5790,0.025578571428571513
AOA,Zoo,4,193,5820,0.025578571428571513
AOA,Zoo,4,194,5850,0.025578571428571513
AOA,Zoo,4,195,5880,0.025578571428571513
AOA,Zoo,4,196,5910,0.025578571428571513
AOA,Zoo,4,197,5940,0.025578571428571513
AOA,Zoo,4,198,5970,0.025578571428571513
AOA,Zoo,4,199,6000,0.025578571428571513
AOA,Zoo,4,200,6030,0.025578571428571513
AOA,Zoo,4,201,6060,0.025578571428571513
AOA,Zoo,4,202,6090,0.025578571428571513
AOA,Zoo,4,203,6120,0.025578571428571513
AOA,Zoo,4,204,6150,0.025578571428571513
AOA,Zoo,4,205,6180,0.025578571428571513
AOA,Zoo,4,206,6210,0.025578571428571513
AOA,Zoo,4,207,6240,0.025578571428571513
AOA,Zoo,4,208,6270,0.025578571428571513
AOA,Zoo,4,209,6300,0.025578571428571513
AOA,Zoo,4,210,6330,0.025578571428571513
AOA,Zoo,4,211,6360,0.025578571428571513
AOA,Zoo,4,212,6390,0.025578571428571513
AOA,Zoo,4,213,6420,0.025578571428571513
AOA,Zoo,4,214,6450,0.025578571428571513
AOA,Zoo,4,215,6480,0.025578571428571513
AOA,Zoo,4,216,6510,0.025578571428571513
AOA,Zoo,4,217,6540,0.025578571428571513
AOA,Zoo,4,218,6570,0.025578571428571513
AOA,Zoo,4,219,6600,0.025578571428571513
AOA,Zoo,4,220,6630,0.025578571428571513
AOA,Zoo,4,221,6660,0.025578571428571513
AOA,Zoo,4,222,6690,0.025578571428571513
AOA,Zoo,4,223,6720,0.025578571428571513
AOA,Zoo,4,224,6750,0.025578571428571513
AOA,Zoo,4,225,6780,0.025578571428571513
AOA,Zoo,4,226,6810,0.025578571428571513
AOA,Zoo,4,227,6840,0.025578571428571513
AOA,Zoo,4,228,6870,0.025578571428571513
AOA,Zoo,4,229,6900,0.025578571428571513
AOA,Zoo,4,230,6930,0.025578571428571513
AOA,Zoo,4,231,6960,0.025578571428571513
AOA,Zoo,4,232,6990,0.025578571428571513
AOA,Zoo,4,233,7020,0.025578571428571513
AOA,Zoo,4,234,7050,0.025578571428571513
AOA,Zoo,4,235,7080,0.025578571428571513
AOA,Zoo,4,236,7110,0.025578571428571513
AOA,Zoo,4,237,7140,0.025578571428571513
AOA,Zoo,4,238,7170,0.025578571428571513
AOA,Zoo,4,239,7200,0.025578571428571513
AOA,Zoo,4,240,7230,0.025578571428571513
AOA,Zoo,4,241,7260,0.025578571428571513
AOA,Zoo,4,242,7290,0.025578571428571513
AOA,Zoo,4,243,7320,0.025578571428571513
AOA,Zoo,4,244,7350,0.025578571428571513
AOA,Zoo,4,245,7380,0.025578571428571513
AOA,Zoo,4,246,7410,0.025578571428571513
AOA,Zoo,4,247,7440,0.025578571428571513
AOA,Zoo,4,248,7470,0.025578571428571513
AOA,Zoo,4,249,7500,0.025578571428571513
AOA,Zoo,4,250,7530,0.025578571428571513
AOA,Zoo,4,251,7560,0.025578571428571513
AOA,Zoo,4,252,7590,0.025578571428571513
AOA,Zoo,4,253,7620,0.025578571428571513
AOA,Zoo,4,254,7650,0.025578571428571513
AOA,Zoo,4,255,7680,0.025578571428571513
AOA,Zoo,4,256,7710,0.025578571428571513
AOA,Zoo,4,257,7740,0.025578571428571513
AOA,Zoo,4,258,7770,0.025578571428571513
AOA,Zoo,4,259,7800,0.025578571428571513
AOA,Zoo,4,260,7830,0.025578571428571513
AOA,Zoo,4,261,7860,0.025578571428571513
AOA,Zoo,4,262,7890,0.025578571428571513
AOA,Zoo,4,263,7920,0.025578571428571513
AOA,Zoo,4,264,7950,0.025578571428571513
AOA,Zoo,4,265,7980,0.025578571428571513
AOA,Zoo,4,266,8010,0.025578571428571513
AOA,Zoo,4,267,8040,0.025578571428571513
AOA,Zoo,4,268,8070,0.025578571428571513
AOA,Zoo,4,269,8100,0.025578571428571513
AOA,Zoo,4,270,8130,0.025578571428571513
AOA,Zoo,4,271,8160,0.025578571428571513
AOA,Zoo,4,272,8190,0.025578571428571513
AOA,Zoo,4,273,8220,0.025578571428571513
AOA,Zoo,4,274,8250,0.025578571428571513
AOA,Zoo,4,275,8280,0.025578571428571513
AOA,Zoo,4,276,8310,0.025578571428571513
AOA,Zoo,4,277,8340,0.025578571428571513
AOA,Zoo,4,278,8370,0.025578571428571513
AOA,Zoo,4,279,8400,0.025578571428571513
AOA,Zoo,4,280,8430,0.025578571428571513
AOA,Zoo,4,281,8460,0.025578571428571513
AOA,Zoo,4,282,8490,0.025578571428571513
AOA,Zoo,4,283,8520,0.025578571428571513
AOA,Zoo,4,284,8550,0.025578571428571513
AOA,Zoo,4,285,8580,0.025578571428571513
AOA,Zoo,4,286,8610,0.025578571428571513
AOA,Zoo,4,287,8640,0.025578571428571513
AOA,Zoo,4,288,8670,0.025578571428571513
AOA,Zoo,4,289,8700,0.025578571428571513
AOA,Zoo,4,290,8730,0.025578571428571513
AOA,Zoo,4,291,8760,0.025578571428571513
AOA,Zoo,4,292,8790,0.025578571428571513
AOA,Zoo,4,293,8820,0.025578571428571513
AOA,Zoo,4,294,8850,0.025578571428571513
AOA,Zoo,4,295,8880,0.025578571428571513
AOA,Zoo,4,296,8910,0.025578571428571513
AOA,Zoo,4,297,8940,0.025578571428571513
AOA,Zoo,4,298,8970,0.025578571428571513
AOA,Zoo,4,299,9000,0.025578571428571513
AOA,Zoo,4,300,9030,0.025578571428571513
AOA,Zoo,4,301,9060,0.025578571428571513
AOA,Zoo,4,302,9090,0.025578571428571513
AOA,Zoo,4,303,9120,0.025578571428571513
AOA,Zoo,4,304,9150,0.025578571428571513
AOA,Zoo,4,305,9180,0.025578571428571513
AOA,Zoo,4,306,9210,0.025578571428571513
AOA,Zoo,4,307,9240,0.025578571428571513
AOA,Zoo,4,308,9270,0.025578571428571513
AOA,Zoo,4,309,9300,0.025578571428571513
AOA,Zoo,4,310,9330,0.025578571428571513
AOA,Zoo,4,311,9360,0.025578571428571513
AOA,Zoo,4,312,9390,0.025578571428571513
AOA,Zoo,4,313,9420,0.025578571428571513
AOA,Zoo,4,314,9450,0.025578571428571513
AOA,Zoo,4,315,9480,0.025578571428571513
AOA,Zoo,4,316,9510,0.025578571428571513
AOA,Zoo,4,317,9540,0.025578571428571513
AOA,Zoo,4,318,9570,0.025578571428571513
AOA,Zoo,4,319,9600,0.025578571428571513
AOA,Zoo,4,320,9630,0.025578571428571513
AOA,Zoo,4,321,9660,0.025578571428571513
AOA,Zoo,4,322,9690,0.025578571428571513
AOA,Zoo,4,323,9720,0.025578571428571513
AOA,Zoo,4,324,9750,0.025578571428571513
AOA,Zoo,4,325,9780,0.025578571428571513
AOA,Zoo,4,326,9810,0.025578571428571513
AOA,Zoo,4,327,9840,0.025578571428571513
AOA,Zoo,4,328,9870,0.025578571428571513
AOA,Zoo,4,329,9900,0.025578571428571513
AOA,Zoo,4,330,9930,0.025578571428571513
AOA,Zoo,4,331,9960,0.025578571428571513
AOA,Zoo,4,332,9990,0.025578571428571513
AOA,Zoo,4,333,10020,0.025578571428571513
AOA,Zoo,4,334,10050,0.025578571428571513
AOA,Zoo,4,335,10080,0.025578571428571513
AOA,Zoo,4,336,10110,0.025578571428571513
AOA,Zoo,4,337,10140,0.025578571428571513
AOA,Zoo,4,338,10170,0.025578571428571513
AOA,Zoo,4,339,10200,0.023078571428571514
AOA,Zoo,4,340,10230,0.023078571428571514
AOA,Zoo,4,341,10260,0.023078571428571514
AOA,Zoo,4,342,10290,0.023078571428571514
AOA,Zoo,4,343,10320,0.023078571428571514
AOA,Zoo,4,344,10350,0.023078571428571514
AOA,Zoo,4,345,10380,0.023078571428571514
AOA,Zoo,4,346,10410,0.023078571428571514
AOA,Zoo,4,347,10440,0.023078571428571514
AOA,Zoo,4,348,10470,0.023078571428571514
AOA,Zoo,4,349,10500,0.023078571428571514
AOA,Zoo,4,350,10530,0.023078571428571514
AOA,Zoo,4,351,10560,0.023078571428571514
AOA,Zoo,4,352,10590,0.023078571428571514
AOA,Zoo,4,353,10620,0.023078571428571514
AOA,Zoo,4,354,10650,0.023078571428571514
AOA,Zoo,4,355,10680,0.023078571428571514
AOA,Zoo,4,356,10710,0.023078571428571514
AOA,Zoo,4,357,10740,0.023078571428571514
AOA,Zoo,4,358,10770,0.023078571428571514
AOA,Zoo,4,359,10800,0.023078571428571514
AOA,Zoo,4,360,10830,0.023078571428571514
AOA,Zoo,4,361,10860,0.023078571428571514
AOA,Zoo,4,362,10890,0.023078571428571514
AOA,Zoo,4,363,10920,0.023078571428571514
AOA,Zoo,4,364,10950,0.023078571428571514
AOA,Zoo,4,365,10980,0.023078571428571514
AOA,Zoo,4,366,11010,0.023078571428571514
AOA,Zoo,4,367,11040,0.023078571428571514
AOA,Zoo,4,368,11070,0.023078571428571514
AOA,Zoo,4,369,11100,0.023078571428571514
AOA,Zoo,4,370,11130,0.023078571428571514
AOA,Zoo,4,371,11160,0.023078571428571514
AOA,Zoo,4,372,11190,0.023078571428571514
AOA,Zoo,4,373,11220,0.023078571428571514
AOA,Zoo,4,374,11250,0.023078571428571514
AOA,Zoo,4,375,11280,0.023078571428571514
AOA,Zoo,4,376,11310,0.023078571428571514
AOA,Zoo,4,377,11340,0.023078571428571514
AOA,Zoo,4,378,11370,0.023078571428571514
AOA,Zoo,4,379,11400,0.023078571428571514
AOA,Zoo,4,380,11430,0.023078571428571514
AOA,Zoo,4,381,11460,0.023078571428571514
AOA,Zoo,4,382,11490,0.023078571428571514
AOA,Zoo,4,383,11520,0.023078571428571514
AOA,Zoo,4,384,11550,0.023078571428571514
AOA,Zoo,4,385,11580,0.023078571428571514
AOA,Zoo,4,386,11610,0.023078571428571514
AOA,Zoo,4,387,11640,0.023078571428571514
AOA,Zoo,4,388,11670,0.023078571428571514
AOA,Zoo,4,389,11700,0.023078571428571514
AOA,Zoo,4,390,11730,0.023078571428571514
AOA,Zoo,4,391,11760,0.023078571428571514
AOA,Zoo,4,392,11790,0.023078571428571514
AOA,Zoo,4,393,11820,0.023078571428571514
AOA,Zoo,4,394,11850,0.023078571428571514
AOA,Zoo,4,395,11880,0.023078571428571514
AOA,Zoo,4,396,11910,0.023078571428571514
AOA,Zoo,4,397,11940,0.023078571428571514
AOA,Zoo,4,398,11970,0.023078571428571514
AOA,Zoo,4,399,12000,0.023078571428571514
AOA,Zoo,4,400,12030,0.023078571428571514
AOA,Zoo,4,401,12060,0.023078571428571514
AOA,Zoo,4,402,12090,0.023078571428571514
AOA,Zoo,4,403,12120,0.023078571428571514
AOA,Zoo,4,404,12150,0.023078571428571514
AOA,Zoo,4,405,12180,0.023078571428571514
AOA,Zoo,4,406,12210,0.023078571428571514
AOA,Zoo,4,407,12240,0.023078571428571514
AOA,Zoo,4,408,12270,0.023078571428571514
AOA,Zoo,4,409,12300,0.023078571428571514
AOA,Zoo,4,410,12330,0.023078571428571514
AOA,Zoo,4,411,12360,0.023078571428571514
AOA,Zoo,4,412,12390,0.023078571428571514
AOA,Zoo,4,413,12420,0.023078571428571514
AOA,Zoo,4,414,12450,0.023078571428571514
AOA,Zoo,4,415,12480,0.023078571428571514
AOA,Zoo,4,416,12510,0.023078571428571514
AOA,Zoo,4,417,12540,0.023078571428571514
AOA,Zoo,4,418,12570,0.023078571428571514
AOA,Zoo,4,419,12600,0.023078571428571514
AOA,Zoo,4,420,12630,0.023078571428571514
AOA,Zoo,4,421,12660,0.023078571428571514
AOA,Zoo,4,422,12690,0.023078571428571514
AOA,Zoo,4,423,12720,0.023078571428571514
AOA,Zoo,4,424,12750,0.023078571428571514
AOA,Zoo,4,425,12780,0.023078571428571514
AOA,Zoo,4,426,12810,0.023078571428571514
AOA,Zoo,4,427,12840,0.023078571428571514
AOA,Zoo,4,428,12870,0.023078571428571514
AOA,Zoo,4,429,12900,0.023078571428571514
AOA,Zoo,4,430,12930,0.023078571428571514
AOA,Zoo,4,431,12960,0.023078571428571514
AOA,Zoo,4,432,12990,0.023078571428571514
AOA,Zoo,4,433,13020,0.023078571428571514
AOA,Zoo,4,434,13050,0.023078571428571514
AOA,Zoo,4,435,13080,0.023078571428571514
AOA,Zoo,4,436,13110,0.023078571428571514
AOA,Zoo,4,437,13140,0.023078571428571514
AOA,Zoo,4,438,13170,0.023078571428571514
AOA,Zoo,4,439,13200,0.023078571428571514
AOA,Zoo,4,440,13230,0.023078571428571514
AOA,Zoo,4,441,13260,0.023078571428571514
AOA,Zoo,4,442,13290,0.023078571428571514
AOA,Zoo,4,443,13320,0.023078571428571514
AOA,Zoo,4,444,13350,0.023078571428571514
AOA,Zoo,4,445,13380,0.023078571428571514
AOA,Zoo,4,446,13410,0.023078571428571514
AOA,Zoo,4,447,13440,0.023078571428571514
AOA,Zoo,4,448,13470,0.023078571428571514
AOA,Zoo,4,449,13500,0.023078571428571514
AOA,Zoo,4,450,13530,0.023078571428571514
AOA,Zoo,4,451,13560,0.023078571428571514
AOA,Zoo,4,452,13590,0.023078571428571514
AOA,Zoo,4,453,13620,0.023078571428571514
AOA,Zoo,4,454,13650,0.023078571428571514
AOA,Zoo,4,455,13680,0.023078571428571514
AOA,Zoo,4,456,13710,0.023078571428571514
AOA,Zoo,4,457,13740,0.023078571428571514
AOA,Zoo,4,458,13770,0.023078571428571514
AOA,Zoo,4,459,13800,0.023078571428571514
AOA,Zoo,4,460,13830,0.023078571428571514
AOA,Zoo,4,461,13860,0.023078571428571514
AOA,Zoo,4,462,13890,0.023078571428571514
AOA,Zoo,4,463,13920,0.023078571428571514
AOA,Zoo,4,464,13950,0.023078571428571514
AOA,Zoo,4,465,13980,0.023078571428571514
AOA,Zoo,4,466,14010,0.023078571428571514
AOA,Zoo,4,467,14040,0.023078571428571514
AOA,Zoo,4,468,14070,0.023078571428571514
AOA,Zoo,4,469,14100,0.023078571428571514
AOA,Zoo,4,470,14130,0.023078571428571514
AOA,Zoo,4,471,14160,0.023078571428571514
AOA,Zoo,4,472,14190,0.023078571428571514
AOA,Zoo,4,473,14220,0.023078571428571514
AOA,Zoo,4,474,14250,0.023078571428571514
AOA,Zoo,4,475,14280,0.023078571428571514
AOA,Zoo,4,476,14310,0.023078571428571514
AOA,Zoo,4,477,14340,0.023078571428571514
AOA,Zoo,4,478,14370,0.023078571428571514
AOA,Zoo,4,479,14400,0.023078571428571514
AOA,Zoo,4,480,14430,0.023078571428571514
AOA,Zoo,4,481,14460,0.023078571428571514
AOA,Zoo,4,482,14490,0.023078571428571514
AOA,Zoo,4,483,14520,0.023078571428571514
AOA,Zoo,4,484,14550,0.023078571428571514
AOA,Zoo,4,485,14580,0.023078571428571514
AOA,Zoo,4,486,14610,0.023078571428571514
AOA,Zoo,4,487,14640,0.023078571428571514
AOA,Zoo,4,488,14670,0.023078571428571514
AOA,Zoo,4,489,14700,0.023078571428571514
AOA,Zoo,4,490,14730,0.023078571428571514
AOA,Zoo,4,491,14760,0.023078571428571514
AOA,Zoo,4,492,14790,0.023078571428571514
AOA,Zoo,4,493,14820,0.023078571428571514
AOA,Zoo,4,494,14850,0.023078571428571514
AOA,Zoo,4,495,14880,0.023078571428571514
AOA,Zoo,4,496,14910,0.023078571428571514
AOA,Zoo,4,497,14940,0.023078571428571514
AOA,Zoo,4,498,14970,0.023078571428571514
AOA,Zoo,4,499,15000,0.023078571428571514
AOA,WDBC,1,0,30,0.030750038813848767
AOA,WDBC,1,1,60,0.030750038813848767
AOA,WDBC,1,2,90,0.030750038813848767
AOA,WDBC,1,3,120,0.030750038813848767
AOA,WDBC,1,4,150,0.030750038813848767
AOA,WDBC,1,5,180,0.030750038813848767
AOA,WDBC,1,6,210,0.030750038813848767
AOA,WDBC,1,7,240,0.030750038813848767
AOA,WDBC,1,8,270,0.030750038813848767
AOA,WDBC,1,9,300,0.030750038813848767
AOA,WDBC,1,10,330,0.030750038813848767
AOA,WDBC,1,11,360,0.030750038813848767
AOA,WDBC,1,12,390,0.030750038813848767
AOA,WDBC,1,13,420,0.030750038813848767
AOA,WDBC,1,14,450,0.030750038813848767
AOA,WDBC,1,15,480,0.030750038813848767
AOA,WDBC,1,16,510,0.030750038813848767
AOA,WDBC,1,17,540,0.030750038813848767
AOA,WDBC,1,18,570,0.030750038813848767
AOA,WDBC,1,19,600,0.030750038813848767
AOA,WDBC,1,20,630,0.030750038813848767
AOA,WDBC,1,21,660,0.030750038813848767
AOA,WDBC,1,22,690,0.030750038813848767
AOA,WDBC,1,23,720,0.030750038813848767
AOA,WDBC,1,24,750,0.030750038813848767
AOA,WDBC,1,25,780,0.026927650985871895
AOA,WDBC,1,26,810,0.026927650985871895
AOA,WDBC,1,27,840,0.026927650985871895
AOA,WDBC,1,28,870,0.026927650985871895
AOA,WDBC,1,29,900,0.026927650985871895
AOA,WDBC,1,30,930,0.026927650985871895
AOA,WDBC,1,31,960,0.026927650985871895
AOA,WDBC,1,32,990,0.026927650985871895
AOA,WDBC,1,33,1020,0.026927650985871895
AOA,WDBC,1,34,1050,0.026927650985871895
AOA,WDBC,1,35,1080,0.026927650985871895
AOA,WDBC,1,36,1110,0.026927650985871895
AOA,WDBC,1,37,1140,0.026927650985871895
AOA,WDBC,1,38,1170,0.026927650985871895
AOA,WDBC,1,39,1200,0.026927650985871895
AOA,WDBC,1,40,1230,0.026927650985871895
AOA,WDBC,1,41,1260,0.026927650985871895
AOA,WDBC,1,42,1290,0.026927650985871895
AOA,WDBC,1,43,1320,0.026927650985871895
AOA,WDBC,1,44,1350,0.026927650985871895
AOA,WDBC,1,45,1380,0.026927650985871895
AOA,WDBC,1,46,1410,0.026927650985871895
AOA,WDBC,1,47,1440,0.026927650985871895
AOA,WDBC,1,48,1470,0.026927650985871895
AOA,WDBC,1,49,1500,0.026927650985871895
AOA,WDBC,1,50,1530,0.026927650985871895
AOA,WDBC,1,51,1560,0.026927650985871895
AOA,WDBC,1,52,1590,0.026927650985871895
AOA,WDBC,1,53,1620,0.026927650985871895
AOA,WDBC,1,54,1650,0.026927650985871895
AOA,WDBC,1,55,1680,0.026927650985871895
AOA,WDBC,1,56,1710,0.026927650985871895
AOA,WDBC,1,57,1740,0.026927650985871895
AOA,WDBC,1,58,1770,0.026927650985871895
AOA,WDBC,1,59,1800,0.026927650985871895
AOA,WDBC,1,60,1830,0.026927650985871895
AOA,WDBC,1,61,1860,0.026927650985871895
AOA,WDBC,1,62,1890,0.026927650985871895
AOA,WDBC,1,63,1920,0.026927650985871895
AOA,WDBC,1,64,1950,0.026927650985871895
AOA,WDBC,1,65,1980,0.026927650985871895
AOA,WDBC,1,66,2010,0.026927650985871895
AOA,WDBC,1,67,2040,0.026927650985871895
AOA,WDBC,1,68,2070,0.026927650985871895
AOA,WDBC,1,69,2100,0.026927650985871895
AOA,WDBC,1,70,2130,0.026927650985871895
AOA,WDBC,1,71,2160,0.026927650985871895
AOA,WDBC,1,72,2190,0.026927650985871895
AOA,WDBC,1,73,2220,0.026927650985871895
AOA,WDBC,1,74,2250,0.026927650985871895
AOA,WDBC,1,75,2280,0.026927650985871895
AOA,WDBC,1,76,2310,0.026927650985871895
AOA,WDBC,1,77,2340,0.026927650985871895
AOA,WDBC,1,78,2370,0.026927650985871895
AOA,WDBC,1,79,2400,0.026927650985871895
AOA,WDBC,1,80,2430,0.026927650985871895
AOA,WDBC,1,81,2460,0.026927650985871895
AOA,WDBC,1,82,2490,0.026927650985871895
AOA,WDBC,1,83,2520,0.026927650985871895
AOA,WDBC,1,84,2550,0.026927650985871895
AOA,WDBC,1,85,2580,0.026927650985871895
AOA,WDBC,1,86,2610,0.026927650985871895
AOA,WDBC,1,87,2640,0.026927650985871895
AOA,WDBC,1,88,2670,0.026927650985871895
AOA,WDBC,1,89,2700,0.026927650985871895
AOA,WDBC,1,90,2730,0.026927650985871895
AOA,WDBC,1,91,2760,0.026927650985871895
AOA,WDBC,1,92,2790,0.026927650985871895
AOA,WDBC,1,93,2820,0.026927650985871895
AOA,WDBC,1,94,2850,0.026927650985871895
AOA,WDBC,1,95,2880,0.026927650985871895
AOA,WDBC,1,96,2910,0.026927650985871895
AOA,WDBC,1,97,2940,0.026927650985871895
AOA,WDBC,1,98,2970,0.026927650985871895
AOA,WDBC,1,99,3000,0.026927650985871895
AOA,WDBC,1,100,3030,0.026927650985871895
AOA,WDBC,1,101,3060,0.026927650985871895
AOA,WDBC,1,102,3090,0.026927650985871895
AOA,WDBC,1,103,3120,0.026927650985871895
AOA,WDBC,1,104,3150,0.026927650985871895
AOA,WDBC,1,105,3180,0.026927650985871895
AOA,WDBC,1,106,3210,0.026927650985871895
AOA,WDBC,1,107,3240,0.026927650985871895
AOA,WDBC,1,108,3270,0.026927650985871895
AOA,WDBC,1,109,3300,0.026927650985871895
AOA,WDBC,1,110,3330,0.026927650985871895
AOA,WDBC,1,111,3360,0.026927650985871895
AOA,WDBC,1,112,3390,0.026927650985871895
AOA,WDBC,1,113,3420,0.026927650985871895
AOA,WDBC,1,114,3450,0.026927650985871895
AOA,WDBC,1,115,3480,0.026927650985871895
AOA,WDBC,1,116,3510,0.026927650985871895
AOA,WDBC,1,117,3540,0.026927650985871895
AOA,WDBC,1,118,3570,0.026927650985871895
AOA,WDBC,1,119,3600,0.026927650985871895
AOA,WDBC,1,120,3630,0.026927650985871895
AOA,WDBC,1,121,3660,0.026927650985871895
AOA,WDBC,1,122,3690,0.026927650985871895
AOA,WDBC,1,123,3720,0.026927650985871895
AOA,WDBC,1,124,3750,0.026927650985871895
AOA,WDBC,1,125,3780,0.026927650985871895
AOA,WDBC,1,126,3810,0.026927650985871895
AOA,WDBC,1,127,3840,0.026927650985871895
AOA,WDBC,1,128,3870,0.026927650985871895
AOA,WDBC,1,129,3900,0.026927650985871895
AOA,WDBC,1,130,3930,0.026927650985871895
AOA,WDBC,1,131,3960,0.026927650985871895
AOA,WDBC,1,132,3990,0.026927650985871895
AOA,WDBC,1,133,4020,0.026927650985871895
AOA,WDBC,1,134,4050,0.026927650985871895
AOA,WDBC,1,135,4080,0.026927650985871895
AOA,WDBC,1,136,4110,0.026927650985871895
AOA,WDBC,1,137,4140,0.026927650985871895
AOA,WDBC,1,138,4170,0.026927650985871895
AOA,WDBC,1,139,4200,0.026927650985871895
AOA,WDBC,1,140,4230,0.026927650985871895
AOA,WDBC,1,141,4260,0.026927650985871895
AOA,WDBC,1,142,4290,0.026927650985871895
AOA,WDBC,1,143,4320,0.026927650985871895
AOA,WDBC,1,144,4350,0.026927650985871895
AOA,WDBC,1,145,4380,0.026927650985871895
AOA,WDBC,1,146,4410,0.026927650985871895
AOA,WDBC,1,147,4440,0.026927650985871895
AOA,WDBC,1,148,4470,0.026927650985871895
AOA,WDBC,1,149,4500,0.026927650985871895
AOA,WDBC,1,150,4530,0.026927650985871895
AOA,WDBC,1,151,4560,0.026927650985871895
AOA,WDBC,1,152,4590,0.026927650985871895
AOA,WDBC,1,153,4620,0.026927650985871895
AOA,WDBC,1,154,4650,0.026927650985871895
AOA,WDBC,1,155,4680,0.026927650985871895
AOA,WDBC,1,156,4710,0.026927650985871895
AOA,WDBC,1,157,4740,0.026927650985871895
AOA,WDBC,1,158,4770,0.026927650985871895
AOA,WDBC,1,159,4800,0.026927650985871895
AOA,WDBC,1,160,4830,0.026927650985871895
AOA,WDBC,1,161,4860,0.026927650985871895
AOA,WDBC,1,162,4890,0.026927650985871895
AOA,WDBC,1,163,4920,0.026927650985871895
AOA,WDBC,1,164,4950,0.026927650985871895
AOA,WDBC,1,165,4980,0.026927650985871895
AOA,WDBC,1,166,5010,0.026927650985871895
AOA,WDBC,1,167,5040,0.026927650985871895
AOA,WDBC,1,168,5070,0.026927650985871895
AOA,WDBC,1,169,5100,0.026927650985871895
AOA,WDBC,1,170,5130,0.026927650985871895
AOA,WDBC,1,171,5160,0.026927650985871895
AOA,WDBC,1,172,5190,0.026927650985871895
AOA,WDBC,1,173,5220,0.026927650985871895
AOA,WDBC,1,174,5250,0.026927650985871895
AOA,WDBC,1,175,5280,0.026927650985871895
AOA,WDBC,1,176,5310,0.026927650985871895
AOA,WDBC,1,177,5340,0.026927650985871895
AOA,WDBC,1,178,5370,0.026927650985871895
AOA,WDBC,1,179,5400,0.026927650985871895
AOA,WDBC,1,180,5430,0.026927650985871895
AOA,WDBC,1,181,5460,0.026927650985871895
AOA,WDBC,1,182,5490,0.026927650985871895
AOA,WDBC,1,183,5520,0.026927650985871895
AOA,WDBC,1,184,5550,0.026927650985871895
AOA,WDBC,1,185,5580,0.026927650985871895
AOA,WDBC,1,186,5610,0.026927650985871895
AOA,WDBC,1,187,5640,0.026927650985871895
AOA,WDBC,1,188,5670,0.026927650985871895
AOA,WDBC,1,189,5700,0.026927650985871895
AOA,WDBC,1,190,5730,0.026927650985871895
AOA,WDBC,1,191,5760,0.026927650985871895
AOA,WDBC,1,192,5790,0.026927650985871895
AOA,WDBC,1,193,5820,0.026927650985871895
AOA,WDBC,1,194,5850,0.026927650985871895
AOA,WDBC,1,195,5880,0.026927650985871895
AOA,WDBC,1,196,5910,0.026927650985871895
AOA,WDBC,1,197,5940,0.026927650985871895
AOA,WDBC,1,198,5970,0.026927650985871895
AOA,WDBC,1,199,6000,0.026927650985871895
AOA,WDBC,1,200,6030,0.026927650985871895
AOA,WDBC,1,201,6060,0.026927650985871895
AOA,WDBC,1,202,6090,0.026927650985871895
AOA,WDBC,1,203,6120,0.026927650985871895
AOA,WDBC,1,204,6150,0.026927650985871895
AOA,WDBC,1,205,6180,0.026927650985871895
AOA,WDBC,1,206,6210,0.026927650985871895
AOA,WDBC,1,207,6240,0.026927650985871895
AOA,WDBC,1,208,6270,0.026927650985871895
AOA,WDBC,1,209,6300,0.026927650985871895
AOA,WDBC,1,210,6330,0.026927650985871895
AOA,WDBC,1,211,6360,0.026927650985871895
AOA,WDBC,1,212,6390,0.026927650985871895
AOA,WDBC,1,213,6420,0.026927650985871895
AOA,WDBC,1,214,6450,0.026927650985871895
AOA,WDBC,1,215,6480,0.026927650985871895
AOA,WDBC,1,216,6510,0.026927650985871895
AOA,WDBC,1,217,6540,0.026927650985871895
AOA,WDBC,1,218,6570,0.026927650985871895
AOA,WDBC,1,219,6600,0.026927650985871895
AOA,WDBC,1,220,6630,0.026927650985871895
AOA,WDBC,1,221,6660,0.026927650985871895
AOA,WDBC,1,222,6690,0.026927650985871895
AOA,WDBC,1,223,6720,0.026927650985871895
AOA,WDBC,1,224,6750,0.026927650985871895
AOA,WDBC,1,225,6780,0.026927650985871895
AOA,WDBC,1,226,6810,0.026927650985871895
AOA,WDBC,1,227,6840,0.026927650985871895
AOA,WDBC,1,228,6870,0.026927650985871895
AOA,WDBC,1,229,6900,0.026927650985871895
AOA,WDBC,1,230,6930,0.026927650985871895
AOA,WDBC,1,231,6960,0.026927650985871895
AOA,WDBC,1,232,6990,0.026927650985871895
AOA,WDBC,1,233,7020,0.026927650985871895
AOA,WDBC,1,234,7050,0.026927650985871895
AOA,WDBC,1,235,7080,0.026927650985871895
AOA,WDBC,1,236,7110,0.026927650985871895
AOA,WDBC,1,237,7140,0.026927650985871895
AOA,WDBC,1,238,7170,0.026927650985871895
AOA,WDBC,1,239,7200,0.026927650985871895
AOA,WDBC,1,240,7230,0.026927650985871895
AOA,WDBC,1,241,7260,0.026927650985871895
AOA,WDBC,1,242,7290,0.026927650985871895
AOA,WDBC,1,243,7320,0.026927650985871895
AOA,WDBC,1,244,7350,0.026927650985871895
AOA,WDBC,1,245,7380,0.026927650985871895
AOA,WDBC,1,246,7410,0.026927650985871895
AOA,WDBC,1,247,7440,0.026927650985871895
AOA,WDBC,1,248,7470,0.026927650985871895
AOA,WDBC,1,249,7500,0.026927650985871895
AOA,WDBC,1,250,7530,0.026927650985871895
AOA,WDBC,1,251,7560,0.026927650985871895
AOA,WDBC,1,252,7590,0.026927650985871895
AOA,WDBC,1,253,7620,0.026927650985871895
AOA,WDBC,1,254,7650,0.026927650985871895
AOA,WDBC,1,255,7680,0.026927650985871895
AOA,WDBC,1,256,7710,0.026927650985871895
AOA,WDBC,1,257,7740,0.026927650985871895
AOA,WDBC,1,258,7770,0.026927650985871895
AOA,WDBC,1,259,7800,0.026927650985871895
AOA,WDBC,1,260,7830,0.026927650985871895
AOA,WDBC,1,261,7860,0.026927650985871895
AOA,WDBC,1,262,7890,0.026927650985871895
AOA,WDBC,1,263,7920,0.026927650985871895
AOA,WDBC,1,264,7950,0.026927650985871895
AOA,WDBC,1,265,7980,0.026927650985871895
AOA,WDBC,1,266,8010,0.026927650985871895
AOA,WDBC,1,267,8040,0.026927650985871895
AOA,WDBC,1,268,8070,0.026927650985871895
AOA,WDBC,1,269,8100,0.026927650985871895
AOA,WDBC,1,270,8130,0.026927650985871895
AOA,WDBC,1,271,8160,0.026927650985871895
AOA,WDBC,1,272,8190,0.026927650985871895
AOA,WDBC,1,273,8220,0.026927650985871895
AOA,WDBC,1,274,8250,0.026927650985871895
AOA,WDBC,1,275,8280,0.026927650985871895
AOA,WDBC,1,276,8310,0.026927650985871895
AOA,WDBC,1,277,8340,0.026927650985871895
AOA,WDBC,1,278,8370,0.026927650985871895
AOA,WDBC,1,279,8400,0.026927650985871895
AOA,WDBC,1,280,8430,0.026927650985871895
AOA,WDBC,1,281,8460,0.026927650985871895
AOA,WDBC,1,282,8490,0.026927650985871895
AOA,WDBC,1,283,8520,0.026927650985871895
AOA,WDBC,1,284,8550,0.026927650985871895
AOA,WDBC,1,285,8580,0.026927650985871895
AOA,WDBC,1,286,8610,0.026927650985871895
AOA,WDBC,1,287,8640,0.026927650985871895
AOA,WDBC,1,288,8670,0.026927650985871895
AOA,WDBC,1,289,8700,0.026927650985871895
AOA,WDBC,1,290,8730,0.026927650985871895
AOA,WDBC,1,291,8760,0.026927650985871895
AOA,WDBC,1,292,8790,0.026927650985871895
AOA,WDBC,1,293,8820,0.026927650985871895
AOA,WDBC,1,294,8850,0.026927650985871895
AOA,WDBC,1,295,8880,0.026927650985871895
AOA,WDBC,1,296,8910,0.026927650985871895
AOA,WDBC,1,297,8940,0.026927650985871895
AOA,WDBC,1,298,8970,0.026927650985871895
AOA,WDBC,1,299,9000,0.026927650985871895
AOA,WDBC,1,300,9030,0.026927650985871895
AOA,WDBC,1,301,9060,0.026927650985871895
AOA,WDBC,1,302,9090,0.026927650985871895
AOA,WDBC,1,303,9120,0.026927650985871895
AOA,WDBC,1,304,9150,0.026927650985871895
AOA,WDBC,1,305,9180,0.026927650985871895
AOA,WDBC,1,306,9210,0.026927650985871895
AOA,WDBC,1,307,9240,0.026927650985871895
AOA,WDBC,1,308,9270,0.026927650985871895
AOA,WDBC,1,309,9300,0.026927650985871895
AOA,WDBC,1,310,9330,0.026927650985871895
AOA,WDBC,1,311,9360,0.026927650985871895
AOA,WDBC,1,312,9390,0.026927650985871895
AOA,WDBC,1,313,9420,0.026927650985871895
AOA,WDBC,1,314,9450,0.026927650985871895
AOA,WDBC,1,315,9480,0.026927650985871895
AOA,WDBC,1,316,9510,0.026927650985871895
AOA,WDBC,1,317,9540,0.026927650985871895
AOA,WDBC,1,318,9570,0.026927650985871895
AOA,WDBC,1,319,9600,0.026927650985871895
AOA,WDBC,1,320,9630,0.026927650985871895
AOA,WDBC,1,321,9660,0.026927650985871895
AOA,WDBC,1,322,9690,0.026927650985871895
AOA,WDBC,1,323,9720,0.026927650985871895
AOA,WDBC,1,324,9750,0.026927650985871895
AOA,WDBC,1,325,9780,0.026927650985871895
AOA,WDBC,1,326,9810,0.026927650985871895
AOA,WDBC,1,327,9840,0.026927650985871895
AOA,WDBC,1,328,9870,0.026927650985871895
AOA,WDBC,1,329,9900,0.026927650985871895
AOA,WDBC,1,330,9930,0.026927650985871895
AOA,WDBC,1,331,9960,0.026927650985871895
AOA,WDBC,1,332,9990,0.026927650985871895
AOA,WDBC,1,333,10020,0.026927650985871895
AOA,WDBC,1,334,10050,0.026927650985871895
AOA,WDBC,1,335,10080,0.026927650985871895
AOA,WDBC,1,336,10110,0.026927650985871895
AOA,WDBC,1,337,10140,0.026927650985871895
AOA,WDBC,1,338,10170,0.026927650985871895
AOA,WDBC,1,339,10200,0.026927650985871895
AOA,WDBC,1,340,10230,0.026927650985871895
AOA,WDBC,1,341,10260,0.026927650985871895
AOA,WDBC,1,342,10290,0.026927650985871895
AOA,WDBC,1,343,10320,0.026927650985871895
AOA,WDBC,1,344,10350,0.026927650985871895
AOA,WDBC,1,345,10380,0.026927650985871895
AOA,WDBC,1,346,10410,0.026927650985871895
AOA,WDBC,1,347,10440,0.026927650985871895
AOA,WDBC,1,348,10470,0.026927650985871895
AOA,WDBC,1,349,10500,0.026927650985871895
AOA,WDBC,1,350,10530,0.026927650985871895
AOA,WDBC,1,351,10560,0.026927650985871895
AOA,WDBC,1,352,10590,0.026927650985871895
AOA,WDBC,1,353,10620,0.026927650985871895
AOA,WDBC,1,354,10650,0.026927650985871895
AOA,WDBC,1,355,10680,0.026927650985871895
AOA,WDBC,1,356,10710,0.026927650985871895
AOA,WDBC,1,357,10740,0.026927650985871895
AOA,WDBC,1,358,10770,0.026927650985871895
AOA,WDBC,1,359,10800,0.026927650985871895
AOA,WDBC,1,360,10830,0.026927650985871895
AOA,WDBC,1,361,10860,0.026927650985871895
AOA,WDBC,1,362,10890,0.026927650985871895
AOA,WDBC,1,363,10920,0.026927650985871895
AOA,WDBC,1,364,10950,0.026927650985871895
AOA,WDBC,1,365,10980,0.026927650985871895
AOA,WDBC,1,366,11010,0.026927650985871895
AOA,WDBC,1,367,11040,0.026927650985871895
AOA,WDBC,1,368,11070,0.026927650985871895
AOA,WDBC,1,369,11100,0.026927650985871895
AOA,WDBC,1,370,11130,0.026927650985871895
AOA,WDBC,1,371,11160,0.026927650985871895
AOA,WDBC,1,372,11190,0.026927650985871895
AOA,WDBC,1,373,11220,0.026927650985871895
AOA,WDBC,1,374,11250,0.026927650985871895
AOA,WDBC,1,375,11280,0.026927650985871895
AOA,WDBC,1,376,11310,0.026927650985871895
AOA,WDBC,1,377,11340,0.026927650985871895
AOA,WDBC,1,378,11370,0.026927650985871895
AOA,WDBC,1,379,11400,0.026927650985871895
AOA,WDBC,1,380,11430,0.026927650985871895
AOA,WDBC,1,381,11460,0.026927650985871895
AOA,WDBC,1,382,11490,0.026927650985871895
AOA,WDBC,1,383,11520,0.026927650985871895
AOA,WDBC,1,384,11550,0.026927650985871895
AOA,WDBC,1,385,11580,0.026927650985871895
AOA,WDBC,1,386,11610,0.026927650985871895
AOA,WDBC,1,387,11640,0.026927650985871895
AOA,WDBC,1,388,11670,0.026927650985871895
AOA,WDBC,1,389,11700,0.026927650985871895
AOA,WDBC,1,390,11730,0.026927650985871895
AOA,WDBC,1,391,11760,0.026927650985871895
AOA,WDBC,1,392,11790,0.026927650985871895
AOA,WDBC,1,393,11820,0.026927650985871895
AOA,WDBC,1,394,11850,0.026927650985871895
AOA,WDBC,1,395,11880,0.026927650985871895
AOA,WDBC,1,396,11910,0.026927650985871895
AOA,WDBC,1,397,11940,0.026927650985871895
AOA,WDBC,1,398,11970,0.026927650985871895
AOA,WDBC,1,399,12000,0.026927650985871895
AOA,WDBC,1,400,12030,0.026927650985871895
AOA,WDBC,1,401,12060,0.026927650985871895
AOA,WDBC,1,402,12090,0.026927650985871895
AOA,WDBC,1,403,12120,0.026927650985871895
AOA,WDBC,1,404,12150,0.026927650985871895
AOA,WDBC,1,405,12180,0.026927650985871895
AOA,WDBC,1,406,12210,0.026927650985871895
AOA,WDBC,1,407,12240,0.026927650985871895
AOA,WDBC,1,408,12270,0.026927650985871895
AOA,WDBC,1,409,12300,0.026927650985871895
AOA,WDBC,1,410,12330,0.026927650985871895
AOA,WDBC,1,411,12360,0.026927650985871895
AOA,WDBC,1,412,12390,0.026927650985871895
AOA,WDBC,1,413,12420,0.026927650985871895
AOA,WDBC,1,414,12450,0.026927650985871895
AOA,WDBC,1,415,12480,0.026927650985871895
AOA,WDBC,1,416,12510,0.026927650985871895
AOA,WDBC,1,417,12540,0.026927650985871895
AOA,WDBC,1,418,12570,0.026927650985871895
AOA,WDBC,1,419,12600,0.026927650985871895
AOA,WDBC,1,420,12630,0.026927650985871895
AOA,WDBC,1,421,12660,0.026927650985871895
AOA,WDBC,1,422,12690,0.026927650985871895
AOA,WDBC,1,423,12720,0.026927650985871895
AOA,WDBC,1,424,12750,0.026927650985871895
AOA,WDBC,1,425,12780,0.026927650985871895
AOA,WDBC,1,426,12810,0.026927650985871895
AOA,WDBC,1,427,12840,0.026927650985871895
AOA,WDBC,1,428,12870,0.026927650985871895
AOA,WDBC,1,429,12900,0.026927650985871895
AOA,WDBC,1,430,12930,0.026927650985871895
AOA,WDBC,1,431,12960,0.026927650985871895
AOA,WDBC,1,432,12990,0.026927650985871895
AOA,WDBC,1,433,13020,0.026927650985871895
AOA,WDBC,1,434,13050,0.026927650985871895
AOA,WDBC,1,435,13080,0.026927650985871895
AOA,WDBC,1,436,13110,0.026927650985871895
AOA,WDBC,1,437,13140,0.026927650985871895
AOA,WDBC,1,438,13170,0.026927650985871895
AOA,WDBC,1,439,13200,0.026927650985871895
AOA,WDBC,1,440,13230,0.026927650985871895
AOA,WDBC,1,441,13260,0.026927650985871895
AOA,WDBC,1,442,13290,0.026927650985871895
AOA,WDBC,1,443,13320,0.026927650985871895
AOA,WDBC,1,444,13350,0.026927650985871895
AOA,WDBC,1,445,13380,0.026927650985871895
AOA,WDBC,1,446,13410,0.026927650985871895
AOA,WDBC,1,447,13440,0.026927650985871895
AOA,WDBC,1,448,13470,0.026927650985871895
AOA,WDBC,1,449,13500,0.026927650985871895
AOA,WDBC,1,450,13530,0.026927650985871895
AOA,WDBC,1,451,13560,0.026927650985871895
AOA,WDBC,1,452,13590,0.026927650985871895
AOA,WDBC,1,453,13620,0.026927650985871895
AOA,WDBC,1,454,13650,0.026927650985871895
AOA,WDBC,1,455,13680,0.026927650985871895
AOA,WDBC,1,456,13710,0.026927650985871895
AOA,WDBC,1,457,13740,0.026927650985871895
AOA,WDBC,1,458,13770,0.026927650985871895
AOA,WDBC,1,459,13800,0.026927650985871895
AOA,WDBC,1,460,13830,0.026927650985871895
AOA,WDBC,1,461,13860,0.026927650985871895
AOA,WDBC,1,462,13890,0.026927650985871895
AOA,WDBC,1,463,13920,0.026927650985871895
AOA,WDBC,1,464,13950,0.026927650985871895
AOA,WDBC,1,465,13980,0.026927650985871895
AOA,WDBC,1,466,14010,0.026927650985871895
AOA,WDBC,1,467,14040,0.026927650985871895
AOA,WDBC,1,468,14070,0.026927650985871895
AOA,WDBC,1,469,14100,0.026927650985871895
AOA,WDBC,1,470,14130,0.026927650985871895
AOA,WDBC,1,471,14160,0.026927650985871895
AOA,WDBC,1,472,14190,0.026927650985871895
AOA,WDBC,1,473,14220,0.026927650985871895
AOA,WDBC,1,474,14250,0.026927650985871895
AOA,WDBC,1,475,14280,0.026927650985871895
AOA,WDBC,1,476,14310,0.026927650985871895
AOA,WDBC,1,477,14340,0.026927650985871895
AOA,WDBC,1,478,14370,0.026927650985871895
AOA,WDBC,1,479,14400,0.026927650985871895
AOA,WDBC,1,480,14430,0.026927650985871895
AOA,WDBC,1,481,14460,0.026927650985871895
AOA,WDBC,1,482,14490,0.026927650985871895
AOA,WDBC,1,483,14520,0.026927650985871895
AOA,WDBC,1,484,14550,0.026927650985871895
AOA,WDBC,1,485,14580,0.026927650985871895
AOA,WDBC,1,486,14610,0.026927650985871895
AOA,WDBC,1,487,14640,0.026927650985871895
AOA,WDBC,1,488,14670,0.026927650985871895
AOA,WDBC,1,489,14700,0.026927650985871895
AOA,WDBC,1,490,14730,0.026927650985871895
AOA,WDBC,1,491,14760,0.026927650985871895
AOA,WDBC,1,492,14790,0.026927650985871895
AOA,WDBC,1,493,14820,0.026927650985871895
AOA,WDBC,1,494,14850,0.026927650985871895
AOA,WDBC,1,495,14880,0.026927650985871895
AOA,WDBC,1,496,14910,0.026927650985871895
AOA,WDBC,1,497,14940,0.026927650985871895
AOA,WDBC,1,498,14970,0.026927650985871895
AOA,WDBC,1,499,15000,0.026927650985871895
AOA,WDBC,0,0,30,0.0314474460487502
AOA,WDBC,0,1,60,0.0314474460487502
AOA,WDBC,0,2,90,0.0314474460487502
AOA,WDBC,0,3,120,0.0314474460487502
AOA,WDBC,0,4,150,0.0314474460487502
AOA,WDBC,0,5,180,0.0314474460487502
AOA,WDBC,0,6,210,0.0314474460487502
AOA,WDBC,0,7,240,0.0314474460487502
AOA,WDBC,0,8,270,0.0314474460487502
AOA,WDBC,0,9,300,0.0314474460487502
AOA,WDBC,0,10,330,0.0314474460487502
AOA,WDBC,0,11,360,0.03109874243129954
AOA,WDBC,0,12,390,0.03109874243129954
AOA,WDBC,0,13,420,0.03109874243129954
AOA,WDBC,0,14,450,0.03109874243129954
AOA,WDBC,0,15,480,0.03109874243129954
AOA,WDBC,0,16,510,0.03109874243129954
AOA,WDBC,0,17,540,0.03109874243129954
AOA,WDBC,0,18,570,0.03109874243129954
AOA,WDBC,0,19,600,0.03109874243129954
AOA,WDBC,0,20,630,0.03109874243129954
AOA,WDBC,0,21,660,0.03109874243129954
AOA,WDBC,0,22,690,0.03109874243129954
AOA,WDBC,0,23,720,0.03109874243129954
AOA,WDBC,0,24,750,0.03109874243129954
AOA,WDBC,0,25,780,0.03109874243129954
AOA,WDBC,0,26,810,0.03109874243129954
AOA,WDBC,0,27,840,0.030780779382083533
AOA,WDBC,0,28,870,0.030780779382083533
AOA,WDBC,0,29,900,0.030780779382083533
AOA,WDBC,0,30,930,0.030780779382083533
AOA,WDBC,0,31,960,0.030780779382083533
AOA,WDBC,0,32,990,0.030780779382083533
AOA,WDBC,0,33,1020,0.030780779382083533
AOA,WDBC,0,34,1050,0.030780779382083533
AOA,WDBC,0,35,1080,0.030780779382083533
AOA,WDBC,0,36,1110,0.030780779382083533
AOA,WDBC,0,37,1140,0.030780779382083533
AOA,WDBC,0,38,1170,0.030780779382083533
AOA,WDBC,0,39,1200,0.030780779382083533
AOA,WDBC,0,40,1230,0.030780779382083533
AOA,WDBC,0,41,1260,0.030780779382083533
AOA,WDBC,0,42,1290,0.030780779382083533
AOA,WDBC,0,43,1320,0.030780779382083533
AOA,WDBC,0,44,1350,0.030780779382083533
AOA,WDBC,0,45,1380,0.030780779382083533
AOA,WDBC,0,46,1410,0.030780779382083533
AOA,WDBC,0,47,1440,0.030780779382083533
AOA,WDBC,0,48,1470,0.030780779382083533
AOA,WDBC,0,49,1500,0.030780779382083533
AOA,WDBC,0,50,1530,0.030780779382083533
AOA,WDBC,0,51,1560,0.030780779382083533
AOA,WDBC,0,52,1590,0.030780779382083533
AOA,WDBC,0,53,1620,0.030780779382083533
AOA,WDBC,0,54,1650,0.030780779382083533
AOA,WDBC,0,55,1680,0.030780779382083533
AOA,WDBC,0,56,1710,0.030780779382083533
AOA,WDBC,0,57,1740,0.030780779382083533
AOA,WDBC,0,58,1770,0.030780779382083533
AOA,WDBC,0,59,1800,0.030780779382083533
AOA,WDBC,0,60,1830,0.030780779382083533
AOA,WDBC,0,61,1860,0.030780779382083533
AOA,WDBC,0,62,1890,0.030780779382083533
AOA,WDBC,0,63,1920,0.030780779382083533
AOA,WDBC,0,64,1950,0.030780779382083533
AOA,WDBC,0,65,1980,0.030780779382083533
AOA,WDBC,0,66,2010,0.030780779382083533
AOA,WDBC,0,67,2040,0.030780779382083533
AOA,WDBC,0,68,2070,0.030780779382083533
AOA,WDBC,0,69,2100,0.030780779382083533
AOA,WDBC,0,70,2130,0.030780779382083533
AOA,WDBC,0,71,2160,0.030780779382083533
AOA,WDBC,0,72,2190,0.030780779382083533
AOA,WDBC,0,73,2220,0.030780779382083533
AOA,WDBC,0,74,2250,0.030780779382083533
AOA,WDBC,0,75,2280,0.030780779382083533
AOA,WDBC,0,76,2310,0.030780779382083533
AOA,WDBC,0,77,2340,0.030780779382083533
AOA,WDBC,0,78,2370,0.030780779382083533
AOA,WDBC,0,79,2400,0.030780779382083533
AOA,WDBC,0,80,2430,0.030780779382083533
AOA,WDBC,0,81,2460,0.030780779382083533
AOA,WDBC,0,82,2490,0.030780779382083533
AOA,WDBC,0,83,2520,0.030780779382083533
AOA,WDBC,0,84,2550,0.030780779382083533
AOA,WDBC,0,85,2580,0.030780779382083533
AOA,WDBC,0,86,2610,0.030780779382083533
AOA,WDBC,0,87,2640,0.030780779382083533
AOA,WDBC,0,88,2670,0.030780779382083533
AOA,WDBC,0,89,2700,0.030780779382083533
AOA,WDBC,0,90,2730,0.030780779382083533
AOA,WDBC,0,91,2760,0.030780779382083533
AOA,WDBC,0,92,2790,0.030780779382083533
AOA,WDBC,0,93,2820,0.030780779382083533
AOA,WDBC,0,94,2850,0.030780779382083533
AOA,WDBC,0,95,2880,0.030780779382083533
AOA,WDBC,0,96,2910,0.030780779382083533
AOA,WDBC,0,97,2940,0.030780779382083533
AOA,WDBC,0,98,2970,0.030780779382083533
AOA,WDBC,0,99,3000,0.030780779382083533
AOA,WDBC,0,100,3030,0.030780779382083533
AOA,WDBC,0,101,3060,0.030780779382083533
AOA,WDBC,0,102,3090,0.030780779382083533
AOA,WDBC,0,103,3120,0.030780779382083533
AOA,WDBC,0,104,3150,0.030780779382083533
AOA,WDBC,0,105,3180,0.030780779382083533
AOA,WDBC,0,106,3210,0.030780779382083533
AOA,WDBC,0,107,3240,0.030780779382083533
AOA,WDBC,0,108,3270,0.030780779382083533
AOA,WDBC,0,109,3300,0.030780779382083533
AOA,WDBC,0,110,3330,0.030780779382083533
AOA,WDBC,0,111,3360,0.030780779382083533
AOA,WDBC,0,112,3390,0.030780779382083533
AOA,WDBC,0,113,3420,0.030780779382083533
AOA,WDBC,0,114,3450,0.030780779382083533
AOA,WDBC,0,115,3480,0.030780779382083533
AOA,WDBC,0,116,3510,0.030780779382083533
AOA,WDBC,0,117,3540,0.030780779382083533
AOA,WDBC,0,118,3570,0.030780779382083533
AOA,WDBC,0,119,3600,0.030780779382083533
AOA,WDBC,0,120,3630,0.030780779382083533
AOA,WDBC,0,121,3660,0.030780779382083533
AOA,WDBC,0,122,3690,0.030780779382083533
AOA,WDBC,0,123,3720,0.030780779382083533
AOA,WDBC,0,124,3750,0.030780779382083533
AOA,WDBC,0,125,3780,0.030780779382083533
AOA,WDBC,0,126,3810,0.030780779382083533
AOA,WDBC,0,127,3840,0.030780779382083533
AOA,WDBC,0,128,3870,0.030780779382083533
AOA,WDBC,0,129,3900,0.030780779382083533
AOA,WDBC,0,130,3930,0.030780779382083533
AOA,WDBC,0,131,3960,0.030780779382083533
AOA,WDBC,0,132,3990,0.030780779382083533
AOA,WDBC,0,133,4020,0.030780779382083533
AOA,WDBC,0,134,4050,0.030780779382083533
AOA,WDBC,0,135,4080,0.030780779382083533
AOA,WDBC,0,136,4110,0.030780779382083533
AOA,WDBC,0,137,4140,0.030780779382083533
AOA,WDBC,0,138,4170,0.030780779382083533
AOA,WDBC,0,139,4200,0.030780779382083533
AOA,WDBC,0,140,4230,0.030780779382083533
AOA,WDBC,0,141,4260,0.030780779382083533
AOA,WDBC,0,142,4290,0.030780779382083533
AOA,WDBC,0,143,4320,0.030780779382083533
AOA,WDBC,0,144,4350,0.030780779382083533
AOA,WDBC,0,145,4380,0.030780779382083533
AOA,WDBC,0,146,4410,0.030780779382083533
AOA,WDBC,0,147,4440,0.030780779382083533
AOA,WDBC,0,148,4470,0.030780779382083533
AOA,WDBC,0,149,4500,0.030780779382083533
AOA,WDBC,0,150,4530,0.030780779382083533
AOA,WDBC,0,151,4560,0.030780779382083533
AOA,WDBC,0,152,4590,0.030780779382083533
AOA,WDBC,0,153,4620,0.030780779382083533
AOA,WDBC,0,154,4650,0.030780779382083533
AOA,WDBC,0,155,4680,0.030780779382083533
AOA,WDBC,0,156,4710,0.030780779382083533
AOA,WDBC,0,157,4740,0.030780779382083533
AOA,WDBC,0,158,4770,0.030780779382083533
AOA,WDBC,0,159,4800,0.030780779382083533
AOA,WDBC,0,160,4830,0.030780779382083533
AOA,WDBC,0,161,4860,0.030780779382083533
AOA,WDBC,0,162,4890,0.030780779382083533
AOA,WDBC,0,163,4920,0.030780779382083533
AOA,WDBC,0,164,4950,0.030780779382083533
AOA,WDBC,0,165,4980,0.030780779382083533
AOA,WDBC,0,166,5010,0.030780779382083533
AOA,WDBC,0,167,5040,0.030780779382083533
AOA,WDBC,0,168,5070,0.030780779382083533
AOA,WDBC,0,169,5100,0.030765409097966205
AOA,WDBC,0,170,5130,0.030765409097966205
AOA,WDBC,0,171,5160,0.030765409097966205
AOA,WDBC,0,172,5190,0.030765409097966205
AOA,WDBC,0,173,5220,0.030765409097966205
AOA,WDBC,0,174,5250,0.030765409097966205
AOA,WDBC,0,175,5280,0.030432075764632874
AOA,WDBC,0,176,5310,0.030432075764632874
AOA,WDBC,0,177,5340,0.030416705480515435
AOA,WDBC,0,178,5370,0.030416705480515435
AOA,WDBC,0,179,5400,0.030416705480515435
AOA,WDBC,0,180,5430,0.030416705480515435
AOA,WDBC,0,181,5460,0.030416705480515435
AOA,WDBC,0,182,5490,0.030416705480515435
AOA,WDBC,0,183,5520,0.030416705480515435
AOA,WDBC,0,184,5550,0.030416705480515435
AOA,WDBC,0,185,5580,0.030416705480515435
AOA,WDBC,0,186,5610,0.030416705480515435
AOA,WDBC,0,187,5640,0.030416705480515435
AOA,WDBC,0,188,5670,0.030416705480515435
AOA,WDBC,0,189,5700,0.030416705480515435
AOA,WDBC,0,190,5730,0.030416705480515435
AOA,WDBC,0,191,5760,0.030416705480515435
AOA,WDBC,0,192,5790,0.030416705480515435
AOA,WDBC,0,193,5820,0.030416705480515435
AOA,WDBC,0,194,5850,0.030416705480515435
AOA,WDBC,0,195,5880,0.030416705480515435
AOA,WDBC,0,196,5910,0.030416705480515435
AOA,WDBC,0,197,5940,0.030416705480515435
AOA,WDBC,0,198,5970,0.030416705480515435
AOA,WDBC,0,199,6000,0.030416705480515435
AOA,WDBC,0,200,6030,0.030416705480515435
AOA,WDBC,0,201,6060,0.030416705480515435
AOA,WDBC,0,202,6090,0.030416705480515435
AOA,WDBC,0,203,6120,0.030416705480515435
AOA,WDBC,0,204,6150,0.030416705480515435
AOA,WDBC,0,205,6180,0.030416705480515435
AOA,WDBC,0,206,6210,0.030416705480515435
AOA,WDBC,0,207,6240,0.030416705480515435
AOA,WDBC,0,208,6270,0.030416705480515435
AOA,WDBC,0,209,6300,0.030416705480515435
AOA,WDBC,0,210,6330,0.030416705480515435
AOA,WDBC,0,211,6360,0.030416705480515435
AOA,WDBC,0,212,6390,0.030416705480515435
AOA,WDBC,0,213,6420,0.030416705480515435
AOA,WDBC,0,214,6450,0.030416705480515435
AOA,WDBC,0,215,6480,0.030416705480515435
AOA,WDBC,0,216,6510,0.030416705480515435
AOA,WDBC,0,217,6540,0.030416705480515435
AOA,WDBC,0,218,6570,0.030416705480515435
AOA,WDBC,0,219,6600,0.030416705480515435
AOA,WDBC,0,220,6630,0.030416705480515435
AOA,WDBC,0,221,6660,0.030416705480515435
AOA,WDBC,0,222,6690,0.030416705480515435
AOA,WDBC,0,223,6720,0.030416705480515435
AOA,WDBC,0,224,6750,0.030416705480515435
AOA,WDBC,0,225,6780,0.030416705480515435
AOA,WDBC,0,226,6810,0.030416705480515435
AOA,WDBC,0,227,6840,0.030416705480515435
AOA,WDBC,0,228,6870,0.030416705480515435
AOA,WDBC,0,229,6900,0.030416705480515435
AOA,WDBC,0,230,6930,0.030416705480515435
AOA,WDBC,0,231,6960,0.030416705480515435
AOA,WDBC,0,232,6990,0.030416705480515435
AOA,WDBC,0,233,7020,0.030416705480515435
AOA,WDBC,0,234,7050,0.030416705480515435
AOA,WDBC,0,235,7080,0.030416705480515435
AOA,WDBC,0,236,7110,0.030416705480515435
AOA,WDBC,0,237,7140,0.030416705480515435
AOA,WDBC,0,238,7170,0.030416705480515435
AOA,WDBC,0,239,7200,0.030416705480515435
AOA,WDBC,0,240,7230,0.030416705480515435
AOA,WDBC,0,241,7260,0.030416705480515435
AOA,WDBC,0,242,7290,0.030416705480515435
AOA,WDBC,0,243,7320,0.030416705480515435
AOA,WDBC,0,244,7350,0.030416705480515435
AOA,WDBC,0,245,7380,0.030416705480515435
AOA,WDBC,0,246,7410,0.030416705480515435
AOA,WDBC,0,247,7440,0.030416705480515435
AOA,WDBC,0,248,7470,0.030416705480515435
AOA,WDBC,0,249,7500,0.030416705480515435
AOA,WDBC,0,250,7530,0.030416705480515435
AOA,WDBC,0,251,7560,0.030416705480515435
AOA,WDBC,0,252,7590,0.030416705480515435
AOA,WDBC,0,253,7620,0.030416705480515435
AOA,WDBC,0,254,7650,0.030416705480515435
AOA,WDBC,0,255,7680,0.030416705480515435
AOA,WDBC,0,256,7710,0.030416705480515435
AOA,WDBC,0,257,7740,0.030416705480515435
AOA,WDBC,0,258,7770,0.030416705480515435
AOA,WDBC,0,259,7800,0.030416705480515435
AOA,WDBC,0,260,7830,0.030416705480515435
AOA,WDBC,0,261,7860,0.030416705480515435
AOA,WDBC,0,262,7890,0.030416705480515435
AOA,WDBC,0,263,7920,0.030416705480515435
AOA,WDBC,0,264,7950,0.030416705480515435
AOA,WDBC,0,265,7980,0.030416705480515435
AOA,WDBC,0,266,8010,0.030416705480515435
AOA,WDBC,0,267,8040,0.030416705480515435
AOA,WDBC,0,268,8070,0.030416705480515435
AOA,WDBC,0,269,8100,0.030416705480515435
AOA,WDBC,0,270,8130,0.030416705480515435
AOA,WDBC,0,271,8160,0.030416705480515435
AOA,WDBC,0,272,8190,0.030416705480515435
AOA,WDBC,0,273,8220,0.030416705480515435
AOA,WDBC,0,274,8250,0.030416705480515435
AOA,WDBC,0,275,8280,0.030416705480515435
AOA,WDBC,0,276,8310,0.030416705480515435
AOA,WDBC,0,277,8340,0.030416705480515435
AOA,WDBC,0,278,8370,0.030416705480515435
AOA,WDBC,0,279,8400,0.030416705480515435
AOA,WDBC,0,280,8430,0.026943021269989112
AOA,WDBC,0,281,8460,0.026943021269989112
AOA,WDBC,0,282,8490,0.026943021269989112
AOA,WDBC,0,283,8520,0.026943021269989112
AOA,WDBC,0,284,8550,0.026943021269989112
AOA,WDBC,0,285,8580,0.026943021269989112
AOA,WDBC,0,286,8610,0.026943021269989112
AOA,WDBC,0,287,8640,0.026943021269989112
AOA,WDBC,0,288,8670,0.026943021269989112
AOA,WDBC,0,289,8700,0.026943021269989112
AOA,WDBC,0,290,8730,0.026943021269989112
AOA,WDBC,0,291,8760,0.026943021269989112
AOA,WDBC,0,292,8790,0.026943021269989112
AOA,WDBC,0,293,8820,0.026943021269989112
AOA,WDBC,0,294,8850,0.026943021269989112
AOA,WDBC,0,295,8880,0.026943021269989112
AOA,WDBC,0,296,8910,0.026943021269989112
AOA,WDBC,0,297,8940,0.026943021269989112
AOA,WDBC,0,298,8970,0.026943021269989112
AOA,WDBC,0,299,9000,0.026943021269989112
AOA,WDBC,0,300,9030,0.026943021269989112
AOA,WDBC,0,301,9060,0.026943021269989112
AOA,WDBC,0,302,9090,0.026943021269989112
AOA,WDBC,0,303,9120,0.026943021269989112
AOA,WDBC,0,304,9150,0.026943021269989112
AOA,WDBC,0,305,9180,0.026943021269989112
AOA,WDBC,0,306,9210,0.026943021269989112
AOA,WDBC,0,307,9240,0.026943021269989112
AOA,WDBC,0,308,9270,0.026943021269989112
AOA,WDBC,0,309,9300,0.026943021269989112
AOA,WDBC,0,310,9330,0.026943021269989112
AOA,WDBC,0,311,9360,0.026943021269989112
AOA,WDBC,0,312,9390,0.026943021269989112
AOA,WDBC,0,313,9420,0.026943021269989112
AOA,WDBC,0,314,9450,0.026943021269989112
AOA,WDBC,0,315,9480,0.026943021269989112
AOA,WDBC,0,316,9510,0.026943021269989112
AOA,WDBC,0,317,9540,0.026943021269989112
AOA,WDBC,0,318,9570,0.026943021269989112
AOA,WDBC,0,319,9600,0.026943021269989112
AOA,WDBC,0,320,9630,0.026943021269989112
AOA,WDBC,0,321,9660,0.026943021269989112
AOA,WDBC,0,322,9690,0.026943021269989112
AOA,WDBC,0,323,9720,0.026943021269989112
AOA,WDBC,0,324,9750,0.026943021269989112
AOA,WDBC,0,325,9780,0.026943021269989112
AOA,WDBC,0,326,9810,0.026943021269989112
AOA,WDBC,0,327,9840,0.026943021269989112
AOA,WDBC,0,328,9870,0.026943021269989112
AOA,WDBC,0,329,9900,0.026943021269989112
AOA,WDBC,0,330,9930,0.026943021269989112
AOA,WDBC,0,331,9960,0.026943021269989112
AOA,WDBC,0,332,9990,0.026943021269989112
AOA,WDBC,0,333,10020,0.026943021269989112
AOA,WDBC,0,334,10050,0.026943021269989112
AOA,WDBC,0,335,10080,0.026943021269989112
AOA,WDBC,0,336,10110,0.026943021269989112
AOA,WDBC,0,337,10140,0.026943021269989112
AOA,WDBC,0,338,10170,0.026943021269989112
AOA,WDBC,0,339,10200,0.026943021269989112
AOA,WDBC,0,340,10230,0.026943021269989112
AOA,WDBC,0,341,10260,0.026943021269989112
AOA,WDBC,0,342,10290,0.026943021269989112
AOA,WDBC,0,343,10320,0.026943021269989112
AOA,WDBC,0,344,10350,0.026943021269989112
AOA,WDBC,0,345,10380,0.026943021269989112
AOA,WDBC,0,346,10410,0.026943021269989112
AOA,WDBC,0,347,10440,0.026943021269989112
AOA,WDBC,0,348,10470,0.026943021269989112
AOA,WDBC,0,349,10500,0.026943021269989112
AOA,WDBC,0,350,10530,0.026943021269989112
AOA,WDBC,0,351,10560,0.026943021269989112
AOA,WDBC,0,352,10590,0.026943021269989112
AOA,WDBC,0,353,10620,0.026943021269989112
AOA,WDBC,0,354,10650,0.026943021269989112
AOA,WDBC,0,355,10680,0.026943021269989112
AOA,WDBC,0,356,10710,0.026943021269989112
AOA,WDBC,0,357,10740,0.026943021269989112
AOA,WDBC,0,358,10770,0.026943021269989112
AOA,WDBC,0,359,10800,0.026943021269989112
AOA,WDBC,0,360,10830,0.026943021269989112
AOA,WDBC,0,361,10860,0.026943021269989112
AOA,WDBC,0,362,10890,0.026943021269989112
AOA,WDBC,0,363,10920,0.026943021269989112
AOA,WDBC,0,364,10950,0.026943021269989112
AOA,WDBC,0,365,10980,0.026943021269989112
AOA,WDBC,0,366,11010,0.026943021269989112
AOA,WDBC,0,367,11040,0.026943021269989112
AOA,WDBC,0,368,11070,0.026943021269989112
AOA,WDBC,0,369,11100,0.026943021269989112
AOA,WDBC,0,370,11130,0.026943021269989112
AOA,WDBC,0,371,11160,0.026943021269989112
AOA,WDBC,0,372,11190,0.026943021269989112
AOA,WDBC,0,373,11220,0.026943021269989112
AOA,WDBC,0,374,11250,0.026943021269989112
AOA,WDBC,0,375,11280,0.026943021269989112
AOA,WDBC,0,376,11310,0.026943021269989112
AOA,WDBC,0,377,11340,0.026943021269989112
AOA,WDBC,0,378,11370,0.026943021269989112
AOA,WDBC,0,379,11400,0.026943021269989112
AOA,WDBC,0,380,11430,0.026943021269989112
AOA,WDBC,0,381,11460,0.026943021269989112
AOA,WDBC,0,382,11490,0.026943021269989112
AOA,WDBC,0,383,11520,0.026943021269989112
AOA,WDBC,0,384,11550,0.026943021269989112
AOA,WDBC,0,385,11580,0.026943021269989112
AOA,WDBC,0,386,11610,0.026943021269989112
AOA,WDBC,0,387,11640,0.026943021269989112
AOA,WDBC,0,388,11670,0.026943021269989112
AOA,WDBC,0,389,11700,0.026943021269989112
AOA,WDBC,0,390,11730,0.026943021269989112
AOA,WDBC,0,391,11760,0.026943021269989112
AOA,WDBC,0,392,11790,0.026943021269989112
AOA,WDBC,0,393,11820,0.026943021269989112
AOA,WDBC,0,394,11850,0.026943021269989112
AOA,WDBC,0,395,11880,0.026943021269989112
AOA,WDBC,0,396,11910,0.026943021269989112
AOA,WDBC,0,397,11940,0.026943021269989112
AOA,WDBC,0,398,11970,0.026943021269989112
AOA,WDBC,0,399,12000,0.026943021269989112
AOA,WDBC,0,400,12030,0.026943021269989112
AOA,WDBC,0,401,12060,0.026943021269989112
AOA,WDBC,0,402,12090,0.026943021269989112
AOA,WDBC,0,403,12120,0.026943021269989112
AOA,WDBC,0,404,12150,0.026943021269989112
AOA,WDBC,0,405,12180,0.026943021269989112
AOA,WDBC,0,406,12210,0.026943021269989112
AOA,WDBC,0,407,12240,0.026943021269989112
AOA,WDBC,0,408,12270,0.026943021269989112
AOA,WDBC,0,409,12300,0.026943021269989112
AOA,WDBC,0,410,12330,0.026943021269989112
AOA,WDBC,0,411,12360,0.026943021269989112
AOA,WDBC,0,412,12390,0.026943021269989112
AOA,WDBC,0,413,12420,0.026943021269989112
AOA,WDBC,0,414,12450,0.026943021269989112
AOA,WDBC,0,415,12480,0.026943021269989112
AOA,WDBC,0,416,12510,0.026943021269989112
AOA,WDBC,0,417,12540,0.026943021269989112
AOA,WDBC,0,418,12570,0.026943021269989112
AOA,WDBC,0,419,12600,0.026943021269989112
AOA,WDBC,0,420,12630,0.026943021269989112
AOA,WDBC,0,421,12660,0.026943021269989112
AOA,WDBC,0,422,12690,0.026943021269989112
AOA,WDBC,0,423,12720,0.026943021269989112
AOA,WDBC,0,424,12750,0.026943021269989112
AOA,WDBC,0,425,12780,0.026943021269989112
AOA,WDBC,0,426,12810,0.026943021269989112
AOA,WDBC,0,427,12840,0.026943021269989112
AOA,WDBC,0,428,12870,0.026943021269989112
AOA,WDBC,0,429,12900,0.026943021269989112
AOA,WDBC,0,430,12930,0.026943021269989112
AOA,WDBC,0,431,12960,0.026943021269989112
AOA,WDBC,0,432,12990,0.026943021269989112
AOA,WDBC,0,433,13020,0.026943021269989112
AOA,WDBC,0,434,13050,0.026943021269989112
AOA,WDBC,0,435,13080,0.026943021269989112
AOA,WDBC,0,436,13110,0.026943021269989112
AOA,WDBC,0,437,13140,0.026943021269989112
AOA,WDBC,0,438,13170,0.026943021269989112
AOA,WDBC,0,439,13200,0.026943021269989112
AOA,WDBC,0,440,13230,0.026943021269989112
AOA,WDBC,0,441,13260,0.026943021269989112
AOA,WDBC,0,442,13290,0.026943021269989112
AOA,WDBC,0,443,13320,0.026943021269989112
AOA,WDBC,0,444,13350,0.026943021269989112
AOA,WDBC,0,445,13380,0.026943021269989112
AOA,WDBC,0,446,13410,0.026943021269989112
AOA,WDBC,0,447,13440,0.026943021269989112
AOA,WDBC,0,448,13470,0.026943021269989112
AOA,WDBC,0,449,13500,0.026943021269989112
AOA,WDBC,0,450,13530,0.026943021269989112
AOA,WDBC,0,451,13560,0.026943021269989112
AOA,WDBC,0,452,13590,0.026943021269989112
AOA,WDBC,0,453,13620,0.026943021269989112
AOA,WDBC,0,454,13650,0.026943021269989112
AOA,WDBC,0,455,13680,0.026943021269989112
AOA,WDBC,0,456,13710,0.026943021269989112
AOA,WDBC,0,457,13740,0.026943021269989112
AOA,WDBC,0,458,13770,0.026943021269989112
AOA,WDBC,0,459,13800,0.026943021269989112
AOA,WDBC,0,460,13830,0.026943021269989112
AOA,WDBC,0,461,13860,0.026943021269989112
AOA,WDBC,0,462,13890,0.026943021269989112
AOA,WDBC,0,463,13920,0.026943021269989112
AOA,WDBC,0,464,13950,0.026943021269989112
AOA,WDBC,0,465,13980,0.026943021269989112
AOA,WDBC,0,466,14010,0.026943021269989112
AOA,WDBC,0,467,14040,0.026943021269989112
AOA,WDBC,0,468,14070,0.026943021269989112
AOA,WDBC,0,469,14100,0.026943021269989112
AOA,WDBC,0,470,14130,0.026943021269989112
AOA,WDBC,0,471,14160,0.026943021269989112
AOA,WDBC,0,472,14190,0.026943021269989112
AOA,WDBC,0,473,14220,0.026943021269989112
AOA,WDBC,0,474,14250,0.026943021269989112
AOA,WDBC,0,475,14280,0.026943021269989112
AOA,WDBC,0,476,14310,0.026943021269989112
AOA,WDBC,0,477,14340,0.026943021269989112
AOA,WDBC,0,478,14370,0.026943021269989112
AOA,WDBC,0,479,14400,0.026943021269989112
AOA,WDBC,0,480,14430,0.026943021269989112
AOA,WDBC,0,481,14460,0.026943021269989112
AOA,WDBC,0,482,14490,0.026943021269989112
AOA,WDBC,0,483,14520,0.026943021269989112
AOA,WDBC,0,484,14550,0.026943021269989112
AOA,WDBC,0,485,14580,0.026943021269989112
AOA,WDBC,0,486,14610,0.026943021269989112
AOA,WDBC,0,487,14640,0.026943021269989112
AOA,WDBC,0,488,14670,0.026943021269989112
AOA,WDBC,0,489,14700,0.026943021269989112
AOA,WDBC,0,490,14730,0.026943021269989112
AOA,WDBC,0,491,14760,0.026943021269989112
AOA,WDBC,0,492,14790,0.026943021269989112
AOA,WDBC,0,493,14820,0.026943021269989112
AOA,WDBC,0,494,14850,0.026943021269989112
AOA,WDBC,0,495,14880,0.026943021269989112
AOA,WDBC,0,496,14910,0.026943021269989112
AOA,WDBC,0,497,14940,0.026943021269989112
AOA,WDBC,0,498,14970,0.026943021269989112
AOA,WDBC,0,499,15000,0.026943021269989112
AOA,WDBC,2,0,30,0.03253299177146413
AOA,WDBC,2,1,60,0.03253299177146413
AOA,WDBC,2,2,90,0.03253299177146413
AOA,WDBC,2,3,120,0.03253299177146413
AOA,WDBC,2,4,150,0.03253299177146413
AOA,WDBC,2,5,180,0.029028566992702932
AOA,WDBC,2,6,210,0.029028566992702932
AOA,WDBC,2,7,240,0.029028566992702932
AOA,WDBC,2,8,270,0.029028566992702932
AOA,WDBC,2,9,300,0.029028566992702932
AOA,WDBC,2,10,330,0.029028566992702932
AOA,WDBC,2,11,360,0.029028566992702932
AOA,WDBC,2,12,390,0.029028566992702932
AOA,WDBC,2,13,420,0.029028566992702932
AOA,WDBC,2,14,450,0.029028566992702932
AOA,WDBC,2,15,480,0.029028566992702932
AOA,WDBC,2,16,510,0.029028566992702932
AOA,WDBC,2,17,540,0.029028566992702932
AOA,WDBC,2,18,570,0.029028566992702932
AOA,WDBC,2,19,600,0.029028566992702932
AOA,WDBC,2,20,630,0.029028566992702932
AOA,WDBC,2,21,660,0.029028566992702932
AOA,WDBC,2,22,690,0.029028566992702932
AOA,WDBC,2,23,720,0.029028566992702932
AOA,WDBC,2,24,750,0.029028566992702932
AOA,WDBC,2,25,780,0.029028566992702932
AOA,WDBC,2,26,810,0.029028566992702932
AOA,WDBC,2,27,840,0.029028566992702932
AOA,WDBC,2,28,870,0.029028566992702932
AOA,WDBC,2,29,900,0.029028566992702932
AOA,WDBC,2,30,930,0.029028566992702932
AOA,WDBC,2,31,960,0.029028566992702932
AOA,WDBC,2,32,990,0.029028566992702932
AOA,WDBC,2,33,1020,0.029028566992702932
AOA,WDBC,2,34,1050,0.029028566992702932
AOA,WDBC,2,35,1080,0.029028566992702932
AOA,WDBC,2,36,1110,0.029028566992702932
AOA,WDBC,2,37,1140,0.029028566992702932
AOA,WDBC,2,38,1170,0.029028566992702932
AOA,WDBC,2,39,1200,0.029028566992702932
AOA,WDBC,2,40,1230,0.029028566992702932
AOA,WDBC,2,41,1260,0.029028566992702932
AOA,WDBC,2,42,1290,0.029028566992702932
AOA,WDBC,2,43,1320,0.029028566992702932
AOA,WDBC,2,44,1350,0.029028566992702932
AOA,WDBC,2,45,1380,0.029028566992702932
AOA,WDBC,2,46,1410,0.029028566992702932
AOA,WDBC,2,47,1440,0.029028566992702932
AOA,WDBC,2,48,1470,0.029028566992702932
AOA,WDBC,2,49,1500,0.029028566992702932
AOA,WDBC,2,50,1530,0.029028566992702932
AOA,WDBC,2,51,1560,0.029028566992702932
AOA,WDBC,2,52,1590,0.029028566992702932
AOA,WDBC,2,53,1620,0.029028566992702932
AOA,WDBC,2,54,1650,0.029028566992702932
AOA,WDBC,2,55,1680,0.029028566992702932
AOA,WDBC,2,56,1710,0.029028566992702932
AOA,WDBC,2,57,1740,0.029028566992702932
AOA,WDBC,2,58,1770,0.029028566992702932
AOA,WDBC,2,59,1800,0.029028566992702932
AOA,WDBC,2,60,1830,0.029028566992702932
AOA,WDBC,2,61,1860,0.029028566992702932
AOA,WDBC,2,62,1890,0.029028566992702932
AOA,WDBC,2,63,1920,0.029028566992702932
AOA,WDBC,2,64,1950,0.029028566992702932
AOA,WDBC,2,65,1980,0.029028566992702932
AOA,WDBC,2,66,2010,0.02759431765253856
AOA,WDBC,2,67,2040,0.02759431765253856
AOA,WDBC,2,68,2070,0.02759431765253856
AOA,WDBC,2,69,2100,0.02759431765253856
AOA,WDBC,2,70,2130,0.02759431765253856
AOA,WDBC,2,71,2160,0.02759431765253856
AOA,WDBC,2,72,2190,0.02759431765253856
AOA,WDBC,2,73,2220,0.02759431765253856
AOA,WDBC,2,74,2250,0.02381804067691355
AOA,WDBC,2,75,2280,0.02381804067691355
AOA,WDBC,2,76,2310,0.02381804067691355
AOA,WDBC,2,77,2340,0.02381804067691355
AOA,WDBC,2,78,2370,0.02381804067691355
AOA,WDBC,2,79,2400,0.02381804067691355
AOA,WDBC,2,80,2430,0.02381804067691355
AOA,WDBC,2,81,2460,0.02381804067691355
AOA,WDBC,2,82,2490,0.02381804067691355
AOA,WDBC,2,83,2520,0.02381804067691355
AOA,WDBC,2,84,2550,0.02381804067691355
AOA,WDBC,2,85,2580,0.02381804067691355
AOA,WDBC,2,86,2610,0.02381804067691355
AOA,WDBC,2,87,2640,0.02381804067691355
AOA,WDBC,2,88,2670,0.02381804067691355
AOA,WDBC,2,89,2700,0.02381804067691355
AOA,WDBC,2,90,2730,0.02381804067691355
AOA,WDBC,2,91,2760,0.02381804067691355
AOA,WDBC,2,92,2790,0.02381804067691355
AOA,WDBC,2,93,2820,0.02381804067691355
AOA,WDBC,2,94,2850,0.02381804067691355
AOA,WDBC,2,95,2880,0.02381804067691355
AOA,WDBC,2,96,2910,0.02381804067691355
AOA,WDBC,2,97,2940,0.02381804067691355
AOA,WDBC,2,98,2970,0.02381804067691355
AOA,WDBC,2,99,3000,0.02381804067691355
AOA,WDBC,2,100,3030,0.02381804067691355
AOA,WDBC,2,101,3060,0.02381804067691355
AOA,WDBC,2,102,3090,0.02381804067691355
AOA,WDBC,2,103,3120,0.02381804067691355
AOA,WDBC,2,104,3150,0.02381804067691355
AOA,WDBC,2,105,3180,0.02381804067691355
AOA,WDBC,2,106,3210,0.02381804067691355
AOA,WDBC,2,107,3240,0.02381804067691355
AOA,WDBC,2,108,3270,0.02381804067691355
AOA,WDBC,2,109,3300,0.02381804067691355
AOA,WDBC,2,110,3330,0.02381804067691355
AOA,WDBC,2,111,3360,0.02381804067691355
AOA,WDBC,2,112,3390,0.02381804067691355
AOA,WDBC,2,113,3420,0.02381804067691355
AOA,WDBC,2,114,3450,0.02381804067691355
AOA,WDBC,2,115,3480,0.02381804067691355
AOA,WDBC,2,116,3510,0.02381804067691355
AOA,WDBC,2,117,3540,0.02381804067691355
AOA,WDBC,2,118,3570,0.02381804067691355
AOA,WDBC,2,119,3600,0.02381804067691355
AOA,WDBC,2,120,3630,0.02381804067691355
AOA,WDBC,2,121,3660,0.02381804067691355
AOA,WDBC,2,122,3690,0.02381804067691355
AOA,WDBC,2,123,3720,0.02381804067691355
AOA,WDBC,2,124,3750,0.02381804067691355
AOA,WDBC,2,125,3780,0.02381804067691355
AOA,WDBC,2,126,3810,0.02381804067691355
AOA,WDBC,2,127,3840,0.02381804067691355
AOA,WDBC,2,128,3870,0.02381804067691355
AOA,WDBC,2,129,3900,0.02381804067691355
AOA,WDBC,2,130,3930,0.02381804067691355
AOA,WDBC,2,131,3960,0.02381804067691355
AOA,WDBC,2,132,3990,0.02381804067691355
AOA,WDBC,2,133,4020,0.02381804067691355
AOA,WDBC,2,134,4050,0.02381804067691355
AOA,WDBC,2,135,4080,0.02381804067691355
AOA,WDBC,2,136,4110,0.02381804067691355
AOA,WDBC,2,137,4140,0.02381804067691355
AOA,WDBC,2,138,4170,0.02381804067691355
AOA,WDBC,2,139,4200,0.02381804067691355
AOA,WDBC,2,140,4230,0.02381804067691355
AOA,WDBC,2,141,4260,0.02381804067691355
AOA,WDBC,2,142,4290,0.02381804067691355
AOA,WDBC,2,143,4320,0.02381804067691355
AOA,WDBC,2,144,4350,0.02381804067691355
AOA,WDBC,2,145,4380,0.02381804067691355
AOA,WDBC,2,146,4410,0.02381804067691355
AOA,WDBC,2,147,4440,0.02381804067691355
AOA,WDBC,2,148,4470,0.02381804067691355
AOA,WDBC,2,149,4500,0.02381804067691355
AOA,WDBC,2,150,4530,0.02381804067691355
AOA,WDBC,2,151,4560,0.02381804067691355
AOA,WDBC,2,152,4590,0.02381804067691355
AOA,WDBC,2,153,4620,0.02381804067691355
AOA,WDBC,2,154,4650,0.02381804067691355
AOA,WDBC,2,155,4680,0.02381804067691355
AOA,WDBC,2,156,4710,0.02381804067691355
AOA,WDBC,2,157,4740,0.02381804067691355
AOA,WDBC,2,158,4770,0.02381804067691355
AOA,WDBC,2,159,4800,0.02381804067691355
AOA,WDBC,2,160,4830,0.02381804067691355
AOA,WDBC,2,161,4860,0.02381804067691355
AOA,WDBC,2,162,4890,0.02381804067691355
AOA,WDBC,2,163,4920,0.02381804067691355
AOA,WDBC,2,164,4950,0.02381804067691355
AOA,WDBC,2,165,4980,0.02381804067691355
AOA,WDBC,2,166,5010,0.02381804067691355
AOA,WDBC,2,167,5040,0.02381804067691355
AOA,WDBC,2,168,5070,0.02381804067691355
AOA,WDBC,2,169,5100,0.02381804067691355
AOA,WDBC,2,170,5130,0.02381804067691355
AOA,WDBC,2,171,5160,0.02381804067691355
AOA,WDBC,2,172,5190,0.02381804067691355
AOA,WDBC,2,173,5220,0.02381804067691355
AOA,WDBC,2,174,5250,0.02381804067691355
AOA,WDBC,2,175,5280,0.02381804067691355
AOA,WDBC,2,176,5310,0.02381804067691355
AOA,WDBC,2,177,5340,0.02381804067691355
AOA,WDBC,2,178,5370,0.02381804067691355
AOA,WDBC,2,179,5400,0.02381804067691355
AOA,WDBC,2,180,5430,0.02381804067691355
AOA,WDBC,2,181,5460,0.02381804067691355
AOA,WDBC,2,182,5490,0.02381804067691355
AOA,WDBC,2,183,5520,0.02381804067691355
AOA,WDBC,2,184,5550,0.02381804067691355
AOA,WDBC,2,185,5580,0.02381804067691355
AOA,WDBC,2,186,5610,0.02381804067691355
AOA,WDBC,2,187,5640,0.02381804067691355
AOA,WDBC,2,188,5670,0.02381804067691355
AOA,WDBC,2,189,5700,0.02381804067691355
AOA,WDBC,2,190,5730,0.02381804067691355
AOA,WDBC,2,191,5760,0.02381804067691355
AOA,WDBC,2,192,5790,0.02381804067691355
AOA,WDBC,2,193,5820,0.02381804067691355
AOA,WDBC,2,194,5850,0.02381804067691355
AOA,WDBC,2,195,5880,0.02381804067691355
AOA,WDBC,2,196,5910,0.02381804067691355
AOA,WDBC,2,197,5940,0.02381804067691355
AOA,WDBC,2,198,5970,0.02381804067691355
AOA,WDBC,2,199,6000,0.02381804067691355
AOA,WDBC,2,200,6030,0.02381804067691355
AOA,WDBC,2,201,6060,0.02381804067691355
AOA,WDBC,2,202,6090,0.02381804067691355
AOA,WDBC,2,203,6120,0.02381804067691355
AOA,WDBC,2,204,6150,0.02381804067691355
AOA,WDBC,2,205,6180,0.02381804067691355
AOA,WDBC,2,206,6210,0.02381804067691355
AOA,WDBC,2,207,6240,0.02381804067691355
AOA,WDBC,2,208,6270,0.02381804067691355
AOA,WDBC,2,209,6300,0.02381804067691355
AOA,WDBC,2,210,6330,0.02381804067691355
AOA,WDBC,2,211,6360,0.02381804067691355
AOA,WDBC,2,212,6390,0.02381804067691355
AOA,WDBC,2,213,6420,0.02381804067691355
AOA,WDBC,2,214,6450,0.02381804067691355
AOA,WDBC,2,215,6480,0.02381804067691355
AOA,WDBC,2,216,6510,0.02381804067691355
AOA,WDBC,2,217,6540,0.02381804067691355
AOA,WDBC,2,218,6570,0.02381804067691355
AOA,WDBC,2,219,6600,0.02381804067691355
AOA,WDBC,2,220,6630,0.02381804067691355
AOA,WDBC,2,221,6660,0.02381804067691355
AOA,WDBC,2,222,6690,0.02381804067691355
AOA,WDBC,2,223,6720,0.02381804067691355
AOA,WDBC,2,224,6750,0.02381804067691355
AOA,WDBC,2,225,6780,0.02381804067691355
AOA,WDBC,2,226,6810,0.02381804067691355
AOA,WDBC,2,227,6840,0.02381804067691355
AOA,WDBC,2,228,6870,0.02381804067691355
AOA,WDBC,2,229,6900,0.02381804067691355
AOA,WDBC,2,230,6930,0.02381804067691355
AOA,WDBC,2,231,6960,0.02381804067691355
AOA,WDBC,2,232,6990,0.02381804067691355
AOA,WDBC,2,233,7020,0.02381804067691355
AOA,WDBC,2,234,7050,0.02381804067691355
AOA,WDBC,2,235,7080,0.02381804067691355
AOA,WDBC,2,236,7110,0.02381804067691355
AOA,WDBC,2,237,7140,0.02381804067691355
AOA,WDBC,2,238,7170,0.02381804067691355
AOA,WDBC,2,239,7200,0.02381804067691355
AOA,WDBC,2,240,7230,0.02381804067691355
AOA,WDBC,2,241,7260,0.02381804067691355
AOA,WDBC,2,242,7290,0.02381804067691355
AOA,WDBC,2,243,7320,0.02381804067691355
AOA,WDBC,2,244,7350,0.02381804067691355
AOA,WDBC,2,245,7380,0.02381804067691355
AOA,WDBC,2,246,7410,0.02381804067691355
AOA,WDBC,2,247,7440,0.02381804067691355
AOA,WDBC,2,248,7470,0.02381804067691355
AOA,WDBC,2,249,7500,0.02381804067691355
AOA,WDBC,2,250,7530,0.02381804067691355
AOA,WDBC,2,251,7560,0.02381804067691355
AOA,WDBC,2,252,7590,0.02381804067691355
AOA,WDBC,2,253,7620,0.02381804067691355
AOA,WDBC,2,254,7650,0.02381804067691355
AOA,WDBC,2,255,7680,0.02381804067691355
AOA,WDBC,2,256,7710,0.02381804067691355
AOA,WDBC,2,257,7740,0.02381804067691355
AOA,WDBC,2,258,7770,0.02381804067691355
AOA,WDBC,2,259,7800,0.02381804067691355
AOA,WDBC,2,260,7830,0.02381804067691355
AOA,WDBC,2,261,7860,0.02381804067691355
AOA,WDBC,2,262,7890,0.02381804067691355
AOA,WDBC,2,263,7920,0.02381804067691355
AOA,WDBC,2,264,7950,0.02381804067691355
AOA,WDBC,2,265,7980,0.02381804067691355
AOA,WDBC,2,266,8010,0.02381804067691355
AOA,WDBC,2,267,8040,0.02381804067691355
AOA,WDBC,2,268,8070,0.02381804067691355
AOA,WDBC,2,269,8100,0.02381804067691355
AOA,WDBC,2,270,8130,0.02381804067691355
AOA,WDBC,2,271,8160,0.02381804067691355
AOA,WDBC,2,272,8190,0.02381804067691355
AOA,WDBC,2,273,8220,0.02381804067691355
AOA,WDBC,2,274,8250,0.02381804067691355
AOA,WDBC,2,275,8280,0.02381804067691355
AOA,WDBC,2,276,8310,0.02381804067691355
AOA,WDBC,2,277,8340,0.02381804067691355
AOA,WDBC,2,278,8370,0.02381804067691355
AOA,WDBC,2,279,8400,0.02381804067691355
AOA,WDBC,2,280,8430,0.02381804067691355
AOA,WDBC,2,281,8460,0.02381804067691355
AOA,WDBC,2,282,8490,0.02381804067691355
AOA,WDBC,2,283,8520,0.02381804067691355
AOA,WDBC,2,284,8550,0.02381804067691355
AOA,WDBC,2,285,8580,0.02381804067691355
AOA,WDBC,2,286,8610,0.02381804067691355
AOA,WDBC,2,287,8640,0.02381804067691355
AOA,WDBC,2,288,8670,0.02381804067691355
AOA,WDBC,2,289,8700,0.02381804067691355
AOA,WDBC,2,290,8730,0.02381804067691355
AOA,WDBC,2,291,8760,0.02381804067691355
AOA,WDBC,2,292,8790,0.02381804067691355
AOA,WDBC,2,293,8820,0.02381804067691355
AOA,WDBC,2,294,8850,0.02381804067691355
AOA,WDBC,2,295,8880,0.02381804067691355
AOA,WDBC,2,296,8910,0.02381804067691355
AOA,WDBC,2,297,8940,0.02381804067691355
AOA,WDBC,2,298,8970,0.02381804067691355
AOA,WDBC,2,299,9000,0.02381804067691355
AOA,WDBC,2,300,9030,0.02381804067691355
AOA,WDBC,2,301,9060,0.02381804067691355
AOA,WDBC,2,302,9090,0.02381804067691355
AOA,WDBC,2,303,9120,0.02381804067691355
AOA,WDBC,2,304,9150,0.02381804067691355
AOA,WDBC,2,305,9180,0.02381804067691355
AOA,WDBC,2,306,9210,0.02381804067691355
AOA,WDBC,2,307,9240,0.02381804067691355
AOA,WDBC,2,308,9270,0.02381804067691355
AOA,WDBC,2,309,9300,0.02381804067691355
AOA,WDBC,2,310,9330,0.02381804067691355
AOA,WDBC,2,311,9360,0.02381804067691355
AOA,WDBC,2,312,9390,0.02381804067691355
AOA,WDBC,2,313,9420,0.02381804067691355
AOA,WDBC,2,314,9450,0.02381804067691355
AOA,WDBC,2,315,9480,0.02381804067691355
AOA,WDBC,2,316,9510,0.02381804067691355
AOA,WDBC,2,317,9540,0.02381804067691355
AOA,WDBC,2,318,9570,0.02381804067691355
AOA,WDBC,2,319,9600,0.02381804067691355
AOA,WDBC,2,320,9630,0.02381804067691355
AOA,WDBC,2,321,9660,0.02381804067691355
AOA,WDBC,2,322,9690,0.02381804067691355
AOA,WDBC,2,323,9720,0.02381804067691355
AOA,WDBC,2,324,9750,0.02381804067691355
AOA,WDBC,2,325,9780,0.02381804067691355
AOA,WDBC,2,326,9810,0.02381804067691355
AOA,WDBC,2,327,9840,0.02381804067691355
AOA,WDBC,2,328,9870,0.02381804067691355
AOA,WDBC,2,329,9900,0.02381804067691355
AOA,WDBC,2,330,9930,0.02381804067691355
AOA,WDBC,2,331,9960,0.02381804067691355
AOA,WDBC,2,332,9990,0.02381804067691355
AOA,WDBC,2,333,10020,0.02381804067691355
AOA,WDBC,2,334,10050,0.02381804067691355
AOA,WDBC,2,335,10080,0.02381804067691355
AOA,WDBC,2,336,10110,0.02381804067691355
AOA,WDBC,2,337,10140,0.02381804067691355
AOA,WDBC,2,338,10170,0.02381804067691355
AOA,WDBC,2,339,10200,0.02381804067691355
AOA,WDBC,2,340,10230,0.02381804067691355
AOA,WDBC,2,341,10260,0.02381804067691355
AOA,WDBC,2,342,10290,0.02381804067691355
AOA,WDBC,2,343,10320,0.02381804067691355
AOA,WDBC,2,344,10350,0.02381804067691355
AOA,WDBC,2,345,10380,0.02381804067691355
AOA,WDBC,2,346,10410,0.02381804067691355
AOA,WDBC,2,347,10440,0.02381804067691355
AOA,WDBC,2,348,10470,0.02381804067691355
AOA,WDBC,2,349,10500,0.02381804067691355
AOA,WDBC,2,350,10530,0.02381804067691355
AOA,WDBC,2,351,10560,0.02381804067691355
AOA,WDBC,2,352,10590,0.02381804067691355
AOA,WDBC,2,353,10620,0.02381804067691355
AOA,WDBC,2,354,10650,0.02381804067691355
AOA,WDBC,2,355,10680,0.02381804067691355
AOA,WDBC,2,356,10710,0.02381804067691355
AOA,WDBC,2,357,10740,0.02381804067691355
AOA,WDBC,2,358,10770,0.02381804067691355
AOA,WDBC,2,359,10800,0.02381804067691355
AOA,WDBC,2,360,10830,0.02381804067691355
AOA,WDBC,2,361,10860,0.02381804067691355
AOA,WDBC,2,362,10890,0.02381804067691355
AOA,WDBC,2,363,10920,0.02381804067691355
AOA,WDBC,2,364,10950,0.02381804067691355
AOA,WDBC,2,365,10980,0.02381804067691355
AOA,WDBC,2,366,11010,0.02381804067691355
AOA,WDBC,2,367,11040,0.02381804067691355
AOA,WDBC,2,368,11070,0.02381804067691355
AOA,WDBC,2,369,11100,0.02381804067691355
AOA,WDBC,2,370,11130,0.02381804067691355
AOA,WDBC,2,371,11160,0.02381804067691355
AOA,WDBC,2,372,11190,0.02381804067691355
AOA,WDBC,2,373,11220,0.02381804067691355
AOA,WDBC,2,374,11250,0.02381804067691355
AOA,WDBC,2,375,11280,0.02381804067691355
AOA,WDBC,2,376,11310,0.02381804067691355
AOA,WDBC,2,377,11340,0.02381804067691355
AOA,WDBC,2,378,11370,0.02381804067691355
AOA,WDBC,2,379,11400,0.02381804067691355
AOA,WDBC,2,380,11430,0.02381804067691355
AOA,WDBC,2,381,11460,0.02381804067691355
AOA,WDBC,2,382,11490,0.02381804067691355
AOA,WDBC,2,383,11520,0.02381804067691355
AOA,WDBC,2,384,11550,0.02381804067691355
AOA,WDBC,2,385,11580,0.02381804067691355
AOA,WDBC,2,386,11610,0.02381804067691355
AOA,WDBC,2,387,11640,0.02381804067691355
AOA,WDBC,2,388,11670,0.02381804067691355
AOA,WDBC,2,389,11700,0.02381804067691355
AOA,WDBC,2,390,11730,0.02381804067691355
AOA,WDBC,2,391,11760,0.02381804067691355
AOA,WDBC,2,392,11790,0.02381804067691355
AOA,WDBC,2,393,11820,0.02381804067691355
AOA,WDBC,2,394,11850,0.02381804067691355
AOA,WDBC,2,395,11880,0.02381804067691355
AOA,WDBC,2,396,11910,0.02381804067691355
AOA,WDBC,2,397,11940,0.02381804067691355
AOA,WDBC,2,398,11970,0.02381804067691355
AOA,WDBC,2,399,12000,0.02381804067691355
AOA,WDBC,2,400,12030,0.02381804067691355
AOA,WDBC,2,401,12060,0.02381804067691355
AOA,WDBC,2,402,12090,0.02381804067691355
AOA,WDBC,2,403,12120,0.02381804067691355
AOA,WDBC,2,404,12150,0.02381804067691355
AOA,WDBC,2,405,12180,0.02381804067691355
AOA,WDBC,2,406,12210,0.02381804067691355
AOA,WDBC,2,407,12240,0.02381804067691355
AOA,WDBC,2,408,12270,0.02381804067691355
AOA,WDBC,2,409,12300,0.02381804067691355
AOA,WDBC,2,410,12330,0.02381804067691355
AOA,WDBC,2,411,12360,0.02381804067691355
AOA,WDBC,2,412,12390,0.02381804067691355
AOA,WDBC,2,413,12420,0.02381804067691355
AOA,WDBC,2,414,12450,0.02381804067691355
AOA,WDBC,2,415,12480,0.02381804067691355
AOA,WDBC,2,416,12510,0.02381804067691355
AOA,WDBC,2,417,12540,0.02381804067691355
AOA,WDBC,2,418,12570,0.02381804067691355
AOA,WDBC,2,419,12600,0.02381804067691355
AOA,WDBC,2,420,12630,0.02381804067691355
AOA,WDBC,2,421,12660,0.02381804067691355
AOA,WDBC,2,422,12690,0.02381804067691355
AOA,WDBC,2,423,12720,0.02381804067691355
AOA,WDBC,2,424,12750,0.02381804067691355
AOA,WDBC,2,425,12780,0.02381804067691355
AOA,WDBC,2,426,12810,0.02381804067691355
AOA,WDBC,2,427,12840,0.02381804067691355
AOA,WDBC,2,428,12870,0.02381804067691355
AOA,WDBC,2,429,12900,0.02381804067691355
AOA,WDBC,2,430,12930,0.02381804067691355
AOA,WDBC,2,431,12960,0.02381804067691355
AOA,WDBC,2,432,12990,0.02381804067691355
AOA,WDBC,2,433,13020,0.02381804067691355
AOA,WDBC,2,434,13050,0.02381804067691355
AOA,WDBC,2,435,13080,0.02381804067691355
AOA,WDBC,2,436,13110,0.02381804067691355
AOA,WDBC,2,437,13140,0.02381804067691355
AOA,WDBC,2,438,13170,0.02381804067691355
AOA,WDBC,2,439,13200,0.02381804067691355
AOA,WDBC,2,440,13230,0.02381804067691355
AOA,WDBC,2,441,13260,0.02381804067691355
AOA,WDBC,2,442,13290,0.02381804067691355
AOA,WDBC,2,443,13320,0.02381804067691355
AOA,WDBC,2,444,13350,0.02381804067691355
AOA,WDBC,2,445,13380,0.02381804067691355
AOA,WDBC,2,446,13410,0.02381804067691355
AOA,WDBC,2,447,13440,0.02381804067691355
AOA,WDBC,2,448,13470,0.02381804067691355
AOA,WDBC,2,449,13500,0.02381804067691355
AOA,WDBC,2,450,13530,0.02381804067691355
AOA,WDBC,2,451,13560,0.02381804067691355
AOA,WDBC,2,452,13590,0.02381804067691355
AOA,WDBC,2,453,13620,0.02381804067691355
AOA,WDBC,2,454,13650,0.02381804067691355
AOA,WDBC,2,455,13680,0.02381804067691355
AOA,WDBC,2,456,13710,0.02381804067691355
AOA,WDBC,2,457,13740,0.02381804067691355
AOA,WDBC,2,458,13770,0.02381804067691355
AOA,WDBC,2,459,13800,0.02381804067691355
AOA,WDBC,2,460,13830,0.02381804067691355
AOA,WDBC,2,461,13860,0.02381804067691355
AOA,WDBC,2,462,13890,0.02381804067691355
AOA,WDBC,2,463,13920,0.02381804067691355
AOA,WDBC,2,464,13950,0.02381804067691355
AOA,WDBC,2,465,13980,0.02381804067691355
AOA,WDBC,2,466,14010,0.02381804067691355
AOA,WDBC,2,467,14040,0.02381804067691355
AOA,WDBC,2,468,14070,0.02381804067691355
AOA,WDBC,2,469,14100,0.02381804067691355
AOA,WDBC,2,470,14130,0.02381804067691355
AOA,WDBC,2,471,14160,0.02381804067691355
AOA,WDBC,2,472,14190,0.02381804067691355
AOA,WDBC,2,473,14220,0.02381804067691355
AOA,WDBC,2,474,14250,0.02381804067691355
AOA,WDBC,2,475,14280,0.02381804067691355
AOA,WDBC,2,476,14310,0.02381804067691355
AOA,WDBC,2,477,14340,0.02381804067691355
AOA,WDBC,2,478,14370,0.02381804067691355
AOA,WDBC,2,479,14400,0.02381804067691355
AOA,WDBC,2,480,14430,0.02381804067691355
AOA,WDBC,2,481,14460,0.02381804067691355
AOA,WDBC,2,482,14490,0.02381804067691355
AOA,WDBC,2,483,14520,0.02381804067691355
AOA,WDBC,2,484,14550,0.02381804067691355
AOA,WDBC,2,485,14580,0.02381804067691355
AOA,WDBC,2,486,14610,0.02381804067691355
AOA,WDBC,2,487,14640,0.02381804067691355
AOA,WDBC,2,488,14670,0.02381804067691355
AOA,WDBC,2,489,14700,0.02381804067691355
AOA,WDBC,2,490,14730,0.02381804067691355
AOA,WDBC,2,491,14760,0.02381804067691355
AOA,WDBC,2,492,14790,0.02381804067691355
AOA,WDBC,2,493,14820,0.02381804067691355
AOA,WDBC,2,494,14850,0.02381804067691355
AOA,WDBC,2,495,14880,0.02381804067691355
AOA,WDBC,2,496,14910,0.02381804067691355
AOA,WDBC,2,497,14940,0.02381804067691355
AOA,WDBC,2,498,14970,0.02381804067691355
AOA,WDBC,2,499,15000,0.02381804067691355
AOA,ColonCancer,0,0,30,0.18255230769230774
AOA,ColonCancer,0,1,60,0.18255230769230774
AOA,ColonCancer,0,2,90,0.18255230769230774
AOA,ColonCancer,0,3,120,0.18255230769230774
AOA,ColonCancer,0,4,150,0.18255230769230774
AOA,ColonCancer,0,5,180,0.18255230769230774
AOA,ColonCancer,0,6,210,0.18255230769230774
AOA,ColonCancer,0,7,240,0.18255230769230774
AOA,ColonCancer,0,8,270,0.18255230769230774
AOA,ColonCancer,0,9,300,0.18255230769230774
AOA,ColonCancer,0,10,330,0.18255230769230774
AOA,ColonCancer,0,11,360,0.18255230769230774
AOA,ColonCancer,0,12,390,0.18255230769230774
AOA,ColonCancer,0,13,420,0.18255230769230774
AOA,ColonCancer,0,14,450,0.16633730769230767
AOA,ColonCancer,0,15,480,0.16633730769230767
AOA,ColonCancer,0,16,510,0.16633730769230767
AOA,ColonCancer,0,17,540,0.16633730769230767
AOA,ColonCancer,0,18,570,0.16633730769230767
AOA,ColonCancer,0,19,600,0.16633730769230767
AOA,ColonCancer,0,20,630,0.16633730769230767
AOA,ColonCancer,0,21,660,0.16633730769230767
AOA,ColonCancer,0,22,690,0.16633730769230767
AOA,ColonCancer,0,23,720,0.16633730769230767
AOA,ColonCancer,0,24,750,0.16633730769230767
AOA,ColonCancer,0,25,780,0.16633730769230767
AOA,ColonCancer,0,26,810,0.16633730769230767
AOA,ColonCancer,0,27,840,0.16633730769230767
AOA,ColonCancer,0,28,870,0.16633730769230767
AOA,ColonCancer,0,29,900,0.16633730769230767
AOA,ColonCancer,0,30,930,0.16633730769230767
AOA,ColonCancer,0,31,960,0.16624230769230766
AOA,ColonCancer,0,32,990,0.16624230769230766
AOA,ColonCancer,0,33,1020,0.16624230769230766
AOA,ColonCancer,0,34,1050,0.16624230769230766
AOA,ColonCancer,0,35,1080,0.16624230769230766
AOA,ColonCancer,0,36,1110,0.16624230769230766
AOA,ColonCancer,0,37,1140,0.16624230769230766
AOA,ColonCancer,0,38,1170,0.16624230769230766
AOA,ColonCancer,0,39,1200,0.16624230769230766
AOA,ColonCancer,0,40,1230,0.16624230769230766
AOA,ColonCancer,0,41,1260,0.16624230769230766
AOA,ColonCancer,0,42,1290,0.16624230769230766
AOA,ColonCancer,0,43,1320,0.16624230769230766
AOA,ColonCancer,0,44,1350,0.16624230769230766
AOA,ColonCancer,0,45,1380,0.16624230769230766
AOA,ColonCancer,0,46,1410,0.16624230769230766
AOA,ColonCancer,0,47,1440,0.16624230769230766
AOA,ColonCancer,0,48,1470,0.16624230769230766
AOA,ColonCancer,0,49,1500,0.16624230769230766
AOA,ColonCancer,0,50,1530,0.16624230769230766
AOA,ColonCancer,0,51,1560,0.16624230769230766
AOA,ColonCancer,0,52,1590,0.16624230769230766
AOA,ColonCancer,0,53,1620,0.16624230769230766
AOA,ColonCancer,0,54,1650,0.16624230769230766
AOA,ColonCancer,0,55,1680,0.16624230769230766
AOA,ColonCancer,0,56,1710,0.16624230769230766
AOA,ColonCancer,0,57,1740,0.16624230769230766
AOA,ColonCancer,0,58,1770,0.16624230769230766
AOA,ColonCancer,0,59,1800,0.16624230769230766
AOA,ColonCancer,0,60,1830,0.16624230769230766
AOA,ColonCancer,0,61,1860,0.16624230769230766
AOA,ColonCancer,0,62,1890,0.16624230769230766
AOA,ColonCancer,0,63,1920,0.16624230769230766
AOA,ColonCancer,0,64,1950,0.16624230769230766
AOA,ColonCancer,0,65,1980,0.16624230769230766
AOA,ColonCancer,0,66,2010,0.16624230769230766
AOA,ColonCancer,0,67,2040,0.16624230769230766
AOA,ColonCancer,0,68,2070,0.16624230769230766
AOA,ColonCancer,0,69,2100,0.16624230769230766
AOA,ColonCancer,0,70,2130,0.16624230769230766
AOA,ColonCancer,0,71,2160,0.16624230769230766
AOA,ColonCancer,0,72,2190,0.16624230769230766
AOA,ColonCancer,0,73,2220,0.16624230769230766
AOA,ColonCancer,0,74,2250,0.16624230769230766
AOA,ColonCancer,0,75,2280,0.16624230769230766
AOA,ColonCancer,0,76,2310,0.16624230769230766
AOA,ColonCancer,0,77,2340,0.16624230769230766
AOA,ColonCancer,0,78,2370,0.16624230769230766
AOA,ColonCancer,0,79,2400,0.16624230769230766
AOA,ColonCancer,0,80,2430,0.16624230769230766
AOA,ColonCancer,0,81,2460,0.16624230769230766
AOA,ColonCancer,0,82,2490,0.16624230769230766
AOA,ColonCancer,0,83,2520,0.16624230769230766
AOA,ColonCancer,0,84,2550,0.16624230769230766
AOA,ColonCancer,0,85,2580,0.16624230769230766
AOA,ColonCancer,0,86,2610,0.16624230769230766
AOA,ColonCancer,0,87,2640,0.16624230769230766
AOA,ColonCancer,0,88,2670,0.16624230769230766
AOA,ColonCancer,0,89,2700,0.16624230769230766
AOA,ColonCancer,0,90,2730,0.16624230769230766
AOA,ColonCancer,0,91,2760,0.16624230769230766
AOA,ColonCancer,0,92,2790,0.16624230769230766
AOA,ColonCancer,0,93,2820,0.16624230769230766
AOA,ColonCancer,0,94,2850,0.16624230769230766
AOA,ColonCancer,0,95,2880,0.16624230769230766
AOA,ColonCancer,0,96,2910,0.16624230769230766
AOA,ColonCancer,0,97,2940,0.16624230769230766
AOA,ColonCancer,0,98,2970,0.16624230769230766
AOA,ColonCancer,0,99,3000,0.16624230769230766
AOA,ColonCancer,0,100,3030,0.16624230769230766
AOA,ColonCancer,0,101,3060,0.16624230769230766
AOA,ColonCancer,0,102,3090,0.16624230769230766
AOA,ColonCancer,0,103,3120,0.16624230769230766
AOA,ColonCancer,0,104,3150,0.16621230769230766
AOA,ColonCancer,0,105,3180,0.16621230769230766
AOA,ColonCancer,0,106,3210,0.16621230769230766
AOA,ColonCancer,0,107,3240,0.16621230769230766
AOA,ColonCancer,0,108,3270,0.16621230769230766
AOA,ColonCancer,0,109,3300,0.16621230769230766
AOA,ColonCancer,0,110,3330,0.16621230769230766
AOA,ColonCancer,0,111,3360,0.16621230769230766
AOA,ColonCancer,0,112,3390,0.16621230769230766
AOA,ColonCancer,0,113,3420,0.16621230769230766
AOA,ColonCancer,0,114,3450,0.16621230769230766
AOA,ColonCancer,0,115,3480,0.16621230769230766
AOA,ColonCancer,0,116,3510,0.16621230769230766
AOA,ColonCancer,0,117,3540,0.16621230769230766
AOA,ColonCancer,0,118,3570,0.16621230769230766
AOA,ColonCancer,0,119,3600,0.16621230769230766
AOA,ColonCancer,0,120,3630,0.16621230769230766
AOA,ColonCancer,0,121,3660,0.16621230769230766
AOA,ColonCancer,0,122,3690,0.16621230769230766
AOA,ColonCancer,0,123,3720,0.16621230769230766
AOA,ColonCancer,0,124,3750,0.16621230769230766
AOA,ColonCancer,0,125,3780,0.16621230769230766
AOA,ColonCancer,0,126,3810,0.16621230769230766
AOA,ColonCancer,0,127,3840,0.16621230769230766
AOA,ColonCancer,0,128,3870,0.16621230769230766
AOA,ColonCancer,0,129,3900,0.16621230769230766
AOA,ColonCancer,0,130,3930,0.16621230769230766
AOA,ColonCancer,0,131,3960,0.16621230769230766
AOA,ColonCancer,0,132,3990,0.16621230769230766
AOA,ColonCancer,0,133,4020,0.16621230769230766
AOA,ColonCancer,0,134,4050,0.16621230769230766
AOA,ColonCancer,0,135,4080,0.16621230769230766
AOA,ColonCancer,0,136,4110,0.16621230769230766
AOA,ColonCancer,0,137,4140,0.16621230769230766
AOA,ColonCancer,0,138,4170,0.16621230769230766
AOA,ColonCancer,0,139,4200,0.16621230769230766
AOA,ColonCancer,0,140,4230,0.16621230769230766
AOA,ColonCancer,0,141,4260,0.16621230769230766
AOA,ColonCancer,0,142,4290,0.16621230769230766
AOA,ColonCancer,0,143,4320,0.16621230769230766
AOA,ColonCancer,0,144,4350,0.16621230769230766
AOA,ColonCancer,0,145,4380,0.16621230769230766
AOA,ColonCancer,0,146,4410,0.16621230769230766
AOA,ColonCancer,0,147,4440,0.16621230769230766
AOA,ColonCancer,0,148,4470,0.16621230769230766
AOA,ColonCancer,0,149,4500,0.16621230769230766
AOA,ColonCancer,0,150,4530,0.16621230769230766
AOA,ColonCancer,0,151,4560,0.16621230769230766
AOA,ColonCancer,0,152,4590,0.16621230769230766
AOA,ColonCancer,0,153,4620,0.16621230769230766
AOA,ColonCancer,0,154,4650,0.16621230769230766
AOA,ColonCancer,0,155,4680,0.16621230769230766
AOA,ColonCancer,0,156,4710,0.16621230769230766
AOA,ColonCancer,0,157,4740,0.16621230769230766
AOA,ColonCancer,0,158,4770,0.16621230769230766
AOA,ColonCancer,0,159,4800,0.16621230769230766
AOA,ColonCancer,0,160,4830,0.16621230769230766
AOA,ColonCancer,0,161,4860,0.16621230769230766
AOA,ColonCancer,0,162,4890,0.16621230769230766
AOA,ColonCancer,0,163,4920,0.16621230769230766
AOA,ColonCancer,0,164,4950,0.16621230769230766
AOA,ColonCancer,0,165,4980,0.16621230769230766
AOA,ColonCancer,0,166,5010,0.16621230769230766
AOA,ColonCancer,0,167,5040,0.16621230769230766
AOA,ColonCancer,0,168,5070,0.16621230769230766
AOA,ColonCancer,0,169,5100,0.16621230769230766
AOA,ColonCancer,0,170,5130,0.16621230769230766
AOA,ColonCancer,0,171,5160,0.16621230769230766
AOA,ColonCancer,0,172,5190,0.16621230769230766
AOA,ColonCancer,0,173,5220,0.16621230769230766
AOA,ColonCancer,0,174,5250,0.16621230769230766
AOA,ColonCancer,0,175,5280,0.16621230769230766
AOA,ColonCancer,0,176,5310,0.16621230769230766
AOA,ColonCancer,0,177,5340,0.16621230769230766
AOA,ColonCancer,0,178,5370,0.16621230769230766
AOA,ColonCancer,0,179,5400,0.16621230769230766
AOA,ColonCancer,0,180,5430,0.16621230769230766
AOA,ColonCancer,0,181,5460,0.16621230769230766
AOA,ColonCancer,0,182,5490,0.16621230769230766
AOA,ColonCancer,0,183,5520,0.16621230769230766
AOA,ColonCancer,0,184,5550,0.16621230769230766
AOA,ColonCancer,0,185,5580,0.16621230769230766
AOA,ColonCancer,0,186,5610,0.16621230769230766
AOA,ColonCancer,0,187,5640,0.16609230769230765
AOA,ColonCancer,0,188,5670,0.16609230769230765
AOA,ColonCancer,0,189,5700,0.16609230769230765
AOA,ColonCancer,0,190,5730,0.16609230769230765
AOA,ColonCancer,0,191,5760,0.16609230769230765
AOA,ColonCancer,0,192,5790,0.16609230769230765
AOA,ColonCancer,0,193,5820,0.16609230769230765
AOA,ColonCancer,0,194,5850,0.16609230769230765
AOA,ColonCancer,0,195,5880,0.16609230769230765
AOA,ColonCancer,0,196,5910,0.16609230769230765
AOA,ColonCancer,0,197,5940,0.16609230769230765
AOA,ColonCancer,0,198,5970,0.16609230769230765
AOA,ColonCancer,0,199,6000,0.16609230769230765
AOA,ColonCancer,0,200,6030,0.16609230769230765
AOA,ColonCancer,0,201,6060,0.16609230769230765
AOA,ColonCancer,0,202,6090,0.16609230769230765
AOA,ColonCancer,0,203,6120,0.16609230769230765
AOA,ColonCancer,0,204,6150,0.16609230769230765
AOA,ColonCancer,0,205,6180,0.16609230769230765
AOA,ColonCancer,0,206,6210,0.16609230769230765
AOA,ColonCancer,0,207,6240,0.16609230769230765
AOA,ColonCancer,0,208,6270,0.16609230769230765
AOA,ColonCancer,0,209,6300,0.16609230769230765
AOA,ColonCancer,0,210,6330,0.16609230769230765
AOA,ColonCancer,0,211,6360,0.16609230769230765
AOA,ColonCancer,0,212,6390,0.16609230769230765
AOA,ColonCancer,0,213,6420,0.16609230769230765
AOA,ColonCancer,0,214,6450,0.16609230769230765
AOA,ColonCancer,0,215,6480,0.16609230769230765
AOA,ColonCancer,0,216,6510,0.16609230769230765
AOA,ColonCancer,0,217,6540,0.16609230769230765
AOA,ColonCancer,0,218,6570,0.16609230769230765
AOA,ColonCancer,0,219,6600,0.16609230769230765
AOA,ColonCancer,0,220,6630,0.16609230769230765
AOA,ColonCancer,0,221,6660,0.16609230769230765
AOA,ColonCancer,0,222,6690,0.16609230769230765
AOA,ColonCancer,0,223,6720,0.16609230769230765
AOA,ColonCancer,0,224,6750,0.16609230769230765
AOA,ColonCancer,0,225,6780,0.16609230769230765
AOA,ColonCancer,0,226,6810,0.16609230769230765
AOA,ColonCancer,0,227,6840,0.16609230769230765
AOA,ColonCancer,0,228,6870,0.16609230769230765
AOA,ColonCancer,0,229,6900,0.16609230769230765
AOA,ColonCancer,0,230,6930,0.16609230769230765
AOA,ColonCancer,0,231,6960,0.16609230769230765
AOA,ColonCancer,0,232,6990,0.16609230769230765
AOA,ColonCancer,0,233,7020,0.16609230769230765
AOA,ColonCancer,0,234,7050,0.16609230769230765
AOA,ColonCancer,0,235,7080,0.16609230769230765
AOA,ColonCancer,0,236,7110,0.16609230769230765
AOA,ColonCancer,0,237,7140,0.16609230769230765
AOA,ColonCancer,0,238,7170,0.16609230769230765
AOA,ColonCancer,0,239,7200,0.16609230769230765
AOA,ColonCancer,0,240,7230,0.16609230769230765
AOA,ColonCancer,0,241,7260,0.16609230769230765
AOA,ColonCancer,0,242,7290,0.16609230769230765
AOA,ColonCancer,0,243,7320,0.16609230769230765
AOA,ColonCancer,0,244,7350,0.16609230769230765
AOA,ColonCancer,0,245,7380,0.16609230769230765
AOA,ColonCancer,0,246,7410,0.16609230769230765
AOA,ColonCancer,0,247,7440,0.16609230769230765
AOA,ColonCancer,0,248,7470,0.16609230769230765
AOA,ColonCancer,0,249,7500,0.16609230769230765
AOA,ColonCancer,0,250,7530,0.16609230769230765
AOA,ColonCancer,0,251,7560,0.16609230769230765
AOA,ColonCancer,0,252,7590,0.16609230769230765
AOA,ColonCancer,0,253,7620,0.16609230769230765
AOA,ColonCancer,0,254,7650,0.16609230769230765
AOA,ColonCancer,0,255,7680,0.16609230769230765
AOA,ColonCancer,0,256,7710,0.16609230769230765
AOA,ColonCancer,0,257,7740,0.16609230769230765
AOA,ColonCancer,0,258,7770,0.16609230769230765
AOA,ColonCancer,0,259,7800,0.16609230769230765
AOA,ColonCancer,0,260,7830,0.16609230769230765
AOA,ColonCancer,0,261,7860,0.16609230769230765
AOA,ColonCancer,0,262,7890,0.16609230769230765
AOA,ColonCancer,0,263,7920,0.16609230769230765
AOA,ColonCancer,0,264,7950,0.16609230769230765
AOA,ColonCancer,0,265,7980,0.16609230769230765
AOA,ColonCancer,0,266,8010,0.16609230769230765
AOA,ColonCancer,0,267,8040,0.16609230769230765
AOA,ColonCancer,0,268,8070,0.16609230769230765
AOA,ColonCancer,0,269,8100,0.16609230769230765
AOA,ColonCancer,0,270,8130,0.16609230769230765
AOA,ColonCancer,0,271,8160,0.16609230769230765
AOA,ColonCancer,0,272,8190,0.16609230769230765
AOA,ColonCancer,0,273,8220,0.16609230769230765
AOA,ColonCancer,0,274,8250,0.16609230769230765
AOA,ColonCancer,0,275,8280,0.16609230769230765
AOA,ColonCancer,0,276,8310,0.16609230769230765
AOA,ColonCancer,0,277,8340,0.16609230769230765
AOA,ColonCancer,0,278,8370,0.16609230769230765
AOA,ColonCancer,0,279,8400,0.16609230769230765
AOA,ColonCancer,0,280,8430,0.16609230769230765
AOA,ColonCancer,0,281,8460,0.16609230769230765
AOA,ColonCancer,0,282,8490,0.16609230769230765
AOA,ColonCancer,0,283,8520,0.16609230769230765
AOA,ColonCancer,0,284,8550,0.16609230769230765
AOA,ColonCancer,0,285,8580,0.16609230769230765
AOA,ColonCancer,0,286,8610,0.16609230769230765
AOA,ColonCancer,0,287,8640,0.16609230769230765
AOA,ColonCancer,0,288,8670,0.16609230769230765
AOA,ColonCancer,0,289,8700,0.16609230769230765
AOA,ColonCancer,0,290,8730,0.16609230769230765
AOA,ColonCancer,0,291,8760,0.16609230769230765
AOA,ColonCancer,0,292,8790,0.16609230769230765
AOA,ColonCancer,0,293,8820,0.16609230769230765
AOA,ColonCancer,0,294,8850,0.16609230769230765
AOA,ColonCancer,0,295,8880,0.16609230769230765
AOA,ColonCancer,0,296,8910,0.16609230769230765
AOA,ColonCancer,0,297,8940,0.16609230769230765
AOA,ColonCancer,0,298,8970,0.16609230769230765
AOA,ColonCancer,0,299,9000,0.16609230769230765
AOA,ColonCancer,0,300,9030,0.16609230769230765
AOA,ColonCancer,0,301,9060,0.16609230769230765
AOA,ColonCancer,0,302,9090,0.16609230769230765
AOA,ColonCancer,0,303,9120,0.16609230769230765
AOA,ColonCancer,0,304,9150,0.16609230769230765
AOA,ColonCancer,0,305,9180,0.16609230769230765
AOA,ColonCancer,0,306,9210,0.16609230769230765
AOA,ColonCancer,0,307,9240,0.16609230769230765
AOA,ColonCancer,0,308,9270,0.16609230769230765
AOA,ColonCancer,0,309,9300,0.16609230769230765
AOA,ColonCancer,0,310,9330,0.16609230769230765
AOA,ColonCancer,0,311,9360,0.16609230769230765
AOA,ColonCancer,0,312,9390,0.16609230769230765
AOA,ColonCancer,0,313,9420,0.16609230769230765
AOA,ColonCancer,0,314,9450,0.16609230769230765
AOA,ColonCancer,0,315,9480,0.16609230769230765
AOA,ColonCancer,0,316,9510,0.16609230769230765
AOA,ColonCancer,0,317,9540,0.16609230769230765
AOA,ColonCancer,0,318,9570,0.16609230769230765
AOA,ColonCancer,0,319,9600,0.16609230769230765
AOA,ColonCancer,0,320,9630,0.16609230769230765
AOA,ColonCancer,0,321,9660,0.16609230769230765
AOA,ColonCancer,0,322,9690,0.16609230769230765
AOA,ColonCancer,0,323,9720,0.16609230769230765
AOA,ColonCancer,0,324,9750,0.16609230769230765
AOA,ColonCancer,0,325,9780,0.16609230769230765
AOA,ColonCancer,0,326,9810,0.16609230769230765
AOA,ColonCancer,0,327,9840,0.16609230769230765
AOA,ColonCancer,0,328,9870,0.16609230769230765
AOA,ColonCancer,0,329,9900,0.16609230769230765
AOA,ColonCancer,0,330,9930,0.16609230769230765
AOA,ColonCancer,0,331,9960,0.16609230769230765
AOA,ColonCancer,0,332,9990,0.16609230769230765
AOA,ColonCancer,0,333,10020,0.16609230769230765
AOA,ColonCancer,0,334,10050,0.16609230769230765
AOA,ColonCancer,0,335,10080,0.16609230769230765
AOA,ColonCancer,0,336,10110,0.16609230769230765
AOA,ColonCancer,0,337,10140,0.16609230769230765
AOA,ColonCancer,0,338,10170,0.16609230769230765
AOA,ColonCancer,0,339,10200,0.16609230769230765
AOA,ColonCancer,0,340,10230,0.16609230769230765
AOA,ColonCancer,0,341,10260,0.16609230769230765
AOA,ColonCancer,0,342,10290,0.16609230769230765
AOA,ColonCancer,0,343,10320,0.16609230769230765
AOA,ColonCancer,0,344,10350,0.16609230769230765
AOA,ColonCancer,0,345,10380,0.16609230769230765
AOA,ColonCancer,0,346,10410,0.16609230769230765
AOA,ColonCancer,0,347,10440,0.16609230769230765
AOA,ColonCancer,0,348,10470,0.16609230769230765
AOA,ColonCancer,0,349,10500,0.16609230769230765
AOA,ColonCancer,0,350,10530,0.16609230769230765
AOA,ColonCancer,0,351,10560,0.16609230769230765
AOA,ColonCancer,0,352,10590,0.16609230769230765
AOA,ColonCancer,0,353,10620,0.16609230769230765
AOA,ColonCancer,0,354,10650,0.16609230769230765
AOA,ColonCancer,0,355,10680,0.16609230769230765
AOA,ColonCancer,0,356,10710,0.16609230769230765
AOA,ColonCancer,0,357,10740,0.16609230769230765
AOA,ColonCancer,0,358,10770,0.16609230769230765
AOA,ColonCancer,0,359,10800,0.16609230769230765
AOA,ColonCancer,0,360,10830,0.16609230769230765
AOA,ColonCancer,0,361,10860,0.16609230769230765
AOA,ColonCancer,0,362,10890,0.16609230769230765
AOA,ColonCancer,0,363,10920,0.16609230769230765
AOA,ColonCancer,0,364,10950,0.16609230769230765
AOA,ColonCancer,0,365,10980,0.16609230769230765
AOA,ColonCancer,0,366,11010,0.16609230769230765
AOA,ColonCancer,0,367,11040,0.16609230769230765
AOA,ColonCancer,0,368,11070,0.16609230769230765
AOA,ColonCancer,0,369,11100,0.16609230769230765
AOA,ColonCancer,0,370,11130,0.16609230769230765
AOA,ColonCancer,0,371,11160,0.16609230769230765
AOA,ColonCancer,0,372,11190,0.16609230769230765
AOA,ColonCancer,0,373,11220,0.16609230769230765
AOA,ColonCancer,0,374,11250,0.16609230769230765
AOA,ColonCancer,0,375,11280,0.16609230769230765
AOA,ColonCancer,0,376,11310,0.16609230769230765
AOA,ColonCancer,0,377,11340,0.16609230769230765
AOA,ColonCancer,0,378,11370,0.16609230769230765
AOA,ColonCancer,0,379,11400,0.16609230769230765
AOA,ColonCancer,0,380,11430,0.16609230769230765
AOA,ColonCancer,0,381,11460,0.16609230769230765
AOA,ColonCancer,0,382,11490,0.16609230769230765
AOA,ColonCancer,0,383,11520,0.16609230769230765
AOA,ColonCancer,0,384,11550,0.16609230769230765
AOA,ColonCancer,0,385,11580,0.16609230769230765
AOA,ColonCancer,0,386,11610,0.16609230769230765
AOA,ColonCancer,0,387,11640,0.16609230769230765
AOA,ColonCancer,0,388,11670,0.16609230769230765
AOA,ColonCancer,0,389,11700,0.16609230769230765
AOA,ColonCancer,0,390,11730,0.16609230769230765
AOA,ColonCancer,0,391,11760,0.16609230769230765
AOA,ColonCancer,0,392,11790,0.16609230769230765
AOA,ColonCancer,0,393,11820,0.16609230769230765
AOA,ColonCancer,0,394,11850,0.16609230769230765
AOA,ColonCancer,0,395,11880,0.16609230769230765
AOA,ColonCancer,0,396,11910,0.16609230769230765
AOA,ColonCancer,0,397,11940,0.16609230769230765
AOA,ColonCancer,0,398,11970,0.16609230769230765
AOA,ColonCancer,0,399,12000,0.16609230769230765
AOA,ColonCancer,0,400,12030,0.16609230769230765
AOA,ColonCancer,0,401,12060,0.16609230769230765
AOA,ColonCancer,0,402,12090,0.16609230769230765
AOA,ColonCancer,0,403,12120,0.16609230769230765
AOA,ColonCancer,0,404,12150,0.16609230769230765
AOA,ColonCancer,0,405,12180,0.16609230769230765
AOA,ColonCancer,0,406,12210,0.16609230769230765
AOA,ColonCancer,0,407,12240,0.16609230769230765
AOA,ColonCancer,0,408,12270,0.16609230769230765
AOA,ColonCancer,0,409,12300,0.16609230769230765
AOA,ColonCancer,0,410,12330,0.16609230769230765
AOA,ColonCancer,0,411,12360,0.16609230769230765
AOA,ColonCancer,0,412,12390,0.16609230769230765
AOA,ColonCancer,0,413,12420,0.16609230769230765
AOA,ColonCancer,0,414,12450,0.16609230769230765
AOA,ColonCancer,0,415,12480,0.16609230769230765
AOA,ColonCancer,0,416,12510,0.16609230769230765
AOA,ColonCancer,0,417,12540,0.16609230769230765
AOA,ColonCancer,0,418,12570,0.16609230769230765
AOA,ColonCancer,0,419,12600,0.16609230769230765
AOA,ColonCancer,0,420,12630,0.16609230769230765
AOA,ColonCancer,0,421,12660,0.16609230769230765
AOA,ColonCancer,0,422,12690,0.16609230769230765
AOA,ColonCancer,0,423,12720,0.16609230769230765
AOA,ColonCancer,0,424,12750,0.16609230769230765
AOA,ColonCancer,0,425,12780,0.16609230769230765
AOA,ColonCancer,0,426,12810,0.16609230769230765
AOA,ColonCancer,0,427,12840,0.16609230769230765
AOA,ColonCancer,0,428,12870,0.16609230769230765
AOA,ColonCancer,0,429,12900,0.16609230769230765
AOA,ColonCancer,0,430,12930,0.16609230769230765
AOA,ColonCancer,0,431,12960,0.16609230769230765
AOA,ColonCancer,0,432,12990,0.16609230769230765
AOA,ColonCancer,0,433,13020,0.16609230769230765
AOA,ColonCancer,0,434,13050,0.16609230769230765
AOA,ColonCancer,0,435,13080,0.16609230769230765
AOA,ColonCancer,0,436,13110,0.16609230769230765
AOA,ColonCancer,0,437,13140,0.16609230769230765
AOA,ColonCancer,0,438,13170,0.16609230769230765
AOA,ColonCancer,0,439,13200,0.16609230769230765
AOA,ColonCancer,0,440,13230,0.16609230769230765
AOA,ColonCancer,0,441,13260,0.16609230769230765
AOA,ColonCancer,0,442,13290,0.16609230769230765
AOA,ColonCancer,0,443,13320,0.16609230769230765
AOA,ColonCancer,0,444,13350,0.16609230769230765
AOA,ColonCancer,0,445,13380,0.16609230769230765
AOA,ColonCancer,0,446,13410,0.16609230769230765
AOA,ColonCancer,0,447,13440,0.16609230769230765
AOA,ColonCancer,0,448,13470,0.16609230769230765
AOA,ColonCancer,0,449,13500,0.16609230769230765
AOA,ColonCancer,0,450,13530,0.16609230769230765
AOA,ColonCancer,0,451,13560,0.16609230769230765
AOA,ColonCancer,0,452,13590,0.16609230769230765
AOA,ColonCancer,0,453,13620,0.16609230769230765
AOA,ColonCancer,0,454,13650,0.16609230769230765
AOA,ColonCancer,0,455,13680,0.16609230769230765
AOA,ColonCancer,0,456,13710,0.16609230769230765
AOA,ColonCancer,0,457,13740,0.16609230769230765
AOA,ColonCancer,0,458,13770,0.16609230769230765
AOA,ColonCancer,0,459,13800,0.16609230769230765
AOA,ColonCancer,0,460,13830,0.16609230769230765
AOA,ColonCancer,0,461,13860,0.16609230769230765
AOA,ColonCancer,0,462,13890,0.16609230769230765
AOA,ColonCancer,0,463,13920,0.16605730769230767
AOA,ColonCancer,0,464,13950,0.16605730769230767
AOA,ColonCancer,0,465,13980,0.16605730769230767
AOA,ColonCancer,0,466,14010,0.16605730769230767
AOA,ColonCancer,0,467,14040,0.16605730769230767
AOA,ColonCancer,0,468,14070,0.16605730769230767
AOA,ColonCancer,0,469,14100,0.16605730769230767
AOA,ColonCancer,0,470,14130,0.16605730769230767
AOA,ColonCancer,0,471,14160,0.16605730769230767
AOA,ColonCancer,0,472,14190,0.16605730769230767
AOA,ColonCancer,0,473,14220,0.16605730769230767
AOA,ColonCancer,0,474,14250,0.16605730769230767
AOA,ColonCancer,0,475,14280,0.16605730769230767
AOA,ColonCancer,0,476,14310,0.16605730769230767
AOA,ColonCancer,0,477,14340,0.16605730769230767
AOA,ColonCancer,0,478,14370,0.16605730769230767
AOA,ColonCancer,0,479,14400,0.16605730769230767
AOA,ColonCancer,0,480,14430,0.16605730769230767
AOA,ColonCancer,0,481,14460,0.16605730769230767
AOA,ColonCancer,0,482,14490,0.16605730769230767
AOA,ColonCancer,0,483,14520,0.16605730769230767
AOA,ColonCancer,0,484,14550,0.16605730769230767
AOA,ColonCancer,0,485,14580,0.16605730769230767
AOA,ColonCancer,0,486,14610,0.16605730769230767
AOA,ColonCancer,0,487,14640,0.16605730769230767
AOA,ColonCancer,0,488,14670,0.16605730769230767
AOA,ColonCancer,0,489,14700,0.16605730769230767
AOA,ColonCancer,0,490,14730,0.16605730769230767
AOA,ColonCancer,0,491,14760,0.16605730769230767
AOA,ColonCancer,0,492,14790,0.16605730769230767
AOA,ColonCancer,0,493,14820,0.16605730769230767
AOA,ColonCancer,0,494,14850,0.16605730769230767
AOA,ColonCancer,0,495,14880,0.16605730769230767
AOA,ColonCancer,0,496,14910,0.16605730769230767
AOA,ColonCancer,0,497,14940,0.16605730769230767
AOA,ColonCancer,0,498,14970,0.16605730769230767
AOA,ColonCancer,0,499,15000,0.16605730769230767
AOA,WDBC,3,0,30,0.03562723179630493
AOA,WDBC,3,1,60,0.03562723179630493
AOA,WDBC,3,2,90,0.034975935413755585
AOA,WDBC,3,3,120,0.034975935413755585
AOA,WDBC,3,4,150,0.031168917869896035
AOA,WDBC,3,5,180,0.031168917869896035
AOA,WDBC,3,6,210,0.031168917869896035
AOA,WDBC,3,7,240,0.031168917869896035
AOA,WDBC,3,8,270,0.031168917869896035
AOA,WDBC,3,9,300,0.031168917869896035
AOA,WDBC,3,10,330,0.031168917869896035
AOA,WDBC,3,11,360,0.031168917869896035
AOA,WDBC,3,12,390,0.031168917869896035
AOA,WDBC,3,13,420,0.031168917869896035
AOA,WDBC,3,14,450,0.031168917869896035
AOA,WDBC,3,15,480,0.031168917869896035
AOA,WDBC,3,16,510,0.031168917869896035
AOA,WDBC,3,17,540,0.031168917869896035
AOA,WDBC,3,18,570,0.031168917869896035
AOA,WDBC,3,19,600,0.031168917869896035
AOA,WDBC,3,20,630,0.031168917869896035
AOA,WDBC,3,21,660,0.031168917869896035
AOA,WDBC,3,22,690,0.031168917869896035
AOA,WDBC,3,23,720,0.031168917869896035
AOA,WDBC,3,24,750,0.031168917869896035
AOA,WDBC,3,25,780,0.031168917869896035
AOA,WDBC,3,26,810,0.031168917869896035
AOA,WDBC,3,27,840,0.031168917869896035
AOA,WDBC,3,28,870,0.031168917869896035
AOA,WDBC,3,29,900,0.031168917869896035
AOA,WDBC,3,30,930,0.031168917869896035
AOA,WDBC,3,31,960,0.031168917869896035
AOA,WDBC,3,32,990,0.031168917869896035
AOA,WDBC,3,33,1020,0.031168917869896035
AOA,WDBC,3,34,1050,0.031168917869896035
AOA,WDBC,3,35,1080,0.031168917869896035
AOA,WDBC,3,36,1110,0.031168917869896035
AOA,WDBC,3,37,1140,0.031168917869896035
AOA,WDBC,3,38,1170,0.031168917869896035
AOA,WDBC,3,39,1200,0.031168917869896035
AOA,WDBC,3,40,1230,0.031168917869896035
AOA,WDBC,3,41,1260,0.031168917869896035
AOA,WDBC,3,42,1290,0.031168917869896035
AOA,WDBC,3,43,1320,0.031168917869896035
AOA,WDBC,3,44,1350,0.031168917869896035
AOA,WDBC,3,45,1380,0.031168917869896035
AOA,WDBC,3,46,1410,0.031168917869896035
AOA,WDBC,3,47,1440,0.031168917869896035
AOA,WDBC,3,48,1470,0.031168917869896035
AOA,WDBC,3,49,1500,0.031168917869896035
AOA,WDBC,3,50,1530,0.031168917869896035
AOA,WDBC,3,51,1560,0.031168917869896035
AOA,WDBC,3,52,1590,0.031168917869896035
AOA,WDBC,3,53,1620,0.031168917869896035
AOA,WDBC,3,54,1650,0.031168917869896035
AOA,WDBC,3,55,1680,0.031168917869896035
AOA,WDBC,3,56,1710,0.029331159757801612
AOA,WDBC,3,57,1740,0.029331159757801612
AOA,WDBC,3,58,1770,0.029331159757801612
AOA,WDBC,3,59,1800,0.029331159757801612
AOA,WDBC,3,60,1830,0.029331159757801612
AOA,WDBC,3,61,1860,0.029331159757801612
AOA,WDBC,3,62,1890,0.029331159757801612
AOA,WDBC,3,63,1920,0.029331159757801612
AOA,WDBC,3,64,1950,0.029331159757801612
AOA,WDBC,3,65,1980,0.029331159757801612
AOA,WDBC,3,66,2010,0.029331159757801612
AOA,WDBC,3,67,2040,0.029331159757801612
AOA,WDBC,3,68,2070,0.029331159757801612
AOA,WDBC,3,69,2100,0.029331159757801612
AOA,WDBC,3,70,2130,0.029331159757801612
AOA,WDBC,3,71,2160,0.029331159757801612
AOA,WDBC,3,72,2190,0.029331159757801612
AOA,WDBC,3,73,2220,0.029331159757801612
AOA,WDBC,3,74,2250,0.029331159757801612
AOA,WDBC,3,75,2280,0.029331159757801612
AOA,WDBC,3,76,2310,0.029331159757801612
AOA,WDBC,3,77,2340,0.029331159757801612
AOA,WDBC,3,78,2370,0.029331159757801612
AOA,WDBC,3,79,2400,0.029331159757801612
AOA,WDBC,3,80,2430,0.029331159757801612
AOA,WDBC,3,81,2460,0.029331159757801612
AOA,WDBC,3,82,2490,0.029331159757801612
AOA,WDBC,3,83,2520,0.029331159757801612
AOA,WDBC,3,84,2550,0.029331159757801612
AOA,WDBC,3,85,2580,0.029331159757801612
AOA,WDBC,3,86,2610,0.029331159757801612
AOA,WDBC,3,87,2640,0.029331159757801612
AOA,WDBC,3,88,2670,0.029331159757801612
AOA,WDBC,3,89,2700,0.029331159757801612
AOA,WDBC,3,90,2730,0.029331159757801612
AOA,WDBC,3,91,2760,0.029331159757801612
AOA,WDBC,3,92,2790,0.029331159757801612
AOA,WDBC,3,93,2820,0.029331159757801612
AOA,WDBC,3,94,2850,0.029331159757801612
AOA,WDBC,3,95,2880,0.029331159757801612
AOA,WDBC,3,96,2910,0.029331159757801612
AOA,WDBC,3,97,2940,0.029331159757801612
AOA,WDBC,3,98,2970,0.029331159757801612
AOA,WDBC,3,99,3000,0.029331159757801612
AOA,WDBC,3,100,3030,0.029331159757801612
AOA,WDBC,3,101,3060,0.029331159757801612
AOA,WDBC,3,102,3090,0.029331159757801612
AOA,WDBC,3,103,3120,0.029331159757801612
AOA,WDBC,3,104,3150,0.029331159757801612
AOA,WDBC,3,105,3180,0.029331159757801612
AOA,WDBC,3,106,3210,0.029331159757801612
AOA,WDBC,3,107,3240,0.029331159757801612
AOA,WDBC,3,108,3270,0.029331159757801612
AOA,WDBC,3,109,3300,0.029331159757801612
AOA,WDBC,3,110,3330,0.029331159757801612
AOA,WDBC,3,111,3360,0.029331159757801612
AOA,WDBC,3,112,3390,0.029331159757801612
AOA,WDBC,3,113,3420,0.029331159757801612
AOA,WDBC,3,114,3450,0.029331159757801612
AOA,WDBC,3,115,3480,0.029331159757801612
AOA,WDBC,3,116,3510,0.029331159757801612
AOA,WDBC,3,117,3540,0.029331159757801612
AOA,WDBC,3,118,3570,0.029331159757801612
AOA,WDBC,3,119,3600,0.027260984319205227
AOA,WDBC,3,120,3630,0.027260984319205227
AOA,WDBC,3,121,3660,0.027260984319205227
AOA,WDBC,3,122,3690,0.027260984319205227
AOA,WDBC,3,123,3720,0.027260984319205227
AOA,WDBC,3,124,3750,0.027260984319205227
AOA,WDBC,3,125,3780,0.027260984319205227
AOA,WDBC,3,126,3810,0.027260984319205227
AOA,WDBC,3,127,3840,0.027260984319205227
AOA,WDBC,3,128,3870,0.027260984319205227
AOA,WDBC,3,129,3900,0.027260984319205227
AOA,WDBC,3,130,3930,0.027260984319205227
AOA,WDBC,3,131,3960,0.027260984319205227
AOA,WDBC,3,132,3990,0.027260984319205227
AOA,WDBC,3,133,4020,0.027260984319205227
AOA,WDBC,3,134,4050,0.027260984319205227
AOA,WDBC,3,135,4080,0.027260984319205227
AOA,WDBC,3,136,4110,0.027260984319205227
AOA,WDBC,3,137,4140,0.027260984319205227
AOA,WDBC,3,138,4170,0.027260984319205227
AOA,WDBC,3,139,4200,0.027260984319205227
AOA,WDBC,3,140,4230,0.027260984319205227
AOA,WDBC,3,141,4260,0.027260984319205227
AOA,WDBC,3,142,4290,0.027260984319205227
AOA,WDBC,3,143,4320,0.027260984319205227
AOA,WDBC,3,144,4350,0.027260984319205227
AOA,WDBC,3,145,4380,0.027260984319205227
AOA,WDBC,3,146,4410,0.027260984319205227
AOA,WDBC,3,147,4440,0.027260984319205227
AOA,WDBC,3,148,4470,0.027260984319205227
AOA,WDBC,3,149,4500,0.027260984319205227
AOA,WDBC,3,150,4530,0.027260984319205227
AOA,WDBC,3,151,4560,0.027260984319205227
AOA,WDBC,3,152,4590,0.027260984319205227
AOA,WDBC,3,153,4620,0.027260984319205227
AOA,WDBC,3,154,4650,0.027260984319205227
AOA,WDBC,3,155,4680,0.027260984319205227
AOA,WDBC,3,156,4710,0.027260984319205227
AOA,WDBC,3,157,4740,0.027260984319205227
AOA,WDBC,3,158,4770,0.027260984319205227
AOA,WDBC,3,159,4800,0.027260984319205227
AOA,WDBC,3,160,4830,0.027260984319205227
AOA,WDBC,3,161,4860,0.027260984319205227
AOA,WDBC,3,162,4890,0.027260984319205227
AOA,WDBC,3,163,4920,0.027260984319205227
AOA,WDBC,3,164,4950,0.027260984319205227
AOA,WDBC,3,165,4980,0.027260984319205227
AOA,WDBC,3,166,5010,0.027260984319205227
AOA,WDBC,3,167,5040,0.027260984319205227
AOA,WDBC,3,168,5070,0.027260984319205227
AOA,WDBC,3,169,5100,0.027260984319205227
AOA,WDBC,3,170,5130,0.027260984319205227
AOA,WDBC,3,171,5160,0.027260984319205227
AOA,WDBC,3,172,5190,0.027260984319205227
AOA,WDBC,3,173,5220,0.027260984319205227
AOA,WDBC,3,174,5250,0.027260984319205227
AOA,WDBC,3,175,5280,0.027260984319205227
AOA,WDBC,3,176,5310,0.027260984319205227
AOA,WDBC,3,177,5340,0.027260984319205227
AOA,WDBC,3,178,5370,0.027260984319205227
AOA,WDBC,3,179,5400,0.027260984319205227
AOA,WDBC,3,180,5430,0.027260984319205227
AOA,WDBC,3,181,5460,0.027260984319205227
AOA,WDBC,3,182,5490,0.027260984319205227
AOA,WDBC,3,183,5520,0.027260984319205227
AOA,WDBC,3,184,5550,0.027260984319205227
AOA,WDBC,3,185,5580,0.027260984319205227
AOA,WDBC,3,186,5610,0.027260984319205227
AOA,WDBC,3,187,5640,0.027260984319205227
AOA,WDBC,3,188,5670,0.027260984319205227
AOA,WDBC,3,189,5700,0.027260984319205227
AOA,WDBC,3,190,5730,0.027260984319205227
AOA,WDBC,3,191,5760,0.027260984319205227
AOA,WDBC,3,192,5790,0.027260984319205227
AOA,WDBC,3,193,5820,0.027260984319205227
AOA,WDBC,3,194,5850,0.027260984319205227
AOA,WDBC,3,195,5880,0.027260984319205227
AOA,WDBC,3,196,5910,0.027260984319205227
AOA,WDBC,3,197,5940,0.027260984319205227
AOA,WDBC,3,198,5970,0.027260984319205227
AOA,WDBC,3,199,6000,0.027260984319205227
AOA,WDBC,3,200,6030,0.027260984319205227
AOA,WDBC,3,201,6060,0.027260984319205227
AOA,WDBC,3,202,6090,0.027260984319205227
AOA,WDBC,3,203,6120,0.027260984319205227
AOA,WDBC,3,204,6150,0.027260984319205227
AOA,WDBC,3,205,6180,0.027260984319205227
AOA,WDBC,3,206,6210,0.027260984319205227
AOA,WDBC,3,207,6240,0.027260984319205227
AOA,WDBC,3,208,6270,0.027260984319205227
AOA,WDBC,3,209,6300,0.027260984319205227
AOA,WDBC,3,210,6330,0.027260984319205227
AOA,WDBC,3,211,6360,0.027260984319205227
AOA,WDBC,3,212,6390,0.027260984319205227
AOA,WDBC,3,213,6420,0.027260984319205227
AOA,WDBC,3,214,6450,0.027260984319205227
AOA,WDBC,3,215,6480,0.027260984319205227
AOA,WDBC,3,216,6510,0.027260984319205227
AOA,WDBC,3,217,6540,0.027260984319205227
AOA,WDBC,3,218,6570,0.027260984319205227
AOA,WDBC,3,219,6600,0.027260984319205227
AOA,WDBC,3,220,6630,0.027260984319205227
AOA,WDBC,3,221,6660,0.027260984319205227
AOA,WDBC,3,222,6690,0.027260984319205227
AOA,WDBC,3,223,6720,0.027260984319205227
AOA,WDBC,3,224,6750,0.027260984319205227
AOA,WDBC,3,225,6780,0.027260984319205227
AOA,WDBC,3,226,6810,0.027260984319205227
AOA,WDBC,3,227,6840,0.027260984319205227
AOA,WDBC,3,228,6870,0.027260984319205227
AOA,WDBC,3,229,6900,0.027260984319205227
AOA,WDBC,3,230,6930,0.027260984319205227
AOA,WDBC,3,231,6960,0.027260984319205227
AOA,WDBC,3,232,6990,0.027260984319205227
AOA,WDBC,3,233,7020,0.027260984319205227
AOA,WDBC,3,234,7050,0.027260984319205227
AOA,WDBC,3,235,7080,0.027260984319205227
AOA,WDBC,3,236,7110,0.027260984319205227
AOA,WDBC,3,237,7140,0.027260984319205227
AOA,WDBC,3,238,7170,0.027260984319205227
AOA,WDBC,3,239,7200,0.027260984319205227
AOA,WDBC,3,240,7230,0.027260984319205227
AOA,WDBC,3,241,7260,0.027260984319205227
AOA,WDBC,3,242,7290,0.027260984319205227
AOA,WDBC,3,243,7320,0.027260984319205227
AOA,WDBC,3,244,7350,0.027260984319205227
AOA,WDBC,3,245,7380,0.027260984319205227
AOA,WDBC,3,246,7410,0.027260984319205227
AOA,WDBC,3,247,7440,0.027260984319205227
AOA,WDBC,3,248,7470,0.027260984319205227
AOA,WDBC,3,249,7500,0.027260984319205227
AOA,WDBC,3,250,7530,0.027260984319205227
AOA,WDBC,3,251,7560,0.027260984319205227
AOA,WDBC,3,252,7590,0.027260984319205227
AOA,WDBC,3,253,7620,0.027260984319205227
AOA,WDBC,3,254,7650,0.027260984319205227
AOA,WDBC,3,255,7680,0.027260984319205227
AOA,WDBC,3,256,7710,0.027260984319205227
AOA,WDBC,3,257,7740,0.027260984319205227
AOA,WDBC,3,258,7770,0.027260984319205227
AOA,WDBC,3,259,7800,0.027260984319205227
AOA,WDBC,3,260,7830,0.027260984319205227
AOA,WDBC,3,261,7860,0.027260984319205227
AOA,WDBC,3,262,7890,0.027260984319205227
AOA,WDBC,3,263,7920,0.027260984319205227
AOA,WDBC,3,264,7950,0.027260984319205227
AOA,WDBC,3,265,7980,0.027260984319205227
AOA,WDBC,3,266,8010,0.027260984319205227
AOA,WDBC,3,267,8040,0.027260984319205227
AOA,WDBC,3,268,8070,0.027260984319205227
AOA,WDBC,3,269,8100,0.027260984319205227
AOA,WDBC,3,270,8130,0.027260984319205227
AOA,WDBC,3,271,8160,0.027260984319205227
AOA,WDBC,3,272,8190,0.027260984319205227
AOA,WDBC,3,273,8220,0.027260984319205227
AOA,WDBC,3,274,8250,0.027260984319205227
AOA,WDBC,3,275,8280,0.027260984319205227
AOA,WDBC,3,276,8310,0.027260984319205227
AOA,WDBC,3,277,8340,0.027260984319205227
AOA,WDBC,3,278,8370,0.027260984319205227
AOA,WDBC,3,279,8400,0.027260984319205227
AOA,WDBC,3,280,8430,0.027260984319205227
AOA,WDBC,3,281,8460,0.027260984319205227
AOA,WDBC,3,282,8490,0.027260984319205227
AOA,WDBC,3,283,8520,0.027260984319205227
AOA,WDBC,3,284,8550,0.027260984319205227
AOA,WDBC,3,285,8580,0.027260984319205227
AOA,WDBC,3,286,8610,0.027260984319205227
AOA,WDBC,3,287,8640,0.027260984319205227
AOA,WDBC,3,288,8670,0.027260984319205227
AOA,WDBC,3,289,8700,0.027260984319205227
AOA,WDBC,3,290,8730,0.027260984319205227
AOA,WDBC,3,291,8760,0.027260984319205227
AOA,WDBC,3,292,8790,0.027260984319205227
AOA,WDBC,3,293,8820,0.027260984319205227
AOA,WDBC,3,294,8850,0.027260984319205227
AOA,WDBC,3,295,8880,0.027260984319205227
AOA,WDBC,3,296,8910,0.027260984319205227
AOA,WDBC,3,297,8940,0.027260984319205227
AOA,WDBC,3,298,8970,0.027260984319205227
AOA,WDBC,3,299,9000,0.027260984319205227
AOA,WDBC,3,300,9030,0.027260984319205227
AOA,WDBC,3,301,9060,0.027260984319205227
AOA,WDBC,3,302,9090,0.027260984319205227
AOA,WDBC,3,303,9120,0.027260984319205227
AOA,WDBC,3,304,9150,0.027260984319205227
AOA,WDBC,3,305,9180,0.027260984319205227
AOA,WDBC,3,306,9210,0.027260984319205227
AOA,WDBC,3,307,9240,0.027260984319205227
AOA,WDBC,3,308,9270,0.027260984319205227
AOA,WDBC,3,309,9300,0.027260984319205227
AOA,WDBC,3,310,9330,0.027260984319205227
AOA,WDBC,3,311,9360,0.027260984319205227
AOA,WDBC,3,312,9390,0.027260984319205227
AOA,WDBC,3,313,9420,0.027260984319205227
AOA,WDBC,3,314,9450,0.027260984319205227
AOA,WDBC,3,315,9480,0.027260984319205227
AOA,WDBC,3,316,9510,0.027260984319205227
AOA,WDBC,3,317,9540,0.027260984319205227
AOA,WDBC,3,318,9570,0.027260984319205227
AOA,WDBC,3,319,9600,0.027260984319205227
AOA,WDBC,3,320,9630,0.027260984319205227
AOA,WDBC,3,321,9660,0.027260984319205227
AOA,WDBC,3,322,9690,0.027260984319205227
AOA,WDBC,3,323,9720,0.027260984319205227
AOA,WDBC,3,324,9750,0.027260984319205227
AOA,WDBC,3,325,9780,0.027260984319205227
AOA,WDBC,3,326,9810,0.027260984319205227
AOA,WDBC,3,327,9840,0.027260984319205227
AOA,WDBC,3,328,9870,0.027260984319205227
AOA,WDBC,3,329,9900,0.027260984319205227
AOA,WDBC,3,330,9930,0.027260984319205227
AOA,WDBC,3,331,9960,0.027260984319205227
AOA,WDBC,3,332,9990,0.027260984319205227
AOA,WDBC,3,333,10020,0.027260984319205227
AOA,WDBC,3,334,10050,0.027260984319205227
AOA,WDBC,3,335,10080,0.027260984319205227
AOA,WDBC,3,336,10110,0.027260984319205227
AOA,WDBC,3,337,10140,0.027260984319205227
AOA,WDBC,3,338,10170,0.027260984319205227
AOA,WDBC,3,339,10200,0.027260984319205227
AOA,WDBC,3,340,10230,0.027260984319205227
AOA,WDBC,3,341,10260,0.027260984319205227
AOA,WDBC,3,342,10290,0.027260984319205227
AOA,WDBC,3,343,10320,0.027260984319205227
AOA,WDBC,3,344,10350,0.027260984319205227
AOA,WDBC,3,345,10380,0.027260984319205227
AOA,WDBC,3,346,10410,0.027260984319205227
AOA,WDBC,3,347,10440,0.027260984319205227
AOA,WDBC,3,348,10470,0.027260984319205227
AOA,WDBC,3,349,10500,0.027260984319205227
AOA,WDBC,3,350,10530,0.027260984319205227
AOA,WDBC,3,351,10560,0.027260984319205227
AOA,WDBC,3,352,10590,0.027260984319205227
AOA,WDBC,3,353,10620,0.027260984319205227
AOA,WDBC,3,354,10650,0.027260984319205227
AOA,WDBC,3,355,10680,0.027260984319205227
AOA,WDBC,3,356,10710,0.027260984319205227
AOA,WDBC,3,357,10740,0.027260984319205227
AOA,WDBC,3,358,10770,0.027260984319205227
AOA,WDBC,3,359,10800,0.027260984319205227
AOA,WDBC,3,360,10830,0.027260984319205227
AOA,WDBC,3,361,10860,0.027260984319205227
AOA,WDBC,3,362,10890,0.027260984319205227
AOA,WDBC,3,363,10920,0.027260984319205227
AOA,WDBC,3,364,10950,0.027260984319205227
AOA,WDBC,3,365,10980,0.027260984319205227
AOA,WDBC,3,366,11010,0.027260984319205227
AOA,WDBC,3,367,11040,0.027260984319205227
AOA,WDBC,3,368,11070,0.027260984319205227
AOA,WDBC,3,369,11100,0.027260984319205227
AOA,WDBC,3,370,11130,0.027260984319205227
AOA,WDBC,3,371,11160,0.027260984319205227
AOA,WDBC,3,372,11190,0.027260984319205227
AOA,WDBC,3,373,11220,0.027260984319205227
AOA,WDBC,3,374,11250,0.027260984319205227
AOA,WDBC,3,375,11280,0.027260984319205227
AOA,WDBC,3,376,11310,0.027260984319205227
AOA,WDBC,3,377,11340,0.027260984319205227
AOA,WDBC,3,378,11370,0.027260984319205227
AOA,WDBC,3,379,11400,0.027260984319205227
AOA,WDBC,3,380,11430,0.027260984319205227
AOA,WDBC,3,381,11460,0.027260984319205227
AOA,WDBC,3,382,11490,0.027260984319205227
AOA,WDBC,3,383,11520,0.027260984319205227
AOA,WDBC,3,384,11550,0.027260984319205227
AOA,WDBC,3,385,11580,0.027260984319205227
AOA,WDBC,3,386,11610,0.027260984319205227
AOA,WDBC,3,387,11640,0.027260984319205227
AOA,WDBC,3,388,11670,0.027260984319205227
AOA,WDBC,3,389,11700,0.027260984319205227
AOA,WDBC,3,390,11730,0.027260984319205227
AOA,WDBC,3,391,11760,0.027260984319205227
AOA,WDBC,3,392,11790,0.027260984319205227
AOA,WDBC,3,393,11820,0.027260984319205227
AOA,WDBC,3,394,11850,0.027260984319205227
AOA,WDBC,3,395,11880,0.027260984319205227
AOA,WDBC,3,396,11910,0.027260984319205227
AOA,WDBC,3,397,11940,0.027260984319205227
AOA,WDBC,3,398,11970,0.027260984319205227
AOA,WDBC,3,399,12000,0.027260984319205227
AOA,WDBC,3,400,12030,0.027260984319205227
AOA,WDBC,3,401,12060,0.027260984319205227
AOA,WDBC,3,402,12090,0.027260984319205227
AOA,WDBC,3,403,12120,0.027260984319205227
AOA,WDBC,3,404,12150,0.027260984319205227
AOA,WDBC,3,405,12180,0.027260984319205227
AOA,WDBC,3,406,12210,0.027260984319205227
AOA,WDBC,3,407,12240,0.027260984319205227
AOA,WDBC,3,408,12270,0.027260984319205227
AOA,WDBC,3,409,12300,0.027260984319205227
AOA,WDBC,3,410,12330,0.027260984319205227
AOA,WDBC,3,411,12360,0.027260984319205227
AOA,WDBC,3,412,12390,0.027260984319205227
AOA,WDBC,3,413,12420,0.027260984319205227
AOA,WDBC,3,414,12450,0.027260984319205227
AOA,WDBC,3,415,12480,0.027260984319205227
AOA,WDBC,3,416,12510,0.027260984319205227
AOA,WDBC,3,417,12540,0.027260984319205227
AOA,WDBC,3,418,12570,0.027260984319205227
AOA,WDBC,3,419,12600,0.027260984319205227
AOA,WDBC,3,420,12630,0.027260984319205227
AOA,WDBC,3,421,12660,0.027260984319205227
AOA,WDBC,3,422,12690,0.027260984319205227
AOA,WDBC,3,423,12720,0.027260984319205227
AOA,WDBC,3,424,12750,0.027260984319205227
AOA,WDBC,3,425,12780,0.027260984319205227
AOA,WDBC,3,426,12810,0.027260984319205227
AOA,WDBC,3,427,12840,0.027260984319205227
AOA,WDBC,3,428,12870,0.027260984319205227
AOA,WDBC,3,429,12900,0.027260984319205227
AOA,WDBC,3,430,12930,0.027260984319205227
AOA,WDBC,3,431,12960,0.027260984319205227
AOA,WDBC,3,432,12990,0.027260984319205227
AOA,WDBC,3,433,13020,0.027260984319205227
AOA,WDBC,3,434,13050,0.027260984319205227
AOA,WDBC,3,435,13080,0.027260984319205227
AOA,WDBC,3,436,13110,0.027260984319205227
AOA,WDBC,3,437,13140,0.027260984319205227
AOA,WDBC,3,438,13170,0.027260984319205227
AOA,WDBC,3,439,13200,0.027260984319205227
AOA,WDBC,3,440,13230,0.027260984319205227
AOA,WDBC,3,441,13260,0.027260984319205227
AOA,WDBC,3,442,13290,0.027260984319205227
AOA,WDBC,3,443,13320,0.024872845831392723
AOA,WDBC,3,444,13350,0.024872845831392723
AOA,WDBC,3,445,13380,0.024872845831392723
AOA,WDBC,3,446,13410,0.024872845831392723
AOA,WDBC,3,447,13440,0.024872845831392723
AOA,WDBC,3,448,13470,0.024872845831392723
AOA,WDBC,3,449,13500,0.024872845831392723
AOA,WDBC,3,450,13530,0.024872845831392723
AOA,WDBC,3,451,13560,0.024872845831392723
AOA,WDBC,3,452,13590,0.024872845831392723
AOA,WDBC,3,453,13620,0.024872845831392723
AOA,WDBC,3,454,13650,0.024872845831392723
AOA,WDBC,3,455,13680,0.024872845831392723
AOA,WDBC,3,456,13710,0.024872845831392723
AOA,WDBC,3,457,13740,0.024872845831392723
AOA,WDBC,3,458,13770,0.024872845831392723
AOA,WDBC,3,459,13800,0.024872845831392723
AOA,WDBC,3,460,13830,0.024872845831392723
AOA,WDBC,3,461,13860,0.024872845831392723
AOA,WDBC,3,462,13890,0.024872845831392723
AOA,WDBC,3,463,13920,0.024872845831392723
AOA,WDBC,3,464,13950,0.024872845831392723
AOA,WDBC,3,465,13980,0.024872845831392723
AOA,WDBC,3,466,14010,0.024872845831392723
AOA,WDBC,3,467,14040,0.024872845831392723
AOA,WDBC,3,468,14070,0.024872845831392723
AOA,WDBC,3,469,14100,0.024872845831392723
AOA,WDBC,3,470,14130,0.024872845831392723
AOA,WDBC,3,471,14160,0.024872845831392723
AOA,WDBC,3,472,14190,0.024872845831392723
AOA,WDBC,3,473,14220,0.024872845831392723
AOA,WDBC,3,474,14250,0.024872845831392723
AOA,WDBC,3,475,14280,0.024872845831392723
AOA,WDBC,3,476,14310,0.024872845831392723
AOA,WDBC,3,477,14340,0.024872845831392723
AOA,WDBC,3,478,14370,0.024872845831392723
AOA,WDBC,3,479,14400,0.024872845831392723
AOA,WDBC,3,480,14430,0.024872845831392723
AOA,WDBC,3,481,14460,0.024872845831392723
AOA,WDBC,3,482,14490,0.024872845831392723
AOA,WDBC,3,483,14520,0.024872845831392723
AOA,WDBC,3,484,14550,0.024872845831392723
AOA,WDBC,3,485,14580,0.024872845831392723
AOA,WDBC,3,486,14610,0.024872845831392723
AOA,WDBC,3,487,14640,0.024872845831392723
AOA,WDBC,3,488,14670,0.024872845831392723
AOA,WDBC,3,489,14700,0.024872845831392723
AOA,WDBC,3,490,14730,0.024872845831392723
AOA,WDBC,3,491,14760,0.024872845831392723
AOA,WDBC,3,492,14790,0.024872845831392723
AOA,WDBC,3,493,14820,0.024872845831392723
AOA,WDBC,3,494,14850,0.024872845831392723
AOA,WDBC,3,495,14880,0.024872845831392723
AOA,WDBC,3,496,14910,0.024872845831392723
AOA,WDBC,3,497,14940,0.024872845831392723
AOA,WDBC,3,498,14970,0.024872845831392723
AOA,WDBC,3,499,15000,0.024872845831392723
AOA,ColonCancer,1,0,30,0.24344538461538454
AOA,ColonCancer,1,1,60,0.24344538461538454
AOA,ColonCancer,1,2,90,0.24344538461538454
AOA,ColonCancer,1,3,120,0.24344538461538454
AOA,ColonCancer,1,4,150,0.24344538461538454
AOA,ColonCancer,1,5,180,0.22828961538461534
AOA,ColonCancer,1,6,210,0.22828961538461534
AOA,ColonCancer,1,7,240,0.22828961538461534
AOA,ColonCancer,1,8,270,0.22828961538461534
AOA,ColonCancer,1,9,300,0.22828961538461534
AOA,ColonCancer,1,10,330,0.22828961538461534
AOA,ColonCancer,1,11,360,0.22828961538461534
AOA,ColonCancer,1,12,390,0.22828961538461534
AOA,ColonCancer,1,13,420,0.22828961538461534
AOA,ColonCancer,1,14,450,0.22828961538461534
AOA,ColonCancer,1,15,480,0.22828961538461534
AOA,ColonCancer,1,16,510,0.22828961538461534
AOA,ColonCancer,1,17,540,0.22828961538461534
AOA,ColonCancer,1,18,570,0.2117946153846153
AOA,ColonCancer,1,19,600,0.2117946153846153
AOA,ColonCancer,1,20,630,0.2117946153846153
AOA,ColonCancer,1,21,660,0.2117946153846153
AOA,ColonCancer,1,22,690,0.2117946153846153
AOA,ColonCancer,1,23,720,0.2117946153846153
AOA,ColonCancer,1,24,750,0.2117946153846153
AOA,ColonCancer,1,25,780,0.2117946153846153
AOA,ColonCancer,1,26,810,0.2117946153846153
AOA,ColonCancer,1,27,840,0.2117946153846153
AOA,ColonCancer,1,28,870,0.2117946153846153
AOA,ColonCancer,1,29,900,0.2117946153846153
AOA,ColonCancer,1,30,930,0.2117946153846153
AOA,ColonCancer,1,31,960,0.2117946153846153
AOA,ColonCancer,1,32,990,0.2117946153846153
AOA,ColonCancer,1,33,1020,0.2117946153846153
AOA,ColonCancer,1,34,1050,0.2117946153846153
AOA,ColonCancer,1,35,1080,0.2117946153846153
AOA,ColonCancer,1,36,1110,0.2117946153846153
AOA,ColonCancer,1,37,1140,0.2117946153846153
AOA,ColonCancer,1,38,1170,0.2117946153846153
AOA,ColonCancer,1,39,1200,0.2117946153846153
AOA,ColonCancer,1,40,1230,0.2117946153846153
AOA,ColonCancer,1,41,1260,0.2117946153846153
AOA,ColonCancer,1,42,1290,0.2117946153846153
AOA,ColonCancer,1,43,1320,0.2117946153846153
AOA,ColonCancer,1,44,1350,0.2117946153846153
AOA,ColonCancer,1,45,1380,0.2117946153846153
AOA,ColonCancer,1,46,1410,0.2117946153846153
AOA,ColonCancer,1,47,1440,0.2117946153846153
AOA,ColonCancer,1,48,1470,0.2117946153846153
AOA,ColonCancer,1,49,1500,0.2117946153846153
AOA,ColonCancer,1,50,1530,0.2117946153846153
AOA,ColonCancer,1,51,1560,0.2117946153846153
AOA,ColonCancer,1,52,1590,0.2117946153846153
AOA,ColonCancer,1,53,1620,0.2117946153846153
AOA,ColonCancer,1,54,1650,0.2117946153846153
AOA,ColonCancer,1,55,1680,0.2117946153846153
AOA,ColonCancer,1,56,1710,0.2117946153846153
AOA,ColonCancer,1,57,1740,0.2117946153846153
AOA,ColonCancer,1,58,1770,0.2117946153846153
AOA,ColonCancer,1,59,1800,0.2117946153846153
AOA,ColonCancer,1,60,1830,0.2117946153846153
AOA,ColonCancer,1,61,1860,0.2117946153846153
AOA,ColonCancer,1,62,1890,0.2117946153846153
AOA,ColonCancer,1,63,1920,0.2117946153846153
AOA,ColonCancer,1,64,1950,0.2117946153846153
AOA,ColonCancer,1,65,1980,0.2117946153846153
AOA,ColonCancer,1,66,2010,0.2117946153846153
AOA,ColonCancer,1,67,2040,0.2117946153846153
AOA,ColonCancer,1,68,2070,0.2117946153846153
AOA,ColonCancer,1,69,2100,0.2117946153846153
AOA,ColonCancer,1,70,2130,0.2117946153846153
AOA,ColonCancer,1,71,2160,0.2117946153846153
AOA,ColonCancer,1,72,2190,0.2117946153846153
AOA,ColonCancer,1,73,2220,0.2117946153846153
AOA,ColonCancer,1,74,2250,0.2117946153846153
AOA,ColonCancer,1,75,2280,0.2117946153846153
AOA,ColonCancer,1,76,2310,0.2117946153846153
AOA,ColonCancer,1,77,2340,0.2117946153846153
AOA,ColonCancer,1,78,2370,0.2117946153846153
AOA,ColonCancer,1,79,2400,0.2117946153846153
AOA,ColonCancer,1,80,2430,0.2117946153846153
AOA,ColonCancer,1,81,2460,0.2117946153846153
AOA,ColonCancer,1,82,2490,0.2117946153846153
AOA,ColonCancer,1,83,2520,0.2117946153846153
AOA,ColonCancer,1,84,2550,0.2117946153846153
AOA,ColonCancer,1,85,2580,0.2117946153846153
AOA,ColonCancer,1,86,2610,0.2117946153846153
AOA,ColonCancer,1,87,2640,0.2117946153846153
AOA,ColonCancer,1,88,2670,0.2117946153846153
AOA,ColonCancer,1,89,2700,0.2117946153846153
AOA,ColonCancer,1,90,2730,0.2117946153846153
AOA,ColonCancer,1,91,2760,0.2117946153846153
AOA,ColonCancer,1,92,2790,0.2117946153846153
AOA,ColonCancer,1,93,2820,0.2117946153846153
AOA,ColonCancer,1,94,2850,0.2117946153846153
AOA,ColonCancer,1,95,2880,0.2117946153846153
AOA,ColonCancer,1,96,2910,0.2117946153846153
AOA,ColonCancer,1,97,2940,0.2117946153846153
AOA,ColonCancer,1,98,2970,0.2117946153846153
AOA,ColonCancer,1,99,3000,0.2117946153846153
AOA,ColonCancer,1,100,3030,0.2117946153846153
AOA,ColonCancer,1,101,3060,0.2117946153846153
AOA,ColonCancer,1,102,3090,0.2117946153846153
AOA,ColonCancer,1,103,3120,0.2117946153846153
AOA,ColonCancer,1,104,3150,0.2117946153846153
AOA,ColonCancer,1,105,3180,0.2117946153846153
AOA,ColonCancer,1,106,3210,0.2117946153846153
AOA,ColonCancer,1,107,3240,0.2117946153846153
AOA,ColonCancer,1,108,3270,0.2117946153846153
AOA,ColonCancer,1,109,3300,0.2117946153846153
AOA,ColonCancer,1,110,3330,0.2117946153846153
AOA,ColonCancer,1,111,3360,0.2117946153846153
AOA,ColonCancer,1,112,3390,0.2117946153846153
AOA,ColonCancer,1,113,3420,0.2117946153846153
AOA,ColonCancer,1,114,3450,0.2117946153846153
AOA,ColonCancer,1,115,3480,0.2117946153846153
AOA,ColonCancer,1,116,3510,0.2117946153846153
AOA,ColonCancer,1,117,3540,0.2117946153846153
AOA,ColonCancer,1,118,3570,0.2117946153846153
AOA,ColonCancer,1,119,3600,0.2117946153846153
AOA,ColonCancer,1,120,3630,0.2117946153846153
AOA,ColonCancer,1,121,3660,0.2117946153846153
AOA,ColonCancer,1,122,3690,0.2117946153846153
AOA,ColonCancer,1,123,3720,0.2117946153846153
AOA,ColonCancer,1,124,3750,0.2117946153846153
AOA,ColonCancer,1,125,3780,0.2117946153846153
AOA,ColonCancer,1,126,3810,0.2117946153846153
AOA,ColonCancer,1,127,3840,0.2117946153846153
AOA,ColonCancer,1,128,3870,0.2117946153846153
AOA,ColonCancer,1,129,3900,0.2117946153846153
AOA,ColonCancer,1,130,3930,0.2117946153846153
AOA,ColonCancer,1,131,3960,0.2117946153846153
AOA,ColonCancer,1,132,3990,0.2117946153846153
AOA,ColonCancer,1,133,4020,0.2117946153846153
AOA,ColonCancer,1,134,4050,0.2117946153846153
AOA,ColonCancer,1,135,4080,0.2117946153846153
AOA,ColonCancer,1,136,4110,0.2117946153846153
AOA,ColonCancer,1,137,4140,0.2117946153846153
AOA,ColonCancer,1,138,4170,0.2117946153846153
AOA,ColonCancer,1,139,4200,0.2117946153846153
AOA,ColonCancer,1,140,4230,0.2117946153846153
AOA,ColonCancer,1,141,4260,0.2117946153846153
AOA,ColonCancer,1,142,4290,0.2117946153846153
AOA,ColonCancer,1,143,4320,0.2117946153846153
AOA,ColonCancer,1,144,4350,0.2117946153846153
AOA,ColonCancer,1,145,4380,0.2117946153846153
AOA,ColonCancer,1,146,4410,0.2117946153846153
AOA,ColonCancer,1,147,4440,0.2117946153846153
AOA,ColonCancer,1,148,4470,0.2117946153846153
AOA,ColonCancer,1,149,4500,0.2117946153846153
AOA,ColonCancer,1,150,4530,0.2117946153846153
AOA,ColonCancer,1,151,4560,0.2117946153846153
AOA,ColonCancer,1,152,4590,0.2117946153846153
AOA,ColonCancer,1,153,4620,0.2117946153846153
AOA,ColonCancer,1,154,4650,0.2117946153846153
AOA,ColonCancer,1,155,4680,0.2117946153846153
AOA,ColonCancer,1,156,4710,0.2117946153846153
AOA,ColonCancer,1,157,4740,0.2117946153846153
AOA,ColonCancer,1,158,4770,0.2117946153846153
AOA,ColonCancer,1,159,4800,0.2117946153846153
AOA,ColonCancer,1,160,4830,0.2117946153846153
AOA,ColonCancer,1,161,4860,0.2117946153846153
AOA,ColonCancer,1,162,4890,0.2117946153846153
AOA,ColonCancer,1,163,4920,0.2117946153846153
AOA,ColonCancer,1,164,4950,0.2117946153846153
AOA,ColonCancer,1,165,4980,0.2117946153846153
AOA,ColonCancer,1,166,5010,0.2117946153846153
AOA,ColonCancer,1,167,5040,0.2117946153846153
AOA,ColonCancer,1,168,5070,0.2117946153846153
AOA,ColonCancer,1,169,5100,0.2117946153846153
AOA,ColonCancer,1,170,5130,0.2117946153846153
AOA,ColonCancer,1,171,5160,0.2117946153846153
AOA,ColonCancer,1,172,5190,0.2117946153846153
AOA,ColonCancer,1,173,5220,0.2117946153846153
AOA,ColonCancer,1,174,5250,0.2117946153846153
AOA,ColonCancer,1,175,5280,0.2117946153846153
AOA,ColonCancer,1,176,5310,0.2117946153846153
AOA,ColonCancer,1,177,5340,0.2117946153846153
AOA,ColonCancer,1,178,5370,0.2117946153846153
AOA,ColonCancer,1,179,5400,0.2117946153846153
AOA,ColonCancer,1,180,5430,0.2117946153846153
AOA,ColonCancer,1,181,5460,0.2117946153846153
AOA,ColonCancer,1,182,5490,0.2117946153846153
AOA,ColonCancer,1,183,5520,0.2117946153846153
AOA,ColonCancer,1,184,5550,0.2117946153846153
AOA,ColonCancer,1,185,5580,0.2117946153846153
AOA,ColonCancer,1,186,5610,0.2117946153846153
AOA,ColonCancer,1,187,5640,0.2117946153846153
AOA,ColonCancer,1,188,5670,0.2117946153846153
AOA,ColonCancer,1,189,5700,0.2117946153846153
AOA,ColonCancer,1,190,5730,0.2117946153846153
AOA,ColonCancer,1,191,5760,0.2117946153846153
AOA,ColonCancer,1,192,5790,0.2117946153846153
AOA,ColonCancer,1,193,5820,0.2117946153846153
AOA,ColonCancer,1,194,5850,0.2117946153846153
AOA,ColonCancer,1,195,5880,0.2117946153846153
AOA,ColonCancer,1,196,5910,0.2117946153846153
AOA,ColonCancer,1,197,5940,0.2117946153846153
AOA,ColonCancer,1,198,5970,0.2117946153846153
AOA,ColonCancer,1,199,6000,0.2117946153846153
AOA,ColonCancer,1,200,6030,0.2117946153846153
AOA,ColonCancer,1,201,6060,0.2117946153846153
AOA,ColonCancer,1,202,6090,0.2117946153846153
AOA,ColonCancer,1,203,6120,0.2117946153846153
AOA,ColonCancer,1,204,6150,0.2117946153846153
AOA,ColonCancer,1,205,6180,0.2117946153846153
AOA,ColonCancer,1,206,6210,0.2117946153846153
AOA,ColonCancer,1,207,6240,0.2117946153846153
AOA,ColonCancer,1,208,6270,0.2117946153846153
AOA,ColonCancer,1,209,6300,0.2117946153846153
AOA,ColonCancer,1,210,6330,0.2117946153846153
AOA,ColonCancer,1,211,6360,0.2117946153846153
AOA,ColonCancer,1,212,6390,0.2117946153846153
AOA,ColonCancer,1,213,6420,0.2117946153846153
AOA,ColonCancer,1,214,6450,0.2117946153846153
AOA,ColonCancer,1,215,6480,0.2117946153846153
AOA,ColonCancer,1,216,6510,0.2117946153846153
AOA,ColonCancer,1,217,6540,0.2117946153846153
AOA,ColonCancer,1,218,6570,0.2117946153846153
AOA,ColonCancer,1,219,6600,0.2117946153846153
AOA,ColonCancer,1,220,6630,0.2117946153846153
AOA,ColonCancer,1,221,6660,0.2117946153846153
AOA,ColonCancer,1,222,6690,0.2117946153846153
AOA,ColonCancer,1,223,6720,0.2117946153846153
AOA,ColonCancer,1,224,6750,0.2117946153846153
AOA,ColonCancer,1,225,6780,0.2117946153846153
AOA,ColonCancer,1,226,6810,0.2117946153846153
AOA,ColonCancer,1,227,6840,0.2117946153846153
AOA,ColonCancer,1,228,6870,0.2117946153846153
AOA,ColonCancer,1,229,6900,0.2117946153846153
AOA,ColonCancer,1,230,6930,0.2117946153846153
AOA,ColonCancer,1,231,6960,0.2117946153846153
AOA,ColonCancer,1,232,6990,0.2117096153846153
AOA,ColonCancer,1,233,7020,0.2117096153846153
AOA,ColonCancer,1,234,7050,0.2117096153846153
AOA,ColonCancer,1,235,7080,0.2117096153846153
AOA,ColonCancer,1,236,7110,0.2117096153846153
AOA,ColonCancer,1,237,7140,0.2117096153846153
AOA,ColonCancer,1,238,7170,0.2117096153846153
AOA,ColonCancer,1,239,7200,0.2117096153846153
AOA,ColonCancer,1,240,7230,0.2117096153846153
AOA,ColonCancer,1,241,7260,0.2117096153846153
AOA,ColonCancer,1,242,7290,0.2117096153846153
AOA,ColonCancer,1,243,7320,0.2117096153846153
AOA,ColonCancer,1,244,7350,0.2117096153846153
AOA,ColonCancer,1,245,7380,0.2117096153846153
AOA,ColonCancer,1,246,7410,0.2117096153846153
AOA,ColonCancer,1,247,7440,0.2117096153846153
AOA,ColonCancer,1,248,7470,0.2117096153846153
AOA,ColonCancer,1,249,7500,0.2117096153846153
AOA,ColonCancer,1,250,7530,0.2117096153846153
AOA,ColonCancer,1,251,7560,0.2117096153846153
AOA,ColonCancer,1,252,7590,0.2117096153846153
AOA,ColonCancer,1,253,7620,0.2117096153846153
AOA,ColonCancer,1,254,7650,0.2117096153846153
AOA,ColonCancer,1,255,7680,0.2117096153846153
AOA,ColonCancer,1,256,7710,0.2117096153846153
AOA,ColonCancer,1,257,7740,0.2117096153846153
AOA,ColonCancer,1,258,7770,0.2117096153846153
AOA,ColonCancer,1,259,7800,0.2117096153846153
AOA,ColonCancer,1,260,7830,0.2117096153846153
AOA,ColonCancer,1,261,7860,0.2117096153846153
AOA,ColonCancer,1,262,7890,0.2117096153846153
AOA,ColonCancer,1,263,7920,0.2117096153846153
AOA,ColonCancer,1,264,7950,0.2117096153846153
AOA,ColonCancer,1,265,7980,0.2117096153846153
AOA,ColonCancer,1,266,8010,0.2117096153846153
AOA,ColonCancer,1,267,8040,0.2117096153846153
AOA,ColonCancer,1,268,8070,0.2117096153846153
AOA,ColonCancer,1,269,8100,0.2117096153846153
AOA,ColonCancer,1,270,8130,0.2117096153846153
AOA,ColonCancer,1,271,8160,0.2117096153846153
AOA,ColonCancer,1,272,8190,0.2117096153846153
AOA,ColonCancer,1,273,8220,0.2117096153846153
AOA,ColonCancer,1,274,8250,0.2117096153846153
AOA,ColonCancer,1,275,8280,0.2117096153846153
AOA,ColonCancer,1,276,8310,0.2117096153846153
AOA,ColonCancer,1,277,8340,0.2117096153846153
AOA,ColonCancer,1,278,8370,0.2117096153846153
AOA,ColonCancer,1,279,8400,0.2117096153846153
AOA,ColonCancer,1,280,8430,0.2117096153846153
AOA,ColonCancer,1,281,8460,0.2117096153846153
AOA,ColonCancer,1,282,8490,0.2117096153846153
AOA,ColonCancer,1,283,8520,0.2117096153846153
AOA,ColonCancer,1,284,8550,0.2117096153846153
AOA,ColonCancer,1,285,8580,0.2117096153846153
AOA,ColonCancer,1,286,8610,0.2117096153846153
AOA,ColonCancer,1,287,8640,0.2117096153846153
AOA,ColonCancer,1,288,8670,0.2117096153846153
AOA,ColonCancer,1,289,8700,0.2117096153846153
AOA,ColonCancer,1,290,8730,0.2117096153846153
AOA,ColonCancer,1,291,8760,0.2117096153846153
AOA,ColonCancer,1,292,8790,0.2117096153846153
AOA,ColonCancer,1,293,8820,0.2117096153846153
AOA,ColonCancer,1,294,8850,0.2117096153846153
AOA,ColonCancer,1,295,8880,0.2117096153846153
AOA,ColonCancer,1,296,8910,0.2117096153846153
AOA,ColonCancer,1,297,8940,0.2117096153846153
AOA,ColonCancer,1,298,8970,0.2117096153846153
AOA,ColonCancer,1,299,9000,0.2117096153846153
AOA,ColonCancer,1,300,9030,0.2117096153846153
AOA,ColonCancer,1,301,9060,0.2117096153846153
AOA,ColonCancer,1,302,9090,0.2117096153846153
AOA,ColonCancer,1,303,9120,0.2117096153846153
AOA,ColonCancer,1,304,9150,0.2117096153846153
AOA,ColonCancer,1,305,9180,0.2117096153846153
AOA,ColonCancer,1,306,9210,0.2117096153846153
AOA,ColonCancer,1,307,9240,0.2117096153846153
AOA,ColonCancer,1,308,9270,0.2117096153846153
AOA,ColonCancer,1,309,9300,0.2117096153846153
AOA,ColonCancer,1,310,9330,0.2117096153846153
AOA,ColonCancer,1,311,9360,0.2117096153846153
AOA,ColonCancer,1,312,9390,0.2117096153846153
AOA,ColonCancer,1,313,9420,0.2117096153846153
AOA,ColonCancer,1,314,9450,0.2117096153846153
AOA,ColonCancer,1,315,9480,0.2117096153846153
AOA,ColonCancer,1,316,9510,0.2117096153846153
AOA,ColonCancer,1,317,9540,0.2117096153846153
AOA,ColonCancer,1,318,9570,0.2117096153846153
AOA,ColonCancer,1,319,9600,0.2117096153846153
AOA,ColonCancer,1,320,9630,0.2117096153846153
AOA,ColonCancer,1,321,9660,0.2117096153846153
AOA,ColonCancer,1,322,9690,0.2117096153846153
AOA,ColonCancer,1,323,9720,0.2117096153846153
AOA,ColonCancer,1,324,9750,0.2117096153846153
AOA,ColonCancer,1,325,9780,0.2117096153846153
AOA,ColonCancer,1,326,9810,0.2117096153846153
AOA,ColonCancer,1,327,9840,0.2117096153846153
AOA,ColonCancer,1,328,9870,0.2117096153846153
AOA,ColonCancer,1,329,9900,0.2117096153846153
AOA,ColonCancer,1,330,9930,0.2117096153846153
AOA,ColonCancer,1,331,9960,0.2117096153846153
AOA,ColonCancer,1,332,9990,0.2117096153846153
AOA,ColonCancer,1,333,10020,0.2117096153846153
AOA,ColonCancer,1,334,10050,0.2117096153846153
AOA,ColonCancer,1,335,10080,0.2117096153846153
AOA,ColonCancer,1,336,10110,0.2117096153846153
AOA,ColonCancer,1,337,10140,0.2117096153846153
AOA,ColonCancer,1,338,10170,0.2117096153846153
AOA,ColonCancer,1,339,10200,0.2117096153846153
AOA,ColonCancer,1,340,10230,0.2117096153846153
AOA,ColonCancer,1,341,10260,0.2117096153846153
AOA,ColonCancer,1,342,10290,0.2117096153846153
AOA,ColonCancer,1,343,10320,0.2117096153846153
AOA,ColonCancer,1,344,10350,0.2117096153846153
AOA,ColonCancer,1,345,10380,0.2117096153846153
AOA,ColonCancer,1,346,10410,0.2117096153846153
AOA,ColonCancer,1,347,10440,0.2117096153846153
AOA,ColonCancer,1,348,10470,0.2117096153846153
AOA,ColonCancer,1,349,10500,0.2117096153846153
AOA,ColonCancer,1,350,10530,0.2117096153846153
AOA,ColonCancer,1,351,10560,0.2117096153846153
AOA,ColonCancer,1,352,10590,0.2117096153846153
AOA,ColonCancer,1,353,10620,0.2117096153846153
AOA,ColonCancer,1,354,10650,0.2117096153846153
AOA,ColonCancer,1,355,10680,0.2117096153846153
AOA,ColonCancer,1,356,10710,0.2117096153846153
AOA,ColonCancer,1,357,10740,0.2117096153846153
AOA,ColonCancer,1,358,10770,0.2117096153846153
AOA,ColonCancer,1,359,10800,0.2117096153846153
AOA,ColonCancer,1,360,10830,0.2117096153846153
AOA,ColonCancer,1,361,10860,0.2117096153846153
AOA,ColonCancer,1,362,10890,0.2117096153846153
AOA,ColonCancer,1,363,10920,0.2117096153846153
AOA,ColonCancer,1,364,10950,0.2117096153846153
AOA,ColonCancer,1,365,10980,0.2117096153846153
AOA,ColonCancer,1,366,11010,0.2117096153846153
AOA,ColonCancer,1,367,11040,0.2117096153846153
AOA,ColonCancer,1,368,11070,0.2117096153846153
AOA,ColonCancer,1,369,11100,0.2117096153846153
AOA,ColonCancer,1,370,11130,0.2117096153846153
AOA,ColonCancer,1,371,11160,0.2117096153846153
AOA,ColonCancer,1,372,11190,0.2117096153846153
AOA,ColonCancer,1,373,11220,0.2117096153846153
AOA,ColonCancer,1,374,11250,0.2117096153846153
AOA,ColonCancer,1,375,11280,0.2117096153846153
AOA,ColonCancer,1,376,11310,0.2117096153846153
AOA,ColonCancer,1,377,11340,0.2117096153846153
AOA,ColonCancer,1,378,11370,0.2117096153846153
AOA,ColonCancer,1,379,11400,0.2117096153846153
AOA,ColonCancer,1,380,11430,0.2117096153846153
AOA,ColonCancer,1,381,11460,0.2117096153846153
AOA,ColonCancer,1,382,11490,0.2117096153846153
AOA,ColonCancer,1,383,11520,0.2117096153846153
AOA,ColonCancer,1,384,11550,0.2117096153846153
AOA,ColonCancer,1,385,11580,0.2117096153846153
AOA,ColonCancer,1,386,11610,0.2117096153846153
AOA,ColonCancer,1,387,11640,0.2117096153846153
AOA,ColonCancer,1,388,11670,0.2117096153846153
AOA,ColonCancer,1,389,11700,0.2117096153846153
AOA,ColonCancer,1,390,11730,0.2117096153846153
AOA,ColonCancer,1,391,11760,0.2117096153846153
AOA,ColonCancer,1,392,11790,0.2117096153846153
AOA,ColonCancer,1,393,11820,0.2117096153846153
AOA,ColonCancer,1,394,11850,0.2117096153846153
AOA,ColonCancer,1,395,11880,0.2117096153846153
AOA,ColonCancer,1,396,11910,0.2117096153846153
AOA,ColonCancer,1,397,11940,0.2117096153846153
AOA,ColonCancer,1,398,11970,0.2117096153846153
AOA,ColonCancer,1,399,12000,0.2117096153846153
AOA,ColonCancer,1,400,12030,0.2117096153846153
AOA,ColonCancer,1,401,12060,0.2117096153846153
AOA,ColonCancer,1,402,12090,0.2117096153846153
AOA,ColonCancer,1,403,12120,0.2117096153846153
AOA,ColonCancer,1,404,12150,0.2117096153846153
AOA,ColonCancer,1,405,12180,0.2117096153846153
AOA,ColonCancer,1,406,12210,0.2117096153846153
AOA,ColonCancer,1,407,12240,0.2117096153846153
AOA,ColonCancer,1,408,12270,0.2117096153846153
AOA,ColonCancer,1,409,12300,0.2117096153846153
AOA,ColonCancer,1,410,12330,0.2117096153846153
AOA,ColonCancer,1,411,12360,0.2117096153846153
AOA,ColonCancer,1,412,12390,0.2117096153846153
AOA,ColonCancer,1,413,12420,0.2117096153846153
AOA,ColonCancer,1,414,12450,0.2117096153846153
AOA,ColonCancer,1,415,12480,0.2117096153846153
AOA,ColonCancer,1,416,12510,0.2117096153846153
AOA,ColonCancer,1,417,12540,0.2117096153846153
AOA,ColonCancer,1,418,12570,0.2117096153846153
AOA,ColonCancer,1,419,12600,0.2117096153846153
AOA,ColonCancer,1,420,12630,0.2117096153846153
AOA,ColonCancer,1,421,12660,0.2117096153846153
AOA,ColonCancer,1,422,12690,0.2117096153846153
AOA,ColonCancer,1,423,12720,0.2117096153846153
AOA,ColonCancer,1,424,12750,0.2117096153846153
AOA,ColonCancer,1,425,12780,0.2117096153846153
AOA,ColonCancer,1,426,12810,0.2117096153846153
AOA,ColonCancer,1,427,12840,0.2117096153846153
AOA,ColonCancer,1,428,12870,0.2117096153846153
AOA,ColonCancer,1,429,12900,0.2117096153846153
AOA,ColonCancer,1,430,12930,0.2117096153846153
AOA,ColonCancer,1,431,12960,0.2117096153846153
AOA,ColonCancer,1,432,12990,0.2117096153846153
AOA,ColonCancer,1,433,13020,0.2117096153846153
AOA,ColonCancer,1,434,13050,0.2117096153846153
AOA,ColonCancer,1,435,13080,0.2117096153846153
AOA,ColonCancer,1,436,13110,0.2117096153846153
AOA,ColonCancer,1,437,13140,0.2117096153846153
AOA,ColonCancer,1,438,13170,0.2117096153846153
AOA,ColonCancer,1,439,13200,0.2117096153846153
AOA,ColonCancer,1,440,13230,0.2117096153846153
AOA,ColonCancer,1,441,13260,0.2117096153846153
AOA,ColonCancer,1,442,13290,0.2117096153846153
AOA,ColonCancer,1,443,13320,0.2117096153846153
AOA,ColonCancer,1,444,13350,0.2117096153846153
AOA,ColonCancer,1,445,13380,0.2117096153846153
AOA,ColonCancer,1,446,13410,0.2117096153846153
AOA,ColonCancer,1,447,13440,0.2117096153846153
AOA,ColonCancer,1,448,13470,0.2117096153846153
AOA,ColonCancer,1,449,13500,0.2117096153846153
AOA,ColonCancer,1,450,13530,0.2117096153846153
AOA,ColonCancer,1,451,13560,0.2117096153846153
AOA,ColonCancer,1,452,13590,0.2117096153846153
AOA,ColonCancer,1,453,13620,0.2117096153846153
AOA,ColonCancer,1,454,13650,0.2117096153846153
AOA,ColonCancer,1,455,13680,0.2117096153846153
AOA,ColonCancer,1,456,13710,0.2117096153846153
AOA,ColonCancer,1,457,13740,0.2117096153846153
AOA,ColonCancer,1,458,13770,0.2117096153846153
AOA,ColonCancer,1,459,13800,0.2117096153846153
AOA,ColonCancer,1,460,13830,0.2117096153846153
AOA,ColonCancer,1,461,13860,0.2117096153846153
AOA,ColonCancer,1,462,13890,0.2117096153846153
AOA,ColonCancer,1,463,13920,0.2117096153846153
AOA,ColonCancer,1,464,13950,0.2117096153846153
AOA,ColonCancer,1,465,13980,0.2117096153846153
AOA,ColonCancer,1,466,14010,0.2117096153846153
AOA,ColonCancer,1,467,14040,0.2117096153846153
AOA,ColonCancer,1,468,14070,0.2117096153846153
AOA,ColonCancer,1,469,14100,0.2117096153846153
AOA,ColonCancer,1,470,14130,0.2117096153846153
AOA,ColonCancer,1,471,14160,0.2117096153846153
AOA,ColonCancer,1,472,14190,0.2117096153846153
AOA,ColonCancer,1,473,14220,0.2117096153846153
AOA,ColonCancer,1,474,14250,0.2117096153846153
AOA,ColonCancer,1,475,14280,0.2117096153846153
AOA,ColonCancer,1,476,14310,0.2117096153846153
AOA,ColonCancer,1,477,14340,0.2117096153846153
AOA,ColonCancer,1,478,14370,0.2117096153846153
AOA,ColonCancer,1,479,14400,0.2117096153846153
AOA,ColonCancer,1,480,14430,0.2117096153846153
AOA,ColonCancer,1,481,14460,0.2117096153846153
AOA,ColonCancer,1,482,14490,0.2117096153846153
AOA,ColonCancer,1,483,14520,0.2117096153846153
AOA,ColonCancer,1,484,14550,0.2117096153846153
AOA,ColonCancer,1,485,14580,0.2117096153846153
AOA,ColonCancer,1,486,14610,0.2117096153846153
AOA,ColonCancer,1,487,14640,0.2117096153846153
AOA,ColonCancer,1,488,14670,0.2117096153846153
AOA,ColonCancer,1,489,14700,0.2117096153846153
AOA,ColonCancer,1,490,14730,0.2117096153846153
AOA,ColonCancer,1,491,14760,0.2117096153846153
AOA,ColonCancer,1,492,14790,0.2117096153846153
AOA,ColonCancer,1,493,14820,0.2117096153846153
AOA,ColonCancer,1,494,14850,0.2117096153846153
AOA,ColonCancer,1,495,14880,0.2117096153846153
AOA,ColonCancer,1,496,14910,0.2117096153846153
AOA,ColonCancer,1,497,14940,0.2117096153846153
AOA,ColonCancer,1,498,14970,0.2117096153846153
AOA,ColonCancer,1,499,15000,0.2117096153846153
AOA,ColonCancer,2,0,30,0.16601730769230766
AOA,ColonCancer,2,1,60,0.16601730769230766
AOA,ColonCancer,2,2,90,0.16601730769230766
AOA,ColonCancer,2,3,120,0.15222076923076924
AOA,ColonCancer,2,4,150,0.15222076923076924
AOA,ColonCancer,2,5,180,0.1510315384615385
AOA,ColonCancer,2,6,210,0.1510315384615385
AOA,ColonCancer,2,7,240,0.1510315384615385
AOA,ColonCancer,2,8,270,0.1510315384615385
AOA,ColonCancer,2,9,300,0.1510315384615385
AOA,ColonCancer,2,10,330,0.1510315384615385
AOA,ColonCancer,2,11,360,0.1510315384615385
AOA,ColonCancer,2,12,390,0.1510315384615385
AOA,ColonCancer,2,13,420,0.1510315384615385
AOA,ColonCancer,2,14,450,0.14968230769230773
AOA,ColonCancer,2,15,480,0.14968230769230773
AOA,ColonCancer,2,16,510,0.14968230769230773
AOA,ColonCancer,2,17,540,0.14968230769230773
AOA,ColonCancer,2,18,570,0.14968230769230773
AOA,ColonCancer,2,19,600,0.14968230769230773
AOA,ColonCancer,2,20,630,0.14968230769230773
AOA,ColonCancer,2,21,660,0.14968230769230773
AOA,ColonCancer,2,22,690,0.14968230769230773
AOA,ColonCancer,2,23,720,0.1180865384615384
AOA,ColonCancer,2,24,750,0.1180865384615384
AOA,ColonCancer,2,25,780,0.1180865384615384
AOA,ColonCancer,2,26,810,0.1180865384615384
AOA,ColonCancer,2,27,840,0.1180865384615384
AOA,ColonCancer,2,28,870,0.1180865384615384
AOA,ColonCancer,2,29,900,0.1180865384615384
AOA,ColonCancer,2,30,930,0.1180865384615384
AOA,ColonCancer,2,31,960,0.1180865384615384
AOA,ColonCancer,2,32,990,0.1180865384615384
AOA,ColonCancer,2,33,1020,0.1180865384615384
AOA,ColonCancer,2,34,1050,0.1180865384615384
AOA,ColonCancer,2,35,1080,0.1180865384615384
AOA,ColonCancer,2,36,1110,0.1180865384615384
AOA,ColonCancer,2,37,1140,0.1180865384615384
AOA,ColonCancer,2,38,1170,0.1180865384615384
AOA,ColonCancer,2,39,1200,0.1180865384615384
AOA,ColonCancer,2,40,1230,0.1180865384615384
AOA,ColonCancer,2,41,1260,0.1180865384615384
AOA,ColonCancer,2,42,1290,0.1180865384615384
AOA,ColonCancer,2,43,1320,0.1180865384615384
AOA,ColonCancer,2,44,1350,0.1180865384615384
AOA,ColonCancer,2,45,1380,0.1180865384615384
AOA,ColonCancer,2,46,1410,0.1180865384615384
AOA,ColonCancer,2,47,1440,0.1180865384615384
AOA,ColonCancer,2,48,1470,0.1180865384615384
AOA,ColonCancer,2,49,1500,0.1180865384615384
AOA,ColonCancer,2,50,1530,0.1180865384615384
AOA,ColonCancer,2,51,1560,0.1180865384615384
AOA,ColonCancer,2,52,1590,0.1180865384615384
AOA,ColonCancer,2,53,1620,0.1180865384615384
AOA,ColonCancer,2,54,1650,0.1180865384615384
AOA,ColonCancer,2,55,1680,0.1180865384615384
AOA,ColonCancer,2,56,1710,0.1180865384615384
AOA,ColonCancer,2,57,1740,0.1180865384615384
AOA,ColonCancer,2,58,1770,0.1180865384615384
AOA,ColonCancer,2,59,1800,0.1180865384615384
AOA,ColonCancer,2,60,1830,0.1180865384615384
AOA,ColonCancer,2,61,1860,0.1180865384615384
AOA,ColonCancer,2,62,1890,0.1180865384615384
AOA,ColonCancer,2,63,1920,0.1180865384615384
AOA,ColonCancer,2,64,1950,0.1180865384615384
AOA,ColonCancer,2,65,1980,0.1180865384615384
AOA,ColonCancer,2,66,2010,0.1180865384615384
AOA,ColonCancer,2,67,2040,0.1180865384615384
AOA,ColonCancer,2,68,2070,0.1180865384615384
AOA,ColonCancer,2,69,2100,0.1180865384615384
AOA,ColonCancer,2,70,2130,0.1180865384615384
AOA,ColonCancer,2,71,2160,0.1180865384615384
AOA,ColonCancer,2,72,2190,0.1180865384615384
AOA,ColonCancer,2,73,2220,0.1180865384615384
AOA,ColonCancer,2,74,2250,0.1180865384615384
AOA,ColonCancer,2,75,2280,0.1180865384615384
AOA,ColonCancer,2,76,2310,0.1180865384615384
AOA,ColonCancer,2,77,2340,0.1180865384615384
AOA,ColonCancer,2,78,2370,0.1180865384615384
AOA,ColonCancer,2,79,2400,0.1180865384615384
AOA,ColonCancer,2,80,2430,0.1180865384615384
AOA,ColonCancer,2,81,2460,0.1180865384615384
AOA,ColonCancer,2,82,2490,0.1180865384615384
AOA,ColonCancer,2,83,2520,0.1180865384615384
AOA,ColonCancer,2,84,2550,0.1180865384615384
AOA,ColonCancer,2,85,2580,0.1180865384615384
AOA,ColonCancer,2,86,2610,0.1180865384615384
AOA,ColonCancer,2,87,2640,0.1180865384615384
AOA,ColonCancer,2,88,2670,0.1180865384615384
AOA,ColonCancer,2,89,2700,0.1180865384615384
AOA,ColonCancer,2,90,2730,0.1180865384615384
AOA,ColonCancer,2,91,2760,0.1180865384615384
AOA,ColonCancer,2,92,2790,0.1180865384615384
AOA,ColonCancer,2,93,2820,0.1180865384615384
AOA,ColonCancer,2,94,2850,0.1180865384615384
AOA,ColonCancer,2,95,2880,0.1180865384615384
AOA,ColonCancer,2,96,2910,0.1180865384615384
AOA,ColonCancer,2,97,2940,0.1180865384615384
AOA,ColonCancer,2,98,2970,0.1180865384615384
AOA,ColonCancer,2,99,3000,0.1180865384615384
AOA,ColonCancer,2,100,3030,0.1180865384615384
AOA,ColonCancer,2,101,3060,0.1180865384615384
AOA,ColonCancer,2,102,3090,0.1180865384615384
AOA,ColonCancer,2,103,3120,0.1180865384615384
AOA,ColonCancer,2,104,3150,0.1180865384615384
AOA,ColonCancer,2,105,3180,0.1180865384615384
AOA,ColonCancer,2,106,3210,0.1180865384615384
AOA,ColonCancer,2,107,3240,0.1180865384615384
AOA,ColonCancer,2,108,3270,0.1180865384615384
AOA,ColonCancer,2,109,3300,0.1180865384615384
AOA,ColonCancer,2,110,3330,0.1180865384615384
AOA,ColonCancer,2,111,3360,0.1180865384615384
AOA,ColonCancer,2,112,3390,0.1180865384615384
AOA,ColonCancer,2,113,3420,0.1180865384615384
AOA,ColonCancer,2,114,3450,0.1180865384615384
AOA,ColonCancer,2,115,3480,0.1180865384615384
AOA,ColonCancer,2,116,3510,0.1180865384615384
AOA,ColonCancer,2,117,3540,0.1180865384615384
AOA,ColonCancer,2,118,3570,0.1180865384615384
AOA,ColonCancer,2,119,3600,0.1180865384615384
AOA,ColonCancer,2,120,3630,0.1180865384615384
AOA,ColonCancer,2,121,3660,0.1180865384615384
AOA,ColonCancer,2,122,3690,0.1180865384615384
AOA,ColonCancer,2,123,3720,0.1180865384615384
AOA,ColonCancer,2,124,3750,0.1180865384615384
AOA,ColonCancer,2,125,3780,0.1180865384615384
AOA,ColonCancer,2,126,3810,0.1180865384615384
AOA,ColonCancer,2,127,3840,0.1180865384615384
AOA,ColonCancer,2,128,3870,0.1180865384615384
AOA,ColonCancer,2,129,3900,0.1180865384615384
AOA,ColonCancer,2,130,3930,0.1180865384615384
AOA,ColonCancer,2,131,3960,0.1180865384615384
AOA,ColonCancer,2,132,3990,0.1180865384615384
AOA,ColonCancer,2,133,4020,0.1180865384615384
AOA,ColonCancer,2,134,4050,0.1180865384615384
AOA,ColonCancer,2,135,4080,0.1180865384615384
AOA,ColonCancer,2,136,4110,0.1180865384615384
AOA,ColonCancer,2,137,4140,0.1180865384615384
AOA,ColonCancer,2,138,4170,0.1180865384615384
AOA,ColonCancer,2,139,4200,0.1180865384615384
AOA,ColonCancer,2,140,4230,0.1180865384615384
AOA,ColonCancer,2,141,4260,0.1180865384615384
AOA,ColonCancer,2,142,4290,0.1180865384615384
AOA,ColonCancer,2,143,4320,0.1180865384615384
AOA,ColonCancer,2,144,4350,0.1180865384615384
AOA,ColonCancer,2,145,4380,0.1180865384615384
AOA,ColonCancer,2,146,4410,0.1180865384615384
AOA,ColonCancer,2,147,4440,0.1180865384615384
AOA,ColonCancer,2,148,4470,0.1180865384615384
AOA,ColonCancer,2,149,4500,0.1180865384615384
AOA,ColonCancer,2,150,4530,0.1180865384615384
AOA,ColonCancer,2,151,4560,0.1180865384615384
AOA,ColonCancer,2,152,4590,0.1180865384615384
AOA,ColonCancer,2,153,4620,0.1180865384615384
AOA,ColonCancer,2,154,4650,0.1180865384615384
AOA,ColonCancer,2,155,4680,0.1180865384615384
AOA,ColonCancer,2,156,4710,0.1180865384615384
AOA,ColonCancer,2,157,4740,0.1180865384615384
AOA,ColonCancer,2,158,4770,0.1180865384615384
AOA,ColonCancer,2,159,4800,0.1180865384615384
AOA,ColonCancer,2,160,4830,0.1180865384615384
AOA,ColonCancer,2,161,4860,0.1180865384615384
AOA,ColonCancer,2,162,4890,0.1180865384615384
AOA,ColonCancer,2,163,4920,0.1180865384615384
AOA,ColonCancer,2,164,4950,0.1180865384615384
AOA,ColonCancer,2,165,4980,0.1180865384615384
AOA,ColonCancer,2,166,5010,0.1180865384615384
AOA,ColonCancer,2,167,5040,0.1180865384615384
AOA,ColonCancer,2,168,5070,0.1180865384615384
AOA,ColonCancer,2,169,5100,0.1180865384615384
AOA,ColonCancer,2,170,5130,0.1180865384615384
AOA,ColonCancer,2,171,5160,0.1180865384615384
AOA,ColonCancer,2,172,5190,0.1180865384615384
AOA,ColonCancer,2,173,5220,0.1180865384615384
AOA,ColonCancer,2,174,5250,0.1180865384615384
AOA,ColonCancer,2,175,5280,0.1180865384615384
AOA,ColonCancer,2,176,5310,0.1180865384615384
AOA,ColonCancer,2,177,5340,0.1180865384615384
AOA,ColonCancer,2,178,5370,0.1180865384615384
AOA,ColonCancer,2,179,5400,0.1180865384615384
AOA,ColonCancer,2,180,5430,0.1180865384615384
AOA,ColonCancer,2,181,5460,0.1180865384615384
AOA,ColonCancer,2,182,5490,0.1180865384615384
AOA,ColonCancer,2,183,5520,0.1180865384615384
AOA,ColonCancer,2,184,5550,0.1180865384615384
AOA,ColonCancer,2,185,5580,0.1180865384615384
AOA,ColonCancer,2,186,5610,0.1180865384615384
AOA,ColonCancer,2,187,5640,0.1180865384615384
AOA,ColonCancer,2,188,5670,0.1180865384615384
AOA,ColonCancer,2,189,5700,0.1180865384615384
AOA,ColonCancer,2,190,5730,0.1180865384615384
AOA,ColonCancer,2,191,5760,0.1180865384615384
AOA,ColonCancer,2,192,5790,0.1180865384615384
AOA,ColonCancer,2,193,5820,0.1180865384615384
AOA,ColonCancer,2,194,5850,0.1180865384615384
AOA,ColonCancer,2,195,5880,0.1180865384615384
AOA,ColonCancer,2,196,5910,0.1180865384615384
AOA,ColonCancer,2,197,5940,0.1180865384615384
AOA,ColonCancer,2,198,5970,0.1180865384615384
AOA,ColonCancer,2,199,6000,0.1180865384615384
AOA,ColonCancer,2,200,6030,0.1180865384615384
AOA,ColonCancer,2,201,6060,0.1180865384615384
AOA,ColonCancer,2,202,6090,0.1180865384615384
AOA,ColonCancer,2,203,6120,0.1180865384615384
AOA,ColonCancer,2,204,6150,0.1180865384615384
AOA,ColonCancer,2,205,6180,0.1180865384615384
AOA,ColonCancer,2,206,6210,0.1180865384615384
AOA,ColonCancer,2,207,6240,0.1180865384615384
AOA,ColonCancer,2,208,6270,0.1180865384615384
AOA,ColonCancer,2,209,6300,0.1180865384615384
AOA,ColonCancer,2,210,6330,0.1180865384615384
AOA,ColonCancer,2,211,6360,0.1180865384615384
AOA,ColonCancer,2,212,6390,0.1180865384615384
AOA,ColonCancer,2,213,6420,0.1180865384615384
AOA,ColonCancer,2,214,6450,0.1180865384615384
AOA,ColonCancer,2,215,6480,0.1180865384615384
AOA,ColonCancer,2,216,6510,0.1180865384615384
AOA,ColonCancer,2,217,6540,0.1180865384615384
AOA,ColonCancer,2,218,6570,0.1180865384615384
AOA,ColonCancer,2,219,6600,0.1180865384615384
AOA,ColonCancer,2,220,6630,0.1180865384615384
AOA,ColonCancer,2,221,6660,0.1180865384615384
AOA,ColonCancer,2,222,6690,0.1180865384615384
AOA,ColonCancer,2,223,6720,0.1180865384615384
AOA,ColonCancer,2,224,6750,0.1180865384615384
AOA,ColonCancer,2,225,6780,0.1180865384615384
AOA,ColonCancer,2,226,6810,0.1180865384615384
AOA,ColonCancer,2,227,6840,0.1180865384615384
AOA,ColonCancer,2,228,6870,0.1180865384615384
AOA,ColonCancer,2,229,6900,0.1180865384615384
AOA,ColonCancer,2,230,6930,0.1180865384615384
AOA,ColonCancer,2,231,6960,0.1180865384615384
AOA,ColonCancer,2,232,6990,0.1180865384615384
AOA,ColonCancer,2,233,7020,0.1180865384615384
AOA,ColonCancer,2,234,7050,0.1180865384615384
AOA,ColonCancer,2,235,7080,0.1180865384615384
AOA,ColonCancer,2,236,7110,0.1180865384615384
AOA,ColonCancer,2,237,7140,0.1180865384615384
AOA,ColonCancer,2,238,7170,0.1180865384615384
AOA,ColonCancer,2,239,7200,0.1180865384615384
AOA,ColonCancer,2,240,7230,0.1180865384615384
AOA,ColonCancer,2,241,7260,0.1180865384615384
AOA,ColonCancer,2,242,7290,0.1180865384615384
AOA,ColonCancer,2,243,7320,0.1180865384615384
AOA,ColonCancer,2,244,7350,0.1180865384615384
AOA,ColonCancer,2,245,7380,0.1180865384615384
AOA,ColonCancer,2,246,7410,0.1180865384615384
AOA,ColonCancer,2,247,7440,0.1180865384615384
AOA,ColonCancer,2,248,7470,0.1180865384615384
AOA,ColonCancer,2,249,7500,0.1180865384615384
AOA,ColonCancer,2,250,7530,0.1180865384615384
AOA,ColonCancer,2,251,7560,0.1180865384615384
AOA,ColonCancer,2,252,7590,0.1180865384615384
AOA,ColonCancer,2,253,7620,0.1180865384615384
AOA,ColonCancer,2,254,7650,0.1180865384615384
AOA,ColonCancer,2,255,7680,0.1180865384615384
AOA,ColonCancer,2,256,7710,0.1180865384615384
AOA,ColonCancer,2,257,7740,0.1180865384615384
AOA,ColonCancer,2,258,7770,0.1180865384615384
AOA,ColonCancer,2,259,7800,0.1180865384615384
AOA,ColonCancer,2,260,7830,0.1180865384615384
AOA,ColonCancer,2,261,7860,0.1180865384615384
AOA,ColonCancer,2,262,7890,0.1180865384615384
AOA,ColonCancer,2,263,7920,0.1180865384615384
AOA,ColonCancer,2,264,7950,0.1180865384615384
AOA,ColonCancer,2,265,7980,0.1180865384615384
AOA,ColonCancer,2,266,8010,0.1180865384615384
AOA,ColonCancer,2,267,8040,0.1180865384615384
AOA,ColonCancer,2,268,8070,0.1180865384615384
AOA,ColonCancer,2,269,8100,0.1180865384615384
AOA,ColonCancer,2,270,8130,0.1180865384615384
AOA,ColonCancer,2,271,8160,0.1180865384615384
AOA,ColonCancer,2,272,8190,0.1180865384615384
AOA,ColonCancer,2,273,8220,0.1180865384615384
AOA,ColonCancer,2,274,8250,0.1180865384615384
AOA,ColonCancer,2,275,8280,0.1180865384615384
AOA,ColonCancer,2,276,8310,0.1180865384615384
AOA,ColonCancer,2,277,8340,0.1180865384615384
AOA,ColonCancer,2,278,8370,0.1180865384615384
AOA,ColonCancer,2,279,8400,0.1180865384615384
AOA,ColonCancer,2,280,8430,0.1180865384615384
AOA,ColonCancer,2,281,8460,0.1180865384615384
AOA,ColonCancer,2,282,8490,0.1180865384615384
AOA,ColonCancer,2,283,8520,0.1180865384615384
AOA,ColonCancer,2,284,8550,0.1180865384615384
AOA,ColonCancer,2,285,8580,0.1180865384615384
AOA,ColonCancer,2,286,8610,0.1180865384615384
AOA,ColonCancer,2,287,8640,0.1180865384615384
AOA,ColonCancer,2,288,8670,0.1180865384615384
AOA,ColonCancer,2,289,8700,0.1180865384615384
AOA,ColonCancer,2,290,8730,0.1180865384615384
AOA,ColonCancer,2,291,8760,0.1180865384615384
AOA,ColonCancer,2,292,8790,0.1180865384615384
AOA,ColonCancer,2,293,8820,0.1180865384615384
AOA,ColonCancer,2,294,8850,0.1180865384615384
AOA,ColonCancer,2,295,8880,0.1180865384615384
AOA,ColonCancer,2,296,8910,0.1180865384615384
AOA,ColonCancer,2,297,8940,0.1180865384615384
AOA,ColonCancer,2,298,8970,0.1180865384615384
AOA,ColonCancer,2,299,9000,0.1180865384615384
AOA,ColonCancer,2,300,9030,0.1180865384615384
AOA,ColonCancer,2,301,9060,0.1180865384615384
AOA,ColonCancer,2,302,9090,0.1180865384615384
AOA,ColonCancer,2,303,9120,0.1180865384615384
AOA,ColonCancer,2,304,9150,0.1180865384615384
AOA,ColonCancer,2,305,9180,0.1180865384615384
AOA,ColonCancer,2,306,9210,0.1180865384615384
AOA,ColonCancer,2,307,9240,0.1180865384615384
AOA,ColonCancer,2,308,9270,0.1180865384615384
AOA,ColonCancer,2,309,9300,0.1180865384615384
AOA,ColonCancer,2,310,9330,0.1180865384615384
AOA,ColonCancer,2,311,9360,0.1180865384615384
AOA,ColonCancer,2,312,9390,0.1180865384615384
AOA,ColonCancer,2,313,9420,0.1180865384615384
AOA,ColonCancer,2,314,9450,0.1180865384615384
AOA,ColonCancer,2,315,9480,0.1180865384615384
AOA,ColonCancer,2,316,9510,0.1180865384615384
AOA,ColonCancer,2,317,9540,0.1180865384615384
AOA,ColonCancer,2,318,9570,0.1180865384615384
AOA,ColonCancer,2,319,9600,0.1180865384615384
AOA,ColonCancer,2,320,9630,0.1180865384615384
AOA,ColonCancer,2,321,9660,0.1180865384615384
AOA,ColonCancer,2,322,9690,0.1180865384615384
AOA,ColonCancer,2,323,9720,0.1180865384615384
AOA,ColonCancer,2,324,9750,0.1180865384615384
AOA,ColonCancer,2,325,9780,0.1180865384615384
AOA,ColonCancer,2,326,9810,0.1180865384615384
AOA,ColonCancer,2,327,9840,0.1180865384615384
AOA,ColonCancer,2,328,9870,0.1180865384615384
AOA,ColonCancer,2,329,9900,0.1180865384615384
AOA,ColonCancer,2,330,9930,0.1180865384615384
AOA,ColonCancer,2,331,9960,0.1180865384615384
AOA,ColonCancer,2,332,9990,0.1180865384615384
AOA,ColonCancer,2,333,10020,0.1180865384615384
AOA,ColonCancer,2,334,10050,0.1180865384615384
AOA,ColonCancer,2,335,10080,0.1180865384615384
AOA,ColonCancer,2,336,10110,0.1180865384615384
AOA,ColonCancer,2,337,10140,0.1180865384615384
AOA,ColonCancer,2,338,10170,0.1180865384615384
AOA,ColonCancer,2,339,10200,0.1180865384615384
AOA,ColonCancer,2,340,10230,0.1180865384615384
AOA,ColonCancer,2,341,10260,0.1180865384615384
AOA,ColonCancer,2,342,10290,0.1180865384615384
AOA,ColonCancer,2,343,10320,0.1180865384615384
AOA,ColonCancer,2,344,10350,0.1180865384615384
AOA,ColonCancer,2,345,10380,0.1180865384615384
AOA,ColonCancer,2,346,10410,0.1180865384615384
AOA,ColonCancer,2,347,10440,0.1180865384615384
AOA,ColonCancer,2,348,10470,0.1180865384615384
AOA,ColonCancer,2,349,10500,0.1180865384615384
AOA,ColonCancer,2,350,10530,0.1180865384615384
AOA,ColonCancer,2,351,10560,0.1180865384615384
AOA,ColonCancer,2,352,10590,0.1180865384615384
AOA,ColonCancer,2,353,10620,0.1180865384615384
AOA,ColonCancer,2,354,10650,0.1180865384615384
AOA,ColonCancer,2,355,10680,0.1180865384615384
AOA,ColonCancer,2,356,10710,0.1180865384615384
AOA,ColonCancer,2,357,10740,0.1180865384615384
AOA,ColonCancer,2,358,10770,0.1180865384615384
AOA,ColonCancer,2,359,10800,0.1180865384615384
AOA,ColonCancer,2,360,10830,0.1180865384615384
AOA,ColonCancer,2,361,10860,0.1180865384615384
AOA,ColonCancer,2,362,10890,0.1180865384615384
AOA,ColonCancer,2,363,10920,0.1180865384615384
AOA,ColonCancer,2,364,10950,0.1180865384615384
AOA,ColonCancer,2,365,10980,0.1180865384615384
AOA,ColonCancer,2,366,11010,0.1180865384615384
AOA,ColonCancer,2,367,11040,0.1180865384615384
AOA,ColonCancer,2,368,11070,0.1180865384615384
AOA,ColonCancer,2,369,11100,0.1180865384615384
AOA,ColonCancer,2,370,11130,0.1180865384615384
AOA,ColonCancer,2,371,11160,0.1180865384615384
AOA,ColonCancer,2,372,11190,0.1180865384615384
AOA,ColonCancer,2,373,11220,0.1180865384615384
AOA,ColonCancer,2,374,11250,0.1180865384615384
AOA,ColonCancer,2,375,11280,0.1180865384615384
AOA,ColonCancer,2,376,11310,0.1180865384615384
AOA,ColonCancer,2,377,11340,0.1180865384615384
AOA,ColonCancer,2,378,11370,0.1180865384615384
AOA,ColonCancer,2,379,11400,0.1180865384615384
AOA,ColonCancer,2,380,11430,0.1180865384615384
AOA,ColonCancer,2,381,11460,0.1180865384615384
AOA,ColonCancer,2,382,11490,0.1180865384615384
AOA,ColonCancer,2,383,11520,0.1180865384615384
AOA,ColonCancer,2,384,11550,0.1180865384615384
AOA,ColonCancer,2,385,11580,0.1180865384615384
AOA,ColonCancer,2,386,11610,0.1180865384615384
AOA,ColonCancer,2,387,11640,0.1180865384615384
AOA,ColonCancer,2,388,11670,0.1180865384615384
AOA,ColonCancer,2,389,11700,0.1180865384615384
AOA,ColonCancer,2,390,11730,0.1180865384615384
AOA,ColonCancer,2,391,11760,0.1180865384615384
AOA,ColonCancer,2,392,11790,0.1180865384615384
AOA,ColonCancer,2,393,11820,0.1180865384615384
AOA,ColonCancer,2,394,11850,0.1180865384615384
AOA,ColonCancer,2,395,11880,0.1180865384615384
AOA,ColonCancer,2,396,11910,0.1180865384615384
AOA,ColonCancer,2,397,11940,0.1180865384615384
AOA,ColonCancer,2,398,11970,0.1180865384615384
AOA,ColonCancer,2,399,12000,0.1180865384615384
AOA,ColonCancer,2,400,12030,0.1180865384615384
AOA,ColonCancer,2,401,12060,0.1180865384615384
AOA,ColonCancer,2,402,12090,0.1180865384615384
AOA,ColonCancer,2,403,12120,0.1180865384615384
AOA,ColonCancer,2,404,12150,0.1180865384615384
AOA,ColonCancer,2,405,12180,0.1180865384615384
AOA,ColonCancer,2,406,12210,0.1180865384615384
AOA,ColonCancer,2,407,12240,0.1180865384615384
AOA,ColonCancer,2,408,12270,0.1180865384615384
AOA,ColonCancer,2,409,12300,0.1180865384615384
AOA,ColonCancer,2,410,12330,0.1180865384615384
AOA,ColonCancer,2,411,12360,0.1180865384615384
AOA,ColonCancer,2,412,12390,0.1180865384615384
AOA,ColonCancer,2,413,12420,0.1180865384615384
AOA,ColonCancer,2,414,12450,0.1180865384615384
AOA,ColonCancer,2,415,12480,0.1180865384615384
AOA,ColonCancer,2,416,12510,0.1180865384615384
AOA,ColonCancer,2,417,12540,0.1180865384615384
AOA,ColonCancer,2,418,12570,0.1180865384615384
AOA,ColonCancer,2,419,12600,0.1180865384615384
AOA,ColonCancer,2,420,12630,0.1180865384615384
AOA,ColonCancer,2,421,12660,0.1180865384615384
AOA,ColonCancer,2,422,12690,0.1180865384615384
AOA,ColonCancer,2,423,12720,0.1180865384615384
AOA,ColonCancer,2,424,12750,0.1180865384615384
AOA,ColonCancer,2,425,12780,0.1180865384615384
AOA,ColonCancer,2,426,12810,0.1180865384615384
AOA,ColonCancer,2,427,12840,0.1180865384615384
AOA,ColonCancer,2,428,12870,0.1180865384615384
AOA,ColonCancer,2,429,12900,0.1180865384615384
AOA,ColonCancer,2,430,12930,0.1180865384615384
AOA,ColonCancer,2,431,12960,0.1180865384615384
AOA,ColonCancer,2,432,12990,0.1180865384615384
AOA,ColonCancer,2,433,13020,0.1180865384615384
AOA,ColonCancer,2,434,13050,0.1180865384615384
AOA,ColonCancer,2,435,13080,0.1180865384615384
AOA,ColonCancer,2,436,13110,0.1180865384615384
AOA,ColonCancer,2,437,13140,0.1180865384615384
AOA,ColonCancer,2,438,13170,0.1180865384615384
AOA,ColonCancer,2,439,13200,0.1180865384615384
AOA,ColonCancer,2,440,13230,0.1180865384615384
AOA,ColonCancer,2,441,13260,0.1180865384615384
AOA,ColonCancer,2,442,13290,0.1180865384615384
AOA,ColonCancer,2,443,13320,0.1180865384615384
AOA,ColonCancer,2,444,13350,0.1180865384615384
AOA,ColonCancer,2,445,13380,0.1180865384615384
AOA,ColonCancer,2,446,13410,0.1180865384615384
AOA,ColonCancer,2,447,13440,0.1180865384615384
AOA,ColonCancer,2,448,13470,0.1180865384615384
AOA,ColonCancer,2,449,13500,0.1180865384615384
AOA,ColonCancer,2,450,13530,0.1180865384615384
AOA,ColonCancer,2,451,13560,0.1180865384615384
AOA,ColonCancer,2,452,13590,0.1180865384615384
AOA,ColonCancer,2,453,13620,0.1180865384615384
AOA,ColonCancer,2,454,13650,0.1180865384615384
AOA,ColonCancer,2,455,13680,0.1180865384615384
AOA,ColonCancer,2,456,13710,0.1180865384615384
AOA,ColonCancer,2,457,13740,0.1180865384615384
AOA,ColonCancer,2,458,13770,0.1180865384615384
AOA,ColonCancer,2,459,13800,0.1180865384615384
AOA,ColonCancer,2,460,13830,0.1180865384615384
AOA,ColonCancer,2,461,13860,0.1180865384615384
AOA,ColonCancer,2,462,13890,0.1180865384615384
AOA,ColonCancer,2,463,13920,0.1180865384615384
AOA,ColonCancer,2,464,13950,0.1180865384615384
AOA,ColonCancer,2,465,13980,0.1180865384615384
AOA,ColonCancer,2,466,14010,0.1180865384615384
AOA,ColonCancer,2,467,14040,0.1180865384615384
AOA,ColonCancer,2,468,14070,0.1180865384615384
AOA,ColonCancer,2,469,14100,0.1180865384615384
AOA,ColonCancer,2,470,14130,0.1180865384615384
AOA,ColonCancer,2,471,14160,0.1180865384615384
AOA,ColonCancer,2,472,14190,0.1180865384615384
AOA,ColonCancer,2,473,14220,0.1180865384615384
AOA,ColonCancer,2,474,14250,0.1180865384615384
AOA,ColonCancer,2,475,14280,0.1180865384615384
AOA,ColonCancer,2,476,14310,0.1180865384615384
AOA,ColonCancer,2,477,14340,0.1180865384615384
AOA,ColonCancer,2,478,14370,0.1180865384615384
AOA,ColonCancer,2,479,14400,0.1180865384615384
AOA,ColonCancer,2,480,14430,0.1180865384615384
AOA,ColonCancer,2,481,14460,0.1180865384615384
AOA,ColonCancer,2,482,14490,0.1180865384615384
AOA,ColonCancer,2,483,14520,0.1180865384615384
AOA,ColonCancer,2,484,14550,0.1180865384615384
AOA,ColonCancer,2,485,14580,0.1180865384615384
AOA,ColonCancer,2,486,14610,0.1180865384615384
AOA,ColonCancer,2,487,14640,0.1180865384615384
AOA,ColonCancer,2,488,14670,0.1180865384615384
AOA,ColonCancer,2,489,14700,0.1180865384615384
AOA,ColonCancer,2,490,14730,0.1180865384615384
AOA,ColonCancer,2,491,14760,0.1180865384615384
AOA,ColonCancer,2,492,14790,0.1180865384615384
AOA,ColonCancer,2,493,14820,0.1180865384615384
AOA,ColonCancer,2,494,14850,0.1180865384615384
AOA,ColonCancer,2,495,14880,0.1180865384615384
AOA,ColonCancer,2,496,14910,0.1180865384615384
AOA,ColonCancer,2,497,14940,0.1180865384615384
AOA,ColonCancer,2,498,14970,0.1180865384615384
AOA,ColonCancer,2,499,15000,0.1180865384615384
AOA,WDBC,4,0,30,0.03315354758577871
AOA,WDBC,4,1,60,0.03315354758577871
AOA,WDBC,4,2,90,0.03315354758577871
AOA,WDBC,4,3,120,0.03315354758577871
AOA,WDBC,4,4,150,0.03315354758577871
AOA,WDBC,4,5,180,0.03315354758577871
AOA,WDBC,4,6,210,0.03315354758577871
AOA,WDBC,4,7,240,0.03285095482068014
AOA,WDBC,4,8,270,0.03285095482068014
AOA,WDBC,4,9,300,0.03285095482068014
AOA,WDBC,4,10,330,0.03285095482068014
AOA,WDBC,4,11,360,0.03285095482068014
AOA,WDBC,4,12,390,0.03213817730166127
AOA,WDBC,4,13,420,0.03213817730166127
AOA,WDBC,4,14,450,0.03213817730166127
AOA,WDBC,4,15,480,0.03213817730166127
AOA,WDBC,4,16,510,0.03213817730166127
AOA,WDBC,4,17,540,0.03213817730166127
AOA,WDBC,4,18,570,0.03213817730166127
AOA,WDBC,4,19,600,0.03213817730166127
AOA,WDBC,4,20,630,0.03213817730166127
AOA,WDBC,4,21,660,0.03213817730166127
AOA,WDBC,4,22,690,0.03213817730166127
AOA,WDBC,4,23,720,0.03213817730166127
AOA,WDBC,4,24,750,0.03213817730166127
AOA,WDBC,4,25,780,0.03213817730166127
AOA,WDBC,4,26,810,0.03213817730166127
AOA,WDBC,4,27,840,0.03213817730166127
AOA,WDBC,4,28,870,0.03213817730166127
AOA,WDBC,4,29,900,0.03213817730166127
AOA,WDBC,4,30,930,0.031168917869896035
AOA,WDBC,4,31,960,0.031168917869896035
AOA,WDBC,4,32,990,0.031168917869896035
AOA,WDBC,4,33,1020,0.031168917869896035
AOA,WDBC,4,34,1050,0.031168917869896035
AOA,WDBC,4,35,1080,0.031168917869896035
AOA,WDBC,4,36,1110,0.031168917869896035
AOA,WDBC,4,37,1140,0.031168917869896035
AOA,WDBC,4,38,1170,0.031168917869896035
AOA,WDBC,4,39,1200,0.031168917869896035
AOA,WDBC,4,40,1230,0.031168917869896035
AOA,WDBC,4,41,1260,0.031168917869896035
AOA,WDBC,4,42,1290,0.031168917869896035
AOA,WDBC,4,43,1320,0.031168917869896035
AOA,WDBC,4,44,1350,0.031168917869896035
AOA,WDBC,4,45,1380,0.031168917869896035
AOA,WDBC,4,46,1410,0.031168917869896035
AOA,WDBC,4,47,1440,0.031168917869896035
AOA,WDBC,4,48,1470,0.031168917869896035
AOA,WDBC,4,49,1500,0.031168917869896035
AOA,WDBC,4,50,1530,0.031168917869896035
AOA,WDBC,4,51,1560,0.031168917869896035
AOA,WDBC,4,52,1590,0.031168917869896035
AOA,WDBC,4,53,1620,0.031168917869896035
AOA,WDBC,4,54,1650,0.031168917869896035
AOA,WDBC,4,55,1680,0.031168917869896035
AOA,WDBC,4,56,1710,0.031168917869896035
AOA,WDBC,4,57,1740,0.031168917869896035
AOA,WDBC,4,58,1770,0.031168917869896035
AOA,WDBC,4,59,1800,0.031168917869896035
AOA,WDBC,4,60,1830,0.031168917869896035
AOA,WDBC,4,61,1860,0.031168917869896035
AOA,WDBC,4,62,1890,0.031168917869896035
AOA,WDBC,4,63,1920,0.031168917869896035
AOA,WDBC,4,64,1950,0.031168917869896035
AOA,WDBC,4,65,1980,0.031168917869896035
AOA,WDBC,4,66,2010,0.031168917869896035
AOA,WDBC,4,67,2040,0.031168917869896035
AOA,WDBC,4,68,2070,0.031168917869896035
AOA,WDBC,4,69,2100,0.031168917869896035
AOA,WDBC,4,70,2130,0.031168917869896035
AOA,WDBC,4,71,2160,0.031168917869896035
AOA,WDBC,4,72,2190,0.031168917869896035
AOA,WDBC,4,73,2220,0.031168917869896035
AOA,WDBC,4,74,2250,0.031168917869896035
AOA,WDBC,4,75,2280,0.031168917869896035
AOA,WDBC,4,76,2310,0.029098742431299538
AOA,WDBC,4,77,2340,0.029098742431299538
AOA,WDBC,4,78,2370,0.029098742431299538
AOA,WDBC,4,79,2400,0.029098742431299538
AOA,WDBC,4,80,2430,0.029098742431299538
AOA,WDBC,4,81,2460,0.029098742431299538
AOA,WDBC,4,82,2490,0.029098742431299538
AOA,WDBC,4,83,2520,0.029098742431299538
AOA,WDBC,4,84,2550,0.029098742431299538
AOA,WDBC,4,85,2580,0.029098742431299538
AOA,WDBC,4,86,2610,0.029098742431299538
AOA,WDBC,4,87,2640,0.029098742431299538
AOA,WDBC,4,88,2670,0.029098742431299538
AOA,WDBC,4,89,2700,0.029098742431299538
AOA,WDBC,4,90,2730,0.029098742431299538
AOA,WDBC,4,91,2760,0.029098742431299538
AOA,WDBC,4,92,2790,0.029098742431299538
AOA,WDBC,4,93,2820,0.029098742431299538
AOA,WDBC,4,94,2850,0.029098742431299538
AOA,WDBC,4,95,2880,0.029098742431299538
AOA,WDBC,4,96,2910,0.029098742431299538
AOA,WDBC,4,97,2940,0.029098742431299538
AOA,WDBC,4,98,2970,0.029098742431299538
AOA,WDBC,4,99,3000,0.029098742431299538
AOA,WDBC,4,100,3030,0.029098742431299538
AOA,WDBC,4,101,3060,0.029098742431299538
AOA,WDBC,4,102,3090,0.029098742431299538
AOA,WDBC,4,103,3120,0.029098742431299538
AOA,WDBC,4,104,3150,0.029098742431299538
AOA,WDBC,4,105,3180,0.029098742431299538
AOA,WDBC,4,106,3210,0.029098742431299538
AOA,WDBC,4,107,3240,0.029098742431299538
AOA,WDBC,4,108,3270,0.029098742431299538
AOA,WDBC,4,109,3300,0.029098742431299538
AOA,WDBC,4,110,3330,0.029098742431299538
AOA,WDBC,4,111,3360,0.029098742431299538
AOA,WDBC,4,112,3390,0.029098742431299538
AOA,WDBC,4,113,3420,0.029098742431299538
AOA,WDBC,4,114,3450,0.029098742431299538
AOA,WDBC,4,115,3480,0.029098742431299538
AOA,WDBC,4,116,3510,0.029098742431299538
AOA,WDBC,4,117,3540,0.029098742431299538
AOA,WDBC,4,118,3570,0.029098742431299538
AOA,WDBC,4,119,3600,0.029098742431299538
AOA,WDBC,4,120,3630,0.029098742431299538
AOA,WDBC,4,121,3660,0.029098742431299538
AOA,WDBC,4,122,3690,0.029098742431299538
AOA,WDBC,4,123,3720,0.029098742431299538
AOA,WDBC,4,124,3750,0.029098742431299538
AOA,WDBC,4,125,3780,0.029098742431299538
AOA,WDBC,4,126,3810,0.029098742431299538
AOA,WDBC,4,127,3840,0.029098742431299538
AOA,WDBC,4,128,3870,0.029098742431299538
AOA,WDBC,4,129,3900,0.029098742431299538
AOA,WDBC,4,130,3930,0.029098742431299538
AOA,WDBC,4,131,3960,0.029098742431299538
AOA,WDBC,4,132,3990,0.029098742431299538
AOA,WDBC,4,133,4020,0.029098742431299538
AOA,WDBC,4,134,4050,0.029098742431299538
AOA,WDBC,4,135,4080,0.029098742431299538
AOA,WDBC,4,136,4110,0.029098742431299538
AOA,WDBC,4,137,4140,0.029098742431299538
AOA,WDBC,4,138,4170,0.029098742431299538
AOA,WDBC,4,139,4200,0.029098742431299538
AOA,WDBC,4,140,4230,0.029098742431299538
AOA,WDBC,4,141,4260,0.029098742431299538
AOA,WDBC,4,142,4290,0.029098742431299538
AOA,WDBC,4,143,4320,0.029098742431299538
AOA,WDBC,4,144,4350,0.029098742431299538
AOA,WDBC,4,145,4380,0.029098742431299538
AOA,WDBC,4,146,4410,0.029098742431299538
AOA,WDBC,4,147,4440,0.029098742431299538
AOA,WDBC,4,148,4470,0.029098742431299538
AOA,WDBC,4,149,4500,0.029098742431299538
AOA,WDBC,4,150,4530,0.029098742431299538
AOA,WDBC,4,151,4560,0.029098742431299538
AOA,WDBC,4,152,4590,0.029098742431299538
AOA,WDBC,4,153,4620,0.029098742431299538
AOA,WDBC,4,154,4650,0.029098742431299538
AOA,WDBC,4,155,4680,0.029098742431299538
AOA,WDBC,4,156,4710,0.029098742431299538
AOA,WDBC,4,157,4740,0.029098742431299538
AOA,WDBC,4,158,4770,0.029098742431299538
AOA,WDBC,4,159,4800,0.029098742431299538
AOA,WDBC,4,160,4830,0.029098742431299538
AOA,WDBC,4,161,4860,0.029098742431299538
AOA,WDBC,4,162,4890,0.029098742431299538
AOA,WDBC,4,163,4920,0.029098742431299538
AOA,WDBC,4,164,4950,0.029098742431299538
AOA,WDBC,4,165,4980,0.029098742431299538
AOA,WDBC,4,166,5010,0.029098742431299538
AOA,WDBC,4,167,5040,0.029098742431299538
AOA,WDBC,4,168,5070,0.029098742431299538
AOA,WDBC,4,169,5100,0.029098742431299538
AOA,WDBC,4,170,5130,0.029098742431299538
AOA,WDBC,4,171,5160,0.029098742431299538
AOA,WDBC,4,172,5190,0.029098742431299538
AOA,WDBC,4,173,5220,0.029098742431299538
AOA,WDBC,4,174,5250,0.029098742431299538
AOA,WDBC,4,175,5280,0.029098742431299538
AOA,WDBC,4,176,5310,0.029098742431299538
AOA,WDBC,4,177,5340,0.029098742431299538
AOA,WDBC,4,178,5370,0.029098742431299538
AOA,WDBC,4,179,5400,0.029098742431299538
AOA,WDBC,4,180,5430,0.029098742431299538
AOA,WDBC,4,181,5460,0.029098742431299538
AOA,WDBC,4,182,5490,0.029098742431299538
AOA,WDBC,4,183,5520,0.029098742431299538
AOA,WDBC,4,184,5550,0.02834653004191894
AOA,WDBC,4,185,5580,0.02834653004191894
AOA,WDBC,4,186,5610,0.02834653004191894
AOA,WDBC,4,187,5640,0.02834653004191894
AOA,WDBC,4,188,5670,0.02834653004191894
AOA,WDBC,4,189,5700,0.02834653004191894
AOA,WDBC,4,190,5730,0.02834653004191894
AOA,WDBC,4,191,5760,0.02834653004191894
AOA,WDBC,4,192,5790,0.02834653004191894
AOA,WDBC,4,193,5820,0.02834653004191894
AOA,WDBC,4,194,5850,0.02834653004191894
AOA,WDBC,4,195,5880,0.02834653004191894
AOA,WDBC,4,196,5910,0.02834653004191894
AOA,WDBC,4,197,5940,0.02834653004191894
AOA,WDBC,4,198,5970,0.02834653004191894
AOA,WDBC,4,199,6000,0.02834653004191894
AOA,WDBC,4,200,6030,0.02834653004191894
AOA,WDBC,4,201,6060,0.02834653004191894
AOA,WDBC,4,202,6090,0.02834653004191894
AOA,WDBC,4,203,6120,0.02834653004191894
AOA,WDBC,4,204,6150,0.02834653004191894
AOA,WDBC,4,205,6180,0.02834653004191894
AOA,WDBC,4,206,6210,0.02834653004191894
AOA,WDBC,4,207,6240,0.02834653004191894
AOA,WDBC,4,208,6270,0.02834653004191894
AOA,WDBC,4,209,6300,0.02834653004191894
AOA,WDBC,4,210,6330,0.02834653004191894
AOA,WDBC,4,211,6360,0.02834653004191894
AOA,WDBC,4,212,6390,0.02834653004191894
AOA,WDBC,4,213,6420,0.02834653004191894
AOA,WDBC,4,214,6450,0.02834653004191894
AOA,WDBC,4,215,6480,0.02834653004191894
AOA,WDBC,4,216,6510,0.02834653004191894
AOA,WDBC,4,217,6540,0.02834653004191894
AOA,WDBC,4,218,6570,0.02834653004191894
AOA,WDBC,4,219,6600,0.02834653004191894
AOA,WDBC,4,220,6630,0.02834653004191894
AOA,WDBC,4,221,6660,0.02834653004191894
AOA,WDBC,4,222,6690,0.02834653004191894
AOA,WDBC,4,223,6720,0.02834653004191894
AOA,WDBC,4,224,6750,0.02834653004191894
AOA,WDBC,4,225,6780,0.02834653004191894
AOA,WDBC,4,226,6810,0.02834653004191894
AOA,WDBC,4,227,6840,0.02834653004191894
AOA,WDBC,4,228,6870,0.02834653004191894
AOA,WDBC,4,229,6900,0.02834653004191894
AOA,WDBC,4,230,6930,0.02834653004191894
AOA,WDBC,4,231,6960,0.02834653004191894
AOA,WDBC,4,232,6990,0.02834653004191894
AOA,WDBC,4,233,7020,0.02834653004191894
AOA,WDBC,4,234,7050,0.02834653004191894
AOA,WDBC,4,235,7080,0.02834653004191894
AOA,WDBC,4,236,7110,0.02834653004191894
AOA,WDBC,4,237,7140,0.02834653004191894
AOA,WDBC,4,238,7170,0.02834653004191894
AOA,WDBC,4,239,7200,0.02834653004191894
AOA,WDBC,4,240,7230,0.02834653004191894
AOA,WDBC,4,241,7260,0.02834653004191894
AOA,WDBC,4,242,7290,0.02834653004191894
AOA,WDBC,4,243,7320,0.02834653004191894
AOA,WDBC,4,244,7350,0.02834653004191894
AOA,WDBC,4,245,7380,0.02834653004191894
AOA,WDBC,4,246,7410,0.02834653004191894
AOA,WDBC,4,247,7440,0.02834653004191894
AOA,WDBC,4,248,7470,0.02834653004191894
AOA,WDBC,4,249,7500,0.02834653004191894
AOA,WDBC,4,250,7530,0.02834653004191894
AOA,WDBC,4,251,7560,0.02834653004191894
AOA,WDBC,4,252,7590,0.02834653004191894
AOA,WDBC,4,253,7620,0.02834653004191894
AOA,WDBC,4,254,7650,0.02834653004191894
AOA,WDBC,4,255,7680,0.02834653004191894
AOA,WDBC,4,256,7710,0.02834653004191894
AOA,WDBC,4,257,7740,0.02834653004191894
AOA,WDBC,4,258,7770,0.02834653004191894
AOA,WDBC,4,259,7800,0.02834653004191894
AOA,WDBC,4,260,7830,0.02834653004191894
AOA,WDBC,4,261,7860,0.02834653004191894
AOA,WDBC,4,262,7890,0.02834653004191894
AOA,WDBC,4,263,7920,0.02834653004191894
AOA,WDBC,4,264,7950,0.02834653004191894
AOA,WDBC,4,265,7980,0.02834653004191894
AOA,WDBC,4,266,8010,0.02834653004191894
AOA,WDBC,4,267,8040,0.02834653004191894
AOA,WDBC,4,268,8070,0.02834653004191894
AOA,WDBC,4,269,8100,0.02834653004191894
AOA,WDBC,4,270,8130,0.02834653004191894
AOA,WDBC,4,271,8160,0.02834653004191894
AOA,WDBC,4,272,8190,0.02834653004191894
AOA,WDBC,4,273,8220,0.02834653004191894
AOA,WDBC,4,274,8250,0.02834653004191894
AOA,WDBC,4,275,8280,0.02834653004191894
AOA,WDBC,4,276,8310,0.02834653004191894
AOA,WDBC,4,277,8340,0.02834653004191894
AOA,WDBC,4,278,8370,0.02834653004191894
AOA,WDBC,4,279,8400,0.02834653004191894
AOA,WDBC,4,280,8430,0.02834653004191894
AOA,WDBC,4,281,8460,0.02834653004191894
AOA,WDBC,4,282,8490,0.02834653004191894
AOA,WDBC,4,283,8520,0.02834653004191894
AOA,WDBC,4,284,8550,0.02834653004191894
AOA,WDBC,4,285,8580,0.02834653004191894
AOA,WDBC,4,286,8610,0.02834653004191894
AOA,WDBC,4,287,8640,0.02834653004191894
AOA,WDBC,4,288,8670,0.02834653004191894
AOA,WDBC,4,289,8700,0.02834653004191894
AOA,WDBC,4,290,8730,0.02834653004191894
AOA,WDBC,4,291,8760,0.02834653004191894
AOA,WDBC,4,292,8790,0.02834653004191894
AOA,WDBC,4,293,8820,0.02834653004191894
AOA,WDBC,4,294,8850,0.02834653004191894
AOA,WDBC,4,295,8880,0.02834653004191894
AOA,WDBC,4,296,8910,0.02834653004191894
AOA,WDBC,4,297,8940,0.02834653004191894
AOA,WDBC,4,298,8970,0.02834653004191894
AOA,WDBC,4,299,9000,0.02834653004191894
AOA,WDBC,4,300,9030,0.02834653004191894
AOA,WDBC,4,301,9060,0.02834653004191894
AOA,WDBC,4,302,9090,0.02834653004191894
AOA,WDBC,4,303,9120,0.02834653004191894
AOA,WDBC,4,304,9150,0.02834653004191894
AOA,WDBC,4,305,9180,0.02834653004191894
AOA,WDBC,4,306,9210,0.02834653004191894
AOA,WDBC,4,307,9240,0.02834653004191894
AOA,WDBC,4,308,9270,0.02834653004191894
AOA,WDBC,4,309,9300,0.02834653004191894
AOA,WDBC,4,310,9330,0.02834653004191894
AOA,WDBC,4,311,9360,0.02834653004191894
AOA,WDBC,4,312,9390,0.02834653004191894
AOA,WDBC,4,313,9420,0.02834653004191894
AOA,WDBC,4,314,9450,0.02834653004191894
AOA,WDBC,4,315,9480,0.02834653004191894
AOA,WDBC,4,316,9510,0.02834653004191894
AOA,WDBC,4,317,9540,0.02834653004191894
AOA,WDBC,4,318,9570,0.02834653004191894
AOA,WDBC,4,319,9600,0.02834653004191894
AOA,WDBC,4,320,9630,0.02834653004191894
AOA,WDBC,4,321,9660,0.02834653004191894
AOA,WDBC,4,322,9690,0.02834653004191894
AOA,WDBC,4,323,9720,0.02834653004191894
AOA,WDBC,4,324,9750,0.02834653004191894
AOA,WDBC,4,325,9780,0.02834653004191894
AOA,WDBC,4,326,9810,0.02834653004191894
AOA,WDBC,4,327,9840,0.02834653004191894
AOA,WDBC,4,328,9870,0.02834653004191894
AOA,WDBC,4,329,9900,0.02834653004191894
AOA,WDBC,4,330,9930,0.02834653004191894
AOA,WDBC,4,331,9960,0.02834653004191894
AOA,WDBC,4,332,9990,0.02834653004191894
AOA,WDBC,4,333,10020,0.02834653004191894
AOA,WDBC,4,334,10050,0.02834653004191894
AOA,WDBC,4,335,10080,0.02834653004191894
AOA,WDBC,4,336,10110,0.02834653004191894
AOA,WDBC,4,337,10140,0.02834653004191894
AOA,WDBC,4,338,10170,0.02834653004191894
AOA,WDBC,4,339,10200,0.02834653004191894
AOA,WDBC,4,340,10230,0.02834653004191894
AOA,WDBC,4,341,10260,0.02834653004191894
AOA,WDBC,4,342,10290,0.02834653004191894
AOA,WDBC,4,343,10320,0.02834653004191894
AOA,WDBC,4,344,10350,0.02834653004191894
AOA,WDBC,4,345,10380,0.02834653004191894
AOA,WDBC,4,346,10410,0.02834653004191894
AOA,WDBC,4,347,10440,0.02834653004191894
AOA,WDBC,4,348,10470,0.02834653004191894
AOA,WDBC,4,349,10500,0.02834653004191894
AOA,WDBC,4,350,10530,0.02834653004191894
AOA,WDBC,4,351,10560,0.02834653004191894
AOA,WDBC,4,352,10590,0.02834653004191894
AOA,WDBC,4,353,10620,0.02834653004191894
AOA,WDBC,4,354,10650,0.02834653004191894
AOA,WDBC,4,355,10680,0.02834653004191894
AOA,WDBC,4,356,10710,0.02834653004191894
AOA,WDBC,4,357,10740,0.02834653004191894
AOA,WDBC,4,358,10770,0.02834653004191894
AOA,WDBC,4,359,10800,0.02834653004191894
AOA,WDBC,4,360,10830,0.02834653004191894
AOA,WDBC,4,361,10860,0.02834653004191894
AOA,WDBC,4,362,10890,0.02834653004191894
AOA,WDBC,4,363,10920,0.02834653004191894
AOA,WDBC,4,364,10950,0.02834653004191894
AOA,WDBC,4,365,10980,0.02834653004191894
AOA,WDBC,4,366,11010,0.02834653004191894
AOA,WDBC,4,367,11040,0.02834653004191894
AOA,WDBC,4,368,11070,0.02834653004191894
AOA,WDBC,4,369,11100,0.02834653004191894
AOA,WDBC,4,370,11130,0.02834653004191894
AOA,WDBC,4,371,11160,0.02834653004191894
AOA,WDBC,4,372,11190,0.02834653004191894
AOA,WDBC,4,373,11220,0.02834653004191894
AOA,WDBC,4,374,11250,0.02834653004191894
AOA,WDBC,4,375,11280,0.02834653004191894
AOA,WDBC,4,376,11310,0.02834653004191894
AOA,WDBC,4,377,11340,0.02834653004191894
AOA,WDBC,4,378,11370,0.02834653004191894
AOA,WDBC,4,379,11400,0.02834653004191894
AOA,WDBC,4,380,11430,0.02834653004191894
AOA,WDBC,4,381,11460,0.02834653004191894
AOA,WDBC,4,382,11490,0.02834653004191894
AOA,WDBC,4,383,11520,0.02834653004191894
AOA,WDBC,4,384,11550,0.02834653004191894
AOA,WDBC,4,385,11580,0.02834653004191894
AOA,WDBC,4,386,11610,0.02834653004191894
AOA,WDBC,4,387,11640,0.02834653004191894
AOA,WDBC,4,388,11670,0.02834653004191894
AOA,WDBC,4,389,11700,0.02834653004191894
AOA,WDBC,4,390,11730,0.02834653004191894
AOA,WDBC,4,391,11760,0.02834653004191894
AOA,WDBC,4,392,11790,0.02834653004191894
AOA,WDBC,4,393,11820,0.02834653004191894
AOA,WDBC,4,394,11850,0.02834653004191894
AOA,WDBC,4,395,11880,0.02834653004191894
AOA,WDBC,4,396,11910,0.02834653004191894
AOA,WDBC,4,397,11940,0.02834653004191894
AOA,WDBC,4,398,11970,0.02834653004191894
AOA,WDBC,4,399,12000,0.02834653004191894
AOA,WDBC,4,400,12030,0.02834653004191894
AOA,WDBC,4,401,12060,0.02834653004191894
AOA,WDBC,4,402,12090,0.02834653004191894
AOA,WDBC,4,403,12120,0.02834653004191894
AOA,WDBC,4,404,12150,0.02834653004191894
AOA,WDBC,4,405,12180,0.02834653004191894
AOA,WDBC,4,406,12210,0.02834653004191894
AOA,WDBC,4,407,12240,0.02834653004191894
AOA,WDBC,4,408,12270,0.02834653004191894
AOA,WDBC,4,409,12300,0.02834653004191894
AOA,WDBC,4,410,12330,0.02834653004191894
AOA,WDBC,4,411,12360,0.02834653004191894
AOA,WDBC,4,412,12390,0.02834653004191894
AOA,WDBC,4,413,12420,0.02834653004191894
AOA,WDBC,4,414,12450,0.02834653004191894
AOA,WDBC,4,415,12480,0.02834653004191894
AOA,WDBC,4,416,12510,0.02834653004191894
AOA,WDBC,4,417,12540,0.02834653004191894
AOA,WDBC,4,418,12570,0.02834653004191894
AOA,WDBC,4,419,12600,0.02834653004191894
AOA,WDBC,4,420,12630,0.02834653004191894
AOA,WDBC,4,421,12660,0.02834653004191894
AOA,WDBC,4,422,12690,0.02834653004191894
AOA,WDBC,4,423,12720,0.02834653004191894
AOA,WDBC,4,424,12750,0.02834653004191894
AOA,WDBC,4,425,12780,0.02834653004191894
AOA,WDBC,4,426,12810,0.02834653004191894
AOA,WDBC,4,427,12840,0.02834653004191894
AOA,WDBC,4,428,12870,0.02834653004191894
AOA,WDBC,4,429,12900,0.02834653004191894
AOA,WDBC,4,430,12930,0.02834653004191894
AOA,WDBC,4,431,12960,0.02834653004191894
AOA,WDBC,4,432,12990,0.02834653004191894
AOA,WDBC,4,433,13020,0.02834653004191894
AOA,WDBC,4,434,13050,0.02834653004191894
AOA,WDBC,4,435,13080,0.02834653004191894
AOA,WDBC,4,436,13110,0.02834653004191894
AOA,WDBC,4,437,13140,0.02834653004191894
AOA,WDBC,4,438,13170,0.02834653004191894
AOA,WDBC,4,439,13200,0.02834653004191894
AOA,WDBC,4,440,13230,0.02834653004191894
AOA,WDBC,4,441,13260,0.02834653004191894
AOA,WDBC,4,442,13290,0.02834653004191894
AOA,WDBC,4,443,13320,0.02834653004191894
AOA,WDBC,4,444,13350,0.02834653004191894
AOA,WDBC,4,445,13380,0.02834653004191894
AOA,WDBC,4,446,13410,0.02834653004191894
AOA,WDBC,4,447,13440,0.02834653004191894
AOA,WDBC,4,448,13470,0.02834653004191894
AOA,WDBC,4,449,13500,0.02834653004191894
AOA,WDBC,4,450,13530,0.02834653004191894
AOA,WDBC,4,451,13560,0.02834653004191894
AOA,WDBC,4,452,13590,0.02834653004191894
AOA,WDBC,4,453,13620,0.02834653004191894
AOA,WDBC,4,454,13650,0.02834653004191894
AOA,WDBC,4,455,13680,0.02834653004191894
AOA,WDBC,4,456,13710,0.02834653004191894
AOA,WDBC,4,457,13740,0.02834653004191894
AOA,WDBC,4,458,13770,0.02834653004191894
AOA,WDBC,4,459,13800,0.02834653004191894
AOA,WDBC,4,460,13830,0.02834653004191894
AOA,WDBC,4,461,13860,0.02834653004191894
AOA,WDBC,4,462,13890,0.02834653004191894
AOA,WDBC,4,463,13920,0.02834653004191894
AOA,WDBC,4,464,13950,0.02834653004191894
AOA,WDBC,4,465,13980,0.02834653004191894
AOA,WDBC,4,466,14010,0.02834653004191894
AOA,WDBC,4,467,14040,0.02834653004191894
AOA,WDBC,4,468,14070,0.02834653004191894
AOA,WDBC,4,469,14100,0.02834653004191894
AOA,WDBC,4,470,14130,0.02834653004191894
AOA,WDBC,4,471,14160,0.02834653004191894
AOA,WDBC,4,472,14190,0.02834653004191894
AOA,WDBC,4,473,14220,0.02834653004191894
AOA,WDBC,4,474,14250,0.02834653004191894
AOA,WDBC,4,475,14280,0.02834653004191894
AOA,WDBC,4,476,14310,0.02834653004191894
AOA,WDBC,4,477,14340,0.02834653004191894
AOA,WDBC,4,478,14370,0.02834653004191894
AOA,WDBC,4,479,14400,0.02834653004191894
AOA,WDBC,4,480,14430,0.02834653004191894
AOA,WDBC,4,481,14460,0.02834653004191894
AOA,WDBC,4,482,14490,0.02834653004191894
AOA,WDBC,4,483,14520,0.02834653004191894
AOA,WDBC,4,484,14550,0.02834653004191894
AOA,WDBC,4,485,14580,0.02834653004191894
AOA,WDBC,4,486,14610,0.02834653004191894
AOA,WDBC,4,487,14640,0.02834653004191894
AOA,WDBC,4,488,14670,0.02834653004191894
AOA,WDBC,4,489,14700,0.02834653004191894
AOA,WDBC,4,490,14730,0.02834653004191894
AOA,WDBC,4,491,14760,0.02834653004191894
AOA,WDBC,4,492,14790,0.02834653004191894
AOA,WDBC,4,493,14820,0.02834653004191894
AOA,WDBC,4,494,14850,0.02834653004191894
AOA,WDBC,4,495,14880,0.02834653004191894
AOA,WDBC,4,496,14910,0.02834653004191894
AOA,WDBC,4,497,14940,0.02834653004191894
AOA,WDBC,4,498,14970,0.02834653004191894
AOA,WDBC,4,499,15000,0.02834653004191894
AOA,ColonCancer,3,0,30,0.18011384615384607
AOA,ColonCancer,3,1,60,0.18011384615384607
AOA,ColonCancer,3,2,90,0.18011384615384607
AOA,ColonCancer,3,3,120,0.18011384615384607
AOA,ColonCancer,3,4,150,0.18011384615384607
AOA,ColonCancer,3,5,180,0.18011384615384607
AOA,ColonCancer,3,6,210,0.18011384615384607
AOA,ColonCancer,3,7,240,0.18011384615384607
AOA,ColonCancer,3,8,270,0.18011384615384607
AOA,ColonCancer,3,9,300,0.18011384615384607
AOA,ColonCancer,3,10,330,0.18011384615384607
AOA,ColonCancer,3,11,360,0.18011384615384607
AOA,ColonCancer,3,12,390,0.18011384615384607
AOA,ColonCancer,3,13,420,0.18011384615384607
AOA,ColonCancer,3,14,450,0.18011384615384607
AOA,ColonCancer,3,15,480,0.18011384615384607
AOA,ColonCancer,3,16,510,0.18011384615384607
AOA,ColonCancer,3,17,540,0.18011384615384607
AOA,ColonCancer,3,18,570,0.17877461538461542
AOA,ColonCancer,3,19,600,0.17877461538461542
AOA,ColonCancer,3,20,630,0.17877461538461542
AOA,ColonCancer,3,21,660,0.17877461538461542
AOA,ColonCancer,3,22,690,0.17877461538461542
AOA,ColonCancer,3,23,720,0.17877461538461542
AOA,ColonCancer,3,24,750,0.17877461538461542
AOA,ColonCancer,3,25,780,0.17877461538461542
AOA,ColonCancer,3,26,810,0.17877461538461542
AOA,ColonCancer,3,27,840,0.17877461538461542
AOA,ColonCancer,3,28,870,0.17877461538461542
AOA,ColonCancer,3,29,900,0.17877461538461542
AOA,ColonCancer,3,30,930,0.17877461538461542
AOA,ColonCancer,3,31,960,0.17877461538461542
AOA,ColonCancer,3,32,990,0.17877461538461542
AOA,ColonCancer,3,33,1020,0.17877461538461542
AOA,ColonCancer,3,34,1050,0.17877461538461542
AOA,ColonCancer,3,35,1080,0.17877461538461542
AOA,ColonCancer,3,36,1110,0.17877461538461542
AOA,ColonCancer,3,37,1140,0.17877461538461542
AOA,ColonCancer,3,38,1170,0.17877461538461542
AOA,ColonCancer,3,39,1200,0.17877461538461542
AOA,ColonCancer,3,40,1230,0.17877461538461542
AOA,ColonCancer,3,41,1260,0.17877461538461542
AOA,ColonCancer,3,42,1290,0.17877461538461542
AOA,ColonCancer,3,43,1320,0.17877461538461542
AOA,ColonCancer,3,44,1350,0.17877461538461542
AOA,ColonCancer,3,45,1380,0.17877461538461542
AOA,ColonCancer,3,46,1410,0.17877461538461542
AOA,ColonCancer,3,47,1440,0.17877461538461542
AOA,ColonCancer,3,48,1470,0.17877461538461542
AOA,ColonCancer,3,49,1500,0.17877461538461542
AOA,ColonCancer,3,50,1530,0.17877461538461542
AOA,ColonCancer,3,51,1560,0.17877461538461542
AOA,ColonCancer,3,52,1590,0.17877461538461542
AOA,ColonCancer,3,53,1620,0.17877461538461542
AOA,ColonCancer,3,54,1650,0.17877461538461542
AOA,ColonCancer,3,55,1680,0.17877461538461542
AOA,ColonCancer,3,56,1710,0.17877461538461542
AOA,ColonCancer,3,57,1740,0.17877461538461542
AOA,ColonCancer,3,58,1770,0.17877461538461542
AOA,ColonCancer,3,59,1800,0.17877461538461542
AOA,ColonCancer,3,60,1830,0.17877461538461542
AOA,ColonCancer,3,61,1860,0.17877461538461542
AOA,ColonCancer,3,62,1890,0.17877461538461542
AOA,ColonCancer,3,63,1920,0.17877461538461542
AOA,ColonCancer,3,64,1950,0.17877461538461542
AOA,ColonCancer,3,65,1980,0.17877461538461542
AOA,ColonCancer,3,66,2010,0.17877461538461542
AOA,ColonCancer,3,67,2040,0.17877461538461542
AOA,ColonCancer,3,68,2070,0.17877461538461542
AOA,ColonCancer,3,69,2100,0.17877461538461542
AOA,ColonCancer,3,70,2130,0.17877461538461542
AOA,ColonCancer,3,71,2160,0.17877461538461542
AOA,ColonCancer,3,72,2190,0.17877461538461542
AOA,ColonCancer,3,73,2220,0.17877461538461542
AOA,ColonCancer,3,74,2250,0.17877461538461542
AOA,ColonCancer,3,75,2280,0.17877461538461542
AOA,ColonCancer,3,76,2310,0.17877461538461542
AOA,ColonCancer,3,77,2340,0.17877461538461542
AOA,ColonCancer,3,78,2370,0.17877461538461542
AOA,ColonCancer,3,79,2400,0.17877461538461542
AOA,ColonCancer,3,80,2430,0.17877461538461542
AOA,ColonCancer,3,81,2460,0.17877461538461542
AOA,ColonCancer,3,82,2490,0.17877461538461542
AOA,ColonCancer,3,83,2520,0.17877461538461542
AOA,ColonCancer,3,84,2550,0.17877461538461542
AOA,ColonCancer,3,85,2580,0.17877461538461542
AOA,ColonCancer,3,86,2610,0.17877461538461542
AOA,ColonCancer,3,87,2640,0.17877461538461542
AOA,ColonCancer,3,88,2670,0.17877461538461542
AOA,ColonCancer,3,89,2700,0.17877461538461542
AOA,ColonCancer,3,90,2730,0.17877461538461542
AOA,ColonCancer,3,91,2760,0.17877461538461542
AOA,ColonCancer,3,92,2790,0.17877461538461542
AOA,ColonCancer,3,93,2820,0.17877461538461542
AOA,ColonCancer,3,94,2850,0.17877461538461542
AOA,ColonCancer,3,95,2880,0.17877461538461542
AOA,ColonCancer,3,96,2910,0.17877461538461542
AOA,ColonCancer,3,97,2940,0.17877461538461542
AOA,ColonCancer,3,98,2970,0.17877461538461542
AOA,ColonCancer,3,99,3000,0.17877461538461542
AOA,ColonCancer,3,100,3030,0.17877461538461542
AOA,ColonCancer,3,101,3060,0.17877461538461542
AOA,ColonCancer,3,102,3090,0.17877461538461542
AOA,ColonCancer,3,103,3120,0.17877461538461542
AOA,ColonCancer,3,104,3150,0.17877461538461542
AOA,ColonCancer,3,105,3180,0.17877461538461542
AOA,ColonCancer,3,106,3210,0.17877461538461542
AOA,ColonCancer,3,107,3240,0.17877461538461542
AOA,ColonCancer,3,108,3270,0.17877461538461542
AOA,ColonCancer,3,109,3300,0.17877461538461542
AOA,ColonCancer,3,110,3330,0.17877461538461542
AOA,ColonCancer,3,111,3360,0.17877461538461542
AOA,ColonCancer,3,112,3390,0.17877461538461542
AOA,ColonCancer,3,113,3420,0.17877461538461542
AOA,ColonCancer,3,114,3450,0.17877461538461542
AOA,ColonCancer,3,115,3480,0.17877461538461542
AOA,ColonCancer,3,116,3510,0.17877461538461542
AOA,ColonCancer,3,117,3540,0.17877461538461542
AOA,ColonCancer,3,118,3570,0.17877461538461542
AOA,ColonCancer,3,119,3600,0.17877461538461542
AOA,ColonCancer,3,120,3630,0.17877461538461542
AOA,ColonCancer,3,121,3660,0.17877461538461542
AOA,ColonCancer,3,122,3690,0.17877461538461542
AOA,ColonCancer,3,123,3720,0.17877461538461542
AOA,ColonCancer,3,124,3750,0.17877461538461542
AOA,ColonCancer,3,125,3780,0.17877461538461542
AOA,ColonCancer,3,126,3810,0.17877461538461542
AOA,ColonCancer,3,127,3840,0.17877461538461542
AOA,ColonCancer,3,128,3870,0.17877461538461542
AOA,ColonCancer,3,129,3900,0.17877461538461542
AOA,ColonCancer,3,130,3930,0.17877461538461542
AOA,ColonCancer,3,131,3960,0.17877461538461542
AOA,ColonCancer,3,132,3990,0.17877461538461542
AOA,ColonCancer,3,133,4020,0.17877461538461542
AOA,ColonCancer,3,134,4050,0.17877461538461542
AOA,ColonCancer,3,135,4080,0.17877461538461542
AOA,ColonCancer,3,136,4110,0.17877461538461542
AOA,ColonCancer,3,137,4140,0.17877461538461542
AOA,ColonCancer,3,138,4170,0.17877461538461542
AOA,ColonCancer,3,139,4200,0.17877461538461542
AOA,ColonCancer,3,140,4230,0.17877461538461542
AOA,ColonCancer,3,141,4260,0.17877461538461542
AOA,ColonCancer,3,142,4290,0.17877461538461542
AOA,ColonCancer,3,143,4320,0.17877461538461542
AOA,ColonCancer,3,144,4350,0.17877461538461542
AOA,ColonCancer,3,145,4380,0.17877461538461542
AOA,ColonCancer,3,146,4410,0.17877461538461542
AOA,ColonCancer,3,147,4440,0.17877461538461542
AOA,ColonCancer,3,148,4470,0.17877461538461542
AOA,ColonCancer,3,149,4500,0.17877461538461542
AOA,ColonCancer,3,150,4530,0.17877461538461542
AOA,ColonCancer,3,151,4560,0.17877461538461542
AOA,ColonCancer,3,152,4590,0.17877461538461542
AOA,ColonCancer,3,153,4620,0.17877461538461542
AOA,ColonCancer,3,154,4650,0.17877461538461542
AOA,ColonCancer,3,155,4680,0.17877461538461542
AOA,ColonCancer,3,156,4710,0.17877461538461542
AOA,ColonCancer,3,157,4740,0.17877461538461542
AOA,ColonCancer,3,158,4770,0.17877461538461542
AOA,ColonCancer,3,159,4800,0.17877461538461542
AOA,ColonCancer,3,160,4830,0.17877461538461542
AOA,ColonCancer,3,161,4860,0.17877461538461542
AOA,ColonCancer,3,162,4890,0.17877461538461542
AOA,ColonCancer,3,163,4920,0.17877461538461542
AOA,ColonCancer,3,164,4950,0.17877461538461542
AOA,ColonCancer,3,165,4980,0.17877461538461542
AOA,ColonCancer,3,166,5010,0.17877461538461542
AOA,ColonCancer,3,167,5040,0.17877461538461542
AOA,ColonCancer,3,168,5070,0.17877461538461542
AOA,ColonCancer,3,169,5100,0.17877461538461542
AOA,ColonCancer,3,170,5130,0.17877461538461542
AOA,ColonCancer,3,171,5160,0.17877461538461542
AOA,ColonCancer,3,172,5190,0.17877461538461542
AOA,ColonCancer,3,173,5220,0.17877461538461542
AOA,ColonCancer,3,174,5250,0.17877461538461542
AOA,ColonCancer,3,175,5280,0.17877461538461542
AOA,ColonCancer,3,176,5310,0.17877461538461542
AOA,ColonCancer,3,177,5340,0.17877461538461542
AOA,ColonCancer,3,178,5370,0.17877461538461542
AOA,ColonCancer,3,179,5400,0.17877461538461542
AOA,ColonCancer,3,180,5430,0.17877461538461542
AOA,ColonCancer,3,181,5460,0.17877461538461542
AOA,ColonCancer,3,182,5490,0.17877461538461542
AOA,ColonCancer,3,183,5520,0.17877461538461542
AOA,ColonCancer,3,184,5550,0.17877461538461542
AOA,ColonCancer,3,185,5580,0.17877461538461542
AOA,ColonCancer,3,186,5610,0.17877461538461542
AOA,ColonCancer,3,187,5640,0.17877461538461542
AOA,ColonCancer,3,188,5670,0.17877461538461542
AOA,ColonCancer,3,189,5700,0.17877461538461542
AOA,ColonCancer,3,190,5730,0.17877461538461542
AOA,ColonCancer,3,191,5760,0.17877461538461542
AOA,ColonCancer,3,192,5790,0.17877461538461542
AOA,ColonCancer,3,193,5820,0.17877461538461542
AOA,ColonCancer,3,194,5850,0.17877461538461542
AOA,ColonCancer,3,195,5880,0.17877461538461542
AOA,ColonCancer,3,196,5910,0.17877461538461542
AOA,ColonCancer,3,197,5940,0.17877461538461542
AOA,ColonCancer,3,198,5970,0.17877461538461542
AOA,ColonCancer,3,199,6000,0.17877461538461542
AOA,ColonCancer,3,200,6030,0.17877461538461542
AOA,ColonCancer,3,201,6060,0.17877461538461542
AOA,ColonCancer,3,202,6090,0.17877461538461542
AOA,ColonCancer,3,203,6120,0.17877461538461542
AOA,ColonCancer,3,204,6150,0.17877461538461542
AOA,ColonCancer,3,205,6180,0.17877461538461542
AOA,ColonCancer,3,206,6210,0.17877461538461542
AOA,ColonCancer,3,207,6240,0.17877461538461542
AOA,ColonCancer,3,208,6270,0.17877461538461542
AOA,ColonCancer,3,209,6300,0.17877461538461542
AOA,ColonCancer,3,210,6330,0.17877461538461542
AOA,ColonCancer,3,211,6360,0.17877461538461542
AOA,ColonCancer,3,212,6390,0.17877461538461542
AOA,ColonCancer,3,213,6420,0.17877461538461542
AOA,ColonCancer,3,214,6450,0.17877461538461542
AOA,ColonCancer,3,215,6480,0.17877461538461542
AOA,ColonCancer,3,216,6510,0.17877461538461542
AOA,ColonCancer,3,217,6540,0.17877461538461542
AOA,ColonCancer,3,218,6570,0.17877461538461542
AOA,ColonCancer,3,219,6600,0.17877461538461542
AOA,ColonCancer,3,220,6630,0.17877461538461542
AOA,ColonCancer,3,221,6660,0.17877461538461542
AOA,ColonCancer,3,222,6690,0.17877461538461542
AOA,ColonCancer,3,223,6720,0.17877461538461542
AOA,ColonCancer,3,224,6750,0.17877461538461542
AOA,ColonCancer,3,225,6780,0.17877461538461542
AOA,ColonCancer,3,226,6810,0.17877461538461542
AOA,ColonCancer,3,227,6840,0.17877461538461542
AOA,ColonCancer,3,228,6870,0.17877461538461542
AOA,ColonCancer,3,229,6900,0.17877461538461542
AOA,ColonCancer,3,230,6930,0.17877461538461542
AOA,ColonCancer,3,231,6960,0.17877461538461542
AOA,ColonCancer,3,232,6990,0.17877461538461542
AOA,ColonCancer,3,233,7020,0.17877461538461542
AOA,ColonCancer,3,234,7050,0.17877461538461542
AOA,ColonCancer,3,235,7080,0.17877461538461542
AOA,ColonCancer,3,236,7110,0.17877461538461542
AOA,ColonCancer,3,237,7140,0.17877461538461542
AOA,ColonCancer,3,238,7170,0.17877461538461542
AOA,ColonCancer,3,239,7200,0.17877461538461542
AOA,ColonCancer,3,240,7230,0.17877461538461542
AOA,ColonCancer,3,241,7260,0.17877461538461542
AOA,ColonCancer,3,242,7290,0.17877461538461542
AOA,ColonCancer,3,243,7320,0.17877461538461542
AOA,ColonCancer,3,244,7350,0.17877461538461542
AOA,ColonCancer,3,245,7380,0.17877461538461542
AOA,ColonCancer,3,246,7410,0.17877461538461542
AOA,ColonCancer,3,247,7440,0.17877461538461542
AOA,ColonCancer,3,248,7470,0.17877461538461542
AOA,ColonCancer,3,249,7500,0.17877461538461542
AOA,ColonCancer,3,250,7530,0.17877461538461542
AOA,ColonCancer,3,251,7560,0.17877461538461542
AOA,ColonCancer,3,252,7590,0.17877461538461542
AOA,ColonCancer,3,253,7620,0.17877461538461542
AOA,ColonCancer,3,254,7650,0.17877461538461542
AOA,ColonCancer,3,255,7680,0.17877461538461542
AOA,ColonCancer,3,256,7710,0.17877461538461542
AOA,ColonCancer,3,257,7740,0.17877461538461542
AOA,ColonCancer,3,258,7770,0.17877461538461542
AOA,ColonCancer,3,259,7800,0.17877461538461542
AOA,ColonCancer,3,260,7830,0.17877461538461542
AOA,ColonCancer,3,261,7860,0.17877461538461542
AOA,ColonCancer,3,262,7890,0.17877461538461542
AOA,ColonCancer,3,263,7920,0.17877461538461542
AOA,ColonCancer,3,264,7950,0.17877461538461542
AOA,ColonCancer,3,265,7980,0.17877461538461542
AOA,ColonCancer,3,266,8010,0.17877461538461542
AOA,ColonCancer,3,267,8040,0.17877461538461542
AOA,ColonCancer,3,268,8070,0.17877461538461542
AOA,ColonCancer,3,269,8100,0.17877461538461542
AOA,ColonCancer,3,270,8130,0.17877461538461542
AOA,ColonCancer,3,271,8160,0.17877461538461542
AOA,ColonCancer,3,272,8190,0.17877461538461542
AOA,ColonCancer,3,273,8220,0.17877461538461542
AOA,ColonCancer,3,274,8250,0.17877461538461542
AOA,ColonCancer,3,275,8280,0.17877461538461542
AOA,ColonCancer,3,276,8310,0.17877461538461542
AOA,ColonCancer,3,277,8340,0.17877461538461542
AOA,ColonCancer,3,278,8370,0.17877461538461542
AOA,ColonCancer,3,279,8400,0.17877461538461542
AOA,ColonCancer,3,280,8430,0.17877461538461542
AOA,ColonCancer,3,281,8460,0.17877461538461542
AOA,ColonCancer,3,282,8490,0.17877461538461542
AOA,ColonCancer,3,283,8520,0.17877461538461542
AOA,ColonCancer,3,284,8550,0.17877461538461542
AOA,ColonCancer,3,285,8580,0.17877461538461542
AOA,ColonCancer,3,286,8610,0.17877461538461542
AOA,ColonCancer,3,287,8640,0.17877461538461542
AOA,ColonCancer,3,288,8670,0.17877461538461542
AOA,ColonCancer,3,289,8700,0.17877461538461542
AOA,ColonCancer,3,290,8730,0.17877461538461542
AOA,ColonCancer,3,291,8760,0.17877461538461542
AOA,ColonCancer,3,292,8790,0.17877461538461542
AOA,ColonCancer,3,293,8820,0.17877461538461542
AOA,ColonCancer,3,294,8850,0.17877461538461542
AOA,ColonCancer,3,295,8880,0.17877461538461542
AOA,ColonCancer,3,296,8910,0.17877461538461542
AOA,ColonCancer,3,297,8940,0.17877461538461542
AOA,ColonCancer,3,298,8970,0.17877461538461542
AOA,ColonCancer,3,299,9000,0.17877461538461542
AOA,ColonCancer,3,300,9030,0.17877461538461542
AOA,ColonCancer,3,301,9060,0.17877461538461542
AOA,ColonCancer,3,302,9090,0.17877461538461542
AOA,ColonCancer,3,303,9120,0.17877461538461542
AOA,ColonCancer,3,304,9150,0.17877461538461542
AOA,ColonCancer,3,305,9180,0.17877461538461542
AOA,ColonCancer,3,306,9210,0.17877461538461542
AOA,ColonCancer,3,307,9240,0.17877461538461542
AOA,ColonCancer,3,308,9270,0.17877461538461542
AOA,ColonCancer,3,309,9300,0.17877461538461542
AOA,ColonCancer,3,310,9330,0.17877461538461542
AOA,ColonCancer,3,311,9360,0.17877461538461542
AOA,ColonCancer,3,312,9390,0.17877461538461542
AOA,ColonCancer,3,313,9420,0.17877461538461542
AOA,ColonCancer,3,314,9450,0.17877461538461542
AOA,ColonCancer,3,315,9480,0.17877461538461542
AOA,ColonCancer,3,316,9510,0.17877461538461542
AOA,ColonCancer,3,317,9540,0.17877461538461542
AOA,ColonCancer,3,318,9570,0.17877461538461542
AOA,ColonCancer,3,319,9600,0.17877461538461542
AOA,ColonCancer,3,320,9630,0.17877461538461542
AOA,ColonCancer,3,321,9660,0.17877461538461542
AOA,ColonCancer,3,322,9690,0.17877461538461542
AOA,ColonCancer,3,323,9720,0.17877461538461542
AOA,ColonCancer,3,324,9750,0.17877461538461542
AOA,ColonCancer,3,325,9780,0.17877461538461542
AOA,ColonCancer,3,326,9810,0.17877461538461542
AOA,ColonCancer,3,327,9840,0.17877461538461542
AOA,ColonCancer,3,328,9870,0.17877461538461542
AOA,ColonCancer,3,329,9900,0.17877461538461542
AOA,ColonCancer,3,330,9930,0.17877461538461542
AOA,ColonCancer,3,331,9960,0.17877461538461542
AOA,ColonCancer,3,332,9990,0.17877461538461542
AOA,ColonCancer,3,333,10020,0.17877461538461542
AOA,ColonCancer,3,334,10050,0.17877461538461542
AOA,ColonCancer,3,335,10080,0.17877461538461542
AOA,ColonCancer,3,336,10110,0.17877461538461542
AOA,ColonCancer,3,337,10140,0.17877461538461542
AOA,ColonCancer,3,338,10170,0.17877461538461542
AOA,ColonCancer,3,339,10200,0.17877461538461542
AOA,ColonCancer,3,340,10230,0.17877461538461542
AOA,ColonCancer,3,341,10260,0.17877461538461542
AOA,ColonCancer,3,342,10290,0.17877461538461542
AOA,ColonCancer,3,343,10320,0.17877461538461542
AOA,ColonCancer,3,344,10350,0.17877461538461542
AOA,ColonCancer,3,345,10380,0.17877461538461542
AOA,ColonCancer,3,346,10410,0.17877461538461542
AOA,ColonCancer,3,347,10440,0.17877461538461542
AOA,ColonCancer,3,348,10470,0.17877461538461542
AOA,ColonCancer,3,349,10500,0.17877461538461542
AOA,ColonCancer,3,350,10530,0.17877461538461542
AOA,ColonCancer,3,351,10560,0.17877461538461542
AOA,ColonCancer,3,352,10590,0.17877461538461542
AOA,ColonCancer,3,353,10620,0.17877461538461542
AOA,ColonCancer,3,354,10650,0.17877461538461542
AOA,ColonCancer,3,355,10680,0.17877461538461542
AOA,ColonCancer,3,356,10710,0.17877461538461542
AOA,ColonCancer,3,357,10740,0.17877461538461542
AOA,ColonCancer,3,358,10770,0.17877461538461542
AOA,ColonCancer,3,359,10800,0.17877461538461542
AOA,ColonCancer,3,360,10830,0.17877461538461542
AOA,ColonCancer,3,361,10860,0.17877461538461542
AOA,ColonCancer,3,362,10890,0.17877461538461542
AOA,ColonCancer,3,363,10920,0.17877461538461542
AOA,ColonCancer,3,364,10950,0.17877461538461542
AOA,ColonCancer,3,365,10980,0.17877461538461542
AOA,ColonCancer,3,366,11010,0.17877461538461542
AOA,ColonCancer,3,367,11040,0.17877461538461542
AOA,ColonCancer,3,368,11070,0.17877461538461542
AOA,ColonCancer,3,369,11100,0.17877461538461542
AOA,ColonCancer,3,370,11130,0.17877461538461542
AOA,ColonCancer,3,371,11160,0.17877461538461542
AOA,ColonCancer,3,372,11190,0.17877461538461542
AOA,ColonCancer,3,373,11220,0.17877461538461542
AOA,ColonCancer,3,374,11250,0.17877461538461542
AOA,ColonCancer,3,375,11280,0.17877461538461542
AOA,ColonCancer,3,376,11310,0.17877461538461542
AOA,ColonCancer,3,377,11340,0.17877461538461542
AOA,ColonCancer,3,378,11370,0.17877461538461542
AOA,ColonCancer,3,379,11400,0.17877461538461542
AOA,ColonCancer,3,380,11430,0.17877461538461542
AOA,ColonCancer,3,381,11460,0.17877461538461542
AOA,ColonCancer,3,382,11490,0.17877461538461542
AOA,ColonCancer,3,383,11520,0.17877461538461542
AOA,ColonCancer,3,384,11550,0.17877461538461542
AOA,ColonCancer,3,385,11580,0.17877461538461542
AOA,ColonCancer,3,386,11610,0.17877461538461542
AOA,ColonCancer,3,387,11640,0.17877461538461542
AOA,ColonCancer,3,388,11670,0.17877461538461542
AOA,ColonCancer,3,389,11700,0.17877461538461542
AOA,ColonCancer,3,390,11730,0.17877461538461542
AOA,ColonCancer,3,391,11760,0.17877461538461542
AOA,ColonCancer,3,392,11790,0.17877461538461542
AOA,ColonCancer,3,393,11820,0.17877461538461542
AOA,ColonCancer,3,394,11850,0.17877461538461542
AOA,ColonCancer,3,395,11880,0.17877461538461542
AOA,ColonCancer,3,396,11910,0.17877461538461542
AOA,ColonCancer,3,397,11940,0.17877461538461542
AOA,ColonCancer,3,398,11970,0.17877461538461542
AOA,ColonCancer,3,399,12000,0.17877461538461542
AOA,ColonCancer,3,400,12030,0.17877461538461542
AOA,ColonCancer,3,401,12060,0.17877461538461542
AOA,ColonCancer,3,402,12090,0.17877461538461542
AOA,ColonCancer,3,403,12120,0.17877461538461542
AOA,ColonCancer,3,404,12150,0.17877461538461542
AOA,ColonCancer,3,405,12180,0.17877461538461542
AOA,ColonCancer,3,406,12210,0.17877461538461542
AOA,ColonCancer,3,407,12240,0.17877461538461542
AOA,ColonCancer,3,408,12270,0.17877461538461542
AOA,ColonCancer,3,409,12300,0.17877461538461542
AOA,ColonCancer,3,410,12330,0.17877461538461542
AOA,ColonCancer,3,411,12360,0.17877461538461542
AOA,ColonCancer,3,412,12390,0.17877461538461542
AOA,ColonCancer,3,413,12420,0.17877461538461542
AOA,ColonCancer,3,414,12450,0.17877461538461542
AOA,ColonCancer,3,415,12480,0.17877461538461542
AOA,ColonCancer,3,416,12510,0.17877461538461542
AOA,ColonCancer,3,417,12540,0.17877461538461542
AOA,ColonCancer,3,418,12570,0.17877461538461542
AOA,ColonCancer,3,419,12600,0.17877461538461542
AOA,ColonCancer,3,420,12630,0.17877461538461542
AOA,ColonCancer,3,421,12660,0.17877461538461542
AOA,ColonCancer,3,422,12690,0.17877461538461542
AOA,ColonCancer,3,423,12720,0.17877461538461542
AOA,ColonCancer,3,424,12750,0.17877461538461542
AOA,ColonCancer,3,425,12780,0.17877461538461542
AOA,ColonCancer,3,426,12810,0.17877461538461542
AOA,ColonCancer,3,427,12840,0.17877461538461542
AOA,ColonCancer,3,428,12870,0.17877461538461542
AOA,ColonCancer,3,429,12900,0.17877461538461542
AOA,ColonCancer,3,430,12930,0.17877461538461542
AOA,ColonCancer,3,431,12960,0.17877461538461542
AOA,ColonCancer,3,432,12990,0.17877461538461542
AOA,ColonCancer,3,433,13020,0.17877461538461542
AOA,ColonCancer,3,434,13050,0.17877461538461542
AOA,ColonCancer,3,435,13080,0.17877461538461542
AOA,ColonCancer,3,436,13110,0.17877461538461542
AOA,ColonCancer,3,437,13140,0.17877461538461542
AOA,ColonCancer,3,438,13170,0.17877461538461542
AOA,ColonCancer,3,439,13200,0.17877461538461542
AOA,ColonCancer,3,440,13230,0.17877461538461542
AOA,ColonCancer,3,441,13260,0.17877461538461542
AOA,ColonCancer,3,442,13290,0.17877461538461542
AOA,ColonCancer,3,443,13320,0.17877461538461542
AOA,ColonCancer,3,444,13350,0.17877461538461542
AOA,ColonCancer,3,445,13380,0.17877461538461542
AOA,ColonCancer,3,446,13410,0.17877461538461542
AOA,ColonCancer,3,447,13440,0.17877461538461542
AOA,ColonCancer,3,448,13470,0.17877461538461542
AOA,ColonCancer,3,449,13500,0.17877461538461542
AOA,ColonCancer,3,450,13530,0.17877461538461542
AOA,ColonCancer,3,451,13560,0.17877461538461542
AOA,ColonCancer,3,452,13590,0.17877461538461542
AOA,ColonCancer,3,453,13620,0.17877461538461542
AOA,ColonCancer,3,454,13650,0.17877461538461542
AOA,ColonCancer,3,455,13680,0.17877461538461542
AOA,ColonCancer,3,456,13710,0.17877461538461542
AOA,ColonCancer,3,457,13740,0.17877461538461542
AOA,ColonCancer,3,458,13770,0.17877461538461542
AOA,ColonCancer,3,459,13800,0.17877461538461542
AOA,ColonCancer,3,460,13830,0.17877461538461542
AOA,ColonCancer,3,461,13860,0.17877461538461542
AOA,ColonCancer,3,462,13890,0.17877461538461542
AOA,ColonCancer,3,463,13920,0.17877461538461542
AOA,ColonCancer,3,464,13950,0.17877461538461542
AOA,ColonCancer,3,465,13980,0.17877461538461542
AOA,ColonCancer,3,466,14010,0.17877461538461542
AOA,ColonCancer,3,467,14040,0.17877461538461542
AOA,ColonCancer,3,468,14070,0.17877461538461542
AOA,ColonCancer,3,469,14100,0.17877461538461542
AOA,ColonCancer,3,470,14130,0.17877461538461542
AOA,ColonCancer,3,471,14160,0.17877461538461542
AOA,ColonCancer,3,472,14190,0.17877461538461542
AOA,ColonCancer,3,473,14220,0.17877461538461542
AOA,ColonCancer,3,474,14250,0.17877461538461542
AOA,ColonCancer,3,475,14280,0.17877461538461542
AOA,ColonCancer,3,476,14310,0.17877461538461542
AOA,ColonCancer,3,477,14340,0.17877461538461542
AOA,ColonCancer,3,478,14370,0.17877461538461542
AOA,ColonCancer,3,479,14400,0.17877461538461542
AOA,ColonCancer,3,480,14430,0.17877461538461542
AOA,ColonCancer,3,481,14460,0.17877461538461542
AOA,ColonCancer,3,482,14490,0.17877461538461542
AOA,ColonCancer,3,483,14520,0.17877461538461542
AOA,ColonCancer,3,484,14550,0.17877461538461542
AOA,ColonCancer,3,485,14580,0.17877461538461542
AOA,ColonCancer,3,486,14610,0.17877461538461542
AOA,ColonCancer,3,487,14640,0.17877461538461542
AOA,ColonCancer,3,488,14670,0.17877461538461542
AOA,ColonCancer,3,489,14700,0.17877461538461542
AOA,ColonCancer,3,490,14730,0.17877461538461542
AOA,ColonCancer,3,491,14760,0.17877461538461542
AOA,ColonCancer,3,492,14790,0.17877461538461542
AOA,ColonCancer,3,493,14820,0.17877461538461542
AOA,ColonCancer,3,494,14850,0.17877461538461542
AOA,ColonCancer,3,495,14880,0.17877461538461542
AOA,ColonCancer,3,496,14910,0.17877461538461542
AOA,ColonCancer,3,497,14940,0.17877461538461542
AOA,ColonCancer,3,498,14970,0.17877461538461542
AOA,ColonCancer,3,499,15000,0.17877461538461542
AOA,ColonCancer,4,0,30,0.16637230769230765
AOA,ColonCancer,4,1,60,0.16637230769230765
AOA,ColonCancer,4,2,90,0.16613230769230766
AOA,ColonCancer,4,3,120,0.16613230769230766
AOA,ColonCancer,4,4,150,0.16613230769230766
AOA,ColonCancer,4,5,180,0.16613230769230766
AOA,ColonCancer,4,6,210,0.16613230769230766
AOA,ColonCancer,4,7,240,0.16613230769230766
AOA,ColonCancer,4,8,270,0.16613230769230766
AOA,ColonCancer,4,9,300,0.16613230769230766
AOA,ColonCancer,4,10,330,0.16613230769230766
AOA,ColonCancer,4,11,360,0.1650330769230769
AOA,ColonCancer,4,12,390,0.1650330769230769
AOA,ColonCancer,4,13,420,0.1650330769230769
AOA,ColonCancer,4,14,450,0.1650330769230769
AOA,ColonCancer,4,15,480,0.1650330769230769
AOA,ColonCancer,4,16,510,0.1650330769230769
AOA,ColonCancer,4,17,540,0.1509915384615385
AOA,ColonCancer,4,18,570,0.1509915384615385
AOA,ColonCancer,4,19,600,0.1509915384615385
AOA,ColonCancer,4,20,630,0.1509915384615385
AOA,ColonCancer,4,21,660,0.1509915384615385
AOA,ColonCancer,4,22,690,0.1509915384615385
AOA,ColonCancer,4,23,720,0.1509915384615385
AOA,ColonCancer,4,24,750,0.1509915384615385
AOA,ColonCancer,4,25,780,0.1509915384615385
AOA,ColonCancer,4,26,810,0.14974730769230774
AOA,ColonCancer,4,27,840,0.14974730769230774
AOA,ColonCancer,4,28,870,0.14974730769230774
AOA,ColonCancer,4,29,900,0.13436653846153854
AOA,ColonCancer,4,30,930,0.13436653846153854
AOA,ColonCancer,4,31,960,0.13436653846153854
AOA,ColonCancer,4,32,990,0.13436653846153854
AOA,ColonCancer,4,33,1020,0.13436653846153854
AOA,ColonCancer,4,34,1050,0.13436653846153854
AOA,ColonCancer,4,35,1080,0.13436653846153854
AOA,ColonCancer,4,36,1110,0.13436653846153854
AOA,ColonCancer,4,37,1140,0.13353230769230778
AOA,ColonCancer,4,38,1170,0.13353230769230778
AOA,ColonCancer,4,39,1200,0.13353230769230778
AOA,ColonCancer,4,40,1230,0.13353230769230778
AOA,ColonCancer,4,41,1260,0.13353230769230778
AOA,ColonCancer,4,42,1290,0.13353230769230778
AOA,ColonCancer,4,43,1320,0.13353230769230778
AOA,ColonCancer,4,44,1350,0.13353230769230778
AOA,ColonCancer,4,45,1380,0.13353230769230778
AOA,ColonCancer,4,46,1410,0.13353230769230778
AOA,ColonCancer,4,47,1440,0.13353230769230778
AOA,ColonCancer,4,48,1470,0.13353230769230778
AOA,ColonCancer,4,49,1500,0.13353230769230778
AOA,ColonCancer,4,50,1530,0.13353230769230778
AOA,ColonCancer,4,51,1560,0.13353230769230778
AOA,ColonCancer,4,52,1590,0.13353230769230778
AOA,ColonCancer,4,53,1620,0.13353230769230778
AOA,ColonCancer,4,54,1650,0.13353230769230778
AOA,ColonCancer,4,55,1680,0.13353230769230778
AOA,ColonCancer,4,56,1710,0.13353230769230778
AOA,ColonCancer,4,57,1740,0.13353230769230778
AOA,ColonCancer,4,58,1770,0.13353230769230778
AOA,ColonCancer,4,59,1800,0.13353230769230778
AOA,ColonCancer,4,60,1830,0.13353230769230778
AOA,ColonCancer,4,61,1860,0.13353230769230778
AOA,ColonCancer,4,62,1890,0.13353230769230778
AOA,ColonCancer,4,63,1920,0.13353230769230778
AOA,ColonCancer,4,64,1950,0.13353230769230778
AOA,ColonCancer,4,65,1980,0.13353230769230778
AOA,ColonCancer,4,66,2010,0.13353230769230778
AOA,ColonCancer,4,67,2040,0.13353230769230778
AOA,ColonCancer,4,68,2070,0.13353230769230778
AOA,ColonCancer,4,69,2100,0.13353230769230778
AOA,ColonCancer,4,70,2130,0.13353230769230778
AOA,ColonCancer,4,71,2160,0.13353230769230778
AOA,ColonCancer,4,72,2190,0.13353230769230778
AOA,ColonCancer,4,73,2220,0.13353230769230778
AOA,ColonCancer,4,74,2250,0.13353230769230778
AOA,ColonCancer,4,75,2280,0.13353230769230778
AOA,ColonCancer,4,76,2310,0.13353230769230778
AOA,ColonCancer,4,77,2340,0.13353230769230778
AOA,ColonCancer,4,78,2370,0.13353230769230778
AOA,ColonCancer,4,79,2400,0.13353230769230778
AOA,ColonCancer,4,80,2430,0.13353230769230778
AOA,ColonCancer,4,81,2460,0.13353230769230778
AOA,ColonCancer,4,82,2490,0.13353230769230778
AOA,ColonCancer,4,83,2520,0.13353230769230778
AOA,ColonCancer,4,84,2550,0.13353230769230778
AOA,ColonCancer,4,85,2580,0.13353230769230778
AOA,ColonCancer,4,86,2610,0.13353230769230778
AOA,ColonCancer,4,87,2640,0.13353230769230778
AOA,ColonCancer,4,88,2670,0.13353230769230778
AOA,ColonCancer,4,89,2700,0.13353230769230778
AOA,ColonCancer,4,90,2730,0.13353230769230778
AOA,ColonCancer,4,91,2760,0.13353230769230778
AOA,ColonCancer,4,92,2790,0.13353230769230778
AOA,ColonCancer,4,93,2820,0.13353230769230778
AOA,ColonCancer,4,94,2850,0.13353230769230778
AOA,ColonCancer,4,95,2880,0.13353230769230778
AOA,ColonCancer,4,96,2910,0.13353230769230778
AOA,ColonCancer,4,97,2940,0.13353230769230778
AOA,ColonCancer,4,98,2970,0.13353230769230778
AOA,ColonCancer,4,99,3000,0.13353230769230778
AOA,ColonCancer,4,100,3030,0.13353230769230778
AOA,ColonCancer,4,101,3060,0.13353230769230778
AOA,ColonCancer,4,102,3090,0.13353230769230778
AOA,ColonCancer,4,103,3120,0.13353230769230778
AOA,ColonCancer,4,104,3150,0.13353230769230778
AOA,ColonCancer,4,105,3180,0.13353230769230778
AOA,ColonCancer,4,106,3210,0.13353230769230778
AOA,ColonCancer,4,107,3240,0.13353230769230778
AOA,ColonCancer,4,108,3270,0.13353230769230778
AOA,ColonCancer,4,109,3300,0.13353230769230778
AOA,ColonCancer,4,110,3330,0.13353230769230778
AOA,ColonCancer,4,111,3360,0.13353230769230778
AOA,ColonCancer,4,112,3390,0.13353230769230778
AOA,ColonCancer,4,113,3420,0.13353230769230778
AOA,ColonCancer,4,114,3450,0.13353230769230778
AOA,ColonCancer,4,115,3480,0.13353230769230778
AOA,ColonCancer,4,116,3510,0.13353230769230778
AOA,ColonCancer,4,117,3540,0.13353230769230778
AOA,ColonCancer,4,118,3570,0.13353230769230778
AOA,ColonCancer,4,119,3600,0.13353230769230778
AOA,ColonCancer,4,120,3630,0.13353230769230778
AOA,ColonCancer,4,121,3660,0.13353230769230778
AOA,ColonCancer,4,122,3690,0.13353230769230778
AOA,ColonCancer,4,123,3720,0.13353230769230778
AOA,ColonCancer,4,124,3750,0.13353230769230778
AOA,ColonCancer,4,125,3780,0.13353230769230778
AOA,ColonCancer,4,126,3810,0.13353230769230778
AOA,ColonCancer,4,127,3840,0.13353230769230778
AOA,ColonCancer,4,128,3870,0.13353230769230778
AOA,ColonCancer,4,129,3900,0.13353230769230778
AOA,ColonCancer,4,130,3930,0.13353230769230778
AOA,ColonCancer,4,131,3960,0.13353230769230778
AOA,ColonCancer,4,132,3990,0.13353230769230778
AOA,ColonCancer,4,133,4020,0.13353230769230778
AOA,ColonCancer,4,134,4050,0.13353230769230778
AOA,ColonCancer,4,135,4080,0.13353230769230778
AOA,ColonCancer,4,136,4110,0.13353230769230778
AOA,ColonCancer,4,137,4140,0.13353230769230778
AOA,ColonCancer,4,138,4170,0.13353230769230778
AOA,ColonCancer,4,139,4200,0.13353230769230778
AOA,ColonCancer,4,140,4230,0.13353230769230778
AOA,ColonCancer,4,141,4260,0.13353230769230778
AOA,ColonCancer,4,142,4290,0.13353230769230778
AOA,ColonCancer,4,143,4320,0.13353230769230778
AOA,ColonCancer,4,144,4350,0.13353230769230778
AOA,ColonCancer,4,145,4380,0.13353230769230778
AOA,ColonCancer,4,146,4410,0.13353230769230778
AOA,ColonCancer,4,147,4440,0.13353230769230778
AOA,ColonCancer,4,148,4470,0.13353230769230778
AOA,ColonCancer,4,149,4500,0.13353230769230778
AOA,ColonCancer,4,150,4530,0.13353230769230778
AOA,ColonCancer,4,151,4560,0.13353230769230778
AOA,ColonCancer,4,152,4590,0.13353230769230778
AOA,ColonCancer,4,153,4620,0.13353230769230778
AOA,ColonCancer,4,154,4650,0.13353230769230778
AOA,ColonCancer,4,155,4680,0.13353230769230778
AOA,ColonCancer,4,156,4710,0.13353230769230778
AOA,ColonCancer,4,157,4740,0.13353230769230778
AOA,ColonCancer,4,158,4770,0.13353230769230778
AOA,ColonCancer,4,159,4800,0.13353230769230778
AOA,ColonCancer,4,160,4830,0.13353230769230778
AOA,ColonCancer,4,161,4860,0.13353230769230778
AOA,ColonCancer,4,162,4890,0.13353230769230778
AOA,ColonCancer,4,163,4920,0.13353230769230778
AOA,ColonCancer,4,164,4950,0.13353230769230778
AOA,ColonCancer,4,165,4980,0.13353230769230778
AOA,ColonCancer,4,166,5010,0.13353230769230778
AOA,ColonCancer,4,167,5040,0.13353230769230778
AOA,ColonCancer,4,168,5070,0.13353230769230778
AOA,ColonCancer,4,169,5100,0.13353230769230778
AOA,ColonCancer,4,170,5130,0.13353230769230778
AOA,ColonCancer,4,171,5160,0.13353230769230778
AOA,ColonCancer,4,172,5190,0.13353230769230778
AOA,ColonCancer,4,173,5220,0.13353230769230778
AOA,ColonCancer,4,174,5250,0.13353230769230778
AOA,ColonCancer,4,175,5280,0.13353230769230778
AOA,ColonCancer,4,176,5310,0.13353230769230778
AOA,ColonCancer,4,177,5340,0.13353230769230778
AOA,ColonCancer,4,178,5370,0.13353230769230778
AOA,ColonCancer,4,179,5400,0.13353230769230778
AOA,ColonCancer,4,180,5430,0.13353230769230778
AOA,ColonCancer,4,181,5460,0.13353230769230778
AOA,ColonCancer,4,182,5490,0.13353230769230778
AOA,ColonCancer,4,183,5520,0.13353230769230778
AOA,ColonCancer,4,184,5550,0.13353230769230778
AOA,ColonCancer,4,185,5580,0.13353230769230778
AOA,ColonCancer,4,186,5610,0.13353230769230778
AOA,ColonCancer,4,187,5640,0.13353230769230778
AOA,ColonCancer,4,188,5670,0.13353230769230778
AOA,ColonCancer,4,189,5700,0.13353230769230778
AOA,ColonCancer,4,190,5730,0.13353230769230778
AOA,ColonCancer,4,191,5760,0.13353230769230778
AOA,ColonCancer,4,192,5790,0.13353230769230778
AOA,ColonCancer,4,193,5820,0.13353230769230778
AOA,ColonCancer,4,194,5850,0.13353230769230778
AOA,ColonCancer,4,195,5880,0.13353230769230778
AOA,ColonCancer,4,196,5910,0.13353230769230778
AOA,ColonCancer,4,197,5940,0.13353230769230778
AOA,ColonCancer,4,198,5970,0.13353230769230778
AOA,ColonCancer,4,199,6000,0.13353230769230778
AOA,ColonCancer,4,200,6030,0.13353230769230778
AOA,ColonCancer,4,201,6060,0.13353230769230778
AOA,ColonCancer,4,202,6090,0.13353230769230778
AOA,ColonCancer,4,203,6120,0.13353230769230778
AOA,ColonCancer,4,204,6150,0.13353230769230778
AOA,ColonCancer,4,205,6180,0.13353230769230778
AOA,ColonCancer,4,206,6210,0.13353230769230778
AOA,ColonCancer,4,207,6240,0.13353230769230778
AOA,ColonCancer,4,208,6270,0.13353230769230778
AOA,ColonCancer,4,209,6300,0.13353230769230778
AOA,ColonCancer,4,210,6330,0.13353230769230778
AOA,ColonCancer,4,211,6360,0.13353230769230778
AOA,ColonCancer,4,212,6390,0.13353230769230778
AOA,ColonCancer,4,213,6420,0.13353230769230778
AOA,ColonCancer,4,214,6450,0.13353230769230778
AOA,ColonCancer,4,215,6480,0.13353230769230778
AOA,ColonCancer,4,216,6510,0.13353230769230778
AOA,ColonCancer,4,217,6540,0.13353230769230778
AOA,ColonCancer,4,218,6570,0.13353230769230778
AOA,ColonCancer,4,219,6600,0.13353230769230778
AOA,ColonCancer,4,220,6630,0.13353230769230778
AOA,ColonCancer,4,221,6660,0.13353230769230778
AOA,ColonCancer,4,222,6690,0.13353230769230778
AOA,ColonCancer,4,223,6720,0.13353230769230778
AOA,ColonCancer,4,224,6750,0.13353230769230778
AOA,ColonCancer,4,225,6780,0.13353230769230778
AOA,ColonCancer,4,226,6810,0.13353230769230778
AOA,ColonCancer,4,227,6840,0.13353230769230778
AOA,ColonCancer,4,228,6870,0.13353230769230778
AOA,ColonCancer,4,229,6900,0.13353230769230778
AOA,ColonCancer,4,230,6930,0.13353230769230778
AOA,ColonCancer,4,231,6960,0.13353230769230778
AOA,ColonCancer,4,232,6990,0.13353230769230778
AOA,ColonCancer,4,233,7020,0.13353230769230778
AOA,ColonCancer,4,234,7050,0.13353230769230778
AOA,ColonCancer,4,235,7080,0.13353230769230778
AOA,ColonCancer,4,236,7110,0.13353230769230778
AOA,ColonCancer,4,237,7140,0.13353230769230778
AOA,ColonCancer,4,238,7170,0.13353230769230778
AOA,ColonCancer,4,239,7200,0.13353230769230778
AOA,ColonCancer,4,240,7230,0.13353230769230778
AOA,ColonCancer,4,241,7260,0.13353230769230778
AOA,ColonCancer,4,242,7290,0.13353230769230778
AOA,ColonCancer,4,243,7320,0.13353230769230778
AOA,ColonCancer,4,244,7350,0.13353230769230778
AOA,ColonCancer,4,245,7380,0.13353230769230778
AOA,ColonCancer,4,246,7410,0.13353230769230778
AOA,ColonCancer,4,247,7440,0.13353230769230778
AOA,ColonCancer,4,248,7470,0.13353230769230778
AOA,ColonCancer,4,249,7500,0.13353230769230778
AOA,ColonCancer,4,250,7530,0.13353230769230778
AOA,ColonCancer,4,251,7560,0.13353230769230778
AOA,ColonCancer,4,252,7590,0.13353230769230778
AOA,ColonCancer,4,253,7620,0.13353230769230778
AOA,ColonCancer,4,254,7650,0.13353230769230778
AOA,ColonCancer,4,255,7680,0.13353230769230778
AOA,ColonCancer,4,256,7710,0.13353230769230778
AOA,ColonCancer,4,257,7740,0.13353230769230778
AOA,ColonCancer,4,258,7770,0.13353230769230778
AOA,ColonCancer,4,259,7800,0.13353230769230778
AOA,ColonCancer,4,260,7830,0.13353230769230778
AOA,ColonCancer,4,261,7860,0.13353230769230778
AOA,ColonCancer,4,262,7890,0.13353230769230778
AOA,ColonCancer,4,263,7920,0.13353230769230778
AOA,ColonCancer,4,264,7950,0.13353230769230778
AOA,ColonCancer,4,265,7980,0.13353230769230778
AOA,ColonCancer,4,266,8010,0.13353230769230778
AOA,ColonCancer,4,267,8040,0.13353230769230778
AOA,ColonCancer,4,268,8070,0.13353230769230778
AOA,ColonCancer,4,269,8100,0.13353230769230778
AOA,ColonCancer,4,270,8130,0.13353230769230778
AOA,ColonCancer,4,271,8160,0.13353230769230778
AOA,ColonCancer,4,272,8190,0.13353230769230778
AOA,ColonCancer,4,273,8220,0.13353230769230778
AOA,ColonCancer,4,274,8250,0.13353230769230778
AOA,ColonCancer,4,275,8280,0.13353230769230778
AOA,ColonCancer,4,276,8310,0.13353230769230778
AOA,ColonCancer,4,277,8340,0.13353230769230778
AOA,ColonCancer,4,278,8370,0.13353230769230778
AOA,ColonCancer,4,279,8400,0.13353230769230778
AOA,ColonCancer,4,280,8430,0.13353230769230778
AOA,ColonCancer,4,281,8460,0.13353230769230778
AOA,ColonCancer,4,282,8490,0.13353230769230778
AOA,ColonCancer,4,283,8520,0.13353230769230778
AOA,ColonCancer,4,284,8550,0.13353230769230778
AOA,ColonCancer,4,285,8580,0.13353230769230778
AOA,ColonCancer,4,286,8610,0.13353230769230778
AOA,ColonCancer,4,287,8640,0.13353230769230778
AOA,ColonCancer,4,288,8670,0.13353230769230778
AOA,ColonCancer,4,289,8700,0.13353230769230778
AOA,ColonCancer,4,290,8730,0.13353230769230778
AOA,ColonCancer,4,291,8760,0.13353230769230778
AOA,ColonCancer,4,292,8790,0.13353230769230778
AOA,ColonCancer,4,293,8820,0.13353230769230778
AOA,ColonCancer,4,294,8850,0.13353230769230778
AOA,ColonCancer,4,295,8880,0.13353230769230778
AOA,ColonCancer,4,296,8910,0.13353230769230778
AOA,ColonCancer,4,297,8940,0.13353230769230778
AOA,ColonCancer,4,298,8970,0.13353230769230778
AOA,ColonCancer,4,299,9000,0.13353230769230778
AOA,ColonCancer,4,300,9030,0.13353230769230778
AOA,ColonCancer,4,301,9060,0.13353230769230778
AOA,ColonCancer,4,302,9090,0.13353230769230778
AOA,ColonCancer,4,303,9120,0.13353230769230778
AOA,ColonCancer,4,304,9150,0.13353230769230778
AOA,ColonCancer,4,305,9180,0.13353230769230778
AOA,ColonCancer,4,306,9210,0.13353230769230778
AOA,ColonCancer,4,307,9240,0.13353230769230778
AOA,ColonCancer,4,308,9270,0.13353230769230778
AOA,ColonCancer,4,309,9300,0.13353230769230778
AOA,ColonCancer,4,310,9330,0.13353230769230778
AOA,ColonCancer,4,311,9360,0.13353230769230778
AOA,ColonCancer,4,312,9390,0.13353230769230778
AOA,ColonCancer,4,313,9420,0.13353230769230778
AOA,ColonCancer,4,314,9450,0.13353230769230778
AOA,ColonCancer,4,315,9480,0.13353230769230778
AOA,ColonCancer,4,316,9510,0.13353230769230778
AOA,ColonCancer,4,317,9540,0.13353230769230778
AOA,ColonCancer,4,318,9570,0.13353230769230778
AOA,ColonCancer,4,319,9600,0.13353230769230778
AOA,ColonCancer,4,320,9630,0.13353230769230778
AOA,ColonCancer,4,321,9660,0.13353230769230778
AOA,ColonCancer,4,322,9690,0.13353230769230778
AOA,ColonCancer,4,323,9720,0.13353230769230778
AOA,ColonCancer,4,324,9750,0.13353230769230778
AOA,ColonCancer,4,325,9780,0.13353230769230778
AOA,ColonCancer,4,326,9810,0.13353230769230778
AOA,ColonCancer,4,327,9840,0.13353230769230778
AOA,ColonCancer,4,328,9870,0.13353230769230778
AOA,ColonCancer,4,329,9900,0.13353230769230778
AOA,ColonCancer,4,330,9930,0.13353230769230778
AOA,ColonCancer,4,331,9960,0.13353230769230778
AOA,ColonCancer,4,332,9990,0.13353230769230778
AOA,ColonCancer,4,333,10020,0.13353230769230778
AOA,ColonCancer,4,334,10050,0.13353230769230778
AOA,ColonCancer,4,335,10080,0.13353230769230778
AOA,ColonCancer,4,336,10110,0.13353230769230778
AOA,ColonCancer,4,337,10140,0.13353230769230778
AOA,ColonCancer,4,338,10170,0.13353230769230778
AOA,ColonCancer,4,339,10200,0.13353230769230778
AOA,ColonCancer,4,340,10230,0.13353230769230778
AOA,ColonCancer,4,341,10260,0.13353230769230778
AOA,ColonCancer,4,342,10290,0.13353230769230778
AOA,ColonCancer,4,343,10320,0.13353230769230778
AOA,ColonCancer,4,344,10350,0.13353230769230778
AOA,ColonCancer,4,345,10380,0.13353230769230778
AOA,ColonCancer,4,346,10410,0.13353230769230778
AOA,ColonCancer,4,347,10440,0.13353230769230778
AOA,ColonCancer,4,348,10470,0.13353230769230778
AOA,ColonCancer,4,349,10500,0.13353230769230778
AOA,ColonCancer,4,350,10530,0.13353230769230778
AOA,ColonCancer,4,351,10560,0.13353230769230778
AOA,ColonCancer,4,352,10590,0.13353230769230778
AOA,ColonCancer,4,353,10620,0.13353230769230778
AOA,ColonCancer,4,354,10650,0.13353230769230778
AOA,ColonCancer,4,355,10680,0.13353230769230778
AOA,ColonCancer,4,356,10710,0.13353230769230778
AOA,ColonCancer,4,357,10740,0.13353230769230778
AOA,ColonCancer,4,358,10770,0.13353230769230778
AOA,ColonCancer,4,359,10800,0.13353230769230778
AOA,ColonCancer,4,360,10830,0.13353230769230778
AOA,ColonCancer,4,361,10860,0.13353230769230778
AOA,ColonCancer,4,362,10890,0.13353230769230778
AOA,ColonCancer,4,363,10920,0.13353230769230778
AOA,ColonCancer,4,364,10950,0.13353230769230778
AOA,ColonCancer,4,365,10980,0.13353230769230778
AOA,ColonCancer,4,366,11010,0.13353230769230778
AOA,ColonCancer,4,367,11040,0.13353230769230778
AOA,ColonCancer,4,368,11070,0.13353230769230778
AOA,ColonCancer,4,369,11100,0.13353230769230778
AOA,ColonCancer,4,370,11130,0.13353230769230778
AOA,ColonCancer,4,371,11160,0.13353230769230778
AOA,ColonCancer,4,372,11190,0.13353230769230778
AOA,ColonCancer,4,373,11220,0.13353230769230778
AOA,ColonCancer,4,374,11250,0.13353230769230778
AOA,ColonCancer,4,375,11280,0.13353230769230778
AOA,ColonCancer,4,376,11310,0.13353230769230778
AOA,ColonCancer,4,377,11340,0.13353230769230778
AOA,ColonCancer,4,378,11370,0.13353230769230778
AOA,ColonCancer,4,379,11400,0.13353230769230778
AOA,ColonCancer,4,380,11430,0.13353230769230778
AOA,ColonCancer,4,381,11460,0.13353230769230778
AOA,ColonCancer,4,382,11490,0.13353230769230778
AOA,ColonCancer,4,383,11520,0.13353230769230778
AOA,ColonCancer,4,384,11550,0.13353230769230778
AOA,ColonCancer,4,385,11580,0.13353230769230778
AOA,ColonCancer,4,386,11610,0.13353230769230778
AOA,ColonCancer,4,387,11640,0.13353230769230778
AOA,ColonCancer,4,388,11670,0.13353230769230778
AOA,ColonCancer,4,389,11700,0.13353230769230778
AOA,ColonCancer,4,390,11730,0.13353230769230778
AOA,ColonCancer,4,391,11760,0.13353230769230778
AOA,ColonCancer,4,392,11790,0.13353230769230778
AOA,ColonCancer,4,393,11820,0.13353230769230778
AOA,ColonCancer,4,394,11850,0.13353230769230778
AOA,ColonCancer,4,395,11880,0.13353230769230778
AOA,ColonCancer,4,396,11910,0.13353230769230778
AOA,ColonCancer,4,397,11940,0.13353230769230778
AOA,ColonCancer,4,398,11970,0.13353230769230778
AOA,ColonCancer,4,399,12000,0.13353230769230778
AOA,ColonCancer,4,400,12030,0.13353230769230778
AOA,ColonCancer,4,401,12060,0.13353230769230778
AOA,ColonCancer,4,402,12090,0.13353230769230778
AOA,ColonCancer,4,403,12120,0.13353230769230778
AOA,ColonCancer,4,404,12150,0.13353230769230778
AOA,ColonCancer,4,405,12180,0.13353230769230778
AOA,ColonCancer,4,406,12210,0.13353230769230778
AOA,ColonCancer,4,407,12240,0.13353230769230778
AOA,ColonCancer,4,408,12270,0.13353230769230778
AOA,ColonCancer,4,409,12300,0.13353230769230778
AOA,ColonCancer,4,410,12330,0.13353230769230778
AOA,ColonCancer,4,411,12360,0.13353230769230778
AOA,ColonCancer,4,412,12390,0.13353230769230778
AOA,ColonCancer,4,413,12420,0.13353230769230778
AOA,ColonCancer,4,414,12450,0.13353230769230778
AOA,ColonCancer,4,415,12480,0.13353230769230778
AOA,ColonCancer,4,416,12510,0.13353230769230778
AOA,ColonCancer,4,417,12540,0.13353230769230778
AOA,ColonCancer,4,418,12570,0.13353230769230778
AOA,ColonCancer,4,419,12600,0.13353230769230778
AOA,ColonCancer,4,420,12630,0.13353230769230778
AOA,ColonCancer,4,421,12660,0.13353230769230778
AOA,ColonCancer,4,422,12690,0.13353230769230778
AOA,ColonCancer,4,423,12720,0.13353230769230778
AOA,ColonCancer,4,424,12750,0.13353230769230778
AOA,ColonCancer,4,425,12780,0.13353230769230778
AOA,ColonCancer,4,426,12810,0.13353230769230778
AOA,ColonCancer,4,427,12840,0.13353230769230778
AOA,ColonCancer,4,428,12870,0.13353230769230778
AOA,ColonCancer,4,429,12900,0.13353230769230778
AOA,ColonCancer,4,430,12930,0.13353230769230778
AOA,ColonCancer,4,431,12960,0.13353230769230778
AOA,ColonCancer,4,432,12990,0.13353230769230778
AOA,ColonCancer,4,433,13020,0.13353230769230778
AOA,ColonCancer,4,434,13050,0.13353230769230778
AOA,ColonCancer,4,435,13080,0.13353230769230778
AOA,ColonCancer,4,436,13110,0.13353230769230778
AOA,ColonCancer,4,437,13140,0.13353230769230778
AOA,ColonCancer,4,438,13170,0.13353230769230778
AOA,ColonCancer,4,439,13200,0.13353230769230778
AOA,ColonCancer,4,440,13230,0.13353230769230778
AOA,ColonCancer,4,441,13260,0.13353230769230778
AOA,ColonCancer,4,442,13290,0.13353230769230778
AOA,ColonCancer,4,443,13320,0.13353230769230778
AOA,ColonCancer,4,444,13350,0.13353230769230778
AOA,ColonCancer,4,445,13380,0.13353230769230778
AOA,ColonCancer,4,446,13410,0.13353230769230778
AOA,ColonCancer,4,447,13440,0.13353230769230778
AOA,ColonCancer,4,448,13470,0.13353230769230778
AOA,ColonCancer,4,449,13500,0.13353230769230778
AOA,ColonCancer,4,450,13530,0.13353230769230778
AOA,ColonCancer,4,451,13560,0.13353230769230778
AOA,ColonCancer,4,452,13590,0.13353230769230778
AOA,ColonCancer,4,453,13620,0.13353230769230778
AOA,ColonCancer,4,454,13650,0.13353230769230778
AOA,ColonCancer,4,455,13680,0.13353230769230778
AOA,ColonCancer,4,456,13710,0.13353230769230778
AOA,ColonCancer,4,457,13740,0.13353230769230778
AOA,ColonCancer,4,458,13770,0.13353230769230778
AOA,ColonCancer,4,459,13800,0.13353230769230778
AOA,ColonCancer,4,460,13830,0.13353230769230778
AOA,ColonCancer,4,461,13860,0.13353230769230778
AOA,ColonCancer,4,462,13890,0.13353230769230778
AOA,ColonCancer,4,463,13920,0.13353230769230778
AOA,ColonCancer,4,464,13950,0.13353230769230778
AOA,ColonCancer,4,465,13980,0.13353230769230778
AOA,ColonCancer,4,466,14010,0.13353230769230778
AOA,ColonCancer,4,467,14040,0.13353230769230778
AOA,ColonCancer,4,468,14070,0.13353230769230778
AOA,ColonCancer,4,469,14100,0.13353230769230778
AOA,ColonCancer,4,470,14130,0.13353230769230778
AOA,ColonCancer,4,471,14160,0.13353230769230778
AOA,ColonCancer,4,472,14190,0.13353230769230778
AOA,ColonCancer,4,473,14220,0.13353230769230778
AOA,ColonCancer,4,474,14250,0.13353230769230778
AOA,ColonCancer,4,475,14280,0.13353230769230778
AOA,ColonCancer,4,476,14310,0.13353230769230778
AOA,ColonCancer,4,477,14340,0.13353230769230778
AOA,ColonCancer,4,478,14370,0.13353230769230778
AOA,ColonCancer,4,479,14400,0.13353230769230778
AOA,ColonCancer,4,480,14430,0.13353230769230778
AOA,ColonCancer,4,481,14460,0.13353230769230778
AOA,ColonCancer,4,482,14490,0.13353230769230778
AOA,ColonCancer,4,483,14520,0.13353230769230778
AOA,ColonCancer,4,484,14550,0.13353230769230778
AOA,ColonCancer,4,485,14580,0.13353230769230778
AOA,ColonCancer,4,486,14610,0.13353230769230778
AOA,ColonCancer,4,487,14640,0.13353230769230778
AOA,ColonCancer,4,488,14670,0.13353230769230778
AOA,ColonCancer,4,489,14700,0.13353230769230778
AOA,ColonCancer,4,490,14730,0.13353230769230778
AOA,ColonCancer,4,491,14760,0.13353230769230778
AOA,ColonCancer,4,492,14790,0.13353230769230778
AOA,ColonCancer,4,493,14820,0.13353230769230778
AOA,ColonCancer,4,494,14850,0.13353230769230778
AOA,ColonCancer,4,495,14880,0.13353230769230778
AOA,ColonCancer,4,496,14910,0.13353230769230778
AOA,ColonCancer,4,497,14940,0.13353230769230778
AOA,ColonCancer,4,498,14970,0.13353230769230778
AOA,ColonCancer,4,499,15000,0.13353230769230778
