algorithm,dataset,run_id,fitness,accuracy,n_selected_features,n_total_features,runtime_seconds
MI-threshold,Zoo,1,0.1582357142857144,0.8414285714285713,2,16,1.2787730693817139
MI-threshold,Zoo,0,0.24592142857142854,0.7528571428571429,2,16,1.335151195526123
MI-threshold,Zoo,2,0.28536785714285706,0.7123809523809524,1,16,1.2408370971679688
MI-threshold,Zoo,4,0.2853678571428572,0.7123809523809523,1,16,1.221466302871704
MI-threshold,Zoo,3,0.28536785714285706,0.7123809523809524,1,16,1.2367479801177979
MI-threshold,Zoo,5,0.31365357142857136,0.6838095238095239,1,16,1.227973222732544
MI-threshold,Zoo,7,0.4225535714285715,0.5738095238095238,1,16,1.2019767761230469
MI-threshold,Zoo,6,0.24592142857142854,0.7528571428571429,2,16,1.2217628955841064
MI-threshold,Zoo,10,0.1880892857142856,0.811904761904762,3,16,0.8481662273406982
MI-threshold,Zoo,13,0.3155392857142856,0.681904761904762,1,16,0.8291640281677246
MI-threshold,Zoo,11,0.1577642857142857,0.8419047619047619,2,16,0.8708150386810303
MI-threshold,Zoo,9,0.30422499999999986,0.6933333333333335,1,16,0.9047582149505615
MI-threshold,Zoo,8,0.24545000000000003,0.7533333333333333,2,16,0.9215490818023682
MI-threshold,Zoo,12,0.28442499999999993,0.7133333333333334,1,16,0.8832387924194336
MI-threshold,Zoo,14,0.3249678571428571,0.6723809523809524,1,16,0.9262211322784424
MI-threshold,Zoo,15,0.16813571428571442,0.8314285714285713,2,16,0.9326679706573486
MI-threshold,Zoo,17,0.2839535714285713,0.7138095238095239,1,16,0.8689301013946533
MI-threshold,Zoo,19,0.28442500000000004,0.7133333333333333,1,16,0.8464348316192627
MI-threshold,Zoo,18,0.1869928571428572,0.8123809523809523,2,16,0.8583872318267822
MI-threshold,Zoo,16,0.1582357142857143,0.8414285714285714,2,16,0.8864607810974121
MI-threshold,Zoo,21,0.28489642857142855,0.7128571428571429,1,16,0.8615961074829102
MI-threshold,Zoo,20,0.11988571428571437,0.8814285714285713,4,16,0.8810422420501709
MI-threshold,Zoo,23,0.314125,0.6833333333333333,1,16,0.8346869945526123
MI-threshold,Zoo,22,0.2853678571428572,0.7123809523809523,1,16,0.8626959323883057
MI-threshold,Sonar,0,0.3148739837398374,0.6821138211382114,1,60,0.07090210914611816
MI-threshold,Sonar,1,0.3283269454123113,0.6685249709639953,1,60,0.07265591621398926
MI-threshold,Sonar,2,0.3239576074332173,0.6729384436701509,1,60,0.07809996604919434
MI-threshold,Sonar,3,0.2899227642276423,0.7073170731707317,1,60,0.06879305839538574
MI-threshold,Sonar,4,0.3003861788617887,0.6967479674796747,1,60,0.061688899993896484
MI-threshold,Sonar,5,0.30935481997677117,0.6876887340301975,1,60,0.0581820011138916
MI-threshold,Sonar,6,0.3390203252032519,0.6577235772357725,1,60,0.06494688987731934
MI-threshold,Sonar,7,0.2949819976771197,0.7022067363530777,1,60,0.08485817909240723
MI-threshold,Sonar,8,0.29555691056910566,0.7016260162601626,1,60,0.08047819137573242
MI-threshold,Sonar,9,0.3335011614401858,0.6632984901277584,1,60,0.0662839412689209
MI-threshold,Sonar,10,0.30464053426248555,0.6924506387921021,1,60,0.06703782081604004
MI-threshold,Sonar,11,0.352588269454123,0.6440185830429733,1,60,0.06155276298522949
MI-threshold,Sonar,12,0.32384262485481996,0.673054587688734,1,60,0.06255292892456055
MI-threshold,Sonar,13,0.3337311265969802,0.6630662020905924,1,60,0.06114315986633301
MI-threshold,Sonar,14,0.30958478513356563,0.6874564459930314,1,60,0.06299686431884766
MI-threshold,Sonar,15,0.31855342624854815,0.678397212543554,1,60,0.0653371810913086
MI-threshold,Sonar,16,0.30900987224157955,0.6880371660859466,1,60,0.05996298789978027
MI-threshold,Sonar,17,0.2904976771196284,0.7067363530778165,1,60,0.06400299072265625
MI-threshold,Sonar,18,0.27681475029035985,0.7205574912891988,1,60,0.05915975570678711
MI-threshold,Sonar,19,0.3141840882694542,0.6828106852497096,1,60,0.07194805145263672
MI-threshold,Zoo,24,0.17850714285714292,0.8209523809523809,2,16,0.8233568668365479
MI-threshold,Sonar,20,0.2960168408826945,0.7011614401858305,1,60,0.06680607795715332
MI-threshold,Zoo,25,0.17803571428571432,0.8214285714285714,2,16,0.825242280960083
MI-threshold,Zoo,26,0.1577642857142857,0.8419047619047619,2,16,0.8310461044311523
MI-threshold,Zoo,27,0.13906071428571426,0.8614285714285714,3,16,0.8579821586608887
MI-threshold,Sonar,21,0.31406910569105695,0.6829268292682926,1,60,0.09022688865661621
MI-threshold,Sonar,23,0.3153339140534262,0.6816492450638792,1,60,0.06937289237976074
MI-threshold,Sonar,24,0.2903826945412311,0.7068524970963995,1,60,0.08431887626647949
MI-threshold,Zoo,28,0.3637785714285714,0.6338095238095238,2,16,0.8950991630554199
MI-threshold,Sonar,22,0.2954419279907085,0.7017421602787456,1,60,0.10177087783813477
MI-threshold,Sonar,25,0.31004471544715434,0.6869918699186993,1,60,0.090576171875
MI-threshold,Sonar,27,0.31452903600464566,0.6824622531939606,1,60,0.07617402076721191
MI-threshold,Sonar,28,0.2996962833914054,0.697444831591173,1,60,0.06303715705871582
MI-threshold,Sonar,26,0.3141840882694542,0.6828106852497096,1,60,0.10330700874328613
MI-threshold,Zoo,29,0.19689285714285712,0.8023809523809524,2,16,0.9601900577545166
MI-threshold,WDBC,0,0.060710603943487026,0.9420431609998448,10,30,0.09380602836608887
MI-threshold,Sonar,29,0.3188983739837399,0.6780487804878048,1,60,0.11989808082580566
MI-threshold,WDBC,2,0.06775019406924396,0.9349324639031206,10,30,0.10359406471252441
MI-threshold,WDBC,1,0.062447446048750084,0.9402887750349326,10,30,0.12660503387451172
MI-threshold,WDBC,3,0.058973761838223865,0.943797546964757,10,30,0.11065292358398438
MI-threshold,WDBC,4,0.057252290017078246,0.9455364073901567,10,30,0.1073462963104248
MI-threshold,WDBC,5,0.05379397609066914,0.9490296537804689,10,30,0.1101980209350586
MI-threshold,WDBC,6,0.05551544791181497,0.947290793355069,10,30,0.09803199768066406
MI-threshold,WDBC,11,0.05895839155410654,0.9438130725042695,10,30,0.07603001594543457
MI-threshold,WDBC,7,0.05379397609066914,0.9490296537804689,10,30,0.12376689910888672
MI-threshold,WDBC,10,0.06253966775345447,0.9401956217978574,10,30,0.0997171401977539
MI-threshold,WDBC,8,0.0625089271852197,0.9402266728768824,10,30,0.11063599586486816
MI-threshold,WDBC,9,0.05898913212234119,0.9437820214252446,10,30,0.1095128059387207
MI-threshold,WDBC,12,0.05553081819593219,0.9472752678155567,10,30,0.11496090888977051
MI-threshold,WDBC,13,0.060756714795839224,0.9419965843813072,10,30,0.15158987045288086
MI-threshold,WDBC,14,0.0572830305853129,0.9455053563111318,10,30,0.1260850429534912
MI-threshold,WDBC,15,0.06247818661698484,0.9402577239559076,10,30,0.09882903099060059
MI-threshold,WDBC,17,0.05728303058531279,0.9455053563111319,10,30,0.12805914878845215
MI-threshold,WDBC,19,0.05726766030119535,0.9455208818506444,10,30,0.14618706703186035
MI-threshold,WDBC,18,0.058973761838223865,0.943797546964757,10,30,0.16820907592773438
MI-threshold,WDBC,16,0.05726766030119535,0.9455208818506444,10,30,0.17940473556518555
MI-threshold,WDBC,20,0.059004502406458624,0.943766495885732,10,30,0.15230917930603027
MI-threshold,WDBC,22,0.06424576929048277,0.9384722869119703,10,30,0.11892509460449219
MI-threshold,WDBC,21,0.06074134451172179,0.9420121099208197,10,30,0.1566007137298584
MI-threshold,WDBC,24,0.06246281633286763,0.9402732494954199,10,30,0.11584782600402832
MI-threshold,WDBC,23,0.05905061325881072,0.9437199192671946,10,30,0.15621089935302734
MI-threshold,WDBC,25,0.06419965843813068,0.9385188635305077,10,30,0.15653204917907715
MI-threshold,WDBC,26,0.05903524297469339,0.943735444806707,10,30,0.1560359001159668
MI-threshold,WDBC,27,0.06074134451172179,0.9420121099208197,10,30,0.1594088077545166
MI-threshold,WDBC,29,0.0625089271852197,0.9402266728768824,10,30,0.14901018142700195
MI-threshold,WDBC,28,0.06775019406924396,0.9349324639031206,10,30,0.1913738250732422
MI-threshold,ColonCancer,6,0.13074576923076908,0.8679487179487181,3,2000,2.0172159671783447
MI-threshold,ColonCancer,7,0.15739961538461536,0.841025641025641,3,2000,2.0920467376708984
MI-threshold,ColonCancer,4,0.16120730769230765,0.8371794871794872,3,2000,2.1444549560546875
MI-threshold,ColonCancer,5,0.17643807692307684,0.8217948717948719,3,2000,2.175903081893921
MI-threshold,ColonCancer,0,0.17516884615384606,0.8230769230769232,3,2000,2.316107988357544
MI-threshold,ColonCancer,3,0.17643807692307695,0.8217948717948718,3,2000,2.220615863800049
MI-threshold,ColonCancer,1,0.20436115384615378,0.7935897435897437,3,2000,2.4286599159240723
MI-threshold,ColonCancer,2,0.15993807692307688,0.8384615384615385,3,2000,2.4294629096984863
MI-threshold,ColonCancer,8,0.14216884615384595,0.8564102564102566,3,2000,2.278517723083496
MI-threshold,ColonCancer,9,0.20563038461538452,0.7923076923076924,3,2000,2.203183174133301
MI-threshold,ColonCancer,13,0.2068996153846153,0.7910256410256411,3,2000,2.171450138092041
MI-threshold,ColonCancer,12,0.12820730769230776,0.8705128205128204,3,2000,2.2111659049987793
MI-threshold,ColonCancer,11,0.19293807692307688,0.8051282051282052,3,2000,2.2360901832580566
MI-threshold,ColonCancer,15,0.1294765384615383,0.8692307692307694,3,2000,2.0804457664489746
MI-threshold,ColonCancer,14,0.15993807692307688,0.8384615384615385,3,2000,2.1724281311035156
MI-threshold,ColonCancer,10,0.15993807692307688,0.8384615384615385,3,2000,2.366356134414673
MI-threshold,ColonCancer,18,0.15993807692307688,0.8384615384615385,3,2000,2.076690912246704
MI-threshold,ColonCancer,16,0.15993807692307688,0.8384615384615385,3,2000,2.177001953125
MI-threshold,ColonCancer,21,0.12820730769230776,0.8705128205128204,3,2000,2.0393128395080566
MI-threshold,ColonCancer,17,0.17516884615384606,0.8230769230769232,3,2000,2.1928279399871826
MI-threshold,ColonCancer,22,0.14470730769230772,0.8538461538461538,3,2000,2.106353282928467
MI-threshold,ColonCancer,23,0.17516884615384606,0.8230769230769232,3,2000,2.1369810104370117
MI-threshold,ColonCancer,19,0.15866884615384613,0.8397435897435898,3,2000,2.2742738723754883
MI-threshold,ColonCancer,20,0.14216884615384617,0.8564102564102564,3,2000,2.3416600227355957
MI-threshold,ColonCancer,29,0.16120730769230765,0.8371794871794872,3,2000,2.3494479656219482
MI-threshold,ColonCancer,24,0.17770730769230772,0.8205128205128205,3,2000,2.5307438373565674
MI-threshold,ColonCancer,28,0.15993807692307688,0.8384615384615385,3,2000,2.432453155517578
MI-threshold,ColonCancer,27,0.13074576923076908,0.8679487179487181,3,2000,2.5064127445220947
MI-threshold,ColonCancer,25,0.17516884615384606,0.8230769230769232,3,2000,2.658292055130005
MI-threshold,ColonCancer,26,0.15866884615384613,0.8397435897435898,3,2000,2.66713809967041
MI-threshold,Leukemia,0,0.027426867224066814,0.9723809523809525,30,3571,4.874191999435425
MI-threshold,Leukemia,1,0.014226867224066837,0.9857142857142858,30,3571,4.860694169998169
MI-threshold,Leukemia,7,0.04251258150978124,0.9571428571428571,30,3571,3.7414731979370117
MI-threshold,Leukemia,6,0.040626867224066894,0.959047619047619,30,3571,3.7946622371673584
MI-threshold,Leukemia,4,0.0415697243669239,0.9580952380952382,30,3571,3.8509230613708496
MI-threshold,Leukemia,2,0.041569724366924014,0.9580952380952381,30,3571,3.954022169113159
MI-threshold,Leukemia,3,0.041569724366924014,0.9580952380952381,30,3571,3.9972379207611084
MI-threshold,Leukemia,5,0.03968401008120978,0.96,30,3571,4.359942197799683
MI-threshold,Leukemia,9,0.040626867224066894,0.959047619047619,30,3571,4.568347215652466
MI-threshold,Leukemia,8,0.03968401008120978,0.96,30,3571,4.734316825866699
MI-threshold,Leukemia,11,0.027426867224066814,0.9723809523809525,30,3571,3.7684268951416016
MI-threshold,Leukemia,12,0.0415697243669239,0.9580952380952382,30,3571,3.874018907546997
MI-threshold,Leukemia,13,0.027426867224066814,0.9723809523809525,30,3571,3.859708786010742
MI-threshold,Leukemia,10,0.02836972436692393,0.9714285714285715,30,3571,4.004479169845581
MI-threshold,Leukemia,14,0.027426867224066814,0.9723809523809525,30,3571,4.27509617805481
MI-threshold,Leukemia,15,0.056655438652638335,0.9428571428571428,30,3571,4.1195690631866455
MI-threshold,Leukemia,17,0.040626867224066894,0.959047619047619,30,3571,4.248404026031494
MI-threshold,Leukemia,16,0.041569724366924014,0.9580952380952381,30,3571,4.374840021133423
MI-threshold,Leukemia,19,0.0415697243669239,0.9580952380952382,30,3571,4.369855880737305
MI-threshold,Leukemia,18,0.0415697243669239,0.9580952380952382,30,3571,4.468419790267944
MI-threshold,Leukemia,20,0.04251258150978124,0.9571428571428571,30,3571,4.366976022720337
MI-threshold,Leukemia,21,0.041569724366924014,0.9580952380952381,30,3571,4.362489223480225
MI-threshold,Leukemia,22,0.040626867224066894,0.959047619047619,30,3571,4.58737325668335
MI-threshold,Leukemia,23,0.03968401008120978,0.96,30,3571,4.637661933898926
MI-threshold,Leukemia,25,0.040626867224066894,0.959047619047619,30,3571,3.860135078430176
MI-threshold,Leukemia,24,0.027426867224066814,0.9723809523809525,30,3571,3.9241039752960205
mRMR,Zoo,0,0.03672857142857153,0.9704761904761904,12,16,2.7213358879089355
mRMR,Zoo,1,0.06627500000000017,0.9399999999999998,11,16,2.5819509029388428
MI-threshold,Leukemia,26,0.04251258150978124,0.9571428571428571,30,3571,3.5253612995147705
MI-threshold,Leukemia,27,0.041569724366924014,0.9580952380952381,30,3571,3.5441999435424805
MI-threshold,Leukemia,28,0.014226867224066837,0.9857142857142858,30,3571,3.5409719944000244
MI-threshold,Leukemia,29,0.041569724366924014,0.9580952380952381,30,3571,3.547733783721924
mRMR,Zoo,2,0.05715357142857143,0.9504761904761905,13,16,0.9931237697601318
mRMR,Zoo,4,0.043657142857142915,0.9609523809523809,8,16,0.9449691772460938
mRMR,Zoo,3,0.03563214285714291,0.9709523809523809,11,16,1.1374821662902832
mRMR,Zoo,5,0.04725357142857142,0.9604761904761905,13,16,0.9658377170562744
mRMR,Zoo,7,0.043657142857142915,0.9609523809523809,8,16,0.9448497295379639
mRMR,Zoo,6,0.057625000000000044,0.95,13,16,0.9935879707336426
mRMR,Zoo,8,0.026049999999999907,0.9800000000000001,10,16,0.9523699283599854
mRMR,Zoo,9,0.036575000000000024,0.97,11,16,0.9897480010986328
mRMR,Zoo,10,0.046474999999999815,0.9600000000000002,11,16,1.1254119873046875
mRMR,Zoo,11,0.05527857142857143,0.9504761904761905,10,16,0.9697699546813965
mRMR,Zoo,12,0.05527857142857165,0.9504761904761903,10,16,0.9520418643951416
mRMR,Zoo,13,0.026674999999999907,0.9800000000000001,11,16,0.9296388626098633
mRMR,Zoo,15,0.026203571428571402,0.9804761904761905,11,16,0.8901059627532959
mRMR,Zoo,14,0.035950000000000024,0.97,10,16,0.9269218444824219
mRMR,Zoo,16,0.04647500000000004,0.96,11,16,0.9244937896728516
mRMR,Zoo,17,0.04412857142857142,0.9604761904761905,8,16,0.9589569568634033
mRMR,Zoo,18,0.04585000000000004,0.96,10,16,0.8718428611755371
mRMR,Zoo,20,0.04662857142857142,0.9604761904761905,12,16,0.876528263092041
mRMR,Zoo,19,0.05543214285714281,0.950952380952381,11,16,0.8854117393493652
mRMR,Zoo,22,0.04600357142857142,0.9604761904761905,11,16,0.856024980545044
mRMR,Zoo,21,0.05480714285714281,0.950952380952381,10,16,0.8873269557952881
mRMR,Zoo,23,0.04537857142857142,0.9604761904761905,10,16,1.018038034439087
mRMR,Zoo,24,0.047099999999999816,0.9600000000000002,12,16,1.0765597820281982
mRMR,Sonar,1,0.18168931475029032,0.8176538908246226,7,60,0.4659240245819092
mRMR,Zoo,25,0.04725357142857142,0.9604761904761905,13,16,1.6836278438568115
mRMR,Zoo,26,0.03657499999999992,0.9700000000000001,11,16,1.7888219356536865
mRMR,Zoo,28,0.05715357142857143,0.9504761904761905,13,16,1.7331171035766602
mRMR,Zoo,29,0.04647500000000004,0.96,11,16,1.7081830501556396
mRMR,Zoo,27,0.035478571428571526,0.9704761904761904,10,16,1.7609212398529053
mRMR,Sonar,7,0.21004994192799067,0.7885017421602788,4,60,0.32419919967651367
mRMR,Sonar,2,0.14059407665505236,0.8605110336817653,15,60,2.11751389503479
mRMR,Sonar,3,0.14593495934959355,0.8552845528455284,16,60,2.4370040893554688
mRMR,Sonar,4,0.13138385598141694,0.870150987224158,17,60,2.4237589836120605
mRMR,Sonar,0,0.1326538908246226,0.870383275261324,26,60,4.312748670578003
mRMR,Sonar,10,0.14530836236933795,0.8557491289198607,15,60,2.0189528465270996
mRMR,Sonar,6,0.14200232288037173,0.8599303135888501,20,60,3.6372218132019043
mRMR,Sonar,9,0.1272845528455285,0.8747967479674796,20,60,3.248387098312378
mRMR,Sonar,5,0.17447909407665502,0.8272938443670151,21,60,4.032397747039795
mRMR,Sonar,8,0.1368681765389083,0.8656213704994192,23,60,4.36536717414856
mRMR,Sonar,11,0.13676480836236932,0.8653890824622532,21,60,3.364922046661377
mRMR,Sonar,13,0.14643495934959355,0.8552845528455284,19,60,2.7917089462280273
mRMR,Sonar,14,0.13216550522648085,0.8700348432055749,21,60,3.1270148754119873
mRMR,Sonar,16,0.1358681765389083,0.8656213704994192,17,60,2.4327361583709717
mRMR,Sonar,20,0.16339547038327532,0.8364692218350754,9,60,0.8591179847717285
mRMR,Sonar,15,0.1505743321718932,0.8511033681765389,19,60,3.0128557682037354
mRMR,Sonar,17,0.15074099883855985,0.8511033681765389,20,60,2.98286509513855
mRMR,Sonar,12,0.1484750290360046,0.8557491289198607,34,60,5.759516000747681
mRMR,Sonar,25,0.16805807200929157,0.8315911730545876,8,60,0.5006117820739746
mRMR,Sonar,19,0.16913821138211393,0.8325203252032519,20,60,2.923977851867676
mRMR,Sonar,22,0.14070905923344948,0.8603948896631823,15,60,2.348344087600708
mRMR,Sonar,18,0.15258594657375155,0.8507549361207897,29,60,4.6383819580078125
mRMR,Sonar,21,0.17487572590011616,0.827061556329849,22,60,3.567345142364502
mRMR,Sonar,27,0.16439547038327532,0.8364692218350754,15,60,1.8710792064666748
mRMR,Sonar,28,0.1547886178861789,0.8463414634146341,16,60,2.04264497756958
mRMR,Sonar,24,0.13698315911730552,0.8655052264808362,23,60,3.394519090652466
mRMR,Sonar,29,0.1494477351916376,0.8515679442508711,15,60,1.665355920791626
mRMR,Sonar,26,0.12234030197444833,0.8797909407665505,20,60,2.904323101043701
mRMR,Sonar,23,0.13322880371660864,0.8698025551684088,26,60,4.1444878578186035
mRMR,WDBC,1,0.03215354758577871,0.9718987734823784,13,30,1.733933925628662
mRMR,WDBC,3,0.030385964912280784,0.9736842105263157,13,30,1.6296961307525635
mRMR,WDBC,4,0.03596056512963826,0.968390001552554,14,30,1.8649368286132812
mRMR,WDBC,6,0.03594519484552093,0.9684055270920664,14,30,1.667362928390503
mRMR,WDBC,11,0.036046110852352195,0.9666200900481291,9,30,0.6093828678131104
mRMR,WDBC,8,0.03736407390156798,0.9666356155876418,13,30,1.570138692855835
mRMR,WDBC,0,0.03515354758577871,0.9718987734823784,22,30,4.04564905166626
mRMR,WDBC,2,0.033462816332867636,0.9736065828287532,22,30,3.9644908905029297
mRMR,WDBC,14,0.03534870361745076,0.9666511411271541,7,30,0.5544450283050537
mRMR,WDBC,5,0.03409874243129954,0.9736376339077782,24,30,4.123779773712158
mRMR,WDBC,10,0.031129482999534303,0.9736065828287532,15,30,2.5076780319213867
mRMR,WDBC,7,0.03411411271541687,0.9736221083682658,24,30,4.195900917053223
mRMR,WDBC,17,0.030517621487346807,0.9718677224033534,8,30,0.6741898059844971
mRMR,WDBC,9,0.032462816332867635,0.9736065828287532,19,30,3.7477879524230957
mRMR,WDBC,15,0.03213817730166127,0.971914299021891,13,30,2.017798900604248
mRMR,WDBC,12,0.03140133519639811,0.9736686849868033,16,30,3.199669122695923
mRMR,WDBC,20,0.02729172488743999,0.9771464058376027,14,30,1.8469440937042236
mRMR,WDBC,13,0.03409874243129954,0.9736376339077782,24,30,4.225721120834351
mRMR,WDBC,16,0.03133115975780161,0.9754230709517155,21,30,3.654409885406494
mRMR,WDBC,18,0.03033115975780161,0.9754230709517155,18,30,2.9974868297576904
mRMR,WDBC,19,0.0324474460487502,0.9736221083682658,19,30,3.6466140747070312
mRMR,WDBC,24,0.0304474460487502,0.9736221083682658,13,30,2.6414589881896973
mRMR,WDBC,21,0.03375003881384877,0.9736531594472908,23,30,4.6665260791778564
mRMR,WDBC,28,0.03293650054339385,0.9700978108989288,10,30,1.7077820301055908
mRMR,WDBC,22,0.03725446359260975,0.9701133364384413,23,30,4.7113659381866455
mRMR,WDBC,23,0.032780779382083534,0.9736221083682658,20,30,4.4138360023498535
mRMR,WDBC,25,0.031780779382083534,0.9736221083682658,17,30,4.719115972518921
mRMR,ColonCancer,0,0.07871730769230774,0.9205128205128205,5,2000,2.0531649589538574
mRMR,ColonCancer,1,0.09522230769230769,0.9038461538461539,6,2000,2.755046844482422
mRMR,ColonCancer,2,0.09648653846153844,0.9025641025641026,5,2000,2.607511043548584
mRMR,ColonCancer,3,0.07871730769230774,0.9205128205128205,5,2000,2.7034759521484375
mRMR,WDBC,27,0.032028566992702935,0.9753920198726906,23,30,7.050343036651611
mRMR,ColonCancer,4,0.09902499999999997,0.9,5,2000,3.004382848739624
mRMR,WDBC,26,0.0340833721471821,0.9736531594472908,24,30,7.631392955780029
mRMR,ColonCancer,5,0.06602499999999999,0.9333333333333333,5,2000,3.0896809101104736
mRMR,ColonCancer,6,0.0799865384615384,0.9192307692307693,5,2000,3.0957822799682617
mRMR,ColonCancer,8,0.0799865384615384,0.9192307692307693,5,2000,3.145186185836792
mRMR,ColonCancer,9,0.0799865384615384,0.9192307692307693,5,2000,3.1142172813415527
mRMR,ColonCancer,11,0.09521730769230768,0.9038461538461539,5,2000,3.2105138301849365
mRMR,ColonCancer,10,0.06475576923076921,0.9346153846153846,5,2000,3.3867130279541016
mRMR,WDBC,29,0.03411411271541687,0.9736221083682658,24,30,9.115051031112671
mRMR,ColonCancer,13,0.12949653846153833,0.8692307692307694,7,2000,3.1253859996795654
mRMR,ColonCancer,14,0.06348653846153846,0.9358974358974359,5,2000,3.139439105987549
mRMR,ColonCancer,7,0.07878230769230775,0.9205128205128205,18,2000,8.650670051574707
mRMR,ColonCancer,12,0.11175230769230762,0.8871794871794872,12,2000,6.472154140472412
mRMR,ColonCancer,15,0.08125576923076916,0.917948717948718,5,2000,3.879836082458496
mRMR,ColonCancer,16,0.09775576923076922,0.9012820512820513,5,2000,3.4668359756469727
mRMR,ColonCancer,17,0.10791461538461555,0.8910256410256409,6,2000,3.6851580142974854
mRMR,ColonCancer,19,0.09649153846153845,0.9025641025641026,6,2000,3.6848812103271484
mRMR,ColonCancer,20,0.09648653846153844,0.9025641025641026,5,2000,3.648287057876587
mRMR,ColonCancer,21,0.09648653846153844,0.9025641025641026,5,2000,3.186138868331909
mRMR,ColonCancer,18,0.09525730769230768,0.9038461538461539,13,2000,6.679260969161987
mRMR,ColonCancer,22,0.09902499999999997,0.9,5,2000,3.7989189624786377
mRMR,ColonCancer,24,0.09521730769230768,0.9038461538461539,5,2000,3.7329158782958984
mRMR,ColonCancer,25,0.11171730769230762,0.8871794871794872,5,2000,3.673961877822876
mRMR,ColonCancer,26,0.09394807692307691,0.9051282051282051,5,2000,3.857944965362549
mRMR,ColonCancer,23,0.11174230769230761,0.8871794871794872,10,2000,5.4077229499816895
mRMR,ColonCancer,27,0.09775576923076922,0.9012820512820513,5,2000,3.9591212272644043
mRMR,ColonCancer,29,0.08125576923076916,0.917948717948718,5,2000,3.2543349266052246
mRMR,ColonCancer,28,0.09651153846153844,0.9025641025641026,10,2000,5.809239149093628
mRMR,Leukemia,0,0.014162459495139366,0.9857142857142858,7,3571,6.166276216506958
mRMR,Leukemia,1,2.2402688322598714e-05,1.0,8,3571,7.025130987167358
mRMR,Leukemia,3,0.013205600672080625,0.9866666666666667,2,3571,6.726346015930176
mRMR,Leukemia,5,0.013219602352282249,0.9866666666666667,7,3571,6.690696954727173
mRMR,Leukemia,2,0.014168060167220015,0.9857142857142858,9,3571,8.151977062225342
mRMR,Leukemia,4,0.01416525983117969,0.9857142857142858,8,3571,7.754929065704346
mRMR,Leukemia,6,0.013216802016241924,0.9866666666666667,6,3571,6.697179079055786
mRMR,Leukemia,7,2.2402688322598714e-05,1.0,8,3571,7.796002149581909
mRMR,Leukemia,9,0.01320840100812095,0.9866666666666667,3,3571,5.936422824859619
mRMR,Leukemia,8,2.2402688322598714e-05,1.0,8,3571,7.40080189704895
mRMR,Leukemia,12,0.014148457814937742,0.9857142857142858,2,3571,6.704604864120483
mRMR,Leukemia,10,0.013222402688322574,0.9866666666666667,8,3571,7.294856071472168
mRMR,Leukemia,14,0.014156858823058716,0.9857142857142858,5,3571,6.25176215171814
mRMR,Leukemia,11,2.2402688322598714e-05,1.0,8,3571,7.712943077087402
mRMR,Leukemia,13,2.2402688322598714e-05,1.0,8,3571,7.122760057449341
mRMR,Leukemia,16,0.013219602352282249,0.9866666666666667,7,3571,6.765552997589111
mRMR,Leukemia,15,2.2402688322598714e-05,1.0,8,3571,7.282515048980713
mRMR,Leukemia,17,2.2402688322598714e-05,1.0,8,3571,7.199873924255371
mRMR,Leukemia,18,0.014151258150978067,0.9857142857142858,3,3571,6.663338899612427
mRMR,Leukemia,19,0.014159659159099041,0.9857142857142858,6,3571,7.080368757247925
mRMR,Leukemia,20,0.014151258150978067,0.9857142857142858,3,3571,7.07446026802063
mRMR,Leukemia,21,0.01416525983117969,0.9857142857142858,8,3571,7.8019890785217285
mRMR,Leukemia,22,0.014168060167220015,0.9857142857142858,9,3571,8.028237104415894
ReliefF-baseline,Zoo,0,0.044907142857142916,0.9609523809523809,10,16,0.7847630977630615
ReliefF-baseline,Zoo,1,0.04585000000000004,0.96,10,16,0.9264938831329346
mRMR,Leukemia,23,0.013205600672080625,0.9866666666666667,2,3571,6.74043083190918
ReliefF-baseline,Zoo,2,0.04725357142857142,0.9604761904761905,13,16,0.7064177989959717
mRMR,Leukemia,24,0.014148457814937742,0.9857142857142858,2,3571,6.7085120677948
mRMR,Leukemia,25,0.014162459495139366,0.9857142857142858,7,3571,6.697392225265503
ReliefF-baseline,Zoo,4,0.04537857142857142,0.9604761904761905,10,16,0.8104610443115234
ReliefF-baseline,Zoo,5,0.04585000000000004,0.96,10,16,0.9183502197265625
ReliefF-baseline,Zoo,3,0.036882142857142905,0.9709523809523809,13,16,1.1339457035064697
mRMR,Leukemia,26,0.014151258150978067,0.9857142857142858,3,3571,6.3282129764556885
ReliefF-baseline,Zoo,6,0.04585000000000004,0.96,10,16,0.9333820343017578
mRMR,Leukemia,27,0.028291314957794834,0.9714285714285715,2,3571,6.003736972808838
ReliefF-baseline,Zoo,7,0.027453571428571404,0.9804761904761905,13,16,1.0048010349273682
ReliefF-baseline,Zoo,9,0.04772500000000004,0.96,13,16,1.1290678977966309
ReliefF-baseline,Zoo,8,0.04647500000000004,0.96,11,16,1.2385280132293701
ReliefF-baseline,Zoo,10,0.03594999999999992,0.9700000000000001,10,16,1.0375690460205078
mRMR,Leukemia,28,1.4001680201624196e-05,1.0,5,3571,6.120668888092041
ReliefF-baseline,Zoo,11,0.054028571428571426,0.9504761904761905,8,16,0.9891238212585449
ReliefF-baseline,Zoo,13,0.035478571428571526,0.9704761904761904,10,16,0.7576010227203369
ReliefF-baseline,Zoo,12,0.035478571428571526,0.9704761904761904,10,16,0.8062338829040527
mRMR,Leukemia,29,0.027348457814937718,0.9723809523809525,2,3571,5.58245587348938
ReliefF-baseline,Zoo,15,0.027453571428571404,0.9804761904761905,13,16,0.4783816337585449
ReliefF-baseline,Zoo,16,0.035478571428571526,0.9704761904761904,10,16,0.4117770195007324
ReliefF-baseline,Zoo,17,0.04537857142857142,0.9604761904761905,10,16,0.37776994705200195
ReliefF-baseline,Zoo,21,0.037825000000000025,0.97,13,16,0.21196413040161133
ReliefF-baseline,Zoo,14,0.05527857142857143,0.9504761904761905,10,16,0.7706596851348877
ReliefF-baseline,Zoo,18,0.035478571428571526,0.9704761904761904,10,16,0.47519707679748535
ReliefF-baseline,Zoo,20,0.03735357142857153,0.9704761904761904,13,16,0.45487093925476074
ReliefF-baseline,Zoo,19,0.044907142857142916,0.9609523809523809,10,16,0.47060203552246094
ReliefF-baseline,Zoo,22,0.03594999999999992,0.9700000000000001,10,16,0.4337139129638672
ReliefF-baseline,Zoo,23,0.03594999999999992,0.9700000000000001,10,16,0.44118237495422363
ReliefF-baseline,Sonar,0,0.1766933797909407,0.8225319396051104,6,60,0.15946698188781738
ReliefF-baseline,Zoo,29,0.035950000000000024,0.97,10,16,0.3458890914916992
ReliefF-baseline,Sonar,1,0.2006730545876887,0.7981416957026713,5,60,0.14969611167907715
ReliefF-baseline,Zoo,27,0.04725357142857142,0.9604761904761905,13,16,0.36914587020874023
ReliefF-baseline,Zoo,26,0.037824999999999914,0.9700000000000001,13,16,0.42138004302978516
ReliefF-baseline,Zoo,24,0.04662857142857142,0.9604761904761905,12,16,0.579251766204834
ReliefF-baseline,Zoo,28,0.04585000000000004,0.96,10,16,0.38814687728881836
ReliefF-baseline,Zoo,25,0.04647500000000004,0.96,11,16,0.6510601043701172
ReliefF-baseline,Sonar,2,0.16749477351916378,0.8318234610917538,6,60,0.24613308906555176
ReliefF-baseline,Sonar,8,0.1820975609756098,0.8170731707317073,6,60,0.20659208297729492
ReliefF-baseline,Sonar,6,0.1868118466898955,0.8123112659698025,6,60,0.23573780059814453
ReliefF-baseline,Sonar,5,0.2194668989547039,0.7793263646922183,6,60,0.24778413772583008
ReliefF-baseline,Sonar,7,0.16749477351916378,0.8318234610917538,6,60,0.3062448501586914
ReliefF-baseline,Sonar,9,0.17186411149825778,0.8274099883855982,6,60,0.2875192165374756
ReliefF-baseline,Sonar,11,0.19601045296167244,0.8030197444831592,6,60,0.24308514595031738
ReliefF-baseline,Sonar,12,0.16278048780487808,0.8365853658536585,6,60,0.24049615859985352
ReliefF-baseline,Sonar,14,0.20060975609756113,0.7983739837398373,6,60,0.24427199363708496
ReliefF-baseline,Sonar,15,0.1580029036004646,0.8415795586527294,7,60,0.2541491985321045
ReliefF-baseline,Sonar,16,0.17731997677119632,0.8220673635307781,7,60,0.21954894065856934
ReliefF-baseline,Sonar,18,0.18697851335656218,0.8123112659698025,7,60,0.20469212532043457
ReliefF-baseline,Sonar,19,0.18612195121951233,0.8130081300813007,6,60,0.15181899070739746
ReliefF-baseline,Sonar,21,0.16737979094076655,0.8319396051103368,6,60,0.16228008270263672
ReliefF-baseline,Sonar,22,0.18709349593495941,0.8121951219512195,7,60,0.16429376602172852
ReliefF-baseline,Sonar,17,0.17208246225319387,0.8275261324041813,8,60,0.5113809108734131
ReliefF-baseline,Sonar,23,0.17301393728223,0.8262485481997677,6,60,0.17182588577270508
ReliefF-baseline,Sonar,24,0.1814076655052264,0.8177700348432057,6,60,0.155242919921875
ReliefF-baseline,Sonar,27,0.18186759581881534,0.8173054587688734,6,60,0.16245198249816895
ReliefF-baseline,Sonar,26,0.17680836236933795,0.8224157955865273,6,60,0.19036102294921875
ReliefF-baseline,Sonar,28,0.16312543554006978,0.8362369337979093,6,60,0.15160512924194336
ReliefF-baseline,Sonar,29,0.16255052264808362,0.8368176538908246,6,60,0.16136765480041504
ReliefF-baseline,Sonar,10,0.1871852497096399,0.8127758420441348,11,60,1.2677888870239258
ReliefF-baseline,Sonar,13,0.17899825783972134,0.821718931475029,15,60,2.0383880138397217
ReliefF-baseline,Sonar,20,0.1743356562137051,0.8265969802555168,16,60,1.9403331279754639
ReliefF-baseline,WDBC,3,0.03741887905604715,0.9648967551622419,8,30,0.4451892375946045
ReliefF-baseline,Sonar,3,0.18426422764227648,0.8170731707317073,19,60,2.8005568981170654
ReliefF-baseline,Sonar,25,0.18387921022067372,0.8169570267131242,16,60,1.811763048171997
ReliefF-baseline,WDBC,4,0.029471510634994605,0.971914299021891,5,30,0.2722146511077881
ReliefF-baseline,WDBC,8,0.041342182890855506,0.9595870206489675,4,30,0.2657887935638428
ReliefF-baseline,Sonar,4,0.1705865272938443,0.8324041811846691,28,60,3.823029041290283
ReliefF-baseline,WDBC,2,0.0320833721471821,0.9736531594472908,18,30,2.5055508613586426
ReliefF-baseline,WDBC,10,0.03616239714330067,0.9648191274646795,4,30,0.2362360954284668
ReliefF-baseline,WDBC,0,0.03622372302437509,0.9701443875174662,20,30,2.7921059131622314
ReliefF-baseline,WDBC,1,0.03448688091911204,0.9718987734823784,20,30,2.860776901245117
ReliefF-baseline,WDBC,6,0.03804611085235219,0.9666200900481291,15,30,1.6419169902801514
ReliefF-baseline,WDBC,14,0.036100916006831144,0.9648812296227295,4,30,0.24380803108215332
ReliefF-baseline,WDBC,7,0.034184288154013476,0.9718677224033534,19,30,2.090334892272949
ReliefF-baseline,WDBC,5,0.029291724887439766,0.9771464058376029,20,30,2.2676150798797607
ReliefF-baseline,WDBC,17,0.03960534078559234,0.9613414066138798,4,30,0.23140907287597656
ReliefF-baseline,WDBC,18,0.03957460021735758,0.9613724576929048,4,30,0.2594468593597412
ReliefF-baseline,WDBC,19,0.039620711069709665,0.9613258810743673,4,30,0.2335190773010254
ReliefF-baseline,WDBC,9,0.036557056357708534,0.9701443875174661,21,30,2.3704230785369873
ReliefF-baseline,WDBC,15,0.03904611085235219,0.9666200900481291,18,30,1.4200937747955322
ReliefF-baseline,WDBC,16,0.03729389846297181,0.9683900015525537,18,30,1.4112751483917236
ReliefF-baseline,WDBC,13,0.036557056357708534,0.9701443875174661,21,30,1.7488830089569092
ReliefF-baseline,WDBC,24,0.03264260208042225,0.9683744760130415,4,30,0.2908139228820801
ReliefF-baseline,WDBC,21,0.03774351808725362,0.9665890389691041,14,30,1.0310108661651611
ReliefF-baseline,WDBC,20,0.031432075764632875,0.9736376339077782,16,30,1.2009899616241455
ReliefF-baseline,WDBC,26,0.037883868964446614,0.9630802670392795,4,30,0.2196049690246582
ReliefF-baseline,WDBC,27,0.03614702685918323,0.964834653004192,4,30,0.2601621150970459
ReliefF-baseline,WDBC,28,0.04132681260673818,0.95960254618848,4,30,0.26039719581604004
ReliefF-baseline,WDBC,11,0.03582021425244537,0.9718987734823784,24,30,2.8525660037994385
ReliefF-baseline,ColonCancer,0,0.09649653846153844,0.9025641025641026,7,2000,0.15830206871032715
ReliefF-baseline,WDBC,12,0.0340833721471821,0.9736531594472908,24,30,2.826836109161377
ReliefF-baseline,WDBC,22,0.032114112715416865,0.9736221083682658,18,30,1.6677367687225342
ReliefF-baseline,ColonCancer,5,0.11424076923076915,0.8846153846153847,2,2000,0.09387373924255371
ReliefF-baseline,ColonCancer,4,0.09653653846153845,0.9025641025641026,15,2000,0.5440258979797363
ReliefF-baseline,ColonCancer,1,0.07877230769230774,0.9205128205128205,16,2000,0.7281999588012695
ReliefF-baseline,WDBC,29,0.03455705635770854,0.9701443875174661,15,30,1.116899013519287
ReliefF-baseline,ColonCancer,8,0.09520730769230769,0.9038461538461539,3,2000,0.1129767894744873
ReliefF-baseline,ColonCancer,3,0.07878230769230775,0.9205128205128205,18,2000,0.7968301773071289
ReliefF-baseline,WDBC,23,0.03589038969104187,0.9701443875174661,19,30,1.939058780670166
ReliefF-baseline,ColonCancer,2,0.08132576923076927,0.9179487179487179,19,2000,0.952786922454834
ReliefF-baseline,ColonCancer,6,0.08130076923076927,0.9179487179487179,14,2000,0.5910260677337646
ReliefF-baseline,ColonCancer,14,0.09395807692307691,0.9051282051282051,7,2000,0.16182303428649902
ReliefF-baseline,WDBC,25,0.03443207576463287,0.9736376339077782,25,30,2.142443895339966
ReliefF-baseline,ColonCancer,10,0.08130076923076916,0.917948717948718,14,2000,0.5546648502349854
ReliefF-baseline,ColonCancer,12,0.07875230769230775,0.9205128205128205,12,2000,0.4282350540161133
ReliefF-baseline,ColonCancer,16,0.11170230769230761,0.8871794871794872,2,2000,0.1291651725769043
ReliefF-baseline,ColonCancer,17,0.11170230769230784,0.887179487179487,2,2000,0.11090707778930664
ReliefF-baseline,ColonCancer,18,0.11170230769230761,0.8871794871794872,2,2000,0.1273479461669922
ReliefF-baseline,ColonCancer,9,0.0800365384615385,0.9192307692307692,15,2000,0.7446169853210449
ReliefF-baseline,ColonCancer,11,0.08003653846153841,0.9192307692307693,15,2000,0.7302978038787842
ReliefF-baseline,ColonCancer,21,0.0799715384615384,0.9192307692307693,2,2000,0.10567522048950195
ReliefF-baseline,ColonCancer,23,0.11171730769230762,0.8871794871794872,5,2000,0.12612390518188477
ReliefF-baseline,ColonCancer,7,0.07751807692307687,0.9217948717948719,19,2000,1.1287329196929932
ReliefF-baseline,ColonCancer,24,0.09649653846153844,0.9025641025641026,7,2000,0.13553881645202637
ReliefF-baseline,ColonCancer,26,0.11043307692307708,0.8884615384615383,2,2000,0.09864068031311035
ReliefF-baseline,ColonCancer,25,0.11044807692307686,0.8884615384615385,5,2000,0.12558293342590332
ReliefF-baseline,ColonCancer,29,0.09649153846153845,0.9025641025641026,6,2000,0.14147305488586426
ReliefF-baseline,ColonCancer,15,0.0800315384615384,0.9192307692307693,14,2000,0.7801458835601807
ReliefF-baseline,ColonCancer,13,0.08132076923076917,0.917948717948718,18,2000,1.109955072402954
ReliefF-baseline,ColonCancer,22,0.09652653846153844,0.9025641025641026,13,2000,0.676023006439209
ReliefF-baseline,ColonCancer,19,0.09526730769230769,0.9038461538461539,15,2000,0.9118640422821045
ReliefF-baseline,Leukemia,1,0.028308116974036783,0.9714285714285715,8,3571,0.27126288414001465
ReliefF-baseline,Leukemia,0,0.01416525983117969,0.9857142857142858,8,3571,0.3048248291015625
ReliefF-baseline,ColonCancer,20,0.0800365384615385,0.9192307692307692,15,2000,0.9200987815856934
ReliefF-baseline,Leukemia,3,0.02641120134416125,0.9733333333333334,4,3571,0.15329813957214355
ReliefF-baseline,Leukemia,4,0.01416525983117969,0.9857142857142858,8,3571,0.34602808952331543
ReliefF-baseline,Leukemia,2,0.01417086050326034,0.9857142857142858,10,3571,0.6522731781005859
ReliefF-baseline,Leukemia,6,0.04056525983117975,0.959047619047619,8,3571,0.3437492847442627
ReliefF-baseline,Leukemia,8,0.013222402688322574,0.9866666666666667,8,3571,0.315479040145874
ReliefF-baseline,Leukemia,5,0.026425203024362874,0.9733333333333334,9,3571,0.5614480972290039
ReliefF-baseline,ColonCancer,27,0.08257500000000004,0.9166666666666666,15,2000,1.1928977966308594
ReliefF-baseline,Leukemia,10,0.027365259831179666,0.9723809523809525,8,3571,0.32126522064208984
ReliefF-baseline,Leukemia,12,0.027365259831179666,0.9723809523809525,8,3571,0.2976958751678467
ReliefF-baseline,Leukemia,11,0.02736806016721999,0.9723809523809525,9,3571,0.4037630558013916
ReliefF-baseline,Leukemia,9,0.01323080369644355,0.9866666666666667,11,3571,0.6582612991333008
ReliefF-baseline,Leukemia,14,0.02736806016721999,0.9723809523809525,9,3571,0.4202141761779785
ReliefF-baseline,Leukemia,13,0.014168060167220015,0.9857142857142858,9,3571,0.44441723823547363
ReliefF-baseline,Leukemia,16,0.01323080369644355,0.9866666666666667,11,3571,0.6137170791625977
ReliefF-baseline,ColonCancer,28,0.0800715384615384,0.9192307692307693,22,2000,2.008852005004883
ReliefF-baseline,Leukemia,20,0.028310917310077108,0.9714285714285715,9,3571,0.35588598251342773
ReliefF-baseline,Leukemia,17,0.014173660839300667,0.9857142857142858,11,3571,0.6111500263214111
ReliefF-baseline,Leukemia,7,4.760571268552227e-05,1.0,17,3571,1.4982800483703613
ReliefF-baseline,Leukemia,18,0.014173660839300667,0.9857142857142858,11,3571,0.5804040431976318
ReliefF-baseline,Leukemia,19,0.014173660839300667,0.9857142857142858,11,3571,0.6712760925292969
ReliefF-baseline,Leukemia,21,0.02736806016721999,0.9723809523809525,9,3571,0.4608449935913086
ReliefF-baseline,Leukemia,24,0.02736806016721999,0.9723809523809525,9,3571,0.4315509796142578
ReliefF-baseline,Leukemia,25,0.026425203024362874,0.9733333333333334,9,3571,0.40131378173828125
ReliefF-baseline,Leukemia,22,0.026425203024362874,0.9733333333333334,9,3571,0.4906468391418457
ReliefF-baseline,Leukemia,26,0.028308116974036783,0.9714285714285715,8,3571,0.3112497329711914
ReliefF-baseline,Leukemia,15,0.028333319998399706,0.9714285714285715,17,3571,1.5100021362304688
ReliefF-baseline,Leukemia,27,0.014168060167220015,0.9857142857142858,9,3571,0.4570932388305664
LASSO,Zoo,1,0.10540357142857149,0.9004761904761904,11,16,0.29792189598083496
LASSO,Zoo,0,0.13321785714285725,0.8723809523809523,11,16,0.3183443546295166
LASSO,Zoo,2,0.11436071428571426,0.8914285714285715,11,16,0.3193330764770508
ReliefF-baseline,Leukemia,28,0.028310917310077108,0.9714285714285715,9,3571,0.4100956916809082
LASSO,Zoo,3,0.10446071428571425,0.9014285714285715,11,16,0.31385302543640137
LASSO,Zoo,5,0.11530357142857138,0.8904761904761905,11,16,0.303210973739624
LASSO,Zoo,6,0.1252035714285715,0.8804761904761904,11,16,0.31432294845581055
LASSO,Zoo,4,0.11483214285714287,0.8909523809523809,11,16,0.38573575019836426
LASSO,Zoo,8,0.12426071428571438,0.8814285714285713,11,16,0.3635561466217041
LASSO,Zoo,7,0.10398928571428574,0.9019047619047619,11,16,0.3777577877044678
ReliefF-baseline,Leukemia,29,0.02736806016721999,0.9723809523809525,9,3571,0.7229270935058594
LASSO,Zoo,10,0.12473214285714278,0.880952380952381,11,16,0.3934590816497803
LASSO,Zoo,9,0.12473214285714278,0.880952380952381,11,16,0.4142191410064697
LASSO,Zoo,11,0.12473214285714278,0.880952380952381,11,16,0.4043009281158447
LASSO,Zoo,12,0.124732142857143,0.8809523809523808,11,16,0.36336278915405273
LASSO,Zoo,15,0.12426071428571438,0.8814285714285713,11,16,0.3312368392944336
LASSO,Zoo,13,0.12426071428571438,0.8814285714285713,11,16,0.37309694290161133
LASSO,Zoo,14,0.11483214285714287,0.8909523809523809,11,16,0.4036750793457031
LASSO,Zoo,17,0.11436071428571426,0.8914285714285715,11,16,0.362293004989624
LASSO,Zoo,19,0.12378928571428566,0.881904761904762,11,16,0.33794689178466797
LASSO,Zoo,16,0.13368928571428565,0.871904761904762,11,16,0.38668107986450195
LASSO,Zoo,18,0.11436071428571448,0.8914285714285712,11,16,0.37026309967041016
LASSO,Zoo,20,0.11483214285714287,0.8909523809523809,11,16,0.33442211151123047
LASSO,Zoo,22,0.11483214285714287,0.8909523809523809,11,16,0.3666720390319824
LASSO,Zoo,21,0.11483214285714287,0.8909523809523809,11,16,0.406095027923584
LASSO,Zoo,24,0.10446071428571425,0.9014285714285715,11,16,0.31446194648742676
LASSO,Zoo,25,0.1153035714285716,0.8904761904761903,11,16,0.43100500106811523
LASSO,Zoo,23,0.13463214285714287,0.8709523809523809,11,16,0.46309518814086914
LASSO,Zoo,26,0.12473214285714278,0.880952380952381,11,16,0.47539687156677246
LASSO,Zoo,27,0.10446071428571425,0.9014285714285715,11,16,0.4527559280395508
LASSO,Zoo,29,0.12473214285714278,0.880952380952381,11,16,0.419658899307251
LASSO,Zoo,28,0.10493214285714286,0.900952380952381,11,16,0.43722009658813477
LASSO,Sonar,6,0.1864465737514518,0.821602787456446,59,60,0.42204904556274414
ReliefF-baseline,Leukemia,23,0.013247605712685498,0.9866666666666667,17,3571,2.858963966369629
LASSO,Sonar,0,0.1908159117305459,0.8171893147502903,59,60,0.7315850257873535
LASSO,Sonar,2,0.18598664343786298,0.8220673635307781,59,60,0.6879251003265381
LASSO,Sonar,4,0.20001451800232284,0.807897793263647,59,60,0.6801068782806396
LASSO,Sonar,1,0.17621312427409988,0.8319396051103368,59,60,0.765549898147583
LASSO,Sonar,3,0.17161382113821141,0.8365853658536585,59,60,0.7223899364471436
LASSO,Sonar,5,0.204958768873403,0.8029036004645761,59,60,0.6676578521728516
LASSO,Sonar,8,0.1998995354239256,0.80801393728223,59,60,0.4086768627166748
LASSO,Sonar,9,0.22876016260162596,0.7788617886178862,59,60,0.5023601055145264
LASSO,Sonar,12,0.18633159117305467,0.821718931475029,59,60,0.39855217933654785
LASSO,Sonar,10,0.20909814169570273,0.7987224157955864,59,60,0.45277905464172363
LASSO,Sonar,14,0.18115737514518004,0.826945412311266,59,60,0.43463802337646484
LASSO,Sonar,15,0.17609814169570265,0.8320557491289199,59,60,0.41454005241394043
LASSO,Sonar,16,0.20944308943089435,0.7983739837398374,59,60,0.605614185333252
LASSO,Sonar,18,0.1904709639953542,0.8175377468060395,59,60,0.5708239078521729
LASSO,Sonar,17,0.1958118466898955,0.8123112659698025,60,60,0.5843172073364258
LASSO,Sonar,11,0.1813873403019745,0.8267131242740998,59,60,1.0109210014343262
LASSO,Sonar,13,0.2002444831591173,0.8076655052264808,59,60,0.9927399158477783
LASSO,Sonar,19,0.22324099883855983,0.7844367015098722,59,60,0.5451908111572266
LASSO,Sonar,7,0.22818524970964,0.7794425087108013,59,60,1.3641068935394287
LASSO,Sonar,20,0.20972473867595837,0.7982578397212542,60,60,0.5664200782775879
LASSO,Sonar,21,0.22473577235772355,0.7829268292682927,59,60,0.42277097702026367
LASSO,Sonar,22,0.2150772357723578,0.7926829268292682,59,60,0.432891845703125
LASSO,Sonar,24,0.2096730545876887,0.7981416957026713,59,60,0.40740275382995605
LASSO,Sonar,25,0.20978803716608593,0.7980255516840883,59,60,0.40754199028015137
LASSO,Sonar,26,0.1904709639953542,0.8175377468060395,59,60,0.5496292114257812
LASSO,Sonar,23,0.2102996515679442,0.7976771196283392,60,60,0.5802130699157715
LASSO,WDBC,1,0.04749790405216582,0.9560627231796305,12,30,0.3324618339538574
LASSO,Sonar,27,0.18633159117305467,0.821718931475029,59,60,0.6052348613739014
LASSO,Sonar,28,0.19599012775842053,0.8119628339140533,59,60,0.6197199821472168
LASSO,Sonar,29,0.21433565621370496,0.7932636469221835,58,60,0.5191681385040283
LASSO,WDBC,0,0.04842772861356922,0.9578171091445429,20,30,0.501183032989502
LASSO,WDBC,2,0.043247942866014605,0.9630492159602546,20,30,0.4940669536590576
LASSO,WDBC,3,0.04144961962428202,0.9648657040832168,20,30,0.4718952178955078
LASSO,WDBC,4,0.04844309889768666,0.9578015836050303,20,30,0.49763989448547363
LASSO,WDBC,5,0.03450225120322937,0.971883247942866,20,30,0.5076580047607422
LASSO,WDBC,6,0.045241266884024245,0.9613724576929048,21,30,0.4944131374359131
LASSO,WDBC,7,0.04355053563111317,0.9630802670392796,21,30,0.4712369441986084
LASSO,WDBC,9,0.041495730476634005,0.9648191274646795,20,30,0.4215869903564453
LASSO,WDBC,8,0.04318646172954508,0.9631113181183046,20,30,0.49025893211364746
LASSO,WDBC,10,0.05228085700978108,0.9542617605961807,21,30,0.5099647045135498
LASSO,WDBC,11,0.03796056512963826,0.968390001552554,20,30,0.5438048839569092
LASSO,WDBC,12,0.04141887905604715,0.9648967551622419,20,30,0.5607500076293945
LASSO,WDBC,13,0.043232572581897166,0.9630647414997672,20,30,0.4614090919494629
LASSO,WDBC,14,0.04315572116131031,0.9631423691973297,20,30,0.47823381423950195
LASSO,WDBC,15,0.04492330383480824,0.9613569321533924,20,30,0.4660310745239258
LASSO,WDBC,16,0.046978108989287407,0.9596180717279925,21,30,0.4265620708465576
LASSO,WDBC,17,0.04353516534699573,0.9630957925787922,21,30,0.3801889419555664
LASSO,WDBC,19,0.044054960409874264,0.95954044403043,12,30,0.2887749671936035
LASSO,WDBC,18,0.04492330383480824,0.9613569321533924,20,30,0.45665812492370605
LASSO,WDBC,20,0.04178295295761535,0.9648657040832168,21,30,0.5149147510528564
LASSO,WDBC,22,0.03972814780313619,0.9666045645086166,20,30,0.42762303352355957
LASSO,WDBC,24,0.0435659059152305,0.9630647414997672,21,30,0.41064000129699707
LASSO,WDBC,27,0.04179832324173257,0.9648501785437045,21,30,0.38924503326416016
LASSO,WDBC,26,0.044892563266573586,0.9613879832324173,20,30,0.5133481025695801
LASSO,WDBC,23,0.04400884955752217,0.9595870206489675,12,30,1.16884183883667
LASSO,WDBC,29,0.04493867411892567,0.9613414066138798,20,30,1.3589539527893066
LASSO,ColonCancer,0,0.000115,1.0,23,2000,1.4369862079620361
LASSO,WDBC,21,0.05185530197174357,0.9543549138332557,20,30,2.1902949810028076
LASSO,WDBC,28,0.05048253376804861,0.9560782487191428,21,30,1.8431758880615234
LASSO,WDBC,25,0.03972814780313619,0.9666045645086166,20,30,2.344447135925293
LASSO,ColonCancer,1,0.04850076923076928,0.9512820512820512,54,2000,1.8877952098846436
LASSO,ColonCancer,2,0.06501576923076921,0.9346153846153846,57,2000,1.9940416812896729
LASSO,ColonCancer,3,0.06373153846153846,0.9358974358974359,54,2000,1.8742671012878418
LASSO,ColonCancer,4,0.03199576923076934,0.9679487179487178,53,2000,1.4195148944854736
LASSO,ColonCancer,6,0.000115,1.0,23,2000,1.4854519367218018
LASSO,ColonCancer,5,0.04851076923076928,0.9512820512820512,56,2000,2.011681079864502
LASSO,ColonCancer,8,0.11271230769230761,0.8871794871794872,204,2000,1.9684879779815674
LASSO,ColonCancer,7,0.04732153846153851,0.9525641025641025,72,2000,2.279299020767212
LASSO,ColonCancer,9,0.01676500000000016,0.9833333333333332,53,2000,2.116752862930298
LASSO,ColonCancer,10,0.00012,1.0,24,2000,2.1709771156311035
LASSO,ColonCancer,11,0.030721538461538352,0.9692307692307693,52,2000,1.8367910385131836
LASSO,ColonCancer,12,0.03207076923076934,0.9679487179487178,68,2000,2.107166051864624
LASSO,ColonCancer,13,0.033270000000000105,0.9666666666666666,54,2000,1.999213695526123
LASSO,ColonCancer,14,0.047366538461538515,0.9525641025641025,81,2000,1.8605210781097412
LASSO,ColonCancer,16,0.01662000000000016,0.9833333333333332,24,2000,1.980118989944458
LASSO,ColonCancer,15,0.04851576923076928,0.9512820512820512,57,2000,2.149824857711792
LASSO,ColonCancer,17,0.04721653846153851,0.9525641025641025,51,2000,2.231713056564331
LASSO,ColonCancer,18,0.04860076923076906,0.9512820512820515,74,2000,2.1888608932495117
LASSO,ColonCancer,19,0.04739653846153851,0.9525641025641025,87,2000,2.302399158477783
LASSO,ColonCancer,20,0.09734153846153845,0.9025641025641026,176,2000,1.965135097503662
LASSO,ColonCancer,22,0.016624999999999942,0.9833333333333334,25,2000,2.16382098197937
LASSO,ColonCancer,21,0.03185576923076934,0.9679487179487178,25,2000,2.3122596740722656
LASSO,ColonCancer,23,0.04862576923076928,0.9512820512820512,79,2000,2.259971857070923
LASSO,ColonCancer,24,0.04835076923076928,0.9512820512820512,24,2000,2.273566246032715
LASSO,ColonCancer,25,0.04848576923076928,0.9512820512820512,51,2000,1.9650931358337402
LASSO,ColonCancer,26,0.0630623076923077,0.9371794871794872,174,2000,1.8308300971984863
LASSO,ColonCancer,28,0.06379653846153846,0.9358974358974359,67,2000,1.7860541343688965
LASSO,ColonCancer,27,0.06500076923076922,0.9346153846153846,54,2000,2.2219860553741455
LASSO,ColonCancer,29,0.016614999999999942,0.9833333333333334,23,2000,1.7568848133087158
LASSO,Leukemia,0,0.0002912349481937833,1.0,104,3571,2.380466938018799
LASSO,Leukemia,1,0.014184862183461966,0.9857142857142858,15,3571,2.1359457969665527
LASSO,Leukemia,3,4.200504060487258e-05,1.0,15,3571,2.0124452114105225
LASSO,Leukemia,2,4.760571268552227e-05,1.0,17,3571,2.514356851577759
LASSO,Leukemia,6,3.920470456454775e-05,1.0,14,3571,2.5339908599853516
LASSO,Leukemia,4,0.01419326319158294,0.9857142857142858,18,3571,3.2784109115600586
LASSO,Leukemia,5,0.013247605712685498,0.9866666666666667,17,3571,3.0907139778137207
LASSO,Leukemia,7,5.04060487258471e-05,1.0,18,3571,2.5117437839508057
LASSO,Leukemia,8,3.920470456454775e-05,1.0,14,3571,2.298128843307495
LASSO,Leukemia,9,4.480537664519743e-05,1.0,16,3571,2.3533902168273926
LASSO,Leukemia,11,9.801176141136937e-05,1.0,35,3571,2.3815109729766846
LASSO,Leukemia,10,0.013250406048725823,0.9866666666666667,18,3571,2.7664122581481934
LASSO,Leukemia,15,5.04060487258471e-05,1.0,18,3571,2.710367202758789
LASSO,Leukemia,13,5.04060487258471e-05,1.0,18,3571,3.0370218753814697
LASSO,Leukemia,14,5.04060487258471e-05,1.0,18,3571,3.2930550575256348
LASSO,Leukemia,12,4.760571268552227e-05,1.0,17,3571,3.371547222137451
LASSO,Leukemia,16,4.480537664519743e-05,1.0,16,3571,3.1357531547546387
LASSO,Leukemia,19,0.00010361243349201905,1.0,37,3571,2.4744560718536377
LASSO,Leukemia,18,5.04060487258471e-05,1.0,18,3571,2.7291579246520996
LASSO,Leukemia,17,0.00011201344161299357,1.0,40,3571,3.381132125854492
LASSO,Leukemia,21,4.200504060487258e-05,1.0,15,3571,1.7693629264831543
LASSO,Leukemia,23,3.920470456454775e-05,1.0,14,3571,1.6513590812683105
LASSO,Leukemia,20,8.681041725007002e-05,1.0,31,3571,2.670184850692749
LASSO,Leukemia,22,0.00012041444973396807,1.0,43,3571,2.7031099796295166
LASSO,Leukemia,28,4.200504060487258e-05,1.0,15,3571,1.678887128829956
LASSO,Leukemia,25,5.04060487258471e-05,1.0,18,3571,2.9189281463623047
LASSO,Leukemia,27,5.3206384766171945e-05,1.0,19,3571,2.594282865524292
LASSO,Leukemia,26,5.3206384766171945e-05,1.0,19,3571,2.8784520626068115
LASSO,Leukemia,24,5.04060487258471e-05,1.0,18,3571,3.142764091491699
SFS,Zoo,0,0.06783214285714283,0.940952380952381,15,16,2.44631290435791
LASSO,Leukemia,29,4.760571268552227e-05,1.0,17,3571,2.5150489807128906
SFS,Zoo,1,0.07867500000000005,0.9299999999999999,15,16,1.9132208824157715
SFS,Zoo,3,0.057932142857142814,0.950952380952381,15,16,1.0435340404510498
SFS,Zoo,2,0.06783214285714283,0.940952380952381,15,16,1.3238389492034912
SFS,Zoo,6,0.08857500000000007,0.9199999999999999,15,16,1.0725829601287842
SFS,Zoo,5,0.05840357142857143,0.9504761904761905,15,16,1.100292682647705
SFS,Zoo,4,0.057932142857142814,0.950952380952381,15,16,1.1359279155731201
SFS,Zoo,8,0.06830357142857155,0.9404761904761904,15,16,1.0546457767486572
SFS,Zoo,7,0.06783214285714283,0.940952380952381,15,16,1.2030248641967773
SFS,Zoo,9,0.08857500000000007,0.9199999999999999,15,16,1.2344067096710205
SFS,Zoo,10,0.07867499999999994,0.93,15,16,1.2381219863891602
SFS,Zoo,11,0.06830357142857144,0.9404761904761905,15,16,1.2296061515808105
SFS,Zoo,13,0.05840357142857143,0.9504761904761905,15,16,1.2066428661346436
SFS,Zoo,12,0.07820357142857155,0.9304761904761903,15,16,1.3010740280151367
SFS,Zoo,14,0.06877500000000016,0.9399999999999998,15,16,1.3724470138549805
SFS,Zoo,15,0.05840357142857165,0.9504761904761903,15,16,1.2131438255310059
SFS,Zoo,17,0.05840357142857143,0.9504761904761905,15,16,1.0577468872070312
SFS,Zoo,16,0.07773214285714283,0.930952380952381,15,16,1.2904808521270752
SFS,Zoo,19,0.05840357142857165,0.9504761904761903,15,16,1.33546781539917
SFS,Zoo,18,0.06877499999999993,0.9400000000000001,15,16,1.438765287399292
SFS,Zoo,20,0.048503571428571424,0.9604761904761905,15,16,1.323390007019043
SFS,Zoo,21,0.07867500000000005,0.9299999999999999,15,16,1.2614421844482422
SFS,Zoo,22,0.06830357142857144,0.9404761904761905,15,16,1.298184871673584
SFS,Zoo,23,0.06830357142857144,0.9404761904761905,15,16,1.2956531047821045
SFS,Zoo,24,0.08810357142857145,0.9204761904761904,15,16,1.361104965209961
SFS,Zoo,25,0.048503571428571424,0.9604761904761905,15,16,1.2295379638671875
SFS,Zoo,26,0.07820357142857155,0.9304761904761903,15,16,1.0588037967681885
SFS,Zoo,28,0.06830357142857144,0.9404761904761905,15,16,1.1736838817596436
SFS,Zoo,27,0.048503571428571424,0.9604761904761905,15,16,1.2348930835723877
SFS,Zoo,29,0.04897500000000004,0.96,15,16,1.1791901588439941
SFS,Sonar,2,0.17526074332171893,0.8271777003484321,25,60,25.796514987945557
SFS,Sonar,0,0.17054645760743323,0.8319396051103368,25,60,26.24281096458435
SFS,Sonar,1,0.18043495934959355,0.8219512195121951,25,60,26.080508947372437
SFS,Sonar,4,0.170431475029036,0.8320557491289199,25,60,25.72314190864563
SFS,Sonar,3,0.16583217189314753,0.8367015098722416,25,60,26.046953201293945
SFS,Sonar,7,0.19423286875725895,0.80801393728223,25,60,25.684279203414917
SFS,Sonar,5,0.21354994192799068,0.7885017421602788,25,60,26.210355043411255
SFS,Sonar,6,0.14237572590011616,0.8603948896631823,25,60,26.320372819900513
SFS,Sonar,8,0.18009001161440186,0.8222996515679443,25,60,26.77680516242981
SFS,Sonar,14,0.17526074332171893,0.8271777003484321,25,60,25.870948791503906
SFS,Sonar,13,0.19917711962833912,0.8030197444831592,25,60,26.344022035598755
SFS,Sonar,10,0.17526074332171893,0.8271777003484321,25,60,26.774912118911743
SFS,Sonar,9,0.16698199767711952,0.8355400696864113,25,60,27.05007004737854
SFS,Sonar,12,0.18031997677119632,0.8220673635307781,25,60,26.783829927444458
SFS,Sonar,11,0.1468600464576075,0.8558652729384436,25,60,26.796543836593628
SFS,Sonar,15,0.1610029036004646,0.8415795586527294,25,60,26.78104591369629
SFS,Sonar,18,0.18043495934959355,0.8219512195121951,25,60,28.623685836791992
SFS,Sonar,21,0.17089140534262492,0.8315911730545876,25,60,28.51139998435974
SFS,Sonar,16,0.1987171893147504,0.8034843205574912,25,60,28.869077920913696
SFS,Sonar,19,0.20343147502903608,0.7987224157955864,25,60,28.76289701461792
SFS,Sonar,22,0.20860569105691074,0.7934959349593494,25,60,28.805195093154907
SFS,Sonar,17,0.1751457607433217,0.8272938443670151,25,60,29.300554990768433
SFS,Sonar,23,0.18583914053426254,0.8164924506387921,25,60,28.758824825286865
SFS,Sonar,20,0.16629210220673646,0.8362369337979093,25,60,29.603853940963745
SFS,WDBC,0,0.04837292345909005,0.9595559695699427,25,30,14.655241012573242
SFS,WDBC,1,0.03789038969104187,0.9701443875174661,25,30,14.648399829864502
SFS,Sonar,25,0.19423286875725895,0.80801393728223,25,60,25.99289107322693
SFS,Sonar,24,0.16146283391405353,0.8411149825783971,25,60,26.260632038116455
SFS,Sonar,27,0.16560220673635306,0.8369337979094077,25,60,26.059234857559204
SFS,Sonar,28,0.19480778164924512,0.8074332171893147,25,60,25.88415002822876
SFS,Sonar,26,0.2089506387921022,0.7931475029036005,25,60,26.151262998580933
SFS,Sonar,29,0.19469279907084788,0.8075493612078978,25,60,26.340377807617188
SFS,WDBC,2,0.04141018475392028,0.9665890389691041,25,30,11.839308023452759
SFS,WDBC,3,0.03613817730166127,0.971914299021891,25,30,12.715474128723145
SFS,WDBC,5,0.039627231796304924,0.968390001552554,25,30,15.045472860336304
SFS,WDBC,8,0.043085545722713815,0.9648967551622419,25,30,15.003572225570679
SFS,WDBC,6,0.037875019406924545,0.9701599130569786,25,30,15.097572088241577
SFS,WDBC,4,0.053583449774879756,0.9542928116752056,25,30,15.254041194915771
SFS,WDBC,7,0.0431316565750659,0.9648501785437045,25,30,15.326597929000854
SFS,WDBC,9,0.03790575997515909,0.9701288619779538,25,30,16.825095891952515
SFS,WDBC,10,0.0448838689644465,0.9630802670392796,25,30,17.381880283355713
SFS,WDBC,11,0.041364073901568085,0.9666356155876417,25,30,20.507237911224365
SFS,WDBC,13,0.041425555038037395,0.9665735134295919,25,30,16.328963041305542
SFS,WDBC,12,0.041364073901567974,0.9666356155876418,25,30,16.380742073059082
SFS,WDBC,16,0.03787501940692432,0.9701599130569788,25,30,16.404493808746338
SFS,WDBC,15,0.03787501940692432,0.9701599130569788,25,30,16.928214073181152
SFS,WDBC,14,0.036122807017543945,0.9719298245614034,25,30,17.357977867126465
SFS,WDBC,17,0.039611861512187596,0.9684055270920664,25,30,17.926706075668335
SFS,WDBC,18,0.039627231796304924,0.968390001552554,25,30,18.078891038894653
SFS,WDBC,19,0.046620711069709664,0.9613258810743673,25,30,19.286404132843018
SFS,WDBC,20,0.03792113025927663,0.9701133364384411,25,30,16.102576971054077
SFS,WDBC,21,0.044837758112094415,0.9631268436578171,25,30,16.096970081329346
SFS,WDBC,23,0.03793650054339396,0.9700978108989287,25,30,15.501162052154541
SFS,WDBC,22,0.0448838689644465,0.9630802670392796,25,30,15.82348084449768
SFS,WDBC,24,0.036199658438130576,0.9718521968638412,25,30,15.807873725891113
SFS,WDBC,25,0.041379444185685524,0.9666200900481291,25,30,18.982836961746216
SFS,WDBC,26,0.03615354758577871,0.9718987734823784,25,30,19.686644077301025
SFS,WDBC,27,0.04139481446980285,0.9666045645086166,25,30,20.990388870239258
SFS,WDBC,29,0.0413794441856853,0.9666200900481293,25,30,18.245373964309692
SFS,WDBC,28,0.046620711069709664,0.9613258810743673,25,30,18.309188842773438
SFS,ColonCancer,0,0.11308653846153839,0.885897435897436,25,2000,35.78182077407837
SFS,ColonCancer,1,0.09531730769230769,0.9038461538461539,25,2000,35.81363821029663
SFS,ColonCancer,2,0.09785576923076922,0.9012820512820513,25,2000,35.99015498161316
SFS,ColonCancer,3,0.0800865384615384,0.9192307692307693,25,2000,35.443532943725586
SFS,ColonCancer,4,0.08135576923076927,0.9179487179487179,25,2000,35.573694944381714
SFS,ColonCancer,5,0.13085576923076908,0.8679487179487181,25,2000,34.39173913002014
SFS,ColonCancer,6,0.0800865384615384,0.9192307692307693,25,2000,34.40923810005188
SFS,ColonCancer,7,0.07754807692307687,0.9217948717948719,25,2000,34.618263959884644
SFS,ColonCancer,9,0.09658653846153845,0.9025641025641026,25,2000,38.070950984954834
SFS,ColonCancer,8,0.09658653846153845,0.9025641025641026,25,2000,38.14213991165161
SFS,ColonCancer,10,0.11308653846153839,0.885897435897436,25,2000,38.56538271903992
SFS,ColonCancer,11,0.11181730769230762,0.8871794871794872,25,2000,39.49959993362427
SFS,ColonCancer,12,0.09531730769230769,0.9038461538461539,25,2000,39.414223194122314
SFS,ColonCancer,13,0.11308653846153839,0.885897435897436,25,2000,38.8955500125885
SFS,ColonCancer,14,0.07754807692307687,0.9217948717948719,25,2000,38.720515966415405
SFS,ColonCancer,15,0.0800865384615384,0.9192307692307693,25,2000,38.594425201416016
SFS,ColonCancer,16,0.09531730769230769,0.9038461538461539,25,2000,36.65186905860901
SFS,ColonCancer,17,0.11181730769230762,0.8871794871794872,25,2000,36.795254945755005
SFS,ColonCancer,18,0.09658653846153845,0.9025641025641026,25,2000,37.19896125793457
SFS,ColonCancer,19,0.09658653846153845,0.9025641025641026,25,2000,37.270273208618164
SFS,ColonCancer,20,0.08135576923076927,0.9179487179487179,25,2000,36.89278197288513
SFS,ColonCancer,21,0.09531730769230769,0.9038461538461539,25,2000,35.44119381904602
SFS,ColonCancer,23,0.12831730769230776,0.8705128205128204,25,2000,36.78496789932251
SFS,ColonCancer,22,0.09658653846153845,0.9025641025641026,25,2000,37.04582977294922
SFS,ColonCancer,24,0.09658653846153845,0.9025641025641026,25,2000,33.88095569610596
SFS,ColonCancer,25,0.0800865384615384,0.9192307692307693,25,2000,33.768701791763306
SFS,ColonCancer,26,0.12577884615384602,0.8730769230769232,25,2000,34.30753684043884
SFS,ColonCancer,27,0.08135576923076916,0.917948717948718,25,2000,36.63345408439636
SFS,ColonCancer,28,0.11181730769230762,0.8871794871794872,25,2000,36.2828688621521
SFS,ColonCancer,29,0.0800865384615384,0.9192307692307693,25,2000,35.22063207626343
SFS,Leukemia,0,0.014212865543865213,0.9857142857142858,25,3571,37.9639048576355
SFS,Leukemia,1,0.014212865543865213,0.9857142857142858,25,3571,38.0737726688385
SFS,Leukemia,3,0.014212865543865213,0.9857142857142858,25,3571,41.679752826690674
SFS,Leukemia,2,0.02741286554386519,0.9723809523809525,25,3571,42.108786821365356
SFS,Leukemia,4,0.02741286554386519,0.9723809523809525,25,3571,43.33961009979248
SFS,Leukemia,5,0.026470008401008074,0.9733333333333334,25,3571,46.04491090774536
SFS,Leukemia,6,0.013270008401008096,0.9866666666666667,25,3571,46.44900918006897
SFS,Leukemia,7,0.028355722686722526,0.9714285714285713,25,3571,47.47463917732239
SFS,Leukemia,8,0.026470008401008074,0.9733333333333334,25,3571,48.731454849243164
SFS,Leukemia,9,0.014212865543865213,0.9857142857142858,25,3571,48.58401823043823
SFS,Leukemia,11,0.02741286554386519,0.9723809523809525,25,3571,49.55255198478699
SFS,Leukemia,10,0.014212865543865213,0.9857142857142858,25,3571,50.31129813194275
SFS,Leukemia,12,0.013270008401008096,0.9866666666666667,25,3571,55.56484580039978
SFS,Leukemia,13,0.014212865543865213,0.9857142857142858,25,3571,53.67561197280884
SFS,Leukemia,14,0.02741286554386519,0.9723809523809525,25,3571,53.88186502456665
SFS,Leukemia,15,0.028355722686722307,0.9714285714285715,25,3571,55.4559440612793
SFS,Leukemia,17,0.013270008401008096,0.9866666666666667,25,3571,59.2790961265564
SFS,Leukemia,16,0.014212865543865213,0.9857142857142858,25,3571,60.53994584083557
SFS,Leukemia,18,0.02741286554386519,0.9723809523809525,25,3571,57.86308288574219
SFS,Leukemia,19,0.013270008401008096,0.9866666666666667,25,3571,57.96881675720215
SFS,Leukemia,20,0.014212865543865213,0.9857142857142858,25,3571,56.25069284439087
SFS,Leukemia,21,0.013270008401008096,0.9866666666666667,25,3571,53.14383792877197
SFS,Leukemia,22,0.026470008401008074,0.9733333333333334,25,3571,52.69752025604248
SFS,Leukemia,23,0.013270008401008096,0.9866666666666667,25,3571,50.251853942871094
SFS,Leukemia,24,0.02741286554386519,0.9723809523809525,25,3571,44.36937713623047
SFS,Leukemia,25,0.013270008401008096,0.9866666666666667,25,3571,43.89435791969299
SFS,Leukemia,26,0.014212865543865213,0.9857142857142858,25,3571,35.734784841537476
SFS,Leukemia,27,0.014212865543865213,0.9857142857142858,25,3571,35.62006402015686
SFS,Leukemia,28,0.014212865543865213,0.9857142857142858,25,3571,31.09382176399231
SFS,Leukemia,29,0.02741286554386519,0.9723809523809525,25,3571,27.52995204925537
MI-threshold,Vote,0,0.030389107308048054,0.9699352451433858,1,16,0.033434152603149414
MI-threshold,Vote,1,0.039714384828862144,0.9611470860314524,2,16,0.05162501335144043
LASSO,Vote,0,0.030389107308048054,0.9699352451433858,1,16,0.04984784126281738
LASSO,Vote,1,0.030663852913968406,0.9696577243293248,1,16,0.05262589454650879
ReliefF-baseline,Vote,0,0.030389107308048054,0.9699352451433858,1,16,0.15208196640014648
ReliefF-baseline,Vote,1,0.030663852913968406,0.9696577243293248,1,16,0.15947532653808594
mRMR,Vote,0,0.030389107308048054,0.9699352451433858,1,16,0.17906689643859863
mRMR,Vote,1,0.030663852913968406,0.9696577243293248,1,16,0.19626402854919434
SFS,Vote,0,0.08181625809435701,0.926827012025902,15,16,0.9085681438446045
SFS,Vote,1,0.08209100370027747,0.9265494912118409,15,16,0.9020462036132812
MI-threshold,BreastEW,0,0.04078015123324264,0.967786603692572,8,9,0.04818010330200195
MI-threshold,BreastEW,1,0.038223784647678935,0.9692464577071706,7,9,0.05962991714477539
MI-threshold,BreastEW,5,0.04145906683841419,0.9648561614426793,6,9,0.03867483139038086
MI-threshold,BreastEW,2,0.04143781308143693,0.9648776298840704,6,9,0.06363582611083984
MI-threshold,BreastEW,4,0.04178258432326699,0.9634070416487763,5,9,0.04958796501159668
MI-threshold,BreastEW,3,0.04870659796765421,0.9575354229282954,6,9,0.0763089656829834
MI-threshold,BreastEW,6,0.04259143170650256,0.9648346930012881,7,9,0.054747819900512695
MI-threshold,BreastEW,8,0.04983896283574258,0.9575139544869042,7,9,0.05134701728820801
MI-threshold,BreastEW,7,0.041114295596584235,0.9663267496779733,7,9,0.05292391777038574
MI-threshold,BreastEW,11,0.04397292591002338,0.963439244310863,7,9,0.03192615509033203
MI-threshold,BreastEW,10,0.04081203186870858,0.9677544010304852,8,9,0.044943809509277344
MI-threshold,BreastEW,12,0.03533327369877385,0.9721661657363676,7,9,0.04359865188598633
MI-threshold,BreastEW,15,0.04035858260579165,0.9648454272219837,5,9,0.034887075424194336
MI-threshold,BreastEW,13,0.041448439959925504,0.9648668956633749,6,9,0.044586181640625
MI-threshold,BreastEW,18,0.054110967988168376,0.9531987977672822,7,9,0.04079723358154297
MI-threshold,BreastEW,16,0.03744681789990931,0.967786603692572,5,9,0.05644416809082031
MI-threshold,BreastEW,14,0.040003184485473124,0.9663267496779733,6,9,0.06743597984313965
MI-threshold,BreastEW,19,0.03970092075759747,0.9677544010304852,7,9,0.04498100280761719
MI-threshold,BreastEW,17,0.040045691999427424,0.9662838127951912,6,9,0.06329607963562012
MI-threshold,BreastEW,21,0.04143781308143693,0.9648776298840704,6,9,0.049465179443359375
MI-threshold,BreastEW,22,0.04434957778731927,0.9619364534134822,6,9,0.030872106552124023
MI-threshold,BreastEW,20,0.04261268546347971,0.964813224559897,7,9,0.053530216217041016
MI-threshold,BreastEW,26,0.03853667525404316,0.9678080721339631,6,9,0.03538012504577637
MI-threshold,BreastEW,25,0.03849416774008876,0.9678510090167454,6,9,0.038819074630737305
MI-threshold,BreastEW,23,0.04836182672582426,0.9590060111635894,7,9,0.04988288879394531
MI-threshold,BreastEW,24,0.045460688898430496,0.9619364534134821,7,9,0.04922175407409668
MI-threshold,BreastEW,9,0.037091419779590566,0.9692679261485617,6,9,0.15688776969909668
MI-threshold,BreastEW,27,0.04690594437288309,0.9604765993988835,7,9,0.04114198684692383
MI-threshold,BreastEW,29,0.044057940937932305,0.9633533705452985,7,9,0.03701281547546387
MI-threshold,BreastEW,28,0.0399606769715185,0.9663696865607557,6,9,0.04862523078918457
MI-threshold,Diabetes,1,0.3029306722689076,0.6952720482132246,1,8,0.03246283531188965
MI-threshold,Diabetes,0,0.3081323529411765,0.6900178253119429,1,8,0.04886507987976074
MI-threshold,Diabetes,4,0.2899642857142856,0.7083694083694084,1,8,0.04319477081298828
MI-threshold,Diabetes,2,0.3145021008403361,0.683583736524913,1,8,0.05696892738342285
MI-threshold,Diabetes,5,0.3248382352941176,0.6731431966726085,1,8,0.04216718673706055
MI-threshold,Diabetes,3,0.3067373949579832,0.6914268737798149,1,8,0.05556797981262207
MI-threshold,Diabetes,6,0.31446848739495786,0.6836176895000425,1,8,0.05754208564758301
MI-threshold,Diabetes,9,0.336376050420168,0.6614888379594263,1,8,0.03461313247680664
MI-threshold,Diabetes,7,0.3042163865546217,0.6939733469145235,1,8,0.05136895179748535
MI-threshold,Diabetes,8,0.2848466386554622,0.7135387488328664,1,8,0.052579641342163086
MI-threshold,Diabetes,11,0.30430042016806713,0.6938884644766998,1,8,0.04222297668457031
MI-threshold,Diabetes,13,0.31188025210084025,0.6862320685850098,1,8,0.04181814193725586
MI-threshold,Diabetes,10,0.28877100840336134,0.7095747389865037,1,8,0.05014991760253906
MI-threshold,Diabetes,16,0.31830042016806714,0.6797470503352857,1,8,0.035772085189819336
MI-threshold,Diabetes,15,0.3002584033613445,0.6979713097360156,1,8,0.039579153060913086
MI-threshold,Diabetes,12,0.2964180672268907,0.7018504371445549,1,8,0.05922508239746094
MI-threshold,Diabetes,14,0.30030042016806713,0.6979288685171039,1,8,0.047628164291381836
MI-threshold,Diabetes,17,0.3209390756302521,0.6770817417876241,1,8,0.04552507400512695
MI-threshold,Diabetes,18,0.31583823529411764,0.6822341057635175,1,8,0.04767203330993652
MI-threshold,Diabetes,19,0.29007352941176473,0.7082590612002376,1,8,0.04818105697631836
MI-threshold,Diabetes,23,0.309376050420168,0.6887615652321535,1,8,0.040959835052490234
MI-threshold,Diabetes,25,0.2925777310924368,0.7057295645530941,1,8,0.03697013854980469
MI-threshold,Diabetes,22,0.2924768907563025,0.7058314234784823,1,8,0.05112791061401367
MI-threshold,Diabetes,24,0.3029054621848738,0.6952975129445719,1,8,0.04609489440917969
MI-threshold,Diabetes,21,0.291266806722689,0.7070537305831424,1,8,0.05812239646911621
MI-threshold,Diabetes,20,0.30419117647058824,0.6939988116458704,1,8,0.07346272468566895
MI-threshold,Diabetes,26,0.3029390756302521,0.6952635599694423,1,8,0.04494810104370117
MI-threshold,Diabetes,27,0.2976953781512605,0.7005602240896358,1,8,0.057539939880371094
MI-threshold,Diabetes,28,0.29007352941176473,0.7082590612002376,1,8,0.05065512657165527
MI-threshold,Diabetes,29,0.2862247899159664,0.7121466768525592,1,8,0.05390000343322754
MI-threshold,GermanCredit,2,0.3232400000000001,0.6739999999999999,1,20,0.07167601585388184
MI-threshold,GermanCredit,1,0.32422999999999996,0.673,1,20,0.09152388572692871
MI-threshold,GermanCredit,0,0.33214999999999995,0.665,1,20,0.1010429859161377
MI-threshold,GermanCredit,4,0.33016999999999996,0.667,1,20,0.08541321754455566
MI-threshold,GermanCredit,3,0.28859,0.709,1,20,0.0941770076751709
MI-threshold,GermanCredit,5,0.31334000000000006,0.6839999999999999,1,20,0.08533978462219238
MI-threshold,GermanCredit,7,0.30146000000000006,0.696,1,20,0.08542180061340332
MI-threshold,GermanCredit,6,0.3420500000000001,0.6549999999999999,1,20,0.11715197563171387
MI-threshold,GermanCredit,8,0.32422999999999996,0.673,1,20,0.10037803649902344
MI-threshold,GermanCredit,11,0.29750000000000004,0.7,1,20,0.09152007102966309
MI-threshold,GermanCredit,10,0.33808999999999995,0.659,1,20,0.10127592086791992
MI-threshold,GermanCredit,9,0.34897999999999996,0.648,1,20,0.11018085479736328
MI-threshold,GermanCredit,14,0.31729999999999997,0.68,1,20,0.08217072486877441
MI-threshold,GermanCredit,13,0.29750000000000004,0.7,1,20,0.09139204025268555
MI-threshold,GermanCredit,12,0.32422999999999996,0.673,1,20,0.12325096130371094
MI-threshold,GermanCredit,15,0.32225,0.675,1,20,0.12587499618530273
MI-threshold,GermanCredit,16,0.35789,0.639,1,20,0.12804913520812988
MI-threshold,GermanCredit,17,0.31037000000000003,0.6869999999999999,1,20,0.11222600936889648
MI-threshold,GermanCredit,19,0.34106,0.656,1,20,0.11340999603271484
MI-threshold,GermanCredit,21,0.29552000000000006,0.702,1,20,0.08886408805847168
MI-threshold,GermanCredit,18,0.3341300000000001,0.6629999999999999,1,20,0.12260723114013672
MI-threshold,GermanCredit,22,0.3281900000000001,0.6689999999999999,1,20,0.10362601280212402
MI-threshold,GermanCredit,20,0.3361100000000001,0.6609999999999999,1,20,0.1227729320526123
MI-threshold,GermanCredit,23,0.31432999999999994,0.683,1,20,0.08826327323913574
MI-threshold,HeartDisease,0,0.25078617992177316,0.747457627118644,1,13,0.03793525695800781
MI-threshold,GermanCredit,24,0.33016999999999996,0.667,1,20,0.08254718780517578
MI-threshold,GermanCredit,25,0.3361100000000001,0.6609999999999999,1,20,0.08575892448425293
MI-threshold,GermanCredit,27,0.3113600000000001,0.6859999999999999,1,20,0.08466792106628418
MI-threshold,GermanCredit,26,0.33016999999999996,0.667,1,20,0.09167718887329102
MI-threshold,HeartDisease,2,0.2640980443285527,0.7340112994350283,1,13,0.037506818771362305
MI-threshold,GermanCredit,28,0.33016999999999996,0.667,1,20,0.10346198081970215
MI-threshold,HeartDisease,3,0.29111329856584095,0.7067231638418079,1,13,0.0411069393157959
MI-threshold,HeartDisease,1,0.25682685788787474,0.7413559322033899,1,13,0.05782294273376465
MI-threshold,HeartDisease,5,0.2474861799217733,0.7507909604519772,1,13,0.03173494338989258
MI-threshold,HeartDisease,7,0.25089804432855284,0.7473446327683615,1,13,0.0237119197845459
MI-threshold,HeartDisease,6,0.24418617992177322,0.7541242937853107,1,13,0.03326702117919922
MI-threshold,GermanCredit,29,0.33808999999999995,0.659,1,20,0.11143922805786133
MI-threshold,HeartDisease,8,0.24726245110821385,0.7510169491525424,1,13,0.031054019927978516
MI-threshold,HeartDisease,4,0.23417431551499338,0.7642372881355933,1,13,0.057341814041137695
MI-threshold,HeartDisease,13,0.28730990873533246,0.7105649717514124,1,13,0.021279096603393555
MI-threshold,HeartDisease,10,0.28082177314211215,0.7171186440677966,1,13,0.03193402290344238
MI-threshold,HeartDisease,11,0.2670065189048239,0.7310734463276837,1,13,0.0342860221862793
MI-threshold,HeartDisease,14,0.23400651890482393,0.764406779661017,1,13,0.03659200668334961
MI-threshold,HeartDisease,9,0.3075014341590612,0.6901694915254237,1,13,0.05144810676574707
MI-threshold,HeartDisease,16,0.25045058670143416,0.7477966101694915,1,13,0.02393198013305664
MI-threshold,HeartDisease,12,0.2441302477183834,0.7541807909604519,1,13,0.04642677307128906
MI-threshold,HeartDisease,17,0.2338387222946545,0.7645762711864407,1,13,0.031008005142211914
MI-threshold,HeartDisease,19,0.28428956975228165,0.7136158192090395,1,13,0.03301692008972168
MI-threshold,HeartDisease,15,0.23411838331160367,0.7642937853107344,1,13,0.05107402801513672
MI-threshold,HeartDisease,22,0.2376980443285528,0.7606779661016949,1,13,0.025014877319335938
MI-threshold,HeartDisease,20,0.24440990873533247,0.7538983050847458,1,13,0.032980918884277344
MI-threshold,HeartDisease,21,0.2338946544980442,0.7645197740112996,1,13,0.029288291931152344
MI-threshold,HeartDisease,23,0.2543658409387223,0.7438418079096045,1,13,0.029646873474121094
MI-threshold,HeartDisease,18,0.30106923076923076,0.6966666666666667,1,13,0.05406904220581055
MI-threshold,HeartDisease,24,0.28389804432855276,0.7140112994350283,1,13,0.030695199966430664
MI-threshold,HeartDisease,26,0.254142112125163,0.7440677966101694,1,13,0.03070378303527832
MI-threshold,HeartDisease,25,0.24099804432855276,0.7573446327683616,1,13,0.04000115394592285
MI-threshold,HeartDisease,28,0.25430990873533244,0.7438983050847457,1,13,0.032225847244262695
MI-threshold,HeartDisease,27,0.28121329856584093,0.7167231638418079,1,13,0.043020009994506836
MI-threshold,HeartDisease,29,0.24055058670143417,0.7577966101694915,1,13,0.03931903839111328
MI-threshold,IonosphereEW,0,0.15259874541365842,0.8461569416498994,1,34,0.0512082576751709
MI-threshold,IonosphereEW,3,0.1753468339448455,0.8231790744466801,1,34,0.05830502510070801
MI-threshold,IonosphereEW,1,0.16100478163096216,0.8376659959758552,1,34,0.08185696601867676
MI-threshold,IonosphereEW,2,0.18642208545389982,0.8119919517102616,1,34,0.08011078834533691
MI-threshold,IonosphereEW,6,0.17805588827080135,0.8204426559356136,1,34,0.05957198143005371
MI-threshold,IonosphereEW,4,0.19773637116818546,0.8005633802816903,1,34,0.07397890090942383
MI-threshold,IonosphereEW,5,0.20618224641969457,0.7920321931589538,1,34,0.08099484443664551
MI-threshold,IonosphereEW,7,0.1778965321339804,0.8206036217303823,1,34,0.07717514038085938
MI-threshold,IonosphereEW,8,0.16650256835128413,0.8321126760563381,1,34,0.0659637451171875
MI-threshold,IonosphereEW,11,0.200724298733578,0.7975452716297786,1,34,0.06374692916870117
MI-threshold,IonosphereEW,9,0.18921081784826613,0.8091750503018108,1,34,0.08435416221618652
MI-threshold,IonosphereEW,13,0.1723190673452479,0.8262374245472838,1,34,0.06488394737243652
MI-threshold,IonosphereEW,12,0.17797621020239093,0.8205231388329979,1,34,0.07295918464660645
MI-threshold,IonosphereEW,16,0.1582957273050065,0.8404024144869215,1,34,0.07744193077087402
MI-threshold,IonosphereEW,10,0.18084462066516743,0.817625754527163,1,34,0.13309502601623535
MI-threshold,IonosphereEW,14,0.16682128062492615,0.8317907444668007,1,34,0.1220710277557373
MI-threshold,IonosphereEW,15,0.18933033495088172,0.8090543259557345,1,34,0.12796592712402344
MI-threshold,IonosphereEW,18,0.15833556633921167,0.8403621730382295,1,34,0.11631107330322266
MI-threshold,IonosphereEW,21,0.16112429873357798,0.8375452716297787,1,34,0.07761192321777344
MI-threshold,IonosphereEW,17,0.2033935140253285,0.7948490945674044,1,34,0.1334221363067627
MI-threshold,IonosphereEW,19,0.14702128062492603,0.8517907444668008,1,34,0.12441515922546387
MI-threshold,IonosphereEW,23,0.1750679607054088,0.8234607645875253,1,34,0.05842113494873047
MI-threshold,IonosphereEW,22,0.16395287016214943,0.8346881287726358,1,34,0.07049918174743652
MI-threshold,IonosphereEW,20,0.18080478163096228,0.8176659959758551,1,34,0.09873700141906738
MI-threshold,IonosphereEW,24,0.17502812167120366,0.8235010060362173,1,34,0.06706619262695312
MI-threshold,IonosphereEW,28,0.1864619244881051,0.8119517102615694,1,34,0.06085515022277832
MI-threshold,IonosphereEW,25,0.20052510356255177,0.7977464788732395,1,34,0.0711219310760498
MI-threshold,IonosphereEW,27,0.15809653213398037,0.8406036217303823,1,34,0.08226895332336426
MI-threshold,IonosphereEW,26,0.16371383595691805,0.8349295774647887,1,34,0.08674192428588867
MI-threshold,IonosphereEW,29,0.1721995502426323,0.8263581488933601,1,34,0.0868539810180664
MI-threshold,KrVsKpEW,0,0.4732924924547283,0.5222153755868545,1,35,0.37404632568359375
MI-threshold,KrVsKpEW,2,0.4732924924547283,0.5222153755868545,1,35,0.38689589500427246
MI-threshold,KrVsKpEW,4,0.4732924924547283,0.5222153755868545,1,35,0.374647855758667
MI-threshold,KrVsKpEW,1,0.4732924924547283,0.5222153755868545,1,35,0.4302358627319336
MI-threshold,KrVsKpEW,6,0.4732924924547283,0.5222153755868545,1,35,0.3857901096343994
MI-threshold,KrVsKpEW,7,0.4732924924547283,0.5222153755868545,1,35,0.37911486625671387
MI-threshold,KrVsKpEW,5,0.4732924924547283,0.5222153755868545,1,35,0.38934874534606934
MI-threshold,KrVsKpEW,3,0.4732924924547283,0.5222153755868545,1,35,0.4113907814025879
MI-threshold,KrVsKpEW,13,0.4732924924547283,0.5222153755868545,1,35,0.32808876037597656
MI-threshold,KrVsKpEW,8,0.4732924924547283,0.5222153755868545,1,35,0.4203059673309326
MI-threshold,KrVsKpEW,9,0.4732924924547283,0.5222153755868545,1,35,0.40860986709594727
MI-threshold,KrVsKpEW,10,0.4732924924547283,0.5222153755868545,1,35,0.4058680534362793
MI-threshold,KrVsKpEW,11,0.4732924924547283,0.5222153755868545,1,35,0.40680980682373047
MI-threshold,KrVsKpEW,15,0.4732924924547283,0.5222153755868545,1,35,0.40142321586608887
MI-threshold,KrVsKpEW,14,0.4732924924547283,0.5222153755868545,1,35,0.41182374954223633
MI-threshold,KrVsKpEW,12,0.4732924924547283,0.5222153755868545,1,35,0.4332258701324463
MI-threshold,KrVsKpEW,17,0.4732924924547283,0.5222153755868545,1,35,0.3550689220428467
MI-threshold,KrVsKpEW,16,0.4732924924547283,0.5222153755868545,1,35,0.3732020854949951
MI-threshold,KrVsKpEW,19,0.4732924924547283,0.5222153755868545,1,35,0.4048330783843994
MI-threshold,KrVsKpEW,18,0.4732924924547283,0.5222153755868545,1,35,0.43707275390625
MI-threshold,KrVsKpEW,21,0.4732924924547283,0.5222153755868545,1,35,0.3895449638366699
MI-threshold,KrVsKpEW,20,0.4732924924547283,0.5222153755868545,1,35,0.46953392028808594
MI-threshold,KrVsKpEW,22,0.4732924924547283,0.5222153755868545,1,35,0.4465060234069824
MI-threshold,KrVsKpEW,23,0.4732924924547283,0.5222153755868545,1,35,0.4216341972351074
MI-threshold,KrVsKpEW,24,0.4732924924547283,0.5222153755868545,1,35,0.32813572883605957
MI-threshold,Lymphography,1,0.2483969348659005,0.749655172413793,1,18,0.20671820640563965
MI-threshold,Lymphography,0,0.2743417624521073,0.723448275862069,1,18,0.21259403228759766
MI-threshold,KrVsKpEW,25,0.4732924924547283,0.5222153755868545,1,35,0.4183220863342285
MI-threshold,KrVsKpEW,28,0.4732924924547283,0.5222153755868545,1,35,0.37871503829956055
MI-threshold,KrVsKpEW,27,0.4732924924547283,0.5222153755868545,1,35,0.3894989490509033
MI-threshold,KrVsKpEW,26,0.4732924924547283,0.5222153755868545,1,35,0.4038681983947754
MI-threshold,Lymphography,2,0.2613693486590037,0.7365517241379311,1,18,0.2634589672088623
MI-threshold,Lymphography,4,0.25431417624521063,0.7436781609195403,1,18,0.23873305320739746
MI-threshold,KrVsKpEW,29,0.4732924924547283,0.5222153755868545,1,35,0.45558714866638184
MI-threshold,Lymphography,3,0.30779693486590043,0.689655172413793,1,18,0.25282883644104004
MI-threshold,Lymphography,5,0.3539969348659004,0.6429885057471264,1,18,0.3202707767486572
MI-threshold,Lymphography,6,0.2879969348659004,0.7096551724137931,1,18,0.27126407623291016
MI-threshold,Lymphography,7,0.30802452107279693,0.6894252873563218,1,18,0.2786896228790283
MI-threshold,Lymphography,8,0.301424521072797,0.6960919540229884,1,18,0.2804129123687744
MI-threshold,Lymphography,9,0.2686521072796934,0.7291954022988506,1,18,0.19214224815368652
MI-threshold,Lymphography,10,0.3555900383141763,0.6413793103448275,1,18,0.19432497024536133
MI-threshold,Lymphography,12,0.30165210727969344,0.6958620689655173,1,18,0.18486404418945312
MI-threshold,Lymphography,11,0.32850727969348664,0.668735632183908,1,18,0.22537589073181152
MI-threshold,Lymphography,14,0.2474865900383142,0.7505747126436781,1,18,0.18630695343017578
MI-threshold,Lymphography,13,0.2483969348659004,0.7496551724137931,1,18,0.20005512237548828
MI-threshold,Lymphography,16,0.470976245210728,0.5248275862068965,1,18,0.19948720932006836
MI-threshold,Lymphography,17,0.301424521072797,0.6960919540229884,1,18,0.1987919807434082
MI-threshold,Lymphography,15,0.2611417624521073,0.7367816091954023,1,18,0.21143817901611328
MI-threshold,Lymphography,18,0.30734176245210726,0.6901149425287356,1,18,0.21014881134033203
MI-threshold,Lymphography,19,0.23451417624521073,0.7636781609195402,1,18,0.21398305892944336
MI-threshold,Lymphography,20,0.25431417624521074,0.7436781609195402,1,18,0.21498489379882812
MI-threshold,Lymphography,21,0.3414796934865901,0.6556321839080459,1,18,0.15328383445739746
MI-threshold,Lymphography,22,0.26774176245210723,0.7301149425287357,1,18,0.14742398262023926
MI-threshold,Lymphography,24,0.24794176245210725,0.7501149425287357,1,18,0.14226770401000977
MI-threshold,Lymphography,23,0.3747072796934866,0.6220689655172413,1,18,0.15843796730041504
MI-threshold,Lymphography,25,0.46801762452107276,0.527816091954023,1,18,0.15113496780395508
MI-threshold,M-of-n,0,0.3165792307692308,0.6809999999999999,1,13,0.0612790584564209
MI-threshold,M-of-n,1,0.3165792307692308,0.6809999999999999,1,13,0.062188148498535156
MI-threshold,M-of-n,3,0.3165792307692308,0.6809999999999999,1,13,0.060233116149902344
MI-threshold,M-of-n,2,0.3541992307692307,0.643,1,13,0.06150507926940918
MI-threshold,Lymphography,26,0.3100727969348659,0.6873563218390805,1,18,0.18270587921142578
MI-threshold,Lymphography,27,0.27502452107279685,0.7227586206896552,1,18,0.17722487449645996
MI-threshold,M-of-n,4,0.36112923076923076,0.636,1,13,0.0732569694519043
MI-threshold,M-of-n,5,0.31657923076923067,0.681,1,13,0.0677330493927002
MI-threshold,M-of-n,7,0.31657923076923067,0.681,1,13,0.07277679443359375
MI-threshold,M-of-n,8,0.3848892307692309,0.6119999999999999,1,13,0.07135701179504395
MI-threshold,M-of-n,6,0.3433092307692306,0.6540000000000001,1,13,0.0760641098022461
MI-threshold,M-of-n,9,0.3165792307692308,0.6809999999999999,1,13,0.0736079216003418
MI-threshold,M-of-n,10,0.3165792307692308,0.6809999999999999,1,13,0.07444286346435547
MI-threshold,M-of-n,11,0.3165792307692308,0.6809999999999999,1,13,0.06931519508361816
MI-threshold,M-of-n,12,0.3165792307692308,0.6809999999999999,1,13,0.06190299987792969
MI-threshold,M-of-n,14,0.3165792307692308,0.6809999999999999,1,13,0.06483316421508789
MI-threshold,M-of-n,13,0.40666923076923067,0.5900000000000001,1,13,0.06712603569030762
MI-threshold,M-of-n,15,0.3541992307692307,0.643,1,13,0.06792712211608887
MI-threshold,M-of-n,16,0.31657923076923067,0.681,1,13,0.06984615325927734
MI-threshold,Lymphography,28,0.28048659003831417,0.7172413793103448,1,18,0.3335392475128174
MI-threshold,M-of-n,18,0.3433092307692307,0.654,1,13,0.06050610542297363
MI-threshold,M-of-n,19,0.3413292307692307,0.656,1,13,0.06202435493469238
MI-threshold,M-of-n,17,0.3225192307692307,0.675,1,13,0.0788278579711914
MI-threshold,M-of-n,21,0.34528923076923085,0.6519999999999999,1,13,0.05871105194091797
MI-threshold,M-of-n,20,0.3165792307692309,0.6809999999999998,1,13,0.07553219795227051
MI-threshold,Lymphography,29,0.3414796934865901,0.6556321839080459,1,18,0.3541421890258789
MI-threshold,M-of-n,22,0.33934923076923074,0.658,1,13,0.06894612312316895
MI-threshold,M-of-n,23,0.3314292307692307,0.666,1,13,0.08370399475097656
MI-threshold,M-of-n,24,0.3314292307692306,0.6660000000000001,1,13,0.08131790161132812
MI-threshold,M-of-n,26,0.3165792307692308,0.6809999999999999,1,13,0.08741188049316406
MI-threshold,M-of-n,29,0.35320923076923083,0.6439999999999999,1,13,0.050351858139038086
MI-threshold,Parkinsons,1,0.1223006993006992,0.876923076923077,1,22,0.027890920639038086
MI-threshold,M-of-n,27,0.31657923076923067,0.681,1,13,0.09806990623474121
MI-threshold,M-of-n,25,0.31657923076923067,0.681,1,13,0.11928820610046387
MI-threshold,Parkinsons,0,0.13245454545454555,0.8666666666666666,1,22,0.07192659378051758
MI-threshold,Parkinsons,4,0.1375314685314686,0.8615384615384615,1,22,0.03450417518615723
MI-threshold,Parkinsons,5,0.12737762237762248,0.8717948717948717,1,22,0.027788877487182617
MI-threshold,Parkinsons,2,0.1375314685314686,0.8615384615384615,1,22,0.06578731536865234
MI-threshold,Parkinsons,3,0.15276223776223777,0.8461538461538461,1,22,0.05602908134460449
MI-threshold,M-of-n,28,0.3314292307692307,0.666,1,13,0.13721299171447754
MI-threshold,Parkinsons,6,0.13245454545454555,0.8666666666666666,1,22,0.04914093017578125
MI-threshold,Parkinsons,7,0.1375314685314686,0.8615384615384615,1,22,0.04469704627990723
MI-threshold,Parkinsons,9,0.1476853146853147,0.8512820512820513,1,22,0.04311394691467285
MI-threshold,Parkinsons,10,0.13245454545454555,0.8666666666666666,1,22,0.0496981143951416
MI-threshold,Parkinsons,11,0.11722377622377614,0.8820512820512821,1,22,0.04117774963378906
MI-threshold,Parkinsons,8,0.13245454545454555,0.8666666666666666,1,22,0.05130481719970703
MI-threshold,Parkinsons,13,0.13245454545454532,0.8666666666666668,1,22,0.03842616081237793
MI-threshold,Parkinsons,14,0.11722377622377614,0.8820512820512821,1,22,0.036910295486450195
MI-threshold,Parkinsons,12,0.11722377622377614,0.8820512820512821,1,22,0.04594111442565918
MI-threshold,Parkinsons,15,0.13245454545454555,0.8666666666666666,1,22,0.042829036712646484
MI-threshold,Parkinsons,16,0.14260839160839164,0.8564102564102564,1,22,0.04436302185058594
MI-threshold,Parkinsons,19,0.12737762237762226,0.8717948717948719,1,22,0.0379948616027832
MI-threshold,Parkinsons,17,0.11722377622377614,0.8820512820512821,1,22,0.045152902603149414
MI-threshold,Parkinsons,18,0.12737762237762226,0.8717948717948719,1,22,0.041574954986572266
MI-threshold,Parkinsons,20,0.1223006993006992,0.876923076923077,1,22,0.041131019592285156
MI-threshold,Parkinsons,22,0.12737762237762248,0.8717948717948717,1,22,0.043984174728393555
MI-threshold,Parkinsons,21,0.1375314685314684,0.8615384615384617,1,22,0.0502321720123291
MI-threshold,Parkinsons,25,0.14260839160839164,0.8564102564102564,1,22,0.08190703392028809
MI-threshold,Parkinsons,26,0.1375314685314686,0.8615384615384615,1,22,0.08593201637268066
MI-threshold,Parkinsons,23,0.13245454545454555,0.8666666666666666,1,22,0.10325312614440918
MI-threshold,Parkinsons,24,0.13245454545454555,0.8666666666666666,1,22,0.10741901397705078
MI-threshold,Parkinsons,28,0.1223006993006992,0.876923076923077,1,22,0.09615111351013184
MI-threshold,Parkinsons,27,0.1375314685314686,0.8615384615384615,1,22,0.10882806777954102
MI-threshold,Parkinsons,29,0.1476853146853147,0.8512820512820513,1,22,0.10116410255432129
MI-threshold,SpectEW,2,0.20440423098913652,0.7939902166317262,1,22,0.03681612014770508
MI-threshold,SpectEW,0,0.20440423098913652,0.7939902166317262,1,22,0.11196684837341309
MI-threshold,SpectEW,3,0.34906460834762715,0.6478686233403215,1,22,0.058847904205322266
MI-threshold,SpectEW,1,0.34913379073756434,0.6477987421383647,1,22,0.06527161598205566
MI-threshold,SpectEW,4,0.3492029731275015,0.647728860936408,1,22,0.048131704330444336
MI-threshold,SpectEW,8,0.2969702687249856,0.7004891684136968,1,22,0.035752058029174805
MI-threshold,SpectEW,6,0.33515894797026863,0.6619147449336129,1,22,0.05786490440368652
MI-threshold,SpectEW,5,0.34913379073756434,0.6477987421383647,1,22,0.07111787796020508
MI-threshold,SpectEW,7,0.3488570611778159,0.6480782669461914,1,22,0.061086177825927734
MI-threshold,SpectEW,12,0.3083161806746712,0.6890286512928022,1,22,0.03724217414855957
MI-threshold,SpectEW,13,0.2557375643224699,0.7421383647798743,1,22,0.02692103385925293
MI-threshold,SpectEW,9,0.34885706117781584,0.6480782669461915,1,22,0.05525469779968262
MI-threshold,SpectEW,11,0.34906460834762715,0.6478686233403215,1,22,0.04737520217895508
MI-threshold,SpectEW,10,0.2887375643224699,0.708805031446541,1,22,0.04803586006164551
MI-threshold,SpectEW,15,0.3485803316180675,0.6483577917540181,1,22,0.045552730560302734
MI-threshold,SpectEW,18,0.20440423098913652,0.7939902166317262,1,22,0.030469894409179688
MI-threshold,SpectEW,16,0.3486495140080046,0.6482879105520615,1,22,0.054017066955566406
MI-threshold,SpectEW,14,0.20440423098913652,0.7939902166317262,1,22,0.07616186141967773
MI-threshold,SpectEW,20,0.20440423098913652,0.7939902166317262,1,22,0.044245004653930664
MI-threshold,SpectEW,23,0.2924042309891365,0.7051013277428373,1,22,0.028587818145751953
MI-threshold,SpectEW,17,0.3493413379073756,0.6475890985324948,1,22,0.06539177894592285
MI-threshold,SpectEW,21,0.20440423098913652,0.7939902166317262,1,22,0.05970406532287598
MI-threshold,SpectEW,19,0.20440423098913652,0.7939902166317262,1,22,0.08730602264404297
MI-threshold,SpectEW,24,0.20440423098913652,0.7939902166317262,1,22,0.04788708686828613
MI-threshold,SpectEW,22,0.29032875929102336,0.7071977638015374,1,22,0.0649878978729248
MI-threshold,SpectEW,26,0.20440423098913652,0.7939902166317262,1,22,0.0399317741394043
MI-threshold,SpectEW,25,0.34899542595769,0.6479385045422782,1,22,0.05083608627319336
MI-threshold,SpectEW,27,0.42315894797026876,0.5730258560447239,1,22,0.04781317710876465
MI-threshold,SpectEW,28,0.34913379073756434,0.6477987421383647,1,22,0.055666208267211914
MI-threshold,SpectEW,29,0.4229514008004574,0.573235499650594,1,22,0.07031917572021484
MI-threshold,TicTacToe,3,0.34419880744618964,0.6534467713787085,1,9,0.04706573486328125
MI-threshold,TicTacToe,1,0.34419880744618964,0.6534467713787085,1,9,0.05845499038696289
MI-threshold,TicTacToe,0,0.34419880744618964,0.6534467713787085,1,9,0.06247520446777344
MI-threshold,TicTacToe,2,0.34419880744618964,0.6534467713787085,1,9,0.07594418525695801
MI-threshold,TicTacToe,6,0.34419880744618964,0.6534467713787085,1,9,0.06961941719055176
MI-threshold,TicTacToe,7,0.34419880744618964,0.6534467713787085,1,9,0.07609200477600098
MI-threshold,TicTacToe,10,0.34419880744618964,0.6534467713787085,1,9,0.058539628982543945
MI-threshold,TicTacToe,9,0.34419880744618964,0.6534467713787085,1,9,0.07601523399353027
MI-threshold,TicTacToe,4,0.34419880744618964,0.6534467713787085,1,9,0.13578391075134277
MI-threshold,TicTacToe,8,0.34419880744618964,0.6534467713787085,1,9,0.11407303810119629
MI-threshold,TicTacToe,5,0.34419880744618964,0.6534467713787085,1,9,0.1609179973602295
MI-threshold,TicTacToe,11,0.34419880744618964,0.6534467713787085,1,9,0.10442399978637695
MI-threshold,TicTacToe,16,0.34419880744618964,0.6534467713787085,1,9,0.07498002052307129
MI-threshold,TicTacToe,13,0.34419880744618964,0.6534467713787085,1,9,0.09846925735473633
MI-threshold,TicTacToe,18,0.34419880744618964,0.6534467713787085,1,9,0.05959606170654297
MI-threshold,TicTacToe,12,0.34419880744618964,0.6534467713787085,1,9,0.13940191268920898
MI-threshold,TicTacToe,17,0.34419880744618964,0.6534467713787085,1,9,0.07813596725463867
MI-threshold,TicTacToe,14,0.34419880744618964,0.6534467713787085,1,9,0.11657500267028809
MI-threshold,TicTacToe,15,0.34419880744618964,0.6534467713787085,1,9,0.1160891056060791
MI-threshold,TicTacToe,20,0.34419880744618964,0.6534467713787085,1,9,0.06048703193664551
MI-threshold,TicTacToe,21,0.34419880744618964,0.6534467713787085,1,9,0.06428003311157227
MI-threshold,TicTacToe,22,0.34419880744618964,0.6534467713787085,1,9,0.05470418930053711
MI-threshold,TicTacToe,23,0.34419880744618964,0.6534467713787085,1,9,0.053639888763427734
MI-threshold,TicTacToe,24,0.34419880744618964,0.6534467713787085,1,9,0.05380606651306152
MI-threshold,TicTacToe,25,0.34419880744618964,0.6534467713787085,1,9,0.050924062728881836
MI-threshold,TicTacToe,19,0.34419880744618964,0.6534467713787085,1,9,0.12506580352783203
MI-threshold,Vote,4,0.03029752543940783,0.9700277520814062,1,16,0.02427220344543457
MI-threshold,TicTacToe,27,0.34419880744618964,0.6534467713787085,1,9,0.05447983741760254
MI-threshold,Vote,2,0.030663852913968625,0.9696577243293246,1,16,0.04123973846435547
MI-threshold,Vote,3,0.03048068917668817,0.9698427382053655,1,16,0.0467069149017334
MI-threshold,TicTacToe,29,0.34419880744618964,0.6534467713787085,1,9,0.05860710144042969
MI-threshold,Vote,5,0.030663852913968625,0.9696577243293246,1,16,0.04384112358093262
MI-threshold,Vote,6,0.03048068917668817,0.9698427382053655,1,16,0.03890204429626465
MI-threshold,Vote,7,0.04401873265494918,0.9567992599444958,2,16,0.0385129451751709
MI-threshold,Vote,10,0.03029752543940783,0.9700277520814062,1,16,0.0313720703125
MI-threshold,Vote,11,0.03048068917668817,0.9698427382053655,1,16,0.02532815933227539
MI-threshold,Vote,9,0.04823149861239589,0.9525439407955597,2,16,0.041780948638916016
MI-threshold,Vote,8,0.03029752543940783,0.9700277520814062,1,16,0.04906010627746582
MI-threshold,TicTacToe,28,0.34419880744618964,0.6534467713787085,1,9,0.10279583930969238
MI-threshold,Vote,12,0.030389107308048054,0.9699352451433858,1,16,0.03246903419494629
MI-threshold,Vote,13,0.0395312210915818,0.9613320999074931,2,16,0.02321481704711914
MI-threshold,Vote,15,0.030572271045328506,0.9697502312673449,1,16,0.029345989227294922
MI-threshold,TicTacToe,26,0.34419880744618964,0.6534467713787085,1,9,0.17233896255493164
MI-threshold,Vote,17,0.030389107308048054,0.9699352451433858,1,16,0.0326390266418457
MI-threshold,Vote,18,0.030663852913968625,0.9696577243293246,1,16,0.03864407539367676
MI-threshold,Vote,16,0.030663852913968625,0.9696577243293246,1,16,0.042356014251708984
MI-threshold,Vote,14,0.030572271045328506,0.9697502312673449,1,16,0.05078887939453125
MI-threshold,Vote,19,0.03048068917668828,0.9698427382053654,1,16,0.03957390785217285
MI-threshold,Vote,21,0.030389107308048054,0.9699352451433858,1,16,0.02772808074951172
MI-threshold,Vote,20,0.030297525439408047,0.970027752081406,1,16,0.045126914978027344
MI-threshold,Vote,23,0.030389107308048054,0.9699352451433858,1,16,0.028864145278930664
MI-threshold,Vote,25,0.039714384828862255,0.9611470860314523,2,16,0.032195091247558594
MI-threshold,Vote,29,0.03092252543940783,0.9700277520814062,2,16,0.02266383171081543
MI-threshold,Vote,22,0.03048068917668828,0.9698427382053654,1,16,0.049633026123046875
MI-threshold,Vote,24,0.03110568917668817,0.9698427382053655,2,16,0.050750017166137695
MI-threshold,Vote,26,0.031197271045328507,0.9697502312673449,2,16,0.05227994918823242
MI-threshold,Vote,28,0.030572271045328506,0.9697502312673449,1,16,0.04997515678405762
MI-threshold,Vote,27,0.030572271045328506,0.9697502312673449,1,16,0.06769609451293945
MI-threshold,WaveformEW,7,0.4974279999999999,0.49779999999999996,1,40,0.598613977432251
MI-threshold,WaveformEW,3,0.49029999999999985,0.5050000000000001,1,40,0.6484301090240479
MI-threshold,WaveformEW,1,0.501784,0.49339999999999995,1,40,0.6518909931182861
MI-threshold,WaveformEW,0,0.48871599999999993,0.5066,1,40,0.6695129871368408
MI-threshold,WaveformEW,2,0.49049799999999993,0.5048,1,40,0.6476321220397949
MI-threshold,WaveformEW,5,0.48237999999999986,0.5130000000000001,1,40,0.6519110202789307
MI-threshold,WaveformEW,6,0.49722999999999995,0.49799999999999994,1,40,0.6447999477386475
MI-threshold,WaveformEW,4,0.48851799999999995,0.5068,1,40,0.6660611629486084
MI-threshold,WaveformEW,8,0.49049799999999993,0.5048,1,40,0.7010030746459961
MI-threshold,WaveformEW,9,0.48336999999999986,0.5120000000000001,1,40,0.708043098449707
MI-threshold,WaveformEW,12,0.49287400000000003,0.5024,1,40,0.7361998558044434
MI-threshold,WaveformEW,13,0.49029999999999996,0.505,1,40,0.7405550479888916
MI-threshold,WaveformEW,10,0.48950799999999994,0.5058,1,40,0.7675492763519287
MI-threshold,WaveformEW,11,0.49128999999999984,0.5040000000000001,1,40,0.7641730308532715
MI-threshold,WaveformEW,14,0.49921,0.496,1,40,0.7532570362091064
MI-threshold,WaveformEW,15,0.49128999999999995,0.504,1,40,0.7457981109619141
MI-threshold,WaveformEW,16,0.488122,0.5072,1,40,0.6041240692138672
MI-threshold,WaveformEW,17,0.49049799999999993,0.5048,1,40,0.6343779563903809
MI-threshold,WaveformEW,19,0.48455799999999993,0.5108,1,40,0.6275498867034912
MI-threshold,WaveformEW,18,0.49287400000000003,0.5024,1,40,0.6478421688079834
MI-threshold,WaveformEW,20,0.48851800000000006,0.5067999999999999,1,40,0.6425497531890869
MI-threshold,WaveformEW,23,0.49465599999999993,0.5006,1,40,0.6420259475708008
MI-threshold,WaveformEW,21,0.49247799999999997,0.5028,1,40,0.6725101470947266
MI-threshold,WaveformEW,22,0.490696,0.5045999999999999,1,40,0.7509822845458984
mRMR,BreastEW,0,0.030976253518438912,0.9765671962215544,7,9,0.27213287353515625
mRMR,BreastEW,1,0.035678044940603906,0.9706955775010735,6,9,0.2861597537994385
MI-threshold,WaveformEW,26,0.5002,0.495,1,40,0.5592820644378662
MI-threshold,WaveformEW,27,0.49029999999999996,0.505,1,40,0.5854201316833496
MI-threshold,WaveformEW,24,0.48832,0.507,1,40,0.6896140575408936
mRMR,BreastEW,2,0.034988502456943786,0.9736367539716617,8,9,0.2790350914001465
MI-threshold,WaveformEW,28,0.497032,0.4981999999999999,1,40,0.673757791519165
mRMR,BreastEW,3,0.03934552263727873,0.9692357234864749,8,9,0.29045820236206055
MI-threshold,WaveformEW,29,0.494062,0.5012,1,40,0.6578497886657715
MI-threshold,WaveformEW,25,0.5003979999999999,0.4948,1,40,0.7612318992614746
mRMR,BreastEW,4,0.03639125041744198,0.9722198368398454,8,9,0.34435105323791504
mRMR,BreastEW,5,0.038968870759982836,0.9707385143838557,9,9,0.31384873390197754
mRMR,BreastEW,7,0.034211535709174165,0.9721768999570631,6,9,0.3066980838775635
mRMR,BreastEW,6,0.03636758742426414,0.9677544010304852,4,9,0.33390069007873535
mRMR,BreastEW,10,0.04003506512093896,0.9662945470158866,6,9,0.2830698490142822
mRMR,BreastEW,9,0.036778529173226555,0.9707063117217689,7,9,0.3291440010070801
mRMR,BreastEW,8,0.039032632030914505,0.9706741090596823,9,9,0.3468289375305176
mRMR,BreastEW,11,0.04041412623443543,0.9692786603692571,9,9,0.3387269973754883
mRMR,BreastEW,13,0.0375448690425075,0.9721768999570631,9,9,0.2722041606903076
mRMR,BreastEW,14,0.03420090883068548,0.9721876341777588,6,9,0.27289390563964844
mRMR,BreastEW,15,0.03857918276799779,0.9677651352511807,6,9,0.27502989768981934
mRMR,BreastEW,12,0.03787901340584898,0.9707170459424646,8,9,0.3110179901123047
mRMR,BreastEW,16,0.035678044940603906,0.9706955775010735,6,9,0.25112175941467285
mRMR,BreastEW,19,0.037144554172033765,0.9692142550450837,6,9,0.2725718021392822
mRMR,BreastEW,18,0.037436191021420734,0.9677973379132675,5,9,0.28951001167297363
mRMR,BreastEW,17,0.030652736033586106,0.9780163160154574,8,9,0.30524778366088867
mRMR,BreastEW,20,0.03713392729354508,0.9692249892657794,6,9,0.27474284172058105
mRMR,BreastEW,21,0.036401877295930446,0.97220910261915,8,9,0.30551910400390625
mRMR,BreastEW,23,0.03496724869996664,0.9736582224130528,8,9,0.2840409278869629
mRMR,BreastEW,24,0.038990124516960094,0.9707170459424646,9,9,0.26497602462768555
mRMR,BreastEW,22,0.035646164305138076,0.9707277801631602,6,9,0.33450984954833984
mRMR,BreastEW,27,0.03565679118362676,0.9707170459424646,6,9,0.2546980381011963
mRMR,BreastEW,26,0.036423131052907703,0.9721876341777588,8,9,0.28284525871276855
mRMR,BreastEW,25,0.03641250417441913,0.9721983683984543,8,9,0.3058817386627197
mRMR,BreastEW,28,0.034956621821477955,0.9736689566337484,8,9,0.28839993476867676
mRMR,Diabetes,0,0.27945378151260497,0.7278244631185808,8,8,0.29381299018859863
mRMR,Diabetes,1,0.26531722689075626,0.7383159324335795,5,8,0.2868661880493164
mRMR,BreastEW,29,0.037478698535375145,0.9677544010304853,5,9,0.3158891201019287
mRMR,Diabetes,3,0.2692710084033614,0.7317969612087258,3,8,0.21479201316833496
mRMR,Diabetes,2,0.2677899159663865,0.7396061454884985,8,8,0.29529500007629395
mRMR,Diabetes,4,0.2703718487394959,0.7357355063237415,7,8,0.29492998123168945
mRMR,Diabetes,5,0.26261344537815123,0.7448349036584331,8,8,0.2843780517578125
mRMR,Diabetes,6,0.2640042016806723,0.7409048467871997,6,8,0.2486557960510254
mRMR,Diabetes,7,0.27291596638655463,0.734428316781258,8,8,0.2769157886505127
mRMR,Diabetes,10,0.2744222689075629,0.7316441728206435,7,8,0.29445791244506836
mRMR,Diabetes,8,0.26518487394957985,0.7422375010610305,8,8,0.3055400848388672
mRMR,Diabetes,9,0.28066386554621847,0.7266021560139208,8,8,0.30599284172058105
mRMR,Diabetes,11,0.2614915966386554,0.7434428316781259,6,8,0.2907400131225586
mRMR,Diabetes,13,0.2678067226890757,0.7395891690009336,8,8,0.24138617515563965
mRMR,Diabetes,12,0.2627415966386555,0.7434428316781257,7,8,0.25995635986328125
mRMR,Diabetes,14,0.25747899159663856,0.750021220609456,8,8,0.3023040294647217
mRMR,Diabetes,18,0.2665798319327731,0.7408284525931584,8,8,0.25876593589782715
mRMR,Diabetes,16,0.26276260504201676,0.7408963585434174,5,8,0.2651181221008301
mRMR,Diabetes,17,0.2589138655462184,0.7447839741957389,5,8,0.27162790298461914
mRMR,Diabetes,19,0.2652689075630252,0.7421526186232069,8,8,0.2619152069091797
mRMR,Diabetes,21,0.27042226890756293,0.7356845768610475,7,8,0.2604398727416992
mRMR,Diabetes,15,0.25623739495798314,0.7500127323656736,7,8,0.3680448532104492
mRMR,Diabetes,20,0.2640357142857142,0.7421356421356422,7,8,0.27426791191101074
mRMR,Diabetes,22,0.2653067226890757,0.7395891690009336,6,8,0.2482130527496338
mRMR,Diabetes,24,0.2613634453781512,0.7448349036584331,7,8,0.2529590129852295
mRMR,Diabetes,23,0.27829201680672255,0.7252100840336135,5,8,0.2770199775695801
mRMR,Diabetes,26,0.2549768907563025,0.7512859689330278,7,8,0.2579379081726074
mRMR,Diabetes,25,0.2716638655462185,0.7356930651048298,8,8,0.279526948928833
mRMR,Diabetes,27,0.27694747899159666,0.7265682030387912,5,8,0.29238080978393555
mRMR,Diabetes,28,0.25238235294117645,0.7526440879382056,6,8,0.3034379482269287
mRMR,Diabetes,29,0.26537605042016804,0.738256514727103,5,8,0.34065914154052734
mRMR,GermanCredit,1,0.27377,0.727,7,20,0.779242992401123
mRMR,GermanCredit,2,0.2653899999999999,0.7390000000000001,14,20,1.135679006576538
mRMR,GermanCredit,0,0.26541000000000003,0.741,18,20,1.2456011772155762
mRMR,GermanCredit,3,0.25946,0.746,16,20,1.148259162902832
mRMR,GermanCredit,7,0.24558,0.758,12,20,1.0614819526672363
mRMR,GermanCredit,4,0.2614500000000001,0.7449999999999999,18,20,1.2009811401367188
mRMR,GermanCredit,5,0.2664,0.74,18,20,1.1656851768493652
mRMR,GermanCredit,6,0.2659099999999999,0.7410000000000001,19,20,1.1676180362701416
mRMR,GermanCredit,9,0.25691999999999987,0.7420000000000001,3,20,0.4355342388153076
mRMR,GermanCredit,8,0.26096,0.746,19,20,1.0308561325073242
mRMR,GermanCredit,16,0.28612000000000004,0.712,2,20,0.35758495330810547
mRMR,GermanCredit,15,0.25844,0.744,10,20,0.8114511966705322
mRMR,GermanCredit,10,0.25351,0.751,14,20,0.9445781707763672
mRMR,GermanCredit,12,0.2688800000000001,0.7379999999999999,19,20,0.9020028114318848
mRMR,GermanCredit,11,0.25551999999999997,0.752,20,20,1.0402631759643555
mRMR,GermanCredit,13,0.25004,0.754,13,20,1.0240020751953125
mRMR,GermanCredit,14,0.25799,0.749,19,20,1.0566089153289795
mRMR,GermanCredit,17,0.25006999999999996,0.757,19,20,1.0611350536346436
mRMR,GermanCredit,18,0.25848,0.748,18,20,1.0040950775146484
mRMR,GermanCredit,19,0.25106,0.756,19,20,1.013869047164917
mRMR,GermanCredit,21,0.26043,0.743,12,20,0.9912319183349609
mRMR,GermanCredit,20,0.25748,0.748,16,20,1.0519988536834717
mRMR,GermanCredit,24,0.24065999999999999,0.766,18,20,0.9977750778198242
mRMR,GermanCredit,22,0.2574999999999999,0.7500000000000001,20,20,1.1521761417388916
mRMR,GermanCredit,23,0.2674,0.74,20,20,1.152547836303711
mRMR,GermanCredit,26,0.2891099999999999,0.7110000000000001,6,20,0.4667017459869385
mRMR,HeartDisease,0,0.191751368970013,0.8148587570621469,11,13,0.19854283332824707
mRMR,HeartDisease,2,0.17007796610169482,0.8383050847457628,13,13,0.2520639896392822
mRMR,HeartDisease,3,0.17871851368970007,0.8249152542372882,7,13,0.2439589500427246
mRMR,GermanCredit,25,0.26591000000000004,0.741,19,20,0.8476109504699707
mRMR,HeartDisease,1,0.17750247718383308,0.8284745762711865,10,13,0.3540029525756836
mRMR,GermanCredit,29,0.27179000000000003,0.729,7,20,0.5657720565795898
mRMR,HeartDisease,4,0.19835136897001304,0.8081920903954802,11,13,0.22361207008361816
mRMR,HeartDisease,6,0.17932059973924377,0.8281920903954803,12,13,0.20720577239990234
mRMR,HeartDisease,5,0.18267653194263367,0.8248022598870056,12,13,0.23216629028320312
mRMR,HeartDisease,7,0.17915280312907436,0.8283615819209039,12,13,0.20878195762634277
mRMR,HeartDisease,10,0.1761318122555411,0.8283050847457627,8,13,0.2086641788482666
mRMR,HeartDisease,9,0.18162764015645375,0.8250847457627118,11,13,0.24299097061157227
mRMR,HeartDisease,8,0.17920873533246418,0.8283050847457627,12,13,0.24644732475280762
mRMR,HeartDisease,13,0.18311016949152548,0.8251412429378531,13,13,0.22833800315856934
mRMR,HeartDisease,11,0.17876127770534544,0.8287570621468927,12,13,0.29502320289611816
mRMR,HeartDisease,12,0.18850730117340284,0.818135593220339,11,13,0.2838289737701416
mRMR,HeartDisease,14,0.18322203389830488,0.8250282485875708,13,13,0.23728609085083008
mRMR,GermanCredit,27,0.2570000000000001,0.7499999999999999,19,20,1.0960519313812256
mRMR,GermanCredit,28,0.25948,0.748,20,20,1.0850648880004883
mRMR,HeartDisease,16,0.17332203389830497,0.8350282485875707,13,13,0.2693822383880615
mRMR,HeartDisease,15,0.1849835723598435,0.8216949152542373,11,13,0.3451387882232666
mRMR,HeartDisease,21,0.18206127770534553,0.8254237288135593,12,13,0.2236337661743164
mRMR,HeartDisease,19,0.1973584093872229,0.8084180790960452,10,13,0.26232004165649414
mRMR,HeartDisease,22,0.18719256844850066,0.817909604519774,9,13,0.24165678024291992
mRMR,HeartDisease,18,0.1875143415906127,0.818361581920904,10,13,0.2862989902496338
mRMR,HeartDisease,17,0.18322203389830488,0.8250282485875708,13,13,0.30541324615478516
mRMR,HeartDisease,23,0.17909687092568455,0.8284180790960451,12,13,0.23446416854858398
mRMR,HeartDisease,20,0.1635898305084745,0.844858757062147,13,13,0.3003411293029785
mRMR,HeartDisease,25,0.17266466753585383,0.8349152542372883,12,13,0.27457165718078613
mRMR,HeartDisease,24,0.18299830508474574,0.8252542372881356,13,13,0.3820929527282715
mRMR,HeartDisease,28,0.18338983050847463,0.8248587570621468,13,13,0.2561478614807129
mRMR,HeartDisease,26,0.1759087353324642,0.831638418079096,12,13,0.28537583351135254
mRMR,HeartDisease,27,0.16914093872229471,0.8384745762711864,12,13,0.2828831672668457
mRMR,HeartDisease,29,0.19934367666232067,0.8048587570621469,8,13,0.2763381004333496
mRMR,IonosphereEW,0,0.0880349153746005,0.9116700201207244,2,34,0.28816890716552734
mRMR,IonosphereEW,1,0.11741742218013966,0.8831790744466801,6,34,0.4316442012786865
mRMR,IonosphereEW,4,0.09373189726594858,0.9059154929577465,2,34,0.28873562812805176
mRMR,IonosphereEW,2,0.10197857734643147,0.8975855130784709,2,34,0.31047725677490234
mRMR,IonosphereEW,5,0.0880349153746006,0.9116700201207243,2,34,0.29709625244140625
mRMR,IonosphereEW,3,0.08795523730618995,0.9117505030181088,2,34,0.34770894050598145
mRMR,IonosphereEW,7,0.08245745058586822,0.9173038229376257,2,34,0.3047060966491699
mRMR,IonosphereEW,8,0.08516650491182387,0.9145674044265594,2,34,0.30118823051452637
mRMR,IonosphereEW,6,0.0914517220972897,0.9088128772635814,4,34,0.3428640365600586
mRMR,IonosphereEW,9,0.09644095159190445,0.90317907444668,2,34,0.27271413803100586
mRMR,IonosphereEW,12,0.09926952302047581,0.9003219315895372,2,34,0.20789694786071777
mRMR,IonosphereEW,10,0.08528602201443969,0.9144466800804828,2,34,0.25045299530029297
mRMR,IonosphereEW,11,0.10209809444904727,0.8974647887323943,2,34,0.26073288917541504
mRMR,IonosphereEW,13,0.08283124630133747,0.9172233400402414,3,34,0.3099188804626465
mRMR,IonosphereEW,15,0.09170600071014315,0.9088531187122737,5,34,0.3188951015472412
mRMR,IonosphereEW,16,0.1150974079772754,0.8861167002012073,8,34,0.39461517333984375
mRMR,IonosphereEW,18,0.09194503491537476,0.9086116700201206,5,34,0.2628169059753418
mRMR,IonosphereEW,19,0.08245745058586822,0.9173038229376257,2,34,0.26634788513183594
mRMR,IonosphereEW,17,0.10085962835838551,0.9002012072434609,7,34,0.32962489128112793
mRMR,IonosphereEW,20,0.08263205113031134,0.9174245472837022,3,34,0.3212747573852539
mRMR,IonosphereEW,21,0.09086348680317206,0.9088128772635814,2,34,0.27569007873535156
mRMR,IonosphereEW,22,0.09960347970173979,0.9002816901408451,3,34,0.28835177421569824
mRMR,IonosphereEW,14,0.12124786365250327,0.8802012072434607,9,34,0.6875801086425781
mRMR,IonosphereEW,24,0.09903048881524452,0.90056338028169,2,34,0.2495729923248291
mRMR,IonosphereEW,23,0.09381157533435901,0.9058350100603623,2,34,0.2922859191894531
mRMR,IonosphereEW,25,0.08263205113031134,0.9174245472837022,3,34,0.2920260429382324
mRMR,IonosphereEW,26,0.09353270209492257,0.9061167002012072,2,34,0.29016709327697754
mRMR,IonosphereEW,27,0.11412013256006635,0.8859154929577464,4,34,0.24043583869934082
mRMR,IonosphereEW,28,0.09078380873476163,0.9088933601609657,2,34,0.26267194747924805
mRMR,IonosphereEW,29,0.09907032784944968,0.900523138832998,2,34,0.25875210762023926
mRMR,KrVsKpEW,6,0.10516836016096578,0.8992527386541471,19,35,5.144373893737793
mRMR,KrVsKpEW,3,0.09277738304828964,0.9117688771517998,19,35,5.299691915512085
mRMR,KrVsKpEW,4,0.07909964788732395,0.9261619718309859,21,35,5.604359149932861
mRMR,KrVsKpEW,2,0.09456846076458747,0.9108255086071988,22,35,5.849614143371582
mRMR,KrVsKpEW,5,0.08491211644869215,0.9211565923317684,24,35,6.2078211307525635
mRMR,KrVsKpEW,1,0.07228695296780674,0.936795285602504,34,35,7.06261682510376
mRMR,KrVsKpEW,7,0.07042731388329984,0.9386737089201878,34,35,6.930667161941528
mRMR,KrVsKpEW,0,0.07444967303822939,0.9346107198748044,34,35,7.199692964553833
mRMR,KrVsKpEW,9,0.09799718309859154,0.9070735524256651,21,35,4.969117879867554
mRMR,KrVsKpEW,8,0.08282086267605626,0.9224031690140846,21,35,5.1336188316345215
mRMR,KrVsKpEW,10,0.09115855759557341,0.9142698552425665,22,35,5.550491094589233
mRMR,KrVsKpEW,13,0.09340049044265583,0.9111394757433491,19,35,4.79497766494751
mRMR,KrVsKpEW,11,0.07259100226358153,0.9364881651017214,34,35,6.6764678955078125
mRMR,KrVsKpEW,14,0.0837036028672033,0.9220887128325508,23,35,5.680351972579956
mRMR,KrVsKpEW,12,0.07445112550301801,0.9346092527386543,34,35,6.741907119750977
mRMR,KrVsKpEW,15,0.07476534205231383,0.9342918622848201,34,35,6.476094961166382
mRMR,KrVsKpEW,18,0.09428468309859173,0.9108235524256649,21,35,4.848168849945068
mRMR,KrVsKpEW,17,0.08157643360160968,0.9274119718309859,34,35,6.222062110900879
mRMR,KrVsKpEW,16,0.07755165367203214,0.9314774061032864,34,35,6.327336072921753
mRMR,KrVsKpEW,19,0.08312975352112673,0.922091158059468,21,35,5.01977014541626
mRMR,KrVsKpEW,22,0.09521474471830985,0.9098840962441315,21,35,4.9152138233184814
mRMR,KrVsKpEW,20,0.08463802188128773,0.9211448552425665,23,35,5.477773189544678
mRMR,KrVsKpEW,21,0.0791019177565392,0.9299114827856025,34,35,6.045699119567871
mRMR,Lymphography,0,0.1657762452107279,0.83816091954023,10,18,0.49335694313049316
mRMR,KrVsKpEW,23,0.07817621353118717,0.9308465375586854,34,35,5.719029188156128
mRMR,Lymphography,1,0.16152567049808417,0.8441379310344829,13,18,0.4921422004699707
mRMR,Lymphography,2,0.17492643678160907,0.8317241379310346,15,18,0.49999117851257324
mRMR,KrVsKpEW,26,0.097164185110664,0.9067605633802817,17,35,3.3492331504821777
mRMR,Lymphography,3,0.16195402298850584,0.8448275862068965,15,18,0.5192749500274658
mRMR,Lymphography,4,0.1769478927203064,0.8308045977011496,17,18,0.6152198314666748
mRMR,Lymphography,5,0.1727042145593871,0.8317241379310344,11,18,0.5724892616271973
mRMR,KrVsKpEW,24,0.08989836519114694,0.9158313771517996,23,35,4.525361776351929
mRMR,Lymphography,6,0.18593103448275866,0.8172413793103448,9,18,0.45006275177001953
mRMR,Lymphography,7,0.14326513409961683,0.8648275862068966,17,18,0.5273880958557129
mRMR,Lymphography,8,0.1792038314176244,0.8245977011494254,10,18,0.48456692695617676
mRMR,Lymphography,9,0.18916398467432946,0.8167816091954023,14,18,0.5021259784698486
mRMR,Lymphography,10,0.1749264367816093,0.8317241379310344,15,18,0.49022984504699707
mRMR,KrVsKpEW,27,0.08863236292756531,0.9173987676056339,24,35,4.590743064880371
mRMR,Lymphography,11,0.17550881226053644,0.8305747126436781,14,18,0.49017810821533203
mRMR,Lymphography,12,0.1603141762452107,0.8436781609195403,10,18,0.47159600257873535
mRMR,Lymphography,13,0.18286513409961686,0.8248275862068966,17,18,0.49962687492370605
mRMR,KrVsKpEW,25,0.07693145120724353,0.9321038732394366,34,35,5.141991853713989
mRMR,Lymphography,14,0.17819310344827588,0.8250574712643678,9,18,0.49910712242126465
mRMR,Lymphography,15,0.1587210727969348,0.8452873563218392,10,18,0.5922532081604004
mRMR,Lymphography,16,0.15512643678160914,0.8517241379310345,15,18,0.6263570785522461
mRMR,Lymphography,17,0.1876980842911877,0.8177011494252874,13,18,0.6464669704437256
mRMR,Lymphography,18,0.14552107279693482,0.8586206896551725,10,18,0.613933801651001
mRMR,Lymphography,20,0.16228199233716464,0.8450574712643679,16,18,0.6293652057647705
mRMR,Lymphography,19,0.16943754789272025,0.8383908045977012,17,18,0.6296169757843018
mRMR,Lymphography,21,0.15345977011494247,0.8517241379310345,12,18,0.6294119358062744
mRMR,Lymphography,22,0.17247662835249056,0.8319540229885056,11,18,0.5586240291595459
mRMR,KrVsKpEW,29,0.07531519743460746,0.9308504499217529,24,35,4.697303771972656
mRMR,Lymphography,23,0.1810980842911878,0.824367816091954,13,18,0.5083372592926025
mRMR,Lymphography,24,0.17414329501915699,0.8319540229885058,14,18,0.4848661422729492
mRMR,Lymphography,26,0.15897547892720315,0.8439080459770114,8,18,0.40175580978393555
mRMR,Lymphography,25,0.18757088122605348,0.8183908045977013,14,18,0.49434399604797363
mRMR,KrVsKpEW,28,0.07910046529175035,0.9299129499217529,34,35,5.282077789306641
mRMR,M-of-n,0,0.014294615384615392,0.991,7,13,0.5855379104614258
mRMR,M-of-n,1,0.014294615384615392,0.991,7,13,0.5762538909912109
mRMR,M-of-n,2,0.11362230769230756,0.8930000000000001,10,13,0.5556430816650391
mRMR,Lymphography,28,0.17832030651341002,0.824367816091954,8,18,0.715142011642456
mRMR,Lymphography,27,0.15950421455938688,0.8450574712643679,11,18,0.7466220855712891
mRMR,M-of-n,3,0.007364615384615386,0.998,7,13,0.6195182800292969
mRMR,Lymphography,29,0.15884827586206904,0.8445977011494252,9,18,0.8421859741210938
mRMR,M-of-n,4,0.10966230769230767,0.897,10,13,0.5321731567382812
mRMR,M-of-n,5,0.004615384615384616,1.0,6,13,0.5756940841674805
mRMR,M-of-n,6,0.01231461538461539,0.993,7,13,0.6103191375732422
mRMR,M-of-n,8,0.08832384615384611,0.917,8,13,0.5508732795715332
mRMR,M-of-n,9,0.01231461538461539,0.993,7,13,0.5450499057769775
mRMR,M-of-n,10,0.11065230769230756,0.8960000000000001,10,13,0.5554049015045166
mRMR,M-of-n,7,0.014294615384615392,0.991,7,13,0.7372879981994629
mRMR,M-of-n,12,0.11835153846153845,0.889,11,13,0.48119091987609863
mRMR,M-of-n,11,0.09228384615384623,0.9129999999999999,8,13,0.7294461727142334
mRMR,M-of-n,13,0.008575384615384509,0.9960000000000001,6,13,0.47977614402770996
mRMR,M-of-n,14,0.019244615384615287,0.9860000000000001,7,13,0.46776413917541504
mRMR,M-of-n,16,0.004615384615384616,1.0,6,13,0.5396287441253662
mRMR,M-of-n,15,0.004615384615384616,1.0,6,13,0.58341383934021
mRMR,M-of-n,17,0.004615384615384616,1.0,6,13,0.4641730785369873
mRMR,M-of-n,18,0.004615384615384616,1.0,6,13,0.5417239665985107
mRMR,M-of-n,19,0.021224615384615397,0.984,7,13,0.5164229869842529
mRMR,M-of-n,21,0.0232046153846154,0.982,7,13,0.4915578365325928
mRMR,M-of-n,20,0.014294615384615392,0.991,7,13,0.56947922706604
mRMR,M-of-n,22,0.004615384615384616,1.0,6,13,0.511437177658081
mRMR,M-of-n,23,0.07941384615384599,0.9260000000000002,8,13,0.5198140144348145
mRMR,M-of-n,25,0.004615384615384616,1.0,6,13,0.4927070140838623
mRMR,Parkinsons,0,0.06365034965034966,0.9384615384615385,6,22,0.25131702423095703
mRMR,M-of-n,24,0.09228384615384623,0.9129999999999999,8,13,0.6970632076263428
mRMR,M-of-n,26,0.09954153846153843,0.908,11,13,0.6598329544067383
mRMR,M-of-n,27,0.004615384615384616,1.0,6,13,0.7071568965911865
mRMR,Parkinsons,2,0.08994405594405586,0.9128205128205129,8,22,0.4814300537109375
mRMR,M-of-n,28,0.09954153846153843,0.908,11,13,0.7046921253204346
mRMR,M-of-n,29,0.004615384615384616,1.0,6,13,0.7034420967102051
mRMR,Parkinsons,5,0.07888111888111894,0.923076923076923,6,22,0.2583019733428955
mRMR,Parkinsons,1,0.07562237762237758,0.9282051282051282,10,22,0.56020188331604
mRMR,Parkinsons,6,0.07888111888111894,0.923076923076923,6,22,0.22676563262939453
mRMR,Parkinsons,7,0.09873426573426572,0.9025641025641026,5,22,0.19833922386169434
mRMR,Parkinsons,9,0.06872727272727272,0.9333333333333333,6,22,0.2084641456604004
mRMR,Parkinsons,3,0.09221678321678313,0.9128205128205129,13,22,0.6658601760864258
mRMR,Parkinsons,4,0.08479020979020974,0.9230769230769231,19,22,0.6577620506286621
mRMR,Parkinsons,10,0.08577622377622371,0.917948717948718,10,22,0.351412296295166
mRMR,Parkinsons,12,0.0848671328671329,0.9179487179487179,8,22,0.23858404159545898
mRMR,Parkinsons,14,0.08395804195804189,0.917948717948718,6,22,0.21076607704162598
mRMR,Parkinsons,8,0.071909090909091,0.9333333333333332,13,22,0.4839513301849365
mRMR,Parkinsons,11,0.06637762237762238,0.9384615384615385,12,22,0.4543747901916504
mRMR,Parkinsons,16,0.083958041958042,0.9179487179487179,6,22,0.20297908782958984
mRMR,Parkinsons,13,0.09085314685314688,0.9128205128205128,10,22,0.38255906105041504
mRMR,Parkinsons,17,0.06365034965034966,0.9384615384615385,6,22,0.18541502952575684
mRMR,Parkinsons,18,0.07380419580419577,0.9282051282051282,6,22,0.21617412567138672
mRMR,Parkinsons,23,0.07888111888111883,0.9230769230769231,6,22,0.21034479141235352
mRMR,Parkinsons,15,0.07236363636363635,0.9333333333333333,14,22,0.5233430862426758
mRMR,Parkinsons,25,0.083958041958042,0.9179487179487179,6,22,0.1964559555053711
mRMR,Parkinsons,22,0.06963636363636362,0.9333333333333333,8,22,0.27071285247802734
mRMR,Parkinsons,19,0.07698601398601394,0.9282051282051282,13,22,0.4580848217010498
mRMR,Parkinsons,21,0.082062937062937,0.9230769230769231,13,22,0.45496606826782227
mRMR,Parkinsons,20,0.10237062937062924,0.9025641025641027,13,22,0.47829675674438477
mRMR,Parkinsons,27,0.05857342657342659,0.9435897435897436,6,22,0.1843111515045166
mRMR,Parkinsons,24,0.07698601398601394,0.9282051282051282,13,22,0.4730699062347412
mRMR,Parkinsons,28,0.07979020979020973,0.9230769230769231,8,22,0.2591710090637207
mRMR,Parkinsons,29,0.09039860139860142,0.9128205128205128,9,22,0.39513587951660156
mRMR,SpectEW,2,0.16631389365351626,0.8352201257861636,7,22,0.2639000415802002
mRMR,Parkinsons,26,0.07054545454545454,0.9333333333333333,10,22,0.466602087020874
mRMR,SpectEW,3,0.18879817038307603,0.8125087351502446,7,22,0.30262207984924316
mRMR,SpectEW,0,0.1714133790737565,0.8314465408805031,10,22,0.5065321922302246
mRMR,SpectEW,8,0.18076329331046315,0.8197064989517819,5,22,0.21171808242797852
mRMR,SpectEW,9,0.18859062321326459,0.8127183787561147,7,22,0.2222919464111328
mRMR,SpectEW,6,0.1710280160091481,0.8313766596785465,9,22,0.327728271484375
mRMR,SpectEW,4,0.1834213836477986,0.8197763801537388,11,22,0.5231029987335205
mRMR,SpectEW,5,0.16844825614636932,0.8353598881900769,12,22,0.5622730255126953
mRMR,SpectEW,1,0.17721440823327608,0.8278825995807129,15,22,0.6688451766967773
mRMR,SpectEW,10,0.19588450543167507,0.8048916841369673,6,22,0.2336277961730957
mRMR,SpectEW,14,0.17004974271012013,0.8314465408805031,7,22,0.2270047664642334
mRMR,SpectEW,12,0.2053825042881646,0.7939203354297695,3,22,0.331190824508667
mRMR,SpectEW,7,0.18346998284734134,0.8243186582809224,21,22,0.7228958606719971
mRMR,SpectEW,17,0.17940880503144666,0.8238294898672256,11,22,0.4012308120727539
mRMR,SpectEW,16,0.17965580331618075,0.8240391334730957,12,22,0.42311716079711914
mRMR,SpectEW,13,0.19851286449399658,0.8054507337526206,13,22,0.5161678791046143
mRMR,SpectEW,18,0.1670154373927957,0.8354297693920337,9,22,0.32864904403686523
mRMR,SpectEW,20,0.15779473985134349,0.8429070580013978,5,22,0.1959090232849121
mRMR,SpectEW,11,0.1988976558033161,0.8087351502445843,21,22,0.7238712310791016
mRMR,SpectEW,15,0.19338307604345345,0.8129280223619846,18,22,0.5507018566131592
mRMR,SpectEW,22,0.20485877644368197,0.7939902166317262,2,22,0.15001535415649414
mRMR,SpectEW,24,0.20440423098913652,0.7939902166317262,1,22,0.15192699432373047
mRMR,SpectEW,27,0.17688907947398505,0.8236198462613558,5,22,0.26165294647216797
mRMR,SpectEW,21,0.1898850771869639,0.8127882599580714,10,22,0.45632314682006836
mRMR,SpectEW,19,0.19163407661520868,0.812858141160028,14,22,0.6629068851470947
mRMR,SpectEW,29,0.18031846769582613,0.8206149545772188,6,22,0.27365970611572266
mRMR,SpectEW,23,0.19435220125786154,0.8087351502445843,11,22,0.4962158203125
mRMR,TicTacToe,0,0.15672905759162287,0.8517888307155325,9,9,0.293475866317749
mRMR,SpectEW,26,0.1649199542595768,0.8389238294898673,12,22,0.5655999183654785
mRMR,SpectEW,25,0.19906632361349327,0.8048916841369673,13,22,0.6168739795684814
mRMR,SpectEW,28,0.17979416809605486,0.8238993710691824,12,22,0.5665228366851807
mRMR,TicTacToe,2,0.15777110602094235,0.8507362565445027,9,9,0.3004460334777832
mRMR,TicTacToe,1,0.16090265052356026,0.8475730802792321,9,9,0.3112046718597412
mRMR,TicTacToe,3,0.15987679973821992,0.8486092931937173,9,9,0.3003499507904053
mRMR,TicTacToe,4,0.15880775523560212,0.8496891361256544,9,9,0.3465309143066406
mRMR,TicTacToe,6,0.16502225130890044,0.843411867364747,9,9,0.2593982219696045
mRMR,TicTacToe,7,0.15880775523560212,0.8496891361256544,9,9,0.32198333740234375
mRMR,TicTacToe,8,0.15987679973821992,0.8486092931937173,9,9,0.328341007232666
mRMR,TicTacToe,5,0.16502225130890044,0.843411867364747,9,9,0.38670992851257324
mRMR,TicTacToe,9,0.15880775523560212,0.8496891361256544,9,9,0.3851199150085449
mRMR,TicTacToe,10,0.1660535013089006,0.8423702006980802,9,9,0.4011540412902832
mRMR,TicTacToe,11,0.16089185209424073,0.8475839877835952,9,9,0.3785567283630371
mRMR,TicTacToe,12,0.15571400523560205,0.8528141361256545,9,9,0.36296916007995605
mRMR,TicTacToe,13,0.16911485602094248,0.8392779232111692,9,9,0.3884000778198242
mRMR,TicTacToe,16,0.16501685209424083,0.8434173211169285,9,9,0.34307003021240234
mRMR,TicTacToe,15,0.1536191099476439,0.8549301919720769,9,9,0.3818521499633789
mRMR,TicTacToe,17,0.16500605366492152,0.8434282286212914,9,9,0.32036495208740234
mRMR,TicTacToe,14,0.16398020287958118,0.8444644415357766,9,9,0.4342942237854004
mRMR,TicTacToe,18,0.16604270287958117,0.8423811082024433,9,9,0.3907480239868164
mRMR,TicTacToe,20,0.16393700916230358,0.8445080715532287,9,9,0.3520047664642334
mRMR,TicTacToe,19,0.1618745091623036,0.846591404886562,9,9,0.42934203147888184
mRMR,TicTacToe,21,0.1577495091623036,0.8507580715532287,9,9,0.358151912689209
mRMR,TicTacToe,22,0.16916884816753916,0.8392233856893544,9,9,0.35022521018981934
mRMR,TicTacToe,23,0.16915804973821985,0.8392342931937173,9,9,0.35048818588256836
mRMR,TicTacToe,24,0.1567398560209424,0.8517779232111693,9,9,0.36297011375427246
mRMR,TicTacToe,26,0.16602650523560225,0.8423974694589876,9,9,0.31887197494506836
mRMR,TicTacToe,25,0.1526148560209423,0.8559445898778361,9,9,0.42950987815856934
mRMR,TicTacToe,27,0.1588023560209425,0.8496945898778359,9,9,0.44205379486083984
mRMR,Vote,4,0.03029752543940783,0.9700277520814062,1,16,0.29781198501586914
mRMR,Vote,5,0.030663852913968625,0.9696577243293246,1,16,0.2633857727050781
mRMR,Vote,2,0.030663852913968625,0.9696577243293246,1,16,0.36124587059020996
mRMR,Vote,6,0.03048068917668817,0.9698427382053655,1,16,0.2698099613189697
mRMR,Vote,3,0.03048068917668817,0.9698427382053655,1,16,0.4225499629974365
mRMR,TicTacToe,29,0.16500065445026169,0.843433682373473,9,9,0.5105128288269043
mRMR,Vote,7,0.03048068917668828,0.9698427382053654,1,16,0.24197602272033691
mRMR,Vote,10,0.03029752543940783,0.9700277520814062,1,16,0.1450650691986084
mRMR,TicTacToe,28,0.1526094568062827,0.8559500436300175,9,9,0.6923792362213135
mRMR,Vote,8,0.03029752543940783,0.9700277520814062,1,16,0.18867182731628418
mRMR,Vote,12,0.030389107308048054,0.9699352451433858,1,16,0.13836097717285156
mRMR,Vote,11,0.03048068917668817,0.9698427382053655,1,16,0.18701529502868652
mRMR,Vote,13,0.03029752543940783,0.9700277520814062,1,16,0.19275593757629395
mRMR,Vote,9,0.030389107308048054,0.9699352451433858,1,16,0.3126389980316162
mRMR,Vote,15,0.030572271045328506,0.9697502312673449,1,16,0.18898415565490723
mRMR,Vote,16,0.030663852913968625,0.9696577243293246,1,16,0.17840790748596191
mRMR,Vote,14,0.027609505087881583,0.9740055504162812,3,16,0.21967816352844238
mRMR,Vote,19,0.03048068917668828,0.9698427382053654,1,16,0.21356892585754395
mRMR,Vote,17,0.03163910730804805,0.9699352451433858,3,16,0.286283016204834
mRMR,Vote,18,0.027609505087881583,0.9740055504162812,3,16,0.25567007064819336
mRMR,Vote,20,0.030297525439408047,0.970027752081406,1,16,0.24681305885314941
mRMR,Vote,23,0.030389107308048054,0.9699352451433858,1,16,0.19237589836120605
mRMR,Vote,21,0.030389107308048054,0.9699352451433858,1,16,0.22788023948669434
mRMR,Vote,22,0.03048068917668828,0.9698427382053654,1,16,0.21335291862487793
mRMR,Vote,24,0.027517923219241354,0.9740980573543017,3,16,0.22867774963378906
mRMR,Vote,26,0.030572271045328506,0.9697502312673449,1,16,0.16577720642089844
mRMR,Vote,25,0.030663852913968625,0.9696577243293246,1,16,0.18951702117919922
mRMR,Vote,27,0.030572271045328506,0.9697502312673449,1,16,0.17425894737243652
mRMR,Vote,28,0.030572271045328506,0.9697502312673449,1,16,0.2122209072113037
mRMR,Vote,29,0.027334759481961124,0.9742830712303423,3,16,0.19574713706970215
mRMR,WaveformEW,0,0.21749600000000005,0.7846,17,40,9.022965908050537
mRMR,WaveformEW,1,0.21353600000000003,0.7886,17,40,9.192203044891357
mRMR,WaveformEW,4,0.21923599999999993,0.7836000000000001,20,40,10.286503076553345
mRMR,WaveformEW,7,0.21611999999999987,0.7870000000000001,21,40,10.896531820297241
mRMR,WaveformEW,3,0.21602600000000002,0.7876,23,40,11.864941120147705
mRMR,WaveformEW,2,0.21746400000000002,0.7864,24,40,12.184828042984009
mRMR,WaveformEW,5,0.22132999999999997,0.783,26,40,13.177242755889893
mRMR,WaveformEW,6,0.22218400000000002,0.7834,31,40,15.157930850982666
mRMR,WaveformEW,8,0.2068039999999999,0.7954000000000001,17,40,9.021602153778076
mRMR,WaveformEW,10,0.21729799999999994,0.7848,17,40,8.888952255249023
mRMR,WaveformEW,9,0.21949599999999994,0.7846000000000001,25,40,11.804369926452637
mRMR,WaveformEW,13,0.22180999999999998,0.781,20,40,9.516467094421387
mRMR,WaveformEW,12,0.21879799999999994,0.7848,23,40,10.61938190460205
mRMR,WaveformEW,11,0.21900600000000003,0.7856,27,40,12.184078216552734
mRMR,WaveformEW,15,0.21660999999999997,0.786,19,40,8.911403179168701
mRMR,WaveformEW,14,0.21628599999999992,0.7886000000000001,28,40,12.218412160873413
mRMR,WaveformEW,16,0.21978799999999996,0.7838,23,40,10.12991976737976
mRMR,WaveformEW,17,0.221862,0.7812,21,40,9.706799983978271
mRMR,WaveformEW,18,0.21578600000000003,0.7886,26,40,11.081847906112671
mRMR,WaveformEW,20,0.22087199999999999,0.7822,21,40,9.712538003921509
mRMR,WaveformEW,22,0.21610999999999997,0.786,17,40,8.045073986053467
mRMR,WaveformEW,21,0.21608799999999984,0.7888000000000002,28,40,12.750025033950806
mRMR,WaveformEW,19,0.22323599999999993,0.7836000000000001,36,40,14.383956909179688
ReliefF-baseline,BreastEW,0,0.03234471160727057,0.9706955775010735,3,9,0.24933791160583496
ReliefF-baseline,BreastEW,1,0.02799831830542443,0.9750858737655645,3,9,0.22656011581420898
ReliefF-baseline,BreastEW,2,0.03932426888030147,0.9692571919278661,8,9,0.20403003692626953
ReliefF-baseline,BreastEW,3,0.034566933829492795,0.9706955775010735,5,9,0.18585920333862305
ReliefF-baseline,BreastEW,4,0.03531201994179659,0.9721876341777588,7,9,0.2006089687347412
ReliefF-baseline,BreastEW,5,0.033877391345832675,0.9736367539716617,7,9,0.252047061920166
ReliefF-baseline,BreastEW,6,0.035322646820285276,0.9721768999570631,7,9,0.23170208930969238
mRMR,WaveformEW,23,0.222372,0.7822,27,40,12.259006977081299
ReliefF-baseline,BreastEW,7,0.037436191021420734,0.9677973379132675,5,9,0.20402002334594727
ReliefF-baseline,BreastEW,8,0.034211535709174165,0.9721768999570631,6,9,0.21343612670898438
ReliefF-baseline,BreastEW,9,0.034566933829492795,0.9706955775010735,5,9,0.22498106956481934
ReliefF-baseline,BreastEW,10,0.03858980964648636,0.9677544010304852,6,9,0.24431991577148438
ReliefF-baseline,BreastEW,11,0.03304729020561985,0.9722305710605411,5,9,0.21567821502685547
ReliefF-baseline,BreastEW,12,0.03823441152616762,0.9692357234864749,7,9,0.20951581001281738
mRMR,WaveformEW,25,0.2204239999999999,0.7824000000000001,20,40,9.592299938201904
ReliefF-baseline,BreastEW,13,0.032076737751061554,0.9765779304422498,8,9,0.254986047744751
ReliefF-baseline,BreastEW,14,0.033079170841085796,0.9721983683984543,5,9,0.239149808883667
ReliefF-baseline,BreastEW,15,0.03602281618243397,0.9692249892657794,5,9,0.20105409622192383
ReliefF-baseline,BreastEW,16,0.03681040980869228,0.9706741090596823,7,9,0.26708197593688965
ReliefF-baseline,BreastEW,17,0.033877391345832786,0.9736367539716616,7,9,0.2799489498138428
ReliefF-baseline,BreastEW,18,0.03599093554696814,0.9692571919278661,5,9,0.2208569049835205
ReliefF-baseline,BreastEW,19,0.033100424598063054,0.9721768999570631,5,9,0.2836010456085205
ReliefF-baseline,BreastEW,20,0.03600156242545671,0.9692464577071706,5,9,0.2862398624420166
ReliefF-baseline,BreastEW,21,0.033877391345832675,0.9736367539716617,7,9,0.28914904594421387
ReliefF-baseline,BreastEW,22,0.03386676446734399,0.9736474881923574,7,9,0.2470262050628662
ReliefF-baseline,BreastEW,23,0.033877391345832675,0.9736367539716617,7,9,0.24368691444396973
ReliefF-baseline,BreastEW,24,0.036778529173226555,0.9707063117217689,7,9,0.21226215362548828
ReliefF-baseline,BreastEW,25,0.03529076618481955,0.9722091026191497,7,9,0.2093820571899414
ReliefF-baseline,BreastEW,26,0.03533327369877385,0.9721661657363676,7,9,0.20223498344421387
ReliefF-baseline,BreastEW,27,0.03644438480988496,0.9721661657363676,8,9,0.21881699562072754
ReliefF-baseline,BreastEW,28,0.035290766184819335,0.97220910261915,7,9,0.23931503295898438
ReliefF-baseline,BreastEW,29,0.03823441152616762,0.9692357234864749,7,9,0.23871803283691406
ReliefF-baseline,Diabetes,0,0.2552394957983193,0.7447075800016977,2,8,0.2654540538787842
ReliefF-baseline,Diabetes,1,0.25255672268907564,0.7486800780918428,3,8,0.22362804412841797
ReliefF-baseline,Diabetes,2,0.2677899159663865,0.7396061454884985,8,8,0.2348029613494873
ReliefF-baseline,Diabetes,3,0.2601491596638656,0.7435362023597317,5,8,0.21571564674377441
ReliefF-baseline,Diabetes,4,0.2589327731092436,0.7435022493846024,4,8,0.2111501693725586
ReliefF-baseline,Diabetes,5,0.26261344537815123,0.7448349036584331,8,8,0.21637225151062012
ReliefF-baseline,Diabetes,6,0.2550063025210083,0.748731007554537,5,8,0.21360373497009277
ReliefF-baseline,Diabetes,7,0.25621218487394953,0.7500381970970207,7,8,0.21800971031188965
ReliefF-baseline,Diabetes,8,0.26518487394957985,0.7422375010610305,8,8,0.21167778968811035
ReliefF-baseline,Diabetes,9,0.2653508403361344,0.7382819794584501,5,8,0.22166895866394043
ReliefF-baseline,Diabetes,10,0.2639936974789916,0.7421780833545539,7,8,0.24186277389526367
mRMR,WaveformEW,27,0.21927799999999995,0.7828,17,40,8.500882863998413
ReliefF-baseline,Diabetes,11,0.2563088235294118,0.7474153297682709,5,8,0.28988218307495117
ReliefF-baseline,Diabetes,12,0.2627415966386555,0.7434428316781257,7,8,0.25170207023620605
ReliefF-baseline,Diabetes,13,0.2602121848739494,0.7409472880061116,3,8,0.22048687934875488
ReliefF-baseline,Diabetes,14,0.25747899159663856,0.750021220609456,8,8,0.21225905418395996
ReliefF-baseline,Diabetes,15,0.24732142857142858,0.753968253968254,3,8,0.22457385063171387
ReliefF-baseline,Diabetes,16,0.2576722689075632,0.7447754859519564,4,8,0.22134709358215332
ReliefF-baseline,Diabetes,17,0.2564306722689075,0.7447669977081742,3,8,0.2506539821624756
ReliefF-baseline,Diabetes,18,0.2665798319327731,0.7408284525931584,8,8,0.26795530319213867
ReliefF-baseline,Diabetes,19,0.25249369747899153,0.7512689924454631,5,8,0.25397396087646484
ReliefF-baseline,Diabetes,20,0.24730042016806722,0.7565147271029624,5,8,0.2557511329650879
ReliefF-baseline,Diabetes,21,0.26532773109243707,0.7370426958662252,4,8,0.2481238842010498
ReliefF-baseline,Diabetes,22,0.257577731092437,0.7461336049571343,5,8,0.23710274696350098
ReliefF-baseline,Diabetes,23,0.2628571428571428,0.7395382395382396,4,8,0.22365283966064453
ReliefF-baseline,Diabetes,24,0.2614264705882353,0.7422459893048128,5,8,0.20670509338378906
ReliefF-baseline,Diabetes,25,0.25885504201680676,0.7448433919022154,5,8,0.23555397987365723
ReliefF-baseline,Diabetes,26,0.25620168067226895,0.7513114336643748,8,8,0.2409658432006836
ReliefF-baseline,Diabetes,28,0.25238235294117645,0.7526440879382056,6,8,0.31484484672546387
ReliefF-baseline,Diabetes,27,0.27054621848739496,0.7317714964773788,4,8,0.3236119747161865
ReliefF-baseline,Diabetes,29,0.2601974789915967,0.7447500212206094,6,8,0.2909369468688965
mRMR,WaveformEW,24,0.2181719999999999,0.7872000000000001,30,40,13.961183786392212
ReliefF-baseline,GermanCredit,0,0.2495700000000001,0.7569999999999999,18,20,1.3240609169006348
ReliefF-baseline,GermanCredit,3,0.2530099999999999,0.7510000000000001,13,20,1.1004421710968018
ReliefF-baseline,GermanCredit,1,0.26194,0.744,17,20,1.2482008934020996
ReliefF-baseline,GermanCredit,2,0.25898,0.748,19,20,1.2731828689575195
ReliefF-baseline,GermanCredit,4,0.2505300000000001,0.7529999999999999,12,20,1.222747802734375
mRMR,WaveformEW,26,0.21840199999999999,0.7852,23,40,11.314961194992065
ReliefF-baseline,GermanCredit,8,0.2599,0.74,5,20,0.4998610019683838
mRMR,WaveformEW,28,0.2172139999999999,0.7864000000000001,23,40,11.422653913497925
ReliefF-baseline,GermanCredit,10,0.26732,0.732,4,20,0.4056551456451416
ReliefF-baseline,GermanCredit,11,0.2603899999999999,0.7390000000000001,4,20,0.333939790725708
ReliefF-baseline,GermanCredit,5,0.2614199999999999,0.7420000000000001,12,20,1.2984938621520996
ReliefF-baseline,GermanCredit,9,0.25399,0.749,11,20,1.0395052433013916
ReliefF-baseline,GermanCredit,7,0.2589699999999999,0.7470000000000001,17,20,1.2723257541656494
ReliefF-baseline,GermanCredit,6,0.25947000000000003,0.747,18,20,1.349820852279663
ReliefF-baseline,GermanCredit,13,0.24904,0.754,11,20,0.9014017581939697
ReliefF-baseline,GermanCredit,12,0.24954,0.754,12,20,0.9832921028137207
ReliefF-baseline,GermanCredit,17,0.26979000000000003,0.729,3,20,0.4184908866882324
ReliefF-baseline,GermanCredit,14,0.2535099999999999,0.7510000000000001,14,20,1.1551330089569092
ReliefF-baseline,GermanCredit,18,0.24854999999999988,0.7550000000000001,12,20,1.1560051441192627
ReliefF-baseline,GermanCredit,16,0.25849,0.749,20,20,1.2238903045654297
ReliefF-baseline,GermanCredit,15,0.24956,0.756,16,20,1.2389671802520752
ReliefF-baseline,GermanCredit,22,0.2485300000000001,0.7529999999999999,8,20,0.5262627601623535
ReliefF-baseline,GermanCredit,20,0.25944,0.744,12,20,1.2181861400604248
ReliefF-baseline,GermanCredit,19,0.2693799999999999,0.7380000000000001,20,20,1.2756850719451904
ReliefF-baseline,GermanCredit,21,0.25451,0.751,16,20,1.2344770431518555
ReliefF-baseline,GermanCredit,27,0.28217000000000003,0.717,4,20,0.4695429801940918
ReliefF-baseline,HeartDisease,0,0.1711262059973925,0.8349152542372881,10,13,0.2544291019439697
ReliefF-baseline,GermanCredit,23,0.25894,0.744,11,20,1.141129970550537
ReliefF-baseline,GermanCredit,25,0.24904,0.754,11,20,1.128485918045044
ReliefF-baseline,HeartDisease,1,0.177558409387223,0.8284180790960451,10,13,0.15758585929870605
ReliefF-baseline,HeartDisease,2,0.17007796610169482,0.8383050847457628,13,13,0.19003701210021973
ReliefF-baseline,HeartDisease,3,0.17101434159061277,0.8350282485875706,10,13,0.19999098777770996
ReliefF-baseline,GermanCredit,24,0.2391500000000001,0.7649999999999999,13,20,1.3502919673919678
ReliefF-baseline,HeartDisease,4,0.18344511082138196,0.8216949152542373,9,13,0.23859190940856934
ReliefF-baseline,GermanCredit,26,0.25054,0.754,14,20,1.4139909744262695
ReliefF-baseline,HeartDisease,6,0.1761318122555411,0.8283050847457627,8,13,0.21916413307189941
ReliefF-baseline,HeartDisease,5,0.19450586701434153,0.8112994350282486,10,13,0.24931097030639648
ReliefF-baseline,HeartDisease,7,0.17354511082138208,0.8316949152542372,9,13,0.23296809196472168
ReliefF-baseline,HeartDisease,8,0.18998983050847457,0.8181920903954802,13,13,0.2532670497894287
ReliefF-baseline,HeartDisease,9,0.1809143415906128,0.8250282485875706,10,13,0.24999308586120605
ReliefF-baseline,HeartDisease,12,0.17095840938722295,0.8350847457627119,10,13,0.21513986587524414
ReliefF-baseline,HeartDisease,11,0.1742024771838331,0.8318079096045198,10,13,0.24829697608947754
ReliefF-baseline,HeartDisease,10,0.17388005215123858,0.8282485875706215,5,13,0.2580888271331787
ReliefF-baseline,GermanCredit,28,0.2555,0.75,16,20,1.5212080478668213
ReliefF-baseline,GermanCredit,29,0.25251999999999986,0.7520000000000001,14,20,1.4762020111083984
ReliefF-baseline,HeartDisease,13,0.17221720990873532,0.8353672316384181,12,13,0.2597067356109619
ReliefF-baseline,HeartDisease,14,0.18322203389830488,0.8250282485875708,13,13,0.2543671131134033
ReliefF-baseline,HeartDisease,16,0.17332203389830497,0.8350282485875707,13,13,0.22634387016296387
ReliefF-baseline,HeartDisease,17,0.1568773142112126,0.8485310734463276,9,13,0.2532320022583008
ReliefF-baseline,HeartDisease,15,0.18042411994784868,0.8216384180790961,5,13,0.27127695083618164
ReliefF-baseline,HeartDisease,18,0.1707906127770535,0.8352542372881355,10,13,0.26608705520629883
ReliefF-baseline,HeartDisease,19,0.18685697522816166,0.8182485875706215,9,13,0.2536461353302002
ReliefF-baseline,HeartDisease,20,0.1635898305084745,0.844858757062147,13,13,0.23842191696166992
ReliefF-baseline,HeartDisease,22,0.17768344198174696,0.824406779661017,5,13,0.21213102340698242
ReliefF-baseline,HeartDisease,21,0.18552907431551494,0.8219209039548023,12,13,0.27411794662475586
ReliefF-baseline,HeartDisease,23,0.1798101694915254,0.8284745762711865,13,13,0.21264004707336426
ReliefF-baseline,HeartDisease,24,0.18299830508474574,0.8252542372881356,13,13,0.27005481719970703
ReliefF-baseline,HeartDisease,25,0.16589687092568456,0.8417514124293785,12,13,0.24401617050170898
ReliefF-baseline,HeartDisease,26,0.17767027379400263,0.8283050847457627,10,13,0.2772650718688965
ReliefF-baseline,HeartDisease,28,0.18338983050847463,0.8248587570621468,13,13,0.2193138599395752
ReliefF-baseline,HeartDisease,29,0.1800891786179922,0.8250847457627118,9,13,0.21052980422973633
ReliefF-baseline,HeartDisease,27,0.17761434159061282,0.8283615819209039,10,13,0.29833197593688965
ReliefF-baseline,IonosphereEW,0,0.09710886495443252,0.9030985915492957,4,34,0.2581028938293457
ReliefF-baseline,IonosphereEW,1,0.09439981062847665,0.9058350100603623,4,34,0.24674582481384277
ReliefF-baseline,IonosphereEW,2,0.105475062137531,0.8946478873239437,4,34,0.23208022117614746
ReliefF-baseline,IonosphereEW,3,0.10838331163451288,0.8917102615694166,4,34,0.24399995803833008
ReliefF-baseline,IonosphereEW,5,0.11117204402887919,0.8888933601609658,4,34,0.23459315299987793
ReliefF-baseline,IonosphereEW,6,0.10547506213753122,0.8946478873239435,4,34,0.23605871200561523
ReliefF-baseline,IonosphereEW,4,0.09773693928275534,0.9030583501006036,6,34,0.2922699451446533
ReliefF-baseline,IonosphereEW,7,0.09428029352586095,0.9059557344064387,4,34,0.24361896514892578
ReliefF-baseline,IonosphereEW,8,0.09457441117291988,0.9059557344064386,5,34,0.27805590629577637
ReliefF-baseline,IonosphereEW,9,0.10563441827435206,0.894486921529175,4,34,0.2514472007751465
ReliefF-baseline,IonosphereEW,11,0.1083833116345131,0.8917102615694164,4,34,0.2358078956604004
ReliefF-baseline,IonosphereEW,10,0.09985775831459334,0.9003219315895373,4,34,0.25465965270996094
ReliefF-baseline,IonosphereEW,12,0.09186535684696423,0.9086921529175049,5,34,0.2590498924255371
ReliefF-baseline,IonosphereEW,13,0.10551490117173637,0.8946076458752514,4,34,0.23007893562316895
ReliefF-baseline,IonosphereEW,14,0.09997727541720926,0.9002012072434606,4,34,0.25124621391296387
ReliefF-baseline,IonosphereEW,16,0.0914517220972897,0.9088128772635814,4,34,0.21214008331298828
ReliefF-baseline,IonosphereEW,15,0.105475062137531,0.8946478873239437,4,34,0.24992799758911133
ReliefF-baseline,IonosphereEW,18,0.1029253639483963,0.8972233400402414,4,34,0.2651481628417969
ReliefF-baseline,IonosphereEW,17,0.1028058468457805,0.897344064386318,4,34,0.26772093772888184
ReliefF-baseline,IonosphereEW,19,0.08862315066871825,0.9116700201207243,4,34,0.25037097930908203
ReliefF-baseline,IonosphereEW,20,0.10268632974316491,0.8974647887323943,4,34,0.24793505668640137
ReliefF-baseline,IonosphereEW,21,0.10834347260030773,0.8917505030181087,4,34,0.25357484817504883
ReliefF-baseline,IonosphereEW,22,0.09443964966268202,0.90579476861167,4,34,0.2699871063232422
ReliefF-baseline,IonosphereEW,23,0.10268632974316491,0.8974647887323943,4,34,0.2707393169403076
ReliefF-baseline,IonosphereEW,26,0.10272616877737017,0.8974245472837021,4,34,0.2388310432434082
ReliefF-baseline,IonosphereEW,25,0.1004459936087111,0.9003219315895372,6,34,0.2530689239501953
ReliefF-baseline,IonosphereEW,24,0.10822395549769202,0.8918712273641851,4,34,0.27117109298706055
ReliefF-baseline,IonosphereEW,27,0.11682918688602201,0.8831790744466801,4,34,0.2652420997619629
ReliefF-baseline,IonosphereEW,28,0.09973824121197775,0.9004426559356137,4,34,0.23706483840942383
ReliefF-baseline,IonosphereEW,29,0.09682999171499608,0.9033802816901406,4,34,0.25745725631713867
mRMR,WaveformEW,29,0.21212800000000007,0.7928,28,40,13.275068998336792
ReliefF-baseline,KrVsKpEW,1,0.04305768360160965,0.9602591940532081,13,35,3.1966662406921387
ReliefF-baseline,KrVsKpEW,4,0.05110530684104643,0.9521302816901407,13,35,3.166261672973633
ReliefF-baseline,KrVsKpEW,2,0.048915052816901505,0.9546312597809076,14,35,3.4346418380737305
ReliefF-baseline,KrVsKpEW,3,0.04452873490945684,0.9596390845070422,16,35,3.778701066970825
ReliefF-baseline,KrVsKpEW,5,0.05413194793762581,0.9499388693270735,16,35,3.8489179611206055
ReliefF-baseline,KrVsKpEW,7,0.04912300679074453,0.9555756064162754,18,35,4.070072889328003
ReliefF-baseline,KrVsKpEW,0,0.05405757671026159,0.9508797926447574,19,35,4.4354329109191895
ReliefF-baseline,KrVsKpEW,6,0.05532115819919521,0.9493148474178403,18,35,4.235404968261719
ReliefF-baseline,KrVsKpEW,8,0.051754495724346046,0.9511859350547731,12,35,3.284113883972168
ReliefF-baseline,KrVsKpEW,9,0.049533318661971804,0.9540067488262911,14,35,3.5957140922546387
ReliefF-baseline,KrVsKpEW,10,0.04677454099597588,0.9565047926447574,13,35,3.458662748336792
ReliefF-baseline,KrVsKpEW,11,0.05420728747484896,0.948996967918623,13,35,3.374272108078003
ReliefF-baseline,KrVsKpEW,13,0.05139392605633797,0.9521273474178404,14,35,3.557626247406006
ReliefF-baseline,KrVsKpEW,12,0.05284131664989949,0.9518197378716744,18,35,4.26059103012085
ReliefF-baseline,KrVsKpEW,15,0.05041509054325947,0.9536932707355243,16,35,3.802877902984619
ReliefF-baseline,KrVsKpEW,14,0.05191803319919523,0.9527523474178403,18,35,4.32691502571106
ReliefF-baseline,KrVsKpEW,16,0.04677502515090535,0.9565043035993741,13,35,2.8234641551971436
ReliefF-baseline,KrVsKpEW,17,0.0529924798792757,0.9499354460093896,12,35,2.7725319862365723
ReliefF-baseline,KrVsKpEW,18,0.04486467555332,0.9590111502347417,15,35,3.2491328716278076
ReliefF-baseline,KrVsKpEW,19,0.04920125125754515,0.9546307707355244,15,35,3.1050848960876465
ReliefF-baseline,KrVsKpEW,20,0.052039725855130864,0.9511864241001564,13,35,2.653447151184082
ReliefF-baseline,KrVsKpEW,22,0.05046531690140846,0.9530653364632238,14,35,2.9012222290039062
ReliefF-baseline,KrVsKpEW,21,0.04891602112676066,0.9546302816901407,14,35,2.97487211227417
ReliefF-baseline,KrVsKpEW,23,0.04801058853118712,0.9552562597809077,13,35,2.6971018314361572
ReliefF-baseline,Lymphography,0,0.14552107279693482,0.8586206896551725,10,18,0.35156869888305664
ReliefF-baseline,Lymphography,1,0.14587586206896547,0.8577011494252874,9,18,0.3337221145629883
ReliefF-baseline,Lymphography,2,0.1399318007662835,0.8648275862068966,11,18,0.2895050048828125
ReliefF-baseline,Lymphography,3,0.14003218390804598,0.8652873563218391,12,18,0.2952697277069092
ReliefF-baseline,Lymphography,4,0.15512643678160914,0.8517241379310345,15,18,0.25849413871765137
ReliefF-baseline,Lymphography,5,0.14078850574712645,0.8662068965517241,15,18,0.3306999206542969
ReliefF-baseline,Lymphography,6,0.1411701149425287,0.8641379310344828,12,18,0.3414146900177002
ReliefF-baseline,Lymphography,7,0.13467049808429118,0.871264367816092,13,18,0.28302717208862305
ReliefF-baseline,Lymphography,8,0.15391494252873553,0.851264367816092,12,18,0.2951672077178955
ReliefF-baseline,Lymphography,9,0.15930344827586196,0.8441379310344829,9,18,0.2638418674468994
ReliefF-baseline,KrVsKpEW,24,0.04881653672032194,0.955885172143975,18,35,3.697506904602051
ReliefF-baseline,Lymphography,10,0.12693256704980851,0.8790804597701148,13,18,0.3573181629180908
ReliefF-baseline,Lymphography,11,0.13555402298850577,0.8714942528735632,15,18,0.3534739017486572
ReliefF-baseline,KrVsKpEW,25,0.05160430080482898,0.9530692488262911,18,35,3.688589096069336
ReliefF-baseline,Lymphography,12,0.12594865900383143,0.8783908045977011,10,18,0.31004810333251953
ReliefF-baseline,Lymphography,13,0.13376015325670498,0.872183908045977,13,18,0.32529282569885254
ReliefF-baseline,KrVsKpEW,28,0.046774540995975986,0.9565047926447573,13,35,3.007452964782715
ReliefF-baseline,Lymphography,14,0.15156551724137932,0.8519540229885058,9,18,0.2580840587615967
ReliefF-baseline,Lymphography,16,0.15816551724137923,0.8452873563218392,9,18,0.27743005752563477
ReliefF-baseline,Lymphography,15,0.13464367816091946,0.8724137931034484,15,18,0.3330109119415283
ReliefF-baseline,KrVsKpEW,29,0.04834556086519113,0.954629303599374,12,35,2.658900260925293
ReliefF-baseline,Lymphography,17,0.15345977011494247,0.8517241379310345,12,18,0.45450711250305176
ReliefF-baseline,Lymphography,18,0.15234865900383138,0.8517241379310345,10,18,0.4116027355194092
ReliefF-baseline,Lymphography,19,0.14741532567049812,0.8583908045977011,13,18,0.4094579219818115
ReliefF-baseline,Lymphography,20,0.15156551724137932,0.8519540229885058,9,18,0.3253660202026367
ReliefF-baseline,Lymphography,21,0.1410429118773946,0.8648275862068966,13,18,0.3891327381134033
ReliefF-baseline,Lymphography,24,0.14261609195402303,0.8593103448275862,6,18,0.14242815971374512
ReliefF-baseline,Lymphography,22,0.13343218390804604,0.8719540229885057,12,18,0.337083101272583
ReliefF-baseline,Lymphography,23,0.13467049808429118,0.871264367816092,13,18,0.32604432106018066
ReliefF-baseline,Lymphography,25,0.1410429118773946,0.8648275862068966,13,18,0.2655808925628662
ReliefF-baseline,KrVsKpEW,27,0.04729429074446684,0.9571341940532081,17,35,3.91648006439209
ReliefF-baseline,Lymphography,26,0.13502528735632183,0.8703448275862069,12,18,0.28594493865966797
ReliefF-baseline,Lymphography,27,0.17012030651341004,0.8377011494252873,17,18,0.30697178840637207
ReliefF-baseline,Lymphography,28,0.12738773946360157,0.8786206896551724,13,18,0.30616283416748047
ReliefF-baseline,Lymphography,29,0.13633716475095786,0.871264367816092,16,18,0.34423303604125977
ReliefF-baseline,M-of-n,1,0.004615384615384616,1.0,6,13,0.4085838794708252
ReliefF-baseline,KrVsKpEW,26,0.05282394994969823,0.9521258802816901,19,35,4.443907976150513
ReliefF-baseline,M-of-n,0,0.004615384615384616,1.0,6,13,0.4596989154815674
ReliefF-baseline,M-of-n,2,0.004615384615384616,1.0,6,13,0.46660280227661133
ReliefF-baseline,M-of-n,3,0.004615384615384616,1.0,6,13,0.49268102645874023
ReliefF-baseline,M-of-n,4,0.004615384615384616,1.0,6,13,0.50331711769104
ReliefF-baseline,M-of-n,5,0.004615384615384616,1.0,6,13,0.5203680992126465
ReliefF-baseline,M-of-n,6,0.004615384615384616,1.0,6,13,0.48924779891967773
ReliefF-baseline,M-of-n,9,0.004615384615384616,1.0,6,13,0.48615503311157227
ReliefF-baseline,M-of-n,7,0.004615384615384616,1.0,6,13,0.516535758972168
ReliefF-baseline,M-of-n,8,0.004615384615384616,1.0,6,13,0.5457859039306641
ReliefF-baseline,M-of-n,10,0.004615384615384616,1.0,6,13,0.5354411602020264
ReliefF-baseline,M-of-n,11,0.004615384615384616,1.0,6,13,0.5092289447784424
ReliefF-baseline,M-of-n,12,0.004615384615384616,1.0,6,13,0.516895055770874
ReliefF-baseline,M-of-n,13,0.008575384615384509,0.9960000000000001,6,13,0.49266529083251953
ReliefF-baseline,M-of-n,14,0.004615384615384616,1.0,6,13,0.5216913223266602
ReliefF-baseline,M-of-n,15,0.004615384615384616,1.0,6,13,0.5035009384155273
ReliefF-baseline,M-of-n,16,0.004615384615384616,1.0,6,13,0.5231850147247314
ReliefF-baseline,M-of-n,17,0.004615384615384616,1.0,6,13,0.53041672706604
ReliefF-baseline,M-of-n,18,0.004615384615384616,1.0,6,13,0.5237119197845459
ReliefF-baseline,M-of-n,19,0.004615384615384616,1.0,6,13,0.5561990737915039
ReliefF-baseline,M-of-n,21,0.004615384615384616,1.0,6,13,0.5071449279785156
ReliefF-baseline,M-of-n,20,0.004615384615384616,1.0,6,13,0.5382251739501953
ReliefF-baseline,M-of-n,22,0.004615384615384616,1.0,6,13,0.5729198455810547
ReliefF-baseline,M-of-n,23,0.004615384615384616,1.0,6,13,0.5291562080383301
ReliefF-baseline,M-of-n,24,0.004615384615384616,1.0,6,13,0.519049882888794
ReliefF-baseline,M-of-n,25,0.004615384615384616,1.0,6,13,0.5283429622650146
ReliefF-baseline,M-of-n,27,0.004615384615384616,1.0,6,13,0.5277471542358398
ReliefF-baseline,M-of-n,26,0.004615384615384616,1.0,6,13,0.5733630657196045
ReliefF-baseline,M-of-n,28,0.004615384615384616,1.0,6,13,0.5224208831787109
ReliefF-baseline,M-of-n,29,0.004615384615384616,1.0,6,13,0.5232210159301758
ReliefF-baseline,Parkinsons,2,0.08115384615384622,0.923076923076923,11,22,0.397932767868042
ReliefF-baseline,Parkinsons,0,0.0719090909090909,0.9333333333333333,13,22,0.5889379978179932
ReliefF-baseline,Parkinsons,3,0.071909090909091,0.9333333333333332,13,22,0.4251699447631836
ReliefF-baseline,Parkinsons,1,0.05667832167832172,0.9487179487179487,13,22,0.5104880332946777
ReliefF-baseline,Parkinsons,5,0.0719090909090909,0.9333333333333333,13,22,0.3767580986022949
ReliefF-baseline,Parkinsons,4,0.06728671328671329,0.9384615384615385,14,22,0.4071779251098633
ReliefF-baseline,Parkinsons,6,0.08668531468531461,0.917948717948718,12,22,0.4714529514312744
ReliefF-baseline,Parkinsons,7,0.09176223776223767,0.9128205128205129,12,22,0.49095988273620605
ReliefF-baseline,Parkinsons,8,0.06130069930069932,0.9435897435897436,12,22,0.3881809711456299
ReliefF-baseline,Parkinsons,11,0.05576923076923081,0.9487179487179487,11,22,0.3101351261138916
ReliefF-baseline,Parkinsons,9,0.03637062937062949,0.9692307692307691,13,22,0.3670079708099365
ReliefF-baseline,Parkinsons,10,0.06683216783216783,0.9384615384615385,13,22,0.35097289085388184
ReliefF-baseline,Parkinsons,12,0.06175524475524478,0.9435897435897436,13,22,0.33254003524780273
ReliefF-baseline,Parkinsons,13,0.05758741258741263,0.9487179487179487,15,22,0.34754109382629395
ReliefF-baseline,Parkinsons,16,0.07698601398601405,0.9282051282051281,13,22,0.4270319938659668
ReliefF-baseline,Parkinsons,17,0.03637062937062949,0.9692307692307691,13,22,0.4093759059906006
ReliefF-baseline,Parkinsons,18,0.0719090909090909,0.9333333333333333,13,22,0.4001588821411133
ReliefF-baseline,Parkinsons,19,0.05667832167832172,0.9487179487179487,13,22,0.39867401123046875
ReliefF-baseline,Parkinsons,21,0.04606993006993015,0.9589743589743589,12,22,0.36115097999572754
ReliefF-baseline,Parkinsons,20,0.07698601398601394,0.9282051282051282,13,22,0.41379213333129883
ReliefF-baseline,Parkinsons,15,0.06084615384615397,0.9435897435897435,11,22,0.8186380863189697
ReliefF-baseline,Parkinsons,24,0.07607692307692315,0.9282051282051281,11,22,0.3435189723968506
ReliefF-baseline,Parkinsons,23,0.06592307692307693,0.9384615384615385,11,22,0.37055397033691406
ReliefF-baseline,Parkinsons,27,0.06084615384615386,0.9435897435897436,11,22,0.3201160430908203
ReliefF-baseline,Parkinsons,26,0.0511468531468532,0.9538461538461538,12,22,0.37982988357543945
ReliefF-baseline,Parkinsons,22,0.06220979020979023,0.9435897435897436,14,22,0.45033860206604004
ReliefF-baseline,Parkinsons,25,0.06728671328671329,0.9384615384615385,14,22,0.4394710063934326
ReliefF-baseline,Parkinsons,14,0.06728671328671329,0.9384615384615385,14,22,0.9981091022491455
ReliefF-baseline,SpectEW,0,0.17036592338479128,0.8315863032844165,8,22,0.30551695823669434
ReliefF-baseline,SpectEW,1,0.1704351057747283,0.8315164220824599,8,22,0.3103618621826172
ReliefF-baseline,SpectEW,4,0.14501543739279577,0.8576519916142559,9,22,0.3563041687011719
ReliefF-baseline,SpectEW,2,0.16114465408805018,0.8422781271837877,11,22,0.46194911003112793
ReliefF-baseline,SpectEW,6,0.17064265294453967,0.8313067784765898,8,22,0.23497295379638672
ReliefF-baseline,SpectEW,3,0.17567295597484278,0.8276030747728861,11,22,0.4860689640045166
ReliefF-baseline,SpectEW,5,0.1826209262435677,0.820125786163522,10,22,0.48415589332580566
ReliefF-baseline,Parkinsons,29,0.06774125874125875,0.9384615384615385,15,22,0.6218259334564209
ReliefF-baseline,Parkinsons,28,0.06175524475524478,0.9435897435897436,13,22,0.8087821006774902
ReliefF-baseline,SpectEW,8,0.16743053173241854,0.8350104821802935,9,22,0.3611130714416504
ReliefF-baseline,SpectEW,10,0.15583762149799868,0.8462613556953181,8,22,0.2886519432067871
ReliefF-baseline,SpectEW,9,0.16341795311606636,0.8390635918937805,9,22,0.33434414863586426
ReliefF-baseline,SpectEW,12,0.15968210405946257,0.8428371767994409,9,22,0.27768683433532715
ReliefF-baseline,SpectEW,11,0.15262550028587774,0.8499650593990216,9,22,0.31351709365844727
ReliefF-baseline,SpectEW,7,0.1659376786735277,0.8392732354996506,15,22,0.5852830410003662
ReliefF-baseline,SpectEW,13,0.1672921669525442,0.835150244584207,9,22,0.4138157367706299
ReliefF-baseline,SpectEW,19,0.16275586049170943,0.8392732354996507,8,22,0.33804988861083984
ReliefF-baseline,SpectEW,20,0.16275586049170954,0.8392732354996506,8,22,0.3185291290283203
ReliefF-baseline,SpectEW,14,0.16048256146369336,0.8424877707896578,10,22,0.5159368515014648
ReliefF-baseline,SpectEW,15,0.16746998284734138,0.8354297693920335,10,22,0.4836280345916748
ReliefF-baseline,SpectEW,17,0.178707261292167,0.8236198462613556,9,22,0.4504709243774414
ReliefF-baseline,SpectEW,18,0.16020583190394508,0.8427672955974843,10,22,0.46990108489990234
ReliefF-baseline,SpectEW,16,0.1793396226415094,0.8238993710691824,11,22,0.7034881114959717
ReliefF-baseline,SpectEW,21,0.16362550028587772,0.8388539482879105,9,22,0.5338649749755859
ReliefF-baseline,SpectEW,22,0.17085020011435115,0.8310971348707197,8,22,0.37719202041625977
ReliefF-baseline,SpectEW,25,0.1819885648942252,0.8198462613556954,8,22,0.36101388931274414
ReliefF-baseline,SpectEW,23,0.16341795311606613,0.8390635918937808,9,22,0.455035924911499
ReliefF-baseline,SpectEW,24,0.16355631789594066,0.8389238294898671,9,22,0.48513102531433105
ReliefF-baseline,SpectEW,26,0.16020583190394508,0.8427672955974843,10,22,0.5297329425811768
ReliefF-baseline,SpectEW,27,0.1710280160091481,0.8313766596785465,9,22,0.4916880130767822
ReliefF-baseline,SpectEW,28,0.1815734705546026,0.8202655485674354,8,22,0.3241920471191406
ReliefF-baseline,TicTacToe,0,0.15672905759162287,0.8517888307155325,9,9,0.3030989170074463
ReliefF-baseline,TicTacToe,2,0.15777110602094235,0.8507362565445027,9,9,0.34906601905822754
ReliefF-baseline,TicTacToe,1,0.16090265052356026,0.8475730802792321,9,9,0.3983330726623535
ReliefF-baseline,SpectEW,29,0.160067467124071,0.8429070580013975,10,22,0.5588960647583008
ReliefF-baseline,TicTacToe,3,0.15987679973821992,0.8486092931937173,9,9,0.36513805389404297
ReliefF-baseline,TicTacToe,4,0.15880775523560212,0.8496891361256544,9,9,0.33566784858703613
ReliefF-baseline,TicTacToe,5,0.16502225130890044,0.843411867364747,9,9,0.34293413162231445
ReliefF-baseline,TicTacToe,7,0.15880775523560212,0.8496891361256544,9,9,0.33815884590148926
ReliefF-baseline,TicTacToe,6,0.16502225130890044,0.843411867364747,9,9,0.37691688537597656
ReliefF-baseline,TicTacToe,8,0.15987679973821992,0.8486092931937173,9,9,0.37592172622680664
ReliefF-baseline,TicTacToe,9,0.15880775523560212,0.8496891361256544,9,9,0.36325693130493164
ReliefF-baseline,TicTacToe,11,0.16089185209424073,0.8475839877835952,9,9,0.2991600036621094
ReliefF-baseline,TicTacToe,10,0.1660535013089006,0.8423702006980802,9,9,0.38083314895629883
ReliefF-baseline,TicTacToe,12,0.15571400523560205,0.8528141361256545,9,9,0.3331139087677002
ReliefF-baseline,TicTacToe,13,0.16911485602094248,0.8392779232111692,9,9,0.3608369827270508
ReliefF-baseline,TicTacToe,15,0.1536191099476439,0.8549301919720769,9,9,0.3688807487487793
ReliefF-baseline,TicTacToe,14,0.16398020287958118,0.8444644415357766,9,9,0.37798404693603516
ReliefF-baseline,TicTacToe,18,0.16604270287958117,0.8423811082024433,9,9,0.27010202407836914
ReliefF-baseline,TicTacToe,16,0.16501685209424083,0.8434173211169285,9,9,0.3118307590484619
ReliefF-baseline,TicTacToe,17,0.16500605366492152,0.8434282286212914,9,9,0.3585820198059082
ReliefF-baseline,TicTacToe,19,0.1618745091623036,0.846591404886562,9,9,0.3507819175720215
ReliefF-baseline,TicTacToe,21,0.1577495091623036,0.8507580715532287,9,9,0.33297204971313477
ReliefF-baseline,TicTacToe,20,0.16393700916230358,0.8445080715532287,9,9,0.4441337585449219
ReliefF-baseline,TicTacToe,22,0.16916884816753916,0.8392233856893544,9,9,0.3614227771759033
ReliefF-baseline,TicTacToe,23,0.16915804973821985,0.8392342931937173,9,9,0.38344693183898926
ReliefF-baseline,TicTacToe,25,0.1526148560209423,0.8559445898778361,9,9,0.32244205474853516
ReliefF-baseline,TicTacToe,26,0.16602650523560225,0.8423974694589876,9,9,0.33533692359924316
ReliefF-baseline,TicTacToe,24,0.1567398560209424,0.8517779232111693,9,9,0.4236438274383545
ReliefF-baseline,Vote,2,0.030663852913968625,0.9696577243293246,1,16,0.16471409797668457
ReliefF-baseline,Vote,3,0.03048068917668817,0.9698427382053655,1,16,0.16417813301086426
ReliefF-baseline,TicTacToe,28,0.1526094568062827,0.8559500436300175,9,9,0.33007097244262695
ReliefF-baseline,Vote,4,0.03029752543940783,0.9700277520814062,1,16,0.16133499145507812
ReliefF-baseline,TicTacToe,27,0.1588023560209425,0.8496945898778359,9,9,0.3885469436645508
ReliefF-baseline,Vote,5,0.030663852913968625,0.9696577243293246,1,16,0.15648698806762695
ReliefF-baseline,TicTacToe,29,0.16500065445026169,0.843433682373473,9,9,0.32907700538635254
ReliefF-baseline,Vote,8,0.03029752543940783,0.9700277520814062,1,16,0.12389922142028809
ReliefF-baseline,Vote,7,0.03048068917668828,0.9698427382053654,1,16,0.1543889045715332
ReliefF-baseline,Vote,6,0.03048068917668817,0.9698427382053655,1,16,0.21244430541992188
ReliefF-baseline,Vote,10,0.03029752543940783,0.9700277520814062,1,16,0.15401768684387207
ReliefF-baseline,Vote,11,0.03048068917668817,0.9698427382053655,1,16,0.1456620693206787
ReliefF-baseline,Vote,9,0.030389107308048054,0.9699352451433858,1,16,0.1842806339263916
ReliefF-baseline,Vote,13,0.03029752543940783,0.9700277520814062,1,16,0.13829565048217773
ReliefF-baseline,Vote,15,0.030572271045328506,0.9697502312673449,1,16,0.1368250846862793
ReliefF-baseline,Vote,14,0.030572271045328506,0.9697502312673449,1,16,0.1417100429534912
ReliefF-baseline,Vote,12,0.030389107308048054,0.9699352451433858,1,16,0.169173002243042
ReliefF-baseline,Vote,17,0.030389107308048054,0.9699352451433858,1,16,0.13028192520141602
ReliefF-baseline,Vote,16,0.030663852913968625,0.9696577243293246,1,16,0.1736290454864502
ReliefF-baseline,Vote,20,0.030297525439408047,0.970027752081406,1,16,0.12094807624816895
ReliefF-baseline,Vote,18,0.030663852913968625,0.9696577243293246,1,16,0.17247319221496582
ReliefF-baseline,Vote,19,0.03048068917668828,0.9698427382053654,1,16,0.17516207695007324
ReliefF-baseline,Vote,21,0.030389107308048054,0.9699352451433858,1,16,0.17076992988586426
ReliefF-baseline,Vote,22,0.03048068917668828,0.9698427382053654,1,16,0.17822694778442383
ReliefF-baseline,Vote,23,0.030389107308048054,0.9699352451433858,1,16,0.17663073539733887
ReliefF-baseline,Vote,24,0.03048068917668817,0.9698427382053655,1,16,0.1336042881011963
ReliefF-baseline,Vote,26,0.030572271045328506,0.9697502312673449,1,16,0.15430283546447754
ReliefF-baseline,Vote,25,0.030663852913968625,0.9696577243293246,1,16,0.17215418815612793
ReliefF-baseline,Vote,27,0.030572271045328506,0.9697502312673449,1,16,0.17334198951721191
ReliefF-baseline,Vote,28,0.030572271045328506,0.9697502312673449,1,16,0.17816615104675293
ReliefF-baseline,Vote,29,0.03029752543940783,0.9700277520814062,1,16,0.18726086616516113
ReliefF-baseline,WaveformEW,1,0.16813199999999995,0.8332,12,40,5.860971927642822
ReliefF-baseline,WaveformEW,2,0.16739200000000018,0.8341999999999998,13,40,6.436650991439819
ReliefF-baseline,WaveformEW,4,0.168236,0.8336,14,40,7.281584024429321
ReliefF-baseline,WaveformEW,3,0.16319200000000006,0.8392,16,40,7.986649036407471
ReliefF-baseline,WaveformEW,0,0.159826,0.8426,16,40,8.092237949371338
ReliefF-baseline,WaveformEW,5,0.1608160000000001,0.8415999999999999,16,40,8.00693678855896
ReliefF-baseline,WaveformEW,7,0.16061800000000012,0.8417999999999999,16,40,8.107578992843628
ReliefF-baseline,WaveformEW,6,0.17150800000000002,0.8308,16,40,8.291005849838257
ReliefF-baseline,WaveformEW,9,0.1669440000000001,0.8343999999999999,12,40,5.641880035400391
ReliefF-baseline,WaveformEW,8,0.1675480000000001,0.8347999999999999,16,40,7.084246873855591
ReliefF-baseline,WaveformEW,11,0.16595400000000007,0.8353999999999999,12,40,5.483410835266113
ReliefF-baseline,WaveformEW,10,0.16556800000000002,0.8368,16,40,6.834799766540527
ReliefF-baseline,WaveformEW,12,0.16447399999999998,0.8374,14,40,6.111363172531128
ReliefF-baseline,WaveformEW,15,0.166256,0.8356,14,40,6.190529108047485
ReliefF-baseline,WaveformEW,13,0.16992399999999996,0.8324,16,40,7.1015238761901855
ReliefF-baseline,WaveformEW,14,0.16200399999999995,0.8404,16,40,6.9610700607299805
ReliefF-baseline,WaveformEW,16,0.16555800000000012,0.8357999999999999,12,40,5.066809177398682
ReliefF-baseline,WaveformEW,17,0.168736,0.8336,16,40,6.801314115524292
ReliefF-baseline,WaveformEW,19,0.15754400000000007,0.8443999999999999,14,40,5.9822118282318115
ReliefF-baseline,WaveformEW,18,0.16517200000000007,0.8371999999999999,16,40,6.82567024230957
ReliefF-baseline,WaveformEW,20,0.1672980000000001,0.8347999999999999,15,40,6.526560068130493
ReliefF-baseline,WaveformEW,21,0.16220199999999996,0.8402000000000001,16,40,6.549749135971069
ReliefF-baseline,WaveformEW,22,0.16536999999999993,0.8370000000000001,16,40,6.747931957244873
LASSO,BreastEW,0,0.04045663374838984,0.9692357234864749,9,9,0.05327177047729492
LASSO,BreastEW,1,0.0462482825246888,0.963385573207385,9,9,0.039369821548461914
ReliefF-baseline,WaveformEW,23,0.16239999999999993,0.8400000000000001,16,40,6.822656869888306
LASSO,BreastEW,3,0.041923142979819694,0.9677544010304852,9,9,0.046874284744262695
LASSO,BreastEW,2,0.04190188922284244,0.9677758694718763,9,9,0.07183480262756348
LASSO,BreastEW,4,0.04329401030485183,0.9663696865607557,9,9,0.04473423957824707
LASSO,BreastEW,5,0.038968870759982836,0.9707385143838557,9,9,0.05599164962768555
LASSO,BreastEW,6,0.04625890940317727,0.9633748389866896,9,9,0.05344200134277344
LASSO,BreastEW,7,0.041870008587376495,0.9678080721339631,9,9,0.04450416564941406
LASSO,BreastEW,8,0.039032632030914505,0.9706741090596823,9,9,0.036154985427856445
LASSO,BreastEW,9,0.03897949763847141,0.9707277801631602,9,9,0.04497504234313965
LASSO,BreastEW,10,0.04481365392872478,0.9648346930012881,9,9,0.052063941955566406
LASSO,BreastEW,11,0.04041412623443543,0.9692786603692571,9,9,0.06838679313659668
LASSO,BreastEW,12,0.04334714469729493,0.9663160154572779,9,9,0.05445718765258789
LASSO,BreastEW,14,0.044771146414770265,0.9648776298840704,9,9,0.0427861213684082
LASSO,BreastEW,13,0.0375448690425075,0.9721768999570631,9,9,0.052362918853759766
LASSO,BreastEW,15,0.04333651781880646,0.9663267496779733,9,9,0.05162477493286133
LASSO,BreastEW,16,0.040467260626878415,0.9692249892657794,9,9,0.055941104888916016
LASSO,BreastEW,17,0.04045663374838984,0.9692357234864749,9,9,0.04712796211242676
LASSO,BreastEW,18,0.0505734220695578,0.959016745384285,9,9,0.048294782638549805
LASSO,BreastEW,20,0.04626953628166584,0.9633641047659941,9,9,0.03598785400390625
LASSO,BreastEW,19,0.04337902533276076,0.9662838127951912,9,9,0.05097603797912598
LASSO,BreastEW,21,0.0433046371833403,0.9663589523400603,9,9,0.05127286911010742
LASSO,BreastEW,22,0.04189126234435375,0.967786603692572,9,9,0.04781484603881836
LASSO,BreastEW,24,0.038990124516960094,0.9707170459424646,9,9,0.04885673522949219
LASSO,BreastEW,23,0.038990124516960094,0.9707170459424646,9,9,0.05357789993286133
LASSO,BreastEW,26,0.04188063546586518,0.9677973379132675,9,9,0.03802609443664551
LASSO,BreastEW,25,0.04329401030485183,0.9663696865607557,9,9,0.04648327827453613
LASSO,BreastEW,27,0.04045663374838984,0.9692357234864749,9,9,0.04418826103210449
LASSO,BreastEW,28,0.03751298840704177,0.9722091026191497,9,9,0.046998023986816406
LASSO,BreastEW,29,0.04334714469729493,0.9663160154572779,9,9,0.03804802894592285
LASSO,Diabetes,0,0.27945378151260497,0.7278244631185808,8,8,0.05087995529174805
LASSO,Diabetes,1,0.2768739495798318,0.7304303539597659,8,8,0.0483546257019043
LASSO,Diabetes,2,0.2677899159663865,0.7396061454884985,8,8,0.04354596138000488
LASSO,Diabetes,3,0.2781092436974791,0.7291825821237585,8,8,0.054331064224243164
LASSO,Diabetes,4,0.2729747899159664,0.7343688990747814,8,8,0.0461270809173584
LASSO,Diabetes,5,0.26261344537815123,0.7448349036584331,8,8,0.038664817810058594
LASSO,Diabetes,6,0.270420168067227,0.7369493251846192,8,8,0.041815757751464844
LASSO,Diabetes,7,0.27291596638655463,0.734428316781258,8,8,0.04858589172363281
LASSO,Diabetes,8,0.26518487394957985,0.7422375010610305,8,8,0.05091214179992676
LASSO,Diabetes,9,0.28066386554621847,0.7266021560139208,8,8,0.06310892105102539
LASSO,Diabetes,10,0.2833613445378152,0.7238774297597826,8,8,0.055702924728393555
LASSO,Diabetes,12,0.27430252100840347,0.7330277565571682,8,8,0.050544023513793945
LASSO,Diabetes,11,0.27554621848739497,0.7317714964773788,8,8,0.06130099296569824
LASSO,Diabetes,13,0.2678067226890757,0.7395891690009336,8,8,0.053826093673706055
LASSO,Diabetes,14,0.25747899159663856,0.750021220609456,8,8,0.05857110023498535
LASSO,Diabetes,16,0.27682352941176475,0.7304812834224599,8,8,0.04306483268737793
LASSO,Diabetes,15,0.2651932773109244,0.7422290128172481,8,8,0.054570913314819336
LASSO,Diabetes,17,0.263890756302521,0.7435446906035141,8,8,0.04918980598449707
LASSO,Diabetes,18,0.2665798319327731,0.7408284525931584,8,8,0.051490068435668945
LASSO,Diabetes,19,0.2652689075630252,0.7421526186232069,8,8,0.05007314682006836
LASSO,Diabetes,20,0.2691344537815127,0.7382480264833206,8,8,0.05675005912780762
ReliefF-baseline,WaveformEW,24,0.16670400000000007,0.8353999999999999,15,40,6.1916139125823975
LASSO,Diabetes,21,0.2793865546218487,0.7278923690688397,8,8,0.04865097999572754
LASSO,Diabetes,22,0.2742773109243697,0.7330532212885155,8,8,0.04941511154174805
LASSO,Diabetes,23,0.2935882352941177,0.7135472370766488,8,8,0.04492497444152832
LASSO,Diabetes,25,0.2716638655462185,0.7356930651048298,8,8,0.05181407928466797
LASSO,Diabetes,26,0.25620168067226895,0.7513114336643748,8,8,0.04877614974975586
LASSO,Diabetes,24,0.2715882352941177,0.735769459298871,8,8,0.07132434844970703
LASSO,Diabetes,27,0.2806470588235294,0.7266191325014855,8,8,0.04631400108337402
LASSO,Diabetes,28,0.2781176470588235,0.7291740938799762,8,8,0.05207324028015137
LASSO,Diabetes,29,0.27941176470588236,0.7278669043374926,8,8,0.05403494834899902
LASSO,GermanCredit,0,0.26542,0.742,20,20,0.0806882381439209
LASSO,GermanCredit,1,0.27235000000000004,0.735,20,20,0.0759129524230957
LASSO,GermanCredit,2,0.2674,0.74,20,20,0.07460498809814453
LASSO,GermanCredit,3,0.26245,0.745,20,20,0.0758359432220459
LASSO,GermanCredit,4,0.27532,0.732,20,20,0.0794830322265625
LASSO,GermanCredit,5,0.2763099999999999,0.7310000000000001,20,20,0.09114694595336914
LASSO,GermanCredit,7,0.26641000000000004,0.741,20,20,0.07425975799560547
LASSO,GermanCredit,6,0.2674,0.74,20,20,0.08251714706420898
LASSO,GermanCredit,8,0.27235000000000004,0.735,20,20,0.08863711357116699
LASSO,GermanCredit,10,0.2634399999999999,0.7440000000000001,20,20,0.12395071983337402
LASSO,GermanCredit,9,0.2644299999999999,0.7430000000000001,20,20,0.14088082313537598
LASSO,GermanCredit,11,0.25551999999999997,0.752,20,20,0.15393686294555664
LASSO,GermanCredit,12,0.27235000000000004,0.735,20,20,0.13467884063720703
LASSO,GermanCredit,13,0.2674,0.74,20,20,0.12350606918334961
LASSO,GermanCredit,14,0.2644299999999999,0.7430000000000001,20,20,0.12497997283935547
LASSO,GermanCredit,15,0.2674,0.74,20,20,0.08806133270263672
LASSO,GermanCredit,16,0.25849,0.749,20,20,0.12690091133117676
LASSO,GermanCredit,17,0.25453,0.753,20,20,0.11593508720397949
LASSO,GermanCredit,18,0.2693799999999999,0.7380000000000001,20,20,0.11704826354980469
LASSO,GermanCredit,19,0.2693799999999999,0.7380000000000001,20,20,0.11840271949768066
LASSO,GermanCredit,20,0.26938,0.738,20,20,0.12497711181640625
LASSO,GermanCredit,21,0.26542,0.742,20,20,0.1239008903503418
LASSO,GermanCredit,22,0.2574999999999999,0.7500000000000001,20,20,0.13028311729431152
LASSO,GermanCredit,23,0.2674,0.74,20,20,0.1260380744934082
LASSO,GermanCredit,24,0.2644299999999999,0.7430000000000001,20,20,0.11168313026428223
LASSO,GermanCredit,25,0.27532,0.732,20,20,0.11315798759460449
ReliefF-baseline,WaveformEW,25,0.16635000000000003,0.835,12,40,4.787064075469971
LASSO,GermanCredit,26,0.2683899999999999,0.7390000000000001,20,20,0.15163493156433105
LASSO,HeartDisease,0,0.19928839634941323,0.8080225988700566,12,13,0.022780895233154297
LASSO,GermanCredit,27,0.26542,0.742,20,20,0.15967679023742676
LASSO,HeartDisease,1,0.1823409387222947,0.8251412429378531,12,13,0.02293086051940918
LASSO,HeartDisease,3,0.1824528031290741,0.8250282485875708,12,13,0.022243738174438477
LASSO,GermanCredit,29,0.2683899999999999,0.7390000000000001,20,20,0.10801196098327637
LASSO,GermanCredit,28,0.25948,0.748,20,20,0.15960407257080078
LASSO,HeartDisease,4,0.19576466753585392,0.8115819209039549,12,13,0.022024154663085938
LASSO,HeartDisease,2,0.17260873533246424,0.8349717514124293,12,13,0.07933688163757324
LASSO,HeartDisease,5,0.18267653194263367,0.8248022598870056,12,13,0.027331113815307617
LASSO,HeartDisease,7,0.17915280312907436,0.8283615819209039,12,13,0.03081989288330078
LASSO,HeartDisease,9,0.19576466753585392,0.8115819209039549,12,13,0.029006004333496094
LASSO,HeartDisease,6,0.17932059973924377,0.8281920903954803,12,13,0.06890106201171875
LASSO,HeartDisease,10,0.18250873533246412,0.8249717514124294,12,13,0.03369283676147461
LASSO,HeartDisease,11,0.17876127770534544,0.8287570621468927,12,13,0.03007221221923828
LASSO,HeartDisease,8,0.17920873533246418,0.8283050847457627,12,13,0.06827902793884277
LASSO,HeartDisease,13,0.1858087353324641,0.8216384180790961,12,13,0.0277252197265625
LASSO,HeartDisease,14,0.20253246414602338,0.8047457627118645,12,13,0.029453754425048828
LASSO,HeartDisease,16,0.18262059973924386,0.8248587570621468,12,13,0.034474849700927734
LASSO,HeartDisease,12,0.19257653194263358,0.8148022598870057,12,13,0.0782771110534668
LASSO,HeartDisease,17,0.18905280312907424,0.818361581920904,12,13,0.032714128494262695
LASSO,HeartDisease,18,0.19889687092568445,0.8084180790960452,12,13,0.025383949279785156
LASSO,HeartDisease,20,0.1728883963494134,0.8346892655367231,12,13,0.02706003189086914
LASSO,HeartDisease,15,0.19240873533246414,0.8149717514124294,12,13,0.09302401542663574
LASSO,HeartDisease,21,0.18206127770534553,0.8254237288135593,12,13,0.03315901756286621
LASSO,HeartDisease,22,0.19268839634941332,0.8146892655367232,12,13,0.02407693862915039
LASSO,HeartDisease,19,0.20236466753585397,0.8049152542372882,12,13,0.07284784317016602
LASSO,HeartDisease,24,0.19559687092568448,0.8117514124293785,12,13,0.032797813415527344
LASSO,HeartDisease,25,0.17266466753585383,0.8349152542372883,12,13,0.029568195343017578
LASSO,HeartDisease,26,0.1759087353324642,0.831638418079096,12,13,0.02906513214111328
LASSO,HeartDisease,27,0.16914093872229471,0.8384745762711864,12,13,0.034796953201293945
LASSO,HeartDisease,28,0.19934432855280304,0.8079661016949153,12,13,0.03268098831176758
LASSO,HeartDisease,23,0.17909687092568455,0.8284180790960451,12,13,0.08517289161682129
ReliefF-baseline,WaveformEW,26,0.16397399999999998,0.8374,12,40,4.775299787521362
LASSO,HeartDisease,29,0.20583246414602335,0.8014124293785312,12,13,0.033590078353881836
LASSO,IonosphereEW,2,0.16138243579121775,0.8461971830985917,31,34,0.8752682209014893
LASSO,IonosphereEW,1,0.15576513196828043,0.851871227364185,31,34,0.8901219367980957
LASSO,IonosphereEW,3,0.15584481003669073,0.8517907444668008,31,34,0.8937468528747559
LASSO,IonosphereEW,0,0.15863354243105704,0.84897384305835,31,34,0.9438278675079346
LASSO,IonosphereEW,4,0.17277639957391414,0.8346881287726358,31,34,0.989858865737915
ReliefF-baseline,WaveformEW,27,0.167496,0.8346,15,40,5.9612510204315186
ReliefF-baseline,WaveformEW,28,0.16170199999999996,0.8402000000000001,14,40,5.9190239906311035
LASSO,IonosphereEW,5,0.16707941768256615,0.8404426559356135,31,34,0.9087691307067871
LASSO,IonosphereEW,6,0.16978847200852182,0.8377062374245472,31,34,0.9229662418365479
LASSO,IonosphereEW,7,0.155884649070896,0.8517505030181086,31,34,0.9102656841278076
LASSO,IonosphereEW,8,0.16974863297431644,0.8377464788732395,31,34,0.9539499282836914
LASSO,IonosphereEW,9,0.16126291868860237,0.8463179074446678,31,34,0.9409370422363281
ReliefF-baseline,WaveformEW,29,0.16288999999999992,0.8390000000000001,14,40,5.851773023605347
LASSO,IonosphereEW,10,0.16703957864836078,0.8404828973843058,31,34,1.0121352672576904
LASSO,IonosphereEW,11,0.16150195289383354,0.8460764587525151,31,34,1.0674610137939453
LASSO,IonosphereEW,12,0.17273656053970876,0.8347283702213281,31,34,0.998054027557373
LASSO,IonosphereEW,13,0.16719893478518152,0.8403219315895374,31,34,1.1029345989227295
LASSO,IonosphereEW,14,0.16150195289383354,0.8460764587525151,31,34,1.2202730178833008
LASSO,IonosphereEW,15,0.16150195289383376,0.8460764587525149,31,34,1.1627259254455566
LASSO,IonosphereEW,16,0.16998766717954783,0.8375050301810866,31,34,1.1203739643096924
LASSO,IonosphereEW,17,0.16146211385962828,0.8461167002012073,31,34,1.0479989051818848
LASSO,IonosphereEW,18,0.16448988045922608,0.8430583501006035,31,34,1.2814719676971436
LASSO,IonosphereEW,19,0.16719893478518175,0.8403219315895372,31,34,1.0049610137939453
LASSO,IonosphereEW,20,0.15572529293407492,0.8519114688128774,31,34,0.9895281791687012
LASSO,IonosphereEW,21,0.16421100721978943,0.8433400402414486,31,34,0.8946030139923096
LASSO,IonosphereEW,22,0.16150195289383354,0.8460764587525151,31,34,0.9728219509124756
LASSO,IonosphereEW,23,0.16154179192803883,0.846036217303823,31,34,0.9963419437408447
LASSO,IonosphereEW,24,0.15847418629423607,0.8491348088531186,31,34,0.9866039752960205
LASSO,IonosphereEW,25,0.16417116818558405,0.8433802816901409,31,34,1.0946812629699707
LASSO,IonosphereEW,26,0.17544561486566462,0.8319919517102615,31,34,0.9522781372070312
LASSO,IonosphereEW,27,0.15867338146526208,0.848933601609658,31,34,0.9931230545043945
LASSO,IonosphereEW,29,0.16417116818558405,0.8433802816901409,31,34,0.9698841571807861
LASSO,IonosphereEW,28,0.1500681500769321,0.857625754527163,31,34,1.0479621887207031
LASSO,KrVsKpEW,1,0.0717126194668007,0.9367982198748045,32,35,1.6790797710418701
LASSO,KrVsKpEW,2,0.0729539927062374,0.9355443075117371,32,35,1.672778844833374
LASSO,KrVsKpEW,0,0.06768638707243464,0.9408651212832551,32,35,1.7446990013122559
LASSO,KrVsKpEW,3,0.07388018108651902,0.9346087636932708,32,35,1.5820331573486328
LASSO,KrVsKpEW,4,0.0714046969315896,0.9371092527386541,32,35,1.6534583568572998
LASSO,KrVsKpEW,7,0.06830610538229367,0.9402391431924884,32,35,1.4305689334869385
LASSO,KrVsKpEW,5,0.07325901031187125,0.9352362089201878,32,35,1.5721559524536133
LASSO,KrVsKpEW,6,0.07790738179074456,0.9305408841940531,32,35,2.1031558513641357
LASSO,KrVsKpEW,9,0.07171552439637817,0.936795285602504,32,35,1.601349115371704
LASSO,KrVsKpEW,10,0.07295060362173036,0.935547730829421,32,35,1.8382272720336914
LASSO,KrVsKpEW,12,0.07047560362173051,0.9380477308294208,32,35,1.37437105178833
LASSO,KrVsKpEW,8,0.07481024270623747,0.933669307511737,32,35,1.914808988571167
LASSO,KrVsKpEW,11,0.07295011946680079,0.9355482198748044,32,35,1.953481912612915
LASSO,KrVsKpEW,13,0.07232749622736417,0.9361771322378717,32,35,1.570788860321045
LASSO,KrVsKpEW,14,0.07821191524144872,0.9302332746478873,32,35,1.8795819282531738
LASSO,KrVsKpEW,15,0.07295496101609666,0.9355433294209702,32,35,1.3559978008270264
LASSO,KrVsKpEW,16,0.07357322686116696,0.9349188184663537,32,35,1.8656020164489746
LASSO,KrVsKpEW,18,0.07883889587525142,0.9295999608763694,32,35,1.7229511737823486
LASSO,KrVsKpEW,21,0.07574175679074444,0.9327283841940532,32,35,1.6661341190338135
LASSO,KrVsKpEW,19,0.07419730256539231,0.9342884389671362,32,35,1.9749088287353516
LASSO,KrVsKpEW,20,0.07326288355130788,0.9352322965571205,32,35,1.9961419105529785
LASSO,KrVsKpEW,17,0.0704756036217303,0.9380477308294211,32,35,2.1974830627441406
LASSO,KrVsKpEW,23,0.07048092932595554,0.9380423513302036,32,35,1.882688045501709
LASSO,KrVsKpEW,22,0.06768638707243464,0.9408651212832551,32,35,2.136134147644043
LASSO,Lymphography,0,0.18923754789272038,0.8183908045977011,17,18,0.6024131774902344
LASSO,KrVsKpEW,24,0.07047657193158956,0.9380467527386541,32,35,1.6734588146209717
LASSO,Lymphography,1,0.19014789272030647,0.8174712643678161,17,18,0.624518871307373
LASSO,KrVsKpEW,27,0.07202538355130779,0.9364822965571206,32,35,1.4958467483520508
LASSO,KrVsKpEW,25,0.07078449446680077,0.9377357198748044,32,35,1.8221209049224854
LASSO,KrVsKpEW,26,0.071716976861167,0.9367938184663537,32,35,1.7631690502166748
LASSO,Lymphography,2,0.17580996168582388,0.8319540229885056,17,18,0.5625510215759277
LASSO,KrVsKpEW,28,0.07202586770623737,0.9364818075117372,32,35,1.518254041671753
LASSO,Lymphography,3,0.1830927203065135,0.8245977011494252,17,18,0.5281198024749756
LASSO,KrVsKpEW,29,0.06985249622736411,0.9386771322378717,32,35,1.6254258155822754
LASSO,Lymphography,4,0.16329272030651337,0.8445977011494253,17,18,0.5274832248687744
LASSO,Lymphography,5,0.18240996168582382,0.825287356321839,17,18,0.572700023651123
LASSO,Lymphography,6,0.19105823754789267,0.8165517241379311,17,18,0.5638649463653564
LASSO,Lymphography,7,0.16329272030651348,0.8445977011494252,17,18,0.5759332180023193
LASSO,Lymphography,9,0.1903754789272031,0.8172413793103448,17,18,0.5730795860290527
LASSO,Lymphography,8,0.1896927203065132,0.8179310344827588,17,18,0.5886509418487549
LASSO,Lymphography,10,0.19606513409961684,0.8114942528735632,17,18,0.6124329566955566
LASSO,Lymphography,11,0.18377547892720306,0.8239080459770115,17,18,0.6159548759460449
LASSO,Lymphography,12,0.21063065134099607,0.7967816091954024,17,18,0.5717899799346924
LASSO,Lymphography,13,0.18969272030651343,0.8179310344827586,17,18,0.6215300559997559
LASSO,Lymphography,14,0.19606513409961684,0.8114942528735632,17,18,0.6101078987121582
LASSO,Lymphography,16,0.20949272030651356,0.7979310344827585,17,18,0.5864560604095459
LASSO,Lymphography,15,0.1628375478927202,0.8450574712643679,17,18,0.6003401279449463
LASSO,Lymphography,17,0.20357547892720296,0.8039080459770116,17,18,0.5875911712646484
LASSO,Lymphography,18,0.18240996168582382,0.825287356321839,17,18,0.563154935836792
LASSO,Lymphography,19,0.2028927203065134,0.8045977011494253,17,18,0.5615918636322021
LASSO,Lymphography,20,0.18969272030651343,0.8179310344827586,17,18,0.7677361965179443
LASSO,Lymphography,21,0.1628375478927202,0.8450574712643679,17,18,0.5763018131256104
LASSO,Lymphography,22,0.1894651340996169,0.8181609195402298,17,18,0.6774909496307373
LASSO,Lymphography,24,0.18969272030651343,0.8179310344827586,17,18,0.6146669387817383
LASSO,Lymphography,25,0.1894651340996169,0.8181609195402298,17,18,0.6163032054901123
LASSO,Lymphography,23,0.18992030651340994,0.8177011494252874,17,18,0.6430869102478027
LASSO,M-of-n,0,0.004615384615384616,1.0,6,13,0.07803010940551758
LASSO,M-of-n,1,0.004615384615384616,1.0,6,13,0.0746312141418457
LASSO,M-of-n,2,0.004615384615384616,1.0,6,13,0.07299613952636719
LASSO,M-of-n,3,0.004615384615384616,1.0,6,13,0.06688070297241211
LASSO,M-of-n,4,0.004615384615384616,1.0,6,13,0.06918191909790039
LASSO,M-of-n,6,0.004615384615384616,1.0,6,13,0.06094169616699219
LASSO,M-of-n,5,0.004615384615384616,1.0,6,13,0.0798637866973877
LASSO,Lymphography,26,0.18400306513409959,0.8236781609195403,17,18,0.6412758827209473
LASSO,M-of-n,7,0.004615384615384616,1.0,6,13,0.06902217864990234
LASSO,Lymphography,27,0.17012030651341004,0.8377011494252873,17,18,0.6387190818786621
LASSO,M-of-n,8,0.004615384615384616,1.0,6,13,0.07914018630981445
LASSO,M-of-n,10,0.004615384615384616,1.0,6,13,0.08018994331359863
LASSO,M-of-n,12,0.004615384615384616,1.0,6,13,0.08185720443725586
LASSO,M-of-n,9,0.004615384615384616,1.0,6,13,0.09982013702392578
LASSO,M-of-n,11,0.004615384615384616,1.0,6,13,0.10444498062133789
LASSO,M-of-n,13,0.008575384615384509,0.9960000000000001,6,13,0.09605979919433594
LASSO,M-of-n,14,0.004615384615384616,1.0,6,13,0.11906099319458008
LASSO,M-of-n,16,0.004615384615384616,1.0,6,13,0.07886719703674316
LASSO,M-of-n,15,0.004615384615384616,1.0,6,13,0.11540102958679199
LASSO,M-of-n,18,0.004615384615384616,1.0,6,13,0.09415006637573242
LASSO,M-of-n,19,0.004615384615384616,1.0,6,13,0.09720230102539062
LASSO,M-of-n,17,0.004615384615384616,1.0,6,13,0.11275005340576172
LASSO,M-of-n,20,0.004615384615384616,1.0,6,13,0.0681610107421875
LASSO,M-of-n,21,0.004615384615384616,1.0,6,13,0.08042597770690918
LASSO,M-of-n,22,0.004615384615384616,1.0,6,13,0.08145403861999512
LASSO,M-of-n,24,0.004615384615384616,1.0,6,13,0.07161307334899902
LASSO,M-of-n,25,0.004615384615384616,1.0,6,13,0.07216191291809082
LASSO,M-of-n,23,0.004615384615384616,1.0,6,13,0.08984684944152832
LASSO,Lymphography,28,0.1503203065134099,0.8577011494252874,17,18,0.7326369285583496
LASSO,M-of-n,26,0.004615384615384616,1.0,6,13,0.09100222587585449
LASSO,M-of-n,27,0.004615384615384616,1.0,6,13,0.10041975975036621
LASSO,M-of-n,29,0.004615384615384616,1.0,6,13,0.09185004234313965
LASSO,M-of-n,28,0.004615384615384616,1.0,6,13,0.10230302810668945
LASSO,Lymphography,29,0.15692030651340996,0.8510344827586207,17,18,0.8142068386077881
LASSO,Parkinsons,0,0.08532167832167836,0.9179487179487179,9,22,0.7083950042724609
LASSO,Parkinsons,1,0.08024475524475519,0.9230769230769231,9,22,0.8469738960266113
LASSO,Parkinsons,2,0.11578321678321671,0.8871794871794872,9,22,0.8592467308044434
LASSO,Parkinsons,6,0.1056293706293706,0.8974358974358975,9,22,0.8644528388977051
LASSO,Parkinsons,3,0.09039860139860142,0.9128205128205128,9,22,0.9087679386138916
LASSO,Parkinsons,5,0.09039860139860131,0.9128205128205129,9,22,0.891484260559082
LASSO,Parkinsons,4,0.08941258741258734,0.917948717948718,18,22,0.9401271343231201
LASSO,Parkinsons,7,0.14525874125874133,0.8615384615384615,18,22,0.8230888843536377
LASSO,Parkinsons,8,0.07009090909090919,0.9333333333333332,9,22,0.839792013168335
LASSO,Parkinsons,9,0.06910489510489522,0.9384615384615383,18,22,0.7609529495239258
LASSO,Parkinsons,12,0.08532167832167825,0.917948717948718,9,22,0.6894567012786865
LASSO,Parkinsons,11,0.07516783216783224,0.9282051282051281,9,22,0.7345969676971436
LASSO,Parkinsons,15,0.08024475524475519,0.9230769230769231,9,22,0.6803591251373291
LASSO,Parkinsons,13,0.09547552447552447,0.9076923076923077,9,22,0.7468540668487549
LASSO,Parkinsons,14,0.09956643356643356,0.9076923076923077,18,22,0.7320766448974609
LASSO,Parkinsons,10,0.10055244755244742,0.9025641025641027,9,22,0.8382730484008789
LASSO,Parkinsons,16,0.13002797202797192,0.876923076923077,18,22,0.7385740280151367
LASSO,Parkinsons,17,0.07516783216783224,0.9282051282051281,9,22,0.7642207145690918
LASSO,Parkinsons,20,0.09039860139860131,0.9128205128205129,9,22,0.6987028121948242
LASSO,Parkinsons,19,0.07009090909090908,0.9333333333333333,9,22,0.7475159168243408
LASSO,Parkinsons,21,0.09956643356643356,0.9076923076923077,18,22,0.7297782897949219
LASSO,Parkinsons,22,0.08532167832167825,0.917948717948718,9,22,0.7122352123260498
LASSO,Parkinsons,18,0.0944895104895104,0.9128205128205129,18,22,0.820620059967041
LASSO,Parkinsons,23,0.1198741258741258,0.8871794871794872,18,22,0.7968442440032959
LASSO,SpectEW,0,0.2027032590051459,0.8016771488469601,14,22,0.14969396591186523
LASSO,SpectEW,1,0.16223156089193838,0.8425576519916141,14,22,0.16023015975952148
LASSO,SpectEW,2,0.20699256718124637,0.7973445143256465,14,22,0.15384507179260254
LASSO,SpectEW,3,0.18824413950829047,0.816282320055905,14,22,0.1594219207763672
LASSO,SpectEW,4,0.17703659233847915,0.8276030747728861,14,22,0.1629199981689453
LASSO,Parkinsons,24,0.07516783216783213,0.9282051282051282,9,22,0.7241232395172119
LASSO,SpectEW,5,0.19550829045168655,0.8089447938504544,14,22,0.1467130184173584
LASSO,Parkinsons,25,0.08532167832167825,0.917948717948718,9,22,0.6862258911132812
LASSO,SpectEW,6,0.18091080617495714,0.8236897274633124,14,22,0.1642298698425293
LASSO,Parkinsons,26,0.08532167832167836,0.9179487179487179,9,22,0.7167229652404785
LASSO,Parkinsons,27,0.0802447552447553,0.923076923076923,9,22,0.7233443260192871
LASSO,SpectEW,7,0.18409319611206398,0.8204751921733054,14,22,0.15993070602416992
LASSO,Parkinsons,28,0.10464335664335662,0.9025641025641026,18,22,0.7153379917144775
LASSO,SpectEW,9,0.19536992567181247,0.8090845562543676,14,22,0.1328108310699463
LASSO,SpectEW,8,0.188520869068039,0.8160027952480782,14,22,0.17500782012939453
LASSO,Parkinsons,29,0.10464335664335662,0.9025641025641026,18,22,0.7648220062255859
LASSO,SpectEW,10,0.18831332189822753,0.8162124388539483,14,22,0.1482841968536377
LASSO,SpectEW,11,0.18457747284162362,0.8199860237596088,14,22,0.17091679573059082
LASSO,SpectEW,15,0.20636992567181242,0.7979734451432565,14,22,0.13399505615234375
LASSO,SpectEW,13,0.19917495711835317,0.8052410901467507,14,22,0.17034506797790527
LASSO,SpectEW,14,0.19924413950829042,0.8051712089447939,14,22,0.16815710067749023
LASSO,SpectEW,12,0.20650829045168673,0.7978336827393431,14,22,0.17762398719787598
LASSO,SpectEW,16,0.20291080617495705,0.8014675052410902,14,22,0.1773369312286377
LASSO,SpectEW,17,0.22560263007432832,0.7785464709993011,14,22,0.17757701873779297
LASSO,SpectEW,18,0.1954391080617495,0.809014675052411,14,22,0.17985820770263672
LASSO,SpectEW,19,0.19516237850200122,0.8092941998602375,14,22,0.1626720428466797
LASSO,SpectEW,21,0.20657747284162378,0.7977638015373865,14,22,0.15728998184204102
LASSO,SpectEW,20,0.2060931961120639,0.7982529699510833,14,22,0.16124701499938965
LASSO,SpectEW,23,0.1846466552315609,0.819916142557652,14,22,0.1587991714477539
LASSO,SpectEW,22,0.19557747284162383,0.8088749126484975,14,22,0.17289209365844727
LASSO,SpectEW,24,0.19578502001143516,0.8086652690426275,14,22,0.17470908164978027
LASSO,TicTacToe,0,0.15672905759162287,0.8517888307155325,9,9,0.05835270881652832
LASSO,SpectEW,25,0.21813093196112077,0.7860936408106218,14,22,0.15906906127929688
LASSO,TicTacToe,1,0.16090265052356026,0.8475730802792321,9,9,0.06245708465576172
LASSO,SpectEW,26,0.18457747284162362,0.8199860237596088,14,22,0.15505409240722656
LASSO,TicTacToe,3,0.15987679973821992,0.8486092931937173,9,9,0.05085420608520508
LASSO,TicTacToe,2,0.15777110602094235,0.8507362565445027,9,9,0.06938600540161133
LASSO,SpectEW,27,0.191772441395083,0.8127183787561145,14,22,0.17561817169189453
LASSO,TicTacToe,4,0.15880775523560212,0.8496891361256544,9,9,0.059378862380981445
LASSO,TicTacToe,5,0.16502225130890044,0.843411867364747,9,9,0.05258798599243164
LASSO,SpectEW,28,0.18817495711835322,0.8163522012578618,14,22,0.15310978889465332
LASSO,TicTacToe,6,0.16502225130890044,0.843411867364747,9,9,0.05146384239196777
LASSO,SpectEW,29,0.18416237850200104,0.8204053109713488,14,22,0.1726369857788086
LASSO,TicTacToe,8,0.15987679973821992,0.8486092931937173,9,9,0.05789995193481445
LASSO,TicTacToe,10,0.1660535013089006,0.8423702006980802,9,9,0.05947113037109375
LASSO,TicTacToe,7,0.15880775523560212,0.8496891361256544,9,9,0.0785980224609375
LASSO,TicTacToe,12,0.15571400523560205,0.8528141361256545,9,9,0.04605698585510254
LASSO,TicTacToe,9,0.15880775523560212,0.8496891361256544,9,9,0.06978416442871094
LASSO,TicTacToe,11,0.16089185209424073,0.8475839877835952,9,9,0.07797718048095703
LASSO,TicTacToe,13,0.16911485602094248,0.8392779232111692,9,9,0.06758666038513184
LASSO,TicTacToe,14,0.16398020287958118,0.8444644415357766,9,9,0.0677499771118164
LASSO,TicTacToe,18,0.16604270287958117,0.8423811082024433,9,9,0.042050838470458984
LASSO,TicTacToe,15,0.1536191099476439,0.8549301919720769,9,9,0.06660985946655273
LASSO,TicTacToe,17,0.16500605366492152,0.8434282286212914,9,9,0.05766129493713379
LASSO,TicTacToe,19,0.1618745091623036,0.846591404886562,9,9,0.05659317970275879
LASSO,TicTacToe,16,0.16501685209424083,0.8434173211169285,9,9,0.07634615898132324
LASSO,TicTacToe,20,0.16393700916230358,0.8445080715532287,9,9,0.06271934509277344
LASSO,TicTacToe,21,0.1577495091623036,0.8507580715532287,9,9,0.0539698600769043
LASSO,TicTacToe,23,0.16915804973821985,0.8392342931937173,9,9,0.05119514465332031
LASSO,TicTacToe,22,0.16916884816753916,0.8392233856893544,9,9,0.06394219398498535
LASSO,TicTacToe,24,0.1567398560209424,0.8517779232111693,9,9,0.05962991714477539
LASSO,TicTacToe,25,0.1526148560209423,0.8559445898778361,9,9,0.062270164489746094
LASSO,TicTacToe,27,0.1588023560209425,0.8496945898778359,9,9,0.05726480484008789
LASSO,TicTacToe,26,0.16602650523560225,0.8423974694589876,9,9,0.06825804710388184
LASSO,Vote,2,0.030663852913968625,0.9696577243293246,1,16,0.05069398880004883
LASSO,TicTacToe,28,0.1526094568062827,0.8559500436300175,9,9,0.07279491424560547
LASSO,TicTacToe,29,0.16500065445026169,0.843433682373473,9,9,0.06354308128356934
LASSO,Vote,4,0.03029752543940783,0.9700277520814062,1,16,0.04830789566040039
LASSO,Vote,3,0.03048068917668817,0.9698427382053655,1,16,0.05908918380737305
LASSO,Vote,6,0.03048068917668817,0.9698427382053655,1,16,0.043859004974365234
LASSO,Vote,5,0.030663852913968625,0.9696577243293246,1,16,0.058518171310424805
LASSO,Vote,7,0.03048068917668828,0.9698427382053654,1,16,0.05207324028015137
LASSO,Vote,10,0.03029752543940783,0.9700277520814062,1,16,0.045928001403808594
LASSO,Vote,8,0.03029752543940783,0.9700277520814062,1,16,0.05710434913635254
LASSO,Vote,9,0.030389107308048054,0.9699352451433858,1,16,0.0542910099029541
LASSO,Vote,11,0.03048068917668817,0.9698427382053655,1,16,0.052500009536743164
LASSO,Vote,13,0.03029752543940783,0.9700277520814062,1,16,0.04707789421081543
LASSO,Vote,12,0.030389107308048054,0.9699352451433858,1,16,0.056549787521362305
LASSO,Vote,14,0.030572271045328506,0.9697502312673449,1,16,0.053472042083740234
LASSO,Vote,15,0.030572271045328506,0.9697502312673449,1,16,0.06278204917907715
LASSO,Vote,17,0.030389107308048054,0.9699352451433858,1,16,0.0430760383605957
LASSO,Vote,16,0.030663852913968625,0.9696577243293246,1,16,0.051245927810668945
LASSO,Vote,21,0.030389107308048054,0.9699352451433858,1,16,0.041028738021850586
LASSO,Vote,18,0.030663852913968625,0.9696577243293246,1,16,0.06420683860778809
LASSO,Vote,20,0.030297525439408047,0.970027752081406,1,16,0.054141998291015625
LASSO,Vote,19,0.03048068917668828,0.9698427382053654,1,16,0.06145811080932617
LASSO,Vote,22,0.03048068917668828,0.9698427382053654,1,16,0.05163693428039551
LASSO,Vote,23,0.030389107308048054,0.9699352451433858,1,16,0.05489492416381836
LASSO,Vote,25,0.030663852913968625,0.9696577243293246,1,16,0.047857046127319336
LASSO,Vote,24,0.03048068917668817,0.9698427382053655,1,16,0.06509900093078613
LASSO,Vote,26,0.030572271045328506,0.9697502312673449,1,16,0.06498289108276367
LASSO,Vote,28,0.030572271045328506,0.9697502312673449,1,16,0.05691075325012207
LASSO,Vote,27,0.030572271045328506,0.9697502312673449,1,16,0.06450891494750977
LASSO,Vote,29,0.03029752543940783,0.9700277520814062,1,16,0.06209397315979004
LASSO,WaveformEW,5,0.190244,0.8144,26,40,0.8684580326080322
LASSO,WaveformEW,2,0.1900459999999999,0.8146000000000001,26,40,0.8964171409606934
LASSO,WaveformEW,0,0.19756999999999994,0.807,26,40,0.9630179405212402
LASSO,WaveformEW,1,0.19578799999999993,0.8088000000000001,26,40,0.9503540992736816
LASSO,WaveformEW,3,0.1951939999999999,0.8094000000000001,26,40,0.947138786315918
LASSO,WaveformEW,6,0.19519400000000012,0.8093999999999999,26,40,0.9331319332122803
LASSO,WaveformEW,4,0.1894520000000001,0.8151999999999999,26,40,0.9517807960510254
LASSO,WaveformEW,7,0.18588799999999991,0.8188000000000001,26,40,1.129737138748169
LASSO,WaveformEW,9,0.19262000000000007,0.8119999999999999,26,40,0.9571683406829834
LASSO,WaveformEW,10,0.19242199999999998,0.8122,26,40,0.9541380405426025
LASSO,WaveformEW,12,0.18846199999999996,0.8162,26,40,0.9482810497283936
LASSO,WaveformEW,8,0.186086,0.8186,26,40,1.0082728862762451
LASSO,WaveformEW,11,0.19539199999999998,0.8092,26,40,0.9603898525238037
LASSO,WaveformEW,14,0.19677800000000004,0.8078,26,40,0.9704701900482178
LASSO,WaveformEW,13,0.19598600000000002,0.8086,26,40,0.9747531414031982
LASSO,WaveformEW,15,0.19281799999999993,0.8118000000000001,26,40,1.1553351879119873
LASSO,WaveformEW,17,0.19341199999999997,0.8112,26,40,0.9033761024475098
LASSO,WaveformEW,16,0.20158199999999998,0.8032,27,40,0.9359879493713379
LASSO,WaveformEW,20,0.18984800000000004,0.8148,26,40,0.8869922161102295
LASSO,WaveformEW,19,0.19182800000000003,0.8128,26,40,0.9037339687347412
LASSO,WaveformEW,18,0.19143200000000007,0.8131999999999999,26,40,0.9630570411682129
LASSO,WaveformEW,21,0.19360999999999984,0.8110000000000002,26,40,1.092081069946289
LASSO,WaveformEW,22,0.190244,0.8144,26,40,1.077556848526001
LASSO,WaveformEW,23,0.19900800000000005,0.8058,27,40,0.9818229675292969
LASSO,WaveformEW,26,0.19974800000000004,0.8048,26,40,0.9128787517547607
LASSO,WaveformEW,27,0.18984800000000004,0.8148,26,40,0.9328451156616211
SFS,BreastEW,0,0.03643375793139639,0.9721768999570631,8,9,0.7201259136199951
LASSO,WaveformEW,28,0.19301600000000002,0.8116,26,40,0.8865718841552734
LASSO,WaveformEW,24,0.19578799999999993,0.8088000000000001,26,40,0.9653937816619873
LASSO,WaveformEW,25,0.19182800000000003,0.8128,26,40,0.9757418632507324
LASSO,WaveformEW,29,0.19261999999999996,0.812,26,40,0.9934120178222656
SFS,BreastEW,1,0.039334895758790046,0.9692464577071706,8,9,0.7636659145355225
SFS,BreastEW,4,0.0349353680645007,0.9736904250751396,8,9,0.8489470481872559
SFS,BreastEW,5,0.039313642001813004,0.9692679261485615,8,9,0.8547372817993164
SFS,BreastEW,2,0.034988502456943786,0.9736367539716617,8,9,0.9123127460479736
SFS,BreastEW,3,0.03934552263727873,0.9692357234864749,8,9,0.8857841491699219
SFS,BreastEW,7,0.04076952435475407,0.9677973379132675,8,9,0.899240255355835
SFS,BreastEW,6,0.04081203186870858,0.9677544010304852,8,9,0.9229090213775635
SFS,BreastEW,8,0.03934552263727873,0.9692357234864749,8,9,0.9065241813659668
SFS,BreastEW,9,0.03932426888030147,0.9692571919278661,8,9,0.9686410427093506
SFS,BreastEW,11,0.03782587901340578,0.9707707170459425,8,9,0.8672430515289307
SFS,BreastEW,13,0.03930301512332432,0.9692786603692571,8,9,0.8639061450958252
SFS,BreastEW,12,0.03787901340584898,0.9707170459424646,8,9,0.9073688983917236
SFS,BreastEW,10,0.03788964028433767,0.9707063117217689,8,9,0.9396359920501709
SFS,BreastEW,15,0.04078015123324264,0.967786603692572,8,9,0.8611650466918945
SFS,BreastEW,14,0.03932426888030147,0.9692571919278661,8,9,0.8969898223876953
SFS,BreastEW,16,0.034999129335432366,0.9736260197509662,8,9,0.9675040245056152
SFS,BreastEW,17,0.030652736033586106,0.9780163160154574,8,9,0.9101879596710205
SFS,BreastEW,18,0.05088631267592181,0.9575783598110779,8,9,0.912930965423584
SFS,BreastEW,19,0.04227854110013833,0.9662730785744955,8,9,0.9418280124664307
SFS,BreastEW,21,0.036401877295930446,0.97220910261915,8,9,0.9552822113037109
SFS,BreastEW,22,0.039313642001813004,0.9692679261485615,8,9,0.9341681003570557
SFS,BreastEW,20,0.04081203186870848,0.9677544010304853,8,9,0.9936299324035645
SFS,BreastEW,23,0.03496724869996664,0.9736582224130528,8,9,0.9474449157714844
SFS,BreastEW,24,0.036423131052907703,0.9721876341777588,8,9,0.9205412864685059
SFS,BreastEW,25,0.03641250417441913,0.9721983683984543,8,9,0.8921196460723877
SFS,BreastEW,26,0.036423131052907703,0.9721876341777588,8,9,0.8706679344177246
SFS,Diabetes,1,0.2678592436974789,0.7382734912146678,7,8,0.7755091190338135
SFS,BreastEW,27,0.04223603358618393,0.9663160154572777,8,9,0.8954308032989502
SFS,Diabetes,0,0.2743214285714285,0.7317460317460318,7,8,0.8463008403778076
SFS,BreastEW,29,0.045126544535089005,0.9633963074280807,8,9,0.8862931728363037
SFS,BreastEW,28,0.034956621821477955,0.9736689566337484,8,9,0.9337472915649414
SFS,Diabetes,2,0.25883403361344526,0.747389865036924,7,8,0.7463929653167725
SFS,Diabetes,3,0.27168277310924366,0.7344113402936933,7,8,0.7543368339538574
SFS,Diabetes,4,0.2716659663865546,0.734428316781258,7,8,0.7733571529388428
SFS,Diabetes,6,0.27432983193277294,0.7317375435022495,7,8,0.7738492488861084
SFS,Diabetes,8,0.27173319327731105,0.7343604108309989,7,8,0.7537851333618164
SFS,Diabetes,5,0.24200210084033616,0.7643918173329938,7,8,0.8444879055023193
SFS,Diabetes,9,0.28200210084033617,0.7239877769289533,7,8,0.7845098972320557
SFS,Diabetes,7,0.2536071428571429,0.7526695526695526,7,8,0.8374300003051758
SFS,Diabetes,10,0.26020378151260504,0.7460062813003989,7,8,0.7707667350769043
SFS,Diabetes,11,0.275623949579832,0.7304303539597656,7,8,0.7741198539733887
SFS,Diabetes,12,0.2549852941176471,0.7512774806892454,7,8,0.7425227165222168
SFS,Diabetes,13,0.24592647058823536,0.760427807486631,7,8,0.7795701026916504
SFS,Diabetes,14,0.2639180672268909,0.7422544775485951,7,8,0.812615156173706
SFS,Diabetes,16,0.27558193277310916,0.7304727951786776,7,8,0.7600252628326416
SFS,Diabetes,15,0.2561701680672269,0.7500806383159324,7,8,0.8193140029907227
SFS,Diabetes,17,0.26265756302521004,0.7435277141159494,7,8,0.8328630924224854
SFS,Diabetes,19,0.2743214285714285,0.7317460317460318,7,8,0.7686982154846191
SFS,Diabetes,18,0.26017857142857137,0.746031746031746,7,8,0.8244307041168213
SFS,Diabetes,20,0.26401050420168065,0.7421611068669892,7,8,0.8029918670654297
SFS,Diabetes,21,0.27036344537815127,0.7357439945675239,7,8,0.7888162136077881
SFS,Diabetes,23,0.2730441176470588,0.7330362448009506,7,8,0.7360010147094727
SFS,Diabetes,24,0.2677584033613446,0.738375350140056,7,8,0.8016297817230225
SFS,Diabetes,22,0.27299369747899155,0.7330871742636449,7,8,0.8333609104156494
SFS,Diabetes,25,0.2614054621848739,0.7447924624395212,7,8,0.8160169124603271
SFS,Diabetes,26,0.2562710084033613,0.7499787793905441,7,8,0.7876479625701904
SFS,Diabetes,27,0.266514705882353,0.7396316102198455,7,8,0.78708815574646
SFS,Diabetes,28,0.2627247899159663,0.7434598081656906,7,8,0.7650601863861084
SFS,Diabetes,29,0.2691449579831932,0.7369747899159664,7,8,0.8640902042388916
SFS,GermanCredit,2,0.27482,0.732,19,20,6.230531215667725
SFS,GermanCredit,0,0.2678899999999999,0.7390000000000001,19,20,6.319875001907349
SFS,GermanCredit,1,0.26888,0.738,19,20,6.251464128494263
SFS,GermanCredit,3,0.2619500000000001,0.7449999999999999,19,20,6.2708563804626465
SFS,GermanCredit,4,0.27284,0.734,19,20,6.307221174240112
SFS,GermanCredit,5,0.27185000000000004,0.735,19,20,6.291194200515747
SFS,GermanCredit,6,0.2659099999999999,0.7410000000000001,19,20,6.255812168121338
SFS,GermanCredit,7,0.2669,0.74,19,20,6.586796045303345
SFS,GermanCredit,8,0.26096,0.746,19,20,6.505743980407715
SFS,GermanCredit,10,0.26393,0.743,19,20,6.4929280281066895
SFS,GermanCredit,9,0.25799,0.749,19,20,6.518251180648804
SFS,GermanCredit,12,0.25601,0.751,19,20,6.320924997329712
SFS,GermanCredit,11,0.257,0.75,19,20,6.470407009124756
SFS,GermanCredit,13,0.26294,0.744,19,20,6.530123949050903
SFS,GermanCredit,14,0.25799,0.749,19,20,6.52733588218689
SFS,GermanCredit,15,0.26591000000000004,0.741,19,20,6.614162921905518
SFS,GermanCredit,20,0.2579900000000001,0.7489999999999999,19,20,6.373885154724121
SFS,GermanCredit,18,0.26294,0.744,19,20,6.436618089675903
SFS,GermanCredit,17,0.26591000000000004,0.741,19,20,6.473684072494507
SFS,GermanCredit,16,0.25205,0.755,19,20,6.49057674407959
SFS,GermanCredit,19,0.25106,0.756,19,20,6.476842880249023
SFS,GermanCredit,21,0.2669,0.74,19,20,6.291051864624023
SFS,GermanCredit,22,0.25799,0.749,19,20,6.546489953994751
SFS,GermanCredit,23,0.27977,0.727,19,20,6.662344932556152
SFS,HeartDisease,0,0.19934432855280304,0.8079661016949153,12,13,0.9985132217407227
SFS,HeartDisease,1,0.20242059973924376,0.8048587570621469,12,13,0.9995031356811523
SFS,HeartDisease,2,0.17920873533246418,0.8283050847457627,12,13,1.031959056854248
SFS,HeartDisease,3,0.20930026075619287,0.7979096045197741,12,13,0.9362218379974365
SFS,HeartDisease,4,0.1957087353324641,0.8116384180790961,12,13,1.0842797756195068
SFS,HeartDisease,5,0.20264432855280312,0.8046327683615819,12,13,1.0602190494537354
SFS,HeartDisease,6,0.21260026075619284,0.7945762711864408,12,13,0.9847800731658936
SFS,HeartDisease,7,0.19582059973924396,0.8115254237288134,12,13,0.9851109981536865
SFS,HeartDisease,8,0.20577653194263354,0.8014689265536724,12,13,0.9780900478363037
SFS,HeartDisease,9,0.2058883963494134,0.8013559322033897,12,13,0.840465784072876
SFS,GermanCredit,28,0.2619500000000001,0.7449999999999999,19,20,6.308398008346558
SFS,GermanCredit,24,0.25106,0.756,19,20,6.416271924972534
SFS,GermanCredit,26,0.2669,0.74,19,20,6.408630132675171
SFS,HeartDisease,10,0.19593246414602347,0.8114124293785311,12,13,0.831326961517334
SFS,GermanCredit,25,0.26591000000000004,0.741,19,20,6.7626800537109375
SFS,GermanCredit,27,0.2570000000000001,0.7499999999999999,19,20,6.742844820022583
SFS,GermanCredit,29,0.27086000000000005,0.736,19,20,6.754984140396118
SFS,HeartDisease,11,0.20560873533246413,0.8016384180790961,12,13,1.1569488048553467
SFS,HeartDisease,13,0.19235280312907432,0.8150282485875706,12,13,1.0561418533325195
SFS,HeartDisease,12,0.1892765319426336,0.818135593220339,12,13,1.1033141613006592
SFS,HeartDisease,14,0.20913246414602343,0.7980790960451978,12,13,1.1033992767333984
SFS,HeartDisease,15,0.19582059973924373,0.8115254237288136,12,13,1.1313011646270752
SFS,HeartDisease,17,0.19252059973924376,0.8148587570621469,12,13,1.050271987915039
SFS,HeartDisease,18,0.18894093872229484,0.8184745762711862,12,13,1.0481598377227783
SFS,HeartDisease,16,0.185864667535854,0.8215819209039548,12,13,1.2052488327026367
SFS,HeartDisease,21,0.21892059973924383,0.7881920903954802,12,13,0.9536828994750977
SFS,HeartDisease,19,0.2059443285528031,0.8012994350282486,12,13,1.0421178340911865
SFS,HeartDisease,20,0.19280026075619291,0.8145762711864407,12,13,1.0914981365203857
SFS,HeartDisease,22,0.20600026075619313,0.8012429378531072,12,13,1.1122167110443115
SFS,HeartDisease,23,0.19240873533246414,0.8149717514124294,12,13,1.1512529850006104
SFS,HeartDisease,24,0.20225280312907423,0.8050282485875707,12,13,1.08659029006958
SFS,HeartDisease,25,0.19593246414602347,0.8114124293785311,12,13,1.216515064239502
SFS,HeartDisease,26,0.185864667535854,0.8215819209039548,12,13,1.3385541439056396
SFS,HeartDisease,27,0.20253246414602338,0.8047457627118645,12,13,1.2758097648620605
SFS,HeartDisease,28,0.20605619295958272,0.8011864406779662,12,13,1.292982816696167
SFS,HeartDisease,29,0.2124324641460234,0.7947457627118645,12,13,1.2271099090576172
SFS,IonosphereEW,0,0.1428454965084626,0.8631388329979879,25,34,8.076987981796265
SFS,IonosphereEW,2,0.14838312226298958,0.8575452716297788,25,34,8.011780977249146
SFS,IonosphereEW,1,0.1343597822227483,0.8717102615694164,25,34,8.015721797943115
SFS,IonosphereEW,3,0.1428454965084626,0.8631388329979879,25,34,7.846261978149414
SFS,IonosphereEW,7,0.14563422890282868,0.8603219315895373,25,34,7.325368165969849
SFS,IonosphereEW,5,0.14543503373180267,0.8605231388329979,25,34,7.464087724685669
SFS,IonosphereEW,4,0.15400042608592737,0.8518712273641851,25,34,7.913624286651611
SFS,IonosphereEW,6,0.1398177299088651,0.8661971830985914,25,34,7.558761119842529
SFS,IonosphereEW,8,0.14834328322878443,0.8575855130784709,25,34,7.710568189620972
SFS,IonosphereEW,9,0.15097265948632965,0.8549295774647888,25,34,7.812654972076416
SFS,IonosphereEW,14,0.1428056574742574,0.86317907444668,25,34,7.541595935821533
SFS,IonosphereEW,10,0.1483831222629898,0.8575452716297786,25,34,7.874258041381836
SFS,IonosphereEW,12,0.14272597940584678,0.8632595573440645,25,34,7.685431957244873
SFS,IonosphereEW,11,0.14846280033140002,0.8574647887323945,25,34,7.854214906692505
SFS,IonosphereEW,13,0.1541597822227482,0.8517102615694165,25,34,7.659926176071167
SFS,IonosphereEW,15,0.14563422890282868,0.8603219315895373,25,34,7.79374098777771
SFS,IonosphereEW,16,0.1540801041543378,0.8517907444668008,25,34,7.870159864425659
SFS,IonosphereEW,17,0.1400567641140964,0.8659557344064386,25,34,7.753830909729004
SFS,IonosphereEW,19,0.15137104982838212,0.8545271629778671,25,34,7.92399525642395
SFS,IonosphereEW,20,0.148263605160374,0.8576659959758551,25,34,7.934377908706665
SFS,IonosphereEW,23,0.1456342289028288,0.8603219315895372,25,34,7.646894216537476
SFS,IonosphereEW,22,0.14276581844005204,0.8632193158953723,25,34,7.918085813522339
SFS,IonosphereEW,18,0.15702819268552495,0.8488128772635815,25,34,8.00620174407959
SFS,IonosphereEW,21,0.1456342289028288,0.8603219315895372,25,34,8.26643705368042
SFS,IonosphereEW,24,0.14543503373180267,0.8605231388329979,25,34,8.36788296699524
SFS,IonosphereEW,26,0.14563422890282868,0.8603219315895373,25,34,8.052143812179565
SFS,IonosphereEW,25,0.148263605160374,0.8576659959758551,25,34,8.326237201690674
SFS,IonosphereEW,28,0.13710867558290923,0.8689336016096579,25,34,8.137539148330688
SFS,IonosphereEW,29,0.14539519469759726,0.8605633802816902,25,34,8.259016036987305
SFS,IonosphereEW,27,0.13718835365131965,0.8688531187122737,25,34,8.540430068969727
SFS,KrVsKpEW,0,0.051439159959758556,0.9552562597809077,25,35,61.090087890625
SFS,KrVsKpEW,1,0.0563969064386318,0.9502484350547731,25,35,61.82165193557739
SFS,KrVsKpEW,6,0.058869485663983964,0.9477508802816901,25,35,57.78828024864197
SFS,KrVsKpEW,3,0.06135126383299811,0.9452440336463223,25,35,58.131361961364746
SFS,KrVsKpEW,4,0.054844705734406425,0.9518163145539906,25,35,58.08480477333069
SFS,KrVsKpEW,5,0.05793893988933593,0.9486908255086073,25,35,58.196595907211304
SFS,KrVsKpEW,2,0.05794232897384298,0.9486874021909234,25,35,58.429523944854736
SFS,KrVsKpEW,7,0.05453629904426564,0.9521278364632237,25,35,57.94508099555969
SFS,KrVsKpEW,8,0.05918176559356137,0.9474354460093897,25,35,55.19174408912659
SFS,KrVsKpEW,9,0.0619675930583501,0.9446214788732394,25,35,56.104657888412476
SFS,KrVsKpEW,11,0.05515262826961763,0.9515052816901409,25,35,54.7553551197052
SFS,KrVsKpEW,13,0.05793797157947678,0.9486918035993741,25,35,54.72409677505493
SFS,KrVsKpEW,14,0.058563015593561384,0.9480604460093897,25,35,54.882970094680786
SFS,KrVsKpEW,10,0.05639545397384318,0.9502499021909232,25,35,55.444509744644165
SFS,KrVsKpEW,15,0.0557762198189135,0.9508753912363067,25,35,55.07999515533447
SFS,KrVsKpEW,12,0.055157469818913514,0.9515003912363067,25,35,55.82067513465881
SFS,KrVsKpEW,16,0.05639254904426549,0.9502528364632239,25,35,55.93854093551636
SFS,KrVsKpEW,17,0.06011473214285707,0.9464930555555556,25,35,55.50934720039368
SFS,KrVsKpEW,20,0.061043825452716374,0.9455545774647887,25,35,54.90736484527588
SFS,KrVsKpEW,21,0.057323094818913525,0.9493128912363067,25,35,54.90306997299194
SFS,KrVsKpEW,19,0.05794813883299802,0.9486815336463224,25,35,55.40198802947998
SFS,KrVsKpEW,18,0.06104285714285711,0.9455555555555556,25,35,56.06629014015198
SFS,KrVsKpEW,22,0.05391706488933608,0.9527533255086071,25,35,56.00410985946655
SFS,KrVsKpEW,23,0.060427496227364055,0.9461771322378718,25,35,55.85524797439575
SFS,Lymphography,1,0.16306513409961695,0.8448275862068965,17,18,1.73514986038208
SFS,Lymphography,0,0.19629272030651335,0.811264367816092,17,18,2.0341150760650635
SFS,Lymphography,2,0.18286513409961686,0.8248275862068966,17,18,1.6470139026641846
SFS,Lymphography,3,0.1830927203065135,0.8245977011494252,17,18,1.7806129455566406
SFS,Lymphography,4,0.1769478927203064,0.8308045977011496,17,18,1.4891419410705566
SFS,Lymphography,5,0.18923754789272038,0.8183908045977011,17,18,1.3664829730987549
SFS,Lymphography,6,0.19083065134099614,0.8167816091954023,17,18,1.5000157356262207
SFS,Lymphography,7,0.1564651340996168,0.8514942528735633,17,18,1.4880590438842773
SFS,Lymphography,8,0.19652030651341,0.8110344827586207,17,18,1.589914083480835
SFS,Lymphography,9,0.2038030651340996,0.8036781609195403,17,18,1.6006598472595215
SFS,Lymphography,10,0.19606513409961684,0.8114942528735632,17,18,1.761354923248291
SFS,Lymphography,11,0.18332030651341003,0.824367816091954,17,18,1.764007329940796
SFS,Lymphography,12,0.210175478927203,0.7972413793103449,17,18,2.20094895362854
SFS,Lymphography,13,0.21609272030651347,0.7912643678160919,17,18,2.212862968444824
SFS,Lymphography,14,0.20243754789272025,0.8050574712643679,17,18,1.6128780841827393
SFS,Lymphography,15,0.2028927203065135,0.8045977011494252,17,18,1.5886120796203613
SFS,Lymphography,16,0.20972030651341006,0.7977011494252872,17,18,1.7057809829711914
SFS,Lymphography,17,0.2297478927203065,0.7774712643678161,17,18,1.7202870845794678
SFS,Lymphography,18,0.16920996168582372,0.8386206896551724,17,18,1.5410408973693848
SFS,Lymphography,19,0.2028927203065134,0.8045977011494253,17,18,1.6129090785980225
SFS,Lymphography,20,0.21677547892720317,0.7905747126436781,17,18,1.7200360298156738
SFS,Lymphography,21,0.1762651340996167,0.8314942528735634,17,18,1.6634900569915771
SFS,Lymphography,22,0.20926513409961692,0.7981609195402298,17,18,1.676893949508667
SFS,Lymphography,23,0.18354789272030653,0.8241379310344827,17,18,1.6771900653839111
SFS,Lymphography,25,0.22314789272030647,0.7841379310344828,17,18,1.6926429271697998
SFS,Lymphography,24,0.20357547892720296,0.8039080459770116,17,18,1.829700231552124
SFS,Lymphography,26,0.20357547892720296,0.8039080459770116,17,18,1.4441211223602295
SFS,Lymphography,27,0.18332030651341003,0.824367816091954,17,18,1.5797951221466064
SFS,Lymphography,28,0.16352030651340987,0.8443678160919541,17,18,1.3624348640441895
SFS,Lymphography,29,0.15669272030651332,0.851264367816092,17,18,1.3920118808746338
SFS,M-of-n,0,0.12605076923076922,0.882,12,13,2.541002035140991
SFS,M-of-n,1,0.14486076923076935,0.8629999999999999,12,13,2.434900999069214
SFS,M-of-n,2,0.14189076923076924,0.866,12,13,2.553783893585205
SFS,M-of-n,3,0.13496076923076925,0.873,12,13,2.5575759410858154
SFS,M-of-n,4,0.15872076923076925,0.849,12,13,2.7284162044525146
SFS,M-of-n,5,0.14189076923076924,0.866,12,13,2.564148426055908
SFS,M-of-n,6,0.12407076923076923,0.884,12,13,2.4846458435058594
SFS,M-of-n,7,0.12605076923076922,0.882,12,13,2.615924119949341
SFS,M-of-n,8,0.13793076923076913,0.8700000000000001,12,13,2.4826910495758057
SFS,M-of-n,9,0.15872076923076925,0.849,12,13,2.5281550884246826
SFS,M-of-n,10,0.14387076923076914,0.8640000000000001,12,13,2.337178945541382
SFS,M-of-n,11,0.14387076923076914,0.8640000000000001,12,13,2.539971113204956
SFS,M-of-n,12,0.13793076923076936,0.8699999999999999,12,13,2.171420097351074
SFS,M-of-n,13,0.13199076923076922,0.876,12,13,1.9847989082336426
SFS,M-of-n,14,0.12902076923076933,0.8789999999999999,12,13,1.8197739124298096
SFS,M-of-n,15,0.14189076923076924,0.866,12,13,1.7986738681793213
SFS,M-of-n,16,0.14981076923076936,0.8579999999999999,12,13,1.754309892654419
SFS,M-of-n,17,0.14486076923076913,0.8630000000000001,12,13,1.7624211311340332
SFS,M-of-n,18,0.13496076923076936,0.8729999999999999,12,13,2.120231866836548
SFS,M-of-n,19,0.13793076923076936,0.8699999999999999,12,13,2.1479103565216064
SFS,M-of-n,20,0.13001076923076912,0.8780000000000001,12,13,2.0020439624786377
SFS,M-of-n,21,0.15872076923076925,0.849,12,13,2.0677738189697266
SFS,M-of-n,22,0.14387076923076914,0.8640000000000001,12,13,1.9532899856567383
SFS,M-of-n,23,0.13100076923076923,0.877,12,13,2.004086971282959
SFS,KrVsKpEW,24,0.05546732897384292,0.9511874021909235,25,35,57.98022818565369
SFS,KrVsKpEW,25,0.058560594818913604,0.9480628912363066,25,35,57.75374698638916
SFS,M-of-n,24,0.13991076923076926,0.868,12,13,2.044961929321289
SFS,M-of-n,25,0.14090076923076925,0.867,12,13,1.9462502002716064
SFS,M-of-n,26,0.14189076923076924,0.866,12,13,1.9258038997650146
SFS,M-of-n,27,0.14288076923076937,0.8649999999999999,12,13,2.009589910507202
SFS,M-of-n,28,0.13496076923076936,0.8729999999999999,12,13,1.9881341457366943
SFS,KrVsKpEW,26,0.05453823566398384,0.9521258802816902,25,35,57.53755593299866
SFS,M-of-n,29,0.14486076923076913,0.8630000000000001,12,13,1.996363878250122
SFS,KrVsKpEW,28,0.05608365819919513,0.9505648474178404,25,35,57.72950077056885
SFS,Parkinsons,0,0.11108391608391606,0.8974358974358975,21,22,2.2226669788360596
SFS,KrVsKpEW,27,0.05856640467806843,0.9480570226917058,25,35,58.04790210723877
SFS,KrVsKpEW,29,0.05732551559356141,0.9493104460093896,25,35,58.22100305557251
SFS,Parkinsons,1,0.106006993006993,0.9025641025641026,21,22,2.4174792766571045
SFS,Parkinsons,2,0.12631468531468523,0.8820512820512821,21,22,2.421858072280884
SFS,Parkinsons,3,0.10093006993006993,0.9076923076923077,21,22,2.691021680831909
SFS,Parkinsons,4,0.106006993006993,0.9025641025641026,21,22,2.7307469844818115
SFS,Parkinsons,6,0.106006993006993,0.9025641025641026,21,22,2.611415147781372
SFS,Parkinsons,5,0.12123776223776217,0.8871794871794872,21,22,2.971268653869629
SFS,Parkinsons,7,0.12123776223776239,0.887179487179487,21,22,2.7977070808410645
SFS,Parkinsons,8,0.09077622377622382,0.9179487179487179,21,22,2.678457021713257
SFS,Parkinsons,9,0.08569930069930076,0.923076923076923,21,22,2.7984046936035156
SFS,Parkinsons,10,0.11616083916083912,0.8923076923076924,21,22,2.784524917602539
SFS,Parkinsons,11,0.09077622377622382,0.9179487179487179,21,22,3.0812957286834717
SFS,Parkinsons,12,0.11108391608391606,0.8974358974358975,21,22,2.9647390842437744
SFS,Parkinsons,13,0.106006993006993,0.9025641025641026,21,22,2.674852132797241
SFS,Parkinsons,14,0.106006993006993,0.9025641025641026,21,22,2.6000490188598633
SFS,Parkinsons,15,0.09585314685314689,0.9128205128205128,21,22,2.6888561248779297
SFS,Parkinsons,16,0.11108391608391606,0.8974358974358975,21,22,2.5818397998809814
SFS,Parkinsons,17,0.09077622377622371,0.917948717948718,21,22,2.4374399185180664
SFS,Parkinsons,18,0.106006993006993,0.9025641025641026,21,22,2.6089560985565186
SFS,Parkinsons,19,0.10093006993006993,0.9076923076923077,21,22,2.519528865814209
SFS,Parkinsons,20,0.12123776223776217,0.8871794871794872,21,22,2.5055906772613525
SFS,Parkinsons,21,0.08569930069930065,0.9230769230769231,21,22,2.4092459678649902
SFS,Parkinsons,22,0.106006993006993,0.9025641025641026,21,22,2.469270944595337
SFS,Parkinsons,23,0.11108391608391606,0.8974358974358975,21,22,2.6511900424957275
SFS,Parkinsons,24,0.11616083916083912,0.8923076923076924,21,22,2.4966819286346436
SFS,Parkinsons,25,0.11108391608391606,0.8974358974358975,21,22,2.4770500659942627
SFS,Parkinsons,26,0.09585314685314678,0.9128205128205129,21,22,2.7277698516845703
SFS,Parkinsons,27,0.09585314685314689,0.9128205128205128,21,22,2.4584579467773438
SFS,Parkinsons,28,0.09585314685314678,0.9128205128205129,21,22,2.4183878898620605
SFS,Parkinsons,29,0.10093006993006993,0.9076923076923077,21,22,2.5349788665771484
SFS,SpectEW,0,0.2207592910234419,0.7866526904262754,21,22,3.373878002166748
SFS,SpectEW,1,0.21709262435677518,0.7903563941299792,21,22,3.3379740715026855
SFS,SpectEW,2,0.2063001715265867,0.8012578616352201,21,22,3.357095241546631
SFS,SpectEW,3,0.22878444825614638,0.7785464709993012,21,22,3.131720781326294
SFS,SpectEW,4,0.19862092624356767,0.809014675052411,21,22,2.99715518951416
SFS,SpectEW,5,0.198759291023442,0.8088749126484975,21,22,3.0965917110443115
SFS,SpectEW,6,0.18782847341337908,0.819916142557652,21,22,3.2014691829681396
SFS,SpectEW,7,0.19101086335048603,0.816701607267645,21,22,3.104318380355835
SFS,SpectEW,8,0.20249514008004565,0.8051013277428373,21,22,3.0166819095611572
SFS,SpectEW,9,0.21321841052029744,0.7942697414395526,21,22,2.8889594078063965
SFS,SpectEW,10,0.20996683819325332,0.7975541579315164,21,22,2.971256971359253
SFS,SpectEW,11,0.19530017152658652,0.8123689727463314,21,22,2.9528210163116455
SFS,SpectEW,12,0.18741337907375646,0.820335429769392,21,22,2.9481639862060547
SFS,SpectEW,13,0.2283001715265866,0.7790356394129979,21,22,2.925783157348633
SFS,SpectEW,15,0.20201086335048601,0.8055904961565339,21,22,2.9324140548706055
SFS,SpectEW,14,0.1950234419668382,0.8126484975541579,21,22,3.0095319747924805
SFS,SpectEW,16,0.23563350485991996,0.7716282320055905,21,22,3.1418569087982178
SFS,SpectEW,17,0.21757690108633496,0.7898672257162824,21,22,3.0812268257141113
SFS,SpectEW,18,0.20602344196683817,0.8015373864430468,21,22,3.1388027667999268
SFS,SpectEW,19,0.20560834762721547,0.801956673654787,21,22,3.075453758239746
SFS,SpectEW,20,0.20574671240708978,0.8018169112508735,21,22,3.1637189388275146
SFS,SpectEW,21,0.19862092624356767,0.809014675052411,21,22,3.283472776412964
SFS,SpectEW,23,0.20609262435677533,0.8014675052410901,21,22,3.390878200531006
SFS,SpectEW,22,0.20623098913664942,0.8013277428371769,21,22,3.5734736919403076
SFS,SpectEW,24,0.1913567753001716,0.8163522012578616,21,22,3.4207820892333984
SFS,TicTacToe,0,0.22486287449098308,0.7818444589877837,8,9,1.1277859210968018
SFS,SpectEW,25,0.22864608347627216,0.7786862334032145,21,22,3.4256680011749268
SFS,TicTacToe,1,0.22590492292030243,0.780791884816754,8,9,1.1193110942840576
SFS,SpectEW,26,0.21349514008004572,0.7939902166317261,21,22,3.371330976486206
SFS,SpectEW,27,0.1950234419668382,0.8126484975541579,21,22,3.224943161010742
SFS,TicTacToe,2,0.21556002763234441,0.7912412739965096,8,9,1.1407642364501953
SFS,TicTacToe,4,0.2248628744909832,0.7818444589877835,8,9,1.0628690719604492
SFS,TicTacToe,3,0.22591572134962198,0.7807809773123908,8,9,1.1685421466827393
SFS,SpectEW,28,0.22456432246998284,0.7828092243186583,21,22,3.126682758331299
SFS,TicTacToe,5,0.21558162449098306,0.7912194589877837,8,9,1.1572239398956299
SFS,SpectEW,29,0.22069010863350486,0.786722571628232,21,22,3.084832191467285
SFS,TicTacToe,6,0.22384782213496215,0.7828697643979058,8,9,1.152458906173706
SFS,TicTacToe,7,0.22175292684700412,0.7849858202443281,8,9,1.232405662536621
SFS,TicTacToe,11,0.2207432737056428,0.7860056719022688,8,9,1.1258809566497803
SFS,TicTacToe,8,0.2290526650668995,0.7776123472949388,8,9,1.211318016052246
SFS,TicTacToe,10,0.21452877763234438,0.7922829406631763,8,9,1.2007899284362793
SFS,TicTacToe,9,0.21457737056428144,0.7922338568935429,8,9,1.2517788410186768
SFS,TicTacToe,12,0.21453417684700407,0.7922774869109948,8,9,1.2194349765777588
SFS,TicTacToe,13,0.2341333260616638,0.7724803664921466,8,9,1.2131521701812744
SFS,TicTacToe,14,0.2186753744909831,0.7880944589877836,8,9,1.3326070308685303
SFS,TicTacToe,15,0.20934013234438628,0.7975239965095986,8,9,1.2285559177398682
SFS,TicTacToe,17,0.22274098312972668,0.7839877835951133,8,9,1.2595577239990234
SFS,TicTacToe,18,0.21971202370564274,0.7870473385689355,8,9,1.231450080871582
SFS,TicTacToe,19,0.21348132998836528,0.7933409685863875,8,9,1.2340168952941895
SFS,TicTacToe,16,0.22486827370564277,0.7818390052356021,8,9,1.3289310932159424
SFS,TicTacToe,20,0.2134921284176846,0.7933300610820245,8,9,1.2313342094421387
SFS,TicTacToe,21,0.21555462841768472,0.7912467277486911,8,9,1.199836015701294
SFS,TicTacToe,22,0.21453957606166368,0.7922720331588133,8,9,1.279055118560791
SFS,TicTacToe,23,0.22488447134962192,0.7818226439790575,8,9,1.3226118087768555
SFS,TicTacToe,25,0.2124824752763234,0.7943499127399651,8,9,1.196784257888794
SFS,TicTacToe,24,0.21455577370564283,0.7922556719022688,8,9,1.2619400024414062
SFS,TicTacToe,26,0.20109553155904591,0.8058518760907505,8,9,1.2964928150177002
SFS,TicTacToe,27,0.21865917684700417,0.788110820244328,8,9,1.357529878616333
SFS,TicTacToe,29,0.22796742292030253,0.7787085514834206,8,9,1.1544580459594727
SFS,TicTacToe,28,0.21556542684700403,0.7912358202443281,8,9,1.464867115020752
SFS,Vote,2,0.08199942183163735,0.9266419981498613,15,16,1.3495738506317139
SFS,Vote,3,0.08181625809435701,0.926827012025902,15,16,1.4932708740234375
SFS,Vote,4,0.09051653561517109,0.9180388529139686,15,16,1.4303417205810547
SFS,Vote,5,0.08209100370027747,0.9265494912118409,15,16,1.4632458686828613
SFS,Vote,6,0.08630376965772439,0.9222941720629046,15,16,1.5194370746612549
SFS,Vote,7,0.0863953515263645,0.9222016651248843,15,16,1.5473060607910156
SFS,Vote,9,0.07787823774283065,0.9308048103607771,15,16,1.4272239208221436
SFS,Vote,8,0.07769507400555042,0.9309898242368178,15,16,1.4805729389190674
SFS,Vote,10,0.08190783996299712,0.9267345050878817,15,16,1.6313350200653076
SFS,Vote,12,0.08612060592044404,0.9224791859389454,15,16,1.15488600730896
SFS,Vote,11,0.07732874653098973,0.9313598519888993,15,16,1.346627950668335
SFS,Vote,13,0.08181625809435701,0.926827012025902,15,16,1.5659637451171875
SFS,Vote,15,0.09033337187789087,0.9182238667900092,15,16,1.4875681400299072
SFS,Vote,14,0.09069969935245144,0.9178538390379278,15,16,1.6682348251342773
SFS,Vote,16,0.0821825855689178,0.9264569842738204,15,16,1.621295690536499
SFS,Vote,17,0.0776034921369103,0.9310823311748381,15,16,1.8008203506469727
SFS,Vote,18,0.08218258556891758,0.9264569842738206,15,16,1.4781010150909424
SFS,Vote,20,0.08163309435707677,0.9270120259019426,15,16,1.452430248260498
SFS,Vote,19,0.0863953515263645,0.9222016651248843,15,16,1.8378820419311523
SFS,Vote,21,0.09033337187789087,0.9182238667900092,15,16,1.7341132164001465
SFS,Vote,22,0.08621218778908428,0.922386679000925,15,16,1.703094720840454
SFS,Vote,23,0.08612060592044404,0.9224791859389454,15,16,1.7502331733703613
SFS,Vote,24,0.09042495374653098,0.9181313598519889,15,16,1.6515130996704102
SFS,Vote,25,0.07796981961147088,0.9307123034227567,15,16,1.7567667961120605
SFS,Vote,26,0.09042495374653098,0.9181313598519889,15,16,1.7164850234985352
SFS,Vote,27,0.08602902405180393,0.9225716928769657,15,16,1.7874140739440918
SFS,Vote,28,0.09042495374653098,0.9181313598519889,15,16,1.6731629371643066
SFS,Vote,29,0.08163309435707677,0.9270120259019426,15,16,1.6606440544128418
SFS,WaveformEW,2,0.19296399999999989,0.8114000000000001,25,40,123.81183791160583
SFS,WaveformEW,4,0.19415199999999996,0.8102,25,40,123.43212223052979
SFS,WaveformEW,1,0.19375600000000023,0.8105999999999998,25,40,124.23450803756714
SFS,WaveformEW,6,0.19434999999999983,0.8100000000000002,25,40,123.25231885910034
SFS,WaveformEW,3,0.19038999999999995,0.8140000000000001,25,40,125.06749415397644
SFS,WaveformEW,5,0.18563799999999991,0.8188000000000001,25,40,125.326584815979
SFS,WaveformEW,7,0.19058800000000004,0.8138,25,40,124.89013719558716
SFS,WaveformEW,0,0.19850800000000005,0.8058,25,40,126.70101499557495
SFS,WaveformEW,8,0.19652800000000004,0.8078,25,40,129.38421607017517
SFS,WaveformEW,10,0.19078600000000012,0.8135999999999999,25,40,129.21732902526855
SFS,WaveformEW,9,0.19415199999999996,0.8102,25,40,129.8218698501587
SFS,WaveformEW,11,0.19553799999999993,0.8088000000000001,25,40,130.02803206443787
SFS,WaveformEW,12,0.19395399999999988,0.8104000000000001,25,40,129.66879296302795
SFS,WaveformEW,13,0.19058800000000004,0.8138,25,40,129.99383282661438
SFS,WaveformEW,15,0.19316199999999997,0.8112,25,40,129.929612159729
SFS,WaveformEW,14,0.19395399999999988,0.8104000000000001,25,40,130.52489233016968
SFS,WaveformEW,16,0.19237000000000007,0.8119999999999999,25,40,127.54656267166138
SFS,WaveformEW,17,0.190984,0.8134,25,40,127.97676706314087
SFS,WaveformEW,18,0.198904,0.8054,25,40,128.7371950149536
SFS,WaveformEW,19,0.19039000000000017,0.8139999999999998,25,40,128.87760615348816
SFS,WaveformEW,21,0.19038999999999995,0.8140000000000001,25,40,127.3985447883606
SFS,WaveformEW,20,0.1888060000000001,0.8155999999999999,25,40,128.6340208053589
SFS,WaveformEW,23,0.19355800000000015,0.8107999999999999,25,40,127.96290397644043
SFS,WaveformEW,22,0.19296399999999989,0.8114000000000001,25,40,128.69327116012573
SFS,WaveformEW,24,0.19019199999999986,0.8142000000000001,25,40,112.91783308982849
SFS,WaveformEW,25,0.1850440000000001,0.8193999999999999,25,40,113.12654900550842
SFS,WaveformEW,26,0.19296399999999989,0.8114000000000001,25,40,112.29442596435547
SFS,WaveformEW,29,0.18860800000000003,0.8158,25,40,111.52097702026367
SFS,WaveformEW,27,0.19415199999999996,0.8102,25,40,112.07651495933533
SFS,WaveformEW,28,0.18266800000000002,0.8218,25,40,111.83524703979492
