tau,dataset,run_id,fitness,accuracy,n_selected_features,n_total_features,selected_indices,runtime_seconds
0.4,Zoo,0,0.025424999999999906,0.9800000000000001,9,16,0;1;2;4;5;8;9;12;13,406.45459733344615
0.4,Zoo,7,0.01615000000000001,0.99,10,16,1;2;3;4;5;6;8;11;12;13,406.5731683750637
0.4,Zoo,4,0.022453571428571514,0.9804761904761904,5,16,1;3;5;8;12,407.0259896670468
0.4,Zoo,6,0.025424999999999906,0.9800000000000001,9,16,1;2;3;4;8;9;11;12;13,407.1527803754434
0.4,Zoo,2,0.01615000000000001,0.99,10,16,1;2;3;4;5;6;8;11;12;13,407.95019441703334
0.4,Zoo,1,0.01615000000000001,0.99,10,16,1;2;3;4;5;6;8;11;12;13,409.41487083304673
0.4,Zoo,5,0.026049999999999907,0.9800000000000001,10,16,1;2;3;4;5;7;8;9;12;13,409.9568161251955
0.4,Zoo,3,0.024328571428571404,0.9804761904761905,8,16,1;2;3;8;9;11;12;13,413.6730883331038
0.4,Zoo,8,0.022924999999999907,0.9800000000000001,5,16,1;3;5;8;12,511.64949320815504
0.4,Zoo,11,0.02479999999999991,0.9800000000000001,8,16,0;1;2;3;5;8;12;14,511.704648792278
0.4,Zoo,9,0.022924999999999907,0.9800000000000001,5,16,1;3;5;8;12,512.7147140000015
0.4,Zoo,12,0.022924999999999907,0.9800000000000001,5,16,1;3;5;8;12,512.3597110840492
0.4,Zoo,10,0.02479999999999991,0.9800000000000001,8,16,1;3;4;5;8;9;12;13,514.9056217498146
0.4,Zoo,14,0.022924999999999907,0.9800000000000001,5,16,1;3;5;8;12,512.7729600002058
0.4,Zoo,13,0.026674999999999907,0.9800000000000001,11,16,0;1;2;4;5;7;8;9;12;13;14,514.0184220829979
0.4,Zoo,15,0.022453571428571403,0.9804761904761905,5,16,1;3;5;8;12,513.2370336251333
0.4,Zoo,16,0.026049999999999907,0.9800000000000001,10,16,0;1;3;4;5;8;9;12;13;14,526.1633553747088
0.4,Zoo,17,0.022924999999999907,0.9800000000000001,5,16,1;3;5;8;12,526.581106542144
0.4,Zoo,18,0.024953571428571512,0.9804761904761904,9,16,0;1;2;3;4;8;9;11;13,527.8471762500703
0.4,Zoo,20,0.023703571428571404,0.9804761904761905,7,16,0;1;2;3;5;8;12,527.4440894578584
0.4,Zoo,21,0.022924999999999907,0.9800000000000001,5,16,1;3;5;8;12,526.6529395002872
0.4,Zoo,19,0.0342285714285713,0.9704761904761906,8,16,1;2;3;4;8;9;12;13,529.7101176246069
0.4,Zoo,22,0.022924999999999907,0.9800000000000001,5,16,1;3;5;8;12,527.5154189579189
0.4,Zoo,23,0.026049999999999907,0.9800000000000001,10,16,1;2;3;4;5;8;9;11;12;13,530.4032428748906
0.4,Sonar,0,0.11268176538908246,0.8895470383275261,20,60,2;6;8;17;18;19;20;22;24;25;29;36;42;43;44;47;48;49;51;59,352.5184743339196
0.4,Sonar,1,0.11749941927990713,0.8850174216027874,22,60,3;7;8;9;14;15;18;20;25;28;30;31;32;33;34;35;37;40;48;53;54;59,356.7324923337437
0.4,Zoo,24,0.022924999999999907,0.9800000000000001,5,16,1;3;5;8;12,544.5446612080559
0.4,Zoo,25,0.01615000000000001,0.99,10,16,1;2;3;4;5;6;8;11;12;13,543.8887266251259
0.4,Zoo,26,0.02417499999999991,0.9800000000000001,7,16,0;1;2;3;5;8;12,544.308491749689
0.4,Zoo,28,0.02417499999999991,0.9800000000000001,7,16,0;1;2;3;5;8;12,544.8726825830527
0.4,Zoo,27,0.022453571428571403,0.9804761904761905,5,16,1;3;5;8;12,545.1344686252996
0.4,Zoo,29,0.025424999999999906,0.9800000000000001,9,16,0;1;2;4;5;8;9;12;13,544.8198597501032
0.4,Sonar,2,0.1078641114982579,0.8940766550522647,18,60,1;3;8;9;10;12;15;22;26;30;32;34;35;40;43;46;50;53,343.34252104209736
0.4,Sonar,3,0.10331649245063887,0.8988385598141695,19,60,1;3;7;8;10;19;21;22;25;28;31;32;33;34;36;42;47;50;53,346.9657852500677
0.4,Sonar,4,0.11284843205574914,0.8895470383275261,21,60,4;9;10;11;15;16;19;21;23;25;26;40;44;45;46;48;49;50;54;58;59,351.3348424998112
0.4,Sonar,6,0.09482462253193967,0.9085946573751451,26,60,2;6;7;8;9;10;11;15;21;23;24;27;31;34;39;41;43;45;47;48;49;50;54;56;57;59,351.8816008330323
0.4,Sonar,9,0.10316144018583057,0.8984901277584203,16,60,2;8;10;16;22;23;34;35;38;39;44;45;48;50;51;57,356.00534895807505
0.4,Sonar,8,0.10763414634146344,0.8943089430894309,18,60,9;10;17;20;21;24;26;32;34;39;43;45;47;50;51;52;56;58,363.55741487490013
0.4,Sonar,5,0.12155865272938442,0.8799070847851336,16,60,0;3;4;10;12;14;25;27;30;31;34;36;40;45;46;53,370.22756758285686
0.4,Sonar,7,0.11626945412311267,0.8852497096399535,16,60,8;10;11;13;20;22;24;26;35;36;42;43;51;56;58;59,380.88415512489155
0.4,Sonar,10,0.1035865272938444,0.8990708478513356,22,60,8;9;10;11;12;16;19;23;24;30;31;33;35;39;43;47;48;50;51;54;56;59,335.9624378751032
0.4,Sonar,11,0.12312195121951224,0.8796747967479674,24,60,0;3;4;6;8;9;10;15;24;25;28;30;31;34;35;41;42;46;47;50;51;56;57;59,336.61986529128626
0.4,Sonar,12,0.12314518002322895,0.8789779326364691,20,60,0;3;8;9;14;15;20;25;27;38;39;42;43;44;47;50;51;53;54;59,288.3233477920294
0.4,Sonar,13,0.11246341463414637,0.8894308943089431,18,60,8;9;10;11;15;17;23;24;26;32;33;36;44;45;48;51;57;59,290.0401792083867
0.4,Sonar,14,0.1072375145180024,0.8945412311265969,17,60,8;11;13;14;16;25;26;30;31;35;40;41;42;44;45;50;59,288.0554415830411
0.4,Sonar,15,0.10353484320557498,0.8989547038327526,21,60,3;8;9;11;13;15;19;22;24;31;34;39;40;44;47;48;53;54;57;58;59,290.2175154588185
0.4,Sonar,16,0.1135783972125436,0.88931475029036,24,60,0;3;6;7;9;12;13;14;15;17;19;25;26;30;31;35;42;45;48;52;54;56;58;59,290.24356279103085
0.4,Sonar,17,0.10903077816492457,0.8940766550522647,25,60,1;3;9;12;14;16;20;22;26;31;32;35;36;38;40;41;43;45;47;48;50;52;54;57;59,284.68039749981835
0.4,Sonar,19,0.12204703832752617,0.8802555168408827,21,60,4;11;14;15;23;24;25;26;27;28;30;32;41;43;44;47;48;53;54;56;58,268.57081966707483
0.4,Sonar,18,0.09347967479674797,0.9089430894308943,20,60,1;3;7;9;10;11;12;14;21;22;24;35;36;41;43;45;50;51;57;58,301.31524183414876
0.4,Sonar,20,0.10941579558652734,0.8941927990708478,28,60,1;3;8;9;10;15;25;26;28;29;30;32;33;35;36;38;39;41;42;44;45;48;50;53;54;55;57;59,260.1987499590032
0.4,Sonar,21,0.093157955865273,0.9085946573751451,16,60,3;7;8;9;10;15;16;25;27;35;37;40;43;44;52;54,261.3514183750376
0.4,Sonar,22,0.11745934959349597,0.8845528455284553,19,60,3;8;10;11;16;17;21;22;25;30;34;35;40;42;43;47;49;56;57,261.2730477498844
0.4,Sonar,23,0.1241335656213706,0.8793263646922183,28,60,0;2;3;5;7;8;9;10;15;19;21;24;27;31;35;36;38;40;42;43;44;45;46;47;48;49;52;56,262.42479491699487
0.4,Sonar,24,0.11744773519163759,0.8849012775842044,21,60,3;7;8;10;14;19;21;23;24;26;27;30;31;35;38;41;45;46;48;50;54,261.72204087488353
0.4,Sonar,25,0.1119518002322881,0.8897793263646921,17,60,8;10;11;15;22;25;26;27;28;30;31;36;41;43;45;47;52,263.13522770861164
0.4,Sonar,26,0.09291637630662018,0.9091753774680604,18,60,8;9;11;16;22;23;26;29;30;32;41;46;48;51;53;54;56;59,264.02528074989095
0.4,Sonar,27,0.10937572590011627,0.8937282229965156,25,60,3;4;6;8;9;11;21;22;24;25;27;29;31;35;36;38;42;45;46;48;50;51;52;53;59,261.2279618331231
0.4,Sonar,28,0.11261846689895477,0.8897793263646921,21,60,0;2;4;8;9;10;15;18;25;27;33;37;39;42;43;46;51;52;53;54;59,260.7114353752695
0.4,Sonar,29,0.11168176538908248,0.8895470383275261,14,60,7;9;11;15;23;25;33;39;43;45;47;51;53;54,266.53921520803124
0.4,WDBC,3,0.026857475547275286,0.9789318428815401,18,30,0;2;3;4;6;7;9;10;12;13;14;16;17;21;22;24;26;27,630.7812014156953
0.4,WDBC,2,0.0248728458313925,0.9789163173420278,12,30,3;4;6;7;12;17;19;20;21;23;24;26,707.0520318341441
0.4,WDBC,0,0.025625058220773322,0.9771464058376027,9,30,0;4;9;13;14;17;21;22;26,719.535285666585
0.4,WDBC,1,0.026206179164725833,0.9789163173420278,16,30,3;4;7;8;9;10;12;14;16;17;19;20;21;22;24;26,714.943278292194
0.4,WDBC,5,0.02271712467008229,0.9824406148113647,16,30,1;2;4;6;7;10;12;13;18;20;22;23;24;26;27;29,649.1292678331956
0.4,WDBC,4,0.02759431765253856,0.9771774569166277,15,30,5;6;7;8;10;13;15;16;18;19;20;21;22;23;26,674.377787000034
0.4,WDBC,6,0.027346530041918938,0.9754075454122031,9,30,0;7;10;12;18;20;21;22;26,708.2975912918337
0.4,WDBC,7,0.02348470734358022,0.9806551777674274,13,30,2;4;7;9;10;15;17;21;22;23;24;25;26,702.8490355410613
0.4,WDBC,10,0.026206179164725833,0.9789163173420278,16,30,2;4;6;7;9;10;12;13;16;17;20;21;22;23;25;27,654.2337141656317
0.4,WDBC,8,0.025539512498059167,0.9789163173420278,14,30,3;4;6;7;9;15;16;17;18;21;22;23;26;27,724.887000166811
0.4,WDBC,9,0.024120633442012124,0.9806862288464524,15,30,0;2;4;6;7;8;10;11;13;16;20;21;23;24;26,694.0531749171205
0.4,WDBC,11,0.02413600372612945,0.98067070330694,15,30,0;3;6;7;12;13;14;15;17;19;20;21;23;24;27,697.5061105410568
0.4,WDBC,13,0.019747865238316946,0.9824095637323398,7,30,0;18;20;21;22;24;26,689.2325999587774
0.4,WDBC,12,0.024872845831392723,0.9789163173420276,12,30,0;9;10;12;13;16;18;21;22;23;24;27,707.1160949999467
0.4,WDBC,15,0.026554882782176714,0.9789007918025151,17,30,2;3;4;9;10;12;13;16;17;19;20;21;22;23;24;26;29,670.1520154997706
0.4,WDBC,14,0.025276354603322445,0.9771619313771154,8,30,3;7;13;15;21;23;26;27,700.8064297498204
0.4,WDBC,17,0.026175438596491293,0.9789473684210526,16,30,2;3;4;8;10;12;13;14;15;21;22;23;24;25;26;27,635.3515006247908
0.4,WDBC,16,0.023453966775345458,0.9806862288464524,13,30,4;6;10;12;14;15;16;17;20;21;22;23;26,711.8240396669134
0.4,WDBC,18,0.022453966775345457,0.9806862288464524,10,30,2;7;8;17;18;21;22;23;26;27,702.0192152499221
0.4,WDBC,19,0.024585623350411475,0.9788697407234901,11,30,4;6;9;10;12;20;21;22;24;26;27,715.9965795837343
0.4,WDBC,20,0.02206582828753295,0.9824250892718522,14,30,3;4;6;7;9;10;13;17;20;21;23;24;25;27,713.9811815000139
0.4,WDBC,21,0.02834653004191894,0.9754075454122031,12,30,0;2;3;4;7;17;18;20;21;23;26;27,717.4234471251257
0.4,WDBC,23,0.023383791336748956,0.9824406148113647,18,30,2;3;4;5;6;7;8;9;14;15;20;21;22;23;24;25;26;27,628.2593397088349
0.4,WDBC,22,0.022414531904983832,0.9824095637323396,15,30,2;4;7;10;12;13;14;15;17;19;20;21;22;26;27,667.3222216670401
0.4,ColonCancer,0,0.13183230769230778,0.8705128205128204,728,2000,0;3;4;6;7;11;13;17;24;28;29;31;36;40;41;42;45;48;50;51;57;66;67;70;71;72;74;76;78;82;87;88;95;96;102;103;104;105;109;110;112;117;121;127;128;137;139;140;143;146;148;151;162;164;165;166;167;168;170;172;176;182;186;190;191;194;196;200;201;208;210;216;217;218;221;223;224;226;228;229;230;231;238;239;240;241;242;243;244;248;256;260;262;263;266;267;269;270;275;276;277;279;280;281;282;286;292;293;294;298;299;300;302;310;314;323;327;329;333;335;337;339;340;342;343;347;350;351;352;353;354;355;356;358;360;363;364;365;369;373;374;375;377;380;381;386;387;389;390;391;393;394;398;399;403;404;408;409;410;412;419;422;424;426;434;436;438;441;443;449;450;455;456;461;462;465;466;467;472;477;480;483;488;490;491;492;495;496;498;499;505;506;510;512;513;514;520;522;523;525;527;530;531;533;535;538;542;544;545;547;549;550;551;553;554;555;558;559;560;564;565;566;568;573;574;575;576;578;580;582;586;588;589;590;593;596;603;605;606;607;608;609;610;616;617;618;624;636;637;638;640;645;646;648;649;653;658;663;665;666;667;668;670;671;676;677;684;685;686;688;690;694;695;696;697;702;708;709;713;714;716;718;720;721;723;726;727;729;731;739;741;742;744;746;752;754;757;760;762;768;770;771;775;776;778;781;785;792;794;795;797;799;800;801;806;807;810;812;818;823;827;829;834;835;836;837;843;844;845;847;850;851;852;855;857;864;866;869;877;885;887;890;897;899;900;901;903;904;907;908;911;915;916;917;918;919;920;923;924;925;928;929;932;933;938;939;940;941;945;949;955;958;964;968;970;973;974;976;980;985;986;988;989;997;998;1001;1005;1007;1008;1013;1014;1020;1024;1025;1026;1029;1031;1034;1039;1040;1041;1050;1053;1054;1059;1064;1066;1070;1072;1078;1082;1086;1093;1096;1098;1100;1101;1108;1110;1111;1113;1117;1118;1119;1120;1122;1123;1129;1136;1138;1142;1144;1145;1149;1152;1154;1158;1159;1162;1163;1164;1165;1171;1173;1174;1175;1176;1178;1183;1185;1186;1189;1190;1191;1192;1193;1194;1195;1207;1208;1210;1220;1222;1223;1225;1226;1228;1233;1234;1239;1241;1243;1245;1248;1251;1252;1253;1260;1262;1267;1277;1282;1283;1286;1287;1298;1305;1314;1315;1317;1318;1325;1326;1327;1332;1337;1338;1339;1341;1342;1346;1347;1352;1355;1357;1358;1365;1369;1371;1372;1377;1380;1383;1386;1387;1389;1391;1393;1394;1396;1397;1400;1402;1408;1409;1412;1413;1415;1417;1423;1424;1427;1428;1433;1435;1437;1438;1440;1442;1443;1447;1448;1451;1455;1456;1461;1465;1469;1473;1476;1478;1482;1483;1484;1493;1494;1495;1502;1509;1512;1518;1523;1524;1531;1537;1539;1542;1544;1546;1549;1552;1556;1557;1558;1560;1561;1562;1563;1572;1573;1578;1579;1584;1587;1594;1595;1596;1597;1599;1600;1605;1613;1614;1616;1620;1623;1625;1627;1630;1636;1637;1638;1639;1642;1644;1645;1647;1651;1653;1655;1658;1659;1660;1662;1664;1668;1673;1678;1682;1683;1685;1688;1690;1691;1695;1703;1704;1705;1709;1717;1725;1726;1729;1732;1734;1735;1738;1739;1747;1751;1752;1756;1758;1759;1760;1761;1762;1764;1765;1766;1771;1774;1778;1780;1787;1789;1790;1799;1800;1803;1807;1808;1812;1816;1818;1819;1823;1824;1826;1828;1831;1832;1835;1836;1841;1842;1849;1851;1854;1855;1858;1860;1861;1864;1866;1869;1871;1873;1878;1879;1885;1888;1889;1891;1901;1902;1906;1907;1909;1910;1913;1914;1919;1920;1922;1923;1926;1927;1937;1938;1942;1944;1946;1951;1958;1959;1960;1962;1965;1966;1969;1978;1986;1987;1990;1992;1994;1999,277.8450432079844
0.4,ColonCancer,1,0.1787188461538462,0.823076923076923,713,2000,2;12;15;25;27;28;29;30;38;40;42;43;48;49;50;52;53;54;55;58;61;62;63;65;68;71;72;73;76;78;79;80;82;87;97;98;99;101;103;106;110;117;118;120;129;131;132;136;138;140;146;148;152;158;161;169;171;172;173;174;175;176;177;179;180;181;183;184;185;187;188;189;194;195;198;203;208;209;212;216;220;221;224;228;231;232;235;245;247;249;255;258;259;263;264;269;283;284;285;291;292;296;297;299;301;303;307;312;314;317;318;319;320;321;322;324;326;327;329;330;331;333;334;335;344;346;347;348;350;351;353;354;366;368;370;378;380;384;387;389;395;399;402;409;410;411;414;417;419;423;424;426;428;438;439;440;442;453;455;456;460;462;466;469;471;475;476;481;483;485;486;487;493;494;496;504;505;506;508;510;513;514;518;520;525;526;527;530;535;536;548;550;551;552;556;558;560;564;565;568;570;574;578;581;582;589;590;591;594;595;596;607;611;615;616;622;624;625;626;630;631;632;640;643;645;652;653;655;659;661;662;670;671;672;674;677;678;679;680;682;684;687;688;690;691;700;702;708;710;712;713;714;717;720;722;724;726;727;739;747;748;753;754;756;757;763;765;766;767;768;769;770;771;775;778;780;782;784;789;792;797;798;799;801;804;813;816;823;824;826;830;831;832;839;846;847;851;856;857;859;864;868;872;874;876;893;896;897;903;905;911;913;921;922;928;930;931;933;938;939;942;945;946;949;950;962;966;969;974;979;981;982;986;990;991;1000;1003;1004;1006;1008;1009;1010;1012;1013;1014;1018;1020;1023;1024;1030;1031;1037;1038;1040;1041;1042;1043;1046;1049;1051;1055;1056;1058;1064;1065;1067;1070;1074;1077;1079;1084;1086;1087;1095;1096;1097;1098;1099;1101;1103;1104;1107;1108;1109;1110;1111;1115;1117;1118;1119;1121;1124;1125;1128;1129;1130;1134;1135;1138;1140;1144;1149;1155;1157;1161;1162;1164;1165;1169;1173;1174;1175;1176;1179;1184;1185;1187;1189;1190;1191;1193;1195;1202;1207;1208;1209;1218;1226;1227;1232;1237;1241;1242;1243;1245;1246;1249;1256;1260;1263;1267;1268;1271;1279;1283;1284;1285;1286;1288;1289;1291;1292;1293;1294;1298;1301;1302;1304;1307;1310;1311;1316;1319;1321;1324;1326;1327;1329;1331;1336;1340;1343;1352;1353;1356;1357;1364;1365;1371;1372;1373;1374;1376;1378;1381;1382;1385;1387;1396;1397;1399;1400;1401;1402;1406;1410;1413;1415;1416;1424;1425;1430;1433;1434;1438;1441;1443;1445;1449;1455;1461;1462;1464;1465;1466;1467;1472;1475;1478;1479;1480;1481;1482;1483;1487;1491;1493;1494;1497;1501;1502;1505;1506;1507;1510;1511;1517;1518;1519;1526;1531;1536;1540;1541;1542;1543;1544;1545;1551;1556;1557;1563;1564;1566;1567;1569;1571;1577;1578;1580;1581;1582;1583;1587;1588;1596;1599;1601;1602;1606;1616;1622;1625;1627;1628;1630;1633;1634;1636;1639;1640;1647;1650;1651;1653;1656;1661;1662;1663;1664;1666;1673;1674;1678;1679;1685;1687;1692;1696;1704;1706;1707;1709;1715;1720;1722;1724;1725;1728;1729;1730;1731;1733;1736;1738;1745;1748;1750;1754;1756;1761;1762;1768;1769;1773;1775;1780;1782;1785;1786;1788;1793;1794;1798;1799;1802;1803;1805;1809;1810;1811;1815;1817;1818;1819;1820;1821;1823;1828;1829;1831;1835;1839;1840;1841;1842;1848;1849;1850;1855;1858;1860;1862;1865;1866;1870;1871;1875;1877;1880;1881;1883;1884;1896;1901;1902;1903;1905;1906;1907;1909;1911;1913;1915;1920;1921;1925;1927;1931;1932;1934;1941;1942;1944;1945;1946;1947;1948;1959;1961;1962;1963;1966;1967;1968;1973;1977;1981;1984;1985;1986;1990;1999,281.02731354162097
0.4,WDBC,24,0.02316674429436443,0.9806396522279147,12,30,4;6;7;9;10;15;17;20;21;22;23;25,650.9877925417386
0.4,WDBC,25,0.024151374010246886,0.9806551777674274,15,30,0;3;4;6;7;8;18;19;21;22;23;24;25;26;29,666.7952892081812
0.4,WDBC,27,0.02587284583139283,0.9789163173420274,15,30,0;1;6;7;8;14;15;16;18;19;20;21;22;27;29,666.4826278341934
0.4,WDBC,26,0.024206179164725835,0.9789163173420278,10,30,3;4;6;16;17;18;19;20;21;23,715.5536995409057
0.4,ColonCancer,2,0.09972653846153845,0.9025641025641026,653,2000,4;6;10;13;14;17;24;29;34;35;40;42;45;47;48;53;54;59;60;66;67;69;71;72;79;81;82;85;86;93;95;98;99;100;103;106;107;110;112;116;118;120;135;136;137;139;142;144;146;147;153;158;159;160;165;166;168;171;173;175;179;180;182;189;194;199;201;202;206;209;210;211;214;215;231;232;233;234;238;240;241;243;246;256;260;268;270;271;278;280;282;286;287;290;294;296;305;306;307;310;314;316;318;320;326;327;328;329;333;334;336;337;340;344;349;354;355;360;363;368;370;375;377;382;387;390;391;393;394;396;398;401;402;403;406;409;410;413;415;418;419;422;426;427;430;433;434;436;439;442;446;449;455;460;463;464;468;469;472;475;478;480;484;486;487;492;493;498;505;506;507;514;516;519;520;523;529;532;533;535;536;537;540;541;542;550;551;552;554;556;557;558;559;563;569;570;573;576;580;581;582;583;584;588;594;598;599;600;601;602;607;609;611;613;617;627;628;633;635;636;637;639;641;645;649;651;652;653;658;667;675;676;678;682;683;694;697;702;703;707;709;713;716;721;723;732;733;734;735;737;742;746;747;748;756;771;773;782;787;794;796;799;800;801;802;804;809;811;813;816;820;821;827;829;832;840;843;844;845;846;848;850;854;857;859;864;867;868;869;871;882;883;887;891;894;899;901;905;915;916;920;921;923;924;925;926;930;934;943;944;945;947;949;950;953;954;957;959;962;965;966;970;977;980;981;987;993;994;997;999;1001;1002;1005;1006;1009;1012;1013;1014;1015;1017;1018;1020;1024;1030;1031;1036;1037;1040;1041;1045;1046;1052;1055;1056;1059;1060;1061;1083;1084;1086;1091;1093;1099;1103;1106;1125;1130;1131;1137;1140;1145;1152;1157;1166;1168;1169;1172;1174;1175;1177;1182;1184;1189;1190;1193;1194;1197;1207;1209;1214;1216;1219;1220;1221;1224;1227;1228;1229;1230;1237;1238;1244;1249;1250;1251;1252;1259;1261;1262;1270;1271;1277;1278;1282;1284;1287;1288;1290;1292;1302;1303;1304;1305;1309;1311;1322;1324;1328;1329;1330;1335;1336;1338;1345;1346;1354;1355;1357;1358;1359;1361;1363;1364;1367;1370;1374;1376;1379;1384;1385;1386;1390;1392;1394;1395;1401;1405;1411;1417;1418;1420;1423;1427;1428;1430;1431;1436;1438;1439;1444;1446;1451;1457;1462;1463;1465;1466;1468;1475;1477;1479;1482;1485;1487;1488;1490;1492;1499;1500;1501;1502;1505;1506;1510;1517;1518;1519;1523;1525;1527;1528;1532;1533;1539;1540;1542;1545;1550;1551;1555;1557;1559;1564;1565;1567;1569;1576;1577;1586;1587;1588;1590;1592;1593;1598;1603;1605;1606;1607;1608;1612;1613;1614;1615;1617;1618;1620;1624;1626;1631;1632;1634;1636;1639;1645;1646;1647;1651;1654;1658;1661;1672;1674;1675;1679;1681;1682;1684;1685;1691;1693;1694;1703;1706;1707;1709;1710;1714;1718;1726;1727;1732;1735;1739;1747;1749;1753;1755;1757;1760;1767;1771;1774;1781;1787;1789;1792;1794;1799;1807;1808;1809;1813;1814;1815;1816;1817;1819;1821;1823;1825;1827;1832;1835;1839;1841;1843;1845;1848;1853;1855;1859;1865;1869;1873;1877;1880;1882;1885;1886;1889;1895;1898;1900;1903;1906;1908;1910;1912;1914;1916;1919;1923;1924;1929;1932;1934;1936;1937;1941;1951;1958;1961;1965;1971;1972;1974;1980;1982;1984;1989;1990;1999,287.35326058324426
0.4,ColonCancer,3,0.14572884615384618,0.8564102564102564,715,2000,0;1;2;4;5;7;8;10;14;16;19;22;27;31;33;35;37;41;45;50;51;54;59;60;61;65;67;70;76;79;80;84;85;87;90;96;99;101;103;104;105;106;110;114;115;119;120;121;124;125;131;133;137;138;140;141;150;157;159;166;172;173;174;175;181;184;188;190;192;194;195;198;200;205;209;210;212;217;218;221;224;225;229;230;231;232;233;234;235;236;238;239;241;244;245;249;250;251;252;258;264;265;266;274;278;281;284;285;286;294;295;298;300;302;306;308;309;310;314;317;319;323;324;327;332;338;339;344;349;352;355;358;359;361;364;365;370;372;374;375;376;377;379;381;382;386;387;392;394;395;396;398;403;404;406;408;409;411;416;424;426;428;430;431;433;438;439;440;443;446;447;448;452;454;455;457;458;461;463;467;473;475;476;478;480;483;484;488;492;493;494;497;502;508;513;515;518;520;521;522;525;526;528;530;534;537;540;543;546;549;552;553;555;556;557;563;565;566;568;571;573;575;576;579;581;583;584;590;594;597;598;603;605;607;608;610;624;629;630;635;637;638;639;641;642;645;646;648;650;654;655;663;664;665;669;670;672;673;676;677;678;679;682;687;688;690;691;693;694;697;701;702;703;705;709;711;721;732;733;734;738;740;745;748;753;754;755;760;763;764;771;773;777;779;780;783;785;787;789;794;799;801;803;804;808;811;815;816;817;818;819;820;823;832;834;835;837;838;846;848;850;857;859;861;863;868;873;876;877;879;880;886;888;892;893;896;899;901;908;911;921;922;924;928;929;934;935;937;945;947;952;955;956;959;961;962;969;973;978;980;983;986;989;994;995;999;1000;1012;1015;1017;1018;1026;1027;1028;1030;1037;1038;1044;1045;1046;1049;1051;1052;1053;1058;1059;1070;1071;1078;1081;1082;1085;1086;1088;1090;1098;1100;1101;1106;1111;1112;1116;1122;1125;1128;1133;1144;1145;1146;1150;1151;1154;1155;1163;1164;1165;1167;1169;1170;1173;1174;1175;1176;1179;1182;1190;1193;1197;1199;1202;1203;1209;1213;1214;1215;1217;1218;1220;1221;1223;1226;1228;1229;1230;1231;1233;1234;1237;1240;1243;1246;1247;1251;1252;1254;1255;1259;1260;1262;1266;1271;1277;1285;1287;1300;1301;1308;1313;1314;1315;1319;1320;1322;1325;1327;1331;1332;1334;1336;1341;1345;1346;1350;1356;1357;1363;1364;1366;1368;1369;1371;1379;1381;1383;1386;1390;1392;1396;1400;1403;1404;1405;1406;1410;1412;1414;1418;1420;1422;1426;1428;1429;1430;1433;1434;1438;1439;1441;1442;1443;1449;1452;1461;1467;1472;1473;1486;1488;1492;1493;1495;1497;1503;1505;1508;1512;1515;1516;1519;1522;1523;1527;1537;1539;1544;1546;1548;1550;1554;1559;1561;1563;1564;1566;1573;1574;1576;1577;1580;1581;1583;1588;1589;1592;1598;1599;1607;1609;1610;1611;1615;1616;1617;1618;1624;1627;1630;1631;1636;1638;1640;1642;1644;1645;1647;1649;1651;1654;1655;1658;1660;1665;1667;1671;1673;1674;1675;1676;1678;1681;1683;1685;1691;1694;1695;1696;1701;1702;1703;1704;1705;1706;1707;1709;1713;1717;1719;1723;1730;1733;1744;1752;1758;1760;1762;1763;1764;1766;1771;1774;1781;1786;1788;1791;1793;1794;1797;1798;1801;1803;1805;1806;1812;1813;1817;1819;1821;1825;1827;1829;1830;1832;1834;1835;1836;1839;1841;1842;1843;1845;1848;1849;1850;1853;1857;1858;1867;1868;1870;1877;1880;1883;1890;1892;1896;1898;1899;1901;1907;1908;1914;1915;1916;1918;1922;1923;1924;1925;1931;1933;1936;1938;1939;1941;1942;1944;1945;1946;1948;1949;1950;1953;1956;1958;1959;1965;1968;1977;1979;1983;1984;1985;1991;1993;1996,283.45227862522006
0.4,WDBC,28,0.022802670392796005,0.9806707033069401,11,30,3;4;6;12;13;14;16;21;22;23;26,712.4772563339211
0.4,WDBC,29,0.026276354603322442,0.9771619313771154,11,30,3;6;8;15;19;20;21;22;23;26;29,725.1872698338702
0.4,ColonCancer,4,0.10127576923076922,0.9012820512820513,709,2000,0;5;7;15;17;19;21;24;25;29;34;35;36;37;38;39;45;47;49;53;54;55;56;59;65;69;71;73;74;75;76;79;80;82;85;86;87;88;101;104;105;108;110;117;119;121;123;124;125;127;137;138;140;141;142;146;149;151;154;165;166;167;169;173;176;177;180;181;182;183;186;189;191;194;199;200;201;207;209;214;215;218;219;222;237;238;239;240;244;245;254;260;261;263;265;268;269;270;272;274;278;280;283;284;285;286;287;288;290;291;294;304;308;310;313;315;318;319;321;322;324;325;327;330;331;336;338;341;342;343;350;360;365;370;376;382;383;385;388;390;392;395;396;397;407;409;410;411;414;416;417;418;421;422;425;429;430;433;434;437;438;439;446;449;451;453;454;457;466;468;470;471;473;474;488;489;492;493;504;507;511;513;516;519;522;523;524;525;526;528;529;534;541;543;552;555;558;560;562;563;564;567;571;576;579;584;586;588;589;590;592;595;596;598;599;600;602;606;609;615;618;620;624;628;635;637;640;647;653;654;655;664;666;669;675;676;677;679;683;685;698;699;703;707;708;709;713;714;716;717;719;720;721;725;727;730;733;734;737;738;742;745;755;757;758;760;762;765;766;768;769;770;773;774;776;784;785;787;788;790;791;793;795;796;798;803;804;807;808;810;811;817;818;819;820;821;825;827;828;829;831;832;833;835;837;838;840;846;849;851;855;866;867;868;875;878;879;884;885;887;890;891;908;911;912;915;923;927;928;929;933;934;939;942;943;947;957;959;960;961;964;969;972;973;975;977;979;980;983;988;989;991;992;998;1001;1003;1006;1012;1014;1016;1018;1022;1027;1029;1031;1032;1034;1035;1038;1039;1040;1045;1049;1054;1061;1062;1067;1068;1072;1075;1076;1078;1086;1088;1091;1093;1095;1098;1101;1102;1103;1105;1107;1109;1110;1111;1114;1115;1116;1119;1120;1121;1122;1124;1125;1126;1130;1132;1137;1140;1141;1142;1143;1144;1146;1152;1159;1160;1161;1163;1164;1167;1172;1173;1176;1178;1182;1189;1194;1195;1199;1202;1203;1206;1208;1209;1213;1214;1215;1216;1218;1224;1226;1230;1231;1235;1237;1238;1241;1242;1243;1245;1251;1253;1258;1262;1268;1273;1277;1281;1282;1283;1284;1285;1289;1292;1293;1300;1302;1303;1304;1305;1312;1313;1317;1323;1324;1325;1326;1328;1329;1330;1338;1342;1347;1348;1355;1357;1359;1361;1362;1364;1367;1368;1371;1374;1377;1378;1380;1385;1388;1390;1402;1403;1404;1405;1407;1413;1416;1429;1432;1438;1442;1443;1445;1446;1449;1452;1453;1459;1464;1465;1466;1469;1471;1474;1475;1479;1480;1484;1486;1488;1491;1492;1493;1494;1499;1501;1502;1505;1518;1519;1525;1532;1536;1537;1539;1541;1544;1545;1546;1548;1550;1558;1559;1566;1568;1570;1572;1574;1579;1581;1582;1584;1588;1593;1595;1596;1598;1599;1602;1607;1608;1614;1617;1624;1625;1629;1630;1647;1661;1664;1667;1669;1670;1673;1682;1685;1687;1688;1690;1691;1696;1697;1699;1704;1706;1708;1710;1715;1716;1718;1721;1722;1725;1727;1731;1732;1736;1737;1740;1742;1744;1746;1747;1749;1750;1752;1763;1764;1766;1768;1769;1773;1774;1775;1776;1782;1784;1789;1791;1793;1801;1804;1806;1810;1820;1821;1823;1824;1826;1828;1832;1833;1834;1835;1837;1839;1840;1841;1842;1843;1844;1847;1848;1849;1856;1866;1867;1868;1872;1874;1876;1878;1889;1891;1894;1896;1898;1901;1903;1907;1909;1913;1915;1917;1918;1919;1922;1926;1927;1928;1933;1937;1938;1939;1951;1952;1953;1954;1958;1960;1962;1963;1965;1966;1967;1968;1970;1974;1975;1980;1981;1984;1986;1987;1989;1998;1999,283.3529095421545
0.4,ColonCancer,5,0.16109961538461537,0.841025641025641,743,2000,5;12;13;16;18;20;21;25;29;30;31;32;34;38;40;43;48;52;55;62;64;67;68;69;70;73;76;77;78;82;87;88;93;97;98;99;100;104;107;109;110;116;119;120;123;125;127;128;131;132;133;135;138;146;147;148;149;159;162;166;168;170;173;177;180;181;182;183;188;189;191;193;194;197;200;201;202;203;208;211;213;217;218;223;226;227;230;231;233;234;237;241;242;243;244;246;247;255;258;269;270;272;276;281;285;287;294;297;298;299;302;309;310;311;312;313;315;318;319;320;321;322;325;327;328;329;331;332;335;341;342;346;347;348;350;351;352;357;358;362;367;370;371;375;376;379;381;382;383;386;387;388;390;394;395;396;398;400;402;410;414;415;417;423;424;425;427;428;429;431;432;433;435;436;440;446;447;448;449;450;452;453;455;457;459;461;464;469;476;479;481;488;490;495;496;502;511;513;516;517;519;521;522;532;541;542;545;548;550;552;555;559;566;572;577;584;590;593;595;598;599;601;603;604;607;613;614;617;618;619;621;623;624;625;626;628;631;632;633;637;639;643;644;649;651;654;655;658;660;662;668;674;676;678;685;687;688;689;690;692;695;696;701;702;705;709;710;714;715;719;724;728;732;733;734;735;737;741;742;744;745;747;750;751;755;758;760;761;764;772;778;779;782;783;784;786;787;789;790;792;796;799;800;801;808;812;813;817;819;820;823;826;828;831;833;837;838;846;847;850;851;852;855;856;857;858;859;879;880;882;885;887;889;891;892;895;898;899;900;909;912;913;914;922;923;925;926;927;932;934;935;944;947;951;961;962;963;966;972;973;974;976;977;980;981;984;989;993;998;999;1002;1004;1005;1008;1009;1010;1014;1016;1018;1024;1025;1032;1033;1037;1039;1041;1042;1043;1046;1048;1050;1053;1058;1059;1066;1068;1071;1076;1077;1080;1084;1089;1090;1095;1104;1106;1107;1108;1109;1110;1112;1114;1119;1124;1126;1131;1132;1134;1135;1136;1138;1140;1148;1153;1155;1157;1159;1165;1167;1173;1174;1175;1177;1179;1181;1184;1185;1188;1189;1191;1192;1201;1202;1204;1205;1209;1217;1229;1230;1231;1233;1235;1236;1238;1243;1246;1249;1250;1257;1258;1260;1263;1264;1267;1268;1273;1274;1277;1283;1285;1295;1305;1307;1314;1319;1321;1324;1327;1328;1331;1333;1335;1336;1337;1338;1339;1340;1341;1342;1343;1344;1345;1350;1351;1352;1357;1358;1359;1363;1364;1365;1366;1367;1370;1371;1373;1374;1375;1377;1380;1381;1382;1384;1388;1390;1392;1396;1399;1401;1403;1407;1408;1410;1416;1420;1422;1424;1427;1428;1429;1432;1433;1434;1437;1441;1442;1452;1453;1454;1456;1458;1459;1465;1468;1480;1481;1488;1490;1491;1493;1496;1497;1505;1507;1512;1513;1519;1524;1525;1526;1528;1532;1533;1534;1538;1541;1545;1547;1549;1552;1555;1556;1557;1558;1559;1560;1563;1565;1566;1568;1569;1571;1572;1575;1577;1580;1583;1584;1588;1589;1592;1594;1595;1596;1597;1600;1602;1606;1607;1614;1622;1625;1626;1627;1629;1630;1632;1633;1638;1644;1647;1648;1649;1654;1657;1659;1660;1664;1665;1666;1667;1670;1673;1676;1680;1683;1684;1685;1687;1688;1692;1699;1700;1701;1702;1703;1704;1707;1710;1713;1716;1717;1725;1726;1727;1729;1732;1735;1736;1737;1739;1740;1746;1747;1748;1749;1763;1769;1771;1773;1775;1776;1777;1779;1783;1785;1786;1787;1788;1791;1795;1796;1801;1803;1805;1810;1812;1813;1815;1820;1824;1826;1827;1832;1836;1838;1840;1842;1843;1848;1851;1855;1859;1861;1866;1870;1871;1872;1874;1879;1881;1882;1884;1888;1893;1894;1896;1897;1899;1900;1906;1907;1908;1910;1913;1916;1918;1921;1924;1926;1933;1936;1939;1940;1941;1950;1954;1956;1960;1961;1962;1963;1969;1971;1976;1982;1984;1986;1987;1990;1994;1997;1998,289.49216491682455
0.4,ColonCancer,6,0.1165065384615384,0.885897435897436,709,2000,0;6;7;9;10;11;12;14;15;19;20;30;32;33;35;40;48;50;56;65;68;70;71;72;73;74;76;78;81;82;87;89;90;94;99;100;101;102;104;106;107;109;110;114;115;119;123;124;125;136;139;140;142;145;148;159;164;165;166;167;171;174;176;179;187;189;196;198;199;200;201;207;214;223;225;230;231;232;235;236;238;240;242;244;246;247;250;251;253;255;262;263;265;268;274;275;277;279;280;283;285;286;287;293;294;300;301;302;303;307;309;311;315;320;321;325;326;327;332;334;342;344;348;351;353;354;359;361;366;368;375;380;382;385;386;389;390;393;398;401;404;407;412;418;423;424;426;427;430;433;437;439;440;442;444;446;455;457;458;459;461;465;467;468;471;473;476;477;480;482;483;485;493;495;498;504;505;509;511;516;519;520;534;535;536;538;541;542;547;549;553;555;556;558;565;568;576;578;579;580;585;586;589;590;599;605;608;611;614;620;622;623;624;627;629;631;632;633;638;639;642;644;650;652;654;656;657;662;664;667;669;670;676;677;678;680;683;684;687;688;696;697;702;704;705;714;716;717;718;720;721;723;729;734;737;739;746;747;748;749;751;756;757;759;760;766;767;769;774;777;778;779;787;788;791;792;796;798;802;804;805;807;808;809;810;811;813;817;820;821;824;829;833;835;836;839;843;848;854;855;858;861;867;868;869;870;871;872;873;879;881;882;887;890;894;895;898;900;905;906;913;914;915;918;923;925;927;930;932;935;938;939;944;948;957;966;969;972;973;976;984;989;992;993;994;999;1001;1006;1008;1009;1011;1012;1014;1015;1019;1020;1021;1022;1032;1033;1034;1037;1038;1040;1047;1052;1059;1060;1061;1062;1063;1064;1067;1068;1071;1073;1074;1076;1082;1087;1093;1094;1096;1102;1103;1104;1108;1109;1115;1119;1120;1126;1130;1135;1136;1138;1140;1142;1147;1151;1152;1153;1155;1156;1158;1163;1166;1168;1170;1172;1174;1177;1182;1183;1189;1191;1192;1193;1196;1197;1198;1201;1202;1207;1208;1210;1213;1214;1215;1216;1224;1227;1229;1235;1238;1239;1242;1243;1246;1247;1252;1256;1259;1261;1262;1264;1269;1273;1274;1276;1278;1281;1282;1283;1285;1290;1295;1298;1299;1307;1308;1311;1313;1315;1316;1317;1319;1321;1325;1332;1333;1337;1338;1339;1343;1345;1352;1358;1359;1361;1365;1366;1367;1370;1371;1372;1374;1377;1378;1379;1388;1395;1396;1397;1399;1400;1403;1404;1406;1407;1413;1416;1417;1423;1424;1425;1432;1433;1434;1439;1441;1442;1443;1445;1446;1449;1452;1458;1460;1465;1469;1474;1475;1478;1481;1485;1486;1489;1491;1494;1495;1498;1501;1502;1505;1508;1509;1511;1514;1517;1520;1525;1527;1528;1533;1535;1536;1539;1540;1542;1548;1550;1551;1553;1559;1560;1563;1564;1567;1569;1572;1576;1581;1582;1585;1587;1588;1589;1590;1593;1597;1599;1600;1602;1608;1612;1613;1614;1618;1621;1626;1627;1630;1633;1643;1644;1647;1649;1650;1651;1654;1659;1660;1663;1666;1668;1669;1674;1677;1679;1683;1687;1689;1692;1694;1696;1697;1698;1700;1702;1703;1704;1711;1712;1717;1720;1723;1726;1728;1730;1731;1737;1745;1747;1750;1751;1757;1758;1764;1768;1769;1775;1776;1778;1785;1789;1790;1791;1796;1802;1804;1806;1807;1809;1818;1819;1820;1827;1828;1832;1834;1835;1836;1839;1842;1844;1845;1851;1856;1858;1859;1863;1864;1865;1870;1875;1879;1880;1882;1885;1886;1887;1890;1891;1893;1895;1897;1900;1901;1905;1906;1908;1910;1911;1914;1917;1923;1927;1931;1935;1936;1946;1947;1955;1957;1959;1962;1963;1964;1966;1969;1970;1971;1976;1977;1981;1983;1995;1999,287.86377820791677
0.4,ColonCancer,7,0.09765807692307692,0.9051282051282051,747,2000,0;3;4;10;13;18;19;20;24;25;27;29;36;39;41;43;48;50;51;52;53;54;57;58;59;65;66;69;70;72;73;74;81;83;84;85;87;88;89;92;95;101;102;105;113;119;123;130;132;133;134;136;137;140;141;142;144;146;147;161;162;166;168;174;175;177;178;181;189;191;192;194;196;197;199;200;203;204;206;208;210;216;218;220;221;225;240;242;244;247;251;255;257;258;259;260;261;267;268;270;273;276;279;280;287;289;291;297;300;302;307;310;312;319;324;326;330;331;333;334;337;338;339;340;342;344;346;347;348;359;360;363;364;369;372;375;377;380;381;384;386;389;390;396;397;404;406;408;410;415;416;417;418;421;423;425;431;432;434;436;437;438;439;441;442;445;446;448;449;451;452;453;454;458;465;468;470;476;477;479;483;484;485;486;489;490;493;495;496;497;501;503;504;506;510;513;515;516;518;528;529;535;537;538;540;541;542;544;546;548;550;553;554;560;562;564;566;569;570;571;572;575;576;577;578;581;582;585;588;590;591;595;596;601;604;606;607;608;612;616;618;620;621;622;624;625;629;631;632;633;641;652;654;656;658;660;661;662;669;672;675;676;677;678;680;684;686;687;688;689;695;696;697;698;700;703;705;708;711;712;714;718;722;728;730;735;737;738;742;747;748;756;757;758;762;766;768;773;775;776;777;780;785;786;787;788;791;794;797;800;808;810;812;813;817;818;821;822;828;830;834;835;837;840;841;843;845;846;847;850;851;853;855;873;876;879;884;888;890;895;896;897;898;900;901;906;907;909;910;918;923;925;927;928;934;935;939;940;942;945;946;950;953;959;969;971;979;992;994;999;1001;1003;1004;1005;1006;1008;1010;1014;1016;1021;1023;1025;1026;1032;1034;1038;1043;1044;1050;1054;1055;1057;1058;1060;1063;1065;1066;1067;1068;1079;1081;1084;1085;1087;1094;1096;1097;1100;1102;1103;1107;1111;1115;1116;1117;1120;1127;1131;1135;1144;1146;1149;1151;1159;1167;1169;1170;1171;1172;1179;1181;1183;1184;1185;1186;1187;1189;1190;1191;1194;1195;1200;1203;1204;1210;1216;1217;1218;1222;1223;1227;1229;1230;1231;1235;1236;1242;1245;1246;1248;1250;1251;1252;1256;1259;1262;1266;1275;1282;1283;1284;1286;1287;1290;1294;1295;1297;1298;1303;1311;1313;1316;1318;1319;1327;1329;1332;1335;1336;1341;1342;1345;1346;1351;1353;1356;1359;1360;1361;1362;1363;1365;1370;1372;1376;1379;1380;1383;1386;1387;1388;1391;1394;1401;1404;1406;1409;1411;1413;1418;1421;1426;1427;1428;1433;1438;1439;1442;1446;1447;1453;1455;1457;1458;1459;1461;1462;1464;1469;1472;1474;1478;1481;1482;1484;1486;1487;1488;1490;1491;1495;1497;1499;1500;1510;1512;1515;1517;1520;1523;1530;1531;1533;1535;1536;1537;1538;1539;1540;1541;1543;1545;1547;1548;1549;1553;1554;1557;1561;1564;1573;1577;1580;1581;1582;1584;1587;1590;1593;1594;1595;1596;1598;1600;1603;1606;1611;1617;1619;1622;1629;1636;1638;1643;1644;1645;1646;1649;1655;1657;1658;1659;1660;1662;1663;1665;1666;1667;1670;1673;1680;1681;1687;1691;1695;1696;1700;1705;1706;1708;1711;1713;1714;1716;1718;1720;1723;1725;1726;1729;1734;1735;1736;1737;1738;1741;1742;1743;1744;1748;1752;1753;1759;1762;1763;1764;1766;1768;1771;1774;1776;1778;1779;1781;1782;1784;1785;1786;1788;1789;1794;1796;1797;1798;1801;1806;1809;1812;1815;1816;1819;1824;1825;1830;1831;1832;1834;1835;1837;1849;1853;1855;1859;1864;1866;1868;1869;1872;1873;1876;1884;1888;1891;1892;1902;1903;1904;1907;1909;1913;1919;1923;1929;1930;1931;1934;1935;1937;1938;1940;1941;1943;1944;1946;1947;1948;1954;1957;1959;1961;1962;1963;1966;1968;1969;1970;1974;1976;1979;1984;1986;1987;1988;1992;1994;1998;1999,288.6992125408724
0.4,ColonCancer,8,0.12910384615384626,0.873076923076923,690,2000,1;3;4;6;10;13;16;23;25;26;31;34;35;41;43;44;48;49;52;53;54;59;61;63;65;69;70;75;77;85;90;93;95;97;98;100;101;103;110;114;115;117;118;121;124;125;127;129;130;134;140;147;148;149;152;158;161;163;167;168;171;185;188;189;191;192;198;199;200;201;202;205;212;218;221;225;230;237;238;240;244;248;249;252;255;256;264;266;269;272;273;274;276;279;280;281;287;294;296;299;302;311;313;315;319;320;322;323;327;329;333;334;336;338;339;341;345;346;347;348;350;351;353;354;357;369;370;373;374;377;378;383;391;392;394;395;397;404;406;407;414;416;419;421;422;428;430;431;433;435;438;446;447;449;452;453;454;455;457;459;461;463;473;478;480;483;484;489;491;492;493;497;500;502;503;506;507;508;515;516;519;520;521;525;528;531;535;538;542;544;545;546;547;554;555;558;559;562;563;565;568;576;578;579;581;582;584;588;589;590;597;599;600;601;607;608;614;615;616;617;621;622;623;624;625;630;631;634;637;641;643;645;649;650;651;652;654;658;661;662;664;665;666;670;672;673;676;677;685;689;699;702;704;707;710;712;716;721;724;726;727;730;734;736;738;739;741;742;745;747;750;758;760;763;765;767;770;781;782;788;790;791;794;795;801;802;806;808;809;816;822;825;827;829;830;833;834;840;844;845;846;848;858;859;860;865;867;869;870;871;875;877;878;879;881;883;884;890;896;897;903;912;920;922;924;925;927;928;930;933;934;935;938;940;941;945;948;951;952;953;955;958;959;960;962;963;971;976;977;983;986;988;992;994;998;1002;1003;1012;1013;1014;1017;1022;1023;1026;1029;1030;1035;1036;1037;1043;1051;1052;1053;1054;1056;1058;1059;1065;1068;1071;1073;1075;1083;1084;1085;1089;1091;1101;1102;1109;1111;1115;1119;1124;1125;1126;1127;1128;1130;1136;1137;1138;1144;1149;1150;1151;1153;1160;1165;1166;1178;1179;1186;1189;1190;1191;1193;1194;1195;1197;1200;1202;1207;1208;1214;1218;1219;1222;1226;1233;1234;1237;1239;1240;1241;1242;1245;1246;1249;1252;1256;1257;1260;1262;1263;1264;1265;1267;1270;1271;1275;1280;1281;1283;1285;1288;1290;1291;1293;1296;1298;1303;1306;1307;1309;1313;1318;1321;1323;1333;1338;1340;1345;1347;1349;1350;1352;1353;1355;1357;1361;1362;1365;1366;1368;1369;1371;1379;1385;1387;1398;1399;1400;1407;1413;1420;1423;1425;1431;1432;1435;1436;1441;1444;1445;1450;1456;1463;1472;1479;1480;1488;1489;1490;1492;1493;1495;1498;1501;1504;1507;1516;1517;1519;1520;1529;1530;1532;1533;1536;1544;1545;1546;1549;1552;1554;1556;1558;1559;1560;1562;1564;1566;1577;1579;1580;1582;1585;1587;1601;1604;1606;1607;1611;1613;1614;1615;1616;1618;1620;1623;1625;1626;1629;1632;1634;1638;1639;1640;1641;1642;1645;1646;1648;1649;1650;1660;1662;1665;1670;1672;1673;1676;1678;1679;1680;1685;1687;1688;1691;1692;1693;1694;1697;1703;1704;1709;1710;1713;1714;1716;1718;1721;1722;1724;1726;1727;1732;1741;1742;1748;1751;1752;1754;1755;1756;1759;1760;1761;1766;1769;1771;1774;1778;1780;1781;1782;1788;1790;1792;1795;1805;1808;1810;1821;1823;1825;1827;1828;1830;1832;1834;1835;1837;1840;1843;1845;1853;1854;1856;1864;1866;1874;1878;1879;1880;1881;1883;1885;1886;1888;1889;1891;1893;1898;1900;1901;1907;1913;1916;1919;1920;1927;1929;1931;1936;1940;1947;1948;1952;1962;1969;1970;1972;1974;1976;1978;1984;1986;1998,290.6741870408878
0.4,ColonCancer,9,0.1303780769230768,0.8717948717948719,691,2000,1;3;5;12;13;21;22;24;25;26;27;28;29;40;41;42;44;48;49;50;51;53;57;58;65;66;68;70;71;77;78;89;90;92;96;99;100;107;108;113;116;119;120;121;122;123;124;127;128;129;132;136;139;142;144;146;148;150;155;156;158;161;162;163;164;168;169;172;177;181;192;203;204;211;221;225;226;229;230;231;233;234;236;238;240;242;244;246;251;252;254;255;256;257;259;264;269;275;276;280;281;284;285;288;290;293;294;298;299;305;311;314;316;318;319;323;325;326;333;338;341;342;346;347;352;356;357;361;366;367;371;373;374;375;380;384;385;395;397;399;409;412;417;419;420;422;426;435;437;438;442;443;445;451;452;455;457;458;459;464;465;466;471;473;474;478;479;481;484;486;492;496;497;498;499;506;509;510;513;515;518;520;523;527;528;531;534;536;540;541;542;545;548;554;555;556;557;564;568;574;587;589;594;600;602;604;613;617;620;621;622;623;625;626;632;635;636;638;639;641;643;644;648;649;650;651;652;658;659;661;663;666;667;669;676;678;682;687;690;692;693;702;705;706;707;709;710;713;714;716;722;723;726;729;732;738;739;742;743;744;746;751;752;753;758;760;765;766;771;773;776;777;785;787;789;793;798;801;806;807;809;813;820;821;822;824;825;828;830;842;845;849;854;859;862;865;867;870;874;875;878;885;887;892;893;896;900;901;902;903;907;908;917;924;925;926;928;932;938;939;940;942;945;949;951;954;957;963;964;965;967;968;969;972;973;978;982;987;988;996;997;999;1007;1011;1013;1014;1015;1020;1021;1022;1023;1024;1027;1029;1031;1034;1037;1038;1041;1045;1046;1049;1059;1065;1066;1067;1070;1072;1073;1075;1078;1081;1082;1087;1094;1095;1097;1100;1101;1103;1105;1106;1107;1112;1116;1120;1125;1127;1131;1132;1136;1141;1142;1143;1145;1154;1156;1157;1158;1163;1170;1171;1173;1174;1175;1176;1178;1180;1185;1190;1193;1195;1201;1207;1218;1220;1222;1225;1226;1229;1230;1241;1246;1253;1254;1257;1263;1265;1266;1267;1268;1269;1271;1274;1276;1280;1283;1285;1289;1290;1291;1292;1295;1297;1303;1308;1309;1312;1314;1316;1317;1318;1325;1326;1333;1339;1344;1346;1351;1353;1363;1364;1366;1370;1373;1374;1376;1379;1380;1384;1388;1399;1400;1404;1405;1406;1410;1411;1417;1418;1424;1427;1438;1439;1440;1444;1446;1447;1453;1454;1456;1457;1458;1459;1460;1463;1464;1471;1474;1478;1479;1480;1482;1484;1485;1487;1488;1489;1493;1495;1499;1503;1509;1510;1512;1513;1516;1517;1518;1521;1523;1524;1525;1527;1535;1536;1542;1544;1547;1552;1553;1559;1560;1561;1562;1564;1565;1572;1577;1580;1582;1583;1584;1588;1590;1591;1596;1597;1599;1600;1604;1605;1607;1608;1612;1613;1614;1615;1618;1619;1621;1622;1623;1630;1634;1635;1637;1639;1640;1643;1644;1646;1647;1651;1652;1655;1664;1665;1667;1669;1670;1671;1674;1677;1678;1679;1681;1682;1685;1690;1697;1706;1707;1713;1714;1717;1719;1721;1723;1724;1726;1729;1737;1738;1739;1745;1746;1750;1751;1754;1755;1756;1757;1759;1772;1779;1780;1782;1786;1790;1792;1799;1803;1806;1807;1812;1819;1824;1831;1832;1840;1842;1844;1846;1848;1854;1856;1862;1867;1872;1883;1884;1888;1892;1893;1899;1901;1905;1907;1910;1911;1913;1915;1916;1918;1919;1921;1922;1923;1927;1930;1933;1936;1938;1940;1942;1944;1945;1950;1951;1952;1954;1956;1957;1959;1966;1970;1971;1972;1976;1977;1978;1979;1984;1987;1991;1994;1995;1997;1998;1999,286.7839823747054
0.4,ColonCancer,10,0.1303980769230768,0.8717948717948719,695,2000,0;1;2;6;7;15;16;18;22;27;32;39;42;43;51;57;58;59;61;63;69;73;74;83;87;92;93;94;95;96;98;99;104;105;106;107;109;116;119;127;129;131;138;139;140;141;142;144;148;150;161;162;168;172;173;176;177;178;179;180;183;184;186;187;191;193;195;197;199;201;202;203;205;206;207;209;210;219;223;231;233;236;237;242;244;245;247;253;254;255;261;264;270;271;275;278;279;282;284;287;289;292;293;298;299;302;303;306;310;316;319;320;321;329;331;333;334;337;339;341;344;347;348;349;350;351;353;354;357;358;363;364;374;377;379;387;389;390;394;395;399;402;410;415;416;417;418;419;420;421;422;426;428;429;431;433;436;440;449;450;452;453;458;459;461;464;465;468;470;475;476;477;482;483;487;491;492;494;497;498;501;504;505;508;514;516;519;523;526;527;532;538;539;546;548;550;553;557;560;567;571;573;575;576;578;579;580;581;584;589;593;595;596;599;601;605;609;610;612;616;621;628;629;630;631;632;641;642;644;645;653;656;657;659;661;662;665;670;679;680;687;697;701;704;705;708;709;710;713;716;718;721;725;728;730;731;732;733;737;740;742;743;754;755;760;764;765;767;768;771;772;774;776;778;782;783;784;788;789;791;792;798;799;800;801;806;809;811;814;822;823;829;830;838;842;844;845;849;856;857;858;860;863;866;867;871;872;881;882;889;896;897;900;901;902;904;905;906;908;909;918;919;920;927;928;930;932;935;936;952;953;955;957;959;967;968;973;986;993;1006;1008;1012;1014;1018;1020;1022;1023;1027;1030;1032;1034;1038;1040;1046;1049;1050;1052;1053;1054;1057;1059;1060;1061;1064;1070;1072;1076;1077;1079;1082;1091;1092;1094;1095;1098;1099;1104;1106;1111;1113;1117;1120;1121;1124;1127;1130;1141;1147;1148;1150;1152;1154;1158;1160;1162;1170;1174;1175;1176;1177;1179;1181;1182;1183;1185;1189;1195;1199;1201;1202;1208;1209;1211;1214;1226;1229;1230;1233;1234;1235;1238;1239;1240;1242;1245;1246;1247;1252;1254;1256;1259;1260;1262;1263;1264;1265;1266;1268;1272;1273;1274;1276;1277;1278;1285;1287;1291;1293;1298;1301;1303;1305;1306;1312;1316;1318;1321;1324;1329;1330;1331;1333;1335;1338;1339;1340;1344;1345;1347;1349;1350;1354;1356;1357;1359;1361;1364;1367;1368;1372;1380;1385;1388;1389;1396;1398;1401;1405;1407;1409;1410;1411;1413;1415;1417;1420;1428;1431;1436;1441;1442;1445;1446;1448;1450;1453;1459;1462;1468;1469;1470;1471;1475;1476;1477;1479;1487;1493;1500;1501;1502;1503;1505;1512;1513;1514;1516;1519;1526;1533;1535;1538;1542;1545;1546;1548;1554;1555;1558;1562;1563;1567;1568;1571;1582;1583;1589;1592;1594;1595;1602;1603;1606;1608;1611;1612;1615;1616;1619;1621;1622;1623;1627;1628;1632;1633;1635;1636;1637;1638;1639;1643;1646;1647;1648;1649;1650;1658;1663;1665;1666;1670;1673;1675;1677;1690;1691;1695;1698;1699;1702;1704;1708;1709;1712;1713;1714;1716;1717;1718;1725;1726;1728;1729;1731;1740;1745;1757;1760;1762;1764;1775;1778;1783;1784;1793;1794;1797;1801;1803;1806;1807;1808;1811;1819;1820;1822;1823;1825;1836;1837;1840;1842;1843;1844;1845;1846;1848;1854;1856;1858;1861;1862;1865;1866;1867;1871;1877;1879;1881;1883;1884;1886;1888;1890;1891;1903;1905;1906;1909;1912;1913;1915;1916;1917;1918;1919;1920;1921;1923;1924;1930;1931;1932;1934;1938;1941;1943;1944;1946;1951;1956;1958;1959;1963;1970;1978;1979;1982;1985;1987;1994;1996;1997;1999,290.2897274172865
0.4,ColonCancer,11,0.12916884615384602,0.8730769230769232,703,2000,0;1;8;10;13;14;20;22;34;40;41;44;48;50;54;57;62;63;64;70;72;76;79;80;81;83;84;89;97;98;103;108;109;111;112;113;117;118;120;122;124;126;127;130;135;138;141;143;147;148;149;153;154;160;162;163;164;165;169;171;177;181;182;183;186;191;198;201;202;203;204;206;207;209;215;219;220;221;222;226;228;229;230;231;235;236;237;238;239;245;246;249;250;256;257;260;261;264;267;268;270;274;276;284;285;287;299;301;304;307;309;311;317;318;319;322;323;327;330;332;336;337;340;345;346;353;356;358;360;363;365;368;372;376;377;378;381;386;390;391;392;395;397;399;402;412;416;417;419;426;429;430;434;435;441;444;445;447;448;450;453;454;455;457;458;462;463;466;469;473;478;480;483;486;488;492;493;499;501;502;503;504;506;509;511;513;517;518;524;525;526;527;528;530;531;532;533;536;537;541;544;549;553;556;558;563;566;569;571;573;574;575;576;578;580;589;590;591;596;597;601;605;607;608;613;620;621;622;625;627;628;633;636;637;638;648;649;650;651;657;659;660;669;674;679;680;688;693;694;695;697;698;699;705;706;708;714;719;721;723;727;728;731;734;737;738;740;743;744;750;754;758;759;760;762;766;771;776;777;782;786;791;793;796;810;812;813;821;824;827;829;830;838;840;846;854;857;861;863;864;866;877;878;879;882;885;888;890;892;893;897;900;901;903;922;923;927;928;935;937;938;939;940;941;944;953;959;960;961;967;969;972;974;975;980;985;1002;1020;1029;1036;1041;1045;1046;1048;1050;1052;1053;1063;1064;1065;1072;1073;1075;1077;1078;1079;1085;1086;1087;1089;1093;1094;1095;1096;1098;1104;1105;1108;1110;1112;1113;1119;1121;1124;1129;1134;1138;1141;1142;1147;1150;1158;1159;1162;1164;1166;1167;1170;1172;1174;1177;1178;1179;1186;1188;1189;1194;1197;1203;1206;1208;1210;1217;1220;1223;1226;1227;1230;1236;1237;1241;1243;1245;1246;1247;1249;1250;1254;1256;1265;1266;1268;1270;1276;1279;1280;1283;1289;1290;1291;1292;1294;1296;1297;1299;1303;1304;1305;1313;1317;1319;1322;1324;1325;1328;1332;1334;1338;1339;1340;1344;1345;1346;1348;1351;1355;1361;1364;1365;1366;1369;1371;1374;1377;1382;1385;1386;1388;1390;1394;1397;1398;1399;1401;1404;1410;1411;1413;1414;1416;1417;1420;1423;1425;1429;1430;1436;1438;1439;1440;1450;1453;1460;1461;1463;1465;1466;1469;1470;1471;1478;1479;1480;1481;1482;1485;1488;1491;1492;1493;1495;1500;1502;1505;1507;1510;1511;1513;1514;1515;1518;1520;1522;1523;1524;1529;1532;1535;1541;1543;1547;1548;1551;1552;1553;1555;1562;1565;1567;1569;1570;1573;1574;1578;1582;1584;1586;1587;1588;1589;1592;1596;1597;1610;1611;1612;1613;1616;1617;1619;1620;1624;1626;1628;1631;1632;1634;1636;1641;1644;1645;1649;1651;1653;1656;1658;1659;1666;1670;1672;1673;1681;1683;1684;1685;1687;1693;1695;1697;1698;1699;1700;1701;1704;1706;1707;1711;1713;1725;1729;1737;1739;1740;1741;1742;1743;1744;1745;1747;1760;1762;1764;1769;1771;1773;1774;1777;1779;1781;1782;1783;1785;1786;1789;1790;1792;1793;1794;1796;1797;1801;1804;1805;1807;1809;1812;1814;1815;1817;1818;1821;1822;1828;1833;1842;1844;1853;1857;1864;1865;1866;1869;1872;1873;1876;1878;1879;1886;1890;1891;1892;1894;1898;1900;1903;1904;1905;1906;1907;1912;1915;1916;1917;1920;1924;1927;1930;1933;1935;1936;1942;1945;1949;1954;1959;1961;1963;1966;1968;1969;1970;1972;1974;1975;1980;1984;1986;1991;1993;1994;1995;1996;1997,289.2721717497334
0.4,ColonCancer,12,0.14812730769230772,0.8538461538461538,687,2000,2;16;19;25;27;32;37;38;39;40;41;42;46;48;51;52;55;57;68;69;74;77;82;83;85;88;95;96;97;99;106;107;108;110;114;115;116;117;118;119;129;133;136;137;139;140;141;142;146;150;156;161;168;169;175;179;186;188;189;192;193;197;200;201;202;210;211;214;221;223;224;229;231;233;237;240;241;242;244;246;250;251;260;263;264;270;279;282;285;286;287;288;290;291;292;293;300;305;313;314;318;324;326;327;331;338;342;343;345;348;351;355;361;362;364;365;366;369;372;375;376;380;381;384;385;390;392;398;402;403;408;410;411;412;418;419;425;428;431;433;434;437;438;439;442;446;447;448;449;452;453;454;456;458;460;462;467;468;469;471;473;474;480;483;493;497;498;499;508;512;513;515;519;527;532;537;540;541;543;547;550;553;555;556;559;562;565;567;573;574;577;584;585;589;592;595;600;601;602;605;611;616;617;619;621;623;632;637;638;640;642;645;646;648;654;655;659;661;663;664;666;667;671;680;682;683;686;690;695;696;697;699;700;702;704;705;707;709;711;712;714;716;719;720;722;726;727;729;731;733;736;737;739;740;744;751;752;754;755;759;761;762;765;767;768;770;773;787;788;790;792;797;798;801;802;805;808;812;821;823;825;829;834;835;839;840;841;844;848;852;856;858;862;864;865;867;870;871;874;877;878;880;884;886;887;890;893;896;899;904;905;914;915;921;922;924;926;932;941;943;944;945;948;951;953;954;957;958;963;967;969;975;977;978;981;994;1003;1010;1011;1014;1018;1019;1021;1023;1034;1041;1048;1049;1050;1052;1054;1064;1069;1071;1072;1083;1084;1092;1097;1098;1100;1103;1104;1110;1112;1114;1115;1117;1119;1120;1128;1129;1131;1132;1133;1134;1136;1137;1139;1151;1158;1160;1161;1165;1167;1168;1180;1181;1184;1192;1193;1194;1195;1199;1200;1205;1206;1212;1213;1216;1225;1231;1233;1235;1237;1238;1239;1243;1249;1250;1251;1254;1259;1261;1262;1264;1266;1268;1277;1278;1280;1282;1283;1286;1290;1293;1297;1301;1303;1304;1307;1308;1309;1311;1319;1321;1323;1324;1326;1327;1329;1330;1331;1332;1334;1335;1339;1344;1346;1350;1352;1353;1354;1355;1357;1363;1364;1365;1367;1368;1371;1373;1375;1377;1379;1382;1385;1392;1393;1394;1395;1398;1403;1404;1408;1411;1415;1421;1424;1427;1428;1436;1438;1440;1442;1444;1446;1454;1455;1456;1459;1460;1463;1464;1465;1471;1472;1475;1476;1477;1478;1480;1481;1485;1488;1489;1492;1499;1504;1510;1515;1518;1521;1522;1527;1529;1530;1532;1534;1537;1542;1544;1547;1548;1553;1555;1556;1560;1567;1571;1572;1575;1578;1579;1580;1583;1587;1588;1589;1591;1592;1595;1597;1599;1600;1601;1602;1604;1606;1608;1613;1615;1617;1620;1622;1625;1627;1631;1633;1636;1641;1642;1643;1646;1647;1648;1649;1650;1651;1654;1655;1656;1660;1662;1664;1669;1670;1676;1682;1684;1685;1688;1689;1691;1693;1694;1696;1699;1706;1708;1711;1720;1722;1725;1727;1728;1729;1734;1739;1741;1744;1747;1750;1752;1755;1759;1760;1764;1765;1769;1772;1774;1783;1784;1786;1787;1789;1792;1793;1794;1796;1797;1798;1804;1806;1809;1811;1813;1819;1823;1826;1828;1829;1835;1838;1841;1842;1843;1844;1845;1846;1853;1854;1857;1862;1864;1866;1867;1870;1872;1873;1876;1877;1881;1883;1891;1899;1902;1904;1906;1907;1908;1912;1914;1918;1920;1924;1930;1931;1933;1947;1948;1950;1952;1955;1957;1962;1965;1968;1972;1973;1980;1986;1989;1990;1994;1997,288.5467040827498
0.4,ColonCancer,13,0.14690807692307695,0.8551282051282051,697,2000,0;1;6;17;18;25;26;29;31;32;34;39;41;42;43;44;49;51;52;53;54;55;59;61;62;64;67;68;70;71;72;75;87;90;91;93;96;98;100;101;105;106;107;110;111;115;117;128;131;136;137;143;148;152;154;158;160;163;167;168;169;175;181;183;187;188;192;193;195;199;200;201;204;206;207;208;210;213;218;219;221;226;227;228;230;234;237;238;240;243;244;245;247;248;251;255;265;266;271;273;279;280;282;283;285;289;294;298;302;303;305;311;313;314;315;316;319;323;324;325;328;333;336;338;340;342;344;347;352;355;359;360;362;363;364;365;368;369;370;371;374;375;376;381;387;388;389;391;396;399;403;405;411;412;415;421;425;426;427;428;433;445;448;450;453;458;459;464;465;469;472;476;478;484;486;492;493;498;509;515;517;521;527;528;529;534;536;538;542;543;548;555;556;559;560;561;567;571;575;578;581;588;590;591;599;601;605;608;613;621;622;627;632;637;638;646;647;648;649;651;652;654;655;656;661;667;668;670;672;673;678;680;687;688;689;690;692;695;697;700;702;705;706;708;713;715;716;718;720;721;723;724;725;727;737;738;739;742;744;749;751;756;757;759;761;766;772;775;780;784;787;788;789;790;796;797;799;802;804;805;806;807;808;810;812;814;818;821;822;823;824;832;841;842;847;850;857;859;861;863;868;873;877;878;884;888;889;890;895;898;900;901;904;906;908;909;914;917;918;920;922;923;925;927;930;934;935;936;940;941;943;944;945;947;953;955;957;962;963;964;968;972;975;976;981;986;988;992;1001;1003;1004;1008;1012;1018;1020;1021;1022;1026;1027;1030;1036;1040;1046;1049;1051;1054;1057;1059;1065;1067;1068;1072;1076;1081;1083;1086;1094;1095;1096;1100;1102;1104;1110;1111;1114;1118;1119;1120;1121;1122;1123;1125;1127;1132;1134;1139;1140;1143;1144;1145;1149;1153;1157;1161;1162;1167;1171;1173;1176;1177;1181;1187;1188;1191;1194;1197;1199;1203;1205;1211;1212;1218;1220;1221;1225;1228;1235;1239;1240;1241;1242;1244;1246;1250;1252;1253;1254;1258;1259;1260;1262;1266;1267;1271;1275;1276;1280;1285;1286;1287;1289;1296;1298;1301;1303;1304;1306;1307;1308;1312;1313;1322;1326;1331;1332;1333;1334;1337;1339;1340;1346;1347;1350;1351;1360;1361;1365;1367;1368;1370;1374;1377;1378;1381;1382;1383;1386;1394;1397;1398;1399;1401;1410;1411;1414;1416;1420;1422;1425;1434;1437;1438;1446;1453;1460;1461;1463;1466;1467;1469;1472;1473;1481;1482;1484;1486;1487;1488;1490;1491;1492;1498;1499;1507;1508;1510;1514;1515;1516;1528;1529;1530;1533;1534;1535;1541;1543;1545;1548;1549;1551;1554;1556;1557;1561;1562;1563;1569;1570;1571;1573;1574;1575;1576;1577;1580;1583;1584;1585;1595;1599;1603;1605;1608;1609;1610;1611;1612;1619;1622;1626;1632;1635;1637;1638;1641;1643;1646;1649;1654;1656;1657;1658;1659;1661;1664;1667;1668;1669;1681;1691;1694;1696;1697;1706;1709;1711;1714;1715;1719;1720;1722;1726;1727;1729;1731;1733;1735;1740;1743;1745;1746;1748;1749;1750;1751;1753;1755;1758;1764;1765;1767;1771;1774;1776;1778;1785;1787;1790;1793;1794;1800;1804;1807;1810;1814;1816;1818;1824;1826;1830;1833;1842;1843;1844;1849;1855;1858;1860;1863;1867;1869;1870;1871;1873;1877;1878;1879;1882;1887;1889;1891;1893;1896;1897;1899;1903;1904;1905;1906;1909;1919;1921;1923;1927;1928;1929;1931;1936;1938;1940;1944;1945;1947;1948;1957;1959;1962;1966;1972;1982;1983;1985;1986;1990;1992;1994,288.9375104592182
0.4,ColonCancer,14,0.11131461538461555,0.8910256410256409,686,2000,0;1;4;7;8;15;17;19;22;28;29;32;34;41;44;45;46;50;51;52;56;58;59;61;63;64;65;67;69;73;78;80;83;85;86;87;92;93;95;96;99;100;101;103;109;110;113;115;120;121;124;138;140;142;145;147;148;150;154;161;162;164;168;173;181;183;187;189;191;192;198;202;209;211;220;221;222;225;227;228;238;241;243;245;249;252;258;268;274;275;279;287;295;299;302;303;305;306;308;310;313;314;322;328;330;339;342;344;345;347;349;352;353;356;357;358;360;361;365;366;367;370;374;375;376;387;389;392;393;401;402;403;412;415;419;420;422;424;426;427;431;433;437;439;445;446;449;452;457;462;465;468;474;475;480;482;484;488;491;496;497;499;502;504;509;510;515;516;517;519;520;526;529;532;533;536;537;538;541;545;546;549;550;554;558;572;573;574;580;584;594;599;606;617;618;619;622;624;627;629;633;639;640;643;645;646;648;651;654;656;658;662;663;667;670;673;675;679;683;684;685;686;687;694;696;702;703;704;705;710;711;712;713;714;720;721;723;726;728;734;741;745;747;749;756;757;764;767;768;775;776;779;781;789;794;798;799;802;811;812;813;814;816;818;822;823;825;829;834;836;839;843;844;845;852;855;856;864;865;872;876;879;880;883;888;890;896;899;900;906;909;912;915;917;920;921;922;926;928;930;937;938;939;947;953;954;955;959;961;970;971;973;977;981;983;984;985;986;992;998;1001;1002;1003;1009;1021;1022;1023;1026;1032;1034;1037;1039;1041;1042;1056;1058;1062;1066;1068;1076;1080;1081;1083;1085;1086;1093;1094;1095;1104;1106;1107;1108;1111;1113;1116;1118;1120;1123;1129;1132;1135;1139;1142;1143;1147;1148;1151;1156;1160;1162;1163;1168;1169;1173;1175;1177;1178;1185;1186;1187;1191;1196;1198;1199;1201;1203;1205;1208;1209;1210;1212;1215;1219;1221;1222;1226;1235;1239;1245;1246;1247;1259;1263;1266;1271;1272;1273;1275;1276;1277;1287;1289;1290;1293;1294;1308;1309;1312;1313;1314;1316;1323;1324;1327;1333;1335;1338;1340;1344;1346;1352;1354;1356;1357;1359;1362;1363;1365;1368;1370;1372;1375;1377;1385;1386;1387;1392;1401;1404;1405;1407;1408;1409;1413;1414;1415;1416;1419;1420;1423;1424;1426;1432;1433;1434;1437;1439;1442;1443;1444;1445;1447;1448;1451;1456;1458;1462;1465;1467;1470;1473;1476;1479;1483;1487;1489;1492;1499;1500;1502;1506;1508;1510;1511;1515;1517;1519;1522;1524;1532;1534;1536;1537;1540;1545;1546;1548;1554;1557;1559;1560;1562;1564;1566;1567;1568;1569;1571;1573;1575;1579;1580;1582;1587;1588;1590;1593;1608;1611;1613;1614;1615;1621;1623;1625;1627;1629;1630;1631;1633;1640;1641;1644;1645;1646;1647;1649;1651;1654;1658;1662;1665;1667;1668;1670;1671;1672;1674;1675;1676;1677;1678;1685;1687;1691;1695;1700;1702;1706;1712;1713;1714;1719;1720;1722;1725;1726;1727;1736;1737;1738;1739;1745;1746;1747;1749;1753;1754;1755;1758;1763;1765;1767;1772;1775;1777;1784;1786;1787;1789;1790;1795;1797;1799;1801;1804;1805;1806;1807;1808;1818;1821;1822;1823;1824;1825;1827;1829;1832;1833;1834;1836;1843;1844;1845;1846;1852;1856;1857;1860;1865;1867;1868;1870;1872;1875;1876;1878;1884;1887;1889;1890;1891;1894;1896;1898;1899;1900;1903;1906;1911;1912;1917;1920;1923;1924;1926;1929;1931;1932;1934;1935;1938;1942;1944;1945;1946;1949;1950;1951;1954;1959;1960;1962;1964;1965;1971;1972;1973;1974;1975;1982;1985;1986;1990;1991,284.71251987479627
0.4,ColonCancer,15,0.11515730769230761,0.8871794871794872,693,2000,3;4;6;9;12;16;18;19;25;30;31;36;37;43;45;49;50;51;56;63;66;70;72;74;76;78;79;81;85;86;87;89;90;94;96;98;106;114;115;120;124;129;133;136;137;139;141;144;145;146;159;160;161;168;178;179;180;182;183;186;191;192;193;196;197;200;201;207;208;209;211;220;228;229;231;233;239;243;247;249;258;261;265;271;272;275;277;278;285;291;295;296;297;298;299;303;304;305;310;311;315;316;317;324;326;328;330;332;334;337;339;341;344;347;351;355;358;364;366;370;371;373;374;376;378;379;382;383;387;388;390;391;392;393;397;410;412;420;421;425;426;438;448;449;450;453;457;467;468;472;473;477;479;480;481;483;484;486;488;489;494;495;497;501;502;503;506;507;513;514;519;521;522;524;526;528;529;531;539;542;546;547;549;550;552;562;563;564;566;569;570;578;580;585;589;596;601;604;605;608;613;617;618;624;628;629;631;633;635;637;638;643;645;647;649;653;656;657;662;664;665;667;673;674;675;678;680;683;685;686;688;694;699;705;706;707;714;716;717;718;724;729;730;736;739;740;741;742;743;744;746;747;748;749;750;754;755;757;759;761;765;766;767;770;773;776;782;787;790;791;792;801;802;810;811;813;819;825;826;829;830;831;834;835;836;837;838;843;846;853;854;855;864;866;869;870;872;873;874;877;881;882;886;896;897;898;901;904;909;911;912;915;917;920;921;922;924;926;927;928;929;930;935;938;942;945;947;949;958;960;961;963;964;967;971;973;975;976;978;981;983;993;994;997;1007;1009;1011;1012;1014;1017;1021;1025;1028;1029;1031;1035;1036;1043;1048;1057;1059;1062;1064;1067;1069;1071;1073;1075;1077;1078;1080;1082;1085;1086;1091;1093;1096;1097;1100;1103;1106;1108;1115;1116;1117;1119;1121;1123;1124;1126;1132;1133;1135;1137;1142;1143;1147;1149;1152;1154;1156;1157;1160;1161;1163;1167;1174;1177;1178;1179;1191;1193;1198;1199;1208;1211;1215;1219;1220;1221;1223;1224;1226;1227;1230;1231;1233;1234;1235;1236;1237;1239;1241;1242;1245;1248;1250;1251;1256;1258;1260;1263;1268;1269;1271;1272;1273;1275;1284;1286;1287;1292;1301;1307;1310;1311;1312;1313;1314;1318;1326;1327;1332;1333;1336;1339;1342;1343;1344;1345;1347;1350;1354;1356;1357;1361;1362;1369;1373;1375;1382;1386;1388;1389;1391;1394;1404;1406;1408;1412;1418;1419;1424;1426;1432;1433;1434;1441;1442;1443;1444;1447;1450;1455;1458;1459;1462;1463;1466;1470;1471;1472;1474;1476;1479;1480;1483;1490;1492;1504;1506;1513;1514;1515;1518;1519;1521;1530;1531;1535;1536;1541;1544;1545;1550;1551;1552;1555;1556;1557;1562;1563;1565;1566;1567;1569;1570;1573;1575;1578;1580;1585;1587;1597;1600;1603;1608;1611;1614;1615;1619;1621;1627;1630;1631;1633;1635;1638;1641;1642;1644;1648;1652;1653;1655;1657;1658;1659;1664;1665;1667;1668;1671;1673;1674;1678;1680;1682;1689;1691;1692;1697;1700;1701;1704;1708;1711;1713;1714;1716;1717;1719;1721;1722;1723;1725;1726;1727;1729;1730;1737;1742;1744;1749;1753;1760;1761;1763;1767;1769;1780;1784;1786;1787;1788;1793;1802;1804;1806;1809;1811;1812;1813;1817;1818;1822;1826;1828;1833;1838;1840;1841;1842;1845;1846;1847;1861;1871;1872;1875;1879;1880;1882;1884;1886;1887;1890;1891;1893;1895;1896;1899;1904;1905;1906;1915;1916;1917;1920;1922;1925;1930;1931;1933;1935;1936;1941;1950;1954;1955;1956;1957;1959;1962;1965;1968;1969;1972;1978;1981;1982;1987;1998,286.42615720815957
0.4,ColonCancer,16,0.11380307692307685,0.8884615384615385,676,2000,5;6;7;10;25;28;29;31;35;39;44;45;55;56;57;58;61;62;65;67;74;77;80;83;87;89;90;95;97;101;103;105;106;107;110;111;112;114;116;126;127;128;142;144;147;149;150;153;156;159;166;168;169;170;175;178;180;182;183;184;186;187;191;195;199;200;202;206;209;211;212;218;219;224;227;232;233;238;245;247;249;252;255;260;263;268;269;273;274;275;276;279;282;283;284;285;287;289;292;293;294;295;299;303;305;307;311;312;313;315;318;319;322;323;324;326;331;338;340;344;346;349;350;353;358;359;368;372;373;374;375;376;380;381;385;397;398;400;402;403;408;409;414;420;421;429;430;433;437;445;446;447;450;452;457;459;461;462;466;469;472;474;475;476;482;483;490;492;493;499;501;505;507;509;510;513;519;520;523;524;531;532;534;537;542;544;547;548;551;552;558;559;562;563;564;566;567;568;572;573;578;581;582;586;587;591;597;599;606;607;609;611;612;613;616;619;621;626;628;629;630;631;633;636;637;642;644;645;646;647;649;650;651;658;661;663;667;684;685;689;690;693;694;697;700;703;705;706;710;717;718;719;720;722;723;724;730;731;733;734;736;737;740;743;745;747;748;750;752;758;761;763;765;773;781;784;785;787;788;789;791;793;794;796;801;808;809;810;811;812;814;821;824;825;826;829;833;837;840;841;844;845;850;853;854;856;862;864;865;867;868;876;881;882;885;891;892;894;896;897;898;903;914;919;921;930;933;935;938;939;941;943;944;946;947;952;956;962;963;969;970;975;979;983;985;986;987;991;993;996;1003;1005;1015;1030;1035;1037;1039;1040;1043;1044;1045;1046;1053;1056;1058;1059;1062;1064;1065;1067;1070;1071;1073;1076;1077;1079;1084;1086;1094;1096;1098;1100;1102;1103;1104;1106;1108;1110;1111;1113;1115;1116;1123;1124;1126;1129;1130;1133;1140;1141;1145;1146;1149;1150;1152;1154;1157;1162;1165;1166;1167;1172;1173;1184;1186;1188;1189;1190;1194;1195;1196;1204;1206;1207;1210;1214;1220;1221;1223;1226;1227;1231;1234;1237;1242;1244;1247;1248;1249;1251;1255;1256;1260;1261;1264;1274;1275;1287;1288;1289;1292;1297;1300;1305;1311;1312;1313;1318;1323;1324;1326;1333;1334;1336;1340;1342;1345;1347;1349;1354;1358;1359;1363;1364;1365;1368;1369;1371;1375;1377;1382;1386;1388;1392;1397;1399;1402;1403;1404;1405;1407;1417;1418;1419;1428;1430;1432;1438;1439;1446;1449;1450;1456;1460;1461;1467;1468;1472;1475;1477;1478;1479;1482;1483;1485;1487;1490;1503;1508;1509;1512;1519;1524;1526;1527;1528;1532;1533;1534;1539;1543;1544;1546;1547;1548;1549;1554;1555;1557;1563;1564;1567;1569;1572;1573;1580;1591;1593;1607;1621;1625;1629;1631;1635;1637;1639;1641;1642;1649;1657;1658;1661;1663;1666;1668;1669;1670;1673;1674;1688;1691;1692;1696;1697;1700;1705;1707;1715;1716;1718;1722;1723;1725;1726;1727;1733;1736;1739;1740;1743;1746;1750;1751;1752;1753;1755;1756;1757;1759;1761;1762;1763;1768;1769;1771;1776;1783;1784;1786;1787;1790;1792;1794;1795;1796;1805;1807;1809;1815;1817;1826;1827;1830;1832;1838;1841;1842;1845;1847;1855;1856;1866;1868;1870;1880;1886;1889;1891;1892;1894;1896;1898;1899;1911;1912;1919;1923;1930;1931;1932;1933;1939;1942;1943;1945;1946;1947;1949;1950;1960;1961;1962;1963;1969;1970;1973;1975;1980;1981;1982;1985;1987;1989;1995;1997;1998,289.82041145907715
0.4,ColonCancer,17,0.1126888461538461,0.8897435897435898,707,2000,2;4;5;8;10;11;13;15;17;22;23;25;30;32;34;38;39;40;41;42;43;48;50;51;52;54;56;58;62;63;65;70;72;74;79;81;82;84;85;87;93;94;95;98;101;104;115;116;117;119;123;124;125;128;131;137;138;140;143;144;146;148;151;153;154;159;164;166;168;169;170;171;176;177;180;185;195;200;201;202;205;208;216;217;221;227;229;230;235;236;244;245;246;250;253;257;258;263;268;274;275;278;279;280;284;285;288;294;295;296;299;300;301;305;306;307;312;314;315;316;317;325;328;331;339;341;349;351;353;354;357;358;359;368;372;374;376;380;381;382;387;388;392;394;396;399;403;405;407;410;414;416;417;418;419;420;423;427;428;433;435;438;441;443;444;450;454;461;463;465;469;471;476;478;479;480;481;482;484;485;492;494;495;499;502;504;505;506;507;508;511;514;516;520;524;525;526;527;528;530;546;551;557;558;561;567;568;570;573;580;588;592;593;600;611;614;623;630;631;632;639;641;645;647;648;649;652;653;657;658;661;668;674;681;682;686;688;695;697;702;703;704;706;707;708;710;713;716;718;724;725;727;732;735;736;737;738;741;744;749;750;756;757;759;761;762;763;774;777;780;781;788;791;794;795;796;797;798;800;801;807;813;814;816;817;821;825;832;836;840;841;847;850;853;859;860;861;865;868;870;872;873;876;879;884;889;890;891;894;896;897;903;904;906;909;912;913;915;920;922;925;928;930;931;932;933;935;939;944;945;946;947;950;952;953;955;957;960;963;964;969;974;975;977;980;983;986;987;988;989;990;992;993;994;997;999;1001;1002;1003;1005;1008;1009;1012;1023;1028;1029;1032;1035;1037;1043;1045;1046;1048;1051;1056;1057;1060;1070;1071;1080;1081;1084;1090;1093;1095;1096;1097;1098;1101;1103;1104;1108;1111;1113;1114;1115;1126;1130;1131;1132;1133;1138;1142;1144;1145;1146;1147;1149;1152;1154;1155;1156;1162;1163;1166;1171;1175;1176;1177;1178;1181;1182;1183;1184;1191;1192;1193;1197;1200;1202;1203;1205;1207;1209;1211;1213;1214;1222;1225;1226;1227;1233;1235;1238;1239;1243;1245;1248;1251;1254;1256;1260;1262;1264;1265;1266;1268;1273;1274;1279;1280;1281;1286;1289;1290;1294;1296;1298;1305;1308;1309;1312;1314;1318;1322;1324;1325;1333;1337;1339;1340;1345;1346;1348;1349;1350;1351;1353;1356;1359;1360;1363;1365;1367;1372;1375;1378;1381;1384;1391;1393;1394;1403;1405;1412;1413;1415;1420;1423;1430;1432;1434;1436;1437;1440;1441;1447;1448;1449;1450;1453;1458;1459;1462;1463;1464;1465;1469;1470;1475;1480;1482;1483;1491;1492;1493;1498;1499;1500;1504;1506;1509;1512;1515;1521;1522;1528;1532;1533;1538;1541;1543;1546;1559;1560;1561;1562;1572;1573;1577;1578;1583;1584;1587;1592;1594;1595;1599;1601;1603;1605;1607;1609;1623;1628;1633;1636;1640;1643;1645;1647;1652;1654;1668;1669;1670;1672;1673;1674;1675;1677;1680;1686;1689;1693;1698;1701;1703;1704;1707;1711;1712;1716;1717;1722;1723;1725;1728;1729;1730;1731;1732;1734;1736;1737;1739;1742;1745;1746;1749;1750;1753;1755;1763;1765;1766;1767;1769;1775;1776;1779;1784;1786;1794;1802;1803;1807;1811;1812;1814;1816;1818;1829;1830;1831;1841;1842;1846;1848;1850;1853;1854;1855;1856;1857;1859;1861;1862;1864;1865;1873;1875;1877;1884;1887;1889;1893;1897;1898;1902;1907;1912;1914;1916;1918;1920;1926;1927;1929;1930;1934;1937;1938;1941;1943;1945;1946;1949;1950;1953;1954;1956;1958;1959;1964;1967;1969;1973;1977;1978;1979;1981;1988;1990;1996;1997;1998,289.40061108302325
0.4,ColonCancer,18,0.14701807692307695,0.8551282051282051,719,2000,0;1;4;5;6;14;16;19;26;27;31;41;42;44;45;46;47;49;50;51;52;57;58;65;67;68;69;71;74;75;81;83;84;87;89;94;97;98;105;110;112;113;114;124;129;133;136;137;138;140;142;143;145;146;150;162;166;173;181;183;184;187;188;189;190;199;202;203;206;209;212;220;222;224;227;239;242;244;245;247;250;251;256;257;258;259;265;275;276;289;292;293;295;297;300;301;302;307;308;314;315;316;317;319;320;327;328;329;332;334;336;337;338;343;346;347;349;351;352;354;359;365;366;370;380;383;384;385;386;388;390;391;393;397;401;403;410;411;412;413;416;418;420;421;423;439;441;443;444;445;446;453;455;460;461;462;464;465;468;474;479;485;488;490;494;495;496;499;502;503;506;510;513;517;520;528;530;531;533;536;537;538;539;543;544;546;549;552;553;559;562;564;572;579;581;582;583;589;590;593;594;595;596;599;607;613;615;621;624;630;631;632;633;635;636;640;643;644;647;648;656;658;659;663;665;666;668;675;676;680;681;682;683;685;689;697;700;701;703;706;711;712;719;720;725;727;728;731;737;738;741;742;743;745;749;752;753;754;757;758;759;760;764;765;770;775;776;778;779;782;783;786;787;790;791;792;794;797;799;803;806;809;811;812;815;817;818;821;822;823;824;825;834;836;838;842;843;845;850;855;862;864;866;868;872;873;874;876;877;883;889;890;892;896;897;898;901;906;907;908;909;915;916;918;919;922;924;925;929;932;935;942;948;950;959;962;965;969;977;981;982;987;988;990;994;996;1002;1004;1007;1008;1009;1012;1013;1014;1015;1018;1021;1027;1028;1031;1032;1037;1039;1045;1046;1047;1048;1050;1052;1055;1058;1060;1063;1064;1066;1073;1074;1081;1083;1085;1086;1089;1091;1096;1097;1104;1106;1111;1113;1114;1115;1119;1123;1124;1127;1131;1133;1137;1139;1141;1148;1152;1155;1157;1160;1161;1162;1164;1165;1166;1167;1170;1180;1181;1192;1198;1200;1204;1206;1207;1209;1210;1213;1216;1221;1224;1226;1227;1229;1230;1233;1235;1241;1242;1243;1245;1246;1248;1251;1254;1256;1257;1259;1261;1263;1266;1268;1269;1270;1271;1276;1277;1278;1281;1282;1283;1287;1289;1292;1293;1295;1296;1298;1299;1301;1303;1307;1310;1311;1313;1320;1324;1325;1331;1333;1335;1337;1339;1345;1346;1350;1353;1355;1357;1361;1365;1366;1367;1368;1369;1370;1371;1372;1374;1376;1378;1380;1381;1385;1399;1406;1409;1410;1413;1414;1415;1416;1417;1418;1420;1422;1424;1425;1428;1429;1431;1433;1435;1443;1446;1447;1449;1450;1451;1452;1457;1458;1460;1472;1481;1486;1487;1490;1491;1493;1495;1496;1499;1501;1503;1504;1507;1510;1511;1512;1518;1519;1520;1521;1522;1523;1524;1527;1544;1545;1546;1552;1556;1559;1560;1566;1571;1572;1574;1585;1593;1594;1596;1597;1604;1606;1607;1610;1613;1614;1622;1625;1626;1628;1629;1631;1632;1633;1636;1639;1644;1646;1648;1649;1652;1657;1658;1664;1671;1673;1678;1685;1686;1687;1692;1694;1696;1700;1701;1702;1705;1706;1707;1710;1711;1713;1718;1720;1723;1725;1726;1727;1728;1735;1739;1740;1741;1745;1746;1747;1751;1753;1756;1757;1759;1761;1764;1771;1772;1773;1777;1783;1785;1789;1793;1794;1796;1805;1808;1813;1815;1819;1824;1826;1827;1829;1832;1834;1836;1839;1842;1843;1845;1846;1848;1849;1850;1855;1859;1861;1864;1865;1870;1873;1875;1880;1883;1884;1895;1896;1897;1898;1899;1901;1904;1905;1906;1907;1914;1915;1922;1923;1925;1926;1927;1929;1932;1933;1936;1938;1939;1946;1949;1952;1954;1955;1956;1957;1959;1960;1961;1962;1964;1966;1968;1973;1975;1981;1982;1983;1984;1988;1994;1996,292.452222999651
0.4,ColonCancer,19,0.1634530769230769,0.8384615384615385,706,2000,2;6;7;9;11;16;17;19;20;21;25;33;35;37;38;39;40;41;42;44;45;50;55;59;62;63;65;66;67;75;78;81;87;94;99;101;103;107;109;110;112;114;117;119;126;127;128;130;131;132;135;136;141;143;146;151;161;162;163;164;167;170;171;175;178;179;181;182;183;186;197;200;201;206;208;214;215;220;223;225;230;232;236;242;244;245;250;254;255;257;258;261;262;263;266;268;275;276;277;278;279;282;285;286;287;289;296;297;298;299;301;305;307;308;311;312;313;315;317;320;321;329;330;331;332;335;337;338;340;341;343;345;347;350;351;357;358;363;364;366;367;368;371;373;375;377;378;379;380;384;387;391;393;394;397;398;408;414;416;417;418;420;429;431;435;436;438;443;448;449;454;456;458;461;462;463;466;468;470;474;475;478;479;480;481;494;495;498;500;502;503;504;506;513;514;520;521;524;525;527;531;533;535;536;538;539;548;552;553;555;561;562;563;571;578;584;588;589;590;592;596;599;600;603;609;610;612;615;618;620;621;623;625;626;628;630;633;638;639;640;641;644;648;650;655;656;657;660;665;667;668;669;670;678;681;684;685;688;691;697;698;700;705;710;714;718;719;720;721;723;728;729;731;732;733;735;738;741;743;745;747;753;754;764;765;777;778;779;781;785;786;788;791;792;793;794;797;799;800;802;803;804;805;811;815;817;818;823;828;829;831;832;836;837;841;842;847;850;852;854;856;857;858;865;870;873;876;877;879;891;892;895;898;901;903;905;907;909;911;912;914;915;919;928;930;938;939;941;942;948;949;951;954;955;958;960;969;974;979;982;986;988;989;990;991;992;998;1001;1002;1003;1005;1006;1009;1013;1021;1023;1028;1029;1039;1041;1046;1048;1049;1050;1052;1063;1064;1066;1068;1071;1077;1079;1085;1087;1088;1091;1092;1093;1095;1097;1098;1099;1100;1105;1107;1110;1114;1117;1119;1124;1128;1129;1130;1133;1136;1141;1144;1146;1148;1153;1156;1157;1160;1163;1165;1172;1173;1175;1177;1180;1181;1182;1184;1190;1201;1202;1205;1211;1212;1213;1214;1217;1221;1225;1226;1227;1229;1230;1232;1233;1235;1239;1241;1242;1243;1244;1246;1248;1254;1257;1258;1259;1261;1262;1263;1264;1265;1271;1274;1278;1283;1287;1295;1298;1300;1302;1303;1304;1305;1307;1310;1314;1315;1316;1318;1320;1322;1328;1335;1337;1340;1344;1345;1347;1348;1355;1356;1359;1360;1361;1364;1367;1369;1370;1372;1374;1382;1384;1385;1388;1395;1399;1401;1403;1405;1415;1421;1422;1424;1427;1429;1440;1441;1446;1447;1449;1451;1471;1473;1476;1478;1485;1492;1495;1496;1498;1499;1506;1507;1515;1516;1518;1519;1526;1529;1531;1533;1536;1540;1541;1547;1559;1562;1563;1566;1567;1569;1577;1583;1586;1588;1594;1597;1599;1600;1601;1604;1608;1610;1611;1612;1615;1618;1619;1620;1621;1622;1624;1626;1627;1634;1635;1638;1639;1641;1644;1645;1648;1651;1652;1653;1656;1657;1658;1660;1661;1662;1663;1664;1665;1670;1671;1672;1675;1676;1682;1684;1689;1697;1700;1701;1704;1706;1707;1708;1710;1711;1712;1714;1717;1723;1724;1725;1727;1730;1740;1751;1760;1765;1769;1770;1771;1774;1777;1778;1779;1784;1785;1789;1801;1803;1805;1810;1812;1816;1818;1822;1823;1825;1830;1833;1834;1843;1845;1846;1851;1858;1861;1864;1866;1867;1870;1871;1872;1877;1879;1883;1886;1887;1892;1896;1903;1906;1910;1911;1912;1913;1914;1918;1921;1923;1926;1932;1933;1934;1935;1937;1946;1947;1949;1955;1957;1965;1966;1968;1973;1977;1979;1980;1983;1990;1991;1992;1994;1998;1999,292.2247291249223
0.4,ColonCancer,20,0.14722807692307696,0.8551282051282051,761,2000,7;8;13;14;15;18;19;20;22;23;24;27;28;30;31;32;36;38;39;40;41;42;43;44;46;47;48;50;53;54;56;59;63;64;66;70;72;79;80;82;83;84;89;91;93;94;95;96;98;100;102;106;107;108;112;114;117;120;123;127;128;130;134;137;139;140;146;148;154;155;157;158;159;162;164;166;168;174;175;178;181;186;190;191;193;194;198;202;205;206;210;211;213;214;220;222;224;225;226;228;230;231;232;233;235;237;248;256;257;262;263;268;269;270;271;273;280;283;288;290;292;301;302;303;304;307;308;309;310;312;313;314;316;317;318;319;320;322;327;329;331;336;338;340;345;346;353;354;358;359;361;371;372;376;377;379;381;382;383;387;388;389;390;392;394;395;396;397;404;407;408;409;410;412;414;416;419;422;424;428;430;431;436;437;439;443;445;450;451;453;456;457;462;464;467;473;474;478;479;480;483;488;491;492;494;496;498;502;504;508;509;510;514;515;519;520;524;527;528;535;536;540;544;546;547;548;552;553;557;558;559;565;567;570;572;573;574;576;580;582;583;588;589;593;594;599;600;603;607;609;614;616;620;624;629;633;635;636;639;647;649;650;655;657;663;667;669;670;676;677;679;681;683;686;688;692;695;697;699;703;706;707;710;716;718;727;729;730;731;733;736;738;741;745;747;751;755;758;759;760;761;768;770;772;773;775;777;779;780;785;788;790;797;802;804;806;811;813;815;817;820;821;824;825;827;828;829;835;837;838;853;854;855;856;860;861;863;864;865;873;876;878;879;881;883;889;893;895;896;897;898;899;903;904;906;908;909;915;917;920;921;922;925;927;928;930;933;934;938;940;945;947;949;954;956;957;959;965;967;969;970;976;980;981;982;994;995;996;1000;1004;1005;1006;1008;1012;1017;1018;1019;1022;1027;1033;1038;1039;1040;1042;1046;1050;1056;1057;1061;1063;1065;1066;1072;1073;1076;1078;1083;1084;1086;1088;1090;1093;1094;1095;1098;1099;1101;1103;1110;1111;1114;1120;1124;1125;1131;1133;1135;1139;1141;1143;1146;1148;1149;1150;1156;1159;1160;1164;1167;1168;1171;1174;1179;1184;1186;1189;1192;1193;1196;1205;1210;1214;1215;1216;1225;1230;1234;1243;1245;1249;1254;1257;1260;1264;1265;1274;1278;1281;1282;1283;1284;1285;1287;1288;1290;1291;1296;1299;1300;1306;1309;1310;1311;1316;1318;1323;1324;1326;1327;1329;1330;1331;1335;1336;1337;1339;1341;1342;1345;1349;1350;1351;1355;1356;1358;1365;1366;1367;1370;1373;1374;1377;1379;1383;1388;1390;1391;1392;1396;1397;1399;1400;1401;1402;1408;1410;1411;1413;1414;1415;1416;1418;1424;1430;1431;1436;1437;1439;1440;1441;1444;1449;1452;1455;1456;1457;1460;1465;1468;1471;1472;1474;1479;1481;1482;1483;1484;1488;1490;1493;1505;1506;1508;1510;1514;1522;1523;1524;1526;1528;1530;1534;1537;1539;1540;1541;1542;1544;1545;1546;1548;1556;1562;1564;1565;1569;1570;1573;1575;1578;1579;1580;1581;1583;1586;1587;1593;1596;1597;1598;1603;1605;1609;1611;1613;1615;1616;1618;1621;1622;1624;1625;1627;1628;1629;1630;1632;1634;1635;1636;1637;1639;1644;1645;1647;1654;1662;1667;1668;1670;1671;1676;1678;1681;1682;1683;1686;1689;1690;1692;1693;1697;1699;1700;1702;1703;1709;1711;1712;1715;1716;1718;1719;1720;1723;1724;1725;1727;1729;1730;1733;1735;1738;1743;1747;1750;1751;1753;1754;1755;1761;1762;1765;1767;1769;1772;1773;1775;1777;1778;1779;1782;1783;1784;1787;1794;1804;1806;1809;1810;1813;1815;1816;1822;1824;1825;1827;1830;1831;1836;1838;1839;1841;1846;1847;1850;1854;1857;1858;1860;1861;1864;1865;1866;1867;1869;1876;1877;1883;1884;1891;1892;1896;1900;1901;1902;1907;1908;1913;1917;1930;1935;1937;1945;1948;1949;1955;1958;1960;1967;1969;1973;1976;1986;1987;1988;1989;1990;1995;1997;1998,291.4328875830397
0.4,ColonCancer,21,0.09862730769230768,0.9038461538461539,687,2000,3;4;5;8;13;14;18;19;24;25;28;30;34;37;38;39;40;42;44;46;48;49;50;52;55;57;61;65;66;71;72;74;77;78;80;84;85;86;90;95;96;97;98;101;104;107;110;111;115;118;119;120;123;134;135;142;143;145;146;148;151;156;157;162;166;171;173;175;176;180;183;185;186;194;197;204;210;214;221;223;225;226;229;233;234;235;242;243;244;245;246;252;253;254;259;261;262;268;269;272;273;275;276;277;278;283;285;286;287;288;294;296;298;301;303;304;305;307;313;315;317;321;332;333;336;337;338;339;342;343;344;346;350;352;355;356;361;364;366;369;374;376;378;382;390;395;397;399;402;405;407;409;410;414;415;416;417;421;424;426;427;428;429;431;432;433;440;441;443;445;449;452;457;458;463;468;471;473;474;477;483;484;485;488;491;492;495;496;498;499;500;506;507;508;509;520;521;526;527;535;536;539;545;546;548;549;552;553;556;566;568;570;571;572;580;583;586;587;588;592;599;601;611;617;620;623;628;629;632;652;655;658;660;663;664;666;672;673;677;678;679;681;683;686;687;690;691;692;702;703;706;711;717;718;720;721;728;733;736;738;740;743;745;748;751;752;755;761;764;765;767;769;771;774;776;777;779;780;783;788;789;790;800;801;804;807;812;814;815;817;818;820;822;823;834;843;844;852;853;856;860;861;863;865;873;875;878;879;884;886;891;895;900;903;904;905;908;910;917;921;932;934;943;944;947;953;956;967;971;973;974;975;976;985;987;991;992;995;998;1003;1005;1007;1009;1011;1013;1017;1018;1022;1023;1024;1028;1032;1036;1039;1043;1046;1047;1051;1054;1057;1060;1061;1062;1063;1065;1071;1074;1076;1077;1082;1083;1086;1087;1089;1094;1097;1100;1107;1108;1109;1110;1113;1114;1118;1125;1131;1135;1137;1138;1144;1145;1149;1152;1157;1160;1161;1162;1167;1172;1180;1181;1185;1186;1187;1191;1195;1197;1198;1200;1201;1204;1208;1209;1210;1214;1223;1225;1227;1229;1234;1236;1238;1239;1240;1242;1243;1244;1250;1251;1254;1262;1264;1268;1275;1280;1282;1284;1293;1297;1302;1304;1305;1310;1311;1315;1321;1322;1323;1324;1327;1329;1332;1333;1337;1339;1342;1344;1345;1346;1349;1350;1353;1354;1360;1365;1367;1368;1369;1371;1374;1375;1378;1384;1385;1386;1390;1399;1404;1407;1409;1410;1412;1416;1417;1421;1423;1427;1429;1439;1442;1444;1446;1447;1448;1449;1456;1462;1465;1473;1477;1482;1485;1486;1488;1489;1491;1492;1495;1497;1498;1500;1501;1505;1507;1509;1510;1512;1513;1515;1516;1517;1520;1524;1525;1530;1533;1536;1537;1538;1542;1545;1548;1552;1553;1556;1557;1562;1563;1564;1569;1571;1572;1575;1577;1578;1579;1580;1582;1583;1585;1586;1589;1599;1606;1607;1608;1609;1611;1612;1615;1623;1635;1638;1639;1640;1641;1642;1644;1648;1656;1657;1660;1663;1666;1667;1668;1669;1670;1672;1676;1680;1683;1688;1697;1700;1703;1705;1706;1707;1710;1715;1716;1719;1721;1727;1729;1730;1731;1734;1736;1743;1749;1752;1753;1755;1759;1760;1763;1768;1769;1776;1778;1779;1782;1789;1791;1793;1794;1801;1806;1807;1808;1811;1813;1814;1815;1821;1825;1830;1832;1836;1840;1845;1846;1847;1849;1855;1857;1858;1862;1865;1866;1871;1874;1878;1879;1880;1882;1884;1885;1889;1892;1894;1896;1899;1903;1904;1911;1913;1916;1917;1921;1924;1926;1927;1928;1932;1937;1947;1948;1949;1953;1954;1956;1957;1958;1961;1962;1966;1969;1971;1973;1977;1979;1981;1985;1986,296.22797104204074
0.4,ColonCancer,22,0.11519730769230761,0.8871794871794872,701,2000,2;10;12;13;14;15;16;19;20;21;25;32;33;37;38;42;48;50;51;52;55;56;57;58;62;69;70;75;76;77;78;84;88;90;91;92;95;97;103;109;111;112;114;116;118;120;122;124;125;130;131;135;136;140;141;143;155;160;163;164;169;173;177;179;181;185;186;187;189;197;200;202;206;207;210;213;215;221;243;244;246;247;250;251;252;255;264;265;267;272;278;279;284;286;290;296;297;298;302;310;317;322;324;325;327;332;333;335;339;340;347;349;355;356;358;359;367;369;371;372;373;374;376;382;393;395;396;398;409;412;414;415;423;427;429;432;434;437;439;442;443;448;450;457;460;462;468;470;472;477;478;479;480;481;484;485;487;488;489;492;496;497;502;503;504;505;507;508;509;513;514;516;520;523;525;529;530;536;540;542;548;549;550;551;553;554;555;559;563;564;567;568;569;571;573;574;578;582;584;585;590;591;594;595;598;599;602;608;610;613;614;618;619;620;621;622;625;626;627;629;631;633;636;637;638;639;641;643;651;652;657;658;659;665;666;667;669;671;672;679;680;683;684;685;689;690;691;693;698;700;704;705;709;712;715;716;718;719;725;729;731;733;738;753;754;758;759;768;769;773;774;778;779;784;787;789;791;804;809;811;814;818;821;822;823;826;828;829;830;831;832;834;841;842;847;848;851;852;855;857;862;863;866;868;871;874;881;882;885;890;892;893;894;897;900;901;908;909;919;923;927;930;932;934;935;939;940;944;946;947;951;956;958;960;962;963;966;973;981;983;984;985;986;987;992;994;996;997;1003;1008;1011;1012;1015;1016;1019;1023;1026;1028;1029;1034;1036;1040;1041;1043;1044;1045;1046;1047;1051;1053;1057;1059;1060;1061;1062;1063;1066;1067;1068;1069;1070;1072;1074;1075;1076;1077;1084;1085;1090;1094;1098;1100;1103;1104;1108;1110;1113;1119;1123;1124;1127;1132;1133;1134;1136;1137;1148;1149;1151;1152;1153;1155;1157;1159;1160;1161;1167;1173;1174;1176;1178;1181;1186;1189;1190;1191;1194;1197;1207;1209;1213;1214;1215;1216;1217;1218;1221;1223;1226;1228;1230;1234;1237;1238;1240;1241;1243;1245;1246;1247;1248;1253;1254;1260;1265;1267;1271;1278;1282;1286;1290;1294;1301;1302;1303;1306;1308;1311;1312;1314;1324;1325;1326;1330;1331;1333;1334;1337;1339;1340;1343;1347;1348;1353;1354;1355;1359;1363;1364;1368;1369;1370;1374;1376;1377;1378;1380;1381;1386;1388;1389;1390;1397;1398;1400;1401;1402;1404;1405;1410;1412;1413;1415;1416;1420;1427;1431;1440;1441;1443;1447;1454;1456;1458;1459;1463;1465;1475;1476;1479;1481;1487;1488;1492;1493;1496;1497;1509;1511;1513;1515;1526;1527;1534;1535;1536;1545;1551;1559;1563;1567;1571;1572;1574;1576;1577;1580;1582;1586;1592;1593;1598;1600;1601;1603;1613;1615;1617;1623;1626;1628;1632;1633;1634;1636;1638;1642;1644;1645;1647;1649;1650;1651;1652;1656;1657;1663;1664;1665;1668;1670;1671;1673;1677;1679;1681;1688;1691;1703;1704;1705;1706;1717;1719;1720;1724;1725;1726;1728;1733;1738;1739;1743;1748;1753;1756;1760;1764;1765;1766;1773;1779;1781;1785;1790;1793;1796;1800;1803;1807;1810;1813;1814;1822;1829;1836;1841;1842;1844;1853;1855;1857;1858;1862;1863;1864;1865;1866;1867;1870;1875;1876;1878;1881;1884;1885;1886;1887;1888;1890;1891;1893;1895;1896;1897;1898;1899;1900;1903;1905;1906;1911;1912;1917;1918;1920;1922;1932;1933;1935;1936;1937;1938;1945;1948;1950;1954;1956;1962;1964;1971;1977;1979;1981;1982;1987;1991;1996;1997;1998;1999,298.44236695813015
0.4,ColonCancer,23,0.19635307692307688,0.8051282051282052,686,2000,2;4;10;11;12;16;17;19;24;28;31;32;38;39;40;42;43;44;46;50;51;54;56;58;59;60;61;67;69;71;74;84;85;88;89;91;92;95;98;106;107;108;109;111;112;113;114;116;126;128;129;132;137;140;141;145;150;154;157;161;163;165;169;170;171;172;173;175;179;187;188;196;197;198;201;202;214;222;225;227;228;231;233;234;238;241;244;250;252;253;255;263;264;265;268;270;271;275;282;284;289;294;295;296;298;303;305;312;313;316;320;322;330;331;336;340;344;347;352;353;356;357;361;363;366;371;372;375;376;378;381;388;390;400;404;412;415;416;422;425;428;430;431;432;436;437;444;445;448;451;454;455;459;461;476;477;482;487;488;490;491;492;497;503;507;508;509;511;513;514;519;523;526;528;529;530;531;534;535;538;541;543;545;547;548;551;553;555;558;561;564;567;570;573;574;580;583;584;585;591;595;596;600;605;606;609;612;613;616;619;623;624;626;630;635;638;639;640;641;644;648;654;657;658;660;662;664;666;670;671;676;680;681;686;688;690;692;694;697;698;699;700;701;708;709;716;719;721;723;724;727;728;732;733;734;737;738;739;741;746;749;754;755;757;761;762;769;771;772;774;776;781;785;790;791;795;796;797;798;800;805;807;808;812;815;816;820;821;822;825;828;829;831;836;843;845;846;847;858;860;862;863;865;868;869;871;874;877;878;881;882;890;892;898;899;905;907;908;913;915;918;920;937;946;954;959;960;963;964;966;969;974;975;976;978;982;987;988;989;992;995;998;1000;1001;1003;1004;1005;1007;1012;1015;1018;1021;1023;1025;1028;1032;1039;1046;1047;1050;1054;1055;1060;1061;1062;1064;1070;1072;1075;1079;1081;1082;1084;1085;1090;1096;1099;1105;1110;1111;1115;1116;1117;1118;1123;1127;1128;1129;1130;1133;1135;1138;1140;1141;1144;1150;1153;1154;1157;1165;1166;1174;1176;1179;1183;1184;1186;1187;1189;1202;1213;1217;1218;1219;1226;1228;1229;1232;1233;1235;1237;1238;1240;1244;1246;1247;1249;1256;1257;1258;1262;1263;1264;1265;1269;1274;1277;1279;1282;1283;1291;1293;1294;1296;1298;1300;1302;1314;1315;1316;1321;1322;1323;1326;1327;1328;1330;1336;1338;1345;1346;1348;1350;1353;1361;1364;1369;1371;1373;1374;1377;1379;1387;1391;1395;1396;1398;1399;1400;1403;1408;1410;1414;1415;1419;1420;1423;1426;1429;1432;1434;1438;1439;1441;1442;1445;1447;1448;1450;1451;1454;1463;1467;1471;1473;1474;1486;1487;1488;1489;1490;1491;1492;1495;1497;1499;1501;1502;1504;1506;1508;1510;1512;1514;1515;1517;1518;1520;1522;1524;1527;1528;1529;1530;1531;1533;1546;1557;1558;1560;1562;1564;1565;1569;1571;1573;1577;1579;1580;1582;1583;1584;1585;1586;1590;1591;1595;1598;1604;1605;1606;1607;1609;1611;1612;1613;1616;1619;1620;1630;1632;1633;1634;1637;1638;1641;1643;1645;1646;1652;1655;1656;1659;1661;1663;1667;1673;1676;1677;1678;1684;1685;1688;1694;1696;1697;1698;1701;1703;1707;1717;1722;1723;1724;1727;1728;1729;1733;1736;1737;1741;1746;1747;1749;1751;1754;1755;1758;1760;1763;1771;1774;1776;1781;1783;1787;1794;1800;1802;1812;1813;1817;1820;1823;1828;1829;1835;1836;1837;1840;1842;1844;1846;1849;1850;1852;1855;1861;1864;1866;1873;1884;1885;1886;1889;1890;1893;1894;1897;1898;1900;1906;1910;1914;1916;1918;1922;1931;1934;1935;1937;1940;1942;1949;1950;1956;1958;1967;1971;1972;1973;1974;1992;1993;1996;1999,297.9876805827953
0.4,ColonCancer,24,0.11652153846153838,0.885897435897436,712,2000,0;2;3;6;9;12;13;18;21;22;23;24;26;28;30;31;32;33;35;36;41;42;46;49;53;54;57;61;62;63;66;67;69;70;73;77;81;84;85;90;91;93;98;99;101;106;112;113;114;116;118;120;121;126;132;133;135;136;137;141;142;150;153;155;156;157;165;166;167;168;170;172;174;175;180;181;184;185;188;198;200;204;206;208;213;217;219;220;221;227;232;240;247;253;260;266;271;274;275;277;282;283;296;298;302;305;308;309;314;318;320;322;324;331;332;334;335;336;349;355;356;358;361;363;364;367;371;380;381;383;384;389;391;392;394;395;397;398;400;402;409;410;414;416;417;421;422;423;431;434;436;457;458;464;469;470;471;473;474;475;476;477;479;487;488;490;494;496;499;500;501;506;507;509;511;513;514;515;519;520;525;530;531;532;534;538;541;543;546;548;551;557;560;575;576;580;581;584;588;589;597;600;601;603;604;609;613;614;616;621;623;624;628;634;635;637;638;640;641;644;652;654;657;658;662;668;670;672;679;685;687;690;692;693;694;697;701;702;706;709;715;717;722;723;724;732;733;736;738;739;745;751;752;755;760;761;762;763;764;765;768;769;777;778;783;786;787;789;791;795;796;797;800;801;808;812;821;824;826;827;829;830;832;833;835;840;841;845;847;854;856;858;861;863;865;866;868;869;871;874;875;879;881;883;886;888;890;891;894;895;896;897;899;903;905;909;912;914;917;919;922;923;925;926;927;936;937;940;941;942;944;945;953;954;963;964;969;972;975;979;986;988;992;993;997;1002;1003;1005;1006;1007;1016;1017;1018;1019;1020;1021;1022;1025;1035;1041;1042;1045;1050;1054;1057;1058;1061;1064;1066;1074;1075;1076;1077;1080;1084;1086;1090;1093;1094;1095;1097;1098;1102;1105;1108;1110;1112;1113;1114;1117;1119;1124;1126;1131;1135;1137;1139;1142;1146;1148;1151;1152;1158;1160;1161;1165;1169;1173;1175;1178;1180;1181;1182;1186;1189;1190;1192;1193;1195;1196;1202;1204;1205;1214;1215;1216;1217;1218;1219;1223;1230;1231;1232;1235;1236;1238;1242;1244;1246;1248;1250;1254;1257;1258;1261;1267;1269;1271;1272;1273;1274;1276;1281;1282;1285;1286;1287;1289;1290;1292;1297;1298;1300;1303;1304;1312;1314;1316;1321;1323;1324;1326;1327;1328;1330;1332;1338;1339;1345;1348;1351;1355;1356;1357;1364;1369;1371;1372;1377;1381;1383;1384;1385;1386;1389;1390;1394;1395;1399;1405;1409;1414;1415;1418;1426;1430;1432;1437;1441;1443;1448;1449;1450;1452;1458;1461;1462;1466;1467;1468;1469;1471;1475;1477;1484;1485;1486;1494;1495;1502;1503;1506;1513;1515;1517;1518;1520;1521;1523;1524;1527;1528;1530;1534;1535;1536;1541;1543;1545;1547;1549;1551;1556;1559;1562;1564;1565;1566;1568;1569;1574;1580;1582;1585;1587;1588;1589;1590;1597;1598;1600;1601;1602;1603;1604;1605;1608;1616;1618;1624;1627;1631;1633;1634;1635;1636;1638;1642;1643;1652;1655;1657;1659;1660;1662;1663;1664;1671;1672;1675;1676;1682;1683;1685;1687;1699;1701;1705;1708;1711;1713;1714;1717;1718;1723;1726;1727;1730;1731;1733;1745;1746;1750;1751;1753;1759;1762;1764;1768;1769;1770;1772;1775;1777;1778;1780;1782;1785;1787;1794;1795;1798;1804;1806;1808;1809;1811;1816;1818;1819;1820;1822;1823;1825;1832;1836;1842;1845;1848;1850;1851;1852;1855;1856;1860;1862;1863;1865;1867;1868;1870;1874;1876;1878;1881;1885;1887;1898;1902;1909;1912;1917;1920;1922;1924;1925;1926;1932;1933;1936;1944;1953;1954;1955;1956;1957;1960;1963;1968;1972;1973;1975;1977;1983;1985;1987;1989;1992;1993;1994;1996;1998,300.28986924979836
0.4,ColonCancer,25,0.11383307692307686,0.8884615384615385,682,2000,5;6;8;14;15;20;23;25;26;30;35;38;43;48;52;53;54;61;62;63;67;70;71;74;75;78;84;91;92;94;96;104;105;113;114;118;119;131;132;135;136;137;138;145;147;148;150;154;157;158;163;165;167;169;173;175;179;180;183;185;186;187;188;189;190;193;198;202;205;206;213;215;220;221;225;227;231;234;235;236;238;241;243;244;247;252;254;265;267;274;276;278;282;283;284;287;311;314;315;317;320;322;326;335;338;341;342;344;346;349;350;352;358;359;360;361;374;376;378;380;383;386;389;392;393;394;395;398;402;405;406;407;409;413;418;421;423;427;428;432;436;442;444;445;449;450;453;454;462;466;468;469;473;474;475;478;484;487;490;493;498;502;506;507;508;510;522;523;526;528;529;535;538;541;542;549;550;551;553;555;556;558;559;560;566;570;571;574;575;576;578;581;586;587;588;589;597;599;600;603;604;607;610;611;612;613;614;617;618;620;623;627;629;634;636;638;640;643;645;646;654;655;658;661;662;663;666;668;669;671;672;673;676;679;681;682;686;687;688;689;692;693;699;702;710;713;714;717;718;725;729;731;732;734;736;739;740;744;746;748;751;753;755;757;758;759;761;766;767;771;776;778;780;783;788;791;792;794;798;809;812;814;815;817;818;820;821;822;823;824;825;829;835;837;841;848;850;852;854;856;861;869;877;878;880;882;884;885;890;891;896;897;902;905;910;914;915;922;924;925;928;934;936;937;940;947;948;952;956;963;965;967;969;970;972;974;975;983;986;988;990;992;995;996;1001;1002;1004;1008;1012;1013;1019;1020;1023;1029;1030;1033;1035;1036;1037;1040;1043;1046;1048;1056;1059;1061;1062;1064;1065;1070;1072;1074;1076;1077;1084;1090;1094;1098;1099;1103;1104;1105;1106;1108;1109;1112;1114;1115;1116;1119;1120;1122;1129;1130;1131;1133;1137;1138;1140;1142;1143;1144;1145;1147;1148;1149;1150;1153;1157;1158;1160;1164;1167;1172;1173;1174;1175;1186;1188;1192;1193;1195;1197;1198;1200;1205;1206;1207;1211;1212;1213;1219;1223;1227;1228;1231;1233;1243;1246;1257;1259;1261;1269;1270;1272;1278;1280;1283;1285;1289;1290;1295;1296;1298;1305;1309;1310;1315;1323;1324;1326;1327;1328;1329;1331;1337;1338;1341;1344;1346;1349;1351;1356;1357;1364;1367;1371;1374;1381;1394;1395;1396;1399;1403;1404;1412;1414;1417;1420;1425;1431;1433;1436;1437;1441;1442;1446;1451;1456;1463;1464;1465;1468;1474;1481;1484;1485;1486;1490;1494;1503;1507;1510;1511;1515;1523;1524;1525;1527;1528;1531;1532;1533;1535;1538;1542;1544;1545;1549;1556;1557;1558;1560;1561;1562;1565;1574;1575;1576;1578;1579;1580;1582;1583;1585;1587;1588;1589;1590;1594;1596;1597;1601;1603;1604;1605;1608;1613;1618;1623;1625;1627;1628;1629;1630;1631;1632;1633;1635;1642;1647;1648;1650;1659;1666;1667;1671;1673;1676;1678;1682;1686;1688;1689;1691;1693;1694;1697;1706;1707;1711;1717;1718;1722;1726;1728;1732;1733;1735;1739;1745;1747;1749;1751;1758;1765;1766;1770;1771;1773;1774;1779;1784;1792;1795;1799;1800;1804;1807;1810;1813;1815;1816;1818;1821;1823;1824;1827;1828;1842;1846;1850;1851;1870;1871;1872;1874;1875;1877;1879;1880;1881;1882;1885;1886;1889;1890;1891;1896;1897;1902;1903;1906;1910;1913;1918;1919;1921;1924;1925;1928;1930;1932;1933;1934;1941;1945;1948;1950;1960;1962;1965;1968;1975;1980;1981;1982;1986;1990;1994;1997;1998,297.8615529583767
0.4,ColonCancer,26,0.11379307692307686,0.8884615384615385,674,2000,2;3;4;7;9;10;14;15;16;17;18;31;32;33;34;37;40;42;43;47;48;55;56;57;59;61;63;66;68;70;71;72;73;74;76;79;83;86;89;90;92;98;106;109;110;112;116;120;121;122;123;128;130;132;133;134;138;141;145;152;154;158;162;163;164;167;168;169;171;173;182;183;185;187;188;191;192;194;197;198;200;203;204;208;211;214;217;220;222;224;225;226;230;231;233;234;239;240;242;243;244;251;255;259;263;268;270;273;280;281;284;290;293;294;295;301;305;306;309;311;312;315;317;319;321;323;324;326;334;337;338;340;341;342;345;349;350;357;359;367;368;371;374;377;378;381;385;390;400;401;406;407;408;410;413;414;415;417;420;428;434;436;437;438;450;452;453;457;458;461;463;469;470;476;480;481;482;485;488;490;497;500;502;504;519;522;525;526;528;529;535;536;539;544;553;554;555;558;561;573;575;579;580;583;585;586;588;589;593;594;599;600;601;605;610;612;617;618;620;621;622;631;638;640;648;653;654;655;657;658;659;663;671;672;676;677;678;679;683;684;685;693;699;701;706;711;712;715;716;719;721;722;724;730;731;732;733;734;735;742;744;747;748;751;753;755;758;760;765;769;771;772;773;776;779;782;783;785;796;800;803;807;810;813;822;823;825;827;828;829;831;835;849;851;861;865;867;868;874;879;881;882;884;889;890;894;896;901;903;907;908;909;911;922;926;929;935;943;947;949;952;954;956;959;961;963;965;967;972;973;974;975;976;977;983;984;987;988;994;995;997;1002;1006;1016;1030;1031;1034;1036;1038;1040;1041;1046;1048;1050;1052;1058;1065;1084;1085;1087;1092;1093;1095;1096;1097;1101;1114;1115;1116;1119;1127;1130;1145;1147;1148;1149;1151;1156;1159;1160;1162;1164;1165;1167;1173;1178;1179;1182;1184;1188;1195;1197;1198;1201;1202;1204;1208;1209;1213;1216;1222;1225;1226;1227;1229;1235;1238;1241;1243;1247;1248;1251;1254;1257;1259;1260;1261;1262;1271;1272;1273;1274;1276;1277;1284;1285;1292;1296;1300;1301;1305;1306;1307;1312;1316;1318;1322;1323;1327;1328;1329;1331;1337;1338;1340;1345;1347;1354;1356;1357;1366;1367;1369;1371;1376;1377;1380;1381;1384;1385;1391;1392;1393;1394;1396;1400;1401;1402;1403;1404;1405;1410;1413;1420;1426;1430;1432;1435;1436;1438;1439;1442;1448;1455;1458;1461;1463;1464;1466;1467;1468;1469;1475;1479;1482;1487;1488;1490;1491;1494;1496;1498;1504;1509;1510;1512;1515;1518;1519;1520;1522;1523;1524;1527;1528;1529;1530;1531;1533;1535;1539;1541;1545;1546;1548;1550;1555;1556;1562;1565;1570;1578;1580;1582;1588;1589;1599;1600;1601;1605;1607;1619;1622;1623;1624;1628;1629;1631;1635;1638;1639;1640;1641;1642;1645;1646;1647;1657;1661;1662;1665;1670;1675;1676;1682;1684;1686;1689;1692;1697;1700;1704;1705;1714;1721;1723;1729;1730;1732;1735;1736;1737;1740;1741;1746;1747;1748;1753;1756;1758;1761;1762;1764;1765;1766;1768;1777;1779;1782;1785;1787;1790;1793;1797;1801;1803;1807;1809;1811;1816;1817;1821;1827;1829;1831;1833;1836;1839;1841;1842;1847;1848;1849;1855;1860;1861;1866;1870;1874;1876;1877;1884;1885;1886;1888;1891;1893;1903;1905;1907;1910;1911;1913;1914;1916;1921;1925;1926;1927;1930;1933;1938;1939;1942;1944;1945;1946;1947;1952;1953;1955;1959;1963;1964;1966;1970;1971;1972;1974;1982;1983;1989;1991;1999,305.30641245795414
0.4,ColonCancer,27,0.11770576923076916,0.8846153846153847,695,2000,0;2;4;6;15;17;18;19;21;22;25;26;31;35;39;42;43;45;47;48;50;53;55;56;57;59;65;73;78;81;83;84;86;89;91;92;93;94;95;96;97;98;102;104;111;114;119;128;129;133;134;142;143;147;159;160;161;163;167;173;174;179;180;181;182;184;186;187;190;192;194;195;199;201;205;211;213;219;220;221;224;225;226;229;231;234;237;246;249;251;256;257;263;264;270;272;275;276;277;279;280;282;284;287;289;296;297;298;300;302;304;306;309;310;312;315;317;318;324;328;332;333;335;337;340;344;354;364;365;366;367;371;373;374;376;381;383;384;390;394;401;405;408;411;420;429;436;439;440;443;444;450;452;462;464;466;467;476;479;481;487;488;489;490;491;504;505;508;509;511;518;519;525;526;539;540;541;542;543;546;549;555;556;560;561;567;571;578;585;587;589;590;594;597;601;603;607;610;612;613;614;615;622;625;632;634;644;648;649;650;652;653;657;658;662;665;667;669;679;680;683;689;693;694;696;709;711;714;717;718;720;723;735;738;739;743;747;750;755;760;761;764;765;767;768;775;777;779;781;784;785;786;788;793;795;798;800;801;805;808;809;810;812;813;822;827;828;829;830;832;833;837;839;844;848;849;851;852;856;860;861;868;870;872;876;879;883;884;887;894;899;900;902;905;906;909;911;912;913;915;917;920;922;925;937;939;953;955;960;962;964;967;970;972;973;975;976;977;981;982;984;986;989;990;991;994;995;1003;1010;1011;1012;1014;1020;1021;1025;1026;1030;1032;1034;1037;1039;1040;1042;1046;1047;1049;1050;1051;1052;1054;1056;1060;1063;1064;1067;1068;1069;1070;1073;1075;1078;1082;1085;1087;1088;1089;1090;1092;1102;1103;1104;1105;1113;1127;1130;1132;1136;1140;1142;1149;1152;1153;1154;1155;1157;1160;1166;1167;1171;1173;1175;1178;1179;1184;1188;1190;1202;1205;1210;1215;1217;1218;1219;1225;1226;1227;1229;1231;1232;1235;1238;1240;1243;1246;1249;1250;1252;1257;1259;1260;1261;1262;1263;1264;1267;1271;1273;1276;1284;1286;1287;1292;1293;1297;1303;1305;1306;1309;1311;1312;1313;1316;1318;1323;1324;1327;1328;1329;1336;1337;1338;1339;1344;1346;1348;1352;1356;1364;1365;1369;1376;1379;1381;1383;1385;1388;1391;1392;1399;1400;1401;1404;1412;1415;1418;1419;1423;1425;1427;1429;1431;1432;1433;1435;1437;1438;1440;1445;1448;1458;1462;1463;1465;1467;1472;1474;1475;1476;1478;1479;1480;1483;1487;1492;1493;1497;1505;1506;1508;1516;1517;1518;1524;1529;1530;1531;1536;1537;1538;1541;1542;1543;1546;1547;1548;1550;1551;1554;1559;1560;1561;1565;1567;1568;1574;1576;1579;1582;1587;1590;1591;1594;1599;1600;1602;1604;1605;1608;1609;1610;1611;1618;1622;1628;1629;1634;1635;1637;1642;1643;1648;1649;1650;1651;1652;1661;1663;1665;1667;1668;1669;1670;1671;1672;1673;1674;1677;1678;1679;1680;1683;1686;1688;1700;1701;1708;1711;1715;1719;1721;1722;1725;1731;1738;1741;1747;1748;1749;1751;1757;1764;1765;1766;1768;1772;1774;1783;1784;1785;1787;1791;1793;1794;1796;1797;1798;1802;1804;1807;1816;1817;1819;1828;1829;1835;1836;1837;1841;1842;1843;1845;1850;1852;1853;1856;1857;1866;1867;1872;1877;1881;1882;1883;1887;1892;1893;1896;1897;1898;1899;1902;1904;1906;1907;1908;1909;1912;1913;1914;1915;1917;1918;1919;1922;1925;1930;1931;1933;1935;1936;1939;1942;1947;1949;1955;1957;1959;1962;1964;1966;1967;1969;1973;1974;1977;1978;1979;1982;1984;1985;1987;1992;1993;1994;1996,305.00964070810005
0.4,ColonCancer,28,0.1964330769230769,0.8051282051282052,702,2000,1;6;12;13;22;31;34;38;40;41;43;48;51;52;56;59;61;62;64;65;66;67;69;71;72;75;76;79;81;82;87;92;94;95;100;102;104;106;110;114;117;122;123;129;130;133;137;139;147;148;158;161;165;167;170;172;173;180;183;185;186;188;190;194;195;198;202;203;211;212;214;216;220;221;228;231;232;236;239;240;242;247;248;251;252;253;258;263;264;266;267;272;276;278;282;296;299;300;301;305;307;308;313;317;318;330;332;339;346;349;352;353;354;355;356;357;358;363;368;373;377;382;385;387;388;390;393;399;402;404;410;412;413;415;417;418;420;421;423;425;427;428;429;430;431;435;440;444;445;449;450;452;454;455;457;458;467;468;470;472;473;474;484;486;487;489;491;494;495;496;503;504;506;507;509;514;515;517;519;520;522;524;526;527;528;530;541;547;550;552;554;559;560;566;574;579;580;583;585;588;594;595;596;605;607;609;611;614;615;620;621;622;625;628;631;633;634;640;641;642;645;647;651;653;655;657;662;663;670;671;673;674;680;683;685;690;692;694;695;698;704;708;709;713;723;724;729;730;736;737;738;739;742;744;750;754;756;757;760;763;764;768;769;771;773;774;779;781;783;791;792;793;797;802;805;809;810;811;812;814;823;829;830;832;833;834;835;837;838;839;840;841;847;850;856;860;862;864;865;869;870;871;872;875;879;880;884;886;891;893;896;897;899;902;903;906;917;924;927;930;931;935;938;947;948;949;953;956;958;959;960;965;972;979;982;983;991;994;995;996;998;1000;1001;1002;1003;1004;1013;1021;1022;1024;1027;1033;1034;1036;1037;1039;1040;1041;1045;1046;1047;1048;1051;1052;1059;1061;1062;1063;1066;1068;1071;1085;1092;1098;1099;1100;1102;1103;1107;1108;1109;1118;1119;1125;1127;1128;1129;1134;1137;1138;1139;1141;1142;1144;1146;1149;1152;1153;1158;1160;1161;1166;1175;1178;1180;1184;1186;1188;1189;1198;1199;1205;1211;1212;1214;1216;1219;1220;1222;1223;1224;1230;1232;1233;1236;1237;1240;1241;1243;1244;1250;1251;1253;1254;1263;1266;1272;1280;1285;1287;1295;1297;1299;1302;1303;1304;1307;1310;1312;1313;1315;1316;1317;1318;1328;1331;1332;1334;1335;1337;1338;1340;1342;1344;1351;1352;1353;1355;1358;1359;1360;1362;1368;1369;1370;1372;1378;1382;1386;1393;1394;1396;1399;1402;1407;1409;1411;1412;1415;1423;1427;1428;1433;1436;1437;1439;1440;1441;1445;1447;1452;1458;1465;1466;1468;1469;1474;1478;1481;1482;1484;1495;1499;1503;1505;1508;1509;1512;1514;1517;1518;1520;1526;1529;1531;1533;1535;1542;1544;1545;1546;1553;1556;1558;1563;1564;1565;1566;1570;1571;1576;1578;1583;1585;1590;1591;1592;1596;1600;1601;1608;1610;1613;1627;1628;1630;1633;1635;1638;1640;1641;1643;1647;1648;1649;1653;1665;1666;1667;1668;1669;1672;1674;1678;1679;1680;1684;1689;1692;1696;1698;1700;1702;1706;1707;1711;1713;1715;1720;1721;1730;1733;1736;1738;1742;1746;1756;1757;1758;1760;1761;1765;1766;1767;1768;1771;1781;1782;1786;1788;1792;1794;1795;1796;1799;1801;1805;1807;1811;1813;1814;1816;1817;1819;1820;1824;1825;1827;1829;1832;1835;1839;1840;1849;1853;1854;1858;1860;1862;1866;1868;1872;1873;1875;1876;1878;1879;1882;1883;1884;1885;1886;1890;1891;1892;1894;1895;1898;1902;1905;1914;1915;1916;1917;1918;1919;1920;1921;1925;1926;1927;1936;1937;1938;1941;1945;1946;1947;1949;1951;1957;1958;1959;1962;1963;1966;1968;1969;1971;1974;1975;1976;1977;1979;1980;1985;1987;1989;1996;1997;1998;1999,300.4471585834399
0.4,ColonCancer,29,0.12918884615384627,0.873076923076923,707,2000,5;12;14;16;18;20;23;24;27;30;31;32;36;38;40;42;46;47;52;53;55;57;64;65;69;71;73;74;78;83;84;85;87;90;93;98;100;105;106;107;115;116;120;125;126;128;131;134;135;138;139;140;142;143;146;156;157;159;160;163;167;171;183;187;190;191;194;195;200;202;208;209;210;211;213;218;225;226;229;230;231;234;240;241;242;243;247;249;256;259;261;263;266;270;274;275;281;282;283;285;286;287;288;290;291;298;301;304;308;309;311;312;315;316;321;323;331;337;338;342;344;347;348;349;350;353;354;359;364;366;367;372;374;376;380;384;386;391;392;395;400;401;402;405;409;416;417;423;426;430;432;435;438;439;440;441;442;444;446;447;449;453;454;460;470;471;472;473;479;484;490;494;495;498;501;506;508;513;515;519;523;525;527;528;529;534;536;537;540;541;543;548;550;554;555;556;558;560;564;567;575;576;580;582;585;589;590;595;598;599;600;601;604;606;607;608;610;611;612;615;617;620;622;624;626;630;631;633;634;646;647;648;649;650;651;655;658;666;668;670;673;677;678;685;686;688;690;694;700;701;707;716;720;728;731;733;735;736;737;739;748;749;750;751;757;759;760;763;768;772;779;782;785;792;795;798;801;802;806;807;808;809;811;812;815;817;821;822;825;826;828;829;830;834;841;842;848;853;858;860;861;866;871;872;876;878;880;883;888;891;892;896;899;900;902;903;905;907;913;916;917;918;921;929;930;932;936;937;940;941;944;949;950;952;953;954;955;956;958;959;960;961;962;965;969;973;974;975;980;988;989;991;992;993;994;997;1000;1001;1003;1005;1007;1013;1019;1021;1022;1031;1032;1035;1036;1038;1041;1046;1048;1054;1057;1058;1062;1071;1076;1077;1088;1092;1096;1097;1102;1109;1117;1118;1135;1138;1139;1141;1143;1150;1152;1153;1154;1155;1161;1163;1164;1166;1167;1170;1175;1179;1180;1183;1187;1188;1192;1193;1196;1198;1200;1202;1203;1206;1210;1211;1214;1216;1219;1221;1222;1225;1226;1227;1230;1237;1240;1243;1247;1248;1265;1269;1271;1276;1278;1279;1286;1288;1292;1295;1296;1298;1301;1302;1303;1306;1308;1309;1312;1313;1314;1316;1319;1323;1324;1329;1331;1334;1337;1342;1343;1344;1346;1348;1351;1354;1356;1363;1365;1369;1371;1372;1373;1379;1380;1381;1385;1386;1387;1394;1395;1404;1410;1413;1415;1417;1419;1420;1423;1425;1427;1433;1435;1436;1438;1441;1444;1445;1448;1449;1451;1452;1454;1456;1460;1461;1462;1463;1464;1467;1468;1469;1470;1472;1476;1479;1481;1482;1488;1493;1497;1501;1502;1506;1507;1509;1514;1517;1521;1523;1525;1526;1527;1529;1543;1544;1546;1547;1548;1549;1550;1551;1554;1559;1561;1564;1568;1569;1572;1574;1575;1582;1583;1584;1585;1587;1588;1590;1591;1593;1596;1599;1600;1601;1604;1605;1613;1614;1615;1616;1622;1623;1625;1626;1627;1629;1630;1631;1632;1635;1642;1643;1649;1653;1654;1655;1656;1659;1660;1662;1667;1669;1671;1673;1675;1678;1679;1681;1683;1684;1685;1688;1691;1701;1702;1703;1704;1709;1712;1716;1726;1728;1731;1732;1733;1734;1739;1742;1747;1748;1751;1752;1754;1757;1758;1759;1761;1763;1766;1767;1771;1772;1777;1784;1789;1794;1797;1798;1799;1802;1804;1806;1810;1812;1817;1821;1823;1825;1826;1828;1830;1832;1835;1837;1838;1842;1847;1852;1853;1854;1855;1856;1858;1864;1868;1877;1878;1885;1888;1890;1895;1898;1901;1910;1911;1913;1916;1918;1925;1926;1928;1929;1931;1932;1934;1935;1940;1943;1945;1950;1957;1962;1965;1967;1969;1971;1973;1976;1984;1993;1994;1995;1996,301.5196482082829
0.4,Leukemia,0,0.01748645837500495,0.9857142857142858,1194,3571,0;3;4;6;7;8;10;11;12;14;19;21;23;24;25;26;28;33;35;42;45;46;48;50;57;62;64;68;75;76;77;78;80;94;100;103;107;110;111;113;118;119;121;123;124;125;127;131;133;135;142;148;149;151;160;165;167;168;170;178;182;183;188;190;195;196;198;199;200;206;209;211;213;217;218;219;225;226;231;232;234;238;239;240;241;243;246;247;252;256;258;272;273;275;282;283;286;289;291;294;299;301;302;307;309;310;318;321;322;326;328;338;342;353;356;357;363;364;367;369;371;376;379;380;382;392;394;396;398;399;404;405;408;410;412;413;414;417;418;422;425;426;427;431;435;440;446;449;451;453;456;458;460;464;466;469;470;477;478;481;488;489;490;491;492;493;494;496;497;498;500;505;506;507;511;514;520;521;522;531;532;536;539;541;545;546;556;561;563;564;565;572;574;576;578;585;588;589;590;596;598;600;603;604;606;607;610;611;617;618;621;622;623;626;633;635;641;645;649;653;655;658;664;667;668;671;673;674;675;678;679;683;690;695;698;703;711;712;715;716;718;722;723;724;725;730;735;737;745;750;756;759;762;771;772;776;779;785;789;791;792;801;802;803;805;811;815;819;821;822;827;832;839;842;843;844;846;847;849;854;856;859;863;864;868;870;873;875;883;886;889;895;898;906;907;908;909;911;917;922;923;925;929;931;937;940;942;946;950;951;953;955;957;963;979;980;985;986;989;998;999;1006;1008;1011;1012;1022;1024;1025;1026;1032;1036;1039;1049;1052;1057;1061;1062;1064;1066;1076;1077;1078;1082;1083;1084;1086;1087;1092;1096;1098;1099;1100;1106;1113;1117;1118;1119;1129;1130;1131;1135;1136;1140;1147;1148;1150;1154;1159;1161;1168;1173;1175;1176;1177;1180;1182;1187;1192;1196;1197;1201;1202;1208;1212;1216;1217;1220;1223;1225;1226;1227;1231;1232;1233;1237;1239;1243;1244;1248;1250;1253;1258;1261;1262;1264;1265;1267;1268;1270;1276;1278;1279;1281;1282;1289;1290;1292;1295;1298;1311;1322;1323;1324;1325;1328;1330;1335;1336;1339;1340;1347;1349;1353;1355;1356;1360;1362;1366;1372;1373;1375;1378;1382;1386;1387;1389;1392;1393;1399;1401;1405;1409;1410;1413;1414;1415;1423;1424;1425;1426;1432;1440;1442;1446;1449;1457;1458;1459;1463;1465;1466;1469;1475;1478;1481;1482;1485;1486;1487;1488;1495;1496;1502;1507;1508;1510;1511;1512;1519;1521;1523;1526;1527;1528;1530;1533;1535;1536;1539;1540;1542;1548;1549;1551;1557;1558;1564;1566;1569;1572;1576;1578;1582;1583;1584;1586;1592;1597;1600;1607;1609;1617;1619;1621;1625;1628;1631;1633;1638;1646;1647;1653;1655;1656;1661;1662;1663;1670;1672;1681;1685;1688;1694;1695;1697;1699;1700;1701;1702;1706;1707;1710;1711;1713;1715;1719;1720;1722;1727;1729;1732;1739;1740;1742;1749;1752;1756;1762;1765;1767;1769;1770;1778;1779;1783;1784;1785;1786;1792;1794;1797;1807;1817;1818;1825;1828;1829;1830;1834;1835;1836;1837;1839;1842;1843;1849;1851;1854;1859;1866;1868;1869;1870;1871;1872;1873;1881;1884;1885;1893;1899;1908;1913;1914;1916;1919;1921;1922;1923;1924;1925;1926;1928;1929;1931;1932;1933;1934;1936;1939;1941;1944;1953;1962;1971;1973;1974;1981;1987;1992;1996;1997;1998;1999;2000;2001;2003;2004;2006;2010;2019;2020;2026;2037;2038;2040;2042;2045;2046;2059;2060;2064;2065;2066;2067;2072;2073;2078;2080;2081;2084;2091;2094;2095;2101;2104;2109;2110;2114;2117;2118;2119;2124;2126;2127;2140;2142;2144;2145;2146;2149;2150;2154;2155;2158;2162;2163;2169;2170;2172;2178;2179;2190;2193;2194;2199;2201;2202;2203;2208;2209;2213;2215;2219;2224;2228;2234;2238;2239;2244;2250;2252;2253;2259;2263;2264;2265;2267;2269;2273;2282;2284;2285;2286;2290;2291;2293;2300;2302;2303;2304;2307;2308;2317;2318;2323;2325;2329;2332;2334;2338;2340;2341;2342;2343;2346;2347;2348;2352;2359;2360;2363;2364;2367;2373;2388;2389;2390;2391;2393;2400;2401;2402;2403;2405;2406;2407;2408;2409;2411;2415;2424;2429;2432;2435;2444;2450;2454;2456;2457;2459;2461;2463;2467;2473;2475;2477;2478;2479;2480;2482;2490;2491;2493;2495;2501;2504;2506;2509;2512;2514;2515;2516;2517;2519;2521;2522;2525;2527;2528;2536;2538;2542;2543;2547;2552;2558;2559;2560;2562;2563;2568;2569;2570;2574;2575;2576;2579;2583;2584;2586;2588;2591;2593;2596;2597;2603;2604;2605;2608;2609;2610;2614;2618;2619;2620;2623;2624;2626;2629;2638;2641;2642;2643;2656;2657;2658;2660;2669;2670;2675;2678;2679;2681;2684;2685;2686;2688;2691;2692;2693;2697;2699;2700;2703;2705;2706;2708;2710;2711;2715;2716;2717;2719;2723;2729;2730;2733;2735;2738;2739;2740;2743;2745;2753;2761;2762;2763;2765;2766;2771;2774;2775;2776;2785;2787;2791;2793;2795;2799;2801;2805;2814;2816;2818;2825;2829;2830;2832;2833;2834;2837;2839;2841;2842;2846;2851;2852;2855;2857;2860;2865;2871;2872;2874;2875;2876;2878;2879;2883;2884;2887;2891;2894;2896;2897;2898;2900;2903;2905;2908;2909;2911;2915;2923;2924;2928;2935;2937;2942;2945;2947;2948;2951;2960;2962;2965;2968;2970;2974;2984;2988;2989;2993;2994;2996;2997;2998;3002;3004;3005;3008;3010;3011;3013;3015;3017;3018;3026;3027;3029;3030;3031;3034;3037;3040;3043;3044;3050;3051;3053;3054;3055;3057;3062;3065;3068;3070;3071;3075;3077;3078;3079;3081;3084;3085;3089;3094;3095;3096;3098;3102;3106;3110;3115;3117;3118;3119;3121;3122;3123;3124;3125;3145;3146;3147;3151;3155;3157;3165;3173;3177;3185;3186;3188;3189;3192;3194;3198;3200;3202;3204;3205;3206;3208;3209;3212;3213;3215;3217;3220;3223;3225;3229;3230;3239;3240;3243;3244;3247;3249;3250;3252;3253;3254;3255;3261;3266;3267;3270;3272;3275;3276;3277;3294;3299;3301;3302;3303;3312;3315;3316;3317;3319;3320;3321;3322;3324;3325;3327;3329;3333;3337;3338;3339;3341;3342;3347;3348;3357;3358;3360;3368;3369;3378;3383;3386;3388;3389;3397;3400;3402;3403;3407;3409;3415;3417;3418;3424;3425;3426;3428;3439;3441;3444;3447;3451;3452;3453;3455;3458;3462;3463;3471;3479;3480;3483;3484;3487;3492;3495;3496;3497;3502;3506;3508;3509;3510;3512;3513;3515;3517;3519;3520;3529;3530;3534;3535;3536;3537;3538;3540;3545;3546;3548;3550;3553;3554;3558;3564;3565;3566;3569;3570,374.8887195829302
0.4,Leukemia,1,0.017525663079569497,0.9857142857142858,1208,3571,3;4;6;7;10;17;21;24;29;34;38;42;44;45;46;47;51;59;66;68;71;80;82;83;89;91;92;96;98;99;101;104;107;111;112;113;118;119;123;127;130;133;140;141;144;145;146;147;151;155;156;157;159;172;175;176;177;183;184;186;190;191;201;205;206;208;213;215;216;217;220;222;223;226;227;232;233;235;237;239;243;244;251;253;255;257;261;262;266;267;274;280;282;285;287;288;290;295;297;298;304;309;312;316;319;320;321;325;326;333;335;337;339;340;341;347;352;355;357;358;367;370;375;377;383;387;388;389;393;394;400;402;403;407;417;421;423;426;427;429;430;432;433;434;439;440;445;449;451;452;455;457;461;463;465;467;469;473;474;475;476;481;486;490;492;494;495;499;502;504;507;510;517;529;534;537;538;540;541;544;546;549;552;554;557;558;559;567;569;570;572;574;576;577;579;582;583;584;585;587;589;591;600;601;602;603;607;608;610;613;614;616;622;628;638;639;640;644;647;654;655;656;659;660;661;663;665;668;670;672;675;676;678;679;680;684;685;686;687;692;694;695;697;699;700;706;708;710;712;713;715;719;720;721;723;724;727;728;732;733;735;738;742;759;761;766;768;772;775;778;783;784;787;791;795;797;801;805;806;807;810;811;812;814;816;821;829;831;835;837;838;839;841;842;845;846;847;855;860;863;864;866;873;876;879;880;881;883;886;892;893;899;903;904;906;910;911;913;916;917;919;923;924;927;931;932;939;940;941;943;945;947;950;954;955;957;959;961;965;966;967;969;971;972;974;978;984;985;989;990;991;992;993;1004;1024;1029;1036;1038;1040;1048;1054;1065;1066;1070;1072;1073;1080;1084;1090;1091;1092;1094;1096;1097;1099;1101;1104;1110;1115;1116;1124;1126;1127;1130;1134;1136;1137;1145;1146;1147;1148;1153;1154;1159;1161;1168;1174;1175;1177;1178;1180;1181;1182;1183;1186;1188;1192;1195;1196;1199;1201;1207;1208;1209;1215;1216;1217;1218;1220;1224;1228;1230;1232;1234;1235;1239;1241;1244;1246;1248;1249;1251;1258;1260;1261;1263;1264;1265;1267;1269;1271;1277;1280;1283;1284;1288;1289;1291;1294;1297;1298;1304;1305;1308;1311;1319;1322;1328;1331;1333;1335;1336;1337;1338;1339;1340;1341;1343;1348;1349;1351;1352;1355;1357;1358;1361;1362;1363;1364;1371;1374;1375;1378;1385;1386;1391;1392;1395;1399;1400;1402;1407;1408;1409;1410;1412;1416;1420;1422;1423;1424;1428;1432;1434;1435;1438;1442;1445;1451;1452;1455;1456;1459;1462;1463;1464;1465;1469;1470;1471;1472;1480;1481;1484;1489;1497;1506;1508;1515;1516;1522;1525;1529;1535;1537;1538;1539;1541;1549;1552;1553;1554;1556;1558;1562;1566;1571;1575;1579;1580;1581;1582;1584;1585;1586;1591;1592;1593;1594;1598;1599;1607;1611;1612;1613;1614;1616;1617;1619;1620;1621;1624;1626;1630;1633;1635;1638;1640;1641;1646;1647;1648;1649;1651;1653;1655;1660;1661;1662;1665;1667;1674;1684;1687;1692;1695;1700;1705;1706;1708;1711;1712;1713;1714;1716;1717;1719;1724;1728;1733;1736;1743;1747;1749;1752;1753;1755;1759;1760;1767;1768;1771;1776;1778;1781;1784;1794;1797;1799;1800;1802;1803;1807;1808;1809;1814;1827;1830;1832;1834;1838;1839;1841;1843;1847;1848;1849;1852;1853;1854;1856;1857;1859;1863;1867;1869;1870;1873;1874;1879;1880;1882;1883;1890;1902;1903;1904;1905;1906;1912;1914;1918;1922;1926;1930;1932;1934;1935;1936;1948;1949;1950;1954;1955;1960;1962;1963;1965;1967;1968;1970;1973;1975;1976;1985;1986;1990;1995;1996;2003;2009;2010;2016;2018;2020;2028;2029;2030;2032;2035;2036;2038;2039;2046;2047;2048;2049;2050;2055;2058;2062;2063;2064;2070;2071;2072;2073;2074;2076;2077;2078;2084;2086;2087;2088;2092;2094;2096;2098;2099;2102;2103;2104;2112;2114;2116;2117;2118;2120;2131;2132;2135;2141;2146;2147;2149;2150;2153;2154;2158;2165;2169;2170;2171;2172;2179;2185;2190;2196;2197;2203;2204;2205;2206;2207;2209;2214;2216;2217;2219;2222;2225;2227;2228;2234;2235;2237;2239;2241;2245;2249;2254;2256;2261;2266;2270;2272;2273;2277;2280;2281;2284;2285;2296;2298;2299;2300;2301;2304;2305;2308;2316;2323;2324;2326;2327;2328;2332;2334;2336;2339;2341;2352;2354;2357;2358;2362;2372;2376;2379;2384;2391;2392;2393;2394;2396;2404;2406;2409;2412;2421;2422;2423;2424;2426;2427;2432;2433;2436;2439;2441;2443;2444;2449;2453;2454;2457;2460;2466;2467;2469;2473;2475;2476;2477;2481;2487;2488;2493;2496;2502;2506;2509;2513;2514;2516;2517;2518;2519;2521;2522;2525;2529;2530;2532;2533;2537;2545;2546;2553;2554;2557;2562;2569;2570;2571;2572;2574;2579;2584;2586;2587;2590;2592;2595;2598;2599;2603;2604;2612;2613;2614;2616;2618;2624;2625;2629;2634;2636;2638;2645;2647;2648;2649;2656;2657;2660;2663;2668;2670;2671;2673;2677;2679;2685;2686;2687;2688;2693;2697;2698;2704;2711;2715;2720;2722;2728;2730;2731;2733;2734;2739;2741;2743;2746;2749;2750;2764;2765;2773;2777;2778;2779;2788;2791;2792;2796;2797;2799;2801;2806;2808;2809;2816;2817;2821;2829;2830;2833;2837;2846;2847;2848;2851;2856;2859;2865;2870;2874;2876;2879;2888;2889;2890;2903;2905;2907;2909;2916;2927;2930;2933;2934;2941;2942;2943;2947;2952;2955;2961;2969;2973;2976;2977;2978;2979;2982;2987;2991;2992;2995;3000;3001;3003;3005;3007;3011;3013;3019;3022;3023;3026;3027;3034;3037;3038;3042;3045;3047;3049;3050;3051;3052;3053;3054;3056;3060;3061;3075;3076;3078;3085;3089;3091;3099;3100;3104;3106;3110;3114;3115;3116;3120;3122;3126;3128;3129;3132;3136;3138;3139;3142;3143;3147;3148;3149;3159;3160;3162;3165;3166;3169;3173;3174;3175;3179;3180;3183;3185;3187;3192;3194;3199;3202;3209;3213;3215;3216;3217;3219;3221;3224;3228;3230;3231;3232;3234;3235;3236;3246;3247;3251;3252;3255;3256;3257;3261;3267;3270;3273;3276;3277;3286;3287;3288;3291;3292;3295;3298;3301;3307;3308;3309;3315;3316;3325;3328;3333;3337;3340;3343;3345;3351;3352;3358;3359;3362;3363;3365;3369;3370;3371;3372;3376;3382;3384;3386;3387;3397;3399;3402;3405;3413;3425;3426;3430;3432;3437;3438;3444;3450;3451;3453;3458;3459;3460;3469;3474;3475;3477;3478;3480;3485;3490;3493;3494;3497;3499;3515;3518;3521;3524;3530;3534;3535;3536;3540;3543;3548;3549;3550;3552;3553;3557;3562;3564;3567;3568,378.6584700830281
0.4,Leukemia,2,0.017576069128295346,0.9857142857142858,1226,3571,0;4;6;10;13;14;15;20;24;28;32;34;36;39;44;45;46;50;51;53;56;57;58;61;64;65;66;68;69;76;77;80;89;93;95;97;99;100;102;106;108;109;112;116;119;121;123;125;126;128;132;133;134;140;141;147;148;151;154;157;161;164;165;167;169;170;173;174;177;179;187;191;192;197;198;202;204;205;208;209;210;215;217;220;223;226;231;234;235;237;238;240;241;243;245;247;248;249;254;256;257;264;265;268;270;274;275;279;283;288;291;295;296;297;301;302;303;304;308;312;313;314;317;324;328;329;331;332;334;335;340;356;357;363;369;370;371;373;375;377;379;380;383;385;388;395;399;403;404;407;409;412;417;418;419;420;424;427;428;429;431;436;437;440;441;442;445;447;448;450;455;457;458;460;462;465;468;469;474;475;477;478;479;488;491;492;496;499;502;503;504;505;510;511;512;513;518;523;524;527;528;530;539;540;541;547;549;550;551;556;560;561;562;563;570;573;574;575;579;582;583;585;588;589;592;601;602;604;605;607;613;616;617;620;621;624;625;628;637;641;644;646;649;653;654;664;666;673;676;679;680;681;684;686;695;696;702;707;708;709;712;714;715;719;721;723;724;727;737;740;744;746;757;759;760;761;769;770;771;773;783;784;786;790;791;793;799;803;804;806;807;808;810;818;819;822;824;825;826;829;830;836;842;843;844;856;857;860;861;863;868;870;873;877;879;883;888;890;893;897;900;904;910;911;912;917;919;922;923;924;927;932;936;937;938;940;942;943;945;947;948;949;954;958;966;969;972;975;977;984;989;991;998;999;1001;1009;1013;1017;1019;1020;1023;1024;1026;1027;1028;1030;1033;1036;1038;1040;1044;1052;1057;1058;1060;1062;1065;1067;1068;1072;1073;1074;1077;1079;1081;1088;1089;1091;1098;1099;1100;1103;1108;1114;1121;1127;1129;1131;1132;1138;1142;1143;1146;1148;1153;1154;1156;1157;1159;1163;1164;1168;1172;1177;1178;1184;1185;1189;1190;1193;1195;1196;1197;1198;1203;1204;1205;1207;1220;1221;1224;1226;1231;1235;1241;1242;1248;1249;1250;1253;1258;1260;1263;1265;1267;1272;1280;1283;1291;1292;1297;1299;1300;1301;1307;1311;1317;1318;1319;1320;1323;1335;1342;1346;1347;1349;1350;1354;1355;1356;1362;1368;1371;1378;1379;1382;1384;1387;1389;1391;1392;1398;1401;1403;1405;1406;1408;1418;1420;1421;1423;1424;1428;1432;1436;1439;1442;1444;1447;1451;1452;1453;1457;1458;1462;1466;1467;1474;1479;1491;1493;1497;1500;1504;1506;1507;1508;1509;1511;1515;1517;1524;1526;1528;1533;1535;1537;1539;1544;1545;1546;1548;1549;1550;1552;1553;1554;1563;1571;1576;1577;1578;1579;1580;1583;1586;1588;1591;1600;1602;1603;1606;1607;1611;1618;1619;1621;1623;1624;1632;1636;1638;1639;1640;1641;1643;1645;1649;1650;1651;1653;1657;1658;1660;1664;1668;1673;1676;1680;1681;1685;1689;1690;1693;1694;1695;1699;1701;1703;1705;1709;1710;1711;1712;1713;1714;1717;1718;1720;1728;1729;1732;1733;1740;1744;1745;1752;1754;1760;1764;1771;1772;1773;1775;1782;1784;1788;1790;1791;1793;1797;1799;1800;1801;1804;1813;1814;1815;1820;1821;1823;1824;1826;1830;1831;1834;1835;1837;1839;1840;1850;1852;1858;1861;1865;1866;1867;1872;1876;1884;1887;1891;1893;1896;1898;1908;1911;1915;1917;1918;1919;1921;1926;1928;1929;1931;1937;1946;1949;1950;1951;1952;1955;1958;1963;1965;1967;1968;1969;1971;1973;1975;1976;1980;1984;1988;1995;1999;2002;2004;2010;2011;2012;2014;2015;2016;2017;2020;2022;2028;2031;2038;2042;2045;2046;2047;2050;2054;2060;2063;2064;2065;2066;2067;2068;2073;2077;2078;2079;2080;2081;2082;2086;2100;2102;2106;2111;2114;2117;2121;2122;2130;2131;2132;2134;2135;2136;2137;2138;2141;2144;2146;2147;2148;2151;2152;2154;2156;2159;2162;2173;2175;2177;2178;2184;2187;2188;2190;2193;2204;2208;2209;2210;2215;2216;2219;2223;2224;2225;2226;2233;2236;2237;2238;2241;2246;2247;2248;2250;2252;2254;2258;2262;2263;2264;2265;2267;2269;2275;2277;2281;2282;2285;2286;2288;2289;2292;2304;2307;2310;2312;2314;2317;2322;2324;2330;2333;2339;2342;2343;2344;2348;2354;2355;2361;2362;2363;2364;2369;2371;2376;2386;2388;2391;2392;2395;2397;2402;2403;2405;2408;2409;2411;2412;2417;2421;2422;2427;2429;2432;2433;2437;2440;2449;2453;2454;2456;2457;2469;2470;2472;2473;2474;2479;2494;2495;2496;2500;2501;2503;2506;2515;2517;2518;2522;2526;2529;2530;2532;2534;2535;2537;2543;2546;2548;2550;2551;2552;2556;2557;2558;2568;2574;2575;2576;2582;2587;2590;2595;2596;2598;2601;2603;2606;2608;2609;2610;2611;2612;2613;2614;2617;2620;2622;2624;2629;2631;2634;2635;2639;2642;2643;2645;2647;2650;2658;2660;2661;2662;2663;2666;2668;2669;2670;2674;2679;2681;2686;2688;2699;2701;2705;2709;2710;2714;2718;2719;2722;2723;2725;2732;2734;2746;2749;2752;2758;2768;2770;2776;2780;2781;2782;2785;2788;2789;2799;2800;2806;2807;2809;2810;2814;2816;2818;2819;2820;2823;2824;2829;2830;2832;2834;2841;2847;2856;2857;2859;2863;2864;2866;2867;2870;2872;2874;2876;2879;2881;2882;2883;2885;2887;2888;2889;2891;2893;2894;2898;2902;2905;2907;2909;2910;2911;2912;2913;2917;2919;2921;2924;2926;2927;2928;2931;2933;2938;2941;2945;2948;2949;2951;2954;2956;2957;2959;2961;2962;2963;2966;2967;2969;2970;2971;2974;2975;2981;2987;2988;2989;2990;2994;2995;2996;3001;3002;3003;3004;3018;3024;3027;3028;3029;3030;3032;3035;3038;3040;3046;3049;3051;3060;3064;3069;3071;3076;3079;3082;3083;3084;3085;3089;3092;3097;3099;3101;3104;3113;3114;3116;3118;3124;3127;3129;3139;3143;3144;3148;3153;3154;3155;3156;3159;3162;3165;3169;3170;3173;3177;3179;3183;3188;3189;3190;3200;3203;3207;3209;3210;3213;3218;3222;3227;3228;3230;3234;3236;3237;3240;3241;3242;3249;3250;3253;3254;3257;3261;3264;3265;3266;3269;3270;3276;3277;3278;3281;3283;3290;3291;3292;3293;3295;3300;3308;3314;3319;3323;3326;3330;3333;3340;3341;3342;3344;3345;3350;3354;3356;3357;3358;3359;3364;3365;3371;3378;3383;3384;3387;3390;3395;3401;3407;3411;3414;3416;3418;3420;3421;3425;3429;3430;3435;3436;3440;3445;3447;3451;3453;3454;3457;3464;3466;3474;3475;3478;3484;3486;3490;3491;3494;3497;3498;3499;3500;3501;3502;3503;3510;3511;3513;3516;3524;3527;3530;3534;3535;3536;3538;3540;3544;3547;3549;3557;3562;3564;3565;3566;3570,379.2904732078314
0.4,Leukemia,3,0.016700420050406024,0.9866666666666667,1250,3571,7;8;12;13;15;18;19;20;21;24;28;36;41;47;48;52;55;60;61;63;65;70;72;73;74;76;78;80;85;86;91;96;98;101;105;106;108;111;112;114;117;119;121;122;130;137;138;139;140;141;143;144;151;152;153;154;156;162;165;169;172;177;178;179;183;184;188;189;197;203;207;209;211;212;213;219;223;226;229;230;231;236;243;244;247;253;255;261;262;272;277;280;284;288;293;294;295;304;305;309;312;315;317;320;321;323;325;331;334;335;340;344;353;356;357;363;364;369;372;375;377;381;385;387;388;391;392;397;399;403;404;406;411;414;417;418;419;422;423;424;425;430;431;433;435;437;443;446;447;448;449;451;452;454;455;459;463;465;470;471;478;484;485;487;489;490;495;496;501;502;509;511;512;513;514;516;517;518;521;523;531;532;533;538;541;551;557;560;565;566;567;569;572;574;575;577;579;581;582;585;587;591;593;594;598;601;603;609;610;615;616;617;619;620;625;627;628;629;630;631;643;644;645;646;647;653;659;660;661;662;663;664;668;669;672;679;684;688;689;690;692;697;701;707;708;711;716;717;720;722;727;728;729;732;733;737;738;740;741;742;752;754;755;759;760;762;763;769;770;771;777;778;780;782;783;787;788;789;790;793;806;809;813;815;821;823;827;828;832;836;837;840;841;842;848;854;855;856;858;859;860;862;866;867;870;873;877;880;881;882;883;886;894;896;898;899;906;907;912;913;914;915;917;919;922;926;929;931;938;939;943;944;946;953;955;957;958;963;964;968;969;970;975;976;978;981;987;994;1003;1005;1006;1015;1021;1024;1026;1030;1031;1032;1037;1038;1040;1045;1050;1051;1052;1054;1056;1058;1060;1061;1063;1064;1065;1067;1071;1076;1077;1080;1082;1084;1086;1092;1093;1095;1096;1107;1108;1109;1115;1118;1126;1128;1129;1135;1138;1139;1141;1142;1143;1148;1151;1163;1164;1166;1172;1177;1179;1180;1181;1184;1187;1188;1189;1191;1196;1199;1200;1205;1206;1209;1211;1212;1214;1218;1222;1223;1224;1226;1230;1231;1241;1245;1250;1251;1255;1261;1262;1264;1266;1268;1271;1273;1274;1276;1279;1280;1281;1283;1287;1290;1295;1300;1301;1302;1303;1304;1305;1307;1317;1323;1326;1330;1332;1342;1344;1347;1348;1350;1351;1352;1353;1357;1359;1360;1361;1362;1364;1370;1386;1388;1394;1395;1396;1399;1403;1405;1406;1409;1415;1418;1426;1427;1428;1429;1430;1436;1437;1438;1442;1443;1444;1447;1448;1449;1450;1457;1466;1469;1478;1483;1486;1488;1491;1493;1494;1496;1497;1499;1501;1508;1512;1515;1516;1520;1527;1533;1540;1541;1543;1548;1549;1550;1551;1556;1561;1562;1566;1572;1573;1577;1583;1588;1592;1596;1600;1602;1603;1604;1608;1612;1615;1619;1621;1622;1623;1624;1626;1627;1628;1629;1630;1633;1634;1636;1637;1639;1640;1646;1647;1649;1651;1655;1659;1661;1666;1669;1676;1678;1680;1683;1684;1685;1689;1692;1695;1696;1699;1700;1705;1706;1710;1711;1714;1719;1722;1724;1734;1739;1744;1745;1746;1749;1755;1757;1759;1760;1766;1767;1768;1771;1774;1778;1781;1783;1790;1791;1794;1797;1805;1806;1811;1816;1817;1820;1822;1824;1828;1835;1839;1840;1845;1848;1849;1856;1857;1858;1860;1861;1863;1865;1870;1873;1876;1877;1881;1883;1886;1889;1891;1892;1893;1894;1898;1899;1901;1905;1906;1907;1910;1913;1914;1915;1917;1919;1923;1926;1931;1933;1935;1943;1944;1945;1954;1956;1957;1960;1965;1967;1969;1970;1972;1975;1977;1978;1979;1981;1990;2003;2006;2009;2010;2013;2015;2016;2020;2021;2023;2025;2027;2032;2036;2038;2039;2040;2045;2048;2058;2060;2065;2066;2067;2070;2072;2076;2077;2079;2080;2081;2082;2086;2087;2088;2093;2094;2096;2102;2104;2107;2111;2112;2115;2116;2118;2120;2121;2123;2125;2127;2128;2129;2134;2135;2138;2139;2144;2146;2150;2151;2158;2166;2167;2168;2171;2172;2173;2176;2180;2185;2186;2188;2189;2194;2196;2197;2203;2207;2210;2214;2218;2219;2220;2221;2225;2226;2229;2234;2239;2241;2246;2248;2250;2252;2258;2259;2261;2262;2263;2268;2270;2276;2282;2283;2288;2291;2292;2294;2296;2298;2303;2304;2307;2308;2317;2318;2321;2323;2324;2325;2330;2332;2335;2336;2338;2339;2342;2346;2348;2352;2353;2355;2356;2358;2359;2365;2366;2368;2369;2370;2375;2376;2380;2382;2385;2393;2398;2400;2401;2412;2414;2415;2417;2422;2426;2427;2429;2432;2433;2437;2440;2441;2450;2452;2455;2458;2461;2465;2467;2468;2470;2471;2472;2475;2480;2482;2483;2489;2491;2493;2499;2500;2505;2506;2507;2517;2518;2521;2522;2527;2528;2529;2531;2532;2545;2546;2549;2554;2556;2559;2567;2570;2571;2575;2576;2580;2584;2585;2589;2590;2592;2593;2595;2596;2598;2601;2605;2610;2611;2613;2616;2617;2619;2620;2621;2622;2623;2624;2625;2626;2627;2632;2633;2634;2635;2636;2640;2646;2648;2655;2656;2661;2665;2666;2668;2670;2671;2675;2677;2680;2681;2683;2687;2690;2694;2697;2702;2705;2706;2708;2709;2712;2713;2720;2721;2722;2723;2730;2731;2732;2733;2739;2741;2742;2748;2749;2750;2751;2752;2758;2759;2760;2763;2765;2766;2767;2772;2773;2774;2775;2780;2781;2785;2787;2788;2789;2791;2793;2798;2802;2803;2805;2806;2810;2811;2813;2816;2819;2821;2824;2831;2836;2838;2839;2841;2843;2844;2846;2851;2855;2856;2857;2858;2859;2864;2865;2866;2869;2871;2873;2874;2880;2881;2883;2886;2890;2896;2900;2902;2907;2910;2911;2914;2916;2918;2920;2924;2926;2929;2930;2931;2933;2935;2936;2937;2940;2943;2957;2958;2959;2964;2965;2973;2974;2977;2978;2979;2983;2984;2985;2986;2988;2989;2992;2993;2995;2999;3001;3002;3007;3016;3020;3022;3024;3031;3040;3041;3042;3044;3052;3058;3061;3065;3068;3070;3073;3074;3077;3084;3085;3092;3095;3103;3104;3109;3113;3116;3119;3120;3121;3125;3129;3133;3136;3139;3142;3146;3147;3148;3152;3153;3154;3157;3161;3162;3163;3165;3176;3178;3191;3194;3197;3200;3203;3207;3216;3222;3226;3229;3230;3231;3240;3242;3245;3246;3253;3259;3260;3261;3262;3266;3267;3278;3280;3284;3287;3288;3298;3300;3305;3309;3314;3316;3318;3319;3321;3322;3323;3325;3327;3342;3344;3345;3346;3348;3350;3351;3353;3357;3359;3360;3362;3364;3365;3369;3370;3371;3377;3378;3379;3382;3383;3384;3396;3398;3399;3403;3405;3406;3408;3413;3414;3415;3416;3422;3425;3426;3427;3428;3431;3433;3435;3438;3442;3447;3448;3452;3455;3456;3458;3461;3465;3466;3467;3468;3471;3474;3477;3478;3484;3485;3486;3488;3489;3491;3495;3499;3503;3505;3506;3508;3509;3511;3512;3513;3515;3518;3530;3531;3541;3542;3545;3547;3548;3552;3555;3556;3561;3562;3564;3565;3568,375.9932286660187
0.4,Leukemia,4,0.01754526543185177,0.9857142857142858,1215,3571,3;7;9;11;17;21;22;24;29;31;38;42;43;49;54;57;61;63;65;69;70;73;74;75;83;85;86;90;92;93;99;100;102;106;121;125;134;140;141;148;153;156;157;161;170;180;185;188;190;196;200;205;207;208;211;212;214;218;225;232;234;237;241;244;246;249;252;256;258;261;262;263;264;267;273;279;280;281;292;293;294;299;304;305;309;320;321;324;325;326;328;330;337;342;344;345;350;351;352;353;358;362;370;371;375;376;378;379;380;386;390;398;401;402;403;405;406;411;417;419;420;422;431;432;435;438;440;443;448;454;455;456;461;463;469;471;477;481;484;486;489;490;492;497;499;507;508;511;519;521;524;528;530;532;534;547;549;551;552;559;564;565;566;569;570;571;572;573;578;580;581;583;584;585;587;589;593;596;603;604;607;610;619;620;621;622;624;625;628;630;645;647;649;651;655;656;661;662;663;664;665;668;669;670;672;673;674;680;682;684;686;692;694;705;718;725;726;728;729;730;731;737;738;740;741;744;745;748;749;750;751;753;754;756;759;763;769;770;771;775;776;779;781;784;785;788;790;792;793;801;803;804;806;809;813;814;819;824;828;831;833;834;835;838;842;844;848;849;850;851;852;853;857;858;859;860;863;864;868;870;873;879;884;885;888;889;893;898;902;904;905;906;907;909;914;917;918;920;921;923;930;931;936;937;940;941;943;951;952;955;960;961;966;967;970;971;972;973;975;976;977;978;982;984;985;989;990;993;998;1001;1004;1008;1009;1010;1013;1014;1015;1018;1019;1021;1027;1028;1029;1036;1037;1040;1042;1046;1048;1061;1062;1063;1066;1070;1076;1081;1082;1083;1086;1088;1092;1093;1097;1099;1105;1110;1112;1115;1118;1120;1132;1133;1134;1136;1141;1142;1145;1146;1147;1148;1150;1156;1158;1159;1165;1167;1169;1173;1176;1181;1185;1187;1188;1196;1198;1204;1209;1210;1212;1213;1218;1219;1220;1221;1222;1224;1231;1233;1234;1236;1237;1241;1246;1251;1252;1256;1258;1266;1269;1276;1278;1281;1285;1286;1289;1290;1292;1294;1296;1297;1298;1305;1314;1315;1317;1322;1326;1328;1334;1335;1337;1339;1340;1341;1345;1352;1353;1354;1355;1356;1360;1364;1368;1369;1370;1372;1373;1375;1380;1384;1385;1387;1390;1391;1398;1399;1407;1408;1409;1410;1412;1413;1415;1423;1425;1429;1430;1432;1440;1445;1448;1450;1451;1453;1454;1455;1456;1457;1467;1471;1477;1487;1488;1490;1495;1497;1500;1501;1506;1511;1512;1514;1518;1521;1523;1527;1528;1532;1533;1539;1540;1545;1546;1552;1553;1557;1563;1570;1576;1583;1585;1591;1597;1598;1602;1603;1605;1606;1610;1613;1618;1621;1622;1624;1629;1633;1636;1637;1641;1642;1650;1652;1657;1662;1664;1665;1666;1667;1668;1670;1674;1677;1678;1680;1681;1682;1689;1695;1696;1697;1698;1699;1700;1701;1702;1703;1707;1709;1713;1719;1720;1721;1724;1731;1732;1733;1735;1739;1741;1744;1753;1757;1759;1763;1764;1765;1769;1770;1774;1775;1776;1783;1788;1789;1791;1794;1797;1801;1804;1807;1808;1813;1815;1818;1819;1821;1822;1828;1829;1830;1835;1836;1841;1842;1843;1844;1845;1847;1849;1850;1852;1857;1860;1861;1862;1864;1866;1867;1870;1872;1878;1886;1887;1889;1890;1891;1897;1898;1899;1900;1901;1904;1908;1909;1914;1918;1920;1922;1923;1931;1934;1937;1939;1944;1949;1950;1953;1954;1958;1962;1963;1964;1968;1969;1970;1971;1972;1973;1976;1977;1979;1981;1985;1986;1987;1989;1990;1991;1992;1993;1994;1997;2004;2005;2007;2008;2009;2011;2015;2018;2019;2022;2023;2025;2032;2034;2041;2051;2057;2059;2061;2062;2063;2065;2067;2069;2072;2074;2076;2078;2079;2081;2084;2085;2088;2089;2092;2093;2100;2108;2109;2111;2118;2119;2121;2123;2126;2128;2130;2133;2139;2140;2142;2149;2151;2155;2158;2161;2171;2179;2180;2184;2189;2200;2201;2207;2209;2211;2225;2229;2230;2231;2234;2237;2241;2249;2250;2254;2255;2256;2258;2260;2262;2267;2274;2275;2276;2283;2287;2289;2291;2294;2295;2296;2297;2300;2304;2305;2306;2309;2312;2313;2314;2326;2328;2332;2338;2347;2356;2357;2359;2361;2366;2372;2375;2379;2382;2383;2386;2388;2392;2393;2399;2400;2401;2403;2405;2408;2409;2410;2411;2413;2414;2415;2417;2418;2424;2432;2434;2437;2439;2440;2443;2462;2465;2467;2471;2472;2473;2475;2476;2477;2478;2480;2481;2482;2483;2485;2486;2488;2491;2493;2494;2496;2499;2501;2511;2516;2517;2521;2522;2528;2531;2533;2537;2540;2542;2546;2548;2549;2550;2554;2570;2571;2572;2573;2574;2575;2577;2578;2581;2583;2584;2587;2592;2594;2595;2599;2607;2610;2616;2618;2619;2621;2622;2624;2626;2628;2629;2631;2632;2634;2635;2636;2638;2639;2641;2644;2650;2651;2652;2653;2655;2656;2660;2663;2664;2667;2668;2671;2674;2676;2679;2680;2683;2684;2685;2686;2691;2694;2699;2701;2704;2709;2715;2716;2717;2724;2729;2731;2734;2735;2739;2741;2744;2746;2747;2748;2755;2757;2760;2763;2766;2768;2769;2771;2772;2773;2777;2779;2783;2784;2785;2787;2788;2789;2793;2799;2804;2806;2807;2809;2816;2817;2822;2823;2824;2830;2831;2832;2835;2838;2841;2844;2852;2853;2854;2859;2860;2865;2867;2869;2871;2873;2874;2875;2877;2882;2883;2884;2887;2891;2894;2895;2902;2903;2909;2911;2915;2919;2920;2921;2925;2929;2930;2932;2934;2938;2944;2946;2949;2957;2961;2964;2966;2968;2971;2972;2973;2974;2976;2978;2979;2983;2985;2989;2991;2993;2995;2996;2998;3004;3006;3015;3016;3018;3022;3024;3025;3027;3031;3035;3037;3040;3041;3044;3047;3054;3055;3060;3067;3069;3072;3079;3081;3083;3084;3086;3087;3095;3099;3103;3104;3109;3110;3116;3119;3121;3128;3129;3130;3131;3132;3135;3136;3139;3142;3150;3151;3153;3162;3164;3165;3166;3172;3176;3178;3184;3186;3187;3188;3193;3198;3202;3205;3209;3212;3213;3218;3220;3223;3225;3228;3229;3231;3236;3238;3240;3244;3246;3248;3254;3255;3258;3260;3261;3262;3267;3268;3271;3275;3289;3291;3292;3294;3295;3300;3303;3319;3327;3336;3340;3344;3348;3352;3353;3359;3361;3363;3365;3366;3373;3379;3380;3383;3387;3392;3393;3394;3396;3397;3398;3406;3408;3414;3417;3418;3424;3425;3427;3428;3436;3437;3439;3442;3444;3447;3448;3451;3454;3456;3457;3464;3465;3466;3467;3468;3472;3475;3477;3478;3479;3481;3482;3485;3492;3493;3494;3497;3498;3500;3504;3507;3508;3512;3513;3514;3520;3522;3525;3527;3528;3531;3532;3536;3543;3544;3552;3554;3558;3560;3564;3567;3569;3570,378.7428393336013
0.4,Leukemia,5,0.016549201904228483,0.9866666666666667,1196,3571,0;1;5;20;23;31;32;36;41;42;43;47;48;49;54;57;59;60;63;64;68;69;70;71;72;74;75;81;82;84;87;88;89;90;101;102;104;105;106;117;118;120;122;124;125;127;130;136;139;140;141;143;145;151;158;159;160;165;171;172;173;174;178;180;181;182;183;185;189;190;192;201;202;205;206;207;210;212;213;214;216;219;222;223;226;228;230;232;233;235;237;252;254;255;260;262;265;271;274;278;281;283;290;295;296;297;304;308;311;314;324;326;328;334;335;342;344;346;347;348;350;351;353;356;357;361;368;370;372;373;379;392;395;397;400;403;407;414;417;419;420;424;435;436;438;440;445;446;449;451;455;456;457;462;464;472;474;476;479;483;484;486;489;501;503;504;511;513;518;520;523;527;529;537;538;543;544;546;548;551;553;554;555;558;561;568;573;575;576;578;579;583;584;586;587;590;600;601;603;606;609;618;620;622;623;629;634;635;637;645;646;647;652;654;661;663;664;667;670;675;676;678;679;680;681;683;685;688;692;694;695;696;699;700;702;705;706;709;710;712;715;719;722;723;725;726;728;733;734;735;738;741;750;752;754;757;762;763;769;770;771;773;774;775;778;792;795;797;798;799;800;802;803;806;807;809;819;821;828;832;833;844;845;846;848;850;851;856;858;860;861;864;865;867;870;873;875;876;877;878;879;880;881;883;887;891;892;898;899;900;903;906;909;913;915;916;919;920;921;923;925;929;931;939;947;948;950;951;952;956;957;970;973;975;976;977;983;985;989;991;994;999;1008;1009;1010;1011;1012;1014;1020;1021;1027;1029;1030;1034;1035;1037;1040;1044;1045;1047;1050;1057;1063;1066;1068;1069;1070;1073;1075;1078;1081;1083;1087;1088;1091;1092;1094;1096;1098;1101;1102;1103;1104;1108;1109;1113;1114;1117;1118;1120;1121;1123;1128;1130;1132;1133;1136;1139;1143;1144;1146;1148;1151;1152;1158;1159;1163;1165;1167;1171;1175;1178;1179;1181;1183;1184;1186;1187;1190;1197;1199;1204;1205;1207;1208;1212;1214;1220;1224;1227;1229;1231;1232;1236;1240;1244;1248;1249;1251;1253;1254;1259;1260;1262;1265;1266;1268;1269;1277;1278;1280;1284;1291;1292;1299;1301;1302;1307;1313;1314;1321;1325;1326;1330;1332;1335;1340;1341;1343;1346;1350;1351;1352;1353;1355;1356;1359;1361;1363;1365;1367;1370;1375;1376;1380;1381;1385;1387;1391;1392;1398;1399;1405;1406;1407;1408;1409;1418;1420;1422;1427;1428;1432;1440;1441;1442;1445;1447;1449;1450;1452;1455;1457;1458;1459;1460;1461;1462;1469;1470;1471;1475;1481;1482;1484;1486;1493;1496;1497;1500;1504;1505;1513;1516;1521;1526;1528;1529;1530;1533;1534;1537;1541;1544;1555;1558;1560;1561;1562;1563;1572;1580;1581;1583;1586;1587;1588;1589;1591;1607;1610;1615;1616;1618;1628;1634;1635;1636;1639;1640;1644;1647;1650;1652;1665;1666;1669;1671;1674;1677;1680;1691;1699;1704;1705;1717;1722;1723;1726;1729;1733;1735;1739;1744;1745;1749;1751;1753;1757;1761;1762;1764;1767;1768;1770;1772;1775;1776;1779;1783;1787;1800;1805;1810;1817;1818;1819;1821;1825;1829;1830;1832;1833;1834;1836;1841;1842;1845;1847;1856;1860;1863;1864;1866;1868;1870;1876;1896;1898;1905;1908;1910;1919;1920;1930;1935;1939;1940;1945;1946;1949;1950;1951;1957;1958;1959;1962;1966;1970;1978;1980;1984;1987;1992;1993;1997;1999;2002;2006;2009;2010;2019;2020;2026;2030;2037;2038;2039;2041;2046;2054;2057;2061;2064;2067;2072;2074;2078;2079;2080;2082;2086;2094;2096;2102;2103;2105;2107;2114;2115;2117;2120;2121;2122;2128;2129;2130;2132;2133;2140;2154;2156;2166;2169;2172;2174;2176;2177;2178;2180;2183;2184;2186;2187;2188;2190;2193;2196;2197;2201;2202;2204;2207;2210;2213;2219;2223;2224;2228;2229;2231;2236;2240;2241;2242;2250;2251;2254;2258;2264;2268;2269;2270;2272;2275;2276;2279;2280;2284;2286;2287;2293;2298;2299;2300;2302;2306;2308;2310;2311;2312;2314;2316;2317;2319;2321;2325;2326;2327;2328;2330;2333;2337;2338;2339;2348;2353;2357;2358;2360;2368;2369;2376;2377;2379;2381;2382;2386;2387;2388;2389;2394;2398;2399;2401;2402;2403;2406;2412;2413;2415;2416;2419;2421;2422;2423;2431;2432;2435;2436;2437;2438;2440;2443;2446;2448;2451;2453;2455;2458;2462;2465;2468;2470;2471;2473;2475;2476;2478;2480;2483;2486;2487;2489;2492;2498;2502;2505;2506;2507;2511;2512;2513;2514;2515;2520;2526;2533;2536;2540;2541;2542;2544;2545;2546;2547;2555;2559;2565;2568;2571;2572;2575;2576;2577;2579;2580;2584;2590;2594;2595;2597;2599;2600;2602;2609;2610;2612;2613;2615;2619;2620;2623;2625;2626;2627;2630;2632;2633;2636;2638;2643;2644;2647;2655;2661;2662;2663;2671;2674;2677;2678;2680;2681;2685;2686;2691;2692;2693;2696;2697;2699;2700;2701;2704;2705;2708;2718;2720;2723;2727;2730;2735;2737;2742;2748;2749;2751;2752;2759;2760;2763;2766;2770;2773;2774;2776;2779;2781;2784;2786;2788;2789;2790;2796;2797;2801;2806;2808;2810;2811;2813;2815;2826;2831;2837;2842;2844;2845;2848;2849;2851;2853;2857;2861;2862;2864;2880;2881;2883;2887;2888;2902;2904;2906;2909;2910;2913;2914;2919;2921;2923;2924;2926;2928;2932;2935;2936;2937;2938;2939;2941;2946;2952;2953;2954;2959;2961;2962;2971;2973;2974;2976;2978;2979;2980;2985;2988;2995;3001;3003;3004;3009;3011;3015;3017;3019;3021;3022;3023;3025;3030;3032;3033;3036;3037;3039;3041;3051;3056;3059;3064;3069;3075;3079;3080;3082;3084;3087;3089;3090;3092;3094;3103;3110;3111;3113;3116;3121;3122;3125;3127;3129;3130;3135;3136;3138;3139;3145;3146;3147;3154;3159;3161;3162;3165;3172;3173;3176;3179;3185;3189;3199;3200;3202;3207;3209;3210;3213;3215;3217;3219;3220;3222;3229;3231;3235;3239;3247;3257;3259;3268;3269;3270;3273;3275;3277;3278;3279;3280;3281;3290;3292;3296;3298;3299;3300;3305;3307;3310;3311;3312;3315;3316;3317;3320;3324;3328;3332;3339;3341;3343;3352;3354;3356;3361;3366;3371;3375;3381;3386;3391;3393;3394;3397;3398;3399;3407;3410;3411;3414;3418;3421;3427;3430;3431;3435;3436;3438;3440;3443;3446;3451;3462;3463;3469;3472;3477;3479;3487;3488;3492;3494;3497;3499;3500;3504;3505;3508;3509;3516;3518;3519;3521;3528;3531;3538;3549;3551;3552;3555;3557;3560;3561;3568;3569,376.6865584580228
0.4,Leukemia,6,0.016574404928591406,0.9866666666666667,1205,3571,1;2;3;5;6;7;12;14;16;17;23;24;25;31;35;36;38;39;42;44;45;47;52;53;59;60;61;64;67;71;72;75;76;78;87;90;91;92;94;96;106;113;118;123;125;128;130;133;136;137;139;140;143;146;150;153;154;157;159;170;171;172;174;175;177;179;180;183;184;189;190;191;193;196;198;201;204;207;215;218;220;221;226;227;229;230;234;236;240;245;252;254;255;257;260;264;265;266;267;270;273;277;282;286;287;288;290;291;298;300;304;305;309;310;313;319;320;324;326;327;328;329;331;332;337;339;341;344;346;347;348;349;356;357;361;367;368;371;372;375;378;380;384;385;391;392;395;396;397;398;402;413;421;422;426;427;431;432;434;438;443;447;458;464;467;469;472;473;474;480;481;485;486;488;490;491;492;498;509;510;511;512;515;523;525;527;531;535;537;544;545;548;551;552;554;555;558;568;570;574;579;581;583;588;591;595;596;597;599;600;602;603;605;609;610;614;616;617;620;626;631;634;636;637;638;643;645;649;650;656;662;663;665;670;676;677;682;684;686;692;701;703;705;709;710;712;714;716;717;720;724;727;729;732;735;740;742;743;748;752;755;759;760;765;766;767;775;779;780;783;785;789;791;792;793;794;796;800;801;803;811;812;814;816;818;821;826;827;828;829;830;831;833;844;846;848;850;853;857;862;865;872;873;876;879;881;886;887;889;890;891;893;894;897;902;904;906;907;910;912;913;919;921;922;928;942;945;947;948;950;956;957;968;969;971;974;975;977;978;988;993;997;1002;1006;1012;1013;1018;1028;1035;1042;1045;1047;1056;1061;1064;1067;1071;1073;1074;1078;1079;1083;1086;1087;1089;1090;1092;1095;1098;1103;1104;1107;1108;1110;1113;1118;1125;1126;1134;1137;1143;1145;1147;1148;1151;1159;1160;1162;1163;1164;1167;1172;1175;1177;1178;1181;1182;1184;1186;1187;1196;1200;1204;1205;1213;1214;1218;1220;1221;1223;1224;1228;1229;1230;1231;1233;1234;1241;1245;1246;1250;1253;1263;1267;1269;1270;1271;1272;1275;1276;1279;1283;1285;1288;1290;1292;1298;1300;1304;1307;1309;1311;1312;1313;1314;1318;1321;1324;1325;1327;1330;1333;1335;1336;1339;1342;1344;1345;1346;1364;1368;1371;1372;1373;1375;1377;1380;1384;1388;1389;1390;1396;1397;1398;1402;1403;1404;1405;1406;1408;1411;1412;1414;1416;1419;1421;1422;1423;1427;1429;1437;1439;1441;1442;1445;1453;1455;1460;1461;1462;1463;1470;1471;1481;1485;1486;1489;1490;1500;1503;1505;1522;1527;1528;1531;1540;1542;1544;1545;1548;1559;1560;1562;1564;1565;1566;1568;1569;1570;1572;1573;1577;1578;1579;1582;1584;1585;1590;1596;1600;1602;1603;1609;1610;1613;1614;1619;1620;1621;1622;1623;1630;1631;1632;1636;1638;1646;1651;1654;1656;1660;1661;1662;1663;1670;1672;1673;1675;1680;1685;1686;1687;1690;1691;1694;1699;1703;1705;1707;1708;1712;1713;1716;1718;1721;1724;1728;1729;1741;1742;1743;1745;1746;1752;1755;1757;1758;1759;1760;1766;1768;1770;1771;1776;1780;1781;1783;1784;1789;1791;1793;1795;1796;1798;1801;1806;1812;1813;1815;1817;1821;1824;1832;1835;1844;1847;1850;1853;1854;1856;1857;1861;1867;1870;1872;1880;1882;1884;1885;1887;1891;1892;1893;1894;1896;1898;1901;1905;1906;1911;1915;1920;1921;1922;1926;1928;1931;1932;1933;1936;1939;1942;1944;1945;1948;1952;1954;1957;1962;1963;1973;1976;1978;1979;1984;1987;1988;1991;1994;1996;1998;2001;2002;2005;2006;2008;2016;2017;2019;2023;2024;2025;2027;2028;2030;2041;2046;2047;2048;2052;2055;2062;2064;2067;2068;2072;2073;2076;2077;2078;2079;2081;2084;2087;2088;2092;2093;2094;2095;2098;2101;2102;2105;2108;2109;2113;2117;2118;2119;2123;2125;2126;2132;2133;2140;2145;2146;2150;2157;2161;2171;2172;2174;2176;2180;2183;2186;2191;2192;2194;2195;2197;2200;2204;2208;2211;2213;2214;2218;2219;2220;2221;2226;2228;2229;2232;2237;2240;2254;2258;2261;2267;2268;2269;2270;2271;2273;2276;2278;2282;2285;2287;2291;2292;2293;2295;2300;2303;2308;2310;2311;2315;2319;2322;2323;2326;2327;2331;2333;2342;2345;2348;2349;2350;2354;2355;2357;2361;2365;2366;2368;2369;2372;2375;2379;2383;2388;2391;2403;2404;2407;2414;2415;2416;2423;2428;2432;2441;2442;2444;2445;2446;2450;2454;2463;2467;2470;2476;2478;2480;2481;2482;2484;2485;2490;2495;2499;2500;2502;2503;2504;2512;2515;2517;2519;2520;2524;2530;2531;2532;2534;2535;2536;2541;2549;2550;2552;2553;2554;2555;2557;2558;2567;2568;2571;2575;2576;2577;2579;2580;2581;2583;2585;2586;2588;2599;2601;2604;2605;2609;2611;2613;2615;2616;2618;2620;2625;2627;2638;2639;2640;2644;2646;2647;2652;2653;2660;2661;2665;2669;2670;2683;2686;2687;2690;2693;2695;2696;2700;2706;2708;2718;2720;2721;2726;2731;2733;2734;2735;2737;2740;2742;2749;2750;2752;2758;2760;2761;2762;2764;2766;2775;2780;2785;2787;2788;2789;2791;2794;2795;2796;2802;2803;2806;2810;2811;2814;2816;2819;2823;2825;2827;2829;2830;2831;2833;2841;2842;2843;2846;2848;2850;2852;2856;2857;2859;2861;2869;2874;2875;2876;2892;2894;2898;2904;2905;2906;2907;2909;2918;2925;2926;2930;2932;2933;2937;2938;2939;2942;2943;2945;2948;2950;2952;2955;2956;2957;2961;2963;2966;2968;2973;2979;2980;2981;2984;2986;2994;2995;2999;3000;3001;3005;3017;3019;3022;3024;3025;3027;3038;3041;3042;3047;3048;3049;3052;3053;3054;3056;3057;3067;3068;3069;3076;3082;3083;3090;3092;3094;3095;3099;3103;3106;3108;3110;3113;3119;3120;3125;3130;3134;3137;3140;3141;3142;3145;3146;3147;3150;3153;3156;3158;3164;3174;3175;3176;3177;3180;3184;3185;3191;3194;3196;3197;3198;3201;3212;3215;3216;3218;3220;3221;3222;3223;3227;3229;3230;3241;3257;3261;3262;3266;3271;3277;3280;3292;3293;3295;3301;3304;3305;3306;3307;3310;3314;3315;3317;3321;3323;3325;3328;3337;3343;3344;3346;3348;3352;3353;3355;3356;3357;3358;3360;3362;3374;3375;3380;3382;3390;3396;3398;3401;3402;3403;3404;3406;3408;3409;3411;3414;3415;3419;3427;3434;3436;3437;3439;3441;3443;3455;3458;3460;3465;3467;3468;3469;3471;3472;3475;3479;3480;3484;3485;3487;3489;3496;3499;3501;3502;3506;3507;3510;3520;3521;3522;3523;3524;3527;3531;3533;3534;3535;3537;3538;3542;3545;3551;3555;3556;3558;3560;3561;3563;3564;3566,375.4855237081647
0.4,Leukemia,7,0.017500460055206574,0.9857142857142858,1199,3571,7;8;10;12;14;16;17;18;21;24;27;31;32;36;38;39;40;42;46;52;60;64;71;72;74;78;82;85;88;92;101;105;107;112;116;117;123;126;127;133;136;137;140;145;147;149;151;155;158;159;165;167;173;174;175;176;179;182;183;185;190;195;199;200;202;205;207;208;210;212;213;216;217;218;223;228;231;233;235;237;239;240;243;247;249;250;252;254;255;257;258;263;270;271;275;276;277;279;283;289;292;294;297;298;300;304;311;319;324;336;338;339;340;347;349;354;360;369;371;374;378;379;380;381;383;385;386;389;394;398;400;403;404;407;414;416;417;421;422;426;435;436;439;442;446;447;448;449;450;451;452;455;464;473;474;485;488;491;495;496;499;503;508;510;511;512;514;515;521;523;526;527;532;533;534;541;555;557;559;560;561;563;566;569;571;573;576;581;583;586;588;589;591;592;593;597;604;607;609;613;614;615;617;618;622;624;626;627;634;636;647;651;654;656;663;665;666;670;676;679;682;683;684;685;686;687;689;690;691;693;694;695;696;705;707;708;717;719;726;729;730;732;735;736;740;741;743;745;746;747;750;752;755;760;765;769;770;773;776;779;781;784;786;787;788;796;797;799;811;817;818;820;821;825;828;832;834;835;838;839;846;849;851;853;854;859;861;863;866;867;868;875;876;878;884;889;892;896;898;899;900;901;904;905;907;908;910;913;916;917;918;920;922;925;933;936;940;943;945;952;960;961;963;964;965;966;969;974;975;978;982;983;986;993;995;1002;1003;1004;1014;1018;1024;1026;1032;1035;1037;1038;1040;1047;1048;1049;1050;1052;1054;1055;1062;1063;1064;1065;1066;1069;1074;1075;1077;1079;1080;1081;1086;1089;1090;1094;1097;1101;1103;1112;1114;1115;1118;1119;1125;1128;1130;1132;1133;1140;1141;1144;1146;1150;1153;1154;1163;1169;1181;1184;1189;1190;1191;1192;1195;1196;1200;1202;1209;1210;1211;1212;1213;1214;1215;1218;1220;1225;1229;1235;1236;1239;1246;1249;1251;1253;1256;1257;1264;1267;1268;1270;1271;1274;1283;1290;1293;1294;1304;1305;1315;1316;1317;1320;1322;1330;1331;1334;1335;1337;1338;1345;1347;1351;1353;1354;1355;1356;1360;1361;1366;1372;1376;1378;1379;1386;1387;1389;1391;1393;1399;1402;1405;1406;1407;1415;1416;1418;1422;1425;1427;1428;1430;1431;1434;1437;1438;1442;1445;1446;1447;1451;1452;1455;1457;1458;1459;1462;1464;1467;1468;1469;1472;1473;1475;1482;1484;1486;1488;1489;1495;1496;1498;1500;1503;1505;1506;1514;1520;1521;1522;1524;1531;1532;1534;1536;1539;1541;1543;1544;1545;1551;1556;1560;1562;1565;1568;1573;1574;1575;1577;1580;1581;1583;1584;1586;1592;1593;1601;1603;1604;1607;1613;1615;1616;1619;1627;1628;1632;1635;1639;1642;1643;1650;1651;1652;1655;1656;1659;1660;1668;1669;1676;1678;1684;1686;1687;1690;1692;1698;1701;1703;1704;1707;1708;1710;1714;1715;1720;1723;1728;1730;1742;1743;1744;1745;1750;1751;1752;1759;1769;1772;1775;1776;1778;1779;1782;1783;1789;1796;1799;1801;1803;1806;1808;1811;1812;1819;1820;1824;1826;1838;1839;1841;1842;1849;1850;1851;1854;1857;1865;1866;1867;1868;1872;1876;1877;1878;1880;1882;1884;1886;1888;1889;1897;1901;1904;1905;1906;1907;1909;1911;1912;1915;1917;1919;1929;1930;1931;1936;1940;1942;1948;1950;1956;1959;1960;1965;1967;1968;1979;1985;1988;1993;1995;1997;1998;2001;2003;2007;2009;2010;2014;2020;2026;2029;2030;2031;2035;2036;2038;2040;2042;2044;2046;2047;2050;2051;2052;2059;2069;2070;2078;2079;2087;2091;2098;2100;2101;2105;2108;2112;2116;2119;2120;2121;2128;2129;2130;2131;2135;2136;2138;2140;2141;2144;2146;2150;2152;2153;2154;2155;2156;2157;2162;2165;2166;2172;2173;2174;2177;2180;2183;2185;2186;2188;2190;2200;2204;2205;2207;2219;2220;2221;2223;2227;2229;2234;2236;2237;2243;2250;2252;2255;2256;2257;2258;2263;2264;2268;2269;2272;2276;2281;2282;2283;2284;2286;2288;2290;2291;2293;2295;2298;2299;2300;2303;2306;2307;2312;2316;2320;2322;2328;2330;2334;2336;2341;2345;2347;2349;2350;2351;2352;2356;2357;2358;2360;2361;2364;2365;2366;2368;2369;2370;2379;2385;2386;2390;2391;2396;2397;2403;2404;2405;2409;2410;2414;2419;2421;2422;2425;2428;2429;2432;2433;2434;2437;2438;2440;2441;2442;2444;2445;2447;2448;2450;2454;2460;2467;2479;2480;2481;2488;2491;2497;2499;2500;2505;2508;2510;2511;2512;2513;2514;2515;2516;2519;2522;2526;2531;2533;2534;2536;2541;2545;2549;2551;2556;2560;2562;2565;2566;2567;2571;2574;2575;2577;2578;2581;2584;2586;2595;2596;2599;2604;2605;2607;2610;2611;2612;2613;2614;2615;2616;2627;2630;2637;2638;2639;2651;2654;2656;2658;2660;2662;2663;2670;2672;2678;2680;2682;2690;2694;2696;2697;2699;2700;2701;2703;2704;2705;2706;2708;2713;2725;2727;2729;2731;2732;2738;2739;2740;2743;2745;2747;2758;2761;2764;2772;2775;2778;2782;2783;2784;2791;2793;2798;2799;2803;2806;2811;2812;2818;2823;2826;2827;2829;2830;2831;2834;2838;2840;2844;2846;2847;2849;2850;2859;2860;2863;2865;2867;2868;2875;2881;2882;2887;2890;2892;2895;2896;2897;2899;2901;2902;2906;2907;2908;2910;2913;2918;2920;2922;2927;2930;2931;2933;2936;2941;2946;2951;2952;2955;2961;2968;2970;2971;2976;2978;2979;2981;2984;2989;2993;2997;3002;3011;3017;3018;3019;3021;3023;3026;3030;3038;3040;3046;3050;3052;3053;3057;3062;3063;3070;3072;3080;3084;3085;3092;3095;3097;3099;3103;3110;3111;3116;3120;3121;3123;3124;3125;3137;3138;3145;3148;3149;3150;3157;3158;3161;3164;3167;3168;3170;3172;3173;3174;3179;3181;3192;3198;3199;3200;3203;3204;3213;3215;3217;3218;3226;3228;3229;3232;3240;3243;3245;3246;3247;3251;3255;3260;3261;3267;3269;3271;3275;3277;3278;3282;3285;3286;3288;3290;3291;3298;3300;3302;3303;3306;3316;3317;3322;3326;3329;3330;3336;3340;3342;3343;3347;3350;3353;3354;3355;3356;3358;3363;3369;3370;3371;3382;3383;3384;3395;3397;3398;3400;3401;3405;3408;3410;3413;3417;3421;3423;3431;3433;3435;3438;3443;3450;3453;3457;3458;3459;3460;3469;3476;3479;3480;3481;3483;3488;3490;3491;3492;3494;3495;3496;3498;3501;3502;3503;3507;3513;3518;3520;3534;3536;3538;3540;3541;3543;3545;3546;3550;3551;3553;3556;3557;3567;3568;3569;3570,378.5268198749982
0.4,Leukemia,8,0.01658840660879303,0.9866666666666667,1210,3571,3;12;13;17;21;22;27;32;38;41;42;48;56;58;59;64;65;66;67;71;72;73;75;79;81;89;90;91;94;97;98;99;101;105;106;112;115;117;119;121;125;127;129;131;132;134;139;141;142;144;149;151;154;157;159;160;164;167;169;172;174;175;176;177;179;180;181;183;184;186;188;193;194;198;200;201;206;219;223;225;226;229;230;232;235;236;238;241;242;244;245;247;251;255;257;258;259;261;262;263;264;270;271;272;281;288;289;292;293;296;297;299;301;304;306;308;310;314;317;325;333;334;335;337;340;345;346;347;350;351;352;354;356;359;360;361;364;369;372;373;376;377;380;381;383;384;385;387;391;400;401;402;407;408;411;414;424;430;431;434;435;437;446;447;448;453;457;461;464;468;470;474;475;481;484;485;487;490;491;496;502;506;507;510;512;515;521;528;540;543;544;546;549;550;553;559;565;567;570;576;580;582;584;586;588;590;592;597;600;602;603;610;611;615;618;623;626;630;632;635;642;643;647;648;654;660;661;662;664;667;675;679;681;684;686;689;690;692;693;694;698;699;700;703;704;705;706;708;712;716;723;729;732;733;736;740;741;743;746;748;749;753;756;762;763;767;768;771;775;777;778;782;788;789;790;791;792;795;801;802;803;807;810;814;815;816;818;822;823;841;844;846;849;850;857;862;866;867;871;873;880;881;886;888;889;892;894;903;904;906;909;910;911;919;923;928;930;933;934;937;939;940;941;942;945;946;947;948;949;952;955;957;959;963;964;969;972;978;980;981;983;986;991;996;1004;1005;1007;1011;1013;1020;1021;1022;1025;1031;1037;1044;1045;1046;1048;1049;1055;1056;1057;1061;1063;1065;1066;1069;1071;1073;1080;1090;1094;1095;1098;1101;1108;1112;1114;1115;1116;1119;1124;1125;1131;1135;1136;1140;1144;1145;1146;1151;1155;1156;1161;1163;1165;1173;1175;1176;1177;1181;1192;1194;1195;1200;1203;1205;1208;1209;1213;1217;1220;1222;1225;1227;1228;1229;1232;1242;1243;1244;1248;1255;1256;1258;1259;1262;1264;1267;1279;1283;1289;1290;1292;1295;1299;1301;1304;1306;1307;1310;1311;1313;1316;1323;1324;1329;1330;1331;1335;1336;1343;1349;1350;1351;1354;1357;1358;1359;1362;1364;1365;1366;1367;1377;1378;1380;1381;1383;1384;1390;1391;1392;1393;1394;1398;1399;1401;1404;1407;1408;1412;1418;1423;1426;1428;1433;1436;1437;1442;1444;1445;1454;1457;1459;1461;1473;1474;1478;1479;1482;1485;1486;1488;1491;1492;1495;1502;1503;1505;1507;1514;1516;1517;1520;1523;1526;1530;1532;1533;1536;1544;1552;1554;1556;1559;1561;1567;1570;1571;1575;1578;1580;1581;1582;1584;1591;1596;1597;1599;1600;1602;1603;1605;1608;1611;1615;1619;1623;1627;1628;1630;1631;1632;1637;1638;1640;1644;1648;1651;1655;1656;1658;1659;1662;1664;1665;1667;1670;1672;1673;1677;1680;1688;1690;1692;1695;1699;1701;1702;1704;1705;1706;1707;1708;1711;1715;1717;1718;1720;1726;1731;1734;1736;1738;1740;1742;1746;1752;1754;1755;1757;1758;1759;1769;1771;1775;1778;1779;1780;1783;1784;1787;1790;1791;1794;1798;1801;1802;1803;1808;1809;1811;1813;1814;1827;1828;1829;1832;1834;1837;1839;1841;1845;1848;1849;1857;1858;1861;1863;1864;1867;1868;1872;1873;1875;1880;1882;1889;1891;1892;1895;1897;1902;1905;1906;1911;1914;1917;1919;1923;1931;1934;1935;1936;1938;1940;1945;1946;1949;1967;1969;1970;1972;1974;1976;1978;1979;1980;1983;1984;1986;1988;1991;1994;1999;2002;2003;2005;2010;2011;2014;2015;2020;2023;2025;2026;2027;2028;2035;2037;2040;2043;2044;2045;2050;2051;2055;2056;2060;2065;2066;2068;2070;2072;2078;2080;2082;2086;2092;2096;2100;2107;2110;2119;2120;2121;2127;2130;2132;2133;2135;2142;2143;2144;2151;2154;2159;2163;2166;2167;2168;2169;2172;2174;2175;2178;2182;2186;2187;2188;2191;2195;2197;2199;2200;2205;2217;2218;2221;2224;2227;2229;2235;2238;2247;2254;2257;2259;2260;2262;2263;2265;2271;2272;2275;2277;2281;2284;2287;2289;2290;2291;2293;2297;2299;2300;2303;2307;2308;2313;2317;2319;2325;2326;2330;2332;2333;2334;2335;2337;2341;2345;2347;2352;2360;2365;2369;2371;2373;2376;2377;2378;2379;2380;2382;2385;2386;2388;2391;2392;2393;2403;2404;2406;2409;2414;2417;2420;2422;2424;2426;2427;2429;2438;2439;2440;2445;2447;2454;2469;2470;2471;2472;2474;2475;2476;2477;2478;2480;2481;2485;2487;2489;2491;2492;2496;2500;2502;2504;2506;2509;2510;2512;2516;2519;2521;2523;2525;2526;2530;2532;2533;2536;2537;2538;2541;2542;2543;2545;2556;2557;2562;2563;2564;2565;2571;2577;2578;2581;2584;2592;2595;2596;2601;2602;2606;2618;2621;2624;2626;2630;2632;2633;2638;2639;2641;2644;2650;2651;2657;2660;2663;2667;2671;2679;2683;2686;2689;2691;2692;2696;2697;2699;2713;2718;2720;2723;2727;2728;2730;2731;2733;2736;2739;2742;2745;2746;2747;2751;2752;2759;2760;2766;2775;2777;2782;2785;2786;2791;2794;2797;2807;2809;2810;2814;2817;2824;2825;2827;2831;2840;2841;2844;2851;2853;2857;2861;2863;2864;2865;2869;2870;2879;2880;2886;2888;2889;2891;2900;2905;2909;2910;2911;2913;2922;2924;2927;2928;2930;2932;2933;2936;2941;2942;2943;2945;2946;2950;2951;2965;2968;2977;2981;2982;2985;2997;2998;3003;3004;3007;3008;3011;3017;3021;3022;3024;3030;3032;3033;3035;3037;3043;3044;3045;3047;3048;3050;3058;3063;3066;3068;3071;3072;3073;3077;3078;3081;3084;3085;3087;3088;3089;3091;3096;3102;3103;3105;3106;3111;3113;3114;3116;3119;3127;3128;3131;3134;3135;3141;3143;3144;3145;3146;3147;3153;3154;3155;3159;3161;3163;3164;3165;3169;3170;3173;3177;3179;3184;3185;3186;3192;3194;3195;3197;3201;3204;3214;3220;3222;3226;3228;3229;3239;3241;3247;3249;3258;3259;3261;3264;3266;3267;3268;3271;3273;3275;3278;3279;3280;3287;3288;3290;3291;3294;3295;3300;3303;3309;3313;3317;3320;3321;3323;3329;3334;3336;3337;3338;3339;3342;3344;3345;3347;3351;3352;3356;3358;3359;3360;3361;3364;3368;3369;3370;3374;3379;3380;3381;3383;3385;3387;3388;3389;3392;3394;3401;3405;3413;3420;3427;3430;3433;3434;3436;3439;3440;3441;3442;3446;3453;3455;3457;3458;3461;3463;3465;3468;3470;3475;3476;3479;3483;3490;3492;3494;3497;3498;3500;3501;3508;3510;3511;3515;3517;3523;3527;3530;3534;3539;3542;3545;3552;3554;3555;3556;3563;3565;3568,379.7583222077228
0.4,Leukemia,9,0.01654080089610751,0.9866666666666667,1193,3571,0;4;9;17;20;22;23;24;27;33;37;44;50;52;56;57;62;64;65;67;71;72;76;77;78;80;86;92;94;99;101;102;103;104;106;116;118;119;121;122;123;135;139;141;144;148;151;152;154;170;172;177;178;185;186;187;188;189;193;198;205;208;212;214;218;222;223;225;227;232;233;238;239;240;249;250;258;261;263;264;266;270;273;274;276;277;282;284;285;286;288;290;292;297;300;305;310;311;317;318;319;321;324;326;333;334;336;338;340;344;347;349;351;357;361;363;367;369;371;379;382;383;384;386;388;390;391;393;394;397;399;405;408;409;410;411;412;414;416;417;421;423;426;428;430;433;434;435;440;441;452;455;459;460;464;467;488;489;494;499;501;504;506;507;511;517;518;520;521;523;527;528;532;536;538;541;542;544;547;550;553;555;556;559;564;566;574;577;588;597;600;607;608;612;617;623;625;626;628;637;642;644;646;654;655;658;662;663;664;679;680;681;683;687;689;694;708;709;710;716;717;722;723;728;729;732;733;734;738;739;743;745;749;750;753;754;755;757;758;761;762;767;770;771;772;776;778;785;793;800;802;804;807;808;809;811;812;817;826;827;829;833;835;840;850;853;855;858;865;867;869;871;873;875;877;878;884;885;887;893;898;900;902;903;904;914;917;918;919;926;929;931;937;939;940;941;942;945;946;948;950;955;958;960;963;966;967;971;973;974;975;980;981;982;984;988;989;993;995;1003;1009;1010;1012;1014;1017;1019;1021;1027;1031;1032;1034;1037;1040;1041;1043;1044;1051;1053;1055;1057;1060;1063;1065;1067;1068;1079;1083;1087;1095;1098;1100;1104;1108;1110;1112;1113;1114;1116;1122;1125;1128;1129;1130;1132;1133;1134;1139;1141;1143;1144;1146;1147;1149;1152;1156;1161;1172;1173;1174;1175;1181;1183;1184;1192;1193;1194;1196;1205;1208;1213;1218;1223;1224;1226;1227;1228;1232;1233;1235;1237;1243;1244;1245;1248;1250;1252;1253;1254;1255;1261;1263;1265;1267;1270;1276;1278;1283;1286;1288;1291;1295;1297;1301;1303;1313;1316;1317;1318;1319;1320;1321;1327;1331;1333;1336;1337;1340;1352;1356;1362;1365;1366;1367;1368;1372;1376;1379;1380;1382;1388;1389;1397;1399;1400;1405;1407;1408;1409;1411;1414;1415;1416;1421;1424;1425;1427;1432;1434;1438;1448;1450;1455;1458;1462;1469;1470;1473;1474;1479;1483;1484;1485;1493;1495;1496;1505;1506;1507;1508;1512;1515;1520;1522;1527;1529;1530;1534;1536;1545;1549;1555;1556;1559;1561;1567;1568;1573;1574;1577;1580;1581;1582;1601;1602;1609;1610;1613;1615;1616;1617;1622;1623;1624;1625;1631;1632;1635;1640;1641;1643;1648;1651;1654;1656;1662;1663;1665;1668;1670;1675;1677;1680;1685;1686;1692;1700;1703;1708;1712;1718;1738;1742;1743;1750;1751;1755;1756;1759;1761;1762;1763;1765;1766;1771;1773;1774;1775;1778;1779;1786;1787;1789;1790;1794;1797;1798;1802;1803;1804;1815;1817;1821;1826;1827;1828;1830;1832;1833;1834;1838;1839;1845;1846;1849;1856;1866;1867;1869;1872;1878;1884;1885;1889;1891;1894;1896;1904;1909;1910;1916;1920;1923;1924;1925;1926;1927;1931;1932;1934;1938;1939;1950;1957;1958;1959;1963;1967;1968;1974;1975;1978;1979;1983;1991;1996;1999;2001;2004;2007;2011;2013;2015;2018;2019;2021;2028;2031;2032;2035;2036;2038;2049;2050;2057;2058;2059;2062;2064;2074;2075;2077;2079;2081;2082;2083;2087;2092;2093;2096;2099;2100;2104;2105;2107;2109;2110;2114;2115;2117;2122;2124;2126;2130;2132;2135;2137;2138;2140;2141;2144;2147;2153;2154;2155;2157;2160;2165;2169;2174;2177;2178;2180;2183;2189;2193;2199;2202;2203;2208;2209;2210;2213;2214;2215;2217;2218;2219;2222;2224;2225;2228;2230;2232;2236;2238;2239;2241;2244;2245;2246;2248;2250;2251;2259;2264;2266;2267;2270;2271;2275;2276;2282;2286;2287;2289;2290;2291;2295;2297;2300;2301;2304;2305;2309;2318;2324;2327;2328;2332;2336;2338;2339;2341;2343;2344;2345;2346;2348;2349;2352;2353;2358;2359;2360;2366;2367;2370;2372;2375;2377;2380;2381;2382;2383;2385;2386;2387;2388;2389;2390;2392;2393;2394;2396;2397;2403;2404;2405;2409;2410;2416;2419;2421;2424;2425;2426;2427;2429;2432;2436;2440;2442;2444;2445;2446;2448;2449;2452;2458;2468;2474;2475;2476;2480;2482;2485;2488;2490;2496;2498;2499;2500;2510;2512;2513;2521;2523;2525;2526;2528;2530;2533;2539;2540;2544;2545;2550;2554;2559;2562;2563;2567;2584;2587;2590;2593;2594;2599;2602;2603;2604;2606;2609;2610;2613;2617;2619;2621;2623;2630;2632;2634;2639;2640;2646;2647;2649;2653;2654;2658;2659;2664;2665;2666;2670;2676;2678;2680;2683;2686;2688;2689;2691;2699;2707;2716;2719;2721;2724;2725;2733;2738;2746;2748;2750;2751;2752;2761;2762;2763;2764;2773;2775;2776;2777;2780;2783;2784;2785;2788;2789;2790;2792;2793;2798;2801;2804;2808;2810;2814;2815;2817;2818;2827;2831;2832;2833;2835;2840;2841;2847;2853;2854;2858;2859;2860;2861;2863;2865;2866;2868;2869;2872;2873;2874;2880;2883;2884;2887;2888;2891;2894;2898;2899;2900;2902;2908;2910;2912;2914;2917;2918;2919;2920;2928;2935;2943;2945;2952;2953;2962;2963;2965;2966;2967;2969;2972;2976;2980;2981;2984;2986;2993;2995;2997;2998;3001;3002;3004;3009;3011;3012;3019;3022;3023;3024;3026;3027;3031;3037;3038;3042;3045;3048;3059;3060;3063;3064;3066;3069;3072;3076;3079;3082;3084;3085;3094;3100;3101;3104;3105;3108;3109;3111;3114;3115;3117;3119;3121;3125;3127;3130;3131;3133;3139;3148;3150;3151;3152;3153;3156;3157;3161;3169;3172;3173;3175;3177;3178;3180;3185;3187;3188;3194;3195;3198;3200;3201;3204;3209;3210;3211;3218;3219;3222;3223;3225;3232;3234;3241;3242;3246;3248;3249;3251;3257;3259;3260;3261;3274;3279;3282;3284;3289;3293;3295;3305;3308;3310;3311;3316;3325;3331;3333;3346;3349;3350;3351;3352;3357;3359;3367;3369;3370;3371;3375;3376;3381;3382;3387;3388;3391;3394;3395;3397;3400;3404;3405;3408;3410;3417;3421;3429;3430;3431;3432;3433;3435;3436;3438;3439;3440;3441;3442;3446;3448;3451;3455;3456;3457;3464;3465;3468;3469;3471;3473;3476;3479;3482;3484;3485;3488;3490;3491;3494;3498;3500;3505;3510;3511;3513;3514;3519;3520;3524;3527;3532;3533;3536;3537;3539;3542;3546;3551;3552;3553;3555;3556;3557;3563;3567;3568;3569,379.5437562917359
0.4,Leukemia,10,0.016580005600672056,0.9866666666666667,1207,3571,0;4;10;13;20;23;24;27;35;37;39;41;49;50;57;59;65;66;67;69;72;75;76;79;83;85;89;90;94;99;101;102;105;106;112;114;118;122;129;138;142;143;144;145;146;149;150;152;153;154;162;163;167;169;170;173;177;179;180;181;187;195;203;206;209;213;214;215;223;226;227;229;230;232;233;235;236;237;238;243;248;251;255;256;261;263;265;267;269;272;273;274;275;277;278;281;284;286;288;291;292;293;294;299;307;312;313;319;321;322;325;327;329;331;333;334;338;339;341;346;349;350;356;368;384;385;387;390;393;394;397;401;408;410;421;426;429;433;435;437;439;443;444;445;447;450;453;455;456;459;461;464;465;468;469;472;473;474;475;481;483;484;490;493;498;500;501;502;503;512;516;521;527;530;532;533;536;537;545;548;550;551;553;555;557;558;562;565;567;573;576;582;587;589;590;594;599;609;611;614;617;618;619;620;621;623;625;631;634;635;636;639;642;645;647;648;652;653;654;655;658;661;663;664;668;671;673;675;685;686;687;690;692;695;699;703;708;709;712;715;716;717;722;725;726;728;729;730;733;736;742;744;745;746;751;753;754;758;761;762;767;769;770;771;774;776;783;788;791;792;795;800;801;804;805;806;807;812;819;826;830;831;832;833;834;835;839;840;844;846;847;848;850;851;853;860;862;865;868;871;875;877;878;880;883;889;890;895;897;902;907;910;911;915;916;917;922;925;928;929;931;934;935;937;939;945;947;949;952;957;958;963;964;966;967;970;971;978;980;982;983;987;988;989;992;996;997;998;1001;1002;1006;1008;1009;1015;1019;1021;1023;1030;1032;1034;1037;1040;1041;1046;1047;1048;1051;1052;1053;1061;1063;1064;1066;1083;1085;1087;1092;1094;1095;1099;1102;1105;1106;1112;1114;1117;1126;1128;1130;1134;1136;1139;1140;1142;1143;1145;1146;1148;1150;1153;1157;1161;1162;1164;1167;1168;1169;1170;1171;1177;1178;1180;1181;1182;1186;1187;1188;1190;1191;1194;1195;1198;1201;1203;1204;1205;1211;1214;1218;1220;1221;1223;1235;1236;1240;1241;1247;1250;1253;1254;1255;1256;1257;1258;1263;1270;1271;1274;1276;1282;1283;1286;1298;1299;1303;1304;1306;1308;1310;1311;1314;1316;1321;1332;1334;1335;1339;1340;1341;1342;1347;1351;1354;1355;1356;1357;1358;1359;1361;1362;1363;1372;1373;1376;1378;1382;1383;1385;1395;1396;1397;1398;1402;1403;1406;1414;1416;1418;1421;1424;1426;1428;1430;1433;1434;1435;1436;1441;1444;1446;1448;1450;1451;1452;1455;1462;1463;1465;1469;1475;1476;1479;1480;1484;1485;1488;1490;1491;1493;1494;1495;1497;1498;1499;1501;1508;1510;1512;1514;1520;1522;1523;1527;1531;1532;1536;1538;1545;1547;1550;1555;1558;1560;1563;1564;1566;1571;1577;1581;1582;1584;1587;1589;1591;1597;1598;1600;1601;1604;1609;1611;1613;1617;1619;1621;1623;1626;1627;1632;1634;1636;1638;1641;1643;1644;1646;1652;1653;1656;1662;1665;1671;1674;1680;1683;1684;1687;1692;1697;1701;1705;1706;1711;1713;1716;1723;1732;1734;1738;1740;1741;1742;1744;1746;1754;1757;1758;1759;1760;1761;1764;1767;1768;1771;1772;1777;1786;1793;1795;1801;1802;1803;1804;1806;1810;1811;1812;1813;1816;1817;1818;1819;1821;1827;1830;1831;1837;1840;1842;1844;1848;1852;1854;1855;1861;1862;1864;1868;1869;1871;1872;1873;1874;1881;1891;1892;1893;1895;1896;1902;1906;1908;1910;1913;1914;1917;1918;1920;1924;1925;1932;1934;1935;1939;1944;1945;1948;1959;1965;1971;1972;1974;1984;1985;1986;1988;1989;1990;1991;1994;1997;2005;2006;2008;2009;2010;2013;2015;2020;2021;2022;2023;2028;2036;2038;2040;2042;2043;2045;2048;2049;2052;2056;2060;2064;2069;2070;2071;2072;2078;2081;2082;2089;2092;2097;2103;2105;2106;2109;2110;2111;2112;2113;2116;2118;2120;2122;2126;2129;2136;2137;2140;2141;2144;2145;2146;2152;2154;2155;2157;2161;2163;2165;2167;2171;2176;2178;2193;2195;2197;2204;2206;2209;2214;2217;2218;2220;2222;2228;2230;2231;2236;2241;2245;2250;2254;2256;2257;2258;2259;2263;2266;2268;2271;2273;2284;2288;2289;2294;2297;2301;2305;2309;2312;2318;2319;2327;2332;2333;2334;2336;2338;2344;2348;2352;2353;2357;2358;2359;2363;2365;2366;2373;2376;2377;2378;2390;2398;2399;2403;2406;2407;2408;2410;2414;2415;2416;2425;2431;2434;2435;2436;2440;2441;2444;2448;2450;2452;2456;2458;2464;2465;2467;2475;2479;2492;2493;2495;2497;2500;2501;2507;2513;2517;2522;2524;2527;2532;2534;2538;2539;2543;2544;2548;2550;2551;2554;2557;2560;2564;2567;2570;2574;2576;2577;2580;2582;2583;2585;2588;2593;2594;2600;2602;2603;2608;2609;2621;2623;2633;2638;2639;2640;2641;2646;2648;2649;2652;2653;2654;2657;2660;2661;2664;2670;2676;2677;2679;2681;2682;2684;2685;2687;2689;2693;2694;2696;2698;2701;2706;2709;2710;2713;2715;2720;2724;2729;2731;2737;2738;2741;2750;2752;2760;2761;2762;2767;2768;2769;2776;2777;2780;2785;2786;2788;2790;2791;2793;2798;2803;2804;2809;2810;2811;2813;2814;2815;2816;2817;2820;2822;2823;2828;2831;2832;2836;2838;2841;2848;2852;2853;2856;2858;2860;2861;2865;2868;2869;2871;2879;2880;2881;2885;2886;2887;2892;2894;2898;2900;2901;2902;2905;2907;2908;2909;2910;2916;2917;2923;2925;2935;2938;2940;2942;2945;2953;2958;2965;2969;2972;2979;2980;2985;2986;2987;2988;2995;3003;3004;3006;3008;3024;3025;3026;3031;3033;3034;3036;3037;3040;3042;3043;3044;3045;3046;3047;3048;3053;3054;3056;3057;3058;3070;3074;3076;3077;3079;3082;3084;3085;3096;3097;3100;3103;3108;3114;3119;3127;3128;3136;3143;3147;3152;3153;3154;3157;3161;3169;3171;3173;3175;3176;3180;3184;3190;3191;3195;3197;3200;3204;3206;3211;3213;3214;3215;3220;3222;3223;3228;3231;3233;3236;3240;3243;3245;3246;3247;3253;3255;3256;3257;3261;3264;3265;3275;3277;3283;3286;3291;3292;3296;3306;3308;3309;3318;3322;3323;3328;3329;3331;3332;3339;3340;3343;3346;3349;3350;3357;3359;3360;3365;3368;3369;3373;3386;3388;3389;3391;3393;3394;3398;3403;3408;3410;3411;3412;3420;3421;3423;3424;3427;3430;3433;3444;3446;3447;3451;3452;3456;3457;3459;3460;3461;3462;3464;3465;3468;3472;3474;3477;3479;3487;3488;3489;3491;3494;3496;3498;3499;3502;3505;3508;3510;3511;3513;3525;3533;3535;3537;3540;3541;3542;3546;3553;3556;3560;3569,381.44390354072675
0.4,Leukemia,11,0.017612473496819568,0.9857142857142858,1239,3571,0;1;2;3;6;7;9;17;18;19;21;24;25;26;28;30;31;39;40;42;49;52;53;60;61;63;65;68;71;75;76;77;78;89;90;91;94;103;107;108;110;111;112;113;115;119;121;122;126;128;129;135;138;139;141;147;149;150;154;156;157;159;162;163;164;166;167;169;174;179;184;186;187;189;191;193;196;201;207;210;212;213;214;216;217;218;224;226;229;231;232;233;235;237;239;242;244;250;253;256;257;263;267;268;270;273;276;278;281;283;286;289;290;291;296;298;301;305;308;309;312;313;316;319;322;323;328;334;337;342;345;348;350;351;356;357;359;363;367;370;372;373;374;380;382;384;385;389;394;396;409;410;412;413;418;420;421;422;425;427;428;429;430;433;435;438;445;451;457;466;469;470;472;473;477;479;482;485;486;487;490;498;510;513;519;521;522;525;527;532;537;538;542;546;547;548;552;554;556;558;559;560;566;567;576;577;579;582;584;594;601;606;607;610;614;615;618;621;625;627;628;629;633;637;643;645;647;649;651;654;655;660;661;662;664;665;667;668;676;678;679;682;683;684;685;687;689;690;692;694;696;698;703;705;707;710;715;717;719;720;722;728;729;730;731;734;735;737;738;741;745;746;750;751;756;757;759;761;764;767;768;772;782;784;792;794;795;800;802;803;807;808;809;814;818;822;826;830;831;832;833;834;836;841;842;844;845;846;849;850;856;857;859;865;866;867;870;879;881;883;889;890;893;895;901;905;906;914;921;930;933;934;937;940;941;942;946;948;949;952;954;955;957;959;960;964;966;969;972;973;978;993;994;995;1006;1010;1011;1013;1016;1017;1018;1019;1021;1022;1023;1027;1040;1043;1046;1048;1049;1055;1059;1063;1065;1066;1081;1086;1088;1089;1091;1097;1100;1104;1106;1109;1113;1114;1115;1118;1120;1123;1126;1128;1129;1132;1133;1134;1139;1140;1144;1148;1151;1153;1155;1160;1162;1164;1165;1166;1167;1171;1174;1175;1180;1181;1182;1183;1186;1187;1188;1189;1193;1195;1196;1200;1205;1206;1210;1212;1213;1214;1215;1216;1218;1220;1222;1227;1230;1243;1244;1247;1248;1252;1257;1261;1266;1267;1270;1273;1278;1279;1282;1293;1295;1296;1298;1302;1308;1309;1315;1316;1318;1319;1323;1327;1332;1338;1339;1340;1341;1350;1352;1353;1354;1358;1360;1364;1367;1368;1371;1372;1378;1380;1384;1385;1386;1387;1388;1391;1394;1395;1398;1399;1405;1406;1407;1408;1409;1415;1417;1418;1420;1421;1423;1424;1425;1427;1430;1433;1442;1444;1446;1448;1450;1451;1455;1459;1469;1470;1475;1482;1486;1490;1491;1494;1499;1500;1501;1505;1506;1507;1508;1509;1510;1513;1515;1516;1521;1523;1525;1528;1533;1535;1536;1538;1539;1540;1541;1542;1544;1548;1549;1552;1559;1561;1563;1564;1565;1566;1569;1570;1571;1573;1577;1578;1581;1584;1586;1592;1594;1601;1604;1607;1609;1610;1611;1614;1615;1617;1618;1621;1626;1627;1628;1629;1631;1633;1635;1637;1638;1639;1641;1644;1645;1647;1651;1655;1659;1662;1664;1665;1668;1669;1675;1680;1686;1687;1693;1697;1698;1701;1702;1703;1707;1708;1709;1715;1721;1722;1724;1725;1726;1730;1733;1735;1736;1740;1742;1743;1746;1751;1759;1760;1763;1765;1768;1771;1776;1782;1783;1784;1787;1788;1790;1794;1796;1800;1802;1809;1811;1821;1822;1823;1829;1831;1832;1833;1835;1837;1843;1844;1845;1849;1850;1857;1858;1870;1875;1880;1881;1892;1894;1896;1900;1902;1903;1904;1906;1909;1911;1912;1914;1917;1918;1919;1922;1925;1929;1931;1932;1935;1936;1940;1947;1948;1949;1951;1954;1956;1957;1961;1967;1970;1971;1975;1976;1977;1981;1988;1989;1990;1994;1999;2001;2004;2005;2007;2008;2009;2011;2012;2020;2023;2025;2028;2030;2031;2032;2035;2036;2037;2038;2042;2044;2047;2048;2051;2052;2054;2056;2060;2062;2064;2069;2070;2072;2073;2078;2079;2080;2081;2083;2084;2085;2087;2089;2091;2093;2096;2099;2100;2101;2108;2117;2132;2133;2134;2138;2140;2141;2144;2149;2151;2152;2156;2164;2166;2167;2171;2172;2176;2178;2180;2181;2182;2183;2185;2188;2190;2193;2194;2195;2199;2200;2203;2206;2211;2216;2221;2222;2224;2225;2227;2228;2232;2234;2237;2238;2239;2243;2245;2247;2253;2254;2258;2261;2264;2265;2267;2268;2269;2272;2279;2281;2283;2284;2290;2298;2302;2303;2305;2306;2310;2311;2315;2326;2328;2333;2334;2338;2341;2342;2344;2349;2350;2351;2352;2358;2363;2365;2366;2371;2373;2374;2385;2389;2393;2398;2404;2406;2411;2412;2413;2415;2422;2426;2431;2433;2436;2441;2444;2446;2448;2450;2455;2456;2459;2461;2463;2464;2470;2472;2476;2485;2486;2489;2495;2496;2501;2504;2506;2507;2516;2519;2522;2525;2528;2531;2534;2548;2552;2557;2559;2561;2562;2566;2567;2573;2577;2587;2591;2600;2602;2605;2606;2607;2611;2612;2613;2614;2615;2617;2622;2632;2635;2637;2638;2639;2640;2641;2642;2644;2655;2661;2663;2665;2671;2672;2673;2677;2678;2680;2681;2682;2685;2692;2693;2697;2700;2701;2706;2716;2717;2722;2723;2734;2737;2740;2741;2745;2747;2748;2752;2754;2755;2756;2758;2762;2764;2765;2767;2769;2772;2776;2781;2783;2786;2788;2791;2793;2794;2799;2801;2804;2806;2807;2808;2809;2810;2812;2818;2819;2820;2822;2828;2834;2836;2841;2844;2845;2849;2857;2861;2862;2864;2865;2869;2872;2873;2875;2880;2881;2882;2883;2884;2885;2891;2892;2893;2895;2903;2908;2916;2917;2919;2921;2926;2929;2931;2933;2935;2937;2939;2941;2950;2956;2959;2960;2961;2962;2965;2969;2970;2978;2979;2986;2987;2990;2991;2996;2998;3000;3004;3007;3008;3012;3015;3016;3021;3024;3025;3028;3030;3033;3037;3040;3045;3047;3048;3053;3058;3059;3060;3067;3068;3072;3076;3077;3079;3082;3087;3093;3097;3101;3104;3108;3111;3112;3124;3125;3126;3128;3129;3130;3134;3136;3137;3143;3144;3147;3152;3154;3155;3156;3161;3163;3165;3168;3170;3176;3177;3178;3179;3180;3181;3183;3194;3196;3198;3199;3200;3204;3208;3210;3217;3221;3222;3223;3224;3227;3229;3231;3233;3234;3235;3246;3249;3250;3251;3254;3255;3256;3271;3273;3276;3283;3287;3290;3298;3301;3302;3305;3306;3307;3309;3315;3319;3321;3322;3328;3333;3336;3342;3349;3350;3351;3358;3365;3367;3368;3370;3374;3384;3388;3389;3391;3394;3395;3396;3402;3404;3405;3406;3407;3409;3415;3416;3418;3419;3422;3423;3426;3431;3439;3442;3444;3449;3455;3460;3462;3464;3465;3471;3472;3474;3478;3479;3481;3483;3486;3497;3498;3502;3511;3512;3513;3515;3518;3519;3520;3522;3532;3534;3536;3539;3542;3544;3545;3546;3547;3551;3557;3559;3563;3565;3566;3567;3569,381.6892071659677
0.4,Leukemia,12,0.017506060727287224,0.9857142857142858,1201,3571,0;3;9;10;18;21;25;26;29;32;33;36;38;39;40;41;43;44;45;46;50;51;52;55;58;62;64;69;74;77;89;90;91;98;104;105;106;109;111;112;115;117;118;119;123;126;127;130;131;132;133;135;138;139;140;141;144;146;147;151;152;153;154;158;164;173;175;178;179;191;192;193;205;208;212;216;223;226;228;242;248;251;253;257;259;260;264;268;270;277;280;285;288;295;300;304;309;310;311;313;317;318;325;326;329;330;331;334;338;340;341;346;352;354;356;357;358;359;364;369;372;373;380;383;384;386;387;389;391;392;393;394;400;401;407;409;413;416;417;420;424;425;429;430;431;433;434;436;438;440;453;455;456;457;460;465;466;475;479;481;483;487;494;495;498;499;500;508;509;510;511;516;517;523;524;528;535;543;544;547;549;550;551;552;559;561;568;570;575;578;582;585;587;588;589;591;592;593;596;600;601;603;604;609;622;625;629;630;631;633;635;648;650;651;654;656;657;658;663;665;666;667;669;681;682;684;685;687;690;694;696;697;699;700;705;706;708;711;712;718;720;721;723;725;728;729;731;734;735;736;738;739;741;750;753;759;766;770;771;777;779;782;785;786;787;788;790;792;795;796;800;801;802;806;810;812;814;820;826;828;829;830;832;833;834;836;842;847;850;853;856;863;866;867;868;869;870;877;879;882;883;886;892;893;894;895;896;901;902;905;906;907;908;909;910;914;919;923;925;927;928;934;936;937;939;942;945;947;948;953;955;959;966;972;973;975;978;979;980;984;987;989;990;991;997;1001;1002;1003;1006;1009;1015;1017;1021;1022;1024;1027;1036;1040;1043;1045;1048;1049;1050;1052;1056;1059;1069;1070;1072;1073;1074;1075;1076;1080;1083;1084;1085;1088;1098;1101;1103;1104;1105;1112;1113;1116;1118;1119;1121;1129;1130;1133;1134;1135;1137;1138;1141;1143;1145;1147;1153;1160;1163;1167;1171;1172;1173;1174;1175;1177;1179;1180;1181;1186;1191;1194;1203;1212;1213;1214;1215;1217;1218;1220;1221;1222;1223;1226;1232;1235;1236;1242;1249;1250;1252;1260;1262;1264;1266;1268;1269;1270;1272;1279;1287;1288;1292;1296;1300;1303;1306;1310;1311;1314;1317;1318;1319;1320;1322;1326;1328;1330;1331;1332;1334;1335;1340;1341;1342;1344;1347;1349;1354;1355;1357;1360;1364;1379;1385;1388;1389;1391;1394;1395;1398;1405;1409;1414;1415;1423;1424;1429;1430;1432;1440;1442;1457;1458;1462;1466;1469;1479;1480;1482;1483;1485;1488;1493;1495;1498;1500;1501;1503;1508;1509;1510;1517;1521;1526;1527;1528;1530;1534;1538;1539;1545;1548;1550;1551;1556;1560;1562;1566;1569;1570;1572;1573;1584;1587;1592;1601;1608;1613;1615;1621;1622;1634;1637;1638;1639;1644;1645;1649;1651;1652;1655;1656;1659;1664;1672;1674;1680;1690;1691;1692;1696;1700;1702;1703;1709;1719;1723;1726;1728;1729;1734;1739;1743;1744;1752;1765;1768;1776;1778;1783;1784;1785;1788;1790;1791;1792;1796;1798;1800;1801;1802;1803;1806;1811;1821;1822;1827;1828;1831;1833;1834;1838;1839;1841;1844;1845;1850;1856;1857;1860;1871;1873;1874;1875;1878;1881;1885;1886;1890;1894;1896;1902;1913;1915;1916;1921;1925;1926;1927;1932;1935;1939;1943;1944;1945;1946;1948;1950;1955;1958;1963;1965;1967;1970;1975;1977;1980;1981;1985;1997;2006;2007;2008;2010;2012;2015;2017;2019;2020;2021;2026;2030;2031;2034;2036;2038;2040;2045;2052;2062;2064;2066;2069;2072;2073;2074;2080;2086;2091;2100;2101;2102;2108;2109;2112;2113;2114;2116;2118;2119;2122;2123;2127;2128;2130;2131;2132;2137;2138;2142;2143;2147;2148;2157;2158;2162;2165;2170;2173;2174;2175;2176;2177;2181;2189;2193;2201;2205;2208;2209;2210;2217;2229;2231;2232;2240;2247;2248;2252;2258;2259;2264;2265;2266;2268;2269;2271;2272;2273;2276;2281;2283;2286;2295;2298;2302;2313;2314;2318;2326;2330;2337;2338;2341;2344;2347;2349;2350;2352;2355;2359;2364;2367;2369;2372;2376;2379;2380;2382;2383;2384;2389;2392;2396;2397;2403;2406;2411;2412;2414;2417;2420;2424;2425;2430;2435;2439;2444;2445;2452;2453;2458;2459;2460;2461;2466;2473;2475;2476;2479;2482;2483;2488;2491;2492;2495;2498;2500;2503;2512;2514;2515;2517;2519;2520;2525;2529;2530;2534;2536;2541;2548;2560;2561;2563;2565;2568;2571;2573;2574;2578;2582;2587;2589;2592;2593;2597;2605;2615;2616;2617;2622;2625;2627;2629;2631;2633;2634;2640;2646;2652;2653;2656;2657;2658;2661;2664;2665;2668;2670;2671;2672;2673;2678;2679;2682;2686;2687;2691;2692;2699;2700;2701;2703;2706;2707;2708;2713;2715;2716;2719;2722;2727;2732;2734;2735;2736;2742;2745;2748;2752;2761;2769;2770;2771;2773;2776;2778;2779;2780;2783;2785;2787;2790;2791;2792;2797;2799;2802;2803;2804;2805;2807;2809;2815;2816;2817;2818;2819;2823;2824;2826;2830;2836;2838;2839;2840;2842;2843;2844;2845;2846;2854;2855;2857;2859;2861;2862;2867;2868;2869;2870;2871;2878;2879;2881;2883;2885;2887;2888;2889;2896;2898;2899;2900;2901;2902;2903;2905;2907;2909;2911;2912;2913;2916;2922;2924;2930;2933;2936;2937;2938;2939;2945;2946;2950;2951;2954;2955;2960;2961;2966;2968;2971;2972;2980;2983;2985;2988;2989;2990;2994;2995;2996;3000;3001;3003;3006;3011;3013;3017;3018;3023;3024;3025;3027;3028;3029;3033;3034;3037;3041;3043;3048;3049;3052;3053;3055;3058;3059;3062;3063;3067;3070;3071;3076;3079;3081;3084;3091;3095;3101;3102;3106;3111;3115;3116;3121;3126;3128;3129;3138;3144;3150;3152;3155;3156;3158;3159;3160;3161;3169;3177;3179;3181;3185;3186;3191;3195;3196;3200;3204;3212;3213;3215;3217;3218;3222;3224;3226;3228;3229;3230;3232;3236;3239;3240;3241;3243;3245;3248;3249;3259;3260;3263;3265;3266;3273;3274;3277;3279;3288;3297;3300;3303;3307;3308;3310;3311;3312;3314;3315;3317;3318;3319;3323;3326;3329;3333;3340;3342;3351;3356;3357;3358;3359;3360;3365;3366;3369;3372;3374;3377;3381;3385;3388;3390;3399;3406;3409;3411;3412;3414;3415;3416;3424;3425;3426;3428;3430;3431;3432;3433;3437;3438;3440;3442;3450;3455;3457;3458;3463;3468;3469;3471;3474;3476;3478;3481;3485;3486;3487;3491;3494;3495;3496;3504;3506;3507;3509;3512;3513;3514;3521;3525;3527;3528;3529;3530;3535;3537;3538;3541;3543;3544;3547;3550;3552;3558;3559;3562;3563;3564;3565;3566;3569,387.8280786671676
0.4,Leukemia,13,0.016501596191542962,0.9866666666666667,1179,3571,4;8;11;13;14;17;19;22;23;31;34;36;44;47;48;50;53;54;60;67;68;70;71;78;94;95;97;98;104;108;109;110;114;116;117;119;122;123;124;125;126;128;129;132;133;137;139;145;147;153;154;159;160;165;168;169;178;179;184;185;188;192;193;195;197;199;202;204;205;206;207;209;212;217;218;221;222;231;232;234;246;253;261;263;266;268;270;280;283;284;289;293;295;296;303;304;307;309;311;318;321;322;324;325;326;327;328;329;333;337;345;346;347;348;349;351;357;358;360;364;370;375;377;380;381;383;384;388;389;393;394;396;397;400;404;411;413;417;419;423;424;430;431;432;433;434;435;440;441;448;455;456;458;460;461;463;472;473;475;478;479;481;488;489;494;495;496;501;503;506;511;515;516;518;519;520;522;524;525;528;529;530;535;536;538;539;544;551;555;556;557;559;566;567;573;576;579;582;584;593;595;598;599;602;604;609;611;612;617;625;628;631;633;637;641;642;646;650;651;658;660;668;669;673;681;682;686;690;691;696;700;702;703;704;709;712;713;717;719;722;729;734;736;737;740;756;763;769;770;771;773;775;779;784;787;795;796;797;801;802;803;804;805;809;819;820;822;823;824;827;829;833;834;839;841;844;850;853;854;856;857;859;862;867;870;873;880;882;883;885;886;889;896;898;901;902;906;909;915;917;918;919;927;934;938;940;945;948;950;952;954;955;956;959;961;963;966;969;970;971;972;980;981;984;985;986;993;994;1018;1024;1029;1030;1032;1037;1038;1040;1046;1047;1053;1055;1058;1063;1064;1066;1071;1077;1080;1084;1086;1087;1090;1091;1094;1098;1099;1100;1104;1105;1109;1112;1118;1119;1122;1123;1125;1130;1136;1137;1138;1142;1144;1147;1151;1152;1153;1154;1156;1158;1162;1164;1167;1169;1172;1173;1177;1181;1186;1187;1189;1190;1192;1199;1200;1203;1204;1205;1211;1212;1213;1214;1216;1217;1218;1223;1231;1235;1237;1240;1241;1242;1251;1252;1253;1254;1256;1259;1263;1270;1271;1272;1273;1274;1280;1281;1284;1285;1287;1290;1296;1297;1299;1300;1304;1309;1310;1311;1318;1320;1322;1323;1330;1331;1333;1336;1337;1339;1349;1353;1357;1361;1363;1364;1366;1380;1386;1388;1389;1397;1401;1416;1421;1422;1424;1426;1427;1428;1430;1432;1433;1436;1437;1444;1447;1448;1449;1450;1451;1453;1455;1457;1458;1463;1465;1467;1468;1470;1471;1474;1476;1478;1485;1488;1489;1492;1493;1494;1499;1500;1501;1504;1507;1510;1513;1515;1520;1522;1526;1527;1531;1547;1549;1550;1552;1553;1558;1560;1561;1562;1567;1577;1581;1585;1586;1591;1592;1595;1598;1599;1601;1604;1605;1608;1610;1611;1613;1616;1620;1621;1622;1627;1631;1635;1644;1649;1654;1656;1657;1661;1663;1665;1667;1669;1670;1679;1680;1687;1696;1700;1703;1704;1706;1709;1713;1715;1726;1727;1730;1733;1735;1736;1737;1747;1753;1756;1757;1762;1763;1767;1769;1771;1772;1777;1779;1780;1784;1788;1790;1792;1793;1805;1806;1810;1813;1817;1819;1825;1830;1836;1842;1846;1850;1851;1852;1858;1862;1863;1864;1866;1869;1877;1878;1880;1890;1891;1892;1897;1898;1899;1900;1901;1902;1903;1904;1905;1909;1911;1914;1915;1917;1919;1923;1924;1927;1929;1931;1932;1934;1937;1944;1946;1950;1951;1952;1953;1954;1955;1956;1963;1965;1969;1970;1974;1975;1976;1978;1979;1980;1983;1990;1993;1997;2000;2003;2008;2010;2011;2014;2015;2024;2029;2030;2031;2035;2037;2038;2047;2048;2054;2058;2061;2062;2063;2067;2068;2069;2073;2074;2076;2082;2092;2093;2094;2096;2098;2100;2106;2107;2110;2114;2115;2117;2118;2121;2126;2129;2130;2131;2132;2134;2135;2138;2143;2148;2150;2154;2156;2159;2161;2168;2172;2173;2176;2177;2184;2186;2187;2192;2193;2195;2197;2198;2199;2200;2201;2203;2205;2206;2208;2212;2213;2216;2219;2221;2225;2226;2228;2231;2237;2238;2241;2242;2244;2251;2252;2253;2255;2262;2265;2273;2275;2276;2278;2282;2283;2284;2288;2290;2298;2301;2305;2306;2307;2308;2315;2316;2322;2324;2325;2327;2328;2329;2330;2337;2338;2339;2345;2346;2347;2348;2349;2354;2360;2361;2364;2370;2372;2373;2374;2376;2377;2381;2385;2386;2396;2403;2407;2409;2411;2414;2416;2421;2422;2423;2438;2439;2440;2441;2446;2450;2452;2453;2455;2460;2462;2465;2468;2470;2475;2477;2480;2481;2487;2492;2493;2494;2499;2505;2516;2517;2522;2525;2526;2527;2529;2530;2531;2535;2539;2540;2543;2544;2550;2552;2553;2556;2558;2560;2568;2571;2572;2587;2588;2589;2594;2596;2601;2602;2603;2604;2607;2613;2614;2626;2627;2630;2633;2637;2639;2640;2643;2645;2648;2653;2662;2667;2668;2670;2672;2674;2680;2681;2685;2697;2699;2702;2704;2706;2708;2709;2714;2715;2717;2722;2724;2725;2731;2733;2739;2745;2747;2753;2754;2755;2756;2761;2763;2765;2768;2780;2783;2785;2787;2788;2791;2796;2798;2799;2800;2804;2805;2807;2813;2814;2817;2818;2826;2830;2831;2833;2834;2835;2836;2837;2838;2844;2848;2852;2859;2862;2878;2880;2881;2892;2893;2895;2898;2901;2902;2904;2908;2911;2916;2918;2919;2920;2921;2922;2926;2927;2938;2939;2942;2943;2946;2950;2955;2958;2965;2969;2972;2973;2974;2975;2979;2980;2988;2990;2995;2996;2997;3001;3006;3008;3015;3016;3024;3028;3030;3033;3038;3040;3042;3043;3052;3055;3056;3062;3064;3067;3068;3072;3077;3081;3083;3085;3086;3088;3102;3110;3111;3116;3117;3118;3120;3121;3124;3125;3126;3127;3129;3130;3131;3132;3140;3142;3144;3145;3152;3154;3160;3161;3162;3171;3172;3174;3175;3179;3180;3181;3183;3184;3185;3187;3192;3194;3200;3203;3205;3208;3214;3215;3217;3221;3228;3229;3234;3240;3251;3254;3262;3265;3269;3270;3271;3274;3275;3276;3280;3281;3282;3283;3284;3288;3294;3298;3300;3304;3307;3308;3313;3315;3322;3323;3325;3326;3328;3330;3331;3334;3337;3340;3341;3344;3345;3356;3358;3359;3362;3364;3367;3368;3369;3375;3376;3378;3385;3388;3390;3396;3398;3400;3402;3415;3416;3417;3418;3419;3420;3424;3431;3432;3441;3444;3445;3446;3449;3451;3452;3457;3459;3466;3471;3472;3473;3474;3476;3479;3481;3482;3483;3484;3487;3489;3499;3503;3504;3505;3506;3516;3517;3520;3524;3528;3530;3531;3535;3539;3541;3543;3547;3551;3553;3559;3562;3563;3564;3565;3568;3569,387.57294520828873
0.4,Leukemia,14,0.017618074168900218,0.9857142857142858,1241,3571,1;5;17;18;20;23;24;29;31;39;40;45;47;51;53;56;58;59;61;65;76;80;81;82;83;85;86;89;90;92;94;97;98;100;103;104;105;106;111;116;117;123;124;126;130;131;132;139;143;144;146;148;149;152;155;156;157;158;161;164;168;169;170;173;177;179;188;189;194;197;202;203;204;205;209;213;218;219;224;228;230;231;233;236;239;242;249;250;251;255;256;259;262;267;268;271;273;274;275;278;283;285;287;289;291;292;295;298;302;309;311;313;314;317;319;321;324;325;330;333;335;337;338;339;340;348;351;352;353;355;356;358;359;370;373;375;385;392;393;396;398;405;407;408;410;412;414;415;419;420;423;424;427;428;433;434;437;438;441;443;444;448;451;455;457;459;460;461;463;468;469;471;472;478;479;484;485;489;492;494;498;499;506;509;511;516;525;538;543;544;545;546;547;549;550;554;558;568;571;574;575;579;583;589;591;600;602;605;606;607;612;615;616;618;619;623;626;629;632;633;641;642;645;646;649;651;656;657;658;661;662;666;669;671;673;674;680;682;683;684;688;690;697;702;703;704;705;708;710;713;717;720;725;728;729;731;733;735;736;748;753;757;758;759;760;761;762;763;768;769;772;775;778;780;783;798;804;805;808;809;811;813;815;817;822;823;824;827;829;834;835;838;840;841;843;845;847;848;857;858;869;870;871;872;873;875;876;877;880;884;885;892;894;895;898;900;901;905;906;913;915;917;918;923;924;927;929;934;937;938;942;943;946;947;948;949;951;954;957;958;960;963;965;972;973;978;983;987;988;989;993;994;998;999;1006;1008;1009;1019;1024;1025;1031;1038;1040;1043;1048;1050;1052;1054;1056;1058;1062;1064;1067;1072;1075;1077;1078;1080;1085;1086;1087;1088;1091;1092;1095;1097;1098;1099;1101;1102;1103;1105;1106;1108;1109;1110;1112;1113;1118;1120;1122;1124;1128;1131;1137;1138;1140;1143;1144;1145;1148;1160;1161;1163;1165;1169;1172;1176;1178;1180;1187;1190;1193;1195;1197;1200;1201;1204;1205;1206;1207;1209;1214;1215;1216;1218;1220;1222;1223;1224;1231;1232;1243;1246;1247;1248;1254;1255;1257;1258;1259;1265;1268;1269;1270;1275;1276;1277;1279;1282;1283;1288;1289;1291;1299;1301;1302;1303;1304;1308;1313;1314;1320;1322;1330;1334;1337;1340;1342;1343;1347;1355;1360;1361;1363;1364;1372;1374;1377;1379;1380;1381;1385;1386;1392;1393;1397;1398;1401;1402;1407;1408;1410;1414;1415;1419;1420;1422;1425;1427;1430;1432;1437;1438;1444;1447;1451;1454;1456;1459;1462;1466;1470;1474;1477;1478;1482;1487;1488;1492;1494;1495;1497;1504;1505;1507;1508;1509;1510;1516;1519;1523;1531;1534;1542;1549;1550;1552;1553;1555;1557;1558;1561;1562;1565;1569;1574;1576;1577;1578;1579;1581;1582;1583;1584;1585;1586;1590;1592;1597;1599;1605;1606;1607;1613;1615;1616;1619;1622;1624;1625;1629;1635;1640;1643;1646;1653;1655;1658;1660;1661;1662;1667;1673;1676;1686;1689;1698;1699;1700;1703;1707;1709;1710;1716;1718;1721;1722;1725;1726;1730;1732;1739;1743;1745;1753;1759;1760;1761;1762;1766;1767;1770;1773;1777;1779;1780;1782;1785;1791;1792;1794;1795;1796;1799;1801;1802;1804;1805;1806;1808;1810;1814;1815;1817;1819;1823;1828;1829;1830;1835;1839;1842;1844;1848;1852;1853;1854;1859;1861;1862;1878;1880;1883;1885;1886;1889;1893;1897;1898;1899;1902;1907;1915;1918;1928;1930;1933;1939;1941;1942;1943;1948;1952;1953;1955;1956;1958;1964;1973;1977;1978;1980;1991;1996;1999;2000;2001;2004;2005;2007;2008;2010;2011;2015;2019;2026;2027;2032;2034;2037;2039;2045;2046;2048;2049;2050;2051;2057;2058;2061;2063;2065;2069;2072;2073;2074;2075;2076;2089;2090;2094;2098;2099;2104;2105;2106;2110;2112;2114;2116;2118;2122;2124;2127;2130;2135;2137;2140;2142;2143;2145;2148;2150;2151;2156;2158;2159;2161;2164;2168;2172;2175;2179;2182;2187;2188;2190;2192;2197;2201;2202;2204;2209;2210;2213;2216;2217;2219;2225;2226;2227;2228;2229;2230;2232;2233;2237;2239;2240;2241;2242;2246;2248;2250;2251;2253;2264;2267;2270;2272;2275;2276;2279;2286;2287;2288;2290;2291;2294;2295;2296;2299;2300;2303;2304;2305;2307;2309;2310;2315;2318;2319;2320;2326;2329;2334;2336;2341;2346;2349;2350;2356;2357;2358;2362;2365;2368;2371;2375;2377;2380;2383;2386;2388;2395;2397;2401;2402;2403;2407;2410;2414;2420;2422;2431;2435;2436;2438;2440;2447;2448;2452;2453;2454;2456;2459;2460;2462;2467;2468;2469;2473;2474;2475;2480;2484;2487;2490;2496;2497;2499;2504;2505;2506;2507;2508;2509;2511;2518;2522;2524;2526;2528;2530;2532;2534;2536;2539;2547;2548;2549;2550;2553;2555;2556;2562;2570;2573;2578;2581;2583;2584;2585;2588;2592;2593;2594;2598;2599;2603;2604;2613;2615;2616;2621;2629;2631;2635;2636;2640;2641;2647;2655;2657;2665;2666;2668;2669;2676;2682;2686;2691;2694;2696;2700;2706;2708;2709;2713;2714;2717;2721;2723;2729;2731;2733;2737;2739;2741;2744;2747;2750;2758;2759;2760;2762;2763;2764;2767;2772;2775;2777;2779;2782;2783;2788;2790;2797;2798;2802;2807;2809;2811;2818;2820;2822;2823;2825;2827;2828;2830;2831;2835;2836;2837;2841;2843;2844;2853;2855;2857;2860;2864;2865;2867;2870;2872;2873;2874;2876;2879;2885;2886;2888;2893;2897;2898;2900;2902;2903;2906;2910;2916;2918;2919;2922;2924;2928;2930;2932;2935;2943;2948;2952;2954;2957;2958;2966;2967;2970;2972;2973;2975;2980;2983;2988;2991;2998;3000;3001;3002;3003;3004;3010;3022;3027;3031;3038;3039;3040;3043;3049;3051;3052;3056;3057;3067;3071;3074;3076;3077;3078;3079;3085;3086;3087;3088;3090;3092;3093;3094;3095;3101;3104;3108;3113;3114;3115;3116;3121;3128;3129;3131;3134;3138;3139;3143;3150;3151;3152;3154;3160;3161;3162;3163;3166;3167;3168;3169;3171;3173;3177;3186;3187;3192;3193;3196;3207;3210;3213;3217;3221;3222;3225;3226;3232;3233;3238;3239;3242;3244;3245;3247;3254;3258;3259;3276;3278;3280;3281;3284;3286;3292;3295;3296;3298;3303;3304;3305;3311;3317;3318;3320;3322;3324;3332;3339;3342;3345;3348;3357;3360;3362;3365;3366;3368;3369;3372;3376;3377;3378;3380;3384;3386;3388;3389;3390;3393;3396;3398;3404;3405;3408;3410;3411;3412;3413;3416;3418;3419;3422;3432;3434;3436;3443;3444;3446;3447;3450;3454;3456;3457;3458;3464;3467;3472;3474;3475;3480;3483;3484;3487;3488;3491;3496;3503;3506;3508;3513;3515;3516;3518;3521;3527;3528;3529;3532;3533;3534;3537;3539;3547;3548;3550;3554;3560;3562;3565;3568;3569,386.7565568331629
0.4,Leukemia,15,0.01745005400648073,0.9857142857142858,1181,3571,1;7;10;11;17;28;30;31;35;43;44;48;50;52;54;58;60;61;64;65;68;69;72;77;81;83;87;88;91;93;98;99;101;104;105;108;110;111;116;117;118;120;131;134;138;139;141;143;146;147;150;157;166;168;170;172;178;179;180;188;189;193;197;199;205;208;214;220;222;225;226;227;228;229;231;233;235;236;237;238;241;243;246;247;249;255;260;264;265;266;268;272;278;280;282;284;285;288;292;293;299;301;305;314;319;327;328;332;335;336;340;347;351;353;355;356;358;359;361;365;367;370;376;377;378;383;384;385;399;405;412;418;424;425;426;427;428;429;430;433;434;435;438;439;440;442;444;445;447;449;456;461;464;465;469;471;475;477;486;488;489;491;492;493;502;505;507;514;516;517;518;519;524;525;530;532;533;534;536;540;542;548;551;552;553;556;557;559;561;563;564;566;568;570;571;584;587;589;591;599;601;602;606;607;608;612;613;614;615;617;620;621;622;625;626;629;630;632;646;649;650;653;656;658;659;661;663;667;669;670;672;673;676;681;682;688;689;690;697;700;702;703;705;706;709;711;714;716;717;728;732;734;735;741;743;746;749;753;754;755;757;758;761;762;764;765;769;775;778;779;784;794;798;801;802;807;808;811;812;814;822;827;833;836;841;845;848;849;850;852;854;855;857;859;861;865;868;870;871;881;885;887;889;895;903;906;907;908;911;918;922;925;928;931;938;940;947;948;949;951;955;956;960;970;972;973;976;979;981;984;986;998;1001;1003;1007;1019;1022;1025;1027;1029;1035;1045;1048;1049;1053;1057;1062;1070;1075;1082;1083;1086;1090;1091;1099;1106;1109;1112;1113;1114;1115;1117;1118;1125;1127;1129;1133;1140;1143;1144;1145;1149;1151;1153;1156;1157;1160;1165;1166;1172;1173;1175;1176;1178;1182;1186;1187;1193;1196;1200;1206;1211;1212;1213;1218;1221;1224;1227;1228;1229;1231;1233;1235;1241;1244;1246;1252;1253;1254;1256;1260;1265;1267;1269;1270;1271;1273;1279;1281;1291;1294;1296;1298;1301;1305;1306;1317;1319;1320;1322;1324;1325;1334;1337;1340;1341;1343;1344;1347;1352;1355;1357;1361;1365;1374;1375;1379;1384;1386;1387;1388;1392;1395;1397;1399;1406;1408;1411;1413;1418;1419;1421;1424;1425;1426;1428;1429;1431;1432;1433;1437;1438;1440;1443;1444;1455;1456;1461;1462;1463;1466;1467;1469;1470;1473;1475;1476;1478;1479;1480;1482;1483;1486;1488;1489;1492;1494;1499;1509;1514;1517;1518;1520;1522;1525;1528;1533;1534;1535;1536;1538;1541;1543;1545;1547;1556;1558;1559;1560;1562;1563;1566;1573;1575;1576;1581;1586;1588;1590;1595;1599;1606;1608;1611;1615;1619;1627;1628;1631;1632;1634;1635;1641;1642;1645;1647;1656;1657;1659;1660;1663;1664;1666;1669;1671;1673;1675;1676;1682;1683;1684;1687;1689;1694;1697;1699;1703;1704;1705;1708;1709;1714;1716;1717;1718;1719;1721;1724;1725;1726;1731;1733;1735;1739;1740;1743;1745;1746;1751;1752;1755;1756;1758;1762;1771;1773;1781;1782;1792;1794;1798;1803;1804;1808;1813;1818;1819;1821;1822;1824;1826;1827;1828;1834;1838;1839;1844;1846;1849;1855;1857;1860;1863;1868;1869;1870;1874;1875;1877;1878;1881;1882;1883;1885;1887;1888;1889;1891;1892;1893;1899;1901;1905;1908;1913;1917;1919;1924;1927;1931;1932;1935;1940;1945;1946;1948;1957;1961;1962;1967;1970;1971;1974;1975;1977;1986;1997;1998;1999;2000;2001;2002;2004;2011;2015;2017;2020;2026;2027;2031;2032;2034;2035;2037;2039;2041;2042;2047;2048;2052;2053;2054;2057;2061;2063;2064;2073;2080;2085;2091;2096;2098;2099;2100;2101;2103;2106;2108;2114;2124;2128;2131;2135;2139;2140;2141;2142;2145;2146;2147;2148;2150;2152;2153;2155;2156;2164;2172;2176;2178;2181;2182;2184;2190;2191;2194;2195;2196;2197;2202;2210;2219;2220;2222;2223;2225;2229;2230;2233;2235;2237;2238;2239;2241;2245;2246;2248;2255;2258;2265;2277;2284;2286;2288;2290;2297;2300;2304;2307;2308;2309;2314;2315;2320;2324;2325;2326;2330;2339;2345;2347;2348;2349;2351;2352;2360;2361;2364;2369;2370;2375;2379;2383;2388;2389;2397;2398;2399;2401;2403;2405;2408;2413;2414;2415;2417;2419;2424;2436;2439;2443;2448;2451;2452;2454;2463;2465;2471;2472;2475;2480;2482;2484;2492;2494;2496;2499;2500;2505;2512;2519;2524;2526;2528;2531;2532;2537;2539;2541;2543;2548;2551;2552;2553;2556;2557;2558;2562;2569;2570;2572;2574;2582;2584;2585;2591;2593;2594;2595;2601;2604;2607;2608;2609;2612;2613;2619;2620;2623;2625;2630;2633;2634;2637;2638;2640;2646;2649;2653;2655;2657;2661;2662;2665;2669;2677;2678;2680;2685;2687;2689;2690;2691;2693;2696;2699;2704;2709;2713;2714;2718;2719;2723;2726;2729;2733;2734;2735;2736;2738;2741;2743;2747;2749;2750;2757;2758;2760;2761;2768;2770;2776;2778;2783;2788;2792;2793;2799;2801;2802;2804;2805;2807;2811;2812;2819;2823;2824;2826;2828;2829;2831;2832;2837;2840;2846;2849;2850;2851;2857;2858;2865;2867;2871;2874;2878;2883;2889;2891;2893;2894;2897;2902;2908;2910;2912;2913;2914;2915;2916;2919;2920;2922;2925;2927;2928;2930;2931;2932;2936;2943;2944;2945;2946;2948;2949;2950;2957;2961;2962;2963;2964;2967;2972;2978;2983;2988;2990;2993;2994;2995;2997;3002;3006;3007;3008;3011;3013;3015;3018;3024;3026;3028;3029;3030;3033;3037;3042;3043;3052;3055;3059;3064;3068;3069;3071;3077;3081;3082;3089;3091;3097;3098;3106;3112;3113;3114;3118;3124;3125;3126;3128;3129;3132;3136;3139;3144;3150;3156;3157;3159;3170;3174;3175;3181;3183;3186;3201;3202;3203;3208;3215;3217;3218;3220;3222;3223;3224;3232;3234;3236;3247;3250;3262;3264;3268;3270;3274;3275;3284;3289;3291;3292;3293;3296;3297;3298;3301;3302;3306;3307;3308;3309;3310;3315;3316;3320;3324;3327;3332;3336;3338;3340;3342;3346;3347;3348;3352;3355;3356;3358;3359;3363;3367;3368;3369;3373;3376;3380;3381;3382;3384;3387;3388;3389;3397;3400;3402;3407;3412;3414;3417;3421;3422;3423;3424;3425;3426;3427;3433;3436;3440;3451;3455;3475;3479;3480;3485;3486;3488;3489;3492;3495;3496;3501;3503;3508;3513;3519;3520;3521;3523;3524;3528;3533;3535;3537;3539;3543;3545;3547;3549;3552;3556;3559;3562;3563;3564;3565;3566;3569,388.61680262489244
0.4,Leukemia,16,0.01662761131335758,0.9866666666666667,1224,3571,1;3;13;14;19;20;21;25;26;29;30;31;33;37;39;43;51;58;62;64;65;70;74;75;78;80;81;84;86;94;95;101;104;108;110;111;118;119;121;124;125;128;131;137;140;144;148;149;152;154;156;157;158;163;169;170;172;173;175;177;182;189;190;191;193;199;206;208;212;217;219;225;228;229;233;235;236;239;240;242;243;246;252;255;257;258;261;263;264;265;267;269;273;276;284;286;291;292;293;295;296;307;311;312;313;319;320;322;330;332;334;336;347;351;353;359;360;361;368;369;372;374;375;379;380;386;394;399;400;405;406;409;411;412;413;417;420;422;423;425;434;439;447;449;450;455;456;458;461;462;464;465;466;467;469;471;473;478;480;483;491;498;500;501;502;504;505;510;515;526;527;528;529;530;533;538;541;542;547;550;552;553;559;562;563;564;565;566;571;576;577;580;584;586;589;592;593;596;599;605;607;614;616;621;623;624;634;635;639;641;642;643;644;646;648;650;654;657;660;675;676;678;679;685;691;702;703;706;709;712;715;717;720;721;724;729;731;733;734;735;739;740;749;751;754;756;757;765;766;768;769;778;782;783;784;790;795;796;797;801;805;808;810;812;821;825;826;829;832;836;837;842;847;858;859;864;866;867;869;871;873;874;878;880;881;887;888;892;894;895;898;899;900;903;908;910;914;916;918;920;921;922;924;925;926;927;932;934;935;937;938;940;941;944;946;948;952;957;960;963;964;965;968;969;971;972;976;977;978;988;989;990;991;994;997;1001;1003;1008;1010;1012;1013;1015;1017;1019;1020;1023;1025;1026;1029;1031;1033;1034;1035;1036;1038;1041;1044;1047;1050;1052;1055;1062;1063;1064;1067;1069;1075;1076;1078;1080;1081;1084;1086;1098;1099;1100;1101;1103;1104;1105;1110;1115;1118;1120;1124;1126;1130;1132;1135;1139;1143;1146;1151;1153;1154;1155;1156;1162;1167;1168;1170;1171;1186;1195;1203;1205;1206;1207;1210;1213;1215;1216;1217;1223;1230;1232;1234;1235;1237;1242;1247;1250;1254;1256;1257;1259;1260;1261;1265;1267;1270;1275;1285;1286;1291;1292;1298;1301;1302;1304;1305;1306;1309;1313;1321;1322;1324;1325;1326;1327;1333;1337;1340;1341;1342;1343;1346;1348;1352;1359;1364;1365;1367;1369;1370;1373;1378;1381;1383;1384;1387;1391;1393;1394;1395;1396;1397;1399;1402;1407;1409;1410;1411;1416;1420;1423;1424;1425;1426;1427;1429;1432;1433;1435;1436;1438;1441;1443;1444;1445;1449;1452;1455;1456;1458;1459;1460;1464;1469;1470;1471;1472;1475;1478;1479;1480;1482;1484;1492;1494;1495;1500;1502;1505;1506;1511;1513;1514;1517;1522;1524;1525;1527;1531;1532;1538;1542;1543;1545;1547;1550;1551;1561;1564;1566;1568;1569;1573;1580;1581;1587;1589;1590;1597;1600;1602;1606;1608;1609;1610;1617;1621;1622;1623;1624;1627;1629;1633;1635;1639;1641;1642;1643;1649;1652;1655;1656;1657;1660;1663;1666;1667;1668;1677;1685;1692;1695;1697;1699;1701;1703;1704;1709;1712;1713;1722;1723;1724;1731;1732;1733;1735;1738;1742;1745;1746;1749;1750;1751;1752;1754;1755;1756;1757;1759;1764;1769;1771;1773;1774;1776;1777;1779;1780;1785;1787;1789;1791;1792;1794;1795;1798;1801;1802;1806;1807;1808;1809;1814;1818;1822;1823;1826;1831;1832;1834;1836;1838;1839;1840;1848;1852;1856;1865;1870;1873;1875;1877;1878;1881;1882;1885;1888;1889;1896;1897;1905;1906;1907;1909;1911;1913;1915;1916;1917;1921;1925;1928;1935;1937;1938;1939;1940;1945;1946;1952;1956;1958;1959;1962;1964;1965;1966;1968;1969;1972;1976;1978;1979;1984;1986;1987;1988;1993;1999;2003;2010;2017;2020;2023;2027;2028;2033;2036;2038;2039;2043;2045;2055;2057;2058;2059;2060;2063;2064;2066;2069;2071;2074;2076;2077;2078;2080;2082;2087;2094;2095;2100;2102;2103;2105;2110;2113;2114;2115;2118;2119;2125;2126;2130;2134;2135;2139;2140;2143;2145;2147;2148;2155;2157;2161;2162;2165;2167;2172;2174;2175;2177;2182;2183;2186;2187;2194;2196;2199;2201;2203;2205;2206;2210;2219;2220;2223;2224;2225;2226;2229;2233;2235;2237;2243;2250;2256;2257;2258;2260;2262;2264;2265;2275;2278;2282;2283;2284;2289;2290;2295;2297;2300;2302;2307;2311;2312;2313;2316;2319;2321;2330;2331;2335;2337;2338;2341;2342;2344;2347;2348;2353;2356;2361;2363;2366;2368;2370;2374;2376;2379;2380;2384;2385;2386;2389;2394;2398;2399;2403;2408;2412;2415;2417;2418;2419;2421;2422;2423;2427;2429;2430;2432;2433;2437;2438;2442;2443;2444;2445;2446;2452;2456;2457;2458;2459;2461;2466;2472;2481;2486;2491;2498;2500;2502;2507;2515;2521;2537;2538;2542;2545;2550;2554;2555;2559;2567;2571;2579;2581;2582;2589;2590;2594;2601;2602;2606;2613;2620;2622;2630;2631;2634;2635;2636;2640;2643;2645;2649;2650;2653;2654;2655;2658;2659;2661;2667;2669;2670;2671;2676;2677;2678;2679;2685;2686;2689;2694;2698;2701;2705;2708;2709;2711;2712;2717;2719;2720;2729;2731;2733;2735;2736;2741;2743;2746;2748;2751;2754;2755;2758;2759;2760;2761;2763;2765;2766;2768;2770;2771;2773;2776;2777;2780;2787;2788;2789;2790;2791;2792;2794;2798;2799;2811;2813;2814;2818;2819;2820;2823;2826;2828;2833;2835;2839;2844;2845;2846;2847;2848;2853;2857;2863;2867;2872;2878;2879;2881;2883;2884;2886;2888;2893;2895;2897;2902;2906;2909;2914;2925;2927;2928;2929;2930;2932;2933;2936;2939;2944;2945;2946;2949;2959;2963;2968;2971;2976;2978;2979;2981;2982;2985;2987;2988;2989;2990;2994;2998;3000;3001;3002;3003;3004;3012;3014;3020;3022;3023;3024;3026;3027;3034;3037;3047;3053;3054;3056;3059;3062;3067;3069;3070;3071;3072;3073;3075;3079;3080;3085;3086;3091;3093;3095;3096;3101;3106;3112;3115;3116;3117;3124;3125;3129;3130;3132;3137;3145;3148;3149;3150;3152;3153;3157;3159;3161;3162;3166;3173;3176;3177;3182;3186;3188;3194;3195;3198;3202;3205;3206;3207;3208;3209;3215;3217;3221;3224;3225;3227;3229;3231;3234;3236;3237;3242;3243;3249;3250;3251;3256;3262;3265;3268;3270;3275;3277;3279;3282;3285;3286;3291;3293;3296;3302;3303;3312;3318;3319;3322;3334;3341;3352;3357;3359;3360;3362;3365;3377;3380;3381;3387;3389;3392;3402;3405;3406;3408;3409;3414;3416;3417;3418;3419;3428;3436;3440;3441;3443;3446;3449;3451;3452;3455;3458;3459;3462;3463;3475;3478;3481;3485;3490;3493;3500;3501;3502;3506;3507;3509;3514;3518;3521;3522;3530;3536;3537;3540;3542;3546;3548;3554;3557;3558;3564;3565;3566;3567;3569;3570,390.18291895790026
0.4,Leukemia,17,0.0174472536704404,0.9857142857142858,1180,3571,0;1;7;12;18;25;30;31;33;34;39;40;46;47;49;51;58;59;61;65;68;70;76;77;78;79;82;83;84;86;87;89;101;102;105;107;108;113;119;121;123;124;125;127;128;129;131;135;137;139;143;147;151;152;156;157;163;169;170;172;174;176;177;179;185;187;188;189;191;192;195;197;201;207;208;215;217;219;220;221;222;223;226;228;232;233;235;243;247;249;255;256;257;260;263;264;265;270;271;272;276;279;280;281;285;288;290;301;307;310;328;335;337;344;347;348;349;350;353;355;356;358;360;361;363;364;367;372;374;375;384;391;394;395;399;401;404;405;406;407;408;409;412;421;422;423;425;430;434;437;438;448;449;455;456;462;463;464;466;471;472;475;479;481;483;484;486;489;494;495;498;499;500;502;504;506;509;515;519;525;527;529;530;533;538;539;540;541;542;549;550;554;557;571;575;578;582;583;585;588;592;593;603;605;606;607;614;615;626;629;632;633;641;650;653;655;656;658;660;664;667;669;676;678;680;681;686;688;689;690;694;697;699;702;707;710;712;713;714;719;720;721;723;726;730;733;738;739;740;745;746;747;749;750;752;761;765;766;770;778;779;784;785;786;787;788;793;804;806;807;810;811;812;814;816;817;818;819;820;821;822;823;828;829;831;836;838;839;847;850;858;865;866;867;869;870;880;890;895;896;898;900;903;906;917;918;919;920;921;922;925;927;947;949;950;954;957;958;959;965;966;968;971;978;981;982;989;993;994;995;996;1011;1013;1018;1019;1029;1032;1033;1034;1036;1037;1041;1042;1046;1047;1048;1050;1052;1053;1055;1067;1069;1072;1075;1076;1080;1082;1083;1084;1085;1089;1091;1092;1094;1096;1100;1102;1103;1104;1105;1109;1110;1112;1113;1117;1122;1124;1125;1129;1132;1135;1138;1142;1143;1145;1148;1153;1155;1159;1163;1164;1166;1168;1176;1178;1179;1180;1184;1187;1188;1191;1193;1196;1202;1204;1208;1215;1217;1218;1219;1220;1225;1228;1231;1232;1235;1240;1243;1244;1245;1248;1249;1252;1253;1262;1263;1274;1279;1281;1282;1289;1291;1292;1294;1296;1297;1298;1299;1309;1311;1316;1317;1319;1320;1325;1334;1335;1337;1340;1342;1344;1347;1349;1354;1357;1359;1362;1367;1372;1378;1381;1385;1388;1389;1391;1394;1395;1399;1403;1408;1411;1413;1415;1416;1419;1420;1423;1426;1432;1433;1437;1442;1446;1449;1450;1452;1454;1456;1460;1462;1466;1467;1468;1469;1473;1478;1479;1481;1486;1488;1489;1493;1497;1498;1500;1505;1506;1509;1512;1517;1520;1523;1525;1526;1530;1532;1533;1534;1537;1543;1558;1562;1563;1565;1571;1577;1582;1583;1584;1585;1588;1590;1593;1596;1597;1598;1599;1603;1606;1609;1615;1619;1621;1623;1627;1629;1632;1634;1648;1652;1653;1654;1659;1662;1663;1664;1667;1673;1674;1676;1684;1687;1688;1695;1697;1698;1705;1711;1712;1714;1715;1717;1718;1726;1728;1733;1734;1735;1736;1740;1746;1749;1752;1755;1759;1765;1766;1767;1771;1774;1788;1794;1796;1797;1798;1808;1809;1812;1816;1818;1825;1826;1828;1832;1834;1839;1841;1843;1847;1851;1857;1858;1860;1861;1866;1870;1871;1877;1878;1880;1882;1883;1893;1894;1898;1899;1900;1904;1905;1911;1914;1916;1917;1920;1921;1926;1928;1931;1938;1941;1945;1947;1961;1963;1966;1967;1979;1985;1992;1995;1997;2003;2011;2014;2019;2020;2021;2025;2026;2034;2036;2039;2041;2048;2049;2051;2052;2055;2062;2070;2071;2072;2076;2077;2081;2084;2087;2089;2090;2091;2092;2094;2095;2101;2103;2104;2105;2108;2110;2112;2115;2127;2128;2129;2130;2131;2135;2137;2139;2140;2141;2142;2146;2147;2154;2155;2158;2165;2167;2169;2176;2184;2185;2189;2191;2192;2207;2208;2213;2214;2216;2219;2220;2221;2223;2227;2229;2231;2234;2236;2237;2241;2242;2244;2246;2247;2250;2251;2252;2253;2256;2257;2259;2260;2265;2267;2268;2276;2278;2281;2284;2287;2288;2289;2290;2292;2296;2298;2299;2300;2303;2304;2305;2306;2308;2309;2310;2311;2312;2315;2316;2323;2325;2328;2330;2343;2345;2346;2349;2354;2366;2369;2375;2384;2385;2386;2401;2403;2406;2407;2408;2410;2411;2419;2423;2425;2429;2431;2433;2435;2439;2441;2444;2447;2448;2449;2450;2452;2453;2455;2459;2461;2465;2470;2472;2474;2475;2480;2484;2489;2492;2494;2496;2498;2501;2502;2503;2506;2511;2512;2517;2522;2523;2530;2531;2532;2533;2534;2539;2540;2545;2547;2553;2557;2558;2560;2565;2581;2587;2592;2594;2597;2600;2601;2602;2606;2612;2613;2617;2619;2621;2624;2630;2631;2634;2635;2637;2640;2641;2643;2646;2660;2664;2667;2668;2669;2671;2672;2674;2676;2681;2683;2684;2689;2690;2691;2694;2696;2699;2701;2707;2711;2712;2713;2714;2717;2718;2719;2722;2726;2729;2736;2739;2742;2743;2745;2749;2751;2752;2754;2756;2759;2760;2763;2764;2766;2769;2773;2777;2778;2780;2782;2783;2786;2788;2789;2794;2800;2801;2802;2803;2809;2810;2814;2816;2819;2820;2826;2827;2831;2832;2833;2834;2836;2841;2846;2852;2856;2860;2862;2863;2864;2867;2868;2871;2872;2874;2875;2879;2880;2881;2887;2891;2893;2894;2896;2908;2917;2919;2921;2926;2928;2935;2948;2951;2957;2958;2962;2963;2964;2965;2967;2968;2976;2981;2983;2984;2993;2996;2998;3000;3001;3002;3003;3004;3010;3012;3015;3018;3021;3022;3027;3030;3031;3035;3036;3038;3042;3052;3053;3054;3056;3057;3058;3065;3067;3070;3071;3072;3075;3077;3081;3084;3087;3093;3099;3100;3105;3109;3111;3126;3128;3131;3132;3133;3138;3143;3144;3147;3148;3154;3155;3157;3161;3163;3166;3167;3170;3172;3174;3176;3177;3178;3181;3183;3187;3191;3196;3198;3199;3200;3203;3204;3205;3206;3214;3215;3219;3220;3223;3228;3229;3230;3235;3240;3245;3248;3252;3255;3258;3259;3270;3273;3275;3276;3280;3282;3284;3289;3292;3295;3296;3298;3303;3317;3318;3320;3322;3323;3324;3328;3330;3334;3337;3340;3344;3346;3350;3351;3352;3354;3356;3358;3360;3365;3367;3370;3371;3377;3378;3384;3385;3392;3394;3397;3400;3401;3404;3405;3409;3414;3418;3436;3442;3445;3450;3451;3452;3458;3461;3465;3472;3473;3474;3475;3478;3480;3484;3488;3489;3490;3493;3496;3500;3506;3509;3513;3514;3517;3519;3522;3524;3526;3527;3534;3535;3537;3541;3543;3545;3547;3549;3552;3556;3557;3559;3560;3564;3565;3569,391.4302221252583
0.4,Leukemia,19,0.017464055686682353,0.9857142857142858,1186,3571,0;13;16;20;22;26;27;30;34;35;41;42;50;52;55;57;58;60;63;71;72;74;76;79;82;86;87;91;97;99;101;102;103;104;113;116;119;122;125;130;134;137;138;139;143;146;147;149;150;153;156;157;159;161;163;170;171;180;184;187;199;202;206;208;221;234;237;238;241;243;246;250;254;257;262;270;274;277;278;279;284;288;294;295;297;300;301;309;310;316;322;327;330;332;333;335;337;340;341;344;350;351;352;355;359;360;363;370;371;374;376;378;381;384;388;389;390;392;396;397;400;401;402;406;407;412;414;418;425;430;432;434;438;443;445;446;447;452;455;461;462;463;465;468;470;481;484;486;487;488;496;501;502;503;507;513;520;523;524;527;531;535;537;538;539;541;543;545;548;551;555;556;558;561;564;566;570;574;575;576;580;582;583;586;590;592;593;602;604;607;609;614;615;616;619;621;622;625;626;628;633;641;642;645;652;657;664;665;674;675;677;680;681;685;686;687;690;693;694;695;702;712;713;715;717;718;720;729;731;733;734;740;741;745;746;747;749;750;753;756;761;767;773;774;778;779;780;781;787;788;794;795;796;807;808;811;812;813;814;817;823;827;830;832;833;836;837;838;839;840;841;847;848;849;852;858;860;863;866;867;871;872;873;883;885;889;894;896;900;901;902;906;911;912;917;923;924;928;931;932;933;934;947;948;951;952;955;959;968;972;974;975;978;979;980;984;988;989;991;993;995;1004;1006;1007;1009;1011;1012;1013;1014;1026;1031;1032;1034;1035;1036;1037;1038;1040;1041;1045;1047;1048;1052;1053;1055;1057;1062;1066;1074;1080;1084;1089;1092;1093;1094;1098;1102;1103;1110;1113;1120;1122;1128;1129;1130;1133;1134;1135;1139;1143;1145;1147;1152;1158;1161;1162;1163;1170;1171;1173;1179;1180;1181;1184;1196;1201;1204;1209;1211;1217;1219;1220;1221;1223;1224;1233;1236;1240;1246;1250;1251;1252;1253;1254;1256;1265;1266;1270;1278;1282;1283;1286;1287;1289;1293;1297;1298;1299;1302;1306;1315;1316;1320;1323;1325;1328;1330;1331;1336;1340;1345;1346;1351;1352;1357;1358;1359;1361;1363;1367;1371;1372;1375;1379;1382;1386;1387;1392;1394;1396;1401;1403;1406;1407;1413;1416;1421;1422;1424;1425;1426;1429;1430;1433;1441;1443;1444;1448;1451;1452;1457;1462;1463;1465;1468;1471;1472;1477;1478;1482;1485;1486;1487;1488;1504;1506;1508;1509;1514;1516;1520;1523;1524;1526;1527;1529;1535;1536;1538;1540;1543;1546;1557;1558;1576;1579;1587;1591;1592;1593;1594;1597;1600;1603;1604;1612;1613;1614;1618;1619;1628;1635;1640;1642;1651;1652;1653;1654;1655;1657;1667;1668;1670;1671;1681;1683;1688;1690;1692;1693;1694;1696;1710;1713;1714;1719;1721;1723;1726;1728;1729;1731;1740;1741;1742;1744;1745;1746;1752;1753;1754;1755;1756;1758;1760;1762;1767;1771;1772;1774;1779;1781;1783;1785;1786;1788;1792;1799;1801;1804;1805;1807;1808;1809;1811;1812;1816;1817;1821;1824;1825;1826;1828;1830;1834;1836;1838;1846;1851;1853;1855;1859;1864;1866;1870;1878;1881;1889;1892;1895;1898;1899;1901;1908;1912;1918;1919;1920;1928;1930;1940;1942;1950;1957;1958;1960;1965;1968;1973;1975;1976;1978;1980;1981;1982;1989;1990;1991;1993;1998;2005;2007;2010;2011;2014;2018;2020;2024;2027;2031;2039;2042;2044;2046;2049;2052;2054;2055;2056;2058;2062;2068;2069;2071;2072;2076;2079;2080;2081;2092;2093;2094;2096;2097;2101;2103;2105;2108;2110;2111;2112;2117;2119;2123;2125;2126;2129;2131;2133;2134;2135;2144;2146;2151;2152;2153;2154;2155;2160;2163;2165;2166;2168;2170;2172;2177;2178;2180;2182;2186;2190;2192;2195;2198;2199;2200;2201;2204;2206;2218;2220;2223;2224;2232;2233;2238;2245;2246;2250;2251;2252;2256;2257;2261;2262;2263;2266;2267;2269;2271;2273;2276;2279;2283;2284;2287;2288;2291;2296;2297;2298;2300;2301;2305;2306;2307;2312;2313;2317;2322;2326;2330;2331;2332;2335;2337;2338;2345;2359;2362;2365;2367;2379;2392;2393;2395;2396;2404;2407;2413;2415;2416;2418;2423;2424;2425;2429;2434;2448;2450;2452;2460;2461;2465;2466;2467;2471;2476;2480;2481;2485;2486;2488;2489;2490;2492;2496;2497;2504;2506;2509;2514;2517;2522;2524;2525;2528;2529;2532;2533;2535;2536;2539;2547;2548;2551;2552;2554;2555;2558;2560;2561;2563;2567;2568;2571;2575;2580;2581;2584;2588;2592;2593;2613;2617;2623;2624;2628;2631;2632;2633;2634;2635;2638;2639;2641;2642;2649;2653;2654;2656;2658;2661;2663;2665;2669;2670;2671;2672;2676;2682;2686;2687;2690;2694;2701;2707;2713;2715;2720;2726;2728;2730;2731;2733;2736;2739;2745;2746;2750;2753;2755;2756;2757;2762;2763;2774;2775;2777;2780;2781;2782;2784;2786;2799;2801;2807;2808;2809;2812;2816;2817;2818;2819;2822;2824;2827;2830;2836;2839;2841;2844;2845;2851;2855;2856;2858;2864;2871;2872;2881;2882;2883;2887;2899;2900;2902;2908;2910;2914;2916;2919;2920;2921;2925;2928;2929;2931;2935;2936;2937;2940;2942;2944;2945;2952;2955;2961;2962;2964;2971;2973;2974;2975;2978;2980;2986;2987;2992;2995;3000;3001;3003;3004;3005;3008;3009;3011;3013;3017;3025;3026;3029;3031;3033;3036;3037;3039;3040;3041;3043;3044;3045;3049;3051;3052;3053;3058;3065;3070;3072;3073;3078;3080;3082;3086;3088;3091;3101;3104;3105;3111;3116;3118;3120;3122;3125;3127;3130;3135;3138;3139;3140;3143;3144;3145;3150;3155;3156;3157;3158;3159;3160;3161;3162;3163;3164;3166;3168;3172;3173;3182;3183;3191;3192;3194;3195;3198;3199;3200;3206;3211;3213;3217;3219;3222;3223;3230;3233;3234;3238;3239;3244;3245;3246;3247;3249;3255;3256;3257;3262;3263;3264;3265;3266;3267;3269;3270;3272;3274;3278;3279;3281;3286;3288;3291;3292;3294;3297;3304;3306;3308;3309;3310;3312;3318;3324;3325;3326;3327;3328;3330;3334;3339;3342;3344;3352;3358;3361;3366;3367;3369;3370;3373;3379;3381;3383;3384;3391;3395;3396;3397;3398;3403;3405;3411;3414;3419;3420;3421;3422;3424;3425;3427;3429;3434;3440;3441;3442;3443;3445;3450;3451;3452;3454;3462;3463;3464;3465;3466;3469;3471;3474;3475;3478;3479;3483;3487;3493;3498;3507;3508;3510;3513;3516;3518;3525;3528;3529;3530;3535;3536;3538;3546;3547;3548;3552;3553;3556;3561;3562;3563;3566;3567;3568;3570,384.1565017499961
0.4,Leukemia,18,0.017517262071448523,0.9857142857142858,1205,3571,0;4;5;7;8;9;11;13;16;20;27;31;33;34;37;38;41;46;47;51;60;65;67;70;71;74;77;81;82;87;91;92;93;95;96;101;102;105;106;108;109;112;115;117;121;131;134;135;138;139;140;142;143;146;147;149;153;154;156;159;161;162;167;168;170;173;190;191;196;199;201;203;211;218;219;220;223;225;229;237;238;244;247;250;251;252;253;255;257;262;267;269;270;273;277;278;279;285;291;293;294;296;298;301;304;306;307;309;313;314;315;316;321;322;323;324;326;327;332;336;337;338;342;348;352;355;357;358;360;362;363;367;368;369;372;374;375;376;378;383;384;387;390;391;393;394;396;399;403;405;406;416;418;420;425;427;430;438;439;443;444;449;455;456;471;479;483;484;488;490;492;496;497;501;502;503;505;506;508;510;511;516;517;519;521;522;523;533;534;536;538;539;540;541;543;544;545;546;547;548;557;558;559;561;562;565;567;568;571;573;577;579;580;581;582;585;589;591;594;597;606;607;612;613;614;615;616;617;625;626;627;630;643;652;656;658;659;660;667;668;672;674;675;676;679;683;684;685;697;703;704;713;716;717;720;724;725;726;727;729;737;738;740;741;744;746;747;755;756;759;761;765;766;767;769;771;773;774;777;778;784;786;787;790;793;797;799;803;806;809;812;816;817;818;820;825;826;830;831;833;836;837;838;842;843;845;846;847;850;854;855;856;858;861;862;863;867;868;871;875;877;880;882;888;890;893;894;898;908;914;915;919;924;925;928;931;936;938;939;941;945;948;949;952;956;958;959;963;964;969;970;972;977;980;981;985;988;989;991;994;996;997;999;1010;1011;1013;1016;1019;1021;1031;1032;1037;1038;1042;1046;1053;1054;1056;1060;1064;1067;1077;1078;1082;1083;1084;1085;1089;1098;1099;1100;1101;1102;1103;1104;1116;1117;1120;1123;1124;1127;1129;1132;1135;1139;1140;1142;1145;1146;1148;1151;1154;1159;1160;1161;1163;1164;1167;1170;1178;1179;1180;1186;1190;1200;1204;1205;1213;1220;1223;1224;1225;1226;1242;1243;1246;1247;1250;1251;1254;1256;1259;1263;1267;1270;1271;1272;1274;1277;1280;1281;1282;1283;1284;1285;1289;1290;1292;1297;1298;1300;1303;1305;1312;1313;1315;1316;1318;1323;1326;1327;1330;1337;1338;1339;1340;1344;1345;1346;1347;1348;1352;1353;1354;1357;1360;1362;1371;1375;1377;1382;1388;1390;1398;1400;1406;1407;1411;1413;1418;1422;1426;1427;1428;1431;1432;1439;1440;1442;1445;1447;1449;1450;1451;1453;1458;1459;1460;1468;1469;1472;1475;1476;1481;1483;1490;1491;1498;1499;1506;1507;1509;1510;1515;1516;1517;1519;1524;1525;1526;1531;1537;1539;1549;1554;1560;1564;1565;1571;1579;1582;1600;1603;1610;1611;1615;1617;1618;1619;1621;1622;1624;1626;1628;1629;1632;1635;1639;1641;1642;1644;1645;1648;1649;1660;1663;1664;1665;1666;1668;1670;1674;1685;1690;1691;1692;1693;1694;1695;1699;1700;1703;1706;1710;1712;1714;1722;1728;1732;1735;1739;1746;1749;1752;1761;1765;1766;1773;1774;1777;1778;1779;1785;1787;1796;1800;1802;1811;1815;1816;1819;1820;1821;1825;1832;1835;1838;1840;1841;1842;1843;1845;1848;1849;1857;1859;1871;1874;1877;1879;1881;1882;1883;1888;1889;1891;1896;1905;1906;1913;1915;1916;1918;1920;1921;1924;1929;1930;1932;1935;1938;1939;1942;1945;1947;1950;1952;1953;1956;1957;1961;1966;1967;1970;1971;1972;1980;1984;1986;1987;1991;1992;2004;2007;2018;2025;2026;2027;2028;2036;2042;2045;2054;2058;2059;2063;2065;2066;2076;2078;2080;2085;2099;2100;2101;2104;2107;2112;2113;2115;2122;2125;2130;2131;2133;2140;2146;2150;2154;2157;2162;2163;2166;2170;2176;2178;2180;2184;2188;2189;2194;2195;2197;2198;2200;2201;2205;2208;2210;2213;2215;2220;2221;2224;2225;2229;2230;2237;2238;2242;2243;2249;2250;2253;2258;2259;2261;2262;2267;2268;2269;2270;2271;2273;2279;2282;2283;2284;2286;2291;2295;2296;2304;2316;2317;2324;2325;2329;2330;2334;2335;2336;2343;2344;2347;2348;2352;2362;2365;2369;2370;2372;2373;2375;2378;2382;2387;2389;2391;2395;2408;2409;2412;2414;2416;2417;2419;2421;2424;2427;2429;2430;2433;2434;2435;2440;2441;2442;2446;2448;2449;2454;2455;2456;2457;2459;2462;2463;2470;2471;2472;2474;2475;2478;2480;2487;2489;2493;2496;2502;2509;2511;2515;2516;2518;2523;2526;2529;2530;2531;2534;2540;2541;2544;2550;2551;2553;2554;2557;2558;2560;2561;2562;2565;2566;2567;2568;2571;2572;2573;2574;2575;2582;2584;2585;2591;2596;2598;2599;2602;2603;2607;2609;2611;2614;2623;2627;2630;2631;2632;2634;2644;2647;2657;2666;2674;2677;2679;2680;2686;2688;2689;2693;2694;2697;2698;2699;2700;2705;2707;2710;2712;2716;2717;2718;2721;2722;2724;2728;2729;2730;2732;2739;2741;2742;2744;2745;2749;2752;2753;2758;2760;2761;2765;2774;2777;2780;2785;2787;2788;2791;2795;2797;2800;2803;2805;2813;2815;2817;2818;2819;2825;2826;2832;2834;2835;2836;2842;2844;2845;2846;2850;2854;2855;2857;2859;2861;2872;2881;2882;2888;2889;2893;2898;2900;2907;2909;2910;2913;2914;2916;2921;2925;2930;2931;2937;2939;2942;2944;2945;2946;2949;2951;2954;2958;2959;2961;2962;2963;2964;2970;2972;2975;2976;2977;2978;2979;2980;2986;2987;2988;2989;2992;2993;2996;3004;3008;3019;3024;3028;3029;3030;3035;3037;3038;3042;3043;3048;3050;3052;3054;3056;3059;3063;3073;3075;3077;3078;3080;3082;3083;3090;3091;3095;3096;3099;3100;3103;3104;3105;3108;3111;3113;3114;3118;3120;3123;3126;3128;3134;3138;3139;3147;3156;3157;3161;3163;3165;3175;3181;3182;3192;3197;3199;3202;3203;3207;3208;3210;3214;3216;3224;3226;3231;3233;3236;3240;3241;3245;3246;3250;3251;3253;3256;3259;3262;3265;3266;3267;3274;3275;3278;3280;3285;3286;3287;3291;3302;3307;3308;3311;3315;3321;3324;3328;3333;3336;3345;3349;3350;3352;3354;3356;3358;3362;3363;3368;3369;3370;3373;3377;3378;3382;3383;3386;3388;3392;3393;3394;3396;3397;3399;3400;3407;3410;3413;3414;3418;3419;3420;3422;3423;3425;3430;3431;3433;3435;3436;3438;3446;3448;3451;3453;3454;3457;3458;3459;3462;3467;3468;3469;3472;3474;3477;3479;3480;3481;3483;3484;3487;3490;3496;3498;3499;3500;3503;3508;3509;3510;3511;3513;3514;3522;3523;3524;3526;3529;3531;3545;3546;3552;3554;3566;3568;3570,391.05147429183125
0.4,Leukemia,20,0.0174808577029243,0.9857142857142858,1192,3571,0;1;3;6;8;11;13;14;15;16;17;25;26;29;31;32;42;52;55;57;64;65;67;69;71;72;73;74;75;76;77;81;85;86;98;100;104;105;107;109;112;122;125;129;131;135;139;140;143;144;145;148;151;153;155;160;162;164;167;169;171;172;176;177;179;183;188;195;197;198;202;207;208;214;215;216;217;219;226;229;231;233;235;239;241;243;247;248;252;257;258;267;268;272;273;283;284;287;289;291;292;294;295;296;297;298;299;300;301;303;305;306;311;316;321;322;325;334;338;341;344;346;348;357;358;362;363;367;371;373;384;386;391;392;395;397;403;405;406;409;411;414;419;420;421;424;426;427;429;434;441;443;447;456;458;463;469;470;471;472;475;476;477;480;483;487;494;496;504;506;512;516;520;525;528;529;532;533;536;541;545;546;548;552;553;556;559;564;565;568;571;572;579;584;589;591;592;597;598;601;604;612;615;616;618;624;625;629;630;634;635;638;643;646;648;652;656;658;662;664;667;668;669;672;679;682;687;689;691;694;697;700;703;705;708;712;719;722;724;725;726;728;730;731;732;733;735;737;738;739;741;745;747;748;749;750;752;763;765;775;777;782;783;785;786;789;804;806;807;811;812;813;817;818;820;828;837;840;841;842;844;845;846;847;848;857;859;860;862;865;866;871;881;882;885;888;889;891;892;896;898;900;906;909;912;914;915;916;918;919;923;924;925;929;930;934;937;941;942;945;948;949;950;953;955;957;958;961;965;966;976;979;982;983;986;993;995;1002;1003;1011;1012;1015;1018;1019;1020;1025;1030;1032;1033;1035;1040;1041;1042;1049;1050;1052;1055;1057;1058;1059;1060;1061;1063;1064;1066;1067;1068;1069;1070;1071;1073;1079;1083;1089;1092;1093;1095;1096;1099;1100;1102;1103;1107;1109;1111;1113;1118;1124;1130;1132;1134;1142;1143;1145;1147;1148;1153;1154;1155;1165;1176;1177;1178;1184;1185;1194;1195;1202;1204;1210;1212;1213;1218;1219;1220;1225;1226;1231;1236;1240;1243;1245;1246;1248;1251;1255;1260;1261;1262;1264;1265;1266;1272;1274;1278;1279;1281;1287;1289;1290;1300;1303;1304;1305;1306;1311;1318;1319;1321;1329;1331;1334;1335;1340;1343;1346;1347;1355;1361;1363;1368;1371;1374;1377;1378;1379;1382;1384;1388;1390;1391;1393;1396;1400;1401;1402;1404;1406;1408;1410;1411;1416;1417;1420;1424;1425;1426;1429;1433;1434;1435;1439;1440;1442;1443;1447;1452;1455;1456;1460;1464;1469;1471;1472;1473;1474;1477;1485;1487;1495;1496;1497;1498;1499;1503;1506;1507;1512;1513;1516;1518;1524;1525;1527;1529;1537;1539;1541;1542;1543;1544;1546;1547;1553;1555;1557;1560;1565;1568;1570;1574;1577;1580;1581;1584;1585;1586;1587;1591;1593;1596;1599;1600;1603;1608;1609;1612;1614;1616;1619;1625;1627;1634;1636;1637;1638;1646;1650;1651;1655;1668;1669;1676;1678;1680;1702;1704;1705;1713;1715;1729;1730;1733;1734;1743;1745;1747;1750;1751;1752;1753;1756;1761;1762;1763;1765;1766;1770;1773;1774;1780;1781;1784;1790;1792;1793;1796;1798;1800;1802;1805;1810;1813;1816;1817;1821;1831;1836;1838;1839;1840;1844;1846;1850;1853;1854;1857;1858;1863;1865;1866;1868;1869;1872;1880;1882;1886;1892;1896;1897;1898;1899;1904;1911;1913;1914;1917;1919;1924;1931;1935;1938;1946;1947;1948;1957;1961;1965;1966;1967;1970;1972;1973;1977;1978;1979;1983;1984;1986;1988;1989;1999;2000;2003;2005;2007;2008;2009;2011;2015;2023;2028;2034;2035;2038;2039;2041;2044;2045;2046;2050;2052;2055;2058;2059;2060;2065;2066;2071;2075;2076;2079;2081;2082;2087;2092;2094;2096;2100;2109;2110;2113;2115;2122;2124;2125;2130;2132;2133;2138;2145;2146;2147;2151;2155;2166;2169;2171;2172;2175;2176;2178;2180;2181;2182;2184;2185;2187;2188;2189;2190;2195;2196;2197;2198;2199;2202;2206;2208;2209;2210;2211;2220;2221;2225;2227;2229;2232;2237;2238;2239;2246;2248;2249;2250;2252;2253;2256;2257;2258;2261;2264;2271;2272;2278;2283;2285;2286;2290;2291;2293;2294;2295;2297;2298;2299;2301;2308;2310;2311;2313;2315;2317;2318;2322;2325;2326;2330;2332;2338;2339;2343;2345;2346;2347;2356;2357;2359;2363;2365;2366;2372;2388;2392;2399;2401;2402;2403;2408;2409;2411;2412;2418;2425;2427;2431;2433;2439;2442;2445;2450;2451;2452;2453;2454;2455;2463;2466;2469;2472;2475;2480;2482;2484;2488;2489;2490;2501;2502;2504;2512;2514;2519;2520;2525;2526;2531;2532;2533;2535;2536;2537;2542;2545;2549;2553;2557;2558;2564;2568;2569;2570;2571;2575;2578;2580;2581;2584;2585;2588;2589;2591;2593;2596;2602;2606;2611;2613;2614;2616;2619;2620;2621;2622;2625;2627;2628;2633;2637;2639;2640;2644;2648;2654;2659;2663;2665;2666;2672;2673;2674;2676;2679;2680;2681;2682;2685;2686;2688;2690;2703;2708;2711;2715;2716;2718;2737;2738;2741;2743;2744;2746;2750;2752;2753;2757;2760;2761;2768;2769;2771;2772;2773;2774;2775;2777;2779;2780;2782;2784;2788;2795;2804;2810;2811;2812;2817;2818;2819;2820;2821;2829;2830;2833;2834;2835;2840;2844;2845;2847;2849;2851;2852;2858;2867;2869;2872;2875;2878;2880;2884;2886;2894;2902;2905;2908;2910;2913;2922;2927;2934;2935;2936;2939;2940;2942;2945;2950;2961;2964;2972;2974;2981;2987;2991;3001;3004;3011;3016;3020;3026;3027;3029;3031;3034;3037;3039;3042;3045;3051;3057;3060;3062;3065;3066;3068;3070;3071;3076;3077;3080;3083;3084;3088;3093;3100;3101;3102;3104;3106;3109;3110;3112;3116;3118;3119;3120;3121;3127;3128;3129;3130;3134;3139;3146;3151;3152;3155;3162;3164;3167;3168;3170;3179;3183;3185;3200;3202;3204;3206;3209;3213;3214;3215;3216;3217;3220;3222;3224;3231;3233;3240;3242;3243;3246;3248;3249;3250;3259;3261;3263;3266;3272;3273;3280;3282;3283;3294;3299;3303;3304;3305;3308;3309;3313;3316;3317;3321;3327;3328;3330;3331;3340;3341;3346;3347;3348;3349;3350;3352;3355;3357;3361;3364;3370;3371;3377;3379;3381;3382;3383;3384;3385;3386;3387;3388;3390;3394;3397;3401;3402;3405;3408;3411;3412;3416;3418;3427;3432;3440;3448;3453;3455;3457;3465;3466;3467;3469;3473;3474;3487;3488;3491;3496;3497;3498;3500;3507;3512;3513;3516;3520;3521;3522;3523;3524;3525;3527;3530;3531;3535;3536;3541;3544;3547;3549;3550;3553;3556;3561;3564;3565,391.78769091703
0.4,Leukemia,22,0.017455654678561378,0.9857142857142858,1183,3571,0;5;15;19;24;25;29;32;33;34;37;38;39;49;53;59;67;73;75;76;80;83;85;86;89;91;93;94;97;98;103;111;112;119;120;123;124;133;134;137;139;141;143;146;149;155;156;159;160;162;171;182;189;193;200;201;206;207;212;213;215;222;232;244;248;251;254;260;263;267;271;275;277;280;284;287;291;293;296;303;305;307;308;310;314;315;316;317;325;327;328;329;331;332;338;339;340;343;346;350;351;352;353;356;357;358;360;364;365;376;379;383;385;389;392;393;394;396;397;400;403;404;405;407;408;409;412;413;414;419;422;423;425;426;430;435;439;442;445;448;456;457;458;463;464;466;467;478;484;489;490;496;499;506;509;517;520;523;534;535;536;537;538;540;542;544;545;546;550;552;555;558;559;560;562;563;566;568;574;579;583;587;588;592;593;594;595;599;601;602;605;608;609;612;614;621;623;625;626;627;632;634;636;637;640;647;654;657;658;663;665;666;669;672;674;679;680;683;684;690;691;692;693;696;699;701;707;708;712;717;720;721;723;734;735;737;740;744;747;750;755;759;760;761;763;767;769;771;772;779;784;786;787;789;790;791;808;814;815;817;818;825;826;828;833;836;842;843;846;850;853;854;858;860;863;864;866;868;870;871;873;877;880;883;890;891;892;893;895;896;897;898;906;908;910;913;917;924;926;928;932;935;936;943;944;945;950;955;959;975;976;977;978;980;981;984;987;994;995;996;997;1003;1005;1007;1009;1012;1014;1017;1021;1022;1024;1027;1040;1042;1047;1049;1052;1058;1062;1064;1065;1067;1070;1076;1077;1080;1087;1088;1089;1091;1093;1095;1099;1101;1103;1106;1107;1113;1119;1124;1128;1129;1134;1135;1138;1139;1141;1142;1143;1146;1147;1149;1151;1155;1160;1163;1164;1165;1168;1174;1181;1184;1185;1187;1188;1190;1194;1195;1198;1199;1203;1207;1208;1209;1211;1214;1216;1217;1218;1219;1221;1226;1229;1230;1232;1233;1237;1240;1244;1245;1246;1247;1250;1251;1253;1256;1257;1260;1264;1265;1269;1278;1279;1281;1284;1285;1288;1290;1291;1295;1296;1303;1305;1308;1312;1313;1317;1318;1321;1324;1326;1327;1328;1332;1334;1336;1341;1342;1348;1351;1354;1355;1357;1362;1364;1365;1367;1368;1369;1374;1375;1376;1379;1380;1381;1382;1385;1387;1389;1390;1391;1392;1393;1396;1397;1398;1409;1410;1415;1419;1423;1424;1426;1427;1429;1432;1436;1438;1442;1443;1444;1447;1450;1453;1455;1456;1457;1458;1466;1470;1473;1484;1485;1488;1489;1491;1492;1496;1500;1501;1504;1508;1510;1511;1513;1530;1534;1537;1538;1539;1548;1549;1552;1555;1562;1564;1566;1567;1569;1571;1573;1577;1578;1582;1587;1588;1590;1593;1595;1596;1597;1604;1605;1608;1610;1611;1613;1618;1620;1622;1624;1632;1635;1637;1642;1643;1646;1653;1656;1657;1660;1663;1669;1673;1678;1680;1693;1694;1695;1700;1703;1704;1705;1706;1707;1708;1709;1711;1714;1723;1727;1729;1733;1739;1742;1743;1744;1745;1749;1752;1755;1757;1758;1767;1769;1770;1775;1779;1781;1786;1788;1790;1793;1797;1799;1800;1801;1802;1808;1809;1810;1821;1826;1827;1828;1832;1834;1835;1837;1841;1846;1848;1851;1854;1859;1862;1864;1865;1867;1870;1875;1881;1884;1887;1888;1889;1890;1891;1892;1896;1897;1899;1900;1901;1902;1908;1909;1912;1913;1917;1920;1923;1924;1926;1936;1937;1939;1940;1944;1949;1953;1955;1958;1959;1962;1965;1974;1978;1981;1982;1996;2001;2010;2013;2016;2017;2023;2024;2029;2030;2032;2033;2034;2039;2040;2041;2042;2043;2044;2045;2046;2048;2051;2054;2056;2057;2063;2067;2078;2080;2086;2092;2093;2095;2102;2103;2108;2109;2112;2113;2121;2125;2127;2141;2142;2145;2146;2151;2153;2155;2165;2167;2169;2178;2179;2180;2182;2186;2191;2195;2199;2201;2207;2208;2209;2214;2219;2221;2225;2226;2228;2229;2232;2234;2239;2244;2245;2246;2248;2249;2257;2262;2263;2265;2266;2267;2270;2273;2274;2277;2279;2284;2286;2288;2289;2290;2299;2301;2303;2305;2308;2311;2312;2317;2319;2320;2321;2322;2327;2330;2331;2333;2334;2335;2340;2346;2349;2352;2355;2356;2357;2372;2374;2375;2379;2381;2393;2399;2400;2403;2407;2408;2409;2410;2411;2420;2427;2430;2433;2436;2438;2439;2441;2442;2443;2444;2448;2450;2451;2452;2454;2455;2459;2460;2464;2466;2471;2475;2483;2486;2490;2493;2494;2495;2503;2504;2516;2520;2521;2523;2524;2527;2529;2530;2532;2534;2536;2541;2542;2545;2546;2548;2550;2551;2552;2553;2554;2557;2559;2561;2563;2564;2573;2574;2575;2578;2581;2582;2588;2589;2591;2594;2596;2607;2612;2616;2617;2625;2628;2629;2630;2632;2633;2638;2639;2640;2643;2645;2649;2653;2658;2660;2667;2668;2669;2671;2673;2674;2679;2680;2684;2685;2693;2694;2698;2699;2700;2702;2703;2707;2708;2709;2715;2718;2721;2723;2725;2727;2728;2729;2730;2731;2732;2734;2739;2740;2750;2752;2754;2755;2758;2762;2763;2766;2769;2772;2781;2788;2795;2796;2807;2813;2820;2821;2849;2851;2858;2859;2872;2874;2876;2878;2885;2886;2887;2891;2897;2900;2902;2906;2907;2910;2914;2915;2918;2919;2922;2926;2927;2929;2933;2937;2943;2944;2945;2949;2950;2952;2953;2957;2958;2959;2961;2963;2968;2970;2971;2982;2983;2984;2985;2987;2988;2990;2991;2992;2993;2996;2997;2999;3001;3002;3004;3010;3011;3014;3016;3022;3027;3028;3029;3030;3031;3032;3037;3038;3041;3044;3049;3054;3064;3068;3072;3075;3081;3086;3100;3103;3108;3118;3120;3125;3126;3130;3135;3139;3146;3156;3157;3161;3164;3166;3168;3169;3171;3176;3178;3179;3180;3181;3184;3190;3191;3192;3200;3203;3206;3207;3210;3215;3217;3219;3221;3224;3227;3234;3235;3239;3241;3245;3246;3247;3250;3256;3258;3261;3263;3266;3273;3275;3276;3280;3286;3290;3291;3293;3296;3297;3302;3304;3308;3309;3312;3313;3314;3315;3321;3324;3328;3329;3330;3331;3332;3334;3336;3337;3341;3344;3348;3350;3361;3364;3366;3367;3376;3380;3381;3384;3388;3389;3393;3395;3398;3401;3403;3404;3406;3407;3409;3413;3414;3416;3424;3425;3431;3433;3434;3437;3438;3440;3443;3448;3449;3452;3453;3454;3455;3458;3459;3463;3467;3475;3484;3488;3489;3492;3493;3498;3500;3501;3503;3508;3509;3510;3512;3513;3520;3521;3527;3528;3529;3530;3531;3533;3538;3539;3542;3546;3551;3554;3556;3557;3568,388.1884216670878
0.4,Leukemia,21,0.017576069128295346,0.9857142857142858,1226,3571,1;4;5;12;14;16;22;25;28;29;34;37;38;39;40;41;45;49;51;55;61;63;72;73;75;76;79;80;81;87;92;93;95;98;102;103;104;107;109;113;114;115;117;125;128;136;139;143;144;145;148;153;154;157;159;161;163;164;167;172;173;177;180;182;186;187;194;195;199;205;207;212;216;217;226;229;234;238;240;241;242;244;249;251;253;254;257;259;262;263;264;265;266;269;270;285;293;296;297;299;300;303;307;311;314;316;317;318;322;324;326;328;332;334;337;341;343;352;353;356;358;359;360;361;364;365;368;369;371;375;376;378;380;384;385;389;390;392;394;395;397;399;400;401;403;409;412;416;420;422;425;434;442;443;448;449;450;454;455;460;461;473;474;479;482;484;487;493;496;498;500;504;509;513;514;516;518;519;521;522;523;527;530;533;534;535;537;540;542;543;545;547;549;550;551;552;556;558;561;564;565;566;569;575;583;585;586;589;590;593;594;596;597;599;602;609;616;617;618;625;628;630;633;634;648;653;654;658;662;668;670;675;678;684;685;688;691;694;695;700;704;708;709;711;714;715;718;719;720;724;731;736;737;740;746;748;752;753;756;760;762;768;773;774;779;784;786;788;789;790;795;797;804;805;809;816;818;821;823;826;828;829;830;834;843;844;847;862;864;865;871;872;873;874;875;876;877;879;880;881;890;891;893;896;897;903;905;906;907;908;911;913;915;916;917;919;935;938;942;944;945;946;949;950;951;952;955;961;966;968;973;978;987;989;992;993;997;998;1002;1004;1009;1010;1011;1014;1015;1017;1020;1021;1025;1026;1027;1028;1029;1030;1035;1037;1038;1040;1043;1044;1046;1049;1051;1052;1053;1061;1062;1070;1072;1073;1075;1078;1080;1083;1086;1087;1093;1097;1098;1102;1103;1104;1106;1108;1110;1116;1117;1124;1130;1134;1135;1139;1141;1142;1147;1148;1152;1153;1156;1157;1158;1159;1160;1161;1163;1169;1172;1173;1176;1179;1196;1198;1201;1204;1205;1207;1208;1209;1212;1213;1215;1217;1219;1220;1223;1224;1226;1229;1230;1231;1234;1236;1237;1241;1244;1247;1250;1251;1254;1256;1260;1262;1265;1268;1273;1279;1281;1284;1295;1296;1297;1299;1307;1308;1309;1311;1312;1313;1314;1315;1319;1321;1332;1335;1339;1342;1344;1350;1352;1354;1355;1359;1361;1366;1367;1371;1380;1381;1382;1389;1390;1392;1396;1401;1402;1407;1409;1411;1419;1421;1422;1428;1432;1434;1435;1436;1441;1445;1447;1450;1451;1452;1456;1460;1461;1469;1472;1473;1474;1478;1479;1485;1489;1494;1499;1500;1501;1507;1510;1512;1514;1518;1519;1521;1525;1527;1530;1534;1539;1542;1543;1546;1549;1551;1552;1556;1557;1560;1563;1565;1569;1570;1573;1575;1577;1578;1582;1585;1586;1588;1593;1599;1601;1604;1606;1608;1616;1620;1621;1625;1626;1635;1636;1641;1644;1647;1655;1657;1658;1659;1662;1664;1665;1671;1673;1676;1677;1694;1695;1697;1700;1701;1704;1708;1709;1711;1717;1718;1719;1720;1724;1726;1733;1734;1740;1744;1753;1758;1764;1767;1772;1773;1775;1776;1778;1779;1781;1783;1786;1791;1793;1794;1801;1803;1804;1805;1808;1811;1817;1822;1824;1826;1834;1842;1844;1845;1847;1850;1854;1858;1863;1864;1870;1873;1874;1875;1878;1879;1885;1886;1887;1891;1892;1893;1895;1896;1900;1904;1905;1907;1908;1909;1915;1920;1923;1930;1934;1935;1937;1947;1948;1953;1954;1957;1958;1961;1963;1969;1971;1974;1976;1977;1979;1980;1981;1982;1983;1984;1986;1987;1992;2001;2007;2009;2010;2013;2015;2017;2018;2020;2024;2025;2026;2028;2029;2041;2049;2051;2053;2059;2062;2064;2065;2072;2078;2080;2082;2083;2088;2090;2091;2093;2096;2100;2102;2104;2107;2110;2112;2114;2115;2119;2121;2124;2127;2129;2132;2133;2138;2144;2147;2149;2150;2151;2152;2154;2155;2160;2161;2164;2166;2188;2192;2194;2195;2197;2201;2202;2204;2212;2215;2218;2221;2224;2225;2229;2232;2233;2234;2236;2246;2254;2259;2261;2263;2267;2271;2272;2275;2276;2277;2280;2281;2287;2291;2307;2314;2315;2321;2322;2324;2326;2329;2331;2337;2339;2340;2349;2351;2352;2353;2356;2357;2359;2361;2363;2365;2368;2372;2373;2378;2380;2381;2382;2385;2387;2389;2390;2393;2394;2397;2398;2399;2405;2407;2409;2416;2422;2423;2425;2426;2430;2437;2440;2441;2445;2447;2450;2453;2454;2458;2459;2461;2463;2464;2466;2471;2475;2477;2480;2481;2483;2487;2489;2491;2492;2493;2495;2498;2509;2510;2513;2514;2518;2524;2525;2527;2528;2529;2536;2537;2538;2540;2541;2542;2543;2545;2548;2549;2553;2554;2558;2560;2561;2562;2565;2567;2571;2575;2577;2582;2588;2589;2591;2595;2601;2603;2611;2612;2615;2617;2622;2628;2629;2631;2633;2636;2641;2642;2643;2647;2653;2667;2669;2671;2672;2673;2679;2686;2688;2690;2692;2693;2696;2699;2700;2701;2705;2712;2713;2715;2716;2719;2721;2723;2724;2725;2731;2736;2737;2741;2742;2744;2746;2750;2754;2755;2761;2766;2770;2775;2776;2782;2790;2794;2798;2800;2802;2804;2805;2806;2813;2818;2824;2825;2828;2830;2835;2839;2844;2849;2852;2855;2857;2863;2868;2869;2872;2874;2876;2880;2881;2883;2892;2895;2898;2900;2901;2902;2904;2908;2909;2911;2913;2914;2915;2916;2917;2918;2919;2924;2928;2930;2933;2943;2946;2947;2950;2952;2954;2955;2957;2958;2959;2961;2965;2967;2969;2974;2983;2991;2995;2997;2999;3000;3002;3006;3009;3012;3014;3015;3016;3018;3021;3022;3023;3030;3031;3037;3043;3045;3048;3052;3053;3054;3058;3063;3064;3069;3075;3076;3077;3080;3081;3085;3087;3088;3090;3091;3092;3099;3100;3104;3106;3109;3110;3111;3113;3120;3122;3123;3124;3125;3128;3130;3137;3138;3140;3141;3142;3143;3145;3148;3152;3153;3154;3158;3161;3162;3163;3165;3166;3169;3170;3175;3176;3178;3181;3182;3187;3189;3190;3192;3198;3200;3202;3205;3210;3212;3213;3214;3217;3219;3221;3224;3226;3229;3231;3235;3237;3241;3242;3247;3252;3253;3261;3262;3264;3269;3273;3275;3276;3278;3282;3284;3287;3289;3292;3295;3299;3300;3305;3307;3317;3318;3319;3323;3324;3326;3334;3340;3343;3346;3347;3348;3350;3352;3353;3354;3356;3357;3358;3361;3363;3369;3373;3375;3377;3379;3386;3387;3395;3396;3397;3398;3399;3405;3406;3408;3409;3411;3414;3415;3416;3418;3426;3428;3432;3437;3438;3440;3444;3449;3453;3455;3457;3461;3465;3466;3467;3468;3471;3473;3476;3477;3478;3487;3490;3494;3499;3503;3504;3506;3510;3515;3516;3518;3519;3525;3530;3533;3535;3541;3545;3546;3547;3548;3551;3552;3554;3556;3558;3559;3561;3562;3569,391.9724295833148
0.4,Leukemia,23,0.016560403248389782,0.9866666666666667,1200,3571,3;4;7;8;9;13;14;16;19;21;24;26;29;30;31;33;35;44;47;49;51;56;59;60;66;67;70;72;76;77;82;83;84;88;90;92;93;94;95;97;100;106;109;111;112;113;116;120;122;123;138;139;140;141;145;147;149;157;161;164;167;169;170;171;172;173;178;184;188;196;212;216;218;220;223;224;229;231;232;233;235;242;243;249;251;252;253;256;258;260;265;270;271;273;275;279;283;287;293;295;298;301;312;313;314;315;316;322;326;327;333;339;342;343;350;352;354;359;367;370;371;375;376;378;382;385;390;393;396;397;400;406;409;410;411;412;417;424;426;432;433;434;436;437;438;449;451;452;453;456;461;463;464;465;471;473;474;482;485;489;491;492;494;502;503;504;508;510;513;514;515;518;519;521;523;524;525;528;532;533;535;537;538;544;551;554;555;560;562;567;568;569;570;572;574;576;578;579;585;589;592;604;609;610;611;613;614;615;616;618;620;624;626;632;635;639;640;645;652;658;663;667;672;674;677;679;681;685;686;691;693;697;699;701;703;708;719;720;721;735;738;739;740;742;746;747;750;751;754;756;757;760;766;770;772;779;789;790;794;799;806;808;809;815;818;822;825;826;828;829;835;837;838;841;843;847;848;850;853;854;855;857;858;862;868;870;873;874;876;879;882;883;884;885;889;891;895;898;899;901;903;907;911;916;917;920;921;925;929;932;933;934;935;936;938;943;946;951;961;964;965;966;967;970;972;975;978;980;985;987;989;990;991;992;997;1003;1011;1013;1018;1021;1024;1026;1027;1028;1033;1039;1044;1045;1047;1048;1050;1052;1055;1057;1060;1061;1062;1065;1073;1075;1077;1079;1088;1090;1091;1094;1112;1116;1117;1122;1123;1124;1126;1132;1143;1154;1156;1157;1159;1160;1165;1167;1170;1171;1174;1177;1180;1181;1183;1185;1186;1187;1190;1192;1195;1200;1201;1203;1204;1207;1208;1210;1211;1213;1219;1224;1225;1226;1229;1233;1234;1236;1237;1241;1244;1250;1252;1254;1255;1262;1264;1268;1270;1273;1275;1277;1280;1284;1286;1287;1288;1289;1291;1292;1293;1294;1297;1300;1302;1304;1307;1310;1311;1313;1316;1322;1324;1325;1328;1333;1334;1338;1341;1353;1356;1358;1359;1361;1362;1363;1366;1369;1371;1375;1377;1378;1380;1383;1384;1386;1388;1389;1390;1391;1396;1399;1400;1401;1402;1404;1405;1406;1409;1412;1418;1421;1428;1434;1439;1442;1443;1444;1448;1451;1456;1457;1465;1468;1474;1475;1482;1494;1496;1500;1501;1505;1508;1510;1511;1512;1514;1515;1521;1526;1528;1530;1531;1539;1546;1550;1556;1558;1560;1567;1570;1574;1577;1581;1582;1588;1595;1596;1601;1607;1609;1613;1615;1621;1622;1624;1626;1627;1628;1629;1631;1637;1638;1642;1645;1646;1648;1649;1651;1652;1657;1658;1661;1663;1667;1669;1683;1688;1690;1691;1694;1698;1701;1703;1705;1707;1708;1709;1720;1723;1726;1728;1729;1739;1740;1741;1743;1745;1746;1754;1756;1758;1766;1767;1769;1770;1772;1773;1775;1778;1782;1783;1786;1790;1794;1795;1801;1803;1805;1808;1810;1819;1821;1823;1825;1828;1831;1833;1834;1842;1847;1849;1851;1852;1853;1854;1860;1874;1878;1881;1884;1889;1891;1892;1894;1898;1899;1900;1901;1903;1907;1908;1910;1911;1913;1915;1921;1931;1934;1936;1937;1938;1939;1940;1944;1947;1948;1958;1959;1967;1972;1973;1974;1976;1980;1988;1991;1996;1997;2006;2008;2010;2011;2014;2016;2018;2022;2023;2026;2028;2029;2032;2036;2039;2040;2041;2046;2050;2051;2052;2056;2058;2060;2062;2064;2065;2066;2074;2076;2078;2083;2086;2093;2095;2101;2102;2103;2110;2114;2117;2118;2131;2143;2144;2146;2147;2153;2154;2158;2164;2169;2170;2171;2173;2179;2181;2182;2185;2188;2193;2194;2196;2197;2198;2202;2206;2207;2209;2210;2211;2216;2221;2223;2226;2228;2229;2230;2231;2232;2233;2237;2238;2243;2247;2250;2251;2255;2259;2260;2262;2267;2270;2271;2274;2275;2278;2279;2281;2282;2284;2288;2291;2293;2301;2303;2304;2306;2307;2309;2313;2314;2317;2318;2321;2322;2327;2330;2335;2341;2346;2347;2349;2350;2352;2354;2365;2369;2375;2382;2383;2387;2392;2396;2399;2400;2401;2404;2405;2407;2408;2411;2413;2423;2424;2426;2427;2430;2432;2433;2435;2436;2438;2442;2444;2447;2449;2450;2453;2455;2456;2458;2461;2464;2468;2471;2473;2475;2477;2478;2479;2483;2486;2487;2489;2493;2494;2495;2496;2505;2506;2507;2509;2510;2518;2520;2529;2530;2531;2532;2533;2535;2539;2541;2544;2545;2550;2551;2557;2559;2563;2565;2567;2569;2573;2575;2579;2584;2589;2596;2597;2598;2601;2611;2617;2625;2630;2633;2646;2649;2650;2653;2657;2663;2664;2669;2670;2672;2673;2678;2679;2681;2687;2688;2689;2691;2692;2696;2703;2711;2712;2713;2714;2715;2716;2722;2726;2729;2730;2731;2736;2737;2740;2742;2746;2747;2751;2754;2761;2766;2770;2773;2780;2781;2783;2784;2786;2788;2791;2794;2800;2803;2805;2807;2812;2815;2817;2819;2820;2825;2826;2830;2831;2834;2837;2841;2842;2843;2845;2847;2849;2851;2852;2862;2871;2872;2875;2879;2886;2887;2888;2889;2890;2900;2901;2903;2907;2908;2910;2913;2914;2916;2917;2918;2920;2922;2923;2928;2930;2932;2943;2948;2949;2950;2952;2961;2963;2975;2977;2979;2983;2985;2986;2987;2988;2989;2990;2992;2995;2996;2997;2999;3000;3001;3011;3013;3024;3031;3036;3039;3040;3041;3042;3043;3048;3052;3055;3059;3061;3062;3064;3070;3072;3073;3074;3077;3083;3086;3087;3095;3097;3102;3104;3109;3111;3114;3115;3119;3120;3121;3125;3126;3130;3132;3135;3136;3137;3143;3152;3154;3160;3161;3162;3163;3169;3170;3171;3173;3178;3179;3180;3193;3200;3205;3206;3210;3212;3213;3215;3217;3230;3231;3232;3233;3242;3245;3248;3250;3252;3254;3260;3261;3263;3266;3267;3268;3272;3274;3277;3279;3280;3281;3282;3289;3291;3295;3300;3308;3312;3314;3317;3320;3322;3324;3326;3327;3328;3329;3330;3331;3333;3334;3340;3341;3342;3344;3346;3348;3352;3353;3354;3362;3365;3366;3367;3369;3371;3376;3377;3379;3380;3387;3389;3395;3397;3409;3412;3414;3416;3421;3423;3424;3425;3431;3433;3436;3437;3439;3440;3443;3445;3446;3448;3449;3451;3454;3458;3459;3462;3463;3465;3466;3467;3468;3469;3470;3474;3481;3484;3486;3491;3492;3494;3498;3500;3515;3517;3518;3522;3525;3526;3527;3530;3531;3533;3539;3540;3541;3543;3551;3556;3557;3559;3560;3561;3562;3566,387.82160595897585
0.4,Leukemia,24,0.01750886106332755,0.9857142857142858,1202,3571,1;6;15;18;20;23;25;26;29;33;35;36;39;40;41;42;44;45;46;55;60;63;65;67;68;69;71;72;73;77;78;79;81;82;85;88;94;95;96;98;99;100;107;113;114;118;122;125;127;129;139;147;149;153;154;155;156;160;164;169;170;174;175;179;181;182;183;186;193;194;196;207;208;209;218;220;223;225;227;230;235;237;239;245;253;254;260;265;275;279;285;288;289;290;297;299;300;303;304;305;306;309;311;312;315;318;321;322;324;326;329;330;331;332;335;340;342;347;356;360;361;363;369;372;373;377;379;385;386;388;389;390;391;392;393;397;399;400;401;404;410;423;434;436;437;440;441;444;449;450;455;457;458;463;466;467;468;475;476;478;480;484;486;504;509;510;515;517;518;521;525;527;529;532;536;537;547;549;550;555;566;570;574;575;578;579;580;582;585;589;590;591;592;593;594;595;596;605;611;612;615;616;625;628;629;633;637;639;642;647;649;652;656;658;659;661;666;668;677;679;680;681;684;688;693;694;706;707;709;712;716;717;718;723;725;726;729;735;736;747;750;753;755;761;770;776;777;779;784;791;793;798;800;801;803;804;808;811;820;824;827;829;834;837;840;841;843;844;847;850;854;855;859;863;865;866;869;871;873;881;882;883;887;890;891;892;895;903;905;907;909;910;911;912;913;917;918;919;921;922;923;924;928;931;932;936;937;941;943;948;949;951;953;962;969;972;973;974;976;978;983;984;986;987;989;991;993;995;996;999;1005;1007;1009;1012;1014;1018;1019;1020;1021;1022;1031;1037;1039;1045;1047;1048;1050;1053;1055;1056;1057;1068;1070;1073;1076;1077;1083;1084;1086;1092;1093;1094;1096;1098;1099;1100;1103;1104;1116;1118;1120;1122;1129;1136;1139;1142;1143;1144;1145;1159;1161;1165;1167;1169;1171;1172;1177;1181;1182;1183;1184;1185;1186;1188;1190;1195;1200;1202;1203;1204;1208;1212;1214;1215;1217;1218;1223;1224;1228;1230;1232;1233;1234;1237;1239;1243;1244;1246;1252;1259;1262;1264;1267;1268;1269;1272;1273;1274;1276;1279;1281;1282;1283;1286;1288;1289;1290;1293;1295;1297;1299;1301;1302;1305;1306;1308;1311;1314;1315;1319;1328;1336;1337;1338;1342;1347;1350;1351;1355;1357;1360;1373;1377;1379;1385;1387;1390;1391;1392;1394;1397;1398;1402;1407;1409;1413;1418;1424;1427;1429;1432;1433;1434;1435;1437;1441;1442;1443;1444;1445;1446;1450;1454;1456;1457;1459;1461;1462;1466;1472;1475;1478;1485;1487;1490;1492;1493;1494;1495;1497;1501;1503;1509;1511;1514;1524;1525;1530;1531;1534;1536;1545;1547;1549;1554;1556;1561;1565;1571;1573;1574;1575;1577;1579;1581;1588;1589;1593;1594;1596;1600;1604;1605;1608;1614;1615;1616;1617;1619;1624;1625;1628;1633;1634;1637;1638;1639;1644;1646;1647;1651;1652;1655;1659;1663;1667;1670;1672;1675;1676;1678;1683;1690;1692;1693;1696;1698;1699;1701;1704;1705;1707;1709;1712;1717;1724;1727;1733;1736;1737;1738;1743;1744;1745;1746;1747;1750;1753;1754;1762;1768;1769;1772;1774;1776;1777;1783;1784;1786;1796;1798;1803;1806;1810;1812;1813;1814;1815;1816;1817;1819;1822;1823;1824;1826;1827;1828;1833;1841;1843;1845;1849;1850;1853;1857;1858;1859;1861;1863;1864;1875;1879;1881;1887;1891;1897;1898;1903;1904;1910;1911;1913;1924;1928;1932;1935;1945;1948;1949;1950;1952;1953;1955;1957;1958;1959;1961;1963;1967;1969;1971;1972;1973;1978;1982;1985;1986;1988;1990;1991;1992;1993;1998;2001;2009;2010;2011;2013;2015;2023;2026;2028;2029;2032;2033;2038;2049;2050;2051;2052;2053;2056;2059;2060;2061;2065;2070;2071;2072;2075;2076;2077;2078;2082;2084;2096;2098;2100;2101;2104;2108;2109;2110;2117;2120;2122;2123;2124;2129;2130;2132;2134;2137;2139;2140;2144;2146;2147;2148;2150;2154;2160;2164;2168;2169;2174;2177;2180;2181;2183;2190;2191;2194;2198;2200;2201;2202;2206;2208;2210;2212;2213;2214;2215;2225;2226;2229;2233;2234;2236;2239;2240;2253;2264;2265;2266;2270;2271;2272;2276;2277;2288;2292;2294;2305;2313;2316;2323;2324;2328;2329;2331;2332;2333;2335;2336;2337;2338;2339;2343;2345;2346;2348;2349;2350;2357;2359;2361;2362;2363;2366;2376;2379;2381;2382;2385;2386;2394;2395;2397;2402;2408;2413;2417;2419;2428;2430;2435;2438;2440;2444;2446;2447;2448;2449;2453;2458;2459;2461;2463;2464;2469;2472;2474;2478;2480;2481;2488;2491;2496;2497;2501;2502;2503;2510;2513;2516;2517;2522;2525;2528;2529;2535;2536;2537;2538;2539;2553;2554;2555;2556;2558;2560;2570;2573;2578;2581;2582;2583;2586;2596;2598;2600;2601;2602;2604;2606;2611;2612;2619;2625;2627;2629;2630;2632;2635;2636;2640;2641;2643;2649;2650;2651;2659;2660;2661;2665;2667;2668;2671;2680;2686;2691;2692;2697;2699;2704;2707;2709;2711;2712;2713;2714;2716;2720;2721;2723;2726;2728;2729;2732;2733;2739;2741;2742;2744;2745;2746;2748;2749;2753;2757;2759;2764;2765;2771;2780;2786;2789;2794;2795;2797;2827;2828;2829;2834;2838;2839;2840;2844;2847;2849;2850;2851;2854;2857;2858;2862;2871;2874;2876;2878;2882;2887;2893;2899;2900;2901;2903;2907;2914;2915;2927;2928;2930;2932;2933;2934;2937;2944;2945;2947;2949;2954;2956;2957;2958;2959;2962;2966;2969;2970;2977;2978;2979;2981;2982;2985;2986;2987;2990;2991;2992;2994;3002;3003;3004;3005;3007;3009;3011;3012;3013;3022;3023;3029;3030;3031;3040;3041;3051;3052;3055;3058;3061;3070;3073;3074;3076;3078;3079;3080;3083;3084;3085;3090;3092;3093;3096;3098;3099;3101;3103;3104;3105;3108;3109;3111;3112;3117;3118;3119;3121;3122;3123;3125;3126;3129;3134;3136;3137;3138;3140;3143;3146;3150;3156;3163;3171;3173;3175;3177;3179;3185;3188;3189;3195;3198;3200;3204;3206;3212;3213;3215;3217;3218;3220;3229;3233;3234;3235;3239;3243;3245;3250;3251;3263;3265;3266;3268;3271;3272;3274;3275;3278;3284;3285;3293;3295;3297;3299;3307;3319;3325;3338;3345;3350;3353;3354;3362;3365;3367;3369;3371;3375;3377;3379;3381;3382;3390;3396;3398;3402;3407;3409;3410;3411;3415;3419;3428;3429;3433;3436;3441;3442;3443;3446;3450;3451;3452;3457;3458;3467;3468;3470;3472;3474;3475;3477;3481;3482;3483;3484;3485;3486;3488;3489;3493;3504;3510;3514;3515;3516;3517;3518;3528;3532;3533;3535;3542;3543;3546;3547;3551;3553;3555;3557;3558;3565;3566;3567;3570,384.67414500005543
0.4,Leukemia,25,0.017609673160779243,0.9857142857142858,1238,3571,1;2;3;4;7;8;13;14;15;21;26;28;29;32;33;35;37;38;41;44;47;50;52;53;54;74;75;76;82;84;85;86;87;89;90;92;95;100;101;102;109;112;115;116;117;118;120;124;131;132;133;136;139;142;143;144;146;149;152;157;167;168;169;172;174;175;178;180;182;189;191;202;204;205;212;213;219;223;224;226;229;232;233;234;235;240;241;249;253;255;256;259;267;269;270;271;279;284;289;293;298;301;302;303;306;307;311;313;316;324;325;326;328;329;332;334;335;351;354;369;379;381;382;384;385;392;396;398;414;416;418;420;423;430;431;432;434;437;440;444;445;448;455;456;457;460;468;472;477;479;482;487;489;490;492;495;498;499;504;505;507;509;510;514;518;521;527;529;533;535;537;542;547;555;556;557;575;576;578;582;583;584;588;589;594;595;596;598;599;601;603;604;607;613;617;619;625;627;630;632;638;648;650;653;662;663;664;665;669;671;676;677;683;689;692;693;695;696;698;699;703;704;709;712;714;724;725;728;729;730;732;738;741;743;744;745;746;747;752;753;758;760;764;769;772;786;788;789;793;799;806;807;808;810;812;817;819;831;835;838;854;855;858;859;862;863;866;873;874;876;877;881;882;885;887;890;893;896;897;898;903;906;909;912;917;919;923;926;927;930;935;937;939;941;942;947;949;951;952;953;954;955;957;958;963;968;969;970;973;978;980;983;986;991;992;994;995;997;999;1004;1006;1007;1011;1013;1018;1023;1030;1031;1033;1034;1035;1037;1040;1043;1046;1047;1048;1050;1056;1059;1060;1064;1066;1068;1069;1074;1077;1080;1083;1090;1091;1092;1093;1096;1100;1102;1103;1108;1112;1113;1116;1122;1125;1126;1132;1143;1144;1145;1147;1148;1156;1160;1161;1166;1167;1172;1178;1182;1186;1187;1188;1192;1193;1194;1199;1203;1208;1212;1213;1215;1218;1221;1222;1223;1228;1230;1231;1233;1241;1244;1246;1247;1250;1258;1260;1261;1262;1267;1268;1269;1271;1277;1281;1284;1285;1288;1289;1290;1293;1298;1299;1311;1313;1316;1321;1322;1323;1324;1328;1332;1334;1335;1338;1340;1341;1342;1344;1351;1353;1355;1360;1365;1366;1370;1372;1374;1379;1381;1387;1388;1389;1391;1392;1402;1406;1409;1415;1417;1419;1423;1425;1426;1428;1429;1432;1438;1439;1440;1441;1442;1447;1450;1453;1456;1459;1462;1465;1468;1469;1472;1475;1476;1482;1487;1488;1489;1490;1492;1496;1497;1499;1502;1504;1505;1508;1509;1510;1513;1518;1520;1525;1527;1528;1534;1537;1539;1540;1541;1542;1544;1545;1549;1551;1553;1558;1560;1561;1562;1563;1565;1575;1576;1577;1579;1590;1591;1594;1599;1607;1609;1611;1612;1614;1616;1619;1620;1623;1625;1628;1629;1640;1645;1646;1647;1651;1653;1654;1658;1659;1660;1663;1668;1672;1673;1675;1676;1684;1686;1687;1691;1692;1695;1698;1702;1705;1706;1713;1715;1719;1720;1722;1723;1727;1731;1735;1736;1739;1745;1746;1747;1751;1754;1759;1763;1764;1766;1767;1768;1770;1774;1780;1781;1784;1786;1789;1792;1795;1796;1797;1802;1804;1811;1814;1819;1821;1824;1827;1830;1832;1841;1844;1848;1851;1855;1857;1858;1862;1865;1868;1869;1871;1874;1876;1877;1879;1880;1881;1891;1893;1894;1903;1907;1912;1913;1915;1916;1918;1920;1922;1923;1927;1928;1933;1934;1935;1936;1937;1939;1943;1946;1951;1952;1953;1956;1957;1958;1959;1964;1968;1974;1980;1981;1982;1983;1986;1988;1990;1992;1998;1999;2002;2003;2005;2008;2011;2015;2016;2018;2023;2024;2028;2029;2038;2039;2040;2047;2049;2055;2058;2061;2062;2067;2069;2071;2078;2079;2084;2085;2087;2092;2095;2099;2101;2102;2105;2106;2109;2118;2119;2121;2122;2132;2133;2134;2137;2140;2141;2144;2145;2147;2157;2159;2165;2166;2167;2169;2171;2172;2174;2180;2181;2184;2189;2190;2197;2199;2203;2205;2206;2210;2212;2213;2218;2219;2221;2225;2226;2228;2229;2230;2232;2233;2237;2240;2244;2248;2249;2251;2254;2257;2260;2262;2265;2266;2267;2271;2273;2280;2282;2283;2286;2291;2297;2298;2299;2301;2304;2305;2306;2308;2313;2316;2318;2320;2324;2328;2329;2331;2332;2333;2336;2340;2343;2344;2345;2346;2349;2351;2352;2355;2358;2363;2365;2367;2372;2380;2386;2389;2391;2396;2397;2403;2404;2406;2409;2414;2416;2418;2419;2421;2422;2424;2426;2427;2428;2430;2431;2434;2436;2437;2440;2450;2451;2455;2458;2462;2463;2465;2466;2467;2471;2472;2475;2479;2480;2481;2483;2484;2486;2488;2489;2490;2492;2493;2500;2503;2506;2510;2511;2512;2516;2519;2521;2527;2530;2531;2535;2536;2537;2538;2545;2546;2551;2554;2555;2558;2564;2565;2567;2568;2572;2574;2578;2584;2587;2588;2591;2593;2594;2595;2599;2600;2602;2603;2604;2607;2610;2611;2621;2624;2629;2631;2632;2634;2639;2643;2647;2653;2656;2658;2661;2666;2668;2672;2675;2676;2679;2681;2687;2688;2692;2696;2700;2702;2706;2707;2712;2713;2714;2718;2722;2725;2732;2734;2736;2739;2742;2743;2745;2746;2748;2749;2757;2758;2760;2762;2764;2766;2774;2775;2778;2785;2787;2788;2790;2792;2794;2795;2796;2799;2801;2804;2805;2807;2809;2810;2820;2821;2827;2829;2830;2832;2837;2840;2843;2846;2858;2860;2863;2865;2867;2871;2873;2874;2875;2877;2882;2883;2891;2893;2898;2899;2904;2905;2906;2907;2908;2910;2911;2913;2917;2920;2921;2922;2925;2926;2927;2930;2934;2935;2936;2937;2939;2943;2945;2947;2949;2950;2954;2963;2967;2969;2971;2978;2981;2988;2989;2995;3001;3004;3011;3014;3015;3017;3022;3025;3027;3030;3033;3036;3040;3042;3046;3047;3050;3052;3053;3054;3059;3067;3068;3072;3073;3078;3081;3085;3086;3088;3090;3094;3095;3103;3104;3117;3118;3120;3128;3129;3131;3133;3136;3137;3139;3140;3141;3143;3146;3147;3148;3150;3151;3152;3155;3157;3159;3161;3162;3163;3166;3170;3172;3176;3180;3181;3188;3192;3193;3197;3199;3204;3205;3206;3208;3209;3222;3224;3225;3229;3230;3233;3237;3238;3240;3250;3251;3252;3254;3255;3262;3275;3276;3277;3278;3280;3282;3283;3288;3289;3292;3293;3295;3298;3301;3302;3303;3307;3309;3311;3313;3314;3321;3326;3327;3330;3334;3336;3338;3339;3351;3355;3357;3359;3360;3363;3364;3369;3372;3373;3375;3376;3378;3379;3382;3385;3386;3391;3392;3398;3399;3400;3401;3403;3405;3408;3410;3411;3414;3416;3417;3422;3428;3429;3430;3433;3434;3436;3437;3438;3440;3442;3443;3445;3447;3448;3450;3452;3454;3456;3459;3460;3466;3467;3474;3477;3479;3481;3485;3486;3488;3490;3491;3494;3498;3500;3501;3502;3507;3509;3511;3515;3520;3522;3528;3529;3530;3534;3535;3536;3540;3545;3546;3548;3552;3554;3556;3563;3564;3566,385.97065149992704
0.4,Leukemia,26,0.017438852662319426,0.9857142857142858,1177,3571,1;5;6;7;9;12;15;18;24;28;29;31;32;36;49;52;53;54;55;56;61;64;70;73;74;83;84;90;91;94;98;103;108;111;119;122;124;128;129;131;135;138;140;143;149;154;156;159;160;162;165;171;172;173;183;188;193;194;196;197;198;199;204;207;209;211;213;214;216;224;226;227;230;233;242;245;247;255;258;263;264;268;273;274;275;276;281;285;287;288;290;302;305;308;310;313;321;323;324;329;332;333;336;343;348;349;351;352;354;359;361;363;367;368;369;371;372;374;390;391;392;393;395;404;405;411;414;416;418;424;425;427;428;429;431;432;435;437;439;441;446;447;448;450;451;452;455;457;459;463;464;466;467;469;479;480;485;486;489;491;499;502;503;511;512;514;519;521;522;526;529;531;532;536;537;539;540;543;544;546;548;550;554;562;564;570;571;575;577;578;579;583;585;593;594;596;597;602;604;605;607;608;611;621;622;625;629;634;635;639;640;641;642;644;645;656;664;665;666;669;674;676;680;681;682;693;702;704;705;706;708;709;711;721;728;732;735;742;744;745;748;750;751;754;759;763;764;766;769;772;773;775;778;779;780;782;787;788;796;797;801;804;805;807;808;816;817;819;823;825;826;827;829;832;833;836;848;850;853;860;862;863;867;873;874;876;878;880;888;893;894;895;901;902;904;905;906;911;912;913;915;916;918;924;925;926;927;931;938;940;949;951;953;961;963;964;965;968;969;971;976;978;980;983;986;987;989;992;993;994;998;1003;1006;1012;1013;1015;1016;1024;1027;1028;1033;1039;1043;1048;1049;1053;1055;1058;1060;1061;1062;1063;1064;1070;1071;1072;1076;1077;1080;1083;1086;1089;1090;1091;1094;1095;1097;1100;1101;1103;1104;1107;1108;1109;1112;1113;1116;1126;1127;1130;1131;1140;1141;1149;1150;1151;1152;1154;1155;1158;1160;1161;1165;1170;1171;1173;1177;1179;1181;1182;1185;1188;1189;1195;1197;1198;1199;1204;1208;1211;1213;1220;1222;1223;1224;1225;1226;1232;1234;1235;1249;1251;1254;1263;1264;1266;1271;1272;1274;1278;1285;1288;1302;1303;1305;1306;1307;1309;1313;1314;1318;1321;1323;1330;1331;1334;1339;1340;1342;1343;1346;1349;1353;1362;1365;1367;1370;1373;1381;1390;1398;1400;1402;1404;1406;1408;1411;1415;1419;1422;1423;1426;1428;1436;1437;1445;1448;1451;1453;1454;1461;1462;1465;1472;1473;1474;1477;1480;1485;1489;1493;1494;1495;1499;1500;1508;1509;1511;1515;1516;1519;1520;1524;1527;1528;1534;1537;1539;1540;1542;1558;1561;1563;1564;1566;1567;1568;1570;1575;1576;1578;1579;1580;1581;1585;1586;1587;1588;1592;1593;1596;1597;1598;1602;1603;1606;1607;1609;1618;1619;1621;1624;1625;1629;1632;1638;1641;1643;1644;1649;1650;1653;1656;1657;1659;1661;1664;1665;1667;1669;1673;1674;1676;1678;1683;1685;1688;1689;1690;1691;1692;1693;1699;1703;1708;1710;1712;1714;1715;1719;1724;1728;1730;1731;1733;1737;1738;1741;1742;1756;1758;1764;1765;1766;1767;1771;1772;1774;1779;1784;1788;1791;1792;1793;1805;1808;1809;1813;1814;1820;1821;1822;1828;1829;1835;1840;1842;1844;1845;1850;1855;1860;1868;1870;1878;1883;1884;1887;1890;1892;1896;1897;1901;1904;1905;1916;1917;1919;1922;1929;1930;1938;1940;1941;1942;1947;1948;1949;1952;1957;1958;1959;1960;1963;1970;1973;1974;1981;1983;1984;1987;1989;1995;1996;2002;2005;2006;2013;2017;2019;2020;2022;2023;2024;2028;2029;2040;2042;2048;2049;2051;2061;2062;2063;2066;2067;2076;2077;2078;2080;2083;2090;2091;2093;2098;2099;2105;2109;2111;2112;2113;2121;2122;2127;2135;2136;2139;2140;2142;2144;2145;2147;2148;2154;2156;2170;2172;2174;2176;2179;2180;2182;2185;2186;2187;2194;2195;2198;2209;2210;2213;2215;2218;2219;2221;2225;2226;2227;2228;2230;2231;2232;2234;2235;2236;2238;2239;2246;2250;2257;2265;2268;2269;2274;2275;2276;2282;2284;2285;2287;2288;2292;2294;2296;2298;2299;2308;2310;2313;2318;2323;2324;2325;2326;2327;2328;2333;2334;2335;2356;2360;2366;2367;2369;2370;2371;2372;2373;2376;2377;2378;2379;2380;2384;2385;2389;2393;2394;2395;2397;2398;2401;2403;2405;2413;2414;2416;2418;2421;2422;2427;2429;2433;2434;2437;2439;2444;2445;2448;2449;2452;2453;2459;2461;2465;2469;2470;2474;2477;2479;2480;2481;2485;2488;2492;2493;2494;2496;2499;2500;2501;2504;2505;2506;2507;2511;2518;2519;2524;2528;2529;2535;2536;2538;2540;2541;2544;2545;2546;2549;2552;2555;2556;2557;2570;2576;2579;2582;2586;2587;2589;2590;2591;2592;2597;2598;2599;2600;2602;2603;2604;2607;2608;2611;2614;2615;2626;2630;2631;2634;2635;2639;2646;2647;2648;2654;2657;2665;2669;2671;2679;2681;2682;2683;2687;2692;2695;2698;2703;2710;2715;2717;2721;2726;2728;2730;2731;2733;2735;2736;2739;2742;2743;2744;2746;2748;2750;2754;2757;2760;2767;2775;2776;2778;2779;2781;2782;2785;2789;2791;2793;2797;2798;2801;2803;2804;2806;2807;2809;2813;2814;2815;2817;2818;2820;2823;2825;2827;2828;2829;2835;2837;2843;2850;2853;2865;2868;2871;2882;2887;2888;2889;2891;2894;2895;2896;2904;2905;2908;2911;2912;2920;2924;2929;2930;2933;2937;2939;2945;2949;2950;2951;2955;2962;2963;2973;2978;2979;2983;2985;2990;2993;2995;2996;3000;3009;3012;3014;3015;3016;3017;3035;3036;3041;3042;3044;3049;3054;3061;3070;3072;3074;3075;3076;3080;3083;3089;3092;3099;3102;3112;3115;3119;3120;3127;3128;3141;3142;3144;3151;3152;3153;3156;3159;3162;3166;3169;3172;3174;3185;3188;3192;3194;3195;3201;3202;3205;3206;3208;3209;3213;3215;3217;3220;3224;3225;3228;3230;3236;3239;3240;3242;3249;3258;3261;3262;3265;3274;3277;3278;3279;3280;3281;3289;3293;3295;3297;3299;3302;3303;3304;3306;3307;3309;3312;3314;3318;3319;3323;3325;3330;3333;3336;3340;3348;3352;3354;3356;3365;3366;3369;3373;3375;3376;3381;3382;3385;3389;3390;3392;3394;3396;3397;3398;3399;3400;3401;3407;3411;3412;3416;3418;3424;3425;3428;3438;3440;3441;3448;3454;3455;3457;3458;3463;3464;3466;3469;3473;3474;3475;3478;3481;3482;3486;3487;3488;3489;3491;3492;3496;3502;3503;3510;3514;3516;3517;3519;3520;3538;3543;3549;3557;3558;3559;3560;3565;3569,377.2433251249604
0.4,Leukemia,27,0.017517262071448523,0.9857142857142858,1205,3571,0;7;13;18;21;25;27;28;33;34;35;40;42;45;46;48;49;51;55;56;58;60;64;67;68;73;74;75;76;80;83;85;91;93;94;96;97;108;110;111;114;116;119;122;124;125;126;127;129;136;137;140;142;144;146;151;153;157;158;159;162;164;166;169;170;175;176;177;179;180;188;189;193;197;199;201;203;205;206;207;209;210;213;215;216;217;218;219;224;239;247;248;252;254;256;261;265;268;271;272;274;276;277;284;287;290;301;303;308;311;315;317;319;331;332;333;337;345;347;351;354;357;365;369;372;374;383;384;385;386;388;394;395;398;399;403;404;408;409;411;413;414;415;419;420;424;427;432;434;435;437;438;445;447;448;450;453;461;463;464;471;476;479;482;485;488;489;497;501;508;512;516;524;526;530;531;537;543;545;547;561;564;569;573;574;575;577;580;583;584;588;591;595;598;600;601;604;608;616;617;625;628;629;630;634;636;637;646;647;661;665;668;678;679;681;683;694;696;698;699;701;704;706;708;709;710;716;723;729;733;735;736;741;742;750;751;753;754;756;758;759;761;764;766;768;771;773;774;776;781;782;783;785;786;787;794;797;800;801;802;803;805;808;809;811;815;818;820;830;831;832;834;836;837;838;845;846;850;852;857;862;865;874;875;876;878;879;882;884;886;889;894;899;902;903;906;919;922;935;939;940;949;950;951;953;955;957;960;961;963;964;966;968;970;972;973;975;978;983;986;987;989;990;992;993;995;998;999;1003;1006;1008;1009;1010;1011;1013;1014;1016;1018;1020;1025;1039;1045;1047;1048;1050;1052;1057;1058;1059;1060;1061;1062;1064;1065;1066;1073;1079;1080;1081;1082;1085;1086;1096;1097;1098;1100;1103;1107;1112;1115;1119;1121;1123;1130;1135;1139;1143;1145;1150;1153;1156;1157;1174;1175;1181;1185;1189;1190;1194;1195;1198;1199;1201;1202;1203;1204;1206;1209;1210;1212;1213;1215;1218;1228;1229;1234;1235;1240;1242;1244;1247;1249;1251;1254;1255;1256;1258;1263;1265;1271;1280;1281;1283;1292;1294;1295;1296;1300;1305;1306;1309;1311;1316;1321;1327;1329;1330;1332;1336;1337;1338;1339;1340;1343;1344;1348;1352;1354;1355;1362;1363;1367;1371;1373;1374;1378;1379;1380;1382;1385;1386;1388;1389;1392;1393;1399;1401;1402;1404;1413;1417;1420;1424;1428;1429;1435;1442;1443;1446;1448;1449;1453;1454;1458;1461;1462;1466;1471;1480;1485;1487;1490;1493;1495;1497;1498;1501;1502;1503;1504;1506;1507;1509;1510;1514;1516;1519;1521;1526;1527;1528;1533;1536;1537;1545;1552;1553;1558;1560;1566;1568;1569;1572;1586;1591;1592;1595;1596;1597;1598;1599;1601;1604;1605;1610;1615;1616;1618;1621;1622;1626;1627;1631;1640;1641;1651;1653;1655;1660;1661;1664;1668;1669;1671;1673;1676;1678;1679;1681;1683;1687;1695;1700;1701;1704;1705;1706;1708;1709;1711;1715;1718;1730;1732;1735;1736;1738;1739;1740;1742;1744;1746;1750;1754;1755;1756;1758;1763;1766;1770;1771;1777;1779;1780;1783;1784;1786;1787;1788;1789;1792;1794;1799;1805;1810;1817;1822;1823;1827;1828;1830;1833;1836;1844;1847;1848;1856;1857;1858;1859;1861;1868;1870;1871;1872;1873;1876;1878;1883;1884;1888;1891;1894;1897;1899;1901;1902;1907;1909;1911;1913;1915;1918;1923;1924;1926;1930;1935;1943;1944;1953;1954;1957;1961;1963;1968;1969;1971;1975;1977;1979;1983;1986;1992;1996;2002;2003;2007;2010;2012;2015;2016;2027;2029;2030;2039;2041;2047;2049;2051;2054;2056;2059;2061;2064;2069;2071;2072;2074;2080;2088;2089;2091;2093;2094;2095;2098;2099;2101;2115;2119;2123;2129;2130;2135;2140;2148;2152;2154;2155;2158;2162;2164;2166;2167;2171;2172;2175;2179;2180;2181;2182;2185;2187;2194;2196;2197;2198;2200;2206;2209;2210;2214;2215;2216;2224;2227;2231;2235;2239;2240;2241;2243;2245;2253;2259;2263;2266;2267;2269;2271;2276;2281;2282;2284;2285;2288;2291;2293;2294;2295;2297;2300;2305;2310;2315;2320;2324;2327;2330;2339;2342;2344;2351;2352;2359;2361;2362;2363;2365;2372;2375;2376;2386;2394;2399;2400;2404;2405;2408;2412;2414;2416;2419;2429;2431;2432;2433;2434;2438;2441;2444;2447;2450;2451;2452;2453;2457;2458;2459;2462;2465;2469;2470;2474;2479;2481;2484;2485;2488;2491;2492;2494;2499;2500;2502;2504;2509;2510;2511;2517;2520;2525;2528;2530;2532;2533;2534;2540;2542;2544;2545;2548;2550;2558;2563;2564;2567;2568;2570;2573;2574;2580;2581;2582;2583;2586;2593;2600;2602;2603;2607;2608;2609;2611;2612;2613;2616;2619;2620;2623;2625;2628;2630;2631;2632;2636;2637;2639;2640;2645;2648;2652;2653;2656;2657;2658;2660;2669;2671;2673;2674;2680;2681;2684;2685;2686;2687;2690;2692;2696;2698;2699;2700;2702;2707;2713;2714;2719;2722;2728;2732;2734;2735;2738;2741;2744;2745;2748;2750;2751;2753;2755;2759;2760;2762;2763;2764;2766;2775;2778;2780;2783;2784;2787;2789;2791;2794;2795;2799;2801;2802;2809;2810;2811;2812;2816;2819;2823;2826;2829;2833;2835;2836;2838;2841;2842;2843;2844;2845;2846;2847;2853;2856;2857;2858;2859;2860;2864;2867;2870;2872;2873;2874;2875;2878;2879;2884;2886;2888;2889;2892;2895;2898;2900;2903;2911;2913;2914;2915;2924;2931;2934;2937;2938;2945;2947;2955;2960;2961;2962;2963;2965;2966;2973;2977;2978;2983;2986;2987;2990;2993;2995;3002;3005;3006;3010;3012;3013;3015;3017;3018;3021;3022;3026;3029;3030;3033;3034;3037;3039;3044;3049;3050;3051;3052;3054;3055;3061;3063;3066;3067;3068;3070;3071;3078;3081;3082;3085;3088;3091;3092;3093;3096;3097;3099;3100;3102;3103;3106;3109;3115;3119;3122;3123;3126;3129;3132;3134;3140;3142;3143;3145;3150;3151;3152;3153;3154;3155;3156;3160;3162;3164;3167;3168;3172;3174;3176;3178;3179;3180;3181;3190;3191;3193;3194;3195;3197;3199;3200;3206;3208;3209;3211;3212;3222;3224;3229;3233;3234;3239;3242;3244;3249;3253;3254;3259;3260;3261;3262;3267;3270;3272;3274;3276;3280;3284;3287;3288;3291;3292;3298;3301;3310;3313;3315;3318;3319;3320;3324;3330;3334;3340;3343;3344;3350;3353;3355;3361;3364;3372;3378;3387;3388;3390;3394;3400;3403;3406;3411;3413;3416;3418;3424;3425;3437;3441;3451;3454;3460;3463;3464;3465;3466;3468;3469;3474;3475;3478;3480;3481;3484;3486;3490;3494;3497;3499;3510;3511;3513;3514;3515;3522;3525;3526;3528;3529;3530;3535;3537;3544;3546;3554;3559;3568,380.57989004207775
0.4,Leukemia,28,0.017511661399367873,0.9857142857142858,1203,3571,2;7;9;12;13;15;17;19;21;26;31;38;39;40;43;44;45;46;48;51;52;53;55;59;63;65;67;70;74;75;77;78;79;82;85;88;90;93;100;104;107;109;125;129;132;137;138;140;141;142;143;146;148;151;154;159;161;163;168;171;179;183;190;191;194;196;199;202;203;204;208;209;210;211;212;214;217;218;220;223;225;228;229;232;233;234;239;241;246;247;253;255;257;258;267;270;272;273;274;276;277;278;279;284;290;293;295;296;299;300;306;307;309;310;311;312;313;316;317;319;324;331;340;341;343;347;348;357;361;372;374;376;378;380;381;383;385;392;398;399;400;401;402;403;404;407;408;414;415;416;418;426;429;434;435;439;441;442;444;448;451;453;457;459;462;465;466;474;477;482;483;485;486;488;490;492;495;497;503;505;509;510;511;513;514;519;521;523;526;528;530;531;533;535;539;545;546;547;550;554;559;565;568;572;573;574;582;583;585;587;589;590;592;594;601;609;615;616;617;621;627;630;633;634;635;637;638;639;640;642;648;651;654;655;657;659;664;666;667;668;670;672;675;676;677;679;680;684;685;686;689;691;692;699;704;705;707;708;715;717;724;725;733;735;737;742;750;754;756;761;762;764;766;770;781;782;783;784;789;793;794;806;815;816;817;818;821;822;823;824;825;831;833;835;837;839;841;843;849;851;853;856;861;863;864;870;872;873;874;877;880;884;889;891;894;895;897;900;901;906;907;911;913;914;915;918;923;924;925;927;929;934;936;937;939;942;944;949;950;952;956;958;961;963;964;967;974;984;987;989;999;1001;1004;1006;1009;1010;1012;1015;1018;1019;1021;1022;1023;1026;1027;1028;1030;1031;1032;1035;1036;1038;1041;1043;1047;1048;1051;1052;1061;1068;1070;1071;1073;1080;1083;1084;1090;1096;1098;1100;1101;1103;1105;1108;1113;1114;1115;1117;1119;1120;1121;1122;1123;1124;1127;1137;1142;1143;1146;1148;1149;1151;1155;1156;1160;1161;1163;1167;1170;1173;1174;1181;1184;1188;1197;1198;1199;1201;1204;1207;1208;1210;1211;1212;1216;1223;1224;1227;1230;1233;1236;1240;1242;1243;1244;1245;1248;1251;1253;1254;1255;1258;1259;1262;1263;1268;1271;1273;1277;1279;1281;1284;1285;1288;1290;1292;1295;1296;1300;1304;1307;1308;1311;1313;1317;1320;1325;1326;1328;1332;1334;1340;1342;1348;1349;1352;1356;1361;1363;1364;1367;1371;1373;1378;1380;1382;1385;1392;1393;1394;1395;1398;1402;1404;1405;1410;1417;1418;1420;1421;1426;1430;1432;1433;1435;1436;1439;1444;1448;1449;1451;1452;1455;1464;1470;1471;1472;1473;1477;1480;1481;1482;1483;1485;1487;1489;1491;1492;1499;1505;1508;1513;1517;1518;1523;1525;1527;1528;1533;1534;1539;1540;1546;1550;1551;1553;1558;1560;1562;1567;1569;1575;1577;1578;1580;1582;1588;1591;1594;1595;1599;1601;1606;1608;1610;1616;1619;1621;1627;1631;1633;1634;1644;1650;1651;1653;1656;1662;1664;1666;1667;1669;1670;1671;1677;1688;1691;1692;1700;1701;1703;1705;1706;1708;1709;1714;1715;1718;1722;1723;1730;1732;1734;1736;1742;1743;1744;1749;1750;1753;1755;1758;1760;1762;1765;1766;1771;1774;1775;1782;1788;1790;1794;1801;1803;1805;1806;1812;1818;1820;1836;1837;1841;1842;1849;1850;1854;1855;1857;1859;1860;1862;1865;1866;1874;1881;1890;1891;1892;1895;1898;1907;1912;1913;1915;1917;1918;1923;1926;1932;1933;1939;1946;1947;1948;1952;1955;1956;1961;1962;1964;1965;1969;1971;1973;1975;1978;1984;1986;1990;1992;1998;2007;2015;2020;2026;2027;2030;2033;2038;2039;2041;2043;2045;2047;2050;2052;2055;2057;2059;2061;2063;2065;2066;2067;2069;2070;2071;2072;2076;2078;2082;2083;2089;2096;2099;2100;2101;2104;2105;2107;2108;2113;2116;2120;2121;2122;2126;2128;2129;2133;2139;2142;2143;2144;2151;2153;2159;2160;2164;2166;2169;2171;2173;2174;2175;2176;2177;2178;2179;2180;2190;2194;2196;2197;2199;2204;2205;2207;2211;2215;2216;2219;2221;2222;2223;2224;2229;2233;2234;2236;2242;2248;2253;2255;2256;2261;2264;2269;2271;2275;2276;2277;2278;2279;2282;2284;2288;2293;2295;2296;2298;2299;2300;2305;2306;2307;2308;2311;2314;2315;2318;2319;2321;2323;2326;2328;2329;2330;2331;2335;2340;2345;2346;2347;2351;2357;2359;2363;2368;2370;2379;2382;2385;2388;2389;2390;2391;2400;2401;2404;2407;2413;2424;2425;2427;2432;2434;2436;2437;2448;2451;2454;2458;2460;2461;2465;2468;2469;2472;2474;2475;2476;2477;2480;2482;2483;2484;2485;2488;2493;2494;2496;2506;2509;2510;2512;2513;2514;2519;2523;2524;2525;2526;2527;2528;2529;2532;2539;2540;2542;2545;2549;2551;2554;2559;2565;2566;2567;2568;2569;2575;2576;2577;2579;2586;2590;2593;2595;2599;2600;2605;2606;2608;2611;2621;2622;2623;2625;2626;2631;2632;2633;2638;2648;2651;2652;2654;2656;2659;2663;2674;2675;2677;2678;2680;2682;2687;2690;2692;2699;2700;2705;2709;2712;2713;2716;2719;2720;2721;2722;2725;2726;2728;2729;2731;2736;2737;2740;2741;2744;2746;2751;2757;2758;2761;2764;2768;2772;2775;2778;2780;2781;2785;2788;2790;2792;2797;2799;2804;2809;2816;2818;2819;2824;2827;2839;2841;2847;2858;2862;2867;2869;2873;2879;2884;2887;2892;2894;2895;2903;2908;2910;2912;2914;2916;2921;2922;2937;2940;2942;2944;2948;2957;2959;2961;2962;2963;2965;2967;2969;2971;2974;2979;2981;2986;2988;2989;2993;2996;3002;3007;3008;3013;3016;3018;3019;3020;3021;3025;3026;3027;3028;3031;3035;3037;3038;3042;3053;3057;3062;3064;3070;3072;3074;3076;3078;3083;3084;3085;3095;3097;3101;3105;3108;3110;3115;3116;3119;3123;3124;3125;3132;3134;3136;3142;3145;3147;3150;3152;3153;3155;3156;3159;3160;3169;3170;3175;3181;3189;3192;3194;3200;3201;3211;3214;3215;3217;3221;3229;3230;3233;3235;3243;3245;3247;3252;3254;3257;3260;3261;3264;3265;3269;3270;3272;3273;3274;3277;3281;3285;3291;3292;3294;3298;3299;3301;3306;3308;3311;3312;3313;3315;3317;3319;3320;3322;3323;3325;3330;3332;3339;3343;3345;3347;3353;3358;3360;3362;3369;3371;3372;3374;3376;3383;3384;3386;3389;3395;3402;3407;3410;3411;3415;3417;3426;3428;3432;3435;3438;3440;3441;3442;3443;3446;3454;3455;3463;3464;3474;3483;3485;3486;3489;3499;3502;3503;3508;3509;3510;3511;3523;3524;3530;3535;3545;3548;3552;3553;3566;3568;3569;3570,380.16885208385065
0.4,Leukemia,29,0.0174920590470856,0.9857142857142858,1196,3571,9;10;11;12;13;15;20;21;26;27;36;38;39;40;44;51;58;59;61;75;78;79;83;87;93;96;100;102;104;105;109;116;119;124;129;130;134;138;140;141;143;144;145;149;154;155;157;159;160;162;166;167;169;172;174;176;177;178;180;182;184;187;191;193;195;204;208;210;212;215;216;227;229;233;235;236;239;246;247;248;253;256;257;259;262;265;266;267;271;274;286;291;303;306;307;308;310;311;312;315;316;317;319;321;328;330;333;335;339;340;341;344;346;354;359;360;362;367;372;377;380;381;384;396;397;399;405;407;408;412;414;415;417;419;424;425;431;433;434;438;439;446;448;452;454;461;473;474;475;477;478;479;481;483;490;491;493;494;495;496;497;499;500;504;505;519;520;522;526;527;533;534;535;540;542;543;547;548;549;551;553;557;564;573;577;580;581;583;584;585;588;589;595;602;607;610;617;619;620;623;626;627;633;641;649;650;652;656;657;661;662;666;667;675;676;680;684;687;694;698;704;706;708;709;710;712;713;714;722;724;726;729;732;733;737;738;739;740;741;743;747;750;753;757;763;767;769;778;779;781;785;786;787;789;790;792;793;796;800;803;806;809;815;816;819;820;821;830;831;835;836;841;842;845;847;848;849;856;864;866;876;878;879;882;883;884;886;887;889;893;894;895;899;901;906;907;909;920;925;932;937;939;943;946;949;953;954;955;957;958;969;973;975;977;982;987;989;992;993;1007;1010;1012;1021;1023;1024;1027;1028;1035;1036;1037;1042;1046;1048;1050;1052;1060;1064;1067;1069;1070;1077;1078;1082;1085;1090;1092;1093;1098;1099;1103;1105;1106;1107;1108;1109;1117;1119;1121;1123;1125;1129;1134;1135;1137;1141;1148;1151;1152;1156;1157;1165;1169;1172;1177;1178;1184;1185;1186;1187;1188;1189;1192;1194;1197;1198;1200;1201;1205;1208;1216;1224;1227;1230;1231;1233;1234;1235;1243;1248;1249;1250;1253;1263;1273;1276;1279;1284;1286;1288;1292;1295;1296;1298;1299;1300;1307;1313;1319;1323;1325;1328;1334;1340;1342;1347;1348;1349;1351;1362;1363;1364;1375;1377;1381;1385;1388;1389;1390;1393;1394;1395;1398;1401;1403;1405;1407;1415;1416;1417;1422;1424;1428;1429;1430;1431;1434;1436;1438;1441;1443;1446;1450;1454;1455;1457;1458;1461;1464;1471;1473;1477;1478;1482;1485;1486;1491;1495;1498;1500;1503;1505;1510;1514;1516;1519;1522;1526;1527;1531;1534;1536;1537;1542;1544;1545;1550;1551;1557;1559;1564;1567;1573;1574;1577;1580;1581;1582;1585;1594;1596;1600;1611;1614;1621;1622;1624;1625;1629;1631;1632;1634;1637;1638;1640;1642;1647;1651;1652;1653;1655;1657;1660;1661;1666;1667;1668;1671;1673;1676;1677;1681;1682;1691;1693;1696;1699;1700;1703;1706;1708;1710;1711;1712;1718;1719;1720;1722;1724;1725;1730;1733;1734;1737;1738;1740;1742;1745;1747;1752;1753;1754;1755;1760;1761;1762;1764;1765;1768;1774;1782;1786;1788;1791;1798;1805;1806;1808;1811;1812;1813;1814;1821;1822;1828;1829;1832;1833;1841;1843;1844;1845;1849;1851;1852;1853;1855;1859;1861;1868;1869;1870;1872;1874;1875;1878;1879;1881;1886;1888;1890;1892;1893;1897;1900;1901;1904;1910;1911;1916;1918;1920;1922;1923;1930;1931;1936;1940;1941;1943;1945;1947;1948;1950;1951;1953;1963;1967;1969;1976;1977;1980;1982;1983;1985;1987;1989;1995;1999;2007;2008;2019;2022;2024;2029;2030;2031;2034;2041;2048;2050;2055;2056;2057;2059;2062;2063;2064;2072;2077;2078;2079;2080;2086;2090;2095;2098;2101;2102;2106;2110;2120;2122;2125;2127;2128;2136;2137;2138;2140;2143;2144;2145;2146;2150;2162;2163;2164;2165;2167;2170;2171;2175;2179;2180;2181;2190;2194;2195;2197;2199;2200;2204;2208;2211;2219;2220;2221;2227;2228;2235;2237;2248;2250;2256;2257;2260;2262;2263;2266;2267;2271;2272;2274;2275;2276;2277;2280;2281;2300;2301;2302;2303;2305;2307;2310;2311;2312;2316;2317;2326;2331;2342;2343;2345;2346;2347;2348;2349;2352;2353;2358;2360;2362;2363;2364;2365;2366;2368;2370;2373;2374;2375;2376;2378;2379;2381;2388;2389;2390;2394;2396;2398;2399;2403;2404;2407;2409;2410;2411;2417;2419;2425;2429;2432;2433;2440;2441;2449;2450;2462;2464;2465;2471;2477;2478;2481;2491;2495;2500;2502;2506;2514;2515;2516;2517;2518;2519;2524;2525;2530;2533;2536;2540;2542;2543;2545;2552;2554;2558;2559;2560;2561;2563;2566;2567;2568;2571;2575;2577;2581;2584;2586;2588;2589;2592;2593;2598;2599;2600;2601;2603;2605;2606;2608;2609;2610;2611;2619;2620;2622;2623;2626;2627;2633;2634;2635;2639;2646;2648;2649;2652;2654;2657;2659;2660;2662;2669;2670;2673;2684;2686;2687;2693;2698;2699;2704;2707;2710;2713;2717;2718;2719;2722;2727;2732;2733;2734;2737;2742;2745;2749;2752;2754;2755;2762;2765;2767;2769;2770;2772;2778;2782;2783;2785;2786;2788;2791;2793;2796;2797;2799;2802;2805;2808;2809;2811;2816;2817;2818;2819;2820;2823;2827;2833;2834;2841;2843;2849;2851;2852;2855;2858;2859;2862;2868;2870;2874;2882;2883;2888;2889;2890;2892;2900;2901;2903;2909;2910;2911;2912;2913;2916;2924;2926;2934;2938;2939;2940;2944;2946;2949;2952;2953;2955;2957;2960;2963;2966;2967;2976;2978;2979;2990;2995;2998;3000;3005;3008;3011;3012;3015;3016;3017;3020;3029;3030;3031;3033;3034;3037;3038;3039;3040;3041;3045;3048;3049;3050;3052;3053;3054;3055;3061;3062;3065;3069;3071;3073;3074;3077;3081;3082;3083;3084;3085;3095;3098;3104;3105;3110;3113;3115;3117;3120;3122;3125;3126;3128;3131;3134;3136;3137;3144;3149;3150;3151;3154;3157;3158;3159;3161;3164;3165;3166;3171;3173;3174;3176;3182;3186;3187;3189;3193;3195;3198;3201;3205;3206;3214;3216;3219;3222;3226;3227;3229;3230;3231;3232;3235;3237;3249;3252;3255;3263;3267;3272;3278;3282;3285;3286;3287;3292;3297;3302;3304;3306;3307;3308;3318;3319;3325;3332;3333;3338;3340;3341;3342;3343;3344;3346;3347;3349;3351;3356;3357;3358;3359;3362;3364;3369;3371;3375;3376;3379;3381;3382;3384;3387;3391;3394;3396;3400;3409;3413;3416;3417;3421;3427;3428;3430;3434;3436;3437;3444;3445;3448;3449;3450;3455;3457;3458;3462;3467;3469;3471;3473;3476;3477;3478;3481;3490;3493;3494;3495;3498;3499;3504;3505;3506;3519;3521;3526;3528;3533;3535;3539;3545;3546;3547;3551;3552;3554;3555;3564;3565;3569,374.19127920782194
0.5,Zoo,0,0.025424999999999906,0.9800000000000001,9,16,1;2;3;4;5;8;9;12;13,419.92990604182705
0.5,Zoo,1,0.025424999999999906,0.9800000000000001,9,16,1;3;4;5;6;8;11;12;14,416.6339766671881
0.5,Zoo,2,0.01677500000000001,0.99,11,16,1;2;3;4;5;6;8;11;12;13;14,410.142223500181
0.5,Zoo,3,0.0249535714285714,0.9804761904761905,9,16,0;1;2;8;9;11;12;13;14,408.51310333423316
0.5,Zoo,4,0.022453571428571514,0.9804761904761904,5,16,1;3;5;8;12,406.8679525833577
0.5,Zoo,5,0.02417499999999991,0.9800000000000001,7,16,0;1;2;3;5;8;12,404.2748056668788
0.5,Zoo,6,0.023549999999999908,0.9800000000000001,6,16,1;3;5;8;12;14,404.77811995800585
0.5,Zoo,7,0.022453571428571403,0.9804761904761905,5,16,1;3;5;8;12,400.45367849990726
0.5,Zoo,8,0.022924999999999907,0.9800000000000001,5,16,1;3;5;8;12,399.92192629072815
0.5,Zoo,9,0.022924999999999907,0.9800000000000001,5,16,1;3;5;8;12,393.3662836253643
0.5,Zoo,10,0.02479999999999991,0.9800000000000001,8,16,1;3;4;5;8;9;12;13,388.59939350001514
0.5,Zoo,11,0.022924999999999907,0.9800000000000001,5,16,1;3;5;8;12,384.2349771670997
0.5,Zoo,12,0.022924999999999907,0.9800000000000001,5,16,1;3;5;8;12,384.1678138328716
0.5,Zoo,13,0.026049999999999907,0.9800000000000001,10,16,0;1;2;4;5;7;8;9;12;13,384.7117426660843
0.5,Zoo,14,0.022924999999999907,0.9800000000000001,5,16,1;3;5;8;12,387.3000782500021
0.5,Zoo,15,0.026049999999999907,0.9800000000000001,10,16,0;1;3;4;5;6;8;11;12;14,383.9886565422639
0.5,Zoo,16,0.02417499999999991,0.9800000000000001,7,16,0;1;2;3;5;8;12,384.74352887505665
0.5,Zoo,17,0.022924999999999907,0.9800000000000001,5,16,1;3;5;8;12,382.15668041678146
0.5,Zoo,18,0.026049999999999907,0.9800000000000001,10,16,1;2;3;4;5;6;8;11;12;13,384.13843775028363
0.5,Zoo,19,0.0329785714285713,0.9704761904761906,6,16,1;3;5;8;12;13,379.1290360838175
0.5,Zoo,20,0.01490000000000001,0.99,8,16,1;3;4;5;6;8;11;12,377.98959941696376
0.5,Zoo,21,0.0323535714285713,0.9704761904761906,5,16,1;2;5;8;12,380.01957033295184
0.5,Zoo,22,0.022924999999999907,0.9800000000000001,5,16,1;3;5;8;12,382.0055263750255
0.5,Zoo,23,0.026049999999999907,0.9800000000000001,10,16,1;2;3;4;5;8;9;11;12;13,382.481935209129
0.5,Zoo,24,0.025424999999999906,0.9800000000000001,9,16,0;1;3;4;5;8;9;12;13,378.56580808293074
0.5,Zoo,25,0.01615000000000001,0.99,10,16,0;1;2;3;4;5;6;8;11;12,378.1078161248006
0.5,Zoo,26,0.02417499999999991,0.9800000000000001,7,16,0;1;2;3;5;8;12,377.24546545837075
0.5,Zoo,27,0.022453571428571403,0.9804761904761905,5,16,1;3;5;8;12,374.91251533292234
0.5,Zoo,28,0.02417499999999991,0.9800000000000001,7,16,0;1;2;3;5;8;12,374.13952783308923
0.5,Zoo,29,0.01615000000000001,0.99,10,16,1;2;3;4;5;6;8;11;12;13,377.00739470822737
0.5,Sonar,0,0.11784436701509873,0.8846689895470383,22,60,3;8;9;10;15;16;20;21;25;28;32;34;35;36;39;40;42;44;46;48;56;59,313.83433370804414
0.5,Sonar,1,0.10824912891986067,0.8941927990708478,21,60,1;5;10;14;16;17;24;25;26;30;31;32;34;45;47;48;49;50;52;53;58,312.7550956662744
0.5,Sonar,2,0.1120150987224158,0.8895470383275261,16,60,8;11;12;15;23;26;31;33;35;41;44;46;48;51;54;58,329.4321794169955
0.5,Sonar,3,0.09860220673635317,0.9036004645760742,19,60,0;7;8;10;12;16;21;24;26;30;31;35;42;44;47;52;54;56;57,300.11702237511054
0.5,Sonar,5,0.10785249709639953,0.8944250871080139,20,60,0;9;10;11;15;22;25;31;35;36;37;38;39;40;42;48;51;54;56;58,301.89155666716397
0.5,Sonar,7,0.10313821138211383,0.8991869918699187,20,60,0;8;9;11;16;17;21;22;24;26;31;32;37;44;45;48;50;52;55;56,303.9585802499205
0.5,Sonar,4,0.11651103368176541,0.8846689895470383,14,60,0;10;13;17;25;27;31;32;41;42;44;45;47;54,357.56587720895186
0.5,Sonar,6,0.09793554006968651,0.9036004645760742,15,60,1;7;8;10;12;16;20;23;32;35;37;40;42;45;51,313.67603529198095
0.5,Sonar,9,0.1121416957026714,0.8890824622531939,14,60,1;7;10;14;19;22;24;35;39;41;42;47;50;52,315.8864234997891
0.5,Sonar,8,0.0981538908246226,0.9037166085946573,17,60,1;7;10;12;20;22;24;26;27;35;36;40;41;42;45;50;54,317.2282539168373
0.5,Sonar,10,0.10313821138211383,0.8991869918699187,20,60,8;9;10;14;15;16;19;21;23;24;26;30;32;38;44;45;47;52;56;59,318.9361838330515
0.5,Sonar,11,0.10740418118466907,0.8945412311265969,18,60,0;3;8;9;11;15;23;24;27;30;33;39;41;42;43;47;50;57,301.7997724590823
0.5,Sonar,15,0.08859872241579561,0.913704994192799,19,60,3;8;11;12;14;15;17;23;26;35;37;42;43;45;48;52;53;54;59,300.1530502499081
0.5,Sonar,12,0.10753077816492457,0.8940766550522647,16,60,5;9;10;13;15;16;17;22;26;31;32;39;43;45;47;48,354.59745237464085
0.5,Sonar,14,0.1120783972125436,0.88931475029036,15,60,7;10;11;23;25;27;29;31;34;35;39;42;48;50;59,320.353895207867
0.5,Sonar,17,0.11496341463414637,0.8894308943089431,33,60,3;5;7;8;10;11;12;15;16;19;20;22;23;24;25;33;34;36;37;40;41;43;44;46;47;48;50;51;52;55;56;58;59,302.4104619999416
0.5,Sonar,13,0.11218176538908246,0.8895470383275261,17,60,3;7;8;10;15;16;17;25;31;36;39;40;43;45;48;54;57,334.0120457918383
0.5,Sonar,16,0.11313008130081303,0.8894308943089431,22,60,0;3;8;10;12;14;15;17;19;20;22;23;31;35;38;43;47;52;54;57;58;59,315.58274749992415
0.5,Sonar,18,0.09347967479674797,0.9089430894308943,20,60,6;8;9;10;16;18;21;24;26;30;35;36;40;42;48;49;50;54;58;59,295.82127958443016
0.5,Sonar,19,0.1255946573751452,0.8754936120789779,14,60,3;8;10;14;25;26;35;42;45;52;53;54;55;56,339.01966312527657
0.5,Sonar,20,0.10841579558652734,0.8941927990708478,22,60,1;6;9;10;12;17;19;22;23;25;35;39;42;43;44;46;50;51;54;57;58;59,295.6459574159235
0.5,Sonar,21,0.1137049941927992,0.8888501742160277,22,60,0;1;3;7;8;11;15;16;21;23;26;32;34;36;42;43;45;47;48;50;52;54,291.4033750840463
0.5,Sonar,22,0.11774099883855986,0.8844367015098722,20,60,4;5;9;10;16;17;21;22;24;26;31;32;36;41;45;46;48;51;53;55,297.03866733331233
0.5,Sonar,23,0.11324506387921027,0.88931475029036,22,60,0;2;6;7;8;9;10;15;17;22;27;30;34;36;37;41;42;45;46;52;54;58,301.4823654158972
0.5,Sonar,25,0.11206678281068522,0.8896631823461092,17,60,0;2;8;9;11;16;19;22;23;31;35;37;42;51;52;54;59,291.41546004172415
0.5,Sonar,24,0.09836062717770035,0.9041811846689896,21,60,7;9;10;16;21;23;31;34;35;37;38;40;41;42;43;45;46;51;53;57;59,310.64633287489414
0.5,Sonar,26,0.1073008130081301,0.8943089430894309,16,60,3;8;10;16;19;21;26;30;34;43;45;47;48;49;56;57,315.06717529240996
0.5,Sonar,27,0.09381300813008131,0.9089430894308943,22,60,2;5;7;8;10;14;19;21;22;23;26;31;35;36;42;44;47;48;54;55;58;59,296.3514187922701
0.5,Sonar,28,0.11694773519163759,0.8849012775842044,18,60,3;8;9;14;15;21;31;32;33;34;35;40;42;43;44;47;54;56,297.9567627082579
0.5,Sonar,29,0.1124518002322881,0.8897793263646921,20,60,8;9;11;13;15;23;25;26;28;30;35;39;40;45;48;52;53;57;58;59,293.6866357093677
0.5,WDBC,0,0.027997826424468276,0.9754230709517155,11,30,0;1;6;7;17;20;22;23;24;27;29,730.0995637499727
0.5,WDBC,1,0.026260984319205004,0.9771774569166279,11,30,2;3;4;12;13;14;19;20;21;26;27,733.9896345827729
0.5,WDBC,2,0.023120633442012123,0.9806862288464524,12,30,0;2;4;5;10;13;17;19;21;22;26;27,732.4466842501424
0.5,WDBC,3,0.021368421052631523,0.9824561403508772,12,30,4;7;11;12;14;17;19;20;21;22;23;26,729.6034395419993
0.5,WDBC,5,0.02653951249805939,0.9789163173420276,17,30,2;3;4;7;8;12;13;14;16;17;18;20;21;23;25;26;27,660.6598554169759
0.5,WDBC,4,0.026943021269989112,0.9771619313771154,13,30,2;6;7;9;15;20;21;22;23;24;26;28;29,729.3753059590235
0.5,WDBC,7,0.024151374010246886,0.9806551777674274,15,30,4;6;7;8;10;13;15;17;19;20;21;22;23;24;26,695.6568015832454
0.5,WDBC,6,0.024175438596491294,0.9789473684210526,10,30,2;10;12;13;14;18;20;21;24;27,731.0414499579929
0.5,WDBC,11,0.02306582828753317,0.982425089271852,17,30,2;4;5;6;7;12;13;15;16;17;20;21;22;23;24;26;27,641.8031884580851
0.5,WDBC,8,0.027609687936655778,0.9771619313771154,15,30,2;4;6;7;8;9;16;18;19;20;21;23;24;26;27,733.1528308340348
0.5,WDBC,10,0.02523691973296082,0.9788852662630025,13,30,0;2;6;7;10;11;12;13;15;21;23;26;27,728.981533375103
0.5,WDBC,9,0.02378730010867879,0.9806862288464524,14,30,2;3;7;10;11;13;17;19;20;21;23;24;26;27,741.7219750839286
0.5,WDBC,13,0.023469337059462674,0.9806707033069401,13,30,3;4;6;7;17;19;20;21;22;23;24;25;28,711.6130059580319
0.5,WDBC,12,0.025958391554106657,0.9771464058376027,10,30,0;7;10;11;12;17;19;21;23;26,732.7918183752336
0.5,WDBC,14,0.025260984319205006,0.9771774569166279,8,30,0;2;13;15;21;22;24;26,732.3898694999516
0.5,WDBC,15,0.02136842105263174,0.982456140350877,12,30,4;8;10;14;16;17;19;20;21;22;23;26,723.3503142497502
0.5,WDBC,16,0.024857475547275285,0.9789318428815401,12,30,0;6;7;16;19;20;21;22;23;24;25;28,731.9310956667177
0.5,WDBC,17,0.024206179164725835,0.9789163173420278,10,30,3;4;6;7;10;16;17;20;21;26,728.3612159169279
0.5,WDBC,18,0.022787300108678788,0.9806862288464524,11,30,4;6;7;10;14;16;20;21;22;23;26,733.2975247907452
0.5,WDBC,19,0.021383791336748958,0.9824406148113647,12,30,1;4;6;10;18;19;20;22;23;24;27;29,742.6922267079353
0.5,WDBC,20,0.022469337059462784,0.98067070330694,10,30,1;2;3;7;8;18;22;23;24;26,726.4937179582193
0.5,WDBC,21,0.022802670392796116,0.98067070330694,11,30,2;4;6;7;10;13;19;21;22;23;26,730.3952167918906
0.5,WDBC,22,0.028059307560937913,0.9753609687936654,11,30,2;4;6;7;10;13;16;20;21;24;25,732.9862605002709
0.5,WDBC,23,0.02248470734358022,0.9806551777674274,10,30,1;3;6;8;16;21;22;23;26;27,728.9856251250021
0.5,ColonCancer,0,0.11570653846153839,0.885897435897436,549,2000,2;6;11;12;14;17;21;23;26;28;29;30;31;34;38;41;42;43;48;49;54;55;65;68;73;74;76;78;79;81;82;85;88;90;98;101;107;109;116;119;125;131;146;155;162;167;171;172;173;181;189;199;202;203;209;212;215;217;221;223;227;228;241;243;244;245;247;248;249;255;256;258;259;260;262;263;264;266;268;269;271;275;278;290;291;293;294;299;301;314;316;327;338;343;351;352;354;356;358;360;363;365;366;368;372;382;383;396;399;405;414;416;419;421;425;429;430;434;436;437;439;443;446;448;453;455;457;458;462;464;473;477;478;487;488;496;512;513;514;516;522;525;530;531;537;542;545;546;548;549;552;560;561;564;566;570;572;575;576;577;579;580;582;589;595;596;597;605;611;615;620;626;627;632;633;641;647;648;651;655;656;662;666;673;675;694;704;705;708;712;719;723;727;729;735;736;748;756;757;758;760;764;765;775;780;783;784;785;789;803;805;819;822;823;826;827;831;837;838;840;847;849;850;851;854;861;870;872;877;880;893;894;905;915;917;925;935;940;944;947;949;951;954;956;957;959;960;963;964;965;970;971;978;984;986;991;992;995;1002;1003;1017;1019;1023;1024;1028;1034;1035;1037;1042;1045;1047;1048;1053;1055;1056;1057;1065;1068;1074;1080;1081;1082;1085;1090;1091;1093;1095;1103;1104;1115;1119;1120;1125;1126;1127;1132;1142;1144;1145;1148;1155;1157;1158;1162;1164;1165;1166;1167;1168;1172;1176;1185;1189;1191;1194;1195;1196;1205;1208;1210;1213;1214;1216;1221;1222;1230;1232;1240;1242;1248;1257;1259;1260;1261;1264;1266;1267;1268;1273;1275;1276;1277;1281;1285;1290;1291;1292;1303;1305;1307;1311;1315;1316;1318;1326;1327;1331;1333;1334;1336;1337;1338;1341;1343;1344;1352;1354;1359;1363;1364;1366;1367;1371;1381;1383;1387;1388;1395;1401;1404;1405;1406;1409;1413;1415;1416;1418;1422;1428;1430;1431;1433;1434;1436;1438;1441;1442;1448;1450;1452;1453;1456;1463;1465;1470;1472;1474;1481;1484;1486;1488;1490;1492;1500;1503;1504;1508;1513;1515;1520;1523;1524;1525;1527;1534;1538;1546;1547;1553;1556;1557;1559;1561;1562;1566;1569;1572;1574;1580;1581;1583;1593;1594;1598;1600;1613;1616;1618;1619;1620;1635;1636;1640;1645;1647;1650;1654;1656;1671;1673;1676;1679;1684;1688;1689;1694;1707;1718;1720;1721;1724;1729;1730;1731;1738;1740;1741;1745;1748;1751;1759;1763;1772;1773;1775;1787;1796;1798;1801;1802;1803;1806;1808;1809;1814;1817;1818;1820;1821;1825;1826;1827;1828;1829;1833;1834;1836;1843;1845;1862;1870;1875;1883;1884;1885;1889;1891;1895;1897;1898;1902;1909;1911;1912;1914;1917;1918;1925;1926;1927;1929;1932;1933;1935;1941;1950;1952;1954;1956;1959;1967;1969;1973;1975;1984;1985;1992;1995;1998,247.11381495930254
0.5,ColonCancer,1,0.16157384615384615,0.8397435897435898,584,2000,5;10;13;18;23;28;31;32;35;40;43;44;46;48;52;57;59;62;67;68;71;76;78;79;80;85;87;90;91;93;94;96;98;100;102;104;114;125;126;128;133;134;137;145;146;150;161;162;163;164;173;176;179;180;181;191;193;194;198;202;213;217;228;230;231;232;244;245;246;255;257;276;285;286;294;297;300;303;305;309;314;317;321;322;323;329;330;332;333;336;342;344;353;367;371;380;383;389;390;402;403;414;415;416;417;418;428;437;439;444;448;449;455;458;459;464;465;472;473;482;483;485;488;489;490;491;496;498;501;502;503;504;512;513;519;529;533;538;539;549;552;559;567;570;571;572;574;578;584;589;590;596;600;602;605;610;615;616;618;619;620;630;632;635;639;640;641;643;645;650;652;660;665;669;671;673;674;676;680;682;683;685;692;697;699;705;706;708;712;713;717;720;724;726;729;732;738;740;741;742;743;745;748;754;755;763;767;776;784;787;788;790;791;792;793;805;810;811;814;817;819;821;823;832;836;837;839;842;844;851;855;857;858;860;861;862;870;873;878;881;889;891;894;897;898;905;906;908;909;912;914;915;917;919;921;922;929;930;937;938;939;940;944;946;947;948;951;952;955;958;960;962;966;967;970;975;982;983;984;987;991;994;997;999;1005;1006;1024;1025;1026;1028;1031;1034;1036;1037;1040;1045;1047;1060;1061;1063;1083;1084;1087;1089;1094;1102;1103;1106;1107;1109;1114;1119;1120;1127;1130;1138;1140;1142;1147;1150;1151;1154;1157;1158;1159;1160;1162;1164;1165;1167;1168;1170;1171;1177;1178;1182;1183;1185;1195;1199;1204;1206;1210;1213;1214;1217;1223;1238;1241;1246;1247;1250;1255;1256;1259;1262;1264;1265;1270;1273;1282;1287;1288;1290;1295;1302;1304;1305;1307;1311;1315;1318;1321;1325;1327;1329;1333;1334;1335;1336;1343;1346;1349;1352;1362;1364;1365;1367;1368;1370;1372;1374;1375;1377;1378;1381;1382;1387;1389;1392;1393;1397;1408;1411;1412;1415;1419;1422;1430;1434;1436;1438;1440;1442;1444;1447;1450;1453;1454;1456;1457;1464;1465;1470;1472;1475;1476;1482;1485;1487;1488;1492;1496;1499;1500;1503;1508;1510;1512;1515;1516;1517;1520;1526;1528;1532;1533;1535;1538;1543;1545;1547;1548;1552;1555;1556;1557;1561;1565;1569;1573;1576;1577;1581;1583;1585;1588;1591;1595;1601;1605;1606;1608;1609;1612;1613;1617;1618;1619;1630;1631;1632;1633;1636;1638;1639;1641;1643;1645;1646;1650;1653;1656;1664;1668;1669;1684;1688;1692;1694;1696;1707;1710;1712;1713;1714;1715;1720;1721;1725;1727;1729;1734;1735;1740;1741;1742;1752;1755;1756;1760;1765;1766;1777;1779;1781;1783;1785;1797;1802;1804;1805;1816;1826;1837;1839;1845;1846;1848;1850;1851;1852;1855;1857;1861;1864;1866;1867;1869;1870;1871;1874;1877;1879;1884;1886;1891;1894;1901;1905;1907;1909;1916;1920;1923;1927;1930;1933;1937;1940;1948;1949;1956;1957;1958;1960;1970;1971;1972;1975;1984;1988;1992;1999,246.43690645787865
0.5,WDBC,24,0.024554882782176712,0.9789007918025151,11,30,2;4;7;9;10;16;18;20;21;22;26,737.5697609172203
0.5,WDBC,25,0.02248470734358022,0.9806551777674274,10,30,4;7;14;15;17;20;21;22;23;26,719.8007021658123
0.5,WDBC,26,0.02419080888060862,0.9789318428815401,10,30,4;6;7;15;21;22;23;24;27;29,732.6735445838422
0.5,WDBC,27,0.024206179164725835,0.9789163173420278,10,30,3;12;13;14;16;21;22;23;24;26,712.9616357088089
0.5,ColonCancer,2,0.08401076923076928,0.9179487179487179,556,2000,6;8;9;11;13;15;22;25;30;31;33;39;40;44;51;52;62;65;66;67;69;70;72;83;85;92;93;94;95;97;109;112;122;128;131;132;134;138;139;146;150;156;157;172;173;174;176;177;180;182;185;187;188;194;195;197;199;205;207;209;217;225;230;231;240;242;246;247;250;252;255;258;269;280;281;285;289;290;294;295;298;300;301;302;304;311;313;315;319;326;330;338;342;344;347;348;349;365;369;370;376;383;385;386;394;397;400;402;404;411;413;415;417;419;423;425;428;431;432;436;445;450;452;468;470;480;483;485;486;492;494;495;497;507;508;512;514;516;518;519;522;527;528;530;533;534;537;540;546;547;549;552;556;558;560;563;564;568;571;572;575;576;588;590;599;607;608;616;617;624;626;627;633;637;639;646;650;651;653;655;656;661;662;665;674;677;678;679;683;686;687;689;693;694;699;701;704;708;710;714;716;719;720;724;725;731;736;738;739;746;748;749;750;759;765;767;768;769;770;783;784;787;793;794;796;800;804;807;809;812;816;818;821;827;829;831;833;835;842;845;851;859;861;863;864;870;885;890;891;892;904;907;908;911;912;915;920;921;922;923;924;938;945;948;949;960;969;979;981;983;984;989;994;996;1002;1003;1005;1008;1012;1018;1021;1023;1029;1033;1035;1039;1048;1050;1051;1052;1057;1063;1070;1071;1072;1075;1082;1083;1084;1085;1086;1087;1092;1096;1097;1100;1101;1103;1107;1116;1137;1138;1145;1150;1152;1153;1154;1155;1158;1159;1163;1167;1176;1177;1180;1188;1191;1192;1194;1197;1198;1201;1206;1212;1213;1217;1218;1219;1221;1226;1228;1229;1230;1232;1233;1235;1236;1239;1240;1244;1247;1248;1250;1252;1254;1257;1259;1261;1264;1265;1268;1270;1283;1285;1289;1292;1298;1301;1303;1304;1305;1311;1312;1313;1315;1316;1319;1321;1325;1333;1336;1338;1340;1341;1343;1345;1346;1348;1350;1353;1358;1360;1362;1363;1366;1368;1378;1380;1381;1387;1391;1396;1398;1401;1407;1411;1415;1417;1418;1422;1434;1440;1443;1447;1448;1452;1453;1458;1459;1460;1464;1466;1469;1471;1472;1477;1478;1488;1489;1490;1493;1494;1495;1497;1498;1508;1510;1520;1521;1524;1525;1527;1529;1531;1533;1534;1536;1539;1541;1542;1547;1548;1551;1556;1559;1563;1565;1568;1572;1574;1575;1578;1579;1581;1585;1586;1587;1591;1598;1606;1610;1613;1614;1615;1622;1624;1625;1626;1638;1640;1642;1646;1649;1657;1666;1668;1687;1698;1705;1707;1708;1709;1713;1714;1723;1724;1727;1744;1745;1752;1759;1764;1766;1771;1773;1786;1789;1793;1794;1800;1802;1807;1812;1815;1816;1817;1818;1819;1825;1831;1834;1835;1836;1839;1847;1851;1852;1854;1866;1867;1871;1880;1883;1885;1892;1893;1896;1903;1904;1907;1924;1927;1930;1934;1938;1945;1948;1956;1958;1959;1962;1971;1972;1973;1976;1984,249.8895025420934
0.5,ColonCancer,3,0.12850884615384625,0.873076923076923,571,2000,1;4;9;13;15;17;18;19;29;30;32;39;48;56;58;61;70;76;77;81;83;86;87;93;100;104;105;119;127;131;140;148;150;159;160;162;169;172;174;177;181;187;188;189;194;200;201;202;212;214;215;217;218;220;223;226;227;228;231;232;236;239;240;244;246;247;248;252;253;260;265;266;268;274;280;282;288;289;291;298;301;304;309;313;319;324;329;331;342;344;349;350;358;359;362;370;371;375;381;390;398;401;402;415;420;421;425;426;427;431;432;434;438;442;450;452;463;466;470;471;477;486;487;491;495;504;505;509;510;511;512;514;515;516;519;527;530;531;535;540;546;547;551;553;555;558;559;560;563;569;575;584;589;590;591;595;598;599;601;604;608;611;612;613;615;620;621;626;628;634;646;647;648;649;655;656;661;662;666;672;674;675;677;678;683;684;694;695;700;702;703;728;731;734;738;743;744;745;757;764;766;770;773;777;787;797;799;803;804;811;818;821;827;829;831;837;838;841;848;849;850;851;857;861;862;865;870;875;877;878;880;881;884;887;900;904;913;920;927;928;929;933;934;940;944;947;948;955;956;958;959;960;968;974;976;977;985;986;987;992;993;995;997;1003;1006;1007;1020;1021;1022;1031;1033;1036;1041;1057;1061;1069;1072;1075;1076;1078;1080;1084;1089;1094;1106;1108;1112;1118;1120;1122;1129;1131;1132;1138;1141;1145;1148;1149;1155;1157;1164;1167;1171;1174;1175;1180;1185;1192;1197;1202;1208;1211;1220;1221;1222;1225;1231;1233;1238;1244;1245;1255;1257;1265;1266;1268;1273;1276;1277;1279;1280;1282;1284;1285;1289;1290;1292;1294;1296;1298;1299;1304;1306;1310;1311;1316;1320;1321;1324;1327;1334;1336;1342;1344;1349;1352;1356;1358;1359;1363;1364;1373;1374;1375;1377;1378;1385;1389;1392;1396;1398;1400;1401;1403;1404;1408;1409;1410;1414;1415;1417;1418;1420;1427;1437;1438;1439;1441;1442;1444;1454;1463;1464;1465;1467;1470;1471;1473;1477;1480;1482;1484;1489;1497;1498;1501;1502;1503;1505;1506;1507;1509;1510;1512;1515;1518;1522;1526;1528;1529;1532;1536;1539;1545;1546;1549;1551;1553;1558;1559;1562;1564;1570;1577;1579;1580;1582;1588;1589;1591;1593;1594;1595;1596;1606;1610;1611;1616;1617;1619;1620;1621;1622;1626;1627;1628;1632;1636;1639;1641;1643;1649;1655;1662;1663;1669;1670;1673;1675;1678;1679;1681;1682;1684;1686;1689;1694;1697;1699;1700;1709;1710;1713;1714;1715;1719;1723;1733;1736;1740;1743;1744;1747;1752;1760;1761;1762;1763;1765;1769;1770;1774;1781;1782;1785;1789;1793;1795;1801;1806;1807;1810;1811;1813;1816;1818;1820;1822;1824;1827;1832;1833;1835;1837;1838;1841;1848;1852;1854;1856;1861;1867;1870;1887;1888;1889;1893;1896;1898;1900;1909;1910;1911;1922;1924;1926;1928;1932;1934;1936;1937;1939;1941;1942;1945;1950;1953;1954;1955;1956;1958;1959;1964;1965;1970;1975;1976;1978;1990;1995;1996,249.06555266678333
0.5,WDBC,28,0.02348470734358022,0.9806551777674274,13,30,2;3;4;6;7;10;13;16;20;21;23;26;27,722.2529606670141
0.5,WDBC,29,0.025958391554106657,0.9771464058376027,10,30,3;6;7;11;12;20;21;24;25;27,723.4634316251613
0.5,ColonCancer,4,0.10053576923076922,0.9012820512820513,561,2000,0;1;4;8;10;12;13;17;19;22;26;33;40;43;45;48;50;52;54;57;58;62;69;71;73;76;84;85;86;91;97;98;99;101;104;105;106;107;108;109;123;126;129;130;139;140;146;149;157;158;159;161;162;168;172;173;175;178;179;182;185;188;192;199;208;211;212;214;218;219;222;230;234;239;240;241;244;257;258;259;263;265;267;269;270;281;282;287;293;294;301;302;305;306;308;310;312;313;314;318;321;329;332;333;335;336;341;354;356;357;359;360;362;364;366;368;370;372;375;379;390;394;398;399;400;401;407;410;411;412;415;418;422;425;426;428;430;435;438;439;440;443;445;446;449;451;452;454;455;458;460;463;464;465;466;469;475;478;484;485;497;502;506;510;514;515;518;520;521;522;525;527;535;547;551;553;558;563;564;567;577;578;579;580;586;589;592;595;600;601;621;626;628;629;630;634;635;639;649;652;655;659;660;665;666;668;683;685;686;690;691;699;706;708;712;715;720;722;723;724;733;736;737;738;745;753;773;782;783;784;789;790;791;793;799;800;801;804;806;812;822;824;825;827;832;839;840;843;845;851;854;859;861;864;865;870;871;875;882;883;887;889;890;896;898;899;904;908;910;913;922;926;928;930;931;934;937;938;940;943;947;948;952;955;969;976;977;978;979;980;991;996;1003;1007;1011;1017;1020;1024;1032;1034;1035;1036;1039;1046;1047;1050;1065;1072;1083;1087;1089;1093;1096;1100;1103;1111;1120;1127;1128;1131;1137;1138;1145;1147;1148;1149;1151;1152;1153;1156;1159;1161;1164;1173;1174;1178;1179;1182;1189;1190;1191;1196;1201;1205;1212;1216;1223;1230;1237;1238;1245;1247;1248;1249;1253;1257;1259;1262;1270;1271;1272;1273;1274;1275;1277;1278;1282;1283;1288;1289;1291;1292;1302;1303;1304;1306;1310;1314;1316;1322;1324;1326;1327;1329;1333;1334;1341;1343;1344;1345;1346;1348;1352;1361;1363;1364;1365;1366;1367;1371;1373;1378;1382;1384;1386;1394;1397;1406;1410;1411;1414;1422;1427;1431;1433;1438;1439;1440;1443;1452;1454;1459;1461;1463;1465;1471;1474;1479;1480;1484;1485;1486;1488;1498;1504;1506;1511;1513;1515;1517;1519;1527;1534;1535;1542;1545;1552;1555;1561;1567;1568;1569;1582;1588;1592;1596;1606;1616;1625;1626;1631;1632;1634;1637;1639;1643;1646;1648;1650;1651;1652;1655;1658;1662;1666;1667;1668;1672;1674;1679;1680;1683;1686;1692;1696;1707;1709;1713;1717;1719;1720;1725;1726;1727;1733;1734;1736;1738;1748;1749;1752;1753;1757;1758;1759;1770;1772;1773;1778;1781;1786;1793;1797;1817;1824;1830;1834;1835;1837;1841;1842;1852;1858;1866;1871;1872;1874;1875;1881;1883;1884;1885;1886;1892;1903;1909;1911;1916;1917;1921;1923;1926;1939;1940;1941;1942;1945;1948;1949;1954;1955;1958;1965;1966;1970;1972;1981;1988;1989;1998;1999,257.5311527498998
0.5,ColonCancer,5,0.14621307692307695,0.8551282051282051,558,2000,1;8;13;15;17;19;21;25;29;33;40;49;58;66;71;74;77;89;92;93;94;103;105;109;110;113;114;115;121;125;136;137;142;146;154;169;173;177;188;193;197;199;200;205;206;207;210;211;214;218;220;222;224;232;233;241;244;247;249;257;260;263;267;268;274;276;283;287;292;294;295;299;300;306;313;314;321;326;327;329;330;331;335;337;338;353;357;364;365;370;374;376;378;379;382;389;393;395;398;402;405;407;408;414;415;416;419;421;424;428;429;430;432;438;440;441;446;448;450;451;452;455;456;457;458;459;462;464;472;479;480;481;484;486;487;488;494;495;514;515;519;525;532;535;538;541;546;551;556;558;559;561;562;565;574;575;584;585;586;587;593;596;597;598;599;600;602;604;613;615;616;617;618;624;626;631;635;640;642;647;651;653;654;659;661;666;673;675;676;680;681;682;689;691;694;697;707;708;711;712;717;721;727;728;731;734;738;742;744;746;750;751;752;756;758;761;766;778;779;782;787;791;794;797;802;803;804;805;812;815;821;843;845;847;848;849;851;856;862;867;869;873;879;887;888;899;904;909;915;918;920;922;926;933;934;935;950;954;956;959;960;976;977;978;979;981;986;988;995;996;1003;1005;1007;1010;1011;1013;1016;1017;1018;1019;1026;1028;1033;1035;1039;1041;1046;1049;1051;1052;1054;1058;1060;1063;1065;1066;1072;1073;1074;1076;1083;1084;1085;1086;1096;1099;1103;1111;1113;1126;1127;1129;1133;1151;1157;1160;1165;1167;1169;1172;1177;1192;1194;1207;1208;1211;1214;1221;1224;1226;1228;1230;1231;1236;1239;1246;1247;1264;1265;1266;1268;1275;1278;1283;1289;1291;1292;1294;1295;1299;1303;1310;1315;1316;1318;1319;1324;1327;1329;1332;1339;1344;1345;1346;1347;1352;1353;1356;1358;1361;1364;1369;1371;1377;1398;1399;1402;1403;1406;1412;1415;1420;1423;1425;1430;1432;1434;1436;1440;1445;1451;1453;1454;1458;1463;1464;1468;1471;1472;1476;1477;1479;1483;1485;1493;1495;1499;1507;1509;1514;1519;1521;1531;1532;1533;1534;1540;1545;1546;1550;1554;1556;1558;1564;1565;1566;1570;1572;1577;1582;1583;1585;1589;1590;1591;1595;1596;1600;1603;1605;1607;1608;1611;1614;1616;1622;1627;1630;1637;1642;1647;1648;1649;1654;1656;1659;1662;1672;1673;1675;1679;1681;1682;1686;1687;1691;1696;1698;1700;1705;1715;1723;1725;1729;1736;1740;1743;1749;1751;1754;1756;1760;1764;1768;1777;1781;1786;1790;1792;1797;1798;1799;1804;1806;1807;1810;1811;1812;1816;1824;1826;1827;1828;1835;1836;1837;1842;1844;1846;1851;1852;1854;1855;1856;1864;1865;1868;1869;1870;1872;1882;1883;1884;1886;1890;1891;1895;1896;1897;1900;1902;1903;1905;1907;1913;1917;1922;1924;1926;1933;1936;1938;1941;1944;1945;1948;1952;1955;1956;1972;1975;1982;1984;1987;1989;1991;1994;1997,262.54501958424225
0.5,ColonCancer,6,0.11465230769230762,0.8871794871794872,592,2000,6;9;13;15;18;21;26;27;29;31;33;40;42;46;51;55;57;60;61;62;63;67;68;69;74;75;81;82;83;84;87;92;95;96;98;99;101;110;111;112;123;129;132;136;141;143;149;153;155;158;159;160;165;168;169;170;174;175;176;179;180;181;185;188;189;192;193;194;197;198;199;200;201;204;205;211;213;214;219;226;228;232;233;234;240;244;247;248;253;255;256;257;259;267;270;284;285;286;291;294;309;310;311;329;330;335;336;337;339;343;344;351;353;356;357;358;359;362;364;366;368;374;382;384;386;389;393;396;399;400;402;410;414;418;421;429;432;433;434;435;440;441;442;443;446;448;452;457;462;465;468;473;474;476;477;483;495;501;502;507;511;512;513;516;519;521;523;525;526;527;531;534;535;538;543;547;548;549;558;559;560;562;565;566;569;574;575;583;590;593;597;601;602;603;605;608;609;610;611;612;617;622;623;626;634;635;638;644;648;649;651;655;666;669;675;677;678;681;684;690;695;700;704;705;707;708;713;716;718;722;729;731;734;736;737;738;747;751;753;754;758;763;764;765;766;768;770;774;778;782;784;785;789;792;794;801;805;810;818;821;822;823;824;826;832;833;843;845;848;849;856;861;874;877;880;887;891;893;896;898;901;902;903;906;909;912;913;917;920;923;925;926;927;930;938;948;949;951;955;970;972;974;977;978;983;984;985;992;999;1002;1003;1010;1011;1012;1016;1021;1022;1024;1026;1028;1029;1033;1041;1046;1058;1059;1061;1065;1068;1075;1076;1077;1078;1085;1090;1098;1105;1108;1110;1111;1116;1127;1130;1135;1152;1153;1159;1165;1167;1170;1174;1175;1182;1185;1187;1188;1199;1200;1202;1206;1207;1208;1210;1212;1214;1215;1219;1220;1228;1230;1236;1237;1239;1243;1244;1247;1255;1259;1263;1266;1267;1273;1275;1276;1284;1286;1290;1292;1294;1296;1300;1301;1308;1312;1314;1317;1322;1324;1325;1331;1333;1335;1338;1340;1343;1344;1345;1347;1356;1358;1363;1367;1386;1387;1388;1393;1399;1405;1412;1415;1422;1433;1439;1440;1443;1449;1455;1458;1459;1461;1470;1475;1481;1486;1491;1492;1493;1502;1507;1509;1515;1520;1523;1526;1529;1531;1532;1535;1541;1548;1550;1553;1563;1569;1571;1575;1580;1581;1584;1586;1588;1592;1601;1603;1604;1610;1613;1616;1617;1620;1622;1628;1630;1633;1634;1636;1640;1645;1647;1650;1651;1652;1656;1657;1664;1668;1669;1678;1685;1686;1689;1702;1708;1711;1712;1713;1716;1717;1721;1722;1723;1727;1729;1741;1742;1744;1745;1751;1754;1755;1758;1763;1764;1765;1768;1770;1772;1781;1794;1795;1799;1804;1806;1807;1809;1810;1811;1818;1819;1820;1822;1823;1825;1826;1832;1833;1834;1835;1836;1841;1842;1845;1852;1853;1854;1865;1866;1880;1883;1884;1891;1892;1895;1901;1902;1906;1914;1915;1918;1920;1922;1924;1930;1931;1936;1937;1938;1939;1944;1945;1948;1950;1951;1955;1956;1957;1963;1965;1967;1969;1971;1972;1974;1979;1981;1982;1986;1987;1989;1993;1996;1999,263.6149552920833
0.5,ColonCancer,7,0.09545384615384615,0.9064102564102564,560,2000,0;2;3;4;10;13;17;20;25;30;31;37;38;43;49;53;56;61;63;64;65;68;69;71;90;92;93;95;100;103;104;106;110;112;122;124;126;128;133;136;137;140;141;145;148;153;162;164;165;167;169;175;176;177;180;182;185;186;189;191;195;197;198;199;200;204;214;217;219;221;225;227;229;230;244;247;252;253;261;263;268;277;278;283;284;285;287;293;294;295;305;313;316;319;323;329;330;332;334;336;341;342;344;353;357;359;360;361;364;366;368;381;390;396;402;403;406;409;410;411;414;416;429;434;438;443;444;453;455;456;457;468;472;482;485;486;490;491;497;499;506;512;518;525;526;528;529;531;537;538;541;544;552;553;557;561;565;566;570;571;572;573;576;582;583;584;587;594;607;610;612;620;635;638;639;645;646;648;656;658;660;661;662;664;667;668;669;671;675;677;695;699;700;703;704;708;709;711;715;721;725;727;731;734;738;739;740;750;755;756;760;764;771;774;784;791;806;807;810;811;815;817;820;821;823;824;826;829;835;836;838;840;843;852;863;864;865;870;876;877;878;880;882;886;892;897;905;909;912;914;922;926;928;929;933;936;939;943;944;945;958;963;965;972;973;977;980;981;982;990;991;994;997;998;1004;1005;1009;1018;1024;1026;1030;1032;1043;1046;1047;1050;1052;1057;1058;1061;1066;1071;1076;1077;1080;1082;1083;1084;1085;1089;1098;1101;1104;1105;1108;1109;1116;1123;1127;1131;1133;1134;1144;1155;1157;1160;1165;1171;1172;1177;1178;1181;1188;1190;1192;1193;1194;1195;1196;1197;1208;1211;1212;1213;1214;1216;1217;1229;1241;1247;1248;1249;1254;1264;1274;1283;1286;1290;1292;1295;1298;1299;1301;1302;1312;1317;1319;1326;1331;1333;1334;1337;1345;1351;1353;1354;1355;1356;1358;1360;1361;1364;1367;1369;1375;1379;1383;1387;1396;1401;1402;1407;1410;1412;1415;1420;1421;1423;1425;1432;1433;1436;1439;1443;1444;1446;1453;1456;1460;1466;1470;1475;1482;1483;1488;1489;1501;1502;1506;1512;1513;1516;1517;1520;1521;1523;1524;1526;1531;1532;1534;1536;1537;1540;1543;1544;1545;1546;1547;1548;1549;1550;1553;1556;1557;1559;1566;1567;1572;1573;1574;1575;1581;1582;1585;1586;1588;1590;1593;1599;1600;1601;1607;1609;1612;1616;1617;1620;1621;1622;1630;1631;1638;1639;1643;1645;1647;1648;1651;1655;1659;1662;1664;1672;1674;1678;1680;1681;1687;1688;1694;1696;1700;1702;1704;1705;1709;1711;1720;1723;1726;1729;1731;1735;1742;1747;1750;1752;1765;1766;1769;1770;1771;1778;1781;1789;1795;1796;1797;1803;1807;1809;1813;1824;1828;1830;1841;1848;1856;1857;1858;1863;1865;1866;1871;1872;1877;1881;1882;1883;1884;1891;1892;1893;1894;1895;1896;1898;1900;1903;1907;1912;1914;1925;1938;1940;1942;1943;1945;1948;1953;1956;1959;1961;1963;1975;1983;1984;1985;1999,265.3874881672673
0.5,ColonCancer,8,0.12830384615384627,0.873076923076923,530,2000,0;1;3;8;12;18;22;23;25;27;28;29;46;47;48;49;51;54;62;65;70;74;78;86;87;93;94;97;98;99;100;101;103;107;108;110;113;129;135;137;138;140;141;142;144;148;152;155;157;162;167;168;175;176;180;188;189;195;199;210;212;213;216;217;220;223;225;226;227;229;230;235;240;255;256;257;272;274;276;277;278;284;287;292;293;295;302;304;307;314;318;323;333;334;337;338;339;340;341;346;349;359;363;364;365;366;370;371;373;385;387;399;400;401;406;408;411;414;415;417;420;423;426;428;429;435;440;442;443;444;449;451;452;453;455;461;462;464;466;468;470;475;486;491;505;508;512;519;520;522;524;526;528;534;535;537;542;544;554;567;569;574;575;576;578;580;590;594;595;598;600;608;612;619;620;621;623;625;626;635;637;641;642;648;649;652;654;657;662;663;664;668;678;680;682;689;692;693;694;703;716;719;727;733;738;740;741;742;744;745;757;760;761;762;772;777;782;786;791;794;798;799;804;812;816;819;820;821;823;825;835;836;841;853;855;861;874;878;881;890;892;893;895;897;899;900;901;908;926;931;935;936;940;958;965;968;969;976;986;987;990;991;993;996;1002;1003;1006;1008;1009;1011;1015;1018;1021;1025;1026;1028;1034;1043;1045;1049;1053;1055;1057;1059;1061;1070;1073;1074;1084;1086;1095;1096;1098;1102;1103;1109;1111;1117;1123;1128;1129;1133;1138;1143;1144;1146;1147;1148;1155;1158;1175;1176;1183;1188;1190;1195;1199;1206;1207;1209;1211;1215;1216;1222;1224;1225;1232;1233;1239;1241;1242;1244;1250;1254;1255;1256;1259;1265;1266;1268;1270;1277;1279;1280;1281;1282;1291;1294;1298;1301;1302;1308;1311;1312;1315;1319;1323;1325;1330;1332;1334;1336;1340;1343;1345;1347;1349;1363;1364;1375;1379;1382;1383;1389;1390;1392;1406;1415;1416;1425;1436;1438;1456;1461;1464;1465;1466;1467;1472;1473;1478;1481;1482;1484;1488;1490;1491;1492;1494;1495;1496;1500;1503;1507;1508;1523;1529;1531;1532;1533;1535;1542;1543;1544;1548;1550;1553;1558;1559;1562;1566;1577;1579;1583;1586;1588;1591;1593;1595;1596;1598;1601;1618;1621;1625;1627;1628;1631;1638;1640;1645;1648;1662;1667;1668;1675;1677;1678;1684;1688;1691;1696;1698;1714;1724;1726;1728;1729;1731;1735;1740;1744;1751;1754;1757;1759;1766;1769;1770;1771;1772;1775;1783;1785;1786;1789;1794;1795;1797;1803;1807;1812;1813;1815;1817;1818;1819;1821;1826;1840;1841;1846;1848;1853;1856;1857;1860;1862;1866;1879;1881;1883;1885;1887;1894;1896;1905;1907;1908;1909;1910;1917;1918;1919;1927;1928;1929;1938;1942;1946;1954;1956;1957;1958;1966;1969;1970;1973;1978;1998,263.4021611250937
0.5,ColonCancer,9,0.1158365384615384,0.885897435897436,575,2000,15;16;18;26;28;35;43;45;48;50;66;68;70;77;80;84;88;95;106;110;115;125;128;130;134;136;143;146;149;150;153;162;171;172;176;177;178;182;184;189;196;197;203;211;212;224;228;231;232;240;242;246;248;250;253;261;262;263;266;270;271;272;277;282;288;289;297;307;311;313;314;320;322;330;335;336;338;340;346;353;362;366;367;370;373;374;376;381;382;388;389;392;393;395;396;397;399;401;402;403;415;416;424;425;428;429;433;434;437;440;442;445;449;452;455;458;463;464;473;475;477;479;481;482;486;489;495;497;499;502;505;506;512;513;515;525;526;528;530;531;537;540;549;550;553;554;555;557;561;567;568;570;571;574;584;589;598;602;608;613;617;619;622;623;628;629;631;633;634;640;641;643;645;647;653;659;660;662;663;666;683;686;694;695;697;698;700;705;712;713;720;731;733;736;738;744;745;747;752;756;757;759;761;762;764;765;768;772;775;780;782;784;786;788;789;791;793;794;797;801;802;805;806;808;813;815;817;819;820;823;829;830;831;833;842;848;852;856;861;863;869;873;876;884;885;887;889;890;891;898;901;908;909;911;912;913;915;919;923;929;933;935;944;952;954;957;960;961;964;965;968;970;983;984;986;990;992;1000;1001;1005;1008;1014;1018;1024;1028;1030;1032;1033;1034;1038;1041;1044;1046;1049;1050;1053;1054;1055;1060;1064;1067;1074;1077;1083;1088;1090;1092;1097;1098;1099;1105;1106;1107;1109;1111;1112;1113;1115;1138;1140;1141;1144;1145;1147;1148;1150;1167;1168;1169;1170;1172;1176;1177;1178;1182;1186;1188;1189;1190;1202;1203;1207;1208;1212;1220;1224;1227;1229;1230;1231;1233;1234;1235;1237;1239;1240;1242;1243;1246;1247;1252;1255;1260;1261;1268;1269;1271;1272;1276;1279;1280;1281;1282;1288;1292;1293;1294;1297;1305;1309;1315;1319;1320;1322;1324;1325;1327;1330;1333;1346;1351;1353;1354;1362;1365;1366;1367;1370;1377;1380;1382;1385;1387;1389;1394;1397;1401;1411;1413;1414;1418;1419;1421;1422;1424;1425;1432;1433;1434;1435;1438;1439;1441;1443;1452;1453;1459;1473;1475;1478;1479;1480;1484;1489;1491;1496;1498;1501;1508;1509;1510;1513;1514;1515;1516;1519;1522;1523;1533;1542;1545;1546;1548;1557;1559;1568;1569;1571;1572;1578;1589;1593;1596;1599;1610;1612;1613;1614;1616;1619;1620;1622;1626;1628;1633;1638;1639;1640;1643;1654;1660;1661;1663;1671;1672;1673;1675;1676;1679;1680;1688;1690;1691;1696;1701;1703;1715;1717;1719;1726;1729;1732;1733;1741;1748;1753;1756;1769;1770;1771;1773;1785;1787;1790;1793;1794;1795;1804;1805;1809;1811;1815;1820;1821;1822;1824;1828;1831;1832;1834;1838;1839;1840;1845;1847;1852;1860;1861;1862;1865;1869;1870;1873;1875;1876;1878;1886;1892;1893;1898;1900;1902;1903;1909;1919;1923;1924;1927;1928;1932;1935;1937;1945;1957;1959;1961;1963;1970;1971;1976;1985;1989;1991;1993;1997,263.4431745419279
0.5,ColonCancer,10,0.1157715384615384,0.885897435897436,562,2000,3;4;6;7;9;12;14;18;24;29;32;35;36;39;40;47;50;51;52;54;57;62;64;69;70;74;79;80;82;84;86;87;90;92;93;95;96;99;101;103;109;112;115;117;118;120;127;131;134;138;139;141;151;158;167;170;172;173;174;175;178;180;186;187;199;200;203;209;212;213;218;227;230;231;236;243;244;247;248;266;267;268;269;278;283;284;285;286;287;288;290;291;298;301;302;304;308;311;313;317;329;331;334;335;341;350;355;358;359;379;380;381;382;383;390;394;395;401;404;405;408;410;413;415;416;421;422;427;429;436;437;438;440;442;449;457;460;462;465;468;469;474;477;479;480;483;489;491;493;497;498;504;512;518;519;520;528;533;537;543;544;547;553;557;558;560;563;574;576;584;588;589;590;596;599;601;602;605;606;610;613;617;621;623;625;626;629;630;631;632;633;636;637;642;647;650;654;657;658;659;661;662;668;672;675;679;681;684;685;691;693;697;699;703;711;712;715;716;717;718;723;724;731;737;741;742;743;744;746;751;759;760;762;763;765;769;770;779;782;786;787;790;797;800;804;811;815;817;819;820;821;823;828;846;851;853;854;856;860;861;862;868;870;874;878;880;885;897;903;905;912;915;919;928;933;942;951;961;965;966;968;976;982;989;990;1000;1002;1003;1005;1009;1016;1020;1021;1025;1028;1031;1039;1041;1043;1047;1057;1059;1065;1075;1083;1085;1087;1091;1092;1095;1096;1099;1106;1108;1111;1112;1113;1114;1115;1116;1117;1122;1131;1135;1142;1145;1148;1153;1155;1160;1169;1171;1172;1174;1175;1178;1181;1183;1184;1185;1189;1190;1193;1194;1196;1197;1198;1199;1200;1202;1205;1212;1214;1216;1217;1220;1221;1222;1223;1227;1230;1243;1253;1255;1264;1265;1267;1268;1270;1272;1275;1280;1281;1303;1304;1307;1314;1316;1318;1324;1327;1331;1332;1333;1338;1342;1343;1346;1347;1350;1352;1356;1364;1378;1379;1380;1382;1383;1384;1392;1396;1397;1403;1405;1409;1410;1411;1414;1416;1418;1419;1420;1429;1446;1455;1459;1475;1476;1481;1482;1484;1486;1492;1493;1499;1500;1503;1509;1512;1516;1520;1525;1542;1543;1545;1549;1550;1552;1555;1560;1563;1564;1568;1573;1577;1582;1584;1585;1587;1588;1589;1591;1594;1596;1606;1612;1614;1618;1629;1633;1636;1640;1644;1648;1670;1673;1675;1681;1684;1688;1689;1705;1707;1708;1710;1711;1713;1718;1726;1727;1729;1738;1740;1741;1743;1747;1748;1752;1761;1763;1769;1771;1774;1781;1783;1785;1786;1790;1792;1801;1806;1807;1809;1811;1815;1823;1827;1835;1840;1841;1843;1847;1851;1852;1853;1856;1860;1871;1874;1877;1880;1881;1884;1885;1887;1893;1895;1898;1899;1902;1906;1908;1912;1914;1915;1916;1917;1918;1922;1924;1929;1934;1935;1936;1939;1942;1944;1945;1950;1951;1957;1958;1963;1964;1965;1968;1969;1971;1975;1982;1988;1989,262.35750733409077
0.5,ColonCancer,11,0.11325807692307686,0.8884615384615385,567,2000,1;7;17;18;19;23;24;26;27;29;30;36;38;43;47;48;49;52;54;61;65;66;67;69;70;77;82;88;91;102;103;113;120;121;123;134;135;136;139;145;146;150;151;152;155;157;161;165;166;168;185;188;190;193;205;209;211;216;221;226;240;242;244;251;257;263;265;266;268;269;273;283;287;290;295;296;300;303;306;307;309;315;318;320;323;326;327;329;330;343;351;357;358;360;370;371;373;378;381;383;386;388;390;391;392;400;403;411;412;414;417;422;425;426;431;433;436;437;438;443;444;445;449;451;466;468;469;473;477;480;484;486;487;490;493;494;495;496;497;500;503;505;507;524;525;526;527;536;541;543;555;558;559;563;566;568;570;575;580;583;589;590;592;595;600;605;606;618;620;621;622;623;629;632;634;638;646;648;653;665;667;670;672;675;677;680;683;684;688;693;712;715;716;725;726;732;738;739;741;742;743;759;762;767;768;770;771;773;774;778;780;782;786;791;793;797;799;802;805;812;817;820;822;823;832;837;838;840;841;848;850;853;855;861;862;863;867;869;870;873;874;875;880;882;883;889;890;899;913;915;923;928;931;934;935;937;938;939;941;943;947;949;952;956;958;963;965;966;967;974;978;982;983;984;987;988;992;997;998;1000;1002;1003;1011;1014;1015;1018;1025;1026;1027;1030;1039;1040;1042;1056;1059;1060;1062;1068;1073;1079;1085;1088;1090;1092;1095;1100;1106;1107;1108;1109;1110;1111;1112;1114;1115;1125;1133;1140;1147;1149;1151;1165;1168;1180;1182;1189;1191;1192;1193;1198;1199;1203;1209;1211;1212;1216;1221;1223;1224;1226;1228;1231;1232;1239;1241;1242;1243;1247;1248;1255;1257;1258;1259;1262;1264;1266;1276;1281;1282;1287;1289;1292;1293;1295;1297;1301;1302;1303;1306;1308;1313;1318;1319;1323;1325;1327;1328;1338;1341;1344;1345;1357;1366;1371;1374;1383;1385;1388;1389;1394;1400;1403;1404;1406;1408;1413;1414;1425;1429;1430;1432;1435;1439;1442;1445;1446;1452;1453;1458;1460;1461;1466;1469;1471;1472;1477;1482;1483;1484;1488;1490;1492;1498;1499;1500;1507;1509;1510;1519;1520;1526;1536;1539;1540;1541;1545;1547;1551;1553;1554;1558;1559;1566;1568;1569;1570;1577;1578;1579;1580;1581;1582;1584;1588;1592;1593;1596;1597;1600;1604;1606;1609;1614;1616;1617;1618;1619;1623;1635;1637;1641;1644;1649;1656;1663;1664;1668;1670;1676;1682;1691;1695;1697;1704;1711;1712;1713;1715;1718;1720;1721;1722;1725;1727;1729;1730;1732;1735;1738;1739;1742;1744;1749;1752;1759;1761;1762;1763;1765;1768;1769;1771;1772;1773;1774;1775;1778;1780;1786;1787;1790;1801;1805;1819;1825;1831;1835;1836;1837;1843;1853;1854;1856;1857;1858;1863;1866;1869;1871;1872;1873;1878;1880;1883;1888;1891;1892;1897;1910;1919;1925;1927;1928;1929;1942;1948;1954;1956;1957;1959;1961;1980;1984;1991;1995;1997;1998,261.3170838342048
0.5,ColonCancer,12,0.14622807692307696,0.8551282051282051,561,2000,0;1;5;10;16;18;19;22;25;28;29;34;38;40;46;49;52;56;61;72;75;84;85;88;91;92;95;98;109;110;111;117;124;125;126;127;130;134;139;144;145;149;151;152;153;155;166;167;171;172;179;180;181;183;185;195;199;202;208;209;211;216;226;228;233;234;245;248;250;257;258;262;264;273;275;277;278;282;284;286;294;295;296;299;303;314;315;316;323;329;331;335;344;347;349;350;352;353;359;362;363;364;367;372;376;378;384;387;388;389;391;394;400;403;408;411;414;418;421;428;431;435;437;440;450;452;454;455;457;462;464;467;469;471;472;476;477;480;486;488;490;492;507;510;516;517;520;527;528;533;537;539;541;542;543;544;547;548;549;553;554;555;557;558;560;563;564;567;569;573;576;578;580;585;588;589;590;591;593;596;598;600;607;608;611;613;619;620;621;622;626;630;633;634;636;639;647;654;660;662;664;670;671;676;679;680;685;690;692;693;694;715;717;722;725;726;729;730;731;732;738;739;743;749;752;755;757;761;764;767;773;776;782;788;789;792;793;794;796;805;807;808;815;818;824;826;829;834;835;842;844;848;850;854;857;864;868;870;871;877;879;882;887;891;894;901;903;907;912;913;915;916;917;928;929;939;940;945;947;952;954;956;957;959;964;966;968;969;970;971;973;978;987;988;996;999;1003;1005;1007;1011;1016;1017;1022;1027;1028;1029;1030;1031;1035;1041;1045;1048;1052;1057;1059;1061;1064;1065;1066;1068;1071;1073;1078;1089;1091;1093;1095;1096;1097;1103;1110;1113;1118;1119;1126;1127;1129;1132;1135;1136;1145;1147;1151;1160;1164;1167;1168;1170;1171;1172;1173;1174;1176;1178;1179;1180;1186;1187;1189;1199;1202;1203;1208;1209;1211;1218;1220;1221;1226;1229;1232;1233;1237;1239;1250;1253;1257;1259;1262;1264;1266;1268;1269;1271;1273;1277;1279;1282;1290;1297;1298;1303;1315;1322;1324;1330;1332;1335;1339;1340;1341;1342;1348;1350;1352;1361;1364;1365;1370;1371;1372;1380;1383;1384;1390;1394;1402;1405;1406;1408;1410;1421;1422;1427;1433;1435;1436;1446;1447;1454;1458;1460;1470;1472;1476;1481;1485;1486;1488;1489;1490;1493;1494;1500;1510;1512;1517;1519;1529;1531;1532;1533;1538;1548;1556;1559;1560;1562;1563;1564;1569;1572;1576;1581;1596;1600;1609;1612;1618;1619;1622;1630;1634;1637;1638;1639;1641;1643;1647;1650;1655;1657;1661;1665;1666;1672;1675;1686;1693;1701;1706;1708;1713;1717;1724;1732;1733;1737;1741;1745;1747;1755;1756;1757;1759;1781;1784;1786;1790;1791;1801;1804;1807;1808;1815;1820;1821;1827;1833;1835;1836;1839;1842;1844;1853;1874;1883;1886;1889;1894;1904;1910;1911;1916;1919;1920;1926;1929;1930;1941;1949;1952;1955;1957;1960;1961;1962;1964;1966;1971;1973;1975;1978;1979;1980;1982;1988;1989;1993;1996;1997,261.96876629209146
0.5,ColonCancer,13,0.13088730769230777,0.8705128205128204,539,2000,1;2;11;13;14;15;23;29;30;32;33;37;40;41;42;43;47;61;65;67;70;84;85;89;92;95;104;106;109;114;116;119;122;126;127;128;130;133;134;136;137;138;154;157;162;164;169;179;182;183;185;187;193;196;198;199;200;201;202;209;221;222;223;231;234;237;241;242;245;247;248;254;256;257;266;268;276;279;281;283;287;288;292;295;297;302;303;305;307;310;315;332;334;335;343;344;354;360;361;362;363;364;379;382;389;390;393;394;398;402;404;405;407;408;410;415;423;429;430;431;437;446;451;460;463;464;468;470;474;478;479;480;486;494;496;501;502;505;507;509;510;515;516;524;526;527;529;534;535;538;539;544;545;551;552;555;556;559;560;561;562;563;564;567;568;570;575;577;579;586;595;599;603;608;614;616;620;623;626;638;639;644;654;660;662;674;675;679;682;690;693;703;704;707;710;711;737;739;741;744;761;763;768;771;786;790;791;794;797;799;803;804;807;812;813;817;820;823;824;825;830;831;833;835;841;851;852;857;858;859;863;864;873;884;886;906;914;917;924;928;935;937;939;940;941;948;950;952;953;957;959;963;964;970;973;978;983;986;993;994;998;999;1001;1005;1007;1008;1011;1012;1014;1030;1032;1033;1036;1038;1040;1042;1043;1046;1048;1051;1054;1057;1059;1061;1068;1076;1082;1090;1099;1102;1103;1108;1109;1110;1114;1115;1125;1126;1128;1139;1140;1144;1146;1151;1157;1162;1164;1170;1174;1176;1186;1196;1199;1202;1214;1215;1220;1223;1230;1234;1239;1240;1241;1245;1248;1249;1255;1256;1257;1258;1259;1261;1262;1270;1275;1282;1285;1286;1287;1292;1293;1295;1307;1310;1319;1321;1329;1332;1334;1335;1345;1348;1349;1350;1351;1353;1354;1355;1357;1361;1365;1366;1368;1369;1370;1372;1373;1375;1380;1385;1387;1389;1392;1394;1397;1399;1405;1410;1411;1413;1414;1415;1421;1423;1426;1441;1449;1454;1455;1458;1463;1464;1469;1472;1473;1479;1481;1483;1486;1487;1490;1493;1496;1500;1510;1512;1518;1522;1537;1544;1548;1553;1558;1560;1563;1567;1569;1570;1572;1579;1582;1583;1584;1585;1587;1596;1602;1612;1615;1622;1623;1626;1631;1632;1633;1640;1644;1646;1649;1650;1655;1658;1660;1667;1670;1672;1674;1677;1679;1680;1684;1685;1690;1694;1698;1700;1703;1704;1710;1712;1713;1725;1728;1732;1733;1741;1744;1746;1748;1752;1755;1757;1759;1760;1764;1767;1771;1780;1782;1790;1793;1794;1795;1804;1805;1807;1809;1813;1814;1816;1817;1819;1822;1830;1835;1837;1838;1845;1857;1861;1862;1865;1866;1867;1870;1876;1878;1880;1881;1883;1896;1897;1899;1904;1909;1911;1914;1917;1919;1920;1922;1931;1934;1937;1945;1946;1947;1953;1960;1969;1972;1975;1976;1982;1984;1990;1992;1994;1996,261.5377974580042
0.5,ColonCancer,14,0.09546384615384616,0.9064102564102564,562,2000,1;9;11;18;21;26;30;31;33;36;38;40;45;46;49;53;56;57;58;59;61;63;68;69;72;73;75;76;78;80;94;95;99;104;109;118;121;126;128;130;138;141;143;144;152;153;154;156;158;163;164;166;168;174;179;181;183;185;190;193;197;198;200;202;203;206;209;210;217;218;220;226;230;231;234;235;244;248;249;254;255;257;263;267;269;271;272;274;290;291;295;298;302;304;309;321;323;324;325;327;329;330;332;336;339;364;373;374;378;382;387;388;390;394;398;406;412;416;418;421;422;423;424;425;427;432;438;439;441;452;453;455;460;467;470;471;474;475;477;482;500;502;503;504;505;514;517;518;519;520;533;536;541;542;544;547;549;551;553;556;559;561;574;576;578;580;592;593;597;606;608;612;613;617;618;621;622;633;635;647;648;650;651;655;660;661;662;666;669;676;686;687;696;703;710;713;715;724;726;731;732;734;735;737;742;743;750;752;754;755;756;759;765;772;773;774;777;778;779;780;788;789;802;805;816;820;821;824;828;830;831;832;836;842;848;853;864;865;871;873;876;883;885;890;891;899;900;901;905;907;912;918;919;924;925;927;930;931;932;933;934;938;940;952;953;955;962;963;965;969;973;977;980;982;984;986;992;993;994;1001;1004;1005;1006;1007;1009;1013;1020;1025;1036;1042;1055;1056;1060;1063;1067;1068;1074;1079;1080;1083;1086;1088;1096;1098;1100;1107;1109;1111;1114;1120;1121;1128;1132;1134;1135;1138;1148;1149;1150;1156;1163;1167;1177;1185;1190;1202;1208;1209;1210;1214;1216;1223;1229;1230;1232;1233;1235;1246;1247;1248;1254;1256;1258;1259;1261;1262;1263;1267;1269;1271;1276;1277;1282;1285;1286;1287;1288;1290;1291;1303;1305;1307;1319;1322;1324;1326;1330;1333;1334;1337;1339;1342;1349;1355;1360;1361;1370;1378;1381;1385;1387;1390;1398;1403;1406;1413;1415;1418;1420;1429;1434;1438;1441;1442;1444;1447;1448;1458;1463;1465;1467;1472;1475;1476;1477;1478;1479;1486;1495;1499;1503;1505;1506;1510;1513;1520;1521;1527;1528;1531;1532;1535;1545;1546;1551;1558;1563;1564;1566;1572;1576;1579;1583;1585;1587;1590;1593;1596;1598;1602;1606;1609;1610;1613;1616;1617;1627;1633;1641;1645;1648;1649;1650;1652;1654;1659;1666;1670;1675;1676;1677;1679;1680;1681;1684;1687;1695;1697;1702;1707;1708;1709;1712;1713;1723;1725;1727;1734;1737;1740;1741;1755;1758;1760;1761;1762;1763;1764;1771;1773;1774;1775;1779;1780;1783;1793;1794;1797;1799;1801;1804;1806;1807;1809;1810;1813;1814;1818;1820;1827;1834;1838;1841;1844;1847;1850;1851;1852;1853;1856;1857;1866;1870;1872;1875;1883;1891;1893;1897;1898;1899;1903;1906;1907;1908;1910;1911;1920;1924;1925;1930;1939;1946;1951;1955;1957;1960;1963;1964;1968;1970;1973;1975;1976;1982;1985;1988;1992;1994;1997;1998;1999,262.0968588748947
0.5,ColonCancer,15,0.11434730769230762,0.8871794871794872,531,2000,6;20;28;31;36;48;52;53;60;63;64;69;71;80;81;83;84;85;90;93;98;99;102;115;117;120;123;126;129;130;135;136;137;139;140;141;148;157;161;162;165;171;173;177;180;182;187;193;197;198;202;204;205;207;208;222;228;235;247;250;252;266;268;272;277;280;283;288;293;295;302;304;305;313;320;324;325;332;340;341;346;354;356;360;362;363;367;373;376;380;381;382;383;385;387;389;390;392;398;402;404;405;407;409;413;414;415;417;418;419;422;432;434;435;437;440;447;453;454;460;461;468;473;477;479;481;483;492;498;500;501;505;510;511;512;516;521;528;531;537;556;560;561;562;571;573;579;580;590;594;599;600;601;607;608;609;617;630;632;633;635;636;646;647;650;651;658;662;664;672;673;675;678;684;686;687;688;699;703;709;717;718;719;723;728;730;732;738;739;740;741;744;749;753;755;761;764;765;766;767;768;769;775;778;781;782;784;787;791;793;794;801;802;804;812;816;825;832;833;838;842;843;849;853;856;863;864;869;872;878;882;888;890;891;900;901;907;912;914;917;921;926;927;928;929;942;943;944;946;951;958;962;978;983;986;990;993;997;998;999;1002;1007;1023;1032;1033;1034;1037;1038;1042;1045;1048;1049;1050;1051;1057;1058;1059;1061;1062;1068;1069;1070;1074;1075;1083;1085;1090;1092;1098;1104;1108;1110;1112;1114;1115;1118;1121;1125;1127;1134;1136;1137;1145;1146;1148;1156;1160;1162;1164;1167;1169;1170;1173;1176;1180;1184;1186;1191;1193;1194;1197;1198;1201;1204;1205;1208;1216;1227;1228;1230;1232;1233;1235;1236;1238;1245;1246;1247;1249;1251;1261;1262;1264;1266;1271;1272;1275;1278;1291;1293;1295;1296;1298;1305;1310;1316;1317;1321;1328;1329;1330;1334;1336;1339;1343;1345;1347;1348;1350;1353;1354;1356;1360;1366;1367;1368;1369;1372;1380;1382;1383;1388;1396;1397;1400;1406;1407;1408;1426;1429;1435;1438;1445;1452;1454;1456;1484;1488;1489;1494;1496;1497;1499;1502;1507;1509;1512;1515;1518;1522;1523;1527;1529;1530;1533;1539;1542;1548;1551;1553;1566;1567;1569;1570;1575;1588;1590;1599;1603;1604;1607;1610;1612;1613;1614;1615;1616;1617;1625;1626;1628;1632;1633;1635;1636;1639;1640;1644;1647;1648;1649;1667;1675;1678;1692;1697;1701;1709;1718;1719;1722;1724;1729;1739;1740;1743;1755;1760;1762;1767;1768;1772;1775;1776;1777;1779;1783;1784;1789;1795;1796;1797;1801;1804;1806;1809;1815;1818;1819;1821;1832;1834;1837;1840;1845;1847;1863;1864;1867;1869;1870;1872;1873;1878;1882;1884;1889;1899;1901;1910;1915;1916;1924;1927;1934;1935;1938;1939;1951;1953;1955;1956;1957;1959;1960;1972;1974;1978;1979;1987;1992,263.463022666052
0.5,ColonCancer,16,0.11319807692307686,0.8884615384615385,555,2000,6;7;14;16;17;24;25;26;31;32;33;43;45;49;51;54;58;61;64;67;68;69;73;74;76;81;82;91;102;104;110;113;115;118;130;136;141;143;144;145;146;148;149;151;152;156;157;159;161;162;166;170;174;185;188;190;191;192;197;199;200;201;202;205;209;216;220;229;230;231;234;236;238;240;244;248;249;250;257;263;264;265;266;268;281;285;286;288;298;299;303;305;313;320;321;324;328;329;333;334;338;341;347;349;356;357;358;359;361;362;364;367;370;372;374;378;382;386;387;388;390;391;394;396;397;398;400;401;403;404;409;410;415;434;445;446;448;452;461;464;465;476;481;482;497;500;503;506;508;512;515;519;520;522;525;527;528;532;533;543;549;553;558;559;560;561;565;567;568;572;580;589;592;594;610;616;617;619;623;628;629;630;631;633;643;644;648;651;654;657;660;661;665;666;667;681;682;683;686;688;689;693;696;697;698;708;709;711;715;726;728;730;731;736;749;755;756;757;759;760;769;779;783;785;793;795;800;801;802;805;810;816;820;822;824;825;831;832;834;836;838;844;849;850;855;856;858;859;864;869;870;872;879;880;881;882;883;886;887;892;896;902;912;915;921;927;929;933;939;951;960;967;972;989;993;995;996;1000;1001;1002;1003;1005;1006;1016;1018;1028;1030;1031;1032;1036;1037;1038;1042;1055;1056;1059;1063;1077;1080;1087;1093;1096;1101;1103;1104;1106;1109;1110;1117;1118;1123;1124;1129;1138;1143;1144;1149;1152;1154;1159;1164;1165;1166;1167;1168;1171;1176;1188;1190;1193;1195;1196;1198;1204;1205;1209;1210;1216;1220;1227;1230;1232;1242;1247;1248;1250;1251;1260;1261;1265;1269;1271;1272;1282;1283;1284;1290;1292;1294;1298;1304;1305;1313;1320;1322;1340;1343;1346;1348;1350;1355;1358;1365;1369;1375;1379;1381;1385;1387;1390;1391;1399;1400;1404;1411;1412;1413;1418;1419;1421;1423;1425;1427;1432;1436;1440;1442;1448;1450;1451;1453;1454;1455;1456;1460;1461;1462;1463;1464;1468;1469;1472;1483;1484;1488;1494;1495;1504;1505;1510;1514;1516;1519;1520;1521;1522;1528;1529;1530;1532;1535;1537;1540;1542;1543;1544;1545;1549;1555;1556;1558;1560;1565;1569;1571;1573;1574;1583;1585;1586;1591;1595;1596;1600;1603;1607;1610;1613;1617;1618;1619;1622;1625;1636;1642;1644;1645;1646;1648;1650;1651;1660;1664;1667;1669;1670;1677;1683;1685;1698;1701;1705;1721;1725;1729;1734;1738;1743;1745;1746;1752;1755;1768;1771;1774;1779;1796;1803;1804;1805;1814;1820;1822;1826;1827;1828;1835;1836;1838;1840;1842;1845;1853;1854;1855;1856;1857;1862;1863;1870;1878;1880;1883;1896;1897;1898;1899;1900;1909;1919;1927;1931;1932;1938;1952;1953;1957;1958;1959;1960;1961;1967;1970;1972;1973;1975;1980;1982;1983;1988;1991;1992;1994;1995;1996,261.87780454102904
0.5,ColonCancer,17,0.09809730769230769,0.9038461538461539,581,2000,2;5;6;9;11;12;13;17;20;22;23;32;37;38;39;40;41;48;51;52;60;61;65;66;68;69;79;86;90;94;95;96;110;112;113;119;126;128;129;130;135;141;142;143;149;151;160;162;164;168;169;185;186;193;194;197;198;199;203;207;208;209;210;211;213;222;223;225;227;229;231;235;236;242;244;245;247;256;263;266;273;274;275;285;289;292;295;297;298;303;305;306;308;309;310;316;319;324;325;328;329;330;335;342;343;344;345;346;349;350;351;356;358;361;364;369;377;387;390;397;405;407;410;411;417;420;422;423;425;427;429;430;433;434;439;443;449;457;460;465;467;471;475;478;486;487;493;495;509;511;514;516;523;525;528;529;530;536;540;541;542;544;547;549;551;552;553;559;563;570;575;576;580;583;584;587;589;597;600;603;605;613;617;618;620;621;623;626;627;628;632;640;643;646;647;657;660;666;671;675;678;682;695;702;708;715;716;726;727;742;747;748;756;757;761;766;767;777;778;779;784;785;787;790;792;796;804;805;806;810;812;819;825;831;835;837;838;841;849;851;852;856;858;861;862;863;864;865;866;869;872;876;878;881;891;896;897;898;903;906;907;909;915;916;918;921;927;933;935;936;937;939;940;943;955;957;958;969;970;975;977;980;985;992;997;1001;1002;1003;1005;1010;1014;1018;1021;1024;1025;1027;1030;1031;1049;1051;1071;1072;1085;1086;1089;1090;1091;1099;1106;1110;1111;1115;1119;1120;1124;1133;1136;1137;1138;1146;1147;1149;1151;1153;1156;1157;1159;1163;1165;1166;1170;1171;1173;1177;1184;1189;1190;1193;1196;1201;1202;1204;1206;1207;1209;1210;1211;1213;1215;1221;1224;1229;1235;1248;1249;1250;1258;1260;1261;1263;1271;1273;1274;1275;1280;1282;1283;1284;1285;1288;1291;1294;1297;1300;1303;1308;1311;1318;1323;1324;1332;1333;1335;1336;1338;1339;1343;1345;1346;1348;1352;1361;1364;1365;1366;1367;1368;1377;1379;1383;1386;1392;1393;1396;1398;1399;1401;1411;1412;1414;1417;1420;1422;1427;1431;1436;1444;1446;1447;1453;1463;1466;1468;1469;1471;1472;1475;1477;1478;1484;1490;1491;1493;1495;1497;1503;1513;1516;1521;1522;1523;1526;1530;1532;1540;1545;1548;1550;1554;1562;1572;1576;1578;1579;1581;1582;1585;1587;1588;1589;1592;1596;1598;1599;1601;1606;1607;1608;1612;1618;1619;1620;1621;1625;1629;1630;1633;1639;1641;1643;1647;1648;1654;1656;1657;1658;1661;1666;1674;1679;1681;1682;1685;1689;1692;1699;1700;1705;1711;1718;1719;1724;1726;1728;1730;1735;1736;1744;1745;1750;1758;1759;1761;1762;1770;1775;1776;1777;1778;1794;1795;1798;1799;1800;1801;1806;1807;1809;1815;1823;1832;1834;1835;1837;1842;1847;1848;1852;1857;1858;1859;1862;1867;1870;1873;1874;1875;1883;1885;1890;1892;1893;1894;1897;1899;1900;1901;1902;1903;1910;1916;1923;1924;1929;1933;1937;1947;1954;1959;1963;1964;1969;1970;1972;1976;1980;1982;1984;1985;1989;1992,260.3313451251015
0.5,ColonCancer,18,0.1296380769230768,0.8717948717948719,543,2000,0;12;18;21;28;29;30;33;34;37;39;45;49;52;54;58;62;63;65;68;71;72;74;76;89;92;94;95;96;101;107;111;117;125;126;132;134;138;140;141;144;147;150;151;154;156;159;160;163;165;169;171;174;184;192;198;200;202;207;221;224;229;236;238;246;247;253;255;260;266;275;277;278;280;282;284;288;289;297;298;299;302;305;308;314;315;320;322;325;327;329;332;340;354;355;356;358;359;363;364;370;371;378;380;383;385;392;395;397;406;411;413;416;418;431;432;436;445;449;452;457;460;461;464;465;468;471;472;475;476;478;485;486;488;491;493;501;502;505;506;512;514;517;528;531;532;533;535;537;542;553;558;562;563;572;574;576;583;589;592;593;596;610;613;620;628;631;641;644;646;649;650;652;654;660;663;665;666;670;671;673;675;676;678;683;686;690;695;697;701;702;703;704;707;709;712;718;725;728;731;733;734;735;737;741;742;743;747;749;750;752;754;759;760;764;771;776;777;783;784;785;787;798;802;807;810;811;812;814;818;821;825;826;828;829;830;831;840;849;856;863;868;870;871;883;889;890;891;893;896;897;898;902;908;909;910;918;919;921;922;923;924;928;931;938;947;948;958;960;963;965;968;971;972;977;985;986;993;998;999;1006;1013;1014;1015;1018;1019;1025;1027;1028;1033;1041;1043;1044;1046;1048;1057;1064;1069;1077;1088;1089;1093;1094;1097;1099;1101;1107;1112;1121;1124;1125;1126;1128;1129;1135;1137;1139;1144;1155;1156;1162;1163;1169;1171;1173;1174;1178;1185;1186;1189;1191;1193;1196;1198;1202;1207;1209;1210;1213;1223;1233;1240;1265;1266;1275;1276;1277;1281;1284;1285;1286;1287;1289;1317;1326;1328;1330;1332;1333;1334;1336;1339;1343;1347;1350;1358;1359;1367;1369;1374;1391;1399;1400;1402;1404;1415;1417;1422;1426;1430;1432;1438;1441;1446;1447;1453;1460;1461;1463;1464;1465;1466;1467;1470;1475;1487;1488;1492;1493;1494;1498;1499;1512;1515;1519;1523;1524;1527;1531;1532;1542;1546;1549;1550;1552;1555;1562;1563;1565;1576;1583;1585;1590;1596;1598;1600;1601;1602;1610;1614;1619;1622;1623;1626;1631;1635;1636;1637;1639;1642;1648;1650;1652;1655;1662;1664;1667;1668;1673;1678;1680;1681;1683;1687;1688;1689;1696;1708;1712;1714;1716;1721;1722;1725;1730;1734;1736;1744;1745;1747;1755;1757;1759;1760;1765;1766;1770;1774;1775;1782;1787;1789;1792;1794;1795;1804;1807;1810;1815;1823;1826;1830;1836;1837;1842;1845;1848;1853;1854;1861;1862;1864;1867;1875;1876;1880;1885;1886;1891;1893;1895;1896;1898;1905;1912;1916;1917;1921;1923;1924;1926;1927;1933;1934;1936;1938;1943;1949;1950;1951;1952;1953;1957;1961;1965;1966;1981;1982;1983;1984;1987;1992;1996,263.6842140830122
0.5,ColonCancer,19,0.14764730769230774,0.8538461538461538,591,2000,3;7;11;12;17;19;20;24;30;31;35;37;39;40;42;50;59;61;64;65;67;68;77;80;82;86;90;95;100;102;104;105;107;115;116;117;119;120;124;125;129;134;135;141;156;157;158;159;160;161;164;171;175;179;188;193;198;199;208;220;223;224;225;229;232;233;236;237;240;245;255;262;266;267;273;274;276;277;283;286;289;290;292;297;300;305;314;315;316;323;326;328;331;334;337;340;342;343;344;351;352;353;359;363;364;368;371;372;374;392;394;396;397;399;400;404;406;408;411;413;417;419;420;426;427;429;432;433;435;438;440;442;455;460;467;468;472;474;476;479;483;489;490;498;499;502;508;509;510;513;515;516;519;528;533;535;536;543;545;547;549;554;556;558;559;570;571;575;576;578;580;583;589;592;595;596;599;600;605;607;613;619;624;627;629;632;634;635;637;638;640;641;642;644;651;654;655;665;666;672;678;682;684;686;687;691;692;700;705;706;708;716;720;721;723;725;726;731;732;735;737;739;743;749;750;752;754;755;756;760;762;763;764;765;766;767;769;774;777;779;782;783;785;787;788;793;804;806;807;808;812;814;816;818;819;820;821;822;836;841;843;844;848;850;853;858;861;862;867;873;877;880;881;884;887;888;891;895;896;898;900;901;906;909;910;911;915;920;921;927;931;935;937;939;942;947;948;952;953;956;961;964;965;970;971;973;975;976;979;982;984;985;987;990;991;998;999;1002;1003;1005;1006;1007;1014;1017;1019;1020;1022;1024;1031;1032;1034;1037;1038;1039;1043;1045;1046;1048;1049;1052;1057;1058;1063;1068;1072;1073;1076;1080;1090;1091;1099;1100;1103;1107;1111;1119;1130;1137;1141;1142;1143;1144;1156;1160;1162;1163;1197;1203;1207;1208;1210;1212;1216;1218;1219;1221;1225;1231;1232;1233;1237;1240;1244;1246;1248;1249;1250;1251;1255;1262;1263;1264;1266;1268;1269;1282;1284;1285;1286;1289;1294;1295;1299;1311;1313;1314;1320;1324;1325;1327;1328;1333;1334;1339;1343;1354;1360;1365;1368;1369;1371;1375;1376;1379;1382;1383;1385;1386;1388;1390;1395;1397;1399;1404;1409;1410;1415;1425;1426;1427;1431;1436;1440;1446;1449;1450;1457;1458;1459;1460;1462;1471;1472;1473;1481;1485;1488;1489;1493;1503;1504;1515;1522;1526;1529;1534;1540;1544;1546;1547;1548;1553;1556;1560;1561;1563;1565;1568;1580;1582;1583;1593;1596;1601;1602;1607;1611;1612;1622;1630;1633;1634;1642;1643;1644;1646;1647;1653;1661;1664;1665;1682;1685;1688;1691;1697;1698;1709;1712;1715;1720;1726;1729;1732;1735;1736;1738;1743;1749;1750;1756;1760;1766;1770;1771;1780;1781;1782;1784;1785;1787;1789;1802;1811;1815;1819;1821;1832;1833;1834;1838;1839;1841;1845;1846;1849;1854;1855;1858;1861;1865;1869;1871;1878;1882;1886;1889;1890;1891;1893;1894;1895;1897;1898;1899;1902;1903;1909;1911;1913;1914;1918;1920;1924;1929;1935;1949;1951;1954;1955;1957;1963;1964;1967;1968;1969;1977;1984;1986;1987;1989,268.3236488746479
0.5,ColonCancer,20,0.13103730769230776,0.8705128205128204,569,2000,0;2;3;7;15;16;20;21;26;29;30;31;33;38;42;43;44;46;48;49;50;54;61;62;70;72;74;77;79;83;84;91;95;96;99;101;103;104;105;116;128;132;136;139;140;142;150;151;157;158;159;160;163;164;167;168;170;175;177;178;182;186;187;191;198;201;208;210;216;220;223;228;232;237;240;244;248;253;255;258;260;262;263;270;274;278;280;281;286;287;288;291;294;296;298;300;308;311;313;314;315;317;318;323;328;331;332;337;343;346;348;359;360;367;373;379;390;397;398;399;400;403;413;419;424;431;433;439;444;445;446;452;454;460;470;471;478;480;482;483;485;494;501;504;506;509;515;516;517;521;528;530;533;537;544;547;554;555;557;560;563;569;590;598;601;602;609;612;613;616;619;622;623;626;628;635;638;645;652;654;657;661;662;664;665;667;669;673;674;678;683;684;685;689;690;693;701;705;711;713;714;717;718;719;720;723;724;728;732;734;739;743;747;751;755;759;762;764;777;778;782;783;794;796;799;801;804;808;814;815;817;825;828;830;831;833;847;850;858;859;860;861;862;865;867;871;879;887;888;896;899;901;908;915;928;931;933;939;941;945;948;952;967;974;975;978;989;991;994;1002;1006;1008;1009;1013;1021;1023;1024;1027;1031;1032;1034;1036;1038;1039;1041;1042;1043;1044;1046;1051;1053;1054;1057;1059;1060;1062;1066;1067;1069;1076;1081;1082;1089;1090;1091;1095;1100;1104;1107;1111;1112;1114;1120;1125;1127;1134;1139;1140;1149;1151;1153;1154;1155;1158;1159;1163;1164;1165;1166;1167;1169;1172;1178;1184;1189;1190;1195;1209;1215;1216;1217;1224;1229;1231;1237;1240;1243;1245;1246;1252;1255;1258;1262;1265;1271;1278;1280;1292;1294;1298;1299;1301;1302;1304;1305;1306;1307;1309;1319;1323;1328;1331;1333;1336;1338;1339;1342;1343;1344;1350;1352;1356;1367;1369;1375;1378;1384;1392;1393;1395;1396;1398;1404;1406;1411;1415;1417;1421;1422;1424;1430;1438;1444;1445;1452;1454;1455;1466;1472;1473;1475;1476;1480;1481;1483;1485;1486;1488;1490;1492;1493;1494;1495;1496;1499;1500;1501;1509;1510;1514;1515;1524;1526;1530;1531;1538;1539;1545;1546;1552;1557;1559;1561;1568;1571;1572;1573;1577;1578;1579;1581;1586;1590;1592;1593;1594;1596;1597;1598;1604;1606;1608;1611;1616;1623;1627;1631;1637;1645;1647;1649;1652;1654;1656;1660;1663;1669;1670;1676;1683;1684;1691;1694;1695;1696;1699;1702;1704;1706;1707;1708;1709;1713;1714;1722;1729;1730;1731;1732;1733;1734;1735;1740;1741;1743;1746;1749;1761;1768;1769;1770;1771;1772;1773;1781;1784;1787;1794;1797;1802;1803;1805;1813;1818;1834;1838;1855;1863;1864;1866;1867;1870;1871;1874;1876;1877;1881;1888;1891;1892;1894;1897;1899;1904;1909;1910;1914;1916;1923;1929;1937;1938;1939;1944;1947;1948;1956;1959;1964;1966;1967;1976;1979;1981;1982;1983;1985;1987;1995,270.2593819159083
0.5,ColonCancer,21,0.11314307692307686,0.8884615384615385,544,2000,5;14;15;16;26;30;32;38;39;40;42;46;47;49;50;51;56;58;63;67;69;72;80;85;89;90;91;92;93;94;96;97;100;101;102;103;104;108;120;123;128;130;132;135;144;146;152;153;157;158;163;168;172;173;175;191;194;201;203;209;217;218;221;234;242;243;248;249;252;255;261;265;268;271;273;275;279;280;282;285;288;293;294;297;298;303;304;308;311;312;313;314;317;320;321;324;326;327;330;331;334;337;338;340;341;346;350;351;352;355;356;362;365;367;368;391;394;395;398;402;407;408;410;415;419;428;429;430;431;436;438;443;447;451;457;458;460;461;463;466;469;471;485;495;502;510;514;516;517;522;527;528;535;539;540;543;548;549;550;553;559;562;563;569;576;580;583;586;590;593;601;605;607;608;611;612;614;618;626;627;630;633;635;638;640;644;653;655;658;663;666;667;669;671;675;676;680;691;700;702;711;713;715;722;726;736;738;741;752;753;757;764;765;767;768;775;776;778;781;784;786;787;790;792;797;798;800;804;806;807;810;811;817;820;827;833;836;838;839;841;844;846;848;854;855;858;863;864;868;869;870;873;876;877;879;880;884;885;893;895;897;900;903;909;916;917;923;928;929;931;937;940;941;946;948;958;965;969;975;979;980;983;984;985;986;991;993;994;998;1001;1003;1004;1005;1007;1008;1010;1013;1018;1022;1027;1028;1031;1034;1035;1036;1038;1041;1052;1054;1057;1066;1069;1071;1073;1074;1077;1085;1099;1101;1103;1107;1112;1117;1120;1140;1141;1147;1152;1153;1155;1160;1167;1173;1178;1179;1192;1198;1199;1201;1202;1205;1206;1209;1210;1212;1219;1230;1231;1234;1237;1239;1244;1245;1251;1265;1269;1273;1283;1288;1303;1307;1308;1310;1316;1321;1322;1326;1328;1329;1331;1332;1343;1345;1354;1361;1362;1367;1369;1375;1377;1382;1386;1387;1390;1392;1394;1400;1406;1410;1415;1417;1427;1431;1432;1437;1438;1439;1440;1441;1443;1445;1450;1453;1458;1465;1467;1471;1473;1475;1482;1486;1488;1500;1503;1505;1507;1510;1512;1514;1521;1523;1527;1531;1533;1540;1544;1546;1548;1549;1557;1559;1561;1562;1565;1573;1575;1576;1577;1581;1585;1593;1594;1595;1609;1611;1615;1617;1643;1644;1646;1648;1656;1662;1666;1668;1670;1675;1683;1687;1688;1694;1695;1699;1701;1702;1703;1704;1710;1711;1712;1716;1717;1718;1720;1724;1737;1741;1742;1745;1747;1757;1760;1764;1768;1771;1772;1777;1783;1785;1790;1795;1798;1806;1807;1809;1823;1824;1828;1831;1834;1836;1838;1842;1846;1849;1853;1856;1858;1860;1862;1863;1865;1871;1884;1892;1895;1896;1897;1904;1910;1911;1915;1918;1919;1920;1923;1925;1933;1935;1937;1947;1948;1955;1956;1964;1968;1973;1975;1978;1979;1988;1989;1996;1997,270.7333011669107
0.5,ColonCancer,22,0.11454230769230762,0.8871794871794872,570,2000,2;3;4;11;13;24;25;28;32;36;39;40;43;47;48;51;54;62;65;66;69;85;86;92;96;101;106;107;109;110;112;116;117;124;125;126;127;128;133;137;140;142;145;147;150;151;152;157;163;167;178;180;187;188;192;193;196;205;210;216;217;219;220;222;224;228;230;234;235;237;241;242;243;247;248;249;256;258;263;264;268;269;272;274;275;282;284;285;298;309;312;313;322;323;326;331;335;337;343;345;348;349;350;351;357;367;369;376;381;385;388;389;390;391;393;396;397;402;409;410;413;416;421;422;426;430;439;444;446;447;450;451;454;455;456;464;466;468;473;481;483;488;491;494;499;503;504;509;512;513;516;517;519;521;522;524;530;536;539;541;545;547;555;557;560;564;565;569;570;571;573;577;585;590;599;602;606;613;614;616;626;627;633;638;645;650;651;652;655;660;661;662;664;668;669;672;674;676;680;682;685;686;692;693;694;699;701;703;706;711;719;722;724;725;741;745;752;757;758;760;761;765;768;769;771;773;778;782;784;791;793;795;797;800;802;808;810;816;817;823;827;828;829;832;836;839;841;853;855;863;872;877;881;883;886;894;896;899;900;901;909;911;912;913;914;921;923;924;927;928;930;934;935;936;939;940;943;944;947;953;958;963;968;977;981;993;998;1000;1002;1007;1010;1012;1017;1018;1021;1022;1024;1038;1040;1041;1046;1053;1061;1066;1067;1081;1082;1085;1093;1098;1100;1106;1109;1114;1116;1128;1131;1133;1134;1153;1164;1166;1168;1169;1170;1171;1176;1177;1180;1182;1185;1186;1189;1193;1194;1195;1198;1200;1205;1208;1210;1221;1238;1243;1245;1251;1252;1257;1258;1259;1263;1265;1266;1269;1274;1282;1287;1288;1290;1292;1296;1298;1302;1306;1307;1308;1311;1313;1316;1323;1324;1325;1326;1330;1331;1338;1342;1343;1345;1348;1350;1354;1361;1368;1369;1371;1376;1385;1386;1389;1390;1391;1398;1402;1405;1409;1415;1417;1421;1424;1425;1427;1431;1435;1436;1437;1442;1444;1448;1452;1453;1454;1456;1459;1470;1473;1476;1479;1481;1483;1484;1488;1489;1507;1510;1515;1529;1530;1542;1543;1547;1548;1551;1552;1555;1559;1562;1563;1569;1570;1573;1576;1577;1579;1581;1583;1584;1587;1588;1589;1593;1597;1599;1600;1602;1603;1608;1616;1621;1626;1627;1630;1633;1635;1641;1643;1645;1649;1650;1656;1660;1665;1666;1667;1673;1674;1675;1679;1685;1686;1688;1693;1698;1704;1708;1709;1713;1714;1715;1716;1718;1723;1724;1726;1727;1731;1739;1740;1742;1743;1749;1752;1755;1757;1759;1762;1768;1770;1771;1774;1775;1778;1779;1786;1787;1796;1798;1799;1801;1802;1809;1816;1819;1823;1832;1834;1836;1838;1839;1843;1848;1857;1862;1863;1866;1884;1885;1891;1892;1893;1894;1895;1896;1901;1904;1906;1907;1910;1911;1913;1915;1917;1933;1935;1938;1943;1959;1961;1963;1974;1981;1984;1987;1988;1990;1991;1992;1995;1996;1997,272.9662073748186
0.5,ColonCancer,23,0.1627930769230769,0.8384615384615385,574,2000,1;7;15;23;26;27;30;35;37;39;45;47;49;55;61;63;65;69;70;71;75;79;80;82;90;93;96;106;111;112;115;117;123;126;129;135;137;140;146;158;161;164;168;169;172;175;177;178;179;186;190;193;194;196;197;199;202;210;213;217;221;222;227;229;234;236;238;240;241;244;251;254;261;263;264;266;268;270;271;276;287;289;292;296;297;298;300;303;309;311;314;316;320;333;334;336;337;344;348;351;353;356;358;360;361;363;365;366;374;378;379;381;382;383;386;387;394;397;398;401;403;411;413;424;426;427;431;434;435;438;439;450;453;457;467;468;472;476;477;480;481;483;488;493;499;503;505;506;516;518;520;522;523;525;528;531;536;537;540;546;547;553;560;561;563;564;565;568;570;573;580;581;582;583;585;588;589;590;601;604;609;611;615;620;623;625;629;631;635;638;639;640;642;648;650;652;655;657;659;664;665;676;681;683;693;694;695;697;698;703;704;713;714;718;720;722;723;737;739;742;743;749;750;753;758;759;760;764;769;772;776;781;784;786;787;792;797;798;807;808;818;820;821;823;824;828;839;841;842;847;849;858;859;861;864;865;870;871;873;879;881;889;890;891;894;895;896;899;900;901;905;907;908;910;916;917;922;924;930;931;937;943;945;951;952;954;961;963;965;969;970;972;973;980;981;984;986;991;996;998;1002;1003;1004;1006;1009;1012;1017;1021;1024;1031;1034;1036;1041;1043;1044;1051;1052;1053;1057;1059;1060;1063;1068;1070;1075;1077;1080;1082;1083;1085;1086;1087;1088;1092;1094;1095;1098;1100;1104;1106;1107;1109;1123;1132;1134;1149;1150;1152;1153;1155;1160;1161;1164;1168;1173;1184;1188;1191;1195;1196;1198;1200;1204;1208;1209;1210;1211;1219;1223;1227;1236;1237;1238;1240;1242;1246;1251;1255;1257;1265;1267;1271;1274;1277;1279;1285;1293;1296;1299;1300;1306;1307;1313;1314;1324;1331;1332;1333;1343;1349;1353;1354;1355;1356;1357;1371;1372;1373;1379;1380;1383;1392;1393;1394;1399;1402;1404;1405;1406;1411;1412;1415;1420;1423;1430;1431;1441;1443;1446;1459;1461;1465;1466;1478;1479;1480;1488;1489;1492;1493;1494;1496;1497;1508;1515;1522;1524;1529;1533;1535;1539;1540;1545;1552;1555;1558;1562;1565;1566;1567;1568;1573;1576;1581;1584;1585;1586;1596;1601;1608;1611;1613;1619;1624;1628;1636;1638;1640;1643;1645;1647;1650;1658;1660;1677;1678;1680;1685;1695;1703;1704;1705;1710;1711;1715;1720;1723;1742;1743;1752;1756;1757;1758;1760;1761;1763;1765;1767;1769;1770;1774;1775;1777;1779;1785;1789;1795;1801;1805;1808;1809;1816;1817;1822;1823;1824;1825;1826;1846;1847;1855;1856;1858;1859;1863;1864;1873;1875;1882;1884;1885;1889;1891;1894;1905;1907;1908;1909;1913;1914;1915;1916;1920;1936;1937;1945;1947;1948;1950;1951;1954;1955;1958;1959;1960;1963;1964;1967;1969;1974;1982;1983;1987;1994,272.9210717091337
0.5,ColonCancer,24,0.09929653846153845,0.9025641025641026,567,2000,1;2;3;4;7;12;13;16;19;20;22;26;27;29;34;35;38;39;43;47;54;55;56;61;62;67;71;73;79;83;87;89;90;95;99;101;107;109;111;117;123;124;125;126;130;133;134;135;137;140;141;142;148;163;172;173;174;176;180;184;188;191;194;196;201;205;206;210;216;217;220;221;226;227;232;233;239;247;248;251;252;254;256;261;266;274;276;282;283;285;289;290;292;310;311;315;323;325;326;329;332;333;334;337;340;345;349;353;355;356;357;360;363;364;371;374;375;377;378;380;384;388;390;395;402;409;412;416;425;427;430;432;436;445;446;447;466;468;469;470;472;478;487;490;493;495;499;502;504;510;518;525;531;535;538;539;540;542;546;549;554;558;560;564;570;573;574;585;586;590;596;597;599;601;610;611;612;614;615;621;625;626;627;629;630;634;637;643;647;650;651;653;661;662;667;669;680;681;683;684;685;691;693;694;700;701;705;710;723;727;728;730;732;733;735;738;743;746;754;757;758;759;760;770;772;775;777;782;795;796;797;798;801;802;806;808;825;826;827;828;833;835;840;841;849;850;852;857;859;860;861;865;873;874;878;880;881;883;886;890;891;894;896;903;907;908;917;921;924;926;927;931;934;936;937;938;944;950;957;958;960;963;968;971;973;974;982;985;986;989;1018;1019;1020;1021;1024;1026;1032;1034;1038;1039;1041;1042;1055;1059;1062;1066;1070;1071;1074;1075;1078;1080;1084;1087;1096;1097;1100;1102;1107;1109;1111;1112;1115;1116;1118;1124;1135;1136;1140;1144;1149;1153;1155;1157;1159;1160;1161;1164;1167;1170;1171;1176;1177;1178;1179;1180;1181;1183;1186;1187;1190;1194;1196;1209;1210;1216;1220;1227;1231;1234;1237;1239;1240;1248;1250;1251;1253;1254;1255;1257;1262;1266;1278;1282;1286;1289;1292;1296;1301;1303;1304;1309;1313;1319;1326;1327;1328;1334;1336;1343;1347;1354;1355;1356;1358;1365;1369;1374;1380;1382;1384;1390;1391;1394;1399;1401;1405;1406;1407;1412;1415;1417;1418;1422;1423;1425;1427;1428;1431;1432;1438;1439;1446;1447;1461;1465;1466;1471;1472;1476;1478;1484;1488;1491;1493;1495;1496;1501;1502;1505;1507;1509;1514;1515;1518;1529;1531;1535;1537;1543;1544;1545;1550;1552;1556;1569;1573;1574;1577;1581;1590;1591;1592;1601;1608;1609;1613;1618;1620;1624;1626;1629;1630;1635;1636;1639;1641;1648;1651;1656;1661;1668;1670;1672;1674;1675;1677;1678;1681;1682;1688;1695;1708;1713;1714;1718;1730;1731;1732;1737;1739;1745;1746;1752;1753;1756;1757;1762;1770;1774;1776;1778;1794;1796;1801;1803;1804;1807;1809;1815;1818;1819;1825;1831;1834;1836;1841;1842;1843;1851;1857;1864;1879;1885;1887;1888;1889;1891;1892;1899;1907;1912;1915;1921;1922;1927;1929;1936;1942;1944;1949;1954;1957;1959;1967;1970;1971;1973;1975;1984;1985;1986;1988;1989;1991;1997;1999,274.2830033330247
0.5,ColonCancer,25,0.09804230769230769,0.9038461538461539,570,2000,1;3;5;7;11;14;15;17;20;24;32;36;38;39;41;58;63;65;69;72;84;93;97;101;102;108;115;118;119;134;136;137;139;149;150;152;156;162;165;166;170;175;177;179;180;188;190;194;200;206;209;210;214;216;217;219;221;226;229;231;233;236;239;241;243;244;248;264;267;268;278;279;286;287;288;294;295;296;300;306;308;313;316;321;322;324;328;331;333;334;342;343;344;345;347;352;353;354;355;356;358;359;360;362;364;373;374;379;380;382;393;394;396;401;402;403;406;416;419;421;425;428;429;433;434;435;442;448;452;462;465;467;475;477;480;482;483;485;487;488;489;490;494;497;503;508;509;510;512;513;515;533;534;535;538;541;545;549;550;562;563;570;571;572;579;583;590;594;597;601;603;604;607;608;611;612;613;615;617;618;619;620;626;628;630;634;637;639;645;647;654;655;661;667;671;673;689;691;693;694;698;699;704;705;708;710;712;713;718;723;731;735;736;739;743;748;756;764;765;771;772;774;779;782;783;786;792;794;799;807;808;810;811;813;819;827;829;831;834;838;839;851;858;859;861;863;866;868;870;872;873;879;880;881;883;885;888;889;890;892;894;898;900;908;909;911;915;916;919;922;924;930;939;945;946;955;961;962;965;986;988;990;991;1001;1004;1005;1008;1009;1014;1020;1026;1029;1030;1034;1035;1042;1044;1045;1047;1049;1050;1056;1059;1060;1063;1064;1074;1075;1078;1083;1084;1085;1094;1095;1096;1097;1098;1104;1107;1108;1109;1117;1126;1134;1139;1140;1142;1149;1154;1155;1162;1167;1183;1185;1190;1192;1193;1196;1198;1206;1207;1216;1220;1223;1227;1229;1231;1233;1234;1239;1244;1245;1247;1248;1250;1255;1257;1258;1259;1262;1265;1270;1273;1274;1275;1276;1290;1298;1299;1300;1301;1307;1308;1314;1315;1317;1319;1320;1326;1327;1334;1339;1344;1346;1350;1357;1360;1363;1364;1365;1366;1367;1370;1373;1374;1377;1379;1382;1385;1394;1396;1397;1399;1400;1405;1406;1407;1408;1413;1415;1416;1418;1419;1420;1422;1423;1427;1428;1430;1432;1433;1434;1465;1466;1475;1479;1481;1485;1489;1492;1493;1499;1502;1507;1512;1521;1522;1525;1526;1530;1540;1542;1545;1546;1551;1555;1557;1559;1561;1563;1572;1573;1579;1595;1596;1597;1598;1599;1600;1601;1602;1604;1612;1614;1617;1621;1627;1628;1632;1633;1637;1640;1643;1649;1650;1652;1672;1674;1677;1679;1680;1688;1689;1697;1707;1708;1709;1720;1723;1724;1727;1728;1729;1732;1737;1738;1739;1740;1749;1751;1755;1761;1769;1770;1773;1774;1775;1776;1784;1795;1801;1802;1807;1813;1815;1817;1829;1832;1835;1838;1839;1840;1843;1845;1851;1854;1868;1871;1873;1879;1881;1883;1885;1889;1892;1893;1894;1896;1897;1909;1911;1912;1913;1917;1929;1930;1942;1943;1944;1945;1951;1954;1956;1957;1958;1959;1961;1965;1966;1969;1970;1973;1974;1975;1976;1980;1982;1984;1991;1998,270.940336166881
0.5,ColonCancer,26,0.09796730769230769,0.9038461538461539,555,2000,1;5;6;9;12;13;18;20;21;23;24;26;32;33;34;38;43;48;50;54;55;62;64;65;67;71;72;74;81;85;90;93;95;99;103;110;111;113;116;120;125;136;137;138;141;143;144;151;158;160;163;167;176;181;182;183;184;185;189;191;202;206;213;219;225;226;231;240;241;245;248;252;255;256;257;259;266;268;274;275;276;278;281;284;290;291;300;303;305;307;310;317;328;340;342;345;354;356;358;361;364;366;380;381;386;387;397;404;407;416;418;420;421;422;425;426;430;431;437;443;445;448;452;453;454;467;469;470;471;476;477;480;482;484;488;493;499;500;507;508;510;514;520;527;531;534;539;542;543;545;547;548;549;559;566;571;573;576;580;584;586;588;591;595;601;616;620;622;623;627;628;630;639;644;651;653;659;662;665;666;669;674;676;678;688;690;693;695;696;702;703;705;708;710;714;715;721;723;726;727;732;735;739;740;744;748;753;754;755;764;767;769;773;775;778;783;784;785;790;791;793;794;795;799;803;805;814;816;823;825;829;840;845;846;860;861;864;865;867;868;871;877;878;880;886;889;891;896;901;904;906;909;910;911;912;913;914;919;921;924;928;932;942;945;947;950;954;962;963;968;970;978;982;986;991;992;993;994;998;1001;1005;1006;1015;1018;1024;1026;1031;1033;1034;1039;1041;1045;1046;1048;1053;1057;1058;1059;1063;1066;1069;1070;1079;1082;1086;1088;1092;1097;1098;1100;1109;1110;1111;1127;1137;1140;1141;1151;1153;1154;1162;1163;1167;1170;1172;1177;1189;1194;1198;1206;1210;1211;1212;1215;1218;1220;1223;1229;1234;1235;1236;1239;1241;1248;1253;1254;1255;1258;1259;1262;1264;1273;1275;1277;1284;1289;1292;1297;1304;1308;1311;1312;1319;1323;1326;1333;1335;1336;1338;1340;1344;1345;1346;1347;1352;1357;1359;1365;1367;1370;1371;1374;1378;1379;1383;1387;1392;1393;1400;1403;1407;1412;1413;1414;1415;1422;1429;1433;1435;1442;1447;1450;1452;1456;1462;1465;1468;1470;1474;1479;1480;1483;1484;1485;1486;1491;1493;1495;1497;1498;1500;1502;1503;1508;1510;1513;1514;1516;1519;1523;1531;1534;1540;1544;1548;1549;1558;1560;1562;1567;1568;1572;1574;1580;1582;1592;1595;1604;1605;1610;1611;1613;1615;1618;1619;1620;1629;1633;1636;1638;1639;1646;1651;1653;1658;1666;1668;1669;1670;1671;1672;1674;1676;1679;1683;1688;1694;1701;1702;1705;1706;1710;1712;1728;1731;1734;1739;1743;1746;1747;1752;1755;1759;1760;1763;1766;1770;1773;1775;1777;1780;1785;1788;1789;1791;1794;1804;1809;1812;1816;1823;1824;1825;1834;1836;1846;1854;1856;1858;1865;1870;1873;1881;1883;1885;1890;1895;1898;1900;1901;1902;1903;1908;1916;1925;1926;1932;1933;1935;1937;1941;1942;1946;1952;1953;1956;1966;1973;1982;1987;1989;1992;1993;1995;1998,272.31620116718113
0.5,ColonCancer,27,0.11471230769230761,0.8871794871794872,604,2000,2;3;5;11;13;19;20;21;24;27;28;31;32;38;39;42;44;45;48;54;62;63;64;65;69;81;84;90;92;95;97;99;107;109;111;112;115;116;118;125;127;128;135;140;144;147;150;151;153;158;159;160;163;166;168;170;171;172;179;185;191;202;208;210;217;219;224;225;229;234;240;244;247;248;251;252;255;257;263;264;265;266;268;272;274;277;278;280;282;287;289;290;292;294;297;302;303;311;313;317;323;327;328;334;336;338;340;349;350;357;359;362;364;366;373;379;380;385;386;392;393;396;399;406;410;411;412;415;419;425;426;430;446;453;455;457;460;473;480;483;488;497;499;500;501;515;518;519;520;523;525;526;535;545;548;550;553;554;555;556;560;564;565;566;568;569;571;573;575;578;582;591;593;597;598;606;613;618;619;621;623;624;626;629;630;632;641;642;644;648;650;657;658;660;662;668;675;677;678;681;684;687;689;691;692;694;695;705;710;711;716;717;719;720;722;731;739;743;746;748;749;751;754;756;760;763;764;768;773;777;778;779;789;791;792;793;802;805;806;808;811;815;817;819;821;822;823;828;831;846;849;852;855;856;866;867;869;872;874;876;879;881;887;890;894;898;899;905;912;913;918;925;926;928;930;931;941;947;953;955;960;963;968;974;978;982;983;987;991;992;994;995;1004;1005;1015;1018;1019;1020;1022;1023;1024;1029;1032;1036;1037;1039;1041;1046;1050;1058;1059;1061;1062;1064;1067;1080;1083;1085;1087;1094;1101;1105;1112;1113;1114;1120;1128;1130;1131;1135;1141;1143;1146;1150;1152;1153;1157;1160;1162;1165;1167;1168;1172;1177;1182;1186;1188;1189;1194;1197;1199;1200;1202;1203;1208;1209;1211;1212;1215;1217;1220;1222;1227;1229;1230;1231;1233;1241;1242;1244;1249;1256;1257;1261;1262;1268;1271;1272;1274;1279;1282;1284;1288;1290;1293;1294;1298;1302;1307;1310;1312;1314;1315;1318;1328;1329;1330;1331;1346;1348;1349;1353;1354;1357;1360;1363;1369;1371;1372;1373;1378;1379;1380;1381;1385;1390;1397;1398;1399;1400;1401;1402;1405;1415;1417;1420;1421;1422;1423;1426;1427;1429;1430;1431;1442;1444;1447;1448;1449;1450;1455;1460;1463;1465;1467;1470;1474;1481;1489;1491;1502;1510;1512;1525;1527;1528;1529;1531;1533;1535;1539;1545;1546;1548;1549;1550;1551;1554;1556;1557;1559;1561;1563;1572;1573;1589;1590;1595;1600;1603;1604;1605;1607;1610;1611;1612;1613;1616;1618;1636;1637;1643;1645;1652;1657;1660;1662;1664;1666;1667;1668;1669;1671;1673;1675;1676;1677;1682;1686;1687;1688;1691;1705;1706;1709;1713;1718;1721;1725;1730;1736;1739;1743;1749;1753;1757;1760;1770;1771;1774;1775;1776;1777;1781;1782;1784;1785;1787;1789;1790;1792;1797;1798;1802;1807;1810;1818;1825;1826;1829;1832;1833;1835;1842;1843;1844;1855;1857;1865;1866;1867;1873;1877;1881;1888;1890;1892;1893;1898;1899;1900;1901;1904;1905;1906;1907;1913;1919;1924;1929;1934;1938;1940;1941;1943;1944;1950;1953;1955;1956;1957;1958;1960;1962;1965;1968;1971;1972;1977;1982;1984;1987;1994;1996,273.8676482499577
0.5,ColonCancer,28,0.16387230769230765,0.8371794871794872,536,2000,4;15;18;19;20;28;39;40;51;56;69;71;73;74;87;88;99;101;103;106;109;110;112;118;120;121;123;131;135;136;140;141;147;148;165;178;179;181;183;190;193;195;197;209;211;216;220;223;224;230;234;235;238;241;242;244;248;256;257;263;266;272;276;277;282;287;295;300;302;308;309;317;318;323;327;332;339;341;347;353;354;356;357;358;360;366;373;377;381;383;384;388;391;395;401;402;404;406;407;415;421;424;426;427;429;433;436;440;442;444;447;455;461;468;477;479;480;483;486;488;493;502;505;507;511;513;514;518;522;539;540;543;545;546;553;555;560;567;582;590;593;595;598;612;615;616;618;623;626;632;639;641;646;647;651;654;661;663;671;673;674;676;678;688;692;694;699;702;712;713;717;718;719;720;723;725;726;731;732;738;740;744;746;748;750;751;755;762;763;764;766;772;776;779;780;789;790;791;792;794;805;806;807;808;809;810;812;822;823;824;826;829;833;839;851;853;855;864;866;871;872;873;882;885;886;888;891;898;914;921;938;950;953;954;957;960;961;962;966;970;981;984;986;991;994;1006;1008;1009;1014;1027;1028;1029;1031;1037;1043;1046;1048;1050;1057;1059;1062;1068;1069;1073;1077;1088;1090;1091;1095;1103;1106;1109;1110;1111;1113;1114;1115;1116;1119;1122;1124;1127;1132;1137;1146;1149;1158;1161;1162;1163;1166;1167;1170;1172;1177;1179;1181;1182;1185;1192;1193;1202;1204;1205;1206;1207;1210;1211;1214;1220;1221;1223;1224;1231;1234;1238;1240;1242;1243;1246;1253;1254;1258;1259;1265;1268;1271;1274;1280;1281;1282;1285;1286;1288;1290;1292;1293;1297;1300;1303;1308;1315;1316;1321;1322;1323;1324;1327;1330;1331;1336;1339;1341;1345;1358;1363;1364;1365;1366;1367;1369;1371;1374;1383;1385;1386;1391;1392;1393;1398;1411;1412;1413;1414;1429;1434;1442;1443;1454;1464;1465;1474;1477;1478;1481;1487;1495;1505;1506;1509;1511;1513;1514;1515;1516;1517;1525;1526;1537;1542;1546;1548;1558;1559;1563;1566;1575;1579;1583;1588;1590;1593;1599;1601;1606;1609;1613;1615;1621;1622;1628;1629;1630;1633;1637;1647;1648;1652;1656;1658;1660;1661;1664;1665;1667;1669;1670;1671;1673;1674;1676;1677;1678;1679;1687;1688;1691;1692;1695;1698;1702;1708;1711;1713;1714;1715;1718;1729;1731;1735;1738;1741;1746;1751;1752;1754;1766;1774;1779;1785;1790;1793;1799;1802;1803;1809;1814;1815;1820;1821;1825;1827;1828;1835;1840;1841;1843;1849;1866;1869;1870;1871;1873;1878;1880;1881;1884;1886;1889;1894;1900;1903;1904;1906;1914;1915;1916;1919;1920;1922;1924;1936;1940;1942;1945;1948;1950;1951;1952;1953;1959;1960;1964;1967;1974;1975;1977;1980;1982;1984;1987;1988;1989;1991;1992;1997,272.8204147913493
0.5,ColonCancer,29,0.1298080769230768,0.8717948717948719,577,2000,3;5;7;9;16;18;21;25;28;30;33;35;41;42;44;45;46;49;51;54;56;58;67;70;72;74;78;81;86;88;91;93;94;99;103;104;109;112;117;125;133;134;136;137;138;139;141;142;143;146;147;150;152;154;158;159;162;163;167;169;171;174;183;186;188;190;193;200;202;213;231;234;237;238;240;242;244;246;248;252;257;259;263;265;267;273;278;288;289;291;293;295;302;308;315;322;326;330;331;332;337;339;349;351;355;364;368;370;373;375;377;383;385;386;390;399;400;403;408;410;415;421;422;425;426;430;434;443;444;453;463;464;470;471;479;482;485;487;496;499;502;508;510;536;537;539;545;546;548;549;550;552;553;558;560;561;562;564;568;572;575;579;580;582;583;586;595;596;598;601;604;605;611;613;619;621;623;627;630;639;647;650;653;656;658;660;662;664;679;683;686;689;697;701;702;703;707;709;710;712;713;714;715;719;721;726;728;730;732;736;738;741;743;744;745;749;750;752;754;757;759;761;766;772;774;777;779;781;784;789;791;794;798;800;802;804;808;809;810;818;819;820;821;823;828;829;832;835;838;843;844;848;850;857;860;861;863;870;872;878;883;885;887;892;895;896;898;900;905;906;908;909;911;917;918;919;922;925;928;932;933;936;937;938;939;941;945;949;951;953;955;961;965;971;979;983;985;1000;1004;1005;1011;1012;1013;1016;1024;1026;1028;1037;1044;1048;1053;1062;1065;1067;1069;1073;1075;1076;1080;1088;1094;1097;1100;1101;1104;1118;1121;1125;1128;1129;1134;1137;1142;1146;1148;1152;1154;1162;1164;1167;1170;1172;1173;1175;1179;1180;1188;1189;1191;1192;1195;1197;1200;1201;1203;1207;1208;1210;1219;1220;1223;1230;1231;1233;1245;1246;1252;1255;1257;1260;1262;1267;1270;1276;1279;1281;1282;1283;1284;1285;1287;1289;1292;1293;1294;1296;1297;1298;1300;1301;1302;1303;1305;1306;1310;1313;1317;1319;1322;1325;1326;1327;1332;1333;1334;1335;1338;1340;1344;1345;1347;1350;1352;1357;1362;1368;1377;1385;1392;1394;1395;1397;1404;1405;1406;1408;1418;1420;1422;1423;1429;1431;1434;1443;1447;1450;1455;1464;1466;1470;1472;1474;1482;1493;1494;1502;1507;1510;1514;1522;1530;1533;1538;1544;1545;1546;1547;1548;1551;1554;1556;1558;1562;1564;1566;1578;1579;1582;1585;1606;1611;1615;1616;1624;1629;1633;1639;1642;1644;1646;1647;1648;1649;1650;1659;1667;1668;1673;1676;1678;1683;1684;1685;1686;1692;1693;1702;1705;1709;1710;1727;1732;1741;1743;1748;1751;1752;1762;1763;1768;1774;1775;1781;1785;1787;1791;1794;1798;1802;1804;1809;1810;1812;1814;1815;1818;1819;1821;1823;1824;1830;1831;1834;1836;1844;1845;1849;1856;1861;1865;1872;1873;1879;1881;1885;1886;1891;1892;1894;1896;1901;1903;1905;1919;1920;1930;1936;1937;1939;1941;1942;1944;1946;1949;1951;1956;1958;1959;1969;1973;1975;1977;1979;1981;1982;1989;1997,276.3912288341671
0.5,Leukemia,0,0.01673316798015757,0.9857142857142858,925,3571,2;4;5;7;8;10;11;12;15;17;22;23;30;31;34;39;53;61;64;69;71;72;74;82;90;91;92;100;102;104;106;110;113;127;132;134;139;141;142;146;160;169;174;175;179;189;195;205;206;207;208;210;211;218;219;223;230;233;234;237;238;248;251;253;254;255;259;265;267;268;271;287;292;294;303;318;319;321;322;324;325;332;340;342;348;349;356;360;369;372;378;382;389;390;398;401;402;411;413;416;417;428;430;433;437;440;448;449;455;456;458;459;464;466;467;469;471;472;473;474;475;480;483;484;485;488;491;492;493;502;506;509;517;520;523;534;535;537;547;550;551;555;558;560;562;564;565;570;571;572;573;574;575;576;577;586;587;590;606;615;622;625;627;632;634;643;646;648;654;658;661;666;668;669;672;674;685;688;690;694;696;705;715;718;719;725;730;734;741;743;744;748;749;755;756;766;770;775;776;779;780;781;782;788;793;797;806;816;818;819;821;829;831;832;841;842;844;856;859;866;867;869;873;878;879;880;890;892;895;897;899;900;901;906;911;912;917;919;935;937;942;945;947;950;956;957;969;973;985;988;989;991;993;997;999;1003;1004;1017;1018;1025;1026;1028;1029;1034;1037;1043;1044;1046;1048;1055;1059;1061;1062;1067;1070;1072;1074;1075;1079;1088;1092;1097;1098;1102;1104;1106;1109;1116;1117;1121;1133;1136;1139;1149;1151;1158;1159;1163;1171;1173;1177;1181;1186;1191;1195;1198;1203;1210;1211;1212;1213;1220;1221;1225;1229;1232;1243;1245;1251;1254;1257;1259;1260;1265;1268;1270;1272;1273;1280;1282;1285;1294;1301;1304;1308;1309;1317;1320;1327;1329;1330;1331;1332;1340;1347;1348;1349;1365;1367;1373;1374;1377;1381;1388;1391;1396;1398;1399;1401;1406;1407;1411;1414;1418;1426;1428;1429;1434;1436;1442;1443;1445;1451;1454;1458;1459;1464;1471;1474;1478;1483;1487;1493;1497;1498;1507;1510;1511;1514;1517;1520;1524;1528;1532;1533;1540;1542;1548;1549;1558;1560;1573;1574;1578;1581;1582;1596;1604;1617;1622;1625;1627;1637;1638;1651;1652;1653;1655;1656;1658;1662;1667;1669;1670;1673;1689;1699;1705;1716;1717;1719;1720;1725;1736;1741;1742;1743;1746;1749;1755;1757;1758;1761;1765;1771;1774;1781;1782;1784;1788;1789;1795;1802;1804;1805;1809;1812;1822;1824;1827;1829;1834;1835;1839;1840;1845;1856;1861;1868;1871;1874;1876;1877;1887;1892;1896;1898;1908;1914;1915;1918;1923;1928;1936;1937;1938;1952;1953;1955;1956;1957;1963;1970;1973;1981;1982;1984;1987;1994;1998;2003;2013;2014;2020;2021;2026;2027;2029;2033;2037;2043;2048;2058;2060;2070;2081;2082;2094;2097;2099;2101;2104;2106;2108;2114;2115;2117;2121;2124;2125;2130;2132;2134;2151;2152;2153;2157;2159;2163;2165;2168;2172;2174;2175;2178;2180;2190;2194;2196;2197;2199;2201;2204;2208;2210;2217;2219;2221;2226;2231;2233;2234;2239;2242;2248;2251;2253;2254;2256;2261;2265;2266;2269;2272;2275;2276;2280;2281;2282;2284;2287;2288;2289;2293;2294;2296;2299;2300;2310;2312;2321;2323;2329;2333;2334;2335;2338;2343;2345;2346;2347;2349;2357;2361;2362;2369;2370;2380;2382;2384;2388;2399;2401;2410;2417;2419;2423;2424;2425;2433;2436;2439;2440;2442;2444;2451;2459;2460;2465;2467;2470;2476;2478;2481;2491;2492;2494;2498;2501;2503;2506;2508;2509;2513;2514;2515;2516;2520;2526;2529;2531;2532;2534;2536;2541;2543;2545;2548;2549;2554;2566;2568;2569;2574;2578;2581;2583;2586;2587;2590;2591;2594;2595;2597;2601;2602;2604;2605;2612;2613;2616;2621;2632;2634;2639;2640;2641;2649;2650;2655;2657;2659;2660;2664;2665;2667;2669;2682;2685;2687;2689;2696;2699;2702;2705;2709;2713;2714;2718;2723;2724;2733;2735;2736;2738;2739;2746;2754;2755;2758;2761;2769;2775;2777;2784;2790;2791;2792;2793;2810;2817;2830;2832;2833;2836;2839;2842;2849;2851;2855;2862;2871;2872;2874;2877;2890;2891;2892;2894;2897;2899;2903;2905;2907;2912;2921;2926;2931;2934;2951;2954;2958;2959;2961;2965;2969;2974;2978;2983;2993;2995;3001;3009;3015;3018;3019;3022;3023;3025;3026;3035;3036;3038;3039;3040;3046;3049;3056;3057;3061;3062;3063;3066;3069;3074;3076;3082;3090;3099;3103;3104;3116;3120;3122;3123;3125;3126;3129;3130;3139;3148;3151;3155;3161;3170;3177;3178;3180;3184;3186;3187;3194;3197;3199;3205;3207;3210;3211;3212;3213;3222;3224;3225;3227;3230;3231;3236;3238;3240;3245;3247;3249;3254;3255;3256;3258;3265;3268;3276;3277;3282;3286;3291;3294;3295;3302;3307;3308;3311;3315;3318;3319;3323;3325;3328;3329;3330;3333;3335;3337;3348;3369;3378;3382;3387;3391;3400;3405;3406;3411;3415;3418;3419;3422;3424;3426;3427;3434;3436;3437;3442;3444;3448;3449;3457;3458;3460;3468;3474;3475;3480;3484;3486;3487;3489;3493;3495;3499;3503;3504;3506;3510;3512;3515;3519;3520;3525;3527;3534;3536;3541;3546;3558;3563;3567,334.2920125829987
0.5,Leukemia,1,0.016831179741568936,0.9857142857142858,960,3571,2;3;4;5;10;13;15;17;19;23;28;37;39;46;53;54;57;58;60;61;64;73;78;83;84;85;86;87;90;91;92;104;106;108;111;115;116;118;121;122;123;126;130;131;137;138;148;149;153;154;158;159;161;162;165;170;171;175;180;181;182;184;186;190;193;196;199;200;201;205;206;209;211;226;231;236;237;240;246;247;253;255;256;257;258;263;266;270;274;278;279;288;289;295;296;297;301;302;304;306;314;316;317;324;331;334;336;341;348;350;351;352;353;355;358;361;366;367;374;375;378;379;381;387;389;390;397;399;400;405;408;419;421;422;431;434;436;437;444;453;455;459;462;463;465;468;470;471;474;475;485;487;488;489;497;500;505;506;517;518;526;529;530;531;533;536;537;543;547;550;552;555;561;562;568;569;575;578;589;591;593;598;599;601;608;611;618;619;620;622;624;625;626;632;634;639;642;645;649;654;661;674;676;679;681;683;686;694;695;698;703;707;717;722;726;737;739;747;754;767;775;785;787;789;791;800;801;802;804;812;813;816;819;820;830;835;836;839;842;846;847;850;851;852;853;855;857;859;867;872;886;887;888;898;900;906;917;921;923;924;925;926;928;932;934;944;946;950;951;952;957;959;962;965;966;968;973;976;984;987;989;994;1001;1008;1011;1012;1016;1018;1025;1027;1036;1037;1048;1050;1053;1056;1059;1079;1080;1083;1084;1090;1091;1093;1094;1097;1099;1100;1103;1107;1113;1114;1118;1119;1129;1136;1137;1146;1153;1156;1163;1164;1166;1168;1173;1175;1178;1179;1181;1184;1187;1189;1196;1199;1204;1206;1207;1208;1209;1218;1222;1223;1225;1226;1230;1234;1235;1239;1242;1243;1246;1249;1253;1257;1261;1262;1265;1275;1277;1280;1284;1285;1287;1289;1290;1292;1310;1311;1312;1317;1320;1332;1334;1338;1340;1341;1342;1346;1359;1364;1365;1367;1375;1379;1385;1390;1391;1402;1405;1407;1414;1417;1419;1421;1424;1428;1432;1443;1445;1449;1450;1457;1459;1481;1501;1509;1511;1517;1520;1526;1529;1531;1532;1535;1540;1546;1553;1557;1572;1573;1576;1577;1578;1584;1586;1593;1600;1603;1606;1607;1608;1609;1610;1611;1618;1619;1623;1628;1633;1634;1636;1637;1638;1641;1651;1654;1655;1658;1660;1661;1663;1667;1683;1696;1697;1700;1701;1709;1712;1718;1731;1738;1741;1746;1748;1749;1752;1753;1762;1765;1767;1771;1774;1775;1788;1791;1792;1793;1794;1805;1808;1812;1813;1821;1835;1847;1853;1858;1867;1868;1870;1871;1879;1880;1881;1889;1891;1894;1896;1901;1903;1904;1905;1906;1909;1914;1919;1921;1924;1926;1927;1928;1929;1930;1931;1932;1937;1938;1944;1947;1952;1953;1956;1972;1973;1980;1981;1984;1985;1988;1989;1994;2007;2010;2013;2016;2018;2020;2025;2028;2032;2033;2036;2037;2038;2043;2046;2048;2049;2050;2052;2055;2056;2058;2062;2069;2076;2085;2086;2091;2099;2100;2101;2105;2111;2112;2115;2117;2118;2122;2125;2127;2128;2129;2133;2135;2136;2144;2145;2146;2148;2149;2151;2156;2159;2162;2164;2167;2171;2172;2173;2174;2187;2195;2197;2215;2216;2219;2221;2225;2226;2237;2243;2249;2251;2262;2263;2264;2266;2268;2269;2275;2281;2284;2290;2295;2304;2308;2309;2310;2318;2329;2331;2332;2351;2354;2363;2364;2373;2374;2381;2382;2387;2388;2391;2398;2400;2401;2402;2405;2408;2409;2419;2422;2424;2426;2429;2431;2436;2439;2445;2452;2460;2461;2470;2472;2475;2478;2483;2484;2486;2488;2492;2493;2497;2503;2506;2512;2515;2517;2519;2524;2534;2536;2550;2552;2553;2554;2559;2560;2563;2566;2567;2573;2588;2590;2592;2594;2595;2597;2600;2601;2605;2606;2608;2609;2610;2613;2614;2615;2617;2620;2621;2623;2624;2625;2639;2641;2648;2651;2653;2658;2660;2667;2669;2670;2674;2676;2677;2681;2685;2687;2694;2700;2702;2703;2706;2707;2708;2710;2711;2714;2717;2719;2739;2743;2746;2748;2767;2768;2769;2776;2779;2781;2783;2786;2788;2792;2793;2795;2797;2799;2801;2805;2813;2824;2829;2831;2832;2833;2837;2839;2840;2843;2845;2849;2851;2854;2860;2862;2864;2866;2871;2872;2877;2878;2879;2888;2891;2895;2896;2904;2911;2914;2917;2922;2927;2935;2943;2944;2945;2946;2948;2950;2951;2959;2964;2981;2982;2985;2987;2990;2991;3000;3001;3005;3010;3012;3013;3019;3022;3028;3030;3031;3032;3037;3040;3055;3056;3062;3071;3072;3073;3078;3091;3099;3102;3103;3109;3119;3128;3136;3138;3139;3144;3146;3147;3151;3155;3157;3158;3159;3161;3162;3165;3167;3171;3173;3175;3176;3177;3180;3185;3187;3192;3197;3198;3200;3201;3213;3217;3220;3222;3230;3232;3239;3241;3243;3244;3249;3255;3258;3261;3263;3265;3266;3271;3277;3280;3292;3293;3297;3298;3299;3300;3302;3306;3312;3317;3319;3322;3327;3332;3338;3340;3351;3353;3357;3362;3366;3367;3370;3374;3375;3379;3385;3387;3391;3394;3396;3398;3403;3406;3410;3415;3419;3420;3433;3435;3440;3446;3447;3450;3451;3454;3456;3462;3465;3470;3472;3473;3475;3478;3481;3483;3486;3488;3490;3502;3506;3507;3511;3513;3518;3519;3525;3526;3527;3532;3535;3542;3547;3551;3555;3556;3557;3560;3561;3565;3567,335.1479337499477
0.5,Leukemia,2,0.016772372684722116,0.9857142857142858,939,3571,9;18;21;30;31;34;38;39;44;45;51;53;61;64;66;70;72;76;77;82;83;86;87;90;91;96;98;105;107;109;110;114;121;132;133;140;145;151;154;156;157;159;161;166;167;169;170;172;174;179;180;183;187;205;209;222;223;227;232;233;244;246;251;257;258;261;264;265;271;273;275;281;286;288;291;292;294;298;307;312;316;321;330;331;333;334;338;339;340;342;343;348;351;354;355;357;359;366;387;390;391;392;393;402;404;412;415;417;430;433;434;441;443;448;449;450;453;471;475;478;481;483;488;489;490;492;496;499;500;506;508;514;519;522;524;528;529;531;538;549;551;556;558;560;564;565;568;569;574;584;587;589;590;595;600;602;604;607;609;611;613;615;618;622;623;626;627;629;636;643;647;652;656;662;674;675;677;680;684;708;709;715;717;719;720;721;722;729;733;735;739;742;743;746;747;749;750;765;766;768;773;775;781;783;785;789;790;793;808;809;812;815;818;819;820;821;823;828;832;838;840;844;845;849;853;855;858;862;863;866;867;870;874;877;878;894;895;905;906;908;911;914;915;923;925;929;931;935;939;941;943;947;954;963;965;968;971;974;978;981;984;987;988;989;990;995;1000;1009;1011;1018;1027;1028;1030;1037;1040;1044;1048;1049;1051;1052;1054;1055;1064;1068;1072;1074;1075;1078;1079;1081;1082;1097;1106;1108;1112;1119;1120;1122;1125;1127;1144;1145;1155;1169;1172;1177;1186;1200;1202;1211;1218;1219;1223;1224;1226;1227;1229;1231;1235;1245;1250;1254;1256;1262;1266;1267;1270;1271;1274;1277;1279;1280;1285;1288;1294;1303;1306;1307;1308;1310;1313;1315;1316;1317;1325;1330;1335;1338;1339;1342;1343;1346;1351;1357;1359;1362;1364;1374;1382;1390;1391;1392;1394;1395;1398;1409;1412;1415;1418;1419;1424;1426;1427;1428;1433;1439;1440;1442;1449;1452;1454;1461;1462;1467;1471;1478;1479;1480;1485;1490;1495;1497;1503;1506;1510;1512;1518;1529;1530;1532;1533;1534;1535;1541;1543;1545;1548;1553;1559;1561;1562;1565;1567;1569;1572;1573;1594;1597;1600;1603;1604;1611;1614;1615;1616;1620;1625;1626;1633;1635;1645;1651;1655;1657;1668;1674;1676;1678;1681;1687;1689;1694;1695;1697;1700;1701;1703;1705;1707;1708;1709;1714;1716;1720;1722;1726;1730;1736;1737;1738;1739;1744;1746;1747;1748;1752;1753;1755;1757;1759;1762;1764;1765;1770;1772;1774;1775;1776;1782;1784;1788;1791;1808;1811;1815;1816;1819;1820;1821;1828;1829;1831;1835;1842;1845;1846;1848;1849;1853;1855;1864;1865;1867;1872;1875;1879;1883;1890;1891;1894;1895;1896;1899;1903;1905;1906;1907;1909;1917;1918;1924;1928;1940;1942;1943;1945;1952;1953;1957;1959;1961;1963;1966;1968;1977;1982;1984;1989;1991;1992;1995;1997;1999;2000;2003;2019;2023;2028;2033;2036;2038;2041;2046;2051;2053;2055;2057;2059;2062;2065;2066;2067;2069;2070;2079;2084;2096;2099;2100;2101;2103;2107;2114;2117;2118;2119;2127;2128;2129;2130;2136;2142;2143;2151;2154;2158;2159;2160;2165;2166;2171;2172;2174;2177;2179;2181;2183;2184;2194;2198;2199;2200;2201;2208;2215;2224;2226;2231;2232;2233;2235;2241;2242;2250;2258;2259;2260;2271;2272;2273;2276;2279;2281;2284;2286;2288;2290;2302;2307;2308;2309;2312;2317;2319;2323;2332;2346;2350;2356;2357;2358;2359;2371;2372;2378;2399;2412;2413;2415;2417;2419;2424;2426;2436;2441;2446;2447;2449;2459;2460;2467;2468;2473;2482;2484;2485;2487;2491;2495;2496;2500;2510;2511;2513;2514;2519;2525;2529;2532;2534;2536;2540;2543;2547;2548;2550;2564;2568;2574;2580;2582;2585;2588;2593;2595;2597;2603;2605;2608;2613;2621;2622;2625;2630;2639;2642;2646;2647;2650;2654;2655;2658;2662;2668;2671;2673;2674;2678;2682;2687;2688;2692;2695;2696;2699;2701;2706;2711;2712;2718;2719;2726;2731;2732;2734;2735;2743;2745;2757;2758;2761;2762;2765;2768;2788;2789;2790;2791;2794;2795;2796;2798;2801;2808;2810;2812;2815;2816;2819;2821;2825;2833;2834;2847;2849;2861;2864;2865;2866;2871;2872;2877;2879;2880;2881;2888;2889;2897;2900;2904;2905;2908;2910;2911;2912;2915;2924;2929;2932;2935;2938;2959;2961;2965;2970;2977;2979;2981;2993;3006;3007;3009;3010;3012;3013;3024;3025;3040;3047;3049;3052;3054;3055;3060;3063;3066;3069;3073;3077;3080;3082;3086;3093;3096;3097;3099;3108;3111;3115;3118;3121;3129;3130;3131;3132;3133;3134;3142;3144;3145;3148;3151;3153;3159;3163;3164;3168;3171;3172;3186;3187;3191;3194;3206;3213;3214;3215;3220;3221;3222;3224;3227;3228;3234;3235;3240;3246;3262;3264;3267;3270;3275;3277;3292;3293;3318;3322;3323;3327;3339;3354;3355;3360;3361;3362;3371;3372;3374;3382;3383;3390;3392;3395;3397;3403;3406;3415;3416;3417;3428;3436;3439;3445;3446;3451;3453;3460;3468;3469;3472;3478;3479;3480;3481;3482;3488;3489;3491;3493;3494;3497;3503;3510;3512;3514;3515;3517;3521;3524;3527;3528;3534;3547;3548;3551;3555;3557;3565;3568,332.959300249815
0.5,Leukemia,3,0.0158071128535424,0.9866666666666667,931,3571,2;3;6;16;21;22;29;30;31;34;38;39;46;47;57;60;61;64;65;66;70;77;78;81;91;92;94;95;96;98;101;102;104;107;113;116;117;119;120;123;125;126;129;132;139;143;148;150;151;155;156;161;165;166;168;171;174;180;181;182;183;185;194;200;202;204;212;216;218;221;222;223;229;235;237;241;245;247;248;253;254;255;275;279;288;292;293;294;295;302;303;309;319;321;329;330;338;345;354;357;366;369;372;376;379;385;396;397;402;423;426;431;434;435;437;438;442;448;450;453;455;461;463;465;466;467;475;478;485;486;493;495;509;511;516;521;527;528;533;543;544;545;549;550;551;560;562;565;568;572;589;592;593;595;596;607;611;617;620;621;623;625;629;632;641;651;654;659;664;668;671;673;680;682;686;696;698;702;705;707;711;714;721;723;733;734;737;741;745;746;749;750;751;753;754;756;757;762;766;773;774;776;777;782;784;785;791;796;800;804;808;810;811;829;831;835;837;838;840;842;854;857;871;873;878;879;887;905;914;916;926;928;931;932;934;935;940;942;944;949;950;953;955;961;974;978;984;985;989;991;1003;1013;1014;1018;1023;1025;1026;1027;1035;1048;1049;1056;1063;1069;1071;1075;1078;1080;1082;1083;1091;1092;1096;1104;1106;1108;1109;1111;1112;1116;1119;1129;1130;1136;1139;1143;1147;1148;1150;1156;1159;1164;1168;1170;1171;1172;1174;1181;1184;1189;1191;1197;1201;1204;1209;1212;1213;1218;1223;1225;1228;1236;1241;1246;1249;1252;1265;1267;1276;1279;1282;1292;1293;1297;1299;1304;1305;1308;1311;1313;1315;1316;1326;1327;1331;1333;1340;1346;1347;1351;1353;1354;1363;1364;1369;1376;1377;1378;1384;1385;1388;1409;1418;1419;1422;1426;1427;1433;1434;1436;1437;1439;1441;1442;1444;1451;1455;1456;1458;1462;1466;1474;1476;1480;1482;1483;1489;1491;1495;1496;1500;1502;1504;1508;1516;1517;1522;1525;1531;1533;1535;1540;1543;1549;1551;1554;1555;1565;1572;1573;1574;1577;1581;1586;1592;1594;1595;1596;1599;1600;1602;1628;1634;1644;1645;1651;1652;1656;1658;1661;1662;1666;1670;1681;1686;1687;1695;1701;1704;1705;1709;1713;1716;1717;1718;1722;1724;1725;1726;1732;1733;1736;1740;1742;1743;1748;1759;1764;1765;1771;1773;1780;1782;1784;1785;1788;1792;1796;1798;1802;1807;1808;1813;1817;1822;1825;1827;1829;1832;1835;1838;1846;1861;1866;1873;1878;1879;1882;1884;1885;1888;1889;1890;1893;1896;1904;1909;1910;1912;1916;1929;1931;1939;1940;1944;1953;1955;1956;1960;1969;1973;1974;1975;1981;1987;1988;1996;1997;1998;2004;2010;2016;2021;2024;2027;2033;2038;2041;2043;2052;2053;2066;2079;2086;2088;2089;2090;2092;2095;2100;2102;2103;2104;2108;2112;2115;2117;2119;2120;2130;2135;2136;2138;2140;2143;2146;2150;2151;2152;2157;2162;2163;2164;2170;2173;2174;2178;2179;2183;2189;2193;2205;2207;2214;2216;2227;2231;2245;2255;2267;2268;2273;2274;2287;2310;2312;2325;2328;2332;2339;2342;2343;2345;2351;2352;2357;2359;2363;2368;2369;2375;2377;2387;2391;2392;2397;2403;2409;2410;2411;2417;2420;2421;2423;2424;2425;2435;2436;2437;2442;2446;2448;2453;2455;2456;2457;2459;2460;2461;2465;2468;2469;2470;2471;2476;2480;2484;2485;2487;2490;2492;2493;2497;2505;2506;2509;2513;2515;2519;2522;2531;2532;2533;2535;2540;2546;2547;2548;2552;2554;2558;2559;2562;2564;2568;2576;2583;2584;2587;2591;2597;2599;2607;2613;2615;2616;2618;2619;2620;2625;2629;2637;2640;2645;2653;2654;2659;2661;2665;2667;2676;2679;2684;2685;2688;2689;2690;2692;2696;2697;2700;2702;2703;2704;2705;2712;2714;2718;2722;2726;2727;2732;2733;2738;2742;2743;2751;2754;2757;2761;2768;2778;2783;2791;2801;2815;2822;2829;2831;2837;2842;2843;2846;2847;2857;2860;2864;2866;2868;2872;2873;2874;2881;2882;2887;2890;2900;2902;2908;2909;2910;2914;2915;2916;2917;2923;2924;2932;2939;2943;2944;2946;2953;2954;2956;2957;2958;2964;2977;2980;2981;2982;2991;2995;2996;2998;3001;3002;3003;3004;3011;3014;3017;3018;3019;3022;3026;3030;3034;3037;3038;3043;3044;3045;3046;3050;3051;3058;3066;3067;3070;3071;3075;3076;3077;3079;3080;3082;3091;3095;3100;3107;3116;3117;3124;3126;3129;3140;3153;3159;3160;3162;3171;3189;3192;3199;3200;3201;3202;3206;3212;3226;3229;3235;3246;3247;3253;3255;3256;3258;3268;3272;3279;3280;3284;3285;3286;3289;3290;3293;3297;3299;3300;3301;3302;3311;3312;3315;3325;3326;3329;3330;3334;3335;3336;3339;3344;3348;3350;3352;3353;3354;3357;3358;3360;3363;3364;3368;3371;3373;3375;3380;3381;3398;3403;3405;3407;3408;3409;3416;3417;3420;3421;3422;3424;3430;3431;3434;3440;3442;3444;3448;3450;3451;3452;3463;3466;3467;3471;3472;3474;3476;3477;3481;3487;3492;3494;3496;3499;3500;3502;3503;3510;3512;3520;3521;3525;3527;3528;3529;3535;3542;3543;3551;3553;3557;3560;3563;3565;3566;3568,333.5949092092924
0.5,Leukemia,4,0.016679961595391396,0.9857142857142858,906,3571,0;3;4;10;14;24;25;26;32;35;40;41;53;54;62;68;73;74;75;78;85;87;88;89;93;96;97;109;111;119;121;128;130;131;132;135;138;139;141;144;153;154;159;160;161;162;163;174;175;177;178;179;180;186;188;196;200;201;212;217;218;219;220;221;224;227;230;232;235;237;238;244;248;249;250;251;257;258;264;266;272;273;287;288;293;294;295;302;311;320;323;327;332;336;337;339;342;348;349;362;364;365;367;373;379;382;390;392;395;400;406;408;413;414;424;430;432;434;435;445;448;459;461;471;472;473;476;477;479;483;490;491;493;494;502;503;504;517;523;528;529;532;536;543;549;550;553;556;558;559;565;570;572;573;580;582;584;589;590;592;602;603;612;614;617;619;622;624;627;628;633;635;650;651;654;657;669;674;677;682;688;689;693;694;703;705;713;715;721;722;724;725;726;737;738;749;751;754;756;757;763;764;768;770;775;779;782;784;786;787;794;797;798;808;819;828;837;841;845;850;851;854;865;870;873;878;879;884;888;896;899;900;904;905;907;909;910;917;922;927;934;950;954;955;956;957;961;963;968;978;979;985;989;991;995;1000;1001;1003;1013;1021;1022;1023;1024;1029;1031;1033;1041;1044;1047;1051;1052;1063;1073;1075;1092;1101;1103;1108;1113;1115;1124;1125;1126;1134;1139;1142;1144;1145;1146;1150;1155;1159;1160;1161;1163;1166;1169;1170;1181;1182;1188;1189;1195;1198;1203;1206;1208;1210;1211;1215;1218;1223;1226;1233;1234;1240;1254;1255;1261;1266;1270;1283;1285;1289;1290;1291;1296;1298;1304;1306;1314;1316;1320;1321;1330;1337;1341;1342;1343;1346;1348;1353;1358;1370;1380;1383;1384;1385;1387;1390;1391;1395;1401;1404;1408;1409;1411;1418;1420;1423;1426;1432;1437;1439;1442;1451;1457;1462;1465;1469;1470;1472;1473;1477;1480;1495;1496;1501;1504;1528;1530;1532;1533;1537;1542;1543;1551;1553;1555;1556;1558;1562;1572;1573;1580;1588;1589;1595;1598;1601;1603;1604;1605;1606;1607;1608;1609;1614;1622;1623;1628;1630;1632;1633;1635;1647;1650;1653;1654;1657;1662;1663;1666;1667;1668;1678;1679;1683;1693;1705;1708;1710;1711;1713;1720;1725;1730;1731;1738;1739;1741;1746;1748;1750;1751;1767;1771;1782;1787;1790;1794;1796;1802;1804;1805;1808;1813;1819;1822;1825;1829;1831;1832;1836;1839;1841;1843;1849;1862;1867;1875;1880;1883;1889;1898;1904;1906;1908;1913;1916;1917;1923;1930;1934;1935;1938;1944;1949;1955;1959;1962;1970;1974;1975;1981;1983;1986;1987;1989;2002;2005;2010;2013;2014;2017;2019;2021;2023;2024;2027;2030;2031;2033;2034;2035;2037;2039;2044;2045;2047;2050;2051;2058;2062;2063;2064;2071;2072;2073;2092;2093;2097;2099;2101;2102;2104;2106;2110;2113;2116;2118;2122;2127;2139;2140;2141;2143;2144;2148;2149;2151;2153;2164;2166;2168;2170;2172;2176;2181;2184;2189;2194;2195;2199;2201;2202;2205;2214;2219;2227;2231;2235;2239;2242;2244;2246;2254;2255;2258;2267;2269;2270;2272;2275;2276;2281;2283;2284;2286;2287;2289;2295;2296;2299;2300;2307;2317;2330;2337;2338;2342;2343;2345;2347;2357;2360;2364;2376;2377;2378;2382;2386;2391;2393;2396;2397;2405;2410;2411;2413;2415;2417;2433;2437;2439;2442;2445;2446;2447;2448;2452;2454;2457;2458;2461;2476;2480;2486;2491;2496;2498;2502;2506;2507;2517;2519;2524;2526;2527;2530;2531;2538;2539;2543;2545;2548;2550;2551;2553;2556;2565;2574;2578;2581;2586;2587;2588;2589;2590;2591;2593;2594;2606;2609;2610;2611;2622;2623;2646;2651;2661;2665;2672;2675;2677;2679;2680;2686;2687;2691;2693;2698;2699;2703;2705;2708;2712;2713;2718;2719;2720;2722;2723;2726;2731;2732;2734;2736;2738;2741;2760;2762;2769;2773;2778;2779;2781;2782;2783;2784;2785;2794;2798;2799;2803;2806;2807;2810;2812;2822;2826;2830;2831;2835;2841;2843;2851;2852;2855;2862;2865;2867;2868;2869;2870;2872;2877;2881;2883;2887;2888;2896;2898;2903;2905;2911;2912;2921;2924;2927;2932;2933;2948;2951;2953;2960;2963;2970;2971;2973;2978;2987;2992;2998;3002;3005;3006;3008;3012;3014;3017;3019;3026;3028;3029;3039;3040;3041;3044;3046;3049;3052;3056;3063;3069;3075;3076;3084;3085;3089;3099;3100;3102;3103;3107;3110;3114;3118;3119;3127;3132;3134;3139;3141;3143;3146;3148;3152;3153;3157;3163;3169;3176;3182;3185;3193;3199;3200;3202;3204;3220;3231;3233;3252;3255;3261;3268;3282;3287;3291;3297;3306;3307;3316;3322;3323;3331;3335;3336;3339;3340;3343;3344;3346;3350;3359;3362;3365;3373;3374;3377;3378;3381;3392;3393;3396;3398;3409;3412;3414;3416;3418;3419;3428;3429;3430;3439;3444;3448;3450;3451;3458;3463;3473;3476;3479;3491;3493;3495;3499;3502;3505;3508;3516;3525;3526;3531;3532;3535;3540;3544;3548;3552;3557;3560;3562,336.71973954187706
0.5,Leukemia,5,0.015790310837300453,0.9866666666666667,925,3571,0;1;13;17;23;25;30;37;43;46;47;60;64;65;72;81;87;89;90;94;97;99;103;104;113;115;138;141;144;148;150;160;162;163;174;177;180;183;184;192;200;207;209;215;216;218;222;223;224;229;233;235;238;239;240;241;244;245;246;249;251;252;253;259;261;266;269;273;274;278;280;287;288;290;293;298;307;308;309;313;316;326;350;353;356;361;368;369;376;382;383;400;406;410;412;417;418;424;437;438;440;445;449;451;455;458;463;464;469;473;474;476;480;489;497;499;501;508;509;510;511;515;519;521;525;527;534;537;538;543;549;567;571;580;588;591;592;593;595;600;601;605;608;609;613;614;615;623;626;630;632;634;636;654;655;659;663;665;667;671;675;679;680;681;685;691;698;700;705;706;710;712;715;716;717;731;737;749;752;761;762;763;768;773;774;775;783;787;792;795;797;800;804;805;817;819;821;824;827;828;830;836;842;843;844;848;854;864;865;867;871;873;875;877;885;891;898;899;901;906;907;912;913;919;920;921;928;938;945;946;948;950;951;955;959;960;962;965;972;974;977;978;985;989;991;1003;1009;1011;1012;1014;1027;1028;1030;1033;1050;1053;1055;1058;1060;1063;1064;1066;1067;1071;1074;1076;1080;1093;1094;1095;1098;1100;1103;1105;1111;1114;1118;1121;1123;1125;1128;1132;1134;1136;1143;1144;1145;1157;1159;1160;1161;1162;1171;1175;1176;1179;1181;1184;1188;1189;1197;1199;1205;1207;1208;1209;1213;1219;1220;1235;1236;1239;1240;1249;1254;1259;1260;1263;1265;1268;1270;1278;1279;1282;1284;1285;1286;1291;1294;1297;1304;1307;1312;1316;1317;1320;1321;1326;1329;1330;1331;1334;1336;1338;1341;1346;1347;1349;1350;1353;1357;1358;1367;1368;1369;1371;1372;1375;1379;1383;1384;1387;1392;1396;1397;1406;1408;1409;1415;1418;1422;1423;1436;1443;1447;1451;1453;1458;1481;1482;1484;1492;1493;1496;1498;1500;1504;1508;1509;1510;1511;1517;1521;1522;1530;1532;1533;1534;1537;1550;1552;1565;1581;1583;1584;1596;1597;1600;1601;1613;1615;1616;1619;1622;1629;1638;1644;1645;1647;1650;1651;1652;1654;1655;1657;1665;1681;1694;1703;1714;1715;1717;1722;1726;1736;1737;1738;1739;1740;1744;1745;1748;1754;1756;1760;1761;1762;1766;1769;1771;1776;1780;1781;1793;1798;1799;1804;1808;1810;1812;1814;1815;1819;1824;1825;1828;1831;1832;1842;1847;1859;1868;1870;1871;1872;1880;1884;1890;1891;1893;1894;1896;1898;1899;1908;1909;1910;1916;1917;1925;1926;1928;1931;1942;1943;1947;1952;1953;1954;1962;1964;1965;1969;1972;1974;1981;1982;1990;1991;1992;1995;1996;2000;2003;2006;2011;2014;2015;2017;2021;2025;2026;2030;2035;2036;2039;2041;2043;2044;2053;2054;2059;2061;2063;2064;2065;2068;2080;2090;2095;2103;2106;2108;2109;2119;2123;2124;2128;2134;2135;2151;2154;2162;2163;2165;2166;2167;2170;2172;2180;2187;2190;2196;2204;2208;2212;2213;2215;2218;2219;2225;2230;2234;2238;2241;2245;2248;2252;2254;2255;2257;2258;2259;2260;2265;2266;2268;2270;2272;2274;2276;2281;2284;2285;2286;2287;2289;2290;2296;2297;2300;2303;2310;2312;2315;2319;2325;2326;2327;2335;2339;2348;2352;2357;2359;2360;2367;2369;2370;2371;2373;2374;2375;2382;2383;2384;2386;2396;2397;2398;2400;2401;2403;2408;2411;2413;2420;2421;2422;2431;2433;2442;2445;2446;2452;2453;2454;2466;2483;2486;2489;2490;2492;2496;2498;2505;2507;2513;2514;2516;2519;2520;2521;2523;2524;2532;2533;2534;2536;2545;2549;2550;2551;2553;2564;2566;2567;2571;2578;2582;2588;2589;2594;2595;2596;2599;2604;2609;2616;2617;2625;2627;2635;2636;2638;2640;2643;2649;2650;2663;2668;2669;2671;2675;2680;2686;2690;2695;2700;2709;2712;2723;2732;2737;2739;2740;2742;2745;2748;2749;2756;2759;2765;2767;2770;2771;2773;2775;2783;2784;2793;2796;2804;2807;2809;2810;2811;2814;2817;2820;2822;2826;2832;2834;2836;2846;2850;2853;2858;2864;2865;2873;2882;2890;2892;2907;2912;2917;2922;2923;2925;2935;2937;2939;2945;2948;2952;2956;2961;2962;2973;2977;2980;2995;3000;3003;3005;3006;3011;3022;3025;3031;3034;3036;3039;3040;3043;3047;3052;3053;3055;3058;3061;3063;3073;3075;3079;3084;3088;3091;3096;3097;3100;3101;3110;3121;3126;3129;3130;3132;3134;3136;3138;3142;3143;3146;3149;3156;3158;3159;3160;3162;3166;3177;3191;3197;3198;3202;3204;3205;3207;3208;3209;3212;3214;3215;3217;3221;3223;3228;3231;3237;3238;3241;3242;3243;3247;3257;3259;3262;3265;3270;3273;3275;3283;3288;3290;3291;3295;3296;3299;3303;3313;3315;3319;3321;3325;3335;3337;3344;3350;3365;3366;3377;3383;3386;3388;3393;3394;3398;3401;3414;3415;3417;3421;3427;3431;3440;3447;3449;3450;3455;3456;3465;3466;3472;3473;3475;3477;3480;3483;3484;3487;3493;3495;3496;3497;3501;3510;3513;3514;3522;3526;3533;3534;3535;3537;3539;3542;3545;3546;3554;3561;3562;3569,337.33228425029665
0.5,Leukemia,6,0.015826715205824675,0.9866666666666667,938,3571,0;2;4;8;16;25;30;31;32;40;44;46;59;60;62;69;72;74;75;77;78;83;88;92;93;95;98;100;102;105;112;113;114;125;132;143;144;159;169;174;175;182;183;184;186;190;191;192;194;199;207;226;229;236;240;243;244;248;249;252;256;257;264;265;266;273;277;281;294;296;298;299;306;317;319;323;324;326;327;328;330;332;333;340;344;349;352;356;357;359;362;363;365;367;368;371;373;374;380;389;390;391;393;395;396;410;411;412;414;417;421;429;433;435;437;441;448;449;451;452;453;460;461;470;471;474;476;477;479;483;486;489;492;498;499;507;510;514;515;518;523;524;525;526;530;537;547;550;566;571;575;584;586;588;591;594;595;596;597;598;599;606;607;611;612;613;616;618;622;625;629;636;639;640;642;644;648;651;653;654;656;658;670;671;677;680;700;707;708;709;711;716;719;722;723;724;726;731;739;746;748;750;762;772;774;783;787;789;790;793;795;804;805;807;810;811;817;825;826;830;834;841;842;844;846;848;853;854;859;866;873;874;876;877;878;879;881;886;887;888;891;892;897;899;910;917;918;919;922;923;927;938;950;951;953;955;963;965;975;980;984;993;998;1003;1017;1018;1023;1025;1031;1033;1036;1037;1040;1044;1053;1062;1066;1073;1075;1077;1078;1083;1091;1095;1096;1101;1103;1105;1106;1111;1112;1117;1120;1127;1128;1133;1134;1136;1137;1139;1143;1148;1154;1160;1164;1166;1168;1186;1195;1203;1218;1222;1223;1225;1233;1234;1235;1245;1247;1261;1269;1271;1275;1287;1292;1295;1300;1307;1315;1318;1326;1333;1334;1338;1342;1343;1348;1349;1351;1353;1356;1357;1362;1366;1371;1376;1377;1384;1392;1396;1404;1409;1414;1420;1421;1422;1427;1432;1440;1442;1449;1450;1451;1452;1459;1485;1486;1487;1497;1501;1505;1507;1509;1513;1518;1522;1523;1524;1527;1529;1532;1533;1534;1538;1544;1547;1548;1549;1554;1555;1556;1557;1560;1561;1564;1570;1571;1579;1582;1584;1586;1587;1589;1590;1592;1594;1598;1602;1604;1607;1610;1613;1615;1624;1625;1634;1636;1642;1644;1652;1655;1657;1658;1660;1661;1669;1674;1676;1678;1681;1682;1683;1688;1690;1693;1699;1703;1714;1715;1719;1722;1724;1731;1732;1735;1736;1745;1747;1749;1750;1752;1755;1756;1757;1759;1769;1772;1773;1776;1778;1784;1788;1791;1797;1804;1807;1808;1811;1812;1815;1817;1826;1828;1829;1832;1839;1845;1849;1855;1856;1860;1865;1868;1873;1878;1883;1884;1889;1892;1899;1901;1904;1921;1922;1928;1930;1932;1947;1949;1950;1951;1952;1956;1962;1965;1966;1968;1969;1975;1977;1981;1982;1984;1989;1991;1992;1994;2000;2004;2007;2018;2019;2036;2038;2051;2053;2054;2061;2063;2072;2076;2077;2079;2081;2085;2089;2090;2091;2094;2096;2100;2104;2106;2111;2117;2118;2119;2122;2124;2125;2135;2139;2142;2144;2145;2146;2149;2154;2166;2167;2170;2171;2172;2178;2180;2182;2192;2195;2198;2200;2201;2204;2208;2212;2214;2224;2226;2228;2237;2242;2246;2250;2251;2256;2257;2258;2264;2275;2281;2284;2286;2288;2291;2297;2299;2302;2303;2306;2307;2310;2311;2312;2315;2318;2321;2323;2326;2333;2336;2338;2339;2340;2344;2347;2350;2352;2360;2362;2365;2370;2372;2376;2379;2386;2391;2393;2394;2396;2398;2399;2406;2407;2408;2411;2414;2415;2418;2419;2423;2429;2432;2437;2448;2452;2455;2458;2460;2471;2475;2476;2478;2480;2481;2483;2484;2489;2490;2492;2494;2501;2505;2509;2510;2516;2520;2521;2522;2526;2533;2534;2541;2545;2546;2549;2559;2562;2570;2571;2575;2582;2584;2587;2588;2591;2594;2595;2599;2601;2603;2606;2607;2609;2611;2623;2638;2639;2646;2658;2681;2686;2693;2695;2697;2704;2711;2716;2719;2721;2725;2727;2729;2741;2748;2752;2754;2755;2758;2759;2761;2766;2768;2770;2776;2778;2779;2781;2787;2789;2793;2799;2802;2803;2809;2810;2814;2815;2822;2826;2829;2831;2835;2836;2841;2847;2850;2855;2859;2863;2874;2877;2878;2879;2880;2881;2883;2894;2902;2904;2911;2912;2914;2915;2917;2920;2922;2923;2929;2931;2932;2934;2937;2938;2942;2943;2944;2949;2953;2962;2979;3014;3015;3018;3020;3022;3024;3027;3029;3030;3032;3037;3042;3043;3046;3049;3056;3057;3061;3062;3063;3071;3072;3074;3076;3080;3081;3084;3087;3088;3093;3094;3095;3102;3103;3106;3107;3108;3113;3123;3125;3126;3127;3129;3131;3134;3137;3139;3140;3144;3145;3147;3157;3162;3167;3169;3174;3182;3189;3191;3192;3208;3209;3213;3215;3219;3220;3222;3229;3230;3231;3237;3239;3247;3250;3251;3260;3271;3274;3275;3278;3284;3287;3294;3303;3308;3315;3319;3320;3321;3322;3323;3325;3326;3331;3334;3335;3339;3350;3353;3354;3356;3357;3358;3364;3367;3368;3373;3377;3378;3380;3381;3385;3389;3396;3399;3402;3406;3408;3410;3413;3416;3418;3422;3431;3433;3437;3440;3447;3449;3453;3454;3455;3457;3461;3462;3463;3464;3474;3476;3477;3482;3487;3488;3496;3501;3502;3512;3525;3527;3535;3538;3539;3548;3553;3559;3563;3564;3569;3570,335.3016392090358
0.5,Leukemia,7,0.016833980077609265,0.9857142857142858,961,3571,3;7;9;12;15;17;24;30;31;35;39;40;51;58;67;68;70;75;77;79;94;96;97;99;101;106;108;112;118;126;131;133;135;139;140;143;144;147;149;157;158;159;163;165;166;175;177;178;180;183;187;189;202;203;210;211;212;221;230;233;234;235;236;240;243;247;250;260;267;270;274;275;276;277;288;290;292;297;302;314;316;321;322;325;326;332;333;334;335;337;342;346;352;358;359;360;366;371;378;379;381;383;384;387;390;401;406;413;416;422;423;427;432;434;435;436;444;447;448;451;452;455;457;458;461;465;466;475;481;484;486;487;488;489;493;499;502;506;508;510;513;530;531;547;551;553;556;562;565;566;570;571;573;579;582;584;592;596;600;603;609;613;614;616;617;619;620;623;625;628;632;633;638;642;645;650;653;656;659;670;671;673;675;676;681;683;684;703;704;710;714;715;718;719;726;733;737;739;742;744;748;749;750;752;753;754;757;760;772;773;776;781;782;785;789;791;794;800;805;807;811;812;818;821;826;831;835;837;838;844;850;852;861;862;864;866;867;879;881;891;893;895;901;902;903;904;905;909;911;912;923;930;934;938;947;953;955;959;969;972;984;989;999;1000;1001;1003;1004;1008;1012;1014;1030;1032;1036;1037;1042;1045;1046;1047;1052;1055;1068;1073;1082;1085;1089;1092;1094;1100;1104;1105;1108;1111;1116;1118;1122;1129;1132;1136;1137;1138;1147;1155;1164;1170;1171;1172;1173;1177;1178;1182;1183;1185;1191;1194;1196;1201;1203;1205;1212;1215;1216;1218;1221;1223;1224;1231;1233;1238;1239;1240;1246;1251;1261;1263;1270;1275;1276;1280;1281;1283;1289;1292;1294;1296;1297;1298;1304;1312;1315;1316;1318;1323;1326;1329;1332;1333;1334;1336;1337;1342;1345;1347;1350;1352;1354;1357;1374;1375;1388;1390;1392;1402;1414;1416;1417;1423;1425;1434;1437;1439;1444;1445;1446;1451;1452;1455;1458;1461;1462;1471;1473;1474;1477;1479;1480;1481;1482;1484;1488;1489;1493;1495;1500;1515;1517;1518;1520;1522;1533;1539;1545;1555;1559;1561;1562;1563;1573;1581;1583;1586;1587;1594;1605;1606;1609;1613;1617;1621;1623;1629;1631;1640;1647;1649;1651;1653;1655;1656;1659;1662;1666;1669;1675;1680;1683;1687;1695;1696;1700;1701;1703;1704;1705;1716;1718;1722;1742;1744;1746;1750;1754;1757;1761;1779;1780;1784;1785;1792;1797;1799;1801;1803;1804;1814;1821;1828;1831;1837;1838;1840;1845;1849;1857;1863;1864;1870;1884;1886;1896;1897;1900;1901;1903;1905;1921;1936;1945;1948;1949;1950;1952;1960;1961;1967;1971;1972;1977;1979;1983;1991;1994;1999;2003;2008;2011;2017;2019;2031;2034;2038;2040;2041;2051;2054;2055;2059;2063;2064;2065;2066;2067;2072;2074;2077;2082;2084;2089;2092;2097;2098;2104;2109;2113;2128;2129;2130;2132;2133;2142;2148;2154;2164;2165;2176;2177;2178;2183;2186;2187;2191;2197;2201;2203;2204;2205;2209;2210;2217;2220;2224;2225;2228;2230;2235;2237;2242;2249;2253;2259;2262;2265;2266;2270;2280;2282;2284;2285;2287;2294;2298;2303;2306;2308;2309;2311;2319;2320;2321;2322;2323;2325;2326;2328;2331;2336;2340;2341;2342;2344;2348;2352;2356;2358;2361;2362;2367;2371;2372;2374;2379;2385;2386;2390;2394;2395;2403;2412;2420;2421;2422;2425;2427;2434;2441;2442;2443;2464;2465;2473;2475;2478;2479;2486;2489;2490;2491;2499;2500;2502;2506;2509;2510;2511;2512;2513;2517;2520;2521;2522;2529;2539;2543;2545;2546;2547;2550;2551;2554;2558;2561;2568;2570;2571;2572;2577;2579;2591;2596;2601;2604;2614;2615;2619;2623;2626;2627;2632;2634;2636;2638;2640;2641;2643;2645;2655;2657;2663;2668;2673;2674;2675;2677;2679;2681;2682;2683;2684;2690;2693;2695;2696;2700;2703;2707;2708;2709;2711;2714;2715;2723;2735;2738;2739;2744;2745;2746;2759;2764;2765;2768;2777;2780;2782;2785;2786;2789;2798;2800;2803;2804;2810;2813;2817;2819;2823;2824;2825;2829;2832;2833;2836;2839;2842;2851;2852;2858;2860;2862;2863;2865;2866;2868;2869;2871;2873;2876;2878;2881;2883;2885;2888;2891;2896;2899;2900;2903;2906;2909;2910;2911;2920;2921;2924;2927;2931;2932;2934;2935;2939;2949;2950;2952;2956;2957;2958;2963;2964;2968;2970;2978;2979;2987;2993;2996;3001;3007;3008;3010;3011;3014;3020;3021;3031;3032;3036;3037;3042;3043;3045;3048;3054;3058;3059;3061;3066;3068;3078;3085;3088;3091;3102;3103;3104;3106;3108;3112;3116;3125;3127;3129;3135;3137;3139;3140;3143;3144;3148;3152;3158;3160;3161;3164;3166;3167;3181;3182;3184;3190;3192;3196;3202;3203;3208;3215;3218;3224;3225;3231;3235;3236;3239;3240;3243;3246;3250;3251;3260;3264;3266;3270;3280;3283;3286;3289;3291;3292;3295;3296;3299;3310;3311;3314;3319;3322;3325;3340;3341;3346;3347;3350;3353;3357;3362;3363;3366;3369;3370;3372;3374;3376;3382;3383;3386;3390;3391;3398;3404;3405;3413;3421;3422;3423;3424;3430;3433;3435;3436;3440;3447;3453;3458;3459;3466;3468;3471;3475;3476;3480;3488;3489;3494;3496;3497;3498;3501;3512;3514;3515;3516;3523;3528;3530;3536;3540;3545;3546;3557;3561;3565;3566;3567,337.65431145811453
0.5,Leukemia,8,0.015930327639316694,0.9866666666666667,975,3571,5;10;12;20;21;23;32;35;40;46;58;67;68;69;70;71;73;76;84;86;91;95;96;99;101;111;113;118;119;129;130;132;134;136;138;141;151;153;155;164;165;167;169;170;171;172;177;184;187;188;189;198;200;203;205;211;213;214;216;219;227;228;233;234;235;241;242;246;248;257;262;264;268;278;280;285;286;288;289;293;302;306;312;314;318;319;326;327;328;332;335;344;345;346;353;354;355;356;366;368;374;375;376;382;383;384;385;389;393;395;398;405;407;409;412;420;426;428;433;434;435;436;443;449;450;451;452;453;457;461;465;481;482;486;489;490;493;495;496;498;500;501;502;504;505;518;520;525;530;531;532;536;537;541;544;558;564;565;570;575;578;582;587;589;591;592;594;602;606;614;617;619;620;626;627;634;637;640;647;650;665;672;673;675;679;681;683;684;686;707;711;713;716;717;718;719;720;727;729;737;739;742;749;753;755;756;760;761;765;769;770;773;775;788;792;793;796;803;808;810;814;816;819;825;828;831;834;836;842;845;846;850;855;856;859;860;864;865;870;873;880;884;885;888;890;899;906;916;917;918;921;926;932;934;936;937;941;950;954;955;958;959;962;966;974;978;982;983;985;986;989;995;997;1000;1003;1004;1005;1007;1013;1015;1023;1027;1030;1036;1039;1046;1052;1054;1056;1062;1064;1068;1075;1078;1080;1082;1101;1104;1108;1109;1113;1114;1116;1123;1127;1134;1139;1145;1148;1149;1155;1157;1167;1176;1177;1178;1181;1189;1197;1202;1203;1204;1209;1212;1216;1218;1219;1221;1227;1231;1239;1240;1242;1245;1251;1256;1261;1266;1268;1271;1272;1275;1282;1296;1302;1304;1307;1309;1310;1311;1316;1324;1331;1333;1334;1340;1343;1345;1351;1353;1359;1360;1364;1376;1377;1380;1383;1388;1391;1392;1397;1398;1400;1401;1403;1404;1408;1410;1411;1413;1414;1417;1419;1420;1423;1424;1427;1432;1435;1443;1451;1452;1455;1457;1458;1463;1469;1472;1474;1479;1480;1482;1484;1485;1487;1495;1505;1508;1510;1515;1530;1533;1540;1541;1546;1551;1552;1553;1559;1568;1569;1573;1581;1583;1586;1592;1596;1599;1607;1611;1618;1619;1620;1622;1627;1631;1633;1634;1635;1646;1651;1656;1664;1668;1672;1676;1679;1681;1682;1686;1688;1689;1690;1698;1700;1702;1703;1704;1707;1714;1720;1722;1726;1729;1730;1733;1738;1740;1741;1746;1747;1748;1749;1752;1758;1759;1760;1762;1764;1765;1767;1772;1775;1777;1779;1781;1788;1791;1795;1796;1799;1804;1805;1806;1819;1824;1825;1826;1838;1841;1848;1849;1857;1859;1863;1868;1870;1890;1892;1895;1896;1898;1899;1900;1905;1907;1909;1912;1919;1929;1931;1935;1939;1940;1945;1946;1947;1959;1964;1967;1969;1974;1975;1978;1979;1980;1984;1985;1991;1992;1996;1997;1999;2000;2001;2014;2017;2021;2024;2028;2030;2032;2036;2038;2041;2046;2048;2050;2051;2054;2059;2064;2074;2086;2097;2098;2102;2105;2110;2113;2119;2122;2123;2132;2140;2153;2157;2158;2160;2161;2164;2165;2166;2168;2170;2176;2177;2181;2183;2184;2190;2194;2197;2198;2199;2206;2209;2210;2211;2216;2217;2218;2219;2220;2231;2232;2234;2237;2238;2239;2241;2243;2246;2247;2250;2251;2258;2259;2261;2268;2269;2270;2280;2281;2284;2300;2302;2308;2314;2317;2322;2332;2333;2339;2345;2348;2353;2356;2370;2377;2379;2386;2388;2392;2395;2399;2400;2401;2403;2404;2411;2419;2421;2422;2425;2428;2429;2430;2431;2433;2434;2439;2440;2441;2446;2449;2459;2460;2463;2476;2478;2479;2482;2484;2487;2492;2496;2498;2504;2505;2514;2516;2518;2520;2522;2523;2526;2528;2529;2531;2532;2533;2534;2539;2540;2541;2542;2544;2550;2561;2562;2563;2570;2575;2581;2584;2591;2595;2600;2601;2609;2612;2616;2619;2623;2629;2631;2638;2644;2646;2648;2651;2652;2654;2655;2659;2661;2668;2674;2675;2682;2688;2689;2696;2699;2704;2706;2707;2713;2721;2733;2737;2739;2741;2746;2748;2749;2752;2760;2761;2762;2764;2765;2769;2772;2786;2788;2793;2798;2799;2801;2803;2807;2808;2814;2824;2825;2826;2837;2838;2845;2850;2861;2866;2867;2868;2872;2877;2878;2879;2881;2896;2897;2908;2910;2912;2914;2919;2922;2930;2931;2933;2938;2944;2952;2956;2957;2966;2967;2968;2971;2973;2978;2979;2983;2986;2989;2991;2997;2998;2999;3002;3013;3014;3016;3018;3020;3022;3023;3025;3033;3035;3037;3039;3042;3045;3049;3051;3052;3053;3055;3058;3060;3065;3076;3078;3086;3092;3095;3098;3101;3102;3106;3109;3117;3119;3124;3125;3129;3131;3132;3137;3138;3139;3140;3142;3144;3145;3148;3149;3151;3152;3154;3159;3160;3161;3164;3169;3171;3172;3173;3182;3188;3189;3195;3200;3202;3205;3213;3214;3215;3217;3222;3228;3229;3232;3235;3239;3241;3244;3245;3246;3248;3251;3252;3253;3254;3255;3267;3268;3270;3271;3272;3273;3282;3284;3285;3286;3289;3298;3299;3304;3307;3314;3316;3327;3332;3333;3335;3339;3343;3345;3347;3348;3350;3354;3358;3361;3366;3369;3370;3374;3382;3387;3398;3407;3409;3415;3417;3419;3423;3424;3428;3429;3431;3436;3444;3452;3453;3454;3455;3462;3465;3468;3470;3473;3474;3481;3496;3501;3502;3508;3509;3512;3518;3521;3523;3524;3538;3548;3549;3550;3565;3566;3570,335.7933858339675
0.5,Leukemia,10,0.015891122934752144,0.9866666666666667,961,3571,1;2;3;5;11;13;14;18;24;26;27;28;35;38;42;48;49;51;52;53;60;62;66;69;70;76;80;81;85;87;88;89;91;98;99;106;111;115;116;119;123;126;128;135;136;146;148;157;159;160;165;170;174;176;177;186;191;192;196;202;203;205;207;209;218;223;225;226;239;241;254;256;257;259;266;272;273;276;278;279;282;286;287;289;290;292;293;300;301;304;319;323;331;337;338;347;350;355;356;357;358;361;364;365;372;376;377;378;384;387;388;389;392;394;396;397;399;404;410;411;415;419;423;426;430;431;434;436;438;441;443;451;457;458;459;461;465;466;469;470;477;479;481;490;495;496;501;506;512;513;514;516;523;526;538;540;542;546;547;550;565;572;577;583;584;585;588;594;596;597;601;603;604;610;616;617;619;622;628;632;633;634;635;636;657;659;660;664;684;692;697;698;699;700;703;705;706;712;713;717;720;730;735;737;738;741;742;746;755;757;762;763;767;770;777;782;785;789;798;804;807;813;816;817;827;828;829;833;835;838;839;842;843;847;850;859;863;868;870;877;881;882;893;896;905;906;910;912;914;917;920;922;943;945;946;947;949;951;953;955;958;960;962;964;973;977;978;997;999;1000;1003;1006;1007;1009;1013;1020;1021;1023;1029;1030;1038;1045;1048;1049;1052;1054;1055;1058;1079;1080;1083;1093;1103;1105;1106;1109;1111;1115;1127;1132;1138;1139;1140;1144;1152;1153;1156;1157;1163;1164;1165;1170;1171;1172;1178;1183;1185;1186;1187;1189;1191;1193;1196;1201;1204;1206;1208;1209;1212;1214;1224;1226;1228;1237;1238;1239;1240;1243;1250;1253;1259;1262;1263;1264;1265;1269;1272;1276;1278;1279;1281;1282;1284;1293;1295;1297;1298;1302;1309;1310;1311;1321;1327;1333;1334;1336;1347;1348;1350;1352;1353;1357;1360;1369;1372;1374;1375;1386;1390;1395;1411;1413;1419;1420;1428;1435;1440;1442;1455;1457;1466;1470;1481;1486;1487;1488;1491;1498;1500;1502;1514;1516;1519;1523;1526;1528;1532;1540;1541;1543;1544;1546;1553;1554;1557;1559;1567;1583;1593;1596;1601;1602;1612;1615;1620;1621;1626;1627;1630;1631;1634;1635;1637;1640;1644;1649;1650;1651;1653;1655;1656;1661;1664;1666;1668;1671;1673;1682;1684;1688;1689;1693;1698;1700;1701;1704;1708;1713;1714;1715;1719;1727;1728;1729;1735;1740;1742;1748;1749;1755;1760;1765;1771;1772;1774;1776;1777;1782;1788;1794;1797;1798;1800;1805;1810;1814;1834;1836;1837;1838;1839;1843;1850;1853;1857;1861;1867;1873;1875;1880;1881;1882;1884;1889;1893;1894;1896;1900;1905;1911;1913;1916;1917;1919;1922;1924;1928;1930;1932;1936;1941;1945;1946;1952;1966;1970;1973;1974;1983;1985;1986;1988;1991;1993;1995;2002;2009;2012;2016;2020;2021;2022;2039;2041;2050;2051;2053;2054;2057;2058;2062;2069;2070;2072;2074;2076;2077;2084;2086;2094;2095;2097;2105;2108;2113;2130;2131;2134;2136;2156;2159;2163;2164;2173;2174;2179;2182;2187;2189;2190;2191;2197;2203;2204;2207;2212;2213;2216;2221;2223;2225;2227;2231;2234;2236;2241;2242;2243;2248;2254;2257;2258;2259;2261;2262;2273;2274;2277;2279;2282;2289;2290;2291;2293;2294;2295;2300;2307;2314;2315;2318;2320;2321;2330;2336;2339;2342;2344;2347;2354;2356;2357;2358;2363;2371;2372;2376;2381;2382;2384;2386;2392;2400;2404;2408;2414;2415;2417;2421;2423;2433;2440;2445;2447;2451;2452;2454;2460;2464;2470;2471;2475;2477;2480;2488;2496;2502;2503;2515;2516;2528;2532;2533;2537;2539;2541;2542;2548;2550;2551;2552;2555;2559;2561;2562;2563;2565;2570;2572;2577;2579;2581;2584;2587;2593;2597;2603;2604;2608;2617;2618;2619;2620;2634;2637;2646;2649;2657;2668;2670;2671;2673;2679;2682;2683;2685;2686;2695;2699;2704;2707;2709;2712;2726;2731;2732;2736;2737;2738;2740;2742;2748;2750;2753;2759;2768;2770;2772;2773;2775;2776;2778;2782;2783;2788;2790;2792;2798;2801;2806;2807;2809;2811;2815;2817;2820;2823;2828;2829;2830;2833;2834;2835;2844;2850;2856;2861;2868;2875;2881;2885;2886;2887;2888;2894;2896;2899;2904;2908;2914;2915;2919;2921;2923;2927;2929;2935;2938;2941;2942;2946;2947;2950;2951;2957;2966;2968;2972;2977;2978;2979;2983;2984;2988;2989;2995;3002;3006;3009;3012;3017;3020;3021;3022;3025;3036;3037;3038;3048;3053;3058;3061;3074;3078;3081;3083;3085;3086;3087;3092;3095;3097;3100;3106;3110;3113;3124;3125;3129;3132;3133;3137;3144;3149;3152;3154;3156;3159;3167;3172;3177;3178;3180;3181;3184;3185;3189;3191;3197;3199;3201;3205;3207;3209;3211;3213;3222;3224;3241;3243;3246;3252;3259;3261;3264;3266;3286;3287;3300;3304;3310;3313;3318;3321;3322;3324;3332;3337;3341;3344;3345;3347;3351;3352;3355;3359;3367;3369;3371;3374;3383;3384;3387;3388;3391;3392;3396;3402;3409;3411;3414;3415;3417;3419;3420;3431;3432;3437;3438;3439;3440;3442;3447;3454;3458;3465;3467;3468;3472;3473;3478;3481;3482;3485;3488;3496;3497;3499;3500;3503;3507;3510;3512;3513;3516;3521;3526;3527;3529;3537;3543;3544;3546;3549;3550;3556;3559;3560;3563;3565;3567,337.0556777077727
0.5,Leukemia,9,0.015706300756090707,0.9866666666666667,895,3571,8;12;13;23;24;27;28;31;32;33;35;48;49;54;57;58;61;66;67;68;75;79;84;86;90;91;92;93;98;99;101;107;109;110;113;122;124;127;134;136;138;144;145;146;151;154;156;162;169;172;173;179;188;189;192;197;198;200;205;206;208;213;214;218;219;225;232;234;235;237;238;249;251;263;266;272;274;276;278;283;295;296;297;298;303;304;308;309;314;327;332;334;336;337;339;349;357;384;387;391;397;398;402;405;407;408;410;414;417;425;426;430;433;434;438;439;443;449;459;470;475;478;486;488;491;495;496;497;502;505;508;509;518;519;520;522;535;538;546;548;551;554;561;566;591;593;595;600;607;614;616;618;627;628;629;632;633;636;640;647;649;651;653;654;656;658;661;664;666;667;668;669;671;679;683;692;693;698;699;700;705;707;708;710;711;722;724;729;730;733;738;740;741;751;766;786;795;798;800;803;813;818;825;830;831;840;848;852;859;865;866;868;874;884;886;887;898;901;908;911;912;915;916;918;922;923;925;933;934;936;938;939;941;942;950;958;961;965;968;970;975;976;983;984;987;994;999;1000;1002;1003;1006;1010;1013;1014;1033;1039;1052;1055;1057;1062;1063;1071;1072;1073;1078;1086;1088;1089;1093;1096;1098;1099;1101;1107;1109;1115;1121;1128;1129;1132;1139;1140;1142;1147;1158;1159;1166;1168;1169;1178;1184;1188;1191;1201;1204;1205;1212;1214;1218;1220;1227;1230;1233;1235;1241;1242;1250;1252;1253;1256;1259;1265;1266;1281;1282;1283;1285;1293;1295;1296;1298;1299;1300;1305;1306;1313;1314;1322;1328;1330;1331;1339;1340;1355;1356;1364;1371;1372;1378;1379;1384;1388;1389;1390;1391;1392;1393;1395;1400;1401;1402;1405;1414;1415;1416;1419;1424;1427;1428;1429;1430;1432;1433;1441;1450;1451;1453;1456;1457;1458;1463;1468;1472;1476;1478;1479;1484;1494;1500;1508;1509;1514;1516;1517;1532;1533;1534;1552;1561;1563;1573;1574;1577;1579;1580;1582;1584;1589;1590;1592;1596;1600;1604;1606;1607;1614;1616;1619;1622;1623;1631;1635;1641;1642;1646;1647;1651;1664;1673;1680;1683;1685;1687;1688;1691;1699;1700;1703;1704;1706;1707;1713;1715;1716;1727;1730;1738;1748;1749;1752;1754;1763;1767;1771;1774;1780;1781;1784;1799;1803;1806;1810;1831;1834;1835;1840;1841;1844;1849;1859;1889;1903;1907;1912;1917;1918;1920;1921;1923;1927;1929;1930;1932;1938;1945;1952;1954;1958;1961;1969;1976;1981;1995;1998;2007;2010;2015;2018;2019;2021;2022;2026;2027;2028;2035;2038;2039;2040;2056;2057;2066;2067;2068;2072;2079;2084;2085;2088;2091;2093;2101;2108;2111;2113;2115;2117;2121;2126;2128;2130;2137;2138;2143;2144;2145;2149;2151;2155;2156;2158;2166;2168;2180;2185;2194;2196;2197;2198;2199;2206;2208;2210;2213;2215;2224;2230;2234;2235;2237;2239;2246;2247;2248;2249;2253;2255;2258;2261;2264;2266;2267;2270;2275;2280;2282;2292;2293;2294;2295;2301;2310;2315;2318;2320;2325;2333;2338;2342;2361;2363;2365;2377;2378;2383;2385;2390;2392;2393;2400;2401;2403;2405;2410;2414;2421;2425;2426;2427;2428;2434;2438;2440;2448;2454;2458;2459;2460;2465;2471;2472;2474;2480;2481;2490;2493;2494;2495;2499;2502;2503;2506;2507;2508;2516;2520;2522;2524;2528;2532;2534;2540;2543;2544;2545;2548;2550;2558;2560;2561;2563;2566;2583;2584;2588;2594;2595;2596;2599;2601;2603;2604;2609;2611;2618;2620;2630;2631;2636;2640;2643;2644;2647;2649;2653;2657;2664;2670;2673;2674;2676;2679;2681;2684;2689;2693;2694;2697;2698;2705;2706;2710;2712;2718;2725;2728;2731;2732;2733;2735;2738;2740;2755;2759;2761;2767;2768;2769;2773;2774;2782;2788;2791;2805;2816;2817;2822;2823;2824;2825;2831;2832;2834;2835;2836;2837;2842;2847;2853;2857;2858;2866;2867;2871;2875;2891;2893;2895;2899;2913;2916;2923;2925;2926;2927;2930;2931;2935;2942;2948;2949;2955;2957;2959;2963;2965;2976;2979;2985;2987;2996;2999;3003;3005;3006;3010;3012;3014;3021;3024;3025;3027;3030;3032;3037;3052;3056;3063;3064;3066;3068;3072;3084;3087;3094;3095;3098;3100;3101;3102;3107;3110;3111;3116;3124;3127;3130;3133;3134;3135;3140;3146;3153;3154;3157;3167;3168;3173;3179;3190;3197;3198;3199;3202;3217;3228;3237;3244;3247;3251;3257;3261;3265;3267;3268;3273;3275;3277;3292;3293;3295;3304;3317;3322;3324;3325;3340;3345;3347;3355;3363;3364;3365;3368;3372;3381;3386;3389;3396;3399;3402;3409;3412;3414;3420;3421;3422;3423;3429;3430;3431;3432;3439;3440;3448;3449;3456;3457;3459;3460;3462;3463;3466;3474;3475;3479;3481;3482;3486;3489;3491;3493;3494;3495;3497;3503;3507;3516;3518;3520;3521;3525;3527;3529;3533;3537;3542;3545;3548;3550;3552;3556;3557;3560;3567;3568,340.9944887920283
0.5,Leukemia,11,0.016766772012641467,0.9857142857142858,937,3571,1;7;8;12;18;19;27;28;29;34;41;45;54;55;56;74;75;77;78;86;87;98;105;106;107;109;110;113;118;119;128;130;132;136;144;145;146;147;150;159;168;170;181;184;185;190;193;202;203;204;205;207;210;211;213;222;225;233;237;243;254;257;260;263;267;271;272;278;284;286;291;293;295;297;299;301;303;305;307;310;314;315;318;319;322;324;326;329;332;338;342;348;349;357;359;360;362;365;375;384;385;387;389;390;393;394;397;399;400;402;404;413;420;423;424;430;433;434;439;442;446;454;456;460;461;463;465;470;472;474;484;485;486;487;495;496;500;504;511;512;516;517;523;524;525;526;534;543;552;555;556;563;564;568;570;573;575;583;588;589;594;595;596;607;609;613;614;615;620;621;624;634;638;639;644;650;663;670;671;673;675;681;682;683;685;697;701;711;712;715;737;740;741;743;746;748;749;755;757;760;761;766;769;770;771;780;784;785;793;804;805;806;812;813;816;817;818;820;825;829;830;832;833;842;843;844;845;854;860;862;867;869;881;882;887;891;894;896;899;900;902;903;904;907;910;914;917;931;932;938;943;949;950;953;956;957;964;978;981;984;988;989;993;994;999;1001;1004;1011;1012;1013;1018;1027;1029;1034;1043;1047;1050;1052;1055;1057;1064;1066;1068;1069;1071;1075;1078;1079;1080;1085;1088;1092;1094;1096;1098;1099;1106;1116;1117;1122;1135;1141;1144;1147;1149;1150;1151;1153;1157;1163;1165;1170;1171;1173;1174;1181;1183;1185;1186;1187;1191;1201;1204;1212;1215;1217;1218;1220;1227;1228;1232;1237;1240;1243;1246;1251;1255;1260;1264;1266;1270;1272;1280;1281;1286;1287;1290;1291;1295;1297;1301;1305;1316;1323;1326;1329;1330;1340;1342;1344;1350;1351;1353;1354;1356;1359;1361;1363;1368;1369;1370;1376;1377;1380;1384;1385;1386;1391;1396;1404;1407;1409;1415;1422;1427;1432;1434;1436;1438;1443;1444;1445;1447;1451;1452;1459;1462;1473;1475;1476;1485;1488;1494;1499;1501;1507;1516;1528;1530;1534;1536;1541;1542;1554;1560;1561;1570;1572;1577;1588;1591;1595;1602;1603;1611;1614;1616;1620;1621;1622;1627;1630;1635;1639;1641;1656;1658;1663;1664;1677;1680;1693;1699;1700;1701;1703;1708;1710;1713;1717;1720;1734;1740;1742;1744;1745;1751;1753;1755;1756;1772;1773;1778;1779;1780;1786;1796;1800;1802;1807;1808;1814;1816;1824;1825;1830;1831;1836;1838;1844;1846;1849;1850;1853;1863;1864;1866;1870;1875;1879;1880;1884;1890;1891;1897;1901;1908;1909;1913;1915;1916;1919;1920;1922;1927;1930;1932;1935;1937;1938;1943;1945;1948;1949;1958;1961;1962;1963;1965;1967;1974;1978;1979;1980;1981;1983;1984;1989;2004;2006;2017;2021;2022;2028;2033;2037;2053;2054;2055;2062;2063;2069;2070;2074;2080;2082;2087;2091;2094;2102;2104;2107;2113;2114;2116;2122;2143;2150;2152;2159;2160;2165;2167;2170;2171;2180;2188;2197;2204;2206;2207;2211;2216;2219;2225;2228;2230;2231;2237;2245;2258;2265;2268;2269;2271;2284;2294;2297;2300;2302;2307;2310;2311;2312;2319;2320;2326;2337;2344;2351;2362;2365;2367;2372;2374;2378;2381;2382;2384;2385;2386;2387;2396;2397;2400;2404;2407;2412;2413;2415;2416;2417;2418;2422;2427;2430;2435;2438;2439;2440;2447;2448;2452;2453;2454;2455;2457;2459;2473;2475;2476;2480;2481;2491;2493;2497;2501;2518;2519;2520;2524;2531;2532;2538;2539;2545;2546;2555;2558;2561;2563;2564;2569;2571;2575;2581;2585;2586;2588;2590;2591;2596;2602;2603;2612;2613;2618;2623;2625;2629;2630;2634;2635;2638;2640;2653;2654;2658;2662;2663;2665;2667;2673;2675;2680;2684;2685;2686;2689;2690;2692;2702;2703;2705;2706;2710;2713;2724;2726;2732;2734;2737;2746;2749;2751;2758;2762;2764;2772;2774;2776;2787;2788;2791;2801;2804;2812;2813;2818;2826;2831;2832;2834;2835;2848;2852;2853;2859;2865;2871;2874;2875;2877;2878;2880;2884;2892;2894;2899;2901;2902;2909;2910;2916;2917;2922;2923;2924;2934;2939;2940;2942;2943;2951;2955;2957;2969;2973;2974;2975;2984;2988;2991;2995;2996;3002;3018;3021;3027;3028;3029;3036;3037;3042;3047;3052;3053;3055;3061;3064;3067;3081;3088;3093;3095;3098;3103;3106;3108;3110;3113;3116;3118;3119;3122;3125;3126;3129;3131;3133;3135;3139;3142;3144;3156;3157;3159;3160;3161;3162;3163;3166;3167;3169;3170;3173;3174;3180;3182;3186;3190;3199;3202;3205;3206;3207;3208;3211;3213;3217;3221;3225;3226;3228;3237;3244;3245;3246;3248;3250;3251;3252;3253;3254;3261;3262;3263;3265;3275;3276;3277;3278;3282;3283;3290;3292;3298;3299;3300;3301;3304;3305;3307;3316;3319;3324;3328;3332;3335;3339;3342;3343;3345;3350;3351;3353;3357;3363;3368;3369;3375;3382;3384;3385;3395;3396;3397;3400;3402;3405;3412;3424;3432;3436;3437;3438;3441;3445;3447;3450;3453;3456;3460;3465;3473;3474;3477;3481;3483;3484;3487;3491;3496;3499;3506;3510;3511;3524;3530;3541;3545;3546;3548;3549;3562;3563;3570,338.4764560419135
0.5,Leukemia,12,0.01679197503700439,0.9857142857142858,946,3571,5;6;23;25;26;27;31;34;36;37;39;40;53;56;63;66;67;68;70;71;72;74;83;85;87;91;98;99;105;106;108;109;125;130;133;135;136;145;152;156;157;162;163;164;168;178;181;184;188;192;196;203;213;215;216;218;225;227;234;236;239;245;250;258;261;262;265;276;278;283;287;296;304;306;307;312;322;329;331;332;333;345;347;348;350;351;355;356;359;372;378;380;394;403;404;407;420;424;433;435;440;441;442;446;447;449;451;453;455;462;464;472;480;482;484;485;488;489;500;513;514;515;530;532;533;535;538;545;546;547;549;551;552;554;556;559;561;567;575;576;588;591;593;599;602;603;611;612;614;615;616;618;620;622;625;626;627;631;633;636;642;645;646;650;652;659;671;676;694;698;704;705;709;710;713;717;719;720;721;723;728;729;733;734;737;747;750;752;755;757;760;770;771;772;791;797;804;808;811;812;813;814;815;818;823;824;828;829;831;832;833;837;842;846;853;855;857;860;863;865;870;872;873;885;893;898;903;908;909;911;914;929;931;934;941;949;953;955;958;970;971;978;984;987;991;994;995;997;999;1000;1002;1005;1006;1017;1025;1032;1036;1042;1050;1052;1053;1057;1060;1086;1090;1100;1104;1109;1110;1112;1117;1118;1120;1121;1137;1142;1143;1147;1151;1153;1156;1163;1171;1174;1176;1177;1181;1191;1193;1194;1196;1199;1202;1204;1207;1212;1213;1221;1223;1224;1225;1233;1234;1236;1240;1250;1253;1254;1256;1258;1261;1262;1274;1277;1278;1279;1281;1284;1287;1290;1293;1295;1296;1298;1303;1306;1310;1311;1312;1316;1324;1329;1330;1332;1334;1339;1341;1345;1347;1354;1356;1357;1360;1363;1374;1376;1383;1387;1388;1391;1392;1394;1397;1401;1402;1403;1407;1408;1409;1412;1413;1425;1427;1429;1432;1434;1438;1441;1442;1447;1450;1456;1464;1467;1473;1479;1480;1481;1483;1490;1493;1494;1503;1505;1506;1511;1513;1516;1524;1525;1532;1533;1534;1538;1540;1542;1545;1551;1555;1557;1558;1561;1564;1572;1573;1577;1578;1579;1588;1594;1601;1602;1605;1611;1616;1631;1634;1644;1645;1665;1673;1674;1681;1688;1699;1708;1714;1717;1718;1726;1740;1741;1746;1748;1749;1752;1756;1760;1762;1764;1766;1768;1776;1778;1782;1783;1787;1790;1792;1793;1795;1804;1805;1806;1808;1810;1812;1818;1830;1831;1836;1839;1841;1843;1844;1850;1854;1864;1868;1870;1871;1875;1878;1889;1892;1893;1895;1897;1899;1902;1909;1911;1913;1920;1921;1924;1933;1943;1945;1947;1949;1951;1959;1962;1964;1966;1967;1968;1969;1976;1983;1984;1990;1994;1996;2000;2003;2005;2007;2011;2014;2029;2031;2033;2037;2047;2048;2049;2051;2052;2055;2060;2061;2064;2081;2083;2084;2090;2092;2095;2096;2097;2100;2101;2103;2105;2108;2109;2110;2111;2115;2117;2118;2128;2131;2132;2136;2138;2144;2147;2149;2152;2156;2157;2158;2163;2167;2173;2174;2179;2180;2181;2182;2183;2189;2190;2205;2210;2214;2215;2217;2219;2221;2225;2234;2235;2238;2239;2244;2245;2255;2258;2259;2267;2268;2269;2270;2271;2274;2275;2279;2285;2288;2290;2294;2298;2299;2304;2306;2314;2331;2332;2334;2335;2336;2337;2339;2341;2345;2353;2358;2359;2361;2363;2366;2368;2370;2375;2376;2379;2382;2388;2389;2403;2404;2408;2409;2410;2413;2414;2421;2422;2425;2433;2436;2437;2440;2447;2448;2456;2458;2459;2460;2462;2464;2472;2474;2482;2483;2485;2490;2491;2492;2495;2504;2514;2516;2521;2523;2529;2533;2534;2538;2540;2541;2547;2551;2554;2558;2560;2565;2567;2568;2570;2576;2581;2585;2591;2593;2594;2597;2603;2611;2613;2614;2615;2617;2622;2636;2644;2646;2647;2648;2654;2656;2657;2670;2673;2675;2688;2695;2699;2700;2702;2703;2706;2707;2712;2713;2718;2719;2722;2725;2728;2730;2731;2732;2733;2738;2739;2740;2743;2748;2752;2761;2764;2765;2766;2767;2768;2771;2773;2778;2790;2796;2799;2801;2803;2807;2808;2815;2817;2819;2826;2833;2835;2836;2850;2851;2852;2853;2856;2858;2860;2865;2874;2877;2887;2889;2894;2896;2899;2900;2906;2908;2914;2915;2922;2929;2930;2935;2941;2943;2944;2952;2953;2954;2956;2958;2963;2965;2967;2971;2972;2974;2976;2980;2984;2987;2990;2992;2993;2996;3003;3005;3008;3014;3017;3019;3020;3021;3022;3023;3024;3033;3044;3045;3049;3050;3055;3057;3070;3078;3084;3094;3095;3096;3099;3101;3103;3108;3116;3119;3120;3125;3126;3131;3133;3137;3140;3143;3147;3153;3155;3160;3161;3163;3165;3173;3193;3205;3208;3212;3215;3216;3218;3220;3223;3224;3227;3229;3235;3240;3243;3246;3252;3253;3255;3261;3263;3265;3266;3272;3273;3279;3285;3286;3289;3291;3292;3295;3301;3302;3303;3309;3311;3315;3322;3325;3335;3337;3340;3344;3350;3354;3362;3365;3369;3370;3372;3381;3387;3396;3399;3404;3408;3409;3411;3418;3422;3424;3427;3428;3430;3442;3446;3448;3451;3454;3455;3460;3462;3465;3467;3469;3473;3480;3487;3493;3498;3499;3505;3506;3507;3508;3517;3520;3527;3528;3529;3530;3532;3533;3536;3538;3541;3546;3550;3551;3554;3555;3565;3566;3567;3568;3570,341.7931058341637
0.5,Leukemia,13,0.015809913189582726,0.9866666666666667,932,3571,0;2;6;10;14;16;23;28;32;33;44;50;63;69;71;75;81;82;84;86;88;89;90;92;105;110;111;115;117;123;124;128;130;131;134;137;139;143;144;146;148;150;159;162;166;167;174;175;180;181;185;188;192;196;198;199;206;208;212;214;215;222;231;234;243;244;246;252;254;257;260;261;262;268;276;277;278;280;284;291;295;297;302;304;310;323;330;332;333;337;338;341;354;357;358;359;360;361;363;365;367;368;370;375;382;400;411;416;417;420;423;424;426;428;429;430;434;435;442;451;455;462;464;469;470;482;483;489;490;493;495;500;501;502;504;513;522;524;525;534;539;540;541;543;544;547;548;556;558;560;561;567;569;573;574;578;579;582;588;591;593;594;602;607;610;612;614;615;617;618;620;626;630;631;633;642;654;658;659;668;672;674;677;678;686;688;690;697;703;708;712;723;725;736;738;739;744;747;748;751;766;767;770;776;777;782;784;785;786;789;790;797;799;801;802;810;811;814;816;819;821;827;830;833;834;835;839;843;847;857;859;860;873;875;876;877;879;890;891;892;893;899;900;903;908;912;913;916;917;923;926;927;932;939;940;943;945;950;953;955;961;971;977;978;979;980;984;985;989;990;998;1000;1004;1014;1016;1017;1026;1029;1033;1037;1041;1043;1044;1053;1061;1066;1072;1074;1076;1086;1088;1093;1094;1096;1098;1099;1105;1114;1118;1122;1127;1130;1133;1143;1144;1149;1150;1156;1160;1165;1168;1170;1171;1173;1177;1181;1184;1196;1197;1200;1201;1204;1209;1217;1218;1224;1227;1228;1235;1242;1243;1247;1248;1250;1257;1259;1261;1262;1264;1265;1275;1277;1282;1283;1286;1287;1289;1299;1302;1304;1311;1321;1323;1328;1332;1333;1334;1338;1342;1345;1351;1353;1354;1355;1357;1359;1369;1376;1382;1383;1385;1386;1390;1391;1392;1397;1398;1400;1404;1405;1406;1410;1417;1422;1423;1431;1432;1433;1442;1448;1449;1451;1459;1460;1461;1464;1466;1472;1481;1482;1485;1488;1492;1493;1494;1496;1508;1516;1517;1525;1529;1533;1542;1552;1559;1561;1573;1575;1578;1585;1591;1595;1604;1610;1619;1634;1637;1638;1643;1646;1655;1656;1657;1676;1680;1681;1683;1693;1700;1711;1721;1722;1724;1727;1731;1733;1734;1741;1748;1749;1752;1763;1764;1767;1768;1770;1775;1777;1779;1782;1784;1786;1787;1789;1794;1800;1812;1813;1814;1818;1826;1829;1834;1838;1840;1841;1853;1854;1857;1862;1870;1872;1873;1877;1884;1893;1894;1896;1897;1901;1904;1907;1910;1911;1915;1921;1930;1933;1941;1946;1953;1955;1967;1969;1971;1973;1987;1993;1996;1998;2013;2016;2018;2020;2023;2024;2025;2032;2039;2051;2052;2053;2054;2055;2058;2059;2062;2063;2071;2072;2075;2079;2084;2093;2096;2101;2103;2104;2108;2110;2118;2123;2125;2132;2136;2137;2138;2145;2149;2154;2156;2159;2163;2165;2169;2170;2177;2182;2197;2198;2199;2200;2201;2202;2204;2215;2217;2219;2221;2226;2228;2237;2238;2241;2246;2250;2251;2256;2259;2260;2261;2262;2267;2273;2274;2275;2276;2286;2287;2293;2295;2302;2305;2307;2309;2313;2314;2315;2319;2322;2326;2327;2330;2335;2341;2346;2348;2351;2352;2357;2360;2363;2365;2367;2371;2377;2393;2398;2399;2401;2402;2404;2407;2410;2412;2417;2420;2421;2425;2431;2434;2436;2437;2438;2448;2449;2453;2459;2462;2469;2471;2473;2475;2476;2479;2487;2493;2494;2495;2498;2502;2505;2506;2515;2517;2518;2519;2525;2528;2530;2539;2540;2543;2544;2545;2551;2561;2565;2567;2568;2579;2592;2595;2596;2598;2602;2609;2616;2619;2623;2627;2630;2631;2634;2635;2638;2641;2655;2658;2666;2667;2674;2679;2687;2698;2704;2706;2708;2709;2721;2722;2723;2729;2736;2739;2742;2743;2746;2748;2749;2751;2753;2754;2756;2758;2762;2764;2765;2769;2772;2786;2793;2795;2798;2802;2804;2805;2806;2808;2819;2820;2826;2827;2831;2836;2837;2839;2840;2843;2847;2852;2858;2861;2866;2868;2885;2886;2895;2898;2899;2900;2910;2911;2913;2916;2917;2918;2922;2923;2924;2933;2935;2938;2939;2944;2945;2948;2950;2953;2954;2955;2957;2962;2969;2971;2988;2994;3003;3004;3005;3006;3010;3015;3019;3021;3029;3030;3033;3035;3036;3037;3041;3045;3046;3047;3055;3058;3060;3072;3076;3078;3081;3084;3091;3093;3094;3095;3097;3099;3101;3106;3107;3108;3111;3112;3114;3119;3120;3123;3128;3129;3133;3134;3136;3140;3141;3145;3151;3153;3154;3156;3159;3164;3165;3169;3170;3172;3173;3174;3175;3180;3181;3185;3194;3195;3204;3215;3216;3227;3235;3236;3237;3238;3249;3250;3259;3262;3263;3269;3272;3274;3280;3286;3291;3292;3295;3298;3299;3303;3304;3306;3307;3310;3322;3329;3330;3335;3336;3337;3340;3344;3345;3357;3358;3359;3360;3363;3367;3369;3372;3380;3389;3392;3396;3398;3403;3404;3418;3419;3422;3426;3431;3435;3441;3444;3449;3455;3462;3463;3466;3471;3473;3479;3485;3487;3496;3509;3519;3520;3525;3526;3527;3532;3534;3536;3537;3546;3550;3555;3557;3569;3570,340.98034937493503
0.5,Leukemia,14,0.016755570668480168,0.9857142857142858,933,3571,3;4;5;9;23;35;39;43;51;52;54;60;62;75;80;84;94;96;105;109;114;116;126;127;136;138;139;140;146;148;149;157;159;161;169;170;176;178;190;196;201;202;203;207;211;215;218;222;223;226;227;229;232;236;238;239;241;242;246;251;253;254;255;259;263;268;271;272;273;277;278;289;298;301;306;309;313;319;323;328;335;338;344;345;348;351;352;357;360;365;372;373;375;376;380;382;384;390;392;393;395;397;398;402;407;411;412;425;426;429;434;435;452;456;463;467;475;480;482;483;490;493;496;502;514;517;523;525;526;534;535;547;551;552;558;564;566;567;570;578;582;583;584;586;589;592;595;603;604;607;608;617;622;624;633;634;641;643;647;649;657;658;659;663;665;667;671;675;678;679;681;682;683;685;686;689;690;692;694;696;697;698;699;705;709;715;719;720;722;723;725;732;737;744;749;751;755;758;761;763;770;778;779;782;786;798;801;802;803;815;817;820;821;822;828;829;830;833;838;841;848;850;852;853;857;864;866;867;868;869;873;881;882;889;891;898;901;902;904;906;907;908;909;913;917;921;926;928;929;940;941;946;947;948;951;956;959;978;984;985;988;992;993;995;997;1004;1007;1008;1020;1021;1027;1030;1038;1043;1047;1049;1050;1051;1052;1056;1064;1065;1070;1071;1077;1082;1083;1088;1090;1091;1095;1096;1097;1099;1105;1107;1113;1115;1125;1128;1129;1134;1139;1143;1145;1156;1161;1163;1169;1170;1183;1184;1185;1186;1188;1189;1190;1191;1192;1197;1198;1201;1205;1207;1218;1222;1223;1224;1225;1227;1228;1231;1233;1242;1243;1244;1251;1256;1262;1264;1267;1271;1274;1275;1281;1282;1285;1286;1289;1291;1294;1301;1308;1311;1312;1316;1320;1322;1324;1325;1329;1330;1336;1340;1345;1347;1348;1352;1355;1357;1360;1369;1381;1389;1391;1398;1400;1403;1404;1405;1409;1411;1412;1413;1416;1424;1426;1432;1434;1435;1439;1448;1453;1454;1455;1458;1465;1466;1468;1471;1477;1482;1483;1490;1495;1497;1510;1513;1517;1519;1523;1527;1529;1530;1533;1541;1542;1547;1550;1554;1559;1566;1570;1575;1578;1579;1581;1588;1592;1610;1613;1614;1616;1618;1619;1621;1623;1629;1635;1636;1649;1655;1657;1659;1661;1663;1667;1669;1671;1672;1673;1674;1682;1684;1689;1693;1696;1700;1701;1702;1707;1712;1717;1719;1722;1733;1734;1737;1740;1749;1752;1754;1756;1764;1765;1767;1771;1772;1774;1776;1777;1779;1781;1797;1801;1802;1803;1806;1814;1816;1820;1823;1827;1832;1835;1836;1838;1850;1852;1868;1874;1876;1880;1881;1883;1885;1903;1904;1905;1912;1916;1917;1922;1927;1932;1936;1939;1942;1943;1944;1946;1950;1963;1964;1967;1970;1972;1974;1975;1977;1982;1986;1987;1988;1995;1999;2001;2007;2010;2013;2015;2018;2022;2023;2025;2027;2029;2030;2034;2037;2041;2045;2048;2050;2053;2063;2068;2070;2071;2075;2077;2078;2082;2093;2105;2106;2110;2113;2115;2122;2125;2127;2131;2136;2148;2151;2154;2156;2158;2160;2161;2162;2163;2169;2176;2182;2183;2194;2195;2197;2202;2206;2207;2210;2211;2216;2219;2221;2227;2229;2230;2231;2233;2234;2238;2241;2242;2249;2251;2254;2255;2258;2259;2262;2264;2266;2268;2269;2276;2281;2284;2289;2291;2294;2296;2301;2303;2304;2312;2313;2314;2318;2319;2320;2322;2326;2334;2335;2345;2347;2352;2354;2356;2360;2366;2379;2390;2399;2404;2407;2410;2423;2427;2429;2437;2448;2453;2455;2456;2460;2466;2471;2480;2482;2485;2486;2490;2492;2493;2494;2500;2506;2508;2511;2513;2515;2518;2519;2522;2524;2529;2536;2538;2548;2559;2568;2569;2570;2572;2578;2581;2583;2585;2587;2600;2604;2611;2613;2616;2633;2640;2644;2646;2648;2649;2652;2656;2666;2672;2673;2675;2679;2681;2682;2683;2686;2687;2688;2693;2695;2697;2699;2702;2712;2713;2720;2727;2730;2731;2732;2743;2752;2755;2760;2763;2767;2769;2770;2773;2776;2779;2780;2785;2786;2787;2788;2793;2794;2795;2797;2798;2799;2804;2805;2812;2814;2815;2822;2824;2825;2831;2837;2840;2867;2869;2870;2872;2877;2878;2886;2891;2895;2897;2898;2899;2905;2910;2911;2914;2918;2931;2933;2941;2946;2976;2978;2982;2984;2985;2989;2995;2996;2997;3001;3004;3008;3013;3015;3023;3024;3028;3035;3037;3044;3056;3057;3060;3064;3065;3066;3067;3069;3080;3082;3088;3094;3095;3097;3107;3110;3111;3115;3117;3118;3120;3124;3126;3129;3131;3140;3141;3143;3144;3148;3153;3154;3159;3161;3162;3163;3164;3173;3178;3184;3188;3193;3194;3199;3200;3210;3215;3217;3220;3223;3233;3240;3242;3245;3246;3250;3252;3255;3278;3282;3284;3289;3290;3308;3309;3315;3319;3320;3323;3327;3328;3335;3337;3342;3343;3345;3352;3357;3359;3371;3372;3375;3376;3380;3382;3383;3391;3398;3401;3404;3410;3412;3414;3417;3418;3422;3423;3424;3425;3428;3436;3438;3439;3440;3445;3453;3454;3465;3466;3473;3477;3479;3489;3496;3497;3505;3517;3519;3521;3522;3523;3527;3528;3532;3542;3550;3557;3559;3567,344.2998891668394
0.5,Leukemia,15,0.016763971676601142,0.9857142857142858,936,3571,1;7;11;17;28;30;31;35;43;44;52;54;58;61;64;65;68;69;72;77;83;88;91;93;98;99;101;104;108;110;111;116;117;118;120;131;134;138;139;143;146;147;150;166;168;172;178;179;188;189;193;197;199;205;208;214;220;222;225;226;227;228;229;231;233;236;237;238;241;243;246;247;249;255;260;265;268;272;278;285;288;292;293;301;319;327;332;335;336;353;355;356;358;359;361;365;367;370;376;377;378;383;385;399;405;412;424;425;426;427;428;429;430;434;435;438;439;440;442;444;445;447;449;461;464;465;469;471;475;477;486;489;491;492;493;502;505;507;514;516;517;518;519;524;525;530;534;536;540;542;551;553;556;559;561;563;568;570;571;584;587;589;599;601;602;607;608;613;614;615;617;621;625;626;629;630;649;650;658;659;661;663;667;669;671;672;676;681;682;688;690;697;700;703;705;709;711;714;717;728;732;734;735;743;749;753;755;758;762;764;765;775;779;784;794;807;808;811;822;827;833;836;841;845;849;850;854;855;857;859;861;865;868;870;871;881;885;887;889;895;903;906;907;908;911;918;925;928;931;938;940;947;948;949;955;956;960;970;972;976;984;986;998;1003;1007;1022;1025;1027;1035;1048;1049;1053;1062;1070;1075;1082;1083;1086;1091;1099;1112;1113;1114;1118;1125;1127;1129;1133;1140;1145;1149;1151;1157;1160;1165;1166;1173;1175;1176;1178;1182;1186;1187;1206;1212;1218;1221;1224;1227;1228;1231;1233;1235;1241;1244;1246;1253;1254;1256;1265;1267;1269;1270;1271;1273;1279;1281;1298;1301;1305;1317;1319;1320;1322;1324;1325;1334;1337;1341;1344;1347;1352;1357;1361;1365;1374;1379;1384;1386;1388;1397;1399;1406;1411;1413;1418;1419;1421;1425;1426;1428;1431;1432;1433;1437;1438;1444;1455;1456;1463;1466;1467;1469;1470;1475;1476;1478;1479;1480;1482;1483;1486;1489;1492;1494;1499;1514;1517;1518;1520;1525;1528;1533;1534;1535;1538;1543;1545;1547;1558;1559;1560;1562;1563;1566;1573;1575;1576;1586;1590;1599;1606;1608;1611;1615;1619;1627;1631;1632;1634;1635;1641;1642;1645;1657;1659;1660;1664;1666;1669;1673;1675;1676;1682;1683;1687;1689;1697;1699;1703;1704;1708;1709;1714;1716;1717;1718;1719;1721;1725;1733;1735;1740;1743;1746;1751;1752;1755;1756;1758;1781;1782;1792;1798;1803;1808;1819;1821;1824;1827;1834;1838;1839;1846;1849;1855;1857;1860;1869;1870;1874;1875;1877;1878;1881;1882;1883;1885;1888;1889;1891;1892;1899;1908;1913;1917;1919;1924;1927;1931;1932;1935;1940;1945;1946;1948;1957;1961;1967;1970;1971;1974;1975;1977;1986;1997;1998;1999;2002;2004;2011;2017;2020;2026;2027;2031;2034;2048;2052;2054;2057;2061;2063;2064;2073;2080;2085;2091;2098;2099;2100;2103;2106;2108;2114;2124;2128;2131;2135;2140;2141;2142;2145;2146;2147;2148;2150;2152;2153;2155;2156;2164;2172;2176;2178;2181;2182;2184;2190;2191;2194;2195;2196;2197;2210;2219;2220;2222;2223;2225;2230;2233;2235;2237;2238;2239;2241;2245;2246;2248;2255;2258;2265;2277;2284;2286;2290;2297;2300;2304;2309;2314;2320;2324;2325;2330;2339;2347;2349;2351;2360;2361;2364;2369;2375;2388;2389;2397;2398;2399;2403;2405;2408;2413;2414;2415;2417;2424;2436;2439;2443;2451;2452;2454;2465;2472;2480;2482;2484;2494;2496;2499;2505;2512;2524;2526;2528;2537;2541;2543;2548;2551;2552;2553;2556;2557;2558;2562;2569;2570;2574;2582;2584;2585;2591;2594;2595;2601;2604;2607;2608;2609;2613;2623;2630;2633;2637;2638;2640;2646;2649;2653;2657;2662;2665;2669;2685;2687;2689;2690;2691;2693;2696;2699;2709;2713;2714;2718;2726;2729;2733;2735;2736;2738;2743;2749;2750;2757;2758;2768;2770;2776;2778;2783;2788;2792;2793;2799;2801;2802;2804;2807;2811;2812;2819;2823;2824;2826;2828;2829;2831;2832;2837;2840;2846;2849;2850;2851;2857;2865;2867;2874;2878;2889;2891;2893;2894;2897;2902;2910;2912;2914;2915;2916;2919;2920;2922;2925;2927;2928;2930;2931;2936;2943;2944;2945;2946;2949;2950;2957;2962;2963;2967;2972;2983;2988;2990;2993;2994;2995;2997;3002;3006;3007;3008;3013;3018;3024;3026;3028;3029;3030;3033;3037;3042;3043;3052;3059;3064;3068;3077;3081;3082;3091;3097;3098;3106;3112;3114;3118;3124;3125;3126;3128;3129;3132;3136;3139;3144;3150;3156;3159;3170;3175;3181;3183;3186;3202;3203;3208;3215;3217;3218;3220;3222;3223;3224;3232;3234;3236;3247;3250;3264;3284;3289;3291;3292;3293;3298;3301;3302;3306;3308;3309;3310;3315;3316;3320;3324;3327;3332;3335;3336;3338;3340;3346;3347;3348;3352;3355;3356;3358;3363;3367;3368;3369;3376;3380;3381;3382;3384;3387;3388;3389;3397;3400;3402;3407;3412;3414;3417;3421;3422;3423;3424;3425;3426;3427;3433;3436;3440;3451;3475;3479;3480;3486;3488;3489;3492;3495;3496;3501;3503;3508;3513;3520;3521;3523;3524;3528;3533;3535;3537;3539;3543;3545;3547;3549;3552;3559;3562;3563;3564;3565;3566;3569,342.98186383303255
0.5,Leukemia,16,0.0158183141977037,0.9866666666666667,935,3571,0;5;7;17;18;29;32;34;35;42;43;45;48;51;53;54;65;82;90;92;97;106;107;112;116;117;131;134;135;136;139;140;142;144;145;151;153;155;156;157;159;167;175;182;188;189;196;201;209;211;215;218;224;225;228;230;231;235;239;245;249;251;252;253;257;262;265;267;269;274;277;280;287;289;294;302;304;317;323;324;326;329;332;333;334;338;339;341;342;343;348;349;351;353;356;361;366;370;375;377;381;394;396;397;399;402;403;406;409;412;418;421;425;427;433;434;438;439;441;444;447;451;452;458;460;469;471;482;486;492;502;503;504;513;515;518;520;525;530;532;535;539;546;551;556;560;561;562;567;571;576;578;586;588;590;596;598;599;604;610;613;615;619;620;630;634;637;643;644;649;654;681;684;685;686;689;691;692;697;703;705;709;714;715;717;727;737;738;745;747;751;754;760;762;767;772;773;780;781;786;792;798;799;808;809;811;813;817;820;821;826;837;841;843;856;860;871;872;873;875;879;880;885;893;894;896;904;909;911;917;923;926;937;942;943;955;956;958;966;976;978;987;994;996;1000;1002;1003;1006;1015;1018;1020;1021;1022;1037;1038;1039;1040;1046;1047;1050;1056;1058;1060;1062;1063;1066;1075;1083;1090;1091;1093;1094;1098;1102;1109;1111;1113;1117;1120;1125;1129;1130;1137;1141;1145;1148;1158;1159;1170;1179;1180;1181;1182;1183;1185;1192;1195;1196;1202;1206;1211;1212;1214;1220;1222;1227;1233;1238;1239;1241;1242;1246;1249;1254;1255;1256;1257;1265;1267;1271;1272;1273;1276;1281;1284;1288;1289;1292;1294;1296;1297;1298;1301;1304;1310;1311;1316;1317;1321;1334;1340;1345;1346;1347;1357;1358;1364;1367;1370;1371;1373;1374;1378;1380;1383;1384;1386;1387;1393;1394;1395;1398;1400;1401;1408;1409;1410;1411;1418;1424;1425;1427;1430;1432;1433;1436;1437;1442;1451;1455;1458;1462;1467;1470;1471;1477;1484;1489;1491;1492;1494;1501;1503;1505;1509;1510;1515;1526;1527;1530;1534;1540;1542;1547;1552;1554;1555;1556;1557;1558;1560;1562;1568;1569;1571;1574;1578;1585;1596;1600;1603;1607;1625;1629;1631;1633;1634;1639;1653;1655;1657;1664;1669;1676;1677;1680;1682;1685;1696;1704;1705;1711;1712;1714;1718;1722;1732;1743;1744;1750;1752;1758;1765;1768;1770;1772;1773;1776;1778;1779;1780;1789;1790;1791;1794;1802;1803;1808;1811;1815;1820;1821;1826;1830;1835;1839;1841;1844;1847;1850;1853;1855;1857;1860;1866;1868;1875;1879;1881;1885;1886;1887;1890;1895;1901;1903;1909;1911;1918;1919;1920;1928;1933;1934;1938;1944;1949;1952;1955;1956;1957;1958;1962;1970;1971;1976;1979;1982;1985;1989;1998;2005;2007;2009;2010;2013;2015;2016;2019;2021;2023;2025;2034;2036;2042;2043;2045;2047;2048;2057;2058;2059;2060;2062;2073;2074;2076;2079;2081;2087;2091;2095;2099;2100;2101;2102;2108;2110;2113;2115;2117;2118;2123;2125;2126;2127;2132;2134;2135;2139;2142;2147;2148;2155;2156;2163;2166;2170;2174;2182;2193;2195;2197;2199;2202;2204;2209;2211;2212;2214;2215;2223;2225;2230;2231;2232;2234;2235;2239;2240;2243;2253;2261;2262;2269;2276;2278;2279;2282;2284;2291;2294;2296;2297;2299;2306;2307;2309;2312;2318;2319;2320;2322;2324;2333;2336;2339;2341;2343;2351;2352;2354;2361;2367;2372;2374;2376;2377;2379;2381;2382;2385;2388;2400;2406;2412;2414;2433;2434;2435;2436;2439;2441;2443;2444;2447;2448;2453;2461;2463;2467;2470;2474;2478;2479;2480;2497;2499;2500;2508;2514;2515;2519;2531;2533;2537;2538;2543;2545;2546;2548;2549;2551;2553;2565;2570;2575;2577;2589;2590;2597;2599;2604;2608;2610;2611;2613;2617;2619;2620;2623;2625;2637;2639;2647;2648;2652;2657;2660;2664;2666;2670;2671;2675;2676;2681;2682;2685;2686;2687;2689;2693;2699;2700;2707;2709;2710;2712;2715;2716;2719;2722;2728;2732;2733;2743;2748;2754;2761;2762;2773;2774;2782;2785;2786;2787;2788;2794;2799;2803;2805;2808;2812;2814;2819;2830;2831;2832;2834;2835;2853;2854;2856;2860;2872;2875;2880;2886;2896;2902;2903;2906;2908;2910;2918;2919;2920;2922;2929;2930;2939;2942;2944;2947;2948;2949;2950;2977;2979;2980;2983;2989;2992;3000;3001;3002;3005;3008;3009;3010;3012;3015;3018;3019;3020;3023;3028;3030;3036;3043;3059;3064;3075;3076;3086;3088;3099;3101;3102;3105;3106;3113;3114;3115;3121;3123;3126;3132;3135;3145;3150;3151;3152;3156;3157;3168;3173;3179;3180;3182;3192;3195;3198;3200;3201;3203;3206;3207;3217;3222;3229;3230;3233;3234;3236;3239;3242;3244;3255;3257;3261;3262;3275;3281;3287;3288;3293;3297;3300;3302;3303;3311;3312;3321;3322;3327;3332;3335;3336;3338;3350;3354;3356;3358;3359;3360;3361;3362;3369;3379;3383;3386;3392;3395;3405;3406;3408;3409;3413;3417;3423;3428;3431;3436;3437;3438;3446;3447;3461;3462;3467;3474;3477;3481;3483;3486;3505;3508;3510;3512;3525;3527;3528;3537;3540;3547;3550;3551;3553;3554;3557;3560;3564;3566;3569,344.01483941683546
0.5,Leukemia,17,0.01677517302076244,0.9857142857142858,940,3571,3;15;19;21;32;37;40;42;45;48;49;51;52;59;60;69;73;82;83;86;96;98;99;109;112;116;119;121;124;125;129;133;139;141;142;143;144;149;151;155;158;167;176;185;187;192;200;203;206;209;212;215;218;222;225;232;240;246;253;257;262;265;268;279;282;283;286;287;289;293;295;303;307;312;318;323;328;334;335;336;337;338;339;346;355;367;370;373;375;376;377;378;380;381;382;394;396;399;404;405;409;410;412;414;416;418;423;430;434;440;444;446;447;448;449;464;467;471;479;480;483;484;486;487;489;490;494;507;508;517;518;519;525;527;530;533;539;544;549;550;555;556;558;565;566;569;572;579;582;584;587;588;596;600;603;610;612;613;619;624;629;630;636;637;640;643;646;648;649;659;660;662;665;674;678;680;681;684;687;695;698;700;703;707;709;714;718;719;724;731;732;735;739;741;750;752;753;755;758;770;773;783;787;792;797;799;800;802;806;808;810;811;814;815;825;826;831;835;838;846;854;859;865;866;869;873;877;879;881;887;892;895;896;910;916;917;921;923;926;932;935;936;943;946;950;951;954;955;956;967;970;972;978;980;983;984;986;987;989;990;991;1001;1002;1006;1009;1016;1017;1022;1023;1026;1027;1035;1036;1040;1044;1045;1047;1051;1053;1061;1063;1067;1068;1069;1080;1081;1082;1083;1088;1099;1102;1103;1104;1106;1108;1109;1110;1111;1115;1118;1119;1127;1129;1130;1137;1139;1145;1149;1153;1154;1164;1165;1173;1176;1182;1187;1195;1198;1199;1201;1202;1210;1214;1215;1218;1219;1220;1224;1226;1227;1228;1230;1233;1244;1247;1249;1250;1251;1254;1258;1261;1267;1270;1274;1281;1284;1286;1288;1291;1298;1299;1302;1310;1314;1315;1320;1321;1323;1326;1331;1334;1335;1339;1341;1344;1346;1350;1351;1352;1357;1360;1362;1365;1370;1371;1376;1383;1392;1394;1395;1398;1399;1400;1401;1402;1403;1409;1412;1418;1422;1429;1432;1434;1437;1440;1447;1448;1451;1452;1460;1464;1471;1472;1481;1482;1485;1487;1489;1497;1509;1514;1519;1524;1531;1536;1537;1540;1544;1546;1554;1558;1560;1561;1562;1567;1568;1575;1580;1581;1583;1598;1599;1604;1609;1622;1629;1630;1635;1639;1644;1645;1661;1664;1667;1680;1683;1686;1688;1690;1693;1698;1704;1705;1710;1713;1715;1722;1725;1726;1730;1735;1740;1743;1746;1753;1764;1768;1781;1785;1793;1794;1801;1805;1819;1821;1829;1834;1839;1842;1844;1847;1849;1853;1855;1859;1866;1870;1880;1892;1894;1895;1898;1899;1900;1901;1902;1914;1917;1918;1919;1921;1922;1923;1929;1937;1939;1940;1945;1947;1952;1957;1966;1967;1980;1986;1987;1988;2002;2005;2009;2012;2013;2014;2015;2017;2018;2019;2021;2026;2029;2032;2033;2040;2059;2061;2063;2064;2087;2092;2098;2100;2110;2111;2113;2115;2116;2121;2132;2135;2138;2141;2143;2147;2151;2159;2169;2170;2173;2174;2180;2184;2185;2189;2190;2191;2193;2195;2200;2202;2204;2206;2207;2214;2224;2225;2233;2249;2250;2255;2256;2258;2260;2261;2262;2263;2265;2270;2276;2279;2282;2284;2288;2290;2291;2294;2296;2297;2300;2302;2307;2311;2312;2314;2319;2320;2321;2322;2323;2325;2329;2336;2340;2341;2342;2344;2345;2348;2351;2352;2353;2354;2357;2359;2363;2366;2373;2376;2377;2389;2390;2396;2398;2401;2402;2404;2406;2411;2423;2424;2425;2429;2443;2444;2445;2446;2449;2451;2454;2459;2463;2467;2470;2472;2474;2475;2476;2479;2480;2481;2484;2486;2489;2493;2494;2496;2500;2504;2507;2509;2510;2511;2512;2514;2518;2519;2524;2526;2532;2533;2537;2541;2543;2544;2545;2547;2549;2552;2554;2570;2574;2576;2583;2589;2594;2596;2599;2600;2607;2610;2612;2613;2617;2620;2624;2627;2631;2637;2639;2640;2641;2644;2655;2656;2665;2667;2669;2674;2679;2689;2694;2695;2699;2709;2710;2717;2722;2726;2736;2737;2742;2743;2744;2751;2753;2755;2758;2760;2764;2765;2769;2778;2786;2790;2792;2804;2809;2813;2832;2839;2840;2844;2846;2852;2859;2863;2865;2867;2868;2873;2876;2882;2893;2901;2902;2909;2921;2925;2928;2931;2933;2934;2938;2943;2944;2948;2949;2954;2957;2961;2962;2963;2972;2983;2990;2993;2995;2996;2997;2998;2999;3004;3006;3011;3014;3017;3022;3024;3025;3028;3031;3033;3037;3042;3051;3059;3061;3064;3065;3068;3069;3092;3096;3097;3106;3110;3111;3119;3123;3126;3129;3137;3142;3144;3145;3148;3149;3150;3154;3159;3161;3169;3172;3173;3183;3186;3188;3189;3195;3205;3213;3222;3223;3225;3227;3228;3232;3238;3242;3243;3245;3247;3248;3249;3260;3264;3267;3268;3269;3271;3272;3275;3278;3280;3282;3289;3291;3296;3300;3302;3304;3312;3316;3317;3321;3328;3334;3338;3339;3340;3344;3346;3347;3351;3353;3355;3362;3365;3366;3370;3371;3375;3380;3387;3397;3399;3402;3403;3406;3414;3416;3426;3433;3434;3436;3439;3444;3445;3446;3454;3455;3459;3468;3475;3476;3477;3478;3484;3487;3488;3490;3495;3499;3508;3514;3515;3517;3519;3530;3537;3538;3544;3545;3551;3556;3559;3565;3567;3568;3569;3570,345.1642958750017
0.5,Leukemia,18,0.016724766972036596,0.9857142857142858,922,3571,2;3;8;13;17;20;30;33;35;38;50;57;58;63;68;69;72;77;81;83;84;85;86;89;95;96;102;103;106;109;117;122;124;132;135;139;142;144;146;151;152;154;156;159;161;162;166;167;175;178;180;181;182;185;187;188;189;191;196;198;215;216;219;234;245;249;252;253;254;255;256;260;264;265;271;276;277;288;293;294;297;308;310;311;312;318;319;320;325;327;328;349;355;356;357;359;366;367;370;375;377;384;385;390;394;396;397;398;407;410;413;421;426;433;434;436;437;444;450;453;454;455;456;465;466;470;471;476;477;479;483;484;487;496;504;506;509;511;513;515;518;521;523;524;525;528;531;538;541;545;551;554;566;567;568;575;579;582;583;587;588;592;596;601;603;605;610;613;614;616;617;619;623;632;648;651;653;655;662;664;668;669;672;673;675;679;681;684;687;700;712;719;721;722;724;729;732;741;745;747;752;755;758;765;768;774;775;777;778;779;789;795;796;798;803;813;823;824;829;834;835;837;838;849;851;854;855;868;870;873;874;875;878;880;882;886;893;894;896;899;901;902;906;907;908;916;919;921;928;930;932;934;938;942;946;948;949;950;955;956;962;963;964;978;980;989;991;993;994;996;997;1002;1003;1023;1028;1030;1035;1038;1042;1047;1050;1052;1054;1061;1064;1072;1076;1078;1079;1080;1084;1092;1093;1094;1095;1107;1110;1111;1125;1131;1133;1135;1138;1139;1143;1147;1150;1152;1155;1157;1158;1159;1161;1168;1169;1170;1171;1172;1173;1174;1176;1177;1182;1191;1206;1207;1209;1213;1215;1220;1223;1224;1226;1237;1238;1243;1250;1260;1264;1265;1267;1271;1273;1278;1279;1281;1288;1291;1306;1307;1308;1311;1318;1324;1330;1331;1333;1336;1338;1339;1340;1341;1346;1351;1357;1359;1367;1368;1376;1392;1394;1395;1401;1419;1423;1424;1426;1431;1432;1438;1447;1451;1452;1464;1465;1466;1467;1472;1480;1496;1501;1507;1510;1513;1530;1531;1537;1543;1546;1547;1555;1560;1562;1572;1580;1581;1588;1591;1593;1602;1604;1608;1613;1616;1617;1620;1628;1629;1630;1639;1643;1646;1647;1655;1658;1660;1664;1668;1671;1673;1675;1680;1681;1685;1686;1694;1697;1699;1704;1709;1714;1719;1728;1731;1737;1740;1744;1747;1755;1759;1765;1766;1768;1770;1771;1773;1777;1781;1782;1787;1789;1790;1796;1804;1805;1821;1824;1825;1834;1835;1841;1844;1845;1852;1854;1868;1870;1873;1874;1876;1880;1887;1890;1895;1903;1908;1915;1921;1934;1935;1940;1946;1950;1952;1956;1957;1960;1963;1965;1966;1968;1975;1980;1989;2007;2011;2014;2015;2027;2040;2041;2043;2044;2045;2046;2047;2048;2049;2051;2052;2058;2066;2069;2070;2081;2082;2084;2086;2091;2094;2095;2100;2108;2111;2113;2114;2120;2122;2123;2129;2130;2132;2133;2137;2142;2144;2145;2147;2148;2149;2153;2155;2161;2165;2166;2167;2168;2173;2180;2181;2191;2205;2209;2210;2214;2216;2219;2220;2225;2233;2234;2235;2238;2255;2256;2259;2261;2264;2267;2268;2270;2276;2291;2294;2296;2297;2305;2308;2312;2314;2319;2320;2324;2326;2330;2331;2334;2338;2339;2342;2343;2359;2360;2361;2364;2366;2371;2377;2385;2393;2399;2401;2402;2403;2406;2407;2409;2414;2415;2426;2429;2435;2446;2450;2454;2457;2458;2459;2467;2468;2469;2470;2471;2473;2475;2480;2496;2498;2502;2503;2508;2512;2513;2518;2526;2533;2548;2552;2553;2554;2556;2561;2562;2566;2571;2573;2574;2575;2581;2586;2593;2595;2603;2607;2610;2625;2627;2630;2632;2635;2642;2645;2646;2649;2651;2663;2664;2665;2667;2668;2670;2671;2676;2685;2690;2697;2699;2702;2706;2710;2718;2720;2727;2728;2729;2730;2731;2740;2747;2760;2761;2765;2776;2777;2778;2780;2785;2787;2796;2797;2799;2805;2818;2824;2825;2826;2829;2837;2841;2842;2843;2855;2860;2864;2867;2868;2869;2871;2872;2874;2876;2877;2879;2882;2886;2892;2894;2903;2921;2922;2924;2926;2931;2933;2938;2941;2942;2948;2952;2973;2974;2976;2983;2986;2987;2988;2990;2992;2993;2994;2996;2997;2998;3019;3024;3028;3030;3032;3038;3039;3040;3043;3045;3048;3049;3067;3079;3089;3091;3096;3099;3101;3104;3107;3108;3109;3111;3112;3117;3118;3121;3124;3125;3129;3131;3135;3142;3143;3146;3147;3149;3150;3155;3156;3157;3159;3161;3162;3165;3171;3174;3175;3181;3187;3191;3195;3198;3200;3207;3209;3210;3214;3217;3219;3221;3236;3255;3256;3257;3258;3262;3267;3268;3269;3273;3274;3281;3285;3286;3290;3291;3292;3294;3295;3298;3299;3300;3302;3303;3304;3307;3315;3320;3323;3324;3328;3331;3337;3340;3341;3350;3361;3363;3367;3371;3377;3384;3385;3387;3391;3394;3397;3406;3409;3415;3417;3418;3421;3434;3438;3440;3441;3444;3447;3448;3450;3457;3458;3463;3470;3471;3472;3478;3480;3482;3483;3486;3488;3491;3493;3497;3502;3506;3508;3510;3513;3517;3519;3520;3525;3527;3528;3536;3551;3552;3556;3560;3562;3563;3565;3567;3570,345.7448744578287
0.5,Leukemia,19,0.01677517302076244,0.9857142857142858,940,3571,13;20;22;24;30;34;35;52;55;57;58;60;63;65;71;72;74;76;82;99;101;102;104;113;119;122;125;130;137;138;139;147;149;150;153;156;157;159;163;170;171;180;187;199;202;206;208;221;234;237;238;243;254;257;262;270;274;278;279;284;294;295;297;300;301;309;310;316;322;324;327;330;332;335;341;350;351;352;355;359;360;363;370;371;374;376;378;381;384;388;389;390;392;396;397;400;401;402;407;412;414;425;430;432;443;445;447;455;461;462;463;465;468;481;484;486;487;488;501;502;503;507;520;523;529;538;539;543;545;548;551;558;561;564;566;570;574;575;576;580;582;583;585;586;590;592;593;602;604;607;609;614;615;616;621;622;625;626;628;633;641;642;645;651;652;657;664;665;671;674;675;677;680;681;685;686;690;694;695;702;712;713;715;717;718;720;729;733;734;740;741;745;747;749;750;753;756;761;767;773;776;779;780;781;787;796;807;808;812;814;817;823;827;830;832;833;837;838;839;840;841;847;848;852;855;858;860;863;866;867;871;872;873;885;889;894;896;897;900;901;906;911;912;928;931;932;934;947;948;951;955;959;968;972;974;975;978;980;988;989;991;993;995;1000;1004;1007;1009;1011;1012;1013;1014;1026;1031;1034;1035;1036;1037;1045;1047;1048;1052;1055;1057;1062;1074;1080;1084;1089;1092;1093;1094;1098;1102;1103;1110;1113;1121;1128;1129;1130;1134;1139;1143;1145;1152;1158;1161;1163;1170;1171;1179;1181;1184;1201;1203;1204;1209;1211;1217;1219;1221;1223;1224;1233;1236;1238;1240;1246;1250;1251;1252;1253;1254;1256;1265;1270;1278;1282;1283;1286;1287;1293;1297;1298;1302;1306;1315;1316;1320;1323;1325;1336;1340;1345;1346;1351;1352;1357;1358;1359;1361;1363;1367;1371;1375;1379;1382;1386;1392;1394;1396;1401;1406;1407;1413;1416;1421;1424;1425;1426;1429;1433;1441;1443;1448;1451;1457;1462;1465;1468;1471;1477;1478;1482;1486;1487;1504;1506;1509;1514;1523;1524;1526;1535;1536;1540;1543;1557;1558;1576;1579;1583;1587;1592;1594;1597;1600;1603;1604;1612;1614;1619;1628;1635;1642;1649;1651;1653;1654;1655;1657;1668;1671;1681;1683;1693;1694;1696;1708;1710;1713;1714;1719;1721;1723;1728;1740;1744;1745;1748;1752;1753;1754;1755;1756;1758;1760;1767;1771;1772;1781;1783;1785;1786;1788;1792;1799;1801;1804;1805;1807;1808;1809;1811;1812;1816;1817;1819;1821;1825;1826;1828;1830;1834;1838;1851;1853;1855;1859;1864;1865;1866;1870;1878;1881;1889;1899;1901;1908;1912;1916;1918;1919;1920;1928;1930;1940;1960;1973;1975;1978;1981;1982;1989;1990;1991;1993;2005;2007;2010;2018;2022;2027;2031;2033;2042;2044;2054;2055;2056;2068;2069;2072;2079;2080;2085;2092;2093;2094;2096;2097;2103;2108;2110;2111;2112;2119;2123;2125;2126;2129;2131;2133;2134;2135;2144;2146;2151;2153;2160;2165;2168;2170;2178;2180;2182;2186;2190;2195;2198;2199;2201;2204;2218;2223;2224;2232;2233;2238;2245;2250;2251;2252;2256;2261;2262;2263;2266;2267;2269;2276;2283;2284;2287;2288;2291;2296;2297;2300;2301;2306;2307;2313;2317;2322;2326;2331;2332;2335;2337;2338;2345;2356;2359;2362;2365;2379;2392;2393;2395;2404;2413;2415;2416;2418;2423;2424;2425;2429;2434;2448;2450;2452;2460;2461;2466;2467;2471;2485;2486;2488;2489;2490;2492;2496;2497;2504;2506;2509;2514;2517;2525;2529;2532;2533;2535;2539;2548;2551;2552;2554;2555;2558;2560;2561;2563;2567;2568;2571;2580;2584;2588;2594;2613;2617;2624;2628;2631;2633;2634;2638;2639;2641;2642;2653;2654;2658;2665;2669;2670;2671;2672;2676;2682;2686;2694;2701;2713;2715;2720;2722;2726;2731;2733;2736;2745;2753;2755;2756;2762;2763;2774;2775;2779;2780;2781;2782;2786;2799;2801;2808;2809;2812;2817;2818;2819;2822;2824;2830;2836;2839;2841;2844;2845;2848;2851;2855;2858;2864;2871;2872;2881;2882;2883;2887;2900;2902;2908;2910;2914;2916;2919;2920;2921;2925;2928;2931;2935;2937;2940;2942;2944;2945;2952;2955;2961;2962;2964;2971;2973;2975;2987;2992;2995;2997;3000;3001;3005;3008;3011;3013;3017;3025;3026;3031;3033;3036;3037;3040;3041;3044;3045;3051;3052;3053;3058;3065;3070;3072;3073;3078;3080;3082;3086;3088;3101;3111;3116;3118;3120;3122;3125;3127;3138;3140;3143;3144;3145;3150;3155;3156;3157;3158;3161;3162;3163;3164;3166;3172;3173;3182;3192;3194;3195;3199;3200;3206;3211;3213;3217;3222;3230;3233;3234;3238;3239;3244;3245;3246;3247;3249;3255;3256;3257;3263;3264;3265;3266;3269;3270;3274;3278;3279;3281;3286;3288;3291;3292;3297;3304;3306;3308;3309;3318;3324;3325;3327;3328;3330;3335;3342;3344;3358;3361;3366;3367;3369;3370;3379;3381;3383;3391;3396;3397;3398;3403;3405;3411;3414;3419;3422;3424;3425;3427;3429;3434;3440;3441;3443;3450;3451;3452;3462;3465;3466;3469;3471;3474;3478;3479;3483;3487;3493;3498;3510;3516;3525;3528;3529;3530;3535;3536;3548;3552;3556;3561;3562;3563;3567;3568,344.8943087919615
0.5,Leukemia,20,0.016783574028883416,0.9857142857142858,943,3571,1;2;3;9;11;15;26;27;34;35;45;49;50;60;64;66;70;72;78;96;100;101;104;105;109;112;119;122;125;126;128;131;134;136;140;142;144;146;148;149;151;155;156;157;159;163;171;175;178;179;180;181;187;188;194;196;197;201;203;205;206;208;210;212;217;220;223;228;232;237;250;252;254;257;258;262;263;264;268;269;282;283;285;291;294;295;304;307;310;314;315;317;318;320;321;327;332;337;339;340;343;344;355;358;361;362;363;364;366;371;375;378;382;384;385;392;396;399;408;409;412;421;423;425;428;432;434;435;438;444;447;448;449;454;455;456;462;465;471;474;480;489;493;494;495;498;507;509;511;514;518;521;523;530;535;538;540;541;556;560;561;564;565;566;569;582;584;586;588;591;592;595;596;600;603;607;613;614;615;617;620;623;625;630;632;639;649;651;653;656;658;659;661;664;672;679;685;692;698;708;716;718;719;723;726;733;734;740;745;748;755;756;761;766;780;781;783;784;787;788;796;798;803;804;807;810;820;824;826;828;829;831;833;837;842;845;847;854;864;867;871;873;876;881;882;889;898;901;903;904;908;911;912;919;927;931;937;940;941;943;955;956;958;973;976;977;978;980;984;985;989;994;1001;1007;1011;1020;1039;1040;1041;1042;1043;1045;1050;1052;1060;1061;1063;1067;1071;1075;1076;1086;1090;1092;1094;1098;1099;1104;1107;1111;1112;1116;1122;1124;1130;1139;1143;1145;1151;1154;1163;1170;1177;1182;1187;1188;1192;1196;1198;1203;1210;1213;1214;1215;1216;1220;1221;1223;1227;1228;1229;1231;1233;1237;1239;1242;1244;1246;1255;1258;1259;1262;1264;1274;1276;1282;1285;1286;1287;1293;1294;1295;1306;1311;1319;1320;1325;1330;1340;1357;1358;1380;1381;1382;1387;1391;1394;1396;1401;1402;1403;1405;1407;1408;1409;1413;1424;1426;1428;1430;1432;1434;1437;1441;1442;1443;1446;1447;1452;1453;1455;1456;1461;1462;1469;1470;1473;1474;1481;1491;1502;1513;1514;1515;1521;1527;1537;1542;1550;1557;1561;1565;1568;1572;1583;1584;1585;1586;1587;1593;1596;1601;1602;1611;1614;1616;1617;1620;1622;1629;1630;1637;1638;1639;1641;1649;1654;1658;1660;1661;1664;1669;1672;1679;1682;1690;1694;1697;1701;1711;1714;1720;1722;1732;1733;1737;1738;1741;1742;1746;1748;1753;1756;1758;1761;1762;1763;1769;1771;1774;1775;1778;1779;1787;1788;1793;1797;1798;1806;1808;1811;1816;1817;1818;1819;1822;1825;1826;1829;1831;1832;1842;1844;1849;1852;1853;1858;1869;1875;1881;1883;1888;1889;1890;1891;1897;1902;1903;1916;1917;1920;1924;1926;1930;1932;1934;1935;1939;1943;1944;1952;1955;1957;1961;1965;1967;1973;1976;1977;1978;1980;1981;1989;1992;1993;2009;2014;2024;2041;2043;2047;2054;2055;2066;2069;2070;2073;2076;2080;2091;2093;2094;2098;2099;2100;2101;2103;2110;2115;2116;2117;2118;2119;2120;2123;2126;2127;2129;2130;2131;2132;2133;2137;2139;2143;2144;2146;2153;2164;2166;2171;2175;2177;2181;2183;2184;2186;2191;2197;2200;2201;2207;2208;2211;2212;2219;2221;2226;2234;2237;2238;2244;2246;2252;2254;2255;2256;2260;2262;2268;2272;2273;2275;2276;2279;2283;2291;2293;2294;2297;2300;2304;2311;2323;2326;2330;2335;2337;2338;2340;2346;2354;2356;2357;2358;2363;2364;2365;2371;2373;2375;2376;2377;2381;2388;2391;2393;2398;2401;2403;2406;2409;2413;2417;2436;2437;2439;2440;2441;2443;2444;2448;2456;2458;2460;2463;2467;2469;2473;2475;2477;2502;2510;2512;2514;2518;2519;2523;2525;2530;2536;2556;2560;2565;2570;2572;2573;2578;2580;2583;2588;2589;2594;2599;2600;2603;2604;2606;2609;2610;2611;2615;2616;2617;2618;2623;2624;2626;2629;2636;2648;2654;2656;2657;2661;2663;2664;2665;2669;2676;2683;2686;2688;2691;2694;2695;2697;2698;2702;2706;2708;2710;2713;2719;2720;2732;2736;2739;2748;2757;2758;2759;2769;2773;2795;2801;2804;2806;2810;2821;2824;2825;2832;2834;2837;2854;2855;2856;2866;2872;2874;2877;2880;2885;2890;2891;2895;2902;2909;2910;2923;2926;2928;2931;2936;2937;2938;2944;2957;2958;2960;2963;2964;2965;2968;2971;2973;2976;2977;2983;2988;2991;2992;3000;3008;3011;3014;3016;3019;3024;3026;3030;3034;3037;3039;3040;3042;3051;3055;3056;3069;3074;3077;3082;3087;3089;3090;3091;3097;3099;3102;3105;3107;3111;3113;3121;3125;3135;3139;3144;3145;3146;3150;3155;3161;3162;3163;3168;3170;3172;3175;3176;3177;3181;3182;3186;3195;3196;3207;3209;3211;3212;3215;3216;3218;3221;3225;3226;3230;3231;3234;3237;3239;3241;3242;3243;3261;3265;3270;3274;3275;3279;3280;3286;3292;3293;3295;3299;3300;3304;3322;3323;3327;3329;3333;3340;3341;3343;3345;3347;3350;3356;3357;3358;3361;3367;3373;3374;3387;3392;3401;3404;3411;3412;3416;3417;3421;3424;3426;3427;3428;3430;3431;3435;3438;3440;3445;3451;3457;3464;3470;3471;3472;3474;3489;3490;3492;3493;3496;3497;3504;3510;3513;3517;3518;3521;3523;3528;3532;3534;3557;3558;3565,340.75589262507856
0.5,Leukemia,21,0.01684798175781089,0.9857142857142858,966,3571,0;7;8;10;11;12;13;22;38;43;45;46;57;61;62;63;65;66;69;73;76;77;78;82;83;85;92;93;99;100;107;109;110;116;119;134;139;140;142;157;161;169;170;174;177;185;186;187;189;207;209;210;217;219;228;230;231;237;239;247;250;253;257;268;277;281;283;287;294;296;297;301;303;306;313;317;324;326;331;334;337;339;349;351;352;353;358;363;364;375;376;382;385;388;390;395;405;410;419;420;423;432;433;436;437;440;445;446;448;451;453;458;461;463;464;468;472;478;480;481;486;487;488;489;490;493;497;498;502;503;505;508;509;512;514;515;519;520;532;543;544;548;550;555;557;563;564;565;566;575;580;581;582;588;589;591;593;595;596;598;599;600;606;609;622;625;627;631;637;638;641;644;649;654;655;663;667;671;675;676;680;686;687;694;697;700;703;715;718;721;722;727;729;732;733;736;740;744;745;749;750;753;755;756;761;762;773;775;778;783;784;786;787;791;797;799;804;805;807;842;844;845;848;853;854;855;857;859;862;866;867;868;872;873;874;875;878;885;888;892;893;898;908;917;918;920;926;927;928;935;936;939;948;951;952;954;958;968;970;973;976;977;978;995;997;998;1001;1005;1010;1013;1018;1026;1034;1036;1038;1040;1042;1053;1056;1059;1065;1066;1070;1072;1076;1081;1083;1084;1092;1096;1098;1100;1108;1113;1114;1120;1123;1126;1132;1143;1144;1145;1147;1148;1151;1158;1168;1171;1172;1174;1178;1179;1181;1183;1187;1189;1194;1197;1211;1213;1214;1218;1231;1232;1233;1237;1238;1239;1242;1249;1251;1253;1262;1266;1269;1274;1288;1292;1293;1297;1300;1309;1311;1312;1319;1323;1324;1326;1330;1336;1339;1342;1345;1347;1351;1353;1367;1368;1371;1376;1381;1382;1383;1384;1386;1387;1392;1398;1404;1407;1409;1411;1416;1432;1434;1441;1449;1450;1458;1459;1462;1467;1472;1474;1478;1482;1485;1488;1490;1494;1495;1496;1497;1502;1505;1511;1512;1514;1518;1519;1521;1522;1523;1531;1535;1539;1541;1544;1554;1560;1561;1563;1571;1573;1577;1585;1586;1587;1591;1593;1595;1596;1598;1599;1600;1610;1611;1613;1619;1620;1624;1625;1627;1634;1637;1638;1639;1641;1642;1651;1654;1655;1657;1665;1666;1670;1672;1680;1684;1686;1688;1690;1697;1702;1709;1710;1711;1728;1730;1733;1736;1740;1744;1746;1748;1752;1770;1771;1774;1779;1781;1783;1786;1800;1803;1805;1807;1817;1818;1821;1825;1830;1835;1840;1842;1850;1853;1858;1868;1875;1876;1878;1888;1891;1893;1896;1899;1904;1909;1911;1913;1915;1918;1919;1922;1928;1929;1932;1935;1936;1944;1945;1949;1954;1966;1973;1976;1978;1980;1983;1984;1993;1996;2001;2004;2010;2013;2015;2019;2020;2029;2033;2036;2038;2039;2045;2048;2051;2053;2056;2059;2060;2062;2065;2066;2067;2081;2086;2090;2095;2097;2099;2103;2105;2108;2110;2112;2116;2117;2119;2120;2121;2122;2126;2127;2140;2141;2145;2146;2148;2160;2162;2165;2169;2171;2174;2175;2176;2177;2181;2184;2189;2191;2194;2195;2202;2208;2212;2213;2217;2219;2224;2225;2227;2232;2235;2245;2252;2253;2265;2266;2269;2275;2276;2281;2282;2283;2289;2294;2301;2303;2304;2308;2313;2314;2315;2318;2320;2321;2323;2329;2346;2347;2354;2355;2357;2361;2363;2365;2372;2375;2377;2378;2382;2385;2388;2398;2400;2401;2403;2410;2412;2413;2414;2416;2418;2426;2427;2432;2433;2442;2446;2448;2453;2457;2461;2465;2466;2468;2475;2480;2481;2495;2496;2498;2502;2504;2509;2515;2517;2519;2522;2523;2525;2530;2531;2532;2533;2539;2540;2545;2549;2551;2552;2559;2562;2565;2567;2570;2581;2590;2591;2595;2599;2606;2610;2615;2617;2620;2622;2623;2625;2629;2631;2635;2639;2644;2648;2661;2662;2665;2672;2683;2684;2693;2695;2698;2699;2714;2716;2721;2722;2723;2726;2728;2731;2732;2733;2734;2736;2739;2741;2747;2748;2752;2765;2768;2772;2773;2776;2779;2786;2788;2790;2792;2797;2799;2801;2802;2804;2806;2811;2814;2815;2819;2824;2830;2831;2834;2835;2836;2838;2839;2845;2849;2851;2856;2857;2858;2861;2863;2874;2876;2878;2883;2885;2888;2889;2890;2891;2893;2897;2904;2907;2908;2918;2926;2928;2930;2933;2934;2935;2937;2941;2945;2950;2952;2953;2959;2962;2963;2972;2976;2983;2985;2986;2987;2988;2993;2995;2996;3012;3018;3019;3020;3021;3022;3023;3026;3029;3031;3034;3037;3041;3042;3048;3049;3050;3054;3061;3063;3067;3077;3081;3086;3087;3094;3095;3097;3101;3102;3105;3107;3116;3119;3124;3126;3132;3134;3136;3138;3141;3144;3145;3146;3154;3157;3158;3159;3161;3163;3172;3173;3176;3179;3184;3185;3193;3194;3195;3196;3200;3205;3211;3212;3215;3217;3218;3220;3222;3230;3231;3239;3241;3251;3254;3256;3260;3262;3263;3265;3268;3271;3273;3279;3282;3293;3294;3300;3305;3306;3310;3320;3322;3327;3331;3336;3337;3344;3351;3352;3355;3358;3364;3373;3376;3377;3384;3388;3395;3402;3403;3408;3415;3416;3417;3420;3423;3424;3427;3433;3434;3436;3437;3438;3440;3445;3454;3459;3461;3462;3465;3466;3470;3473;3474;3476;3488;3490;3493;3503;3506;3508;3509;3515;3523;3525;3526;3529;3531;3541;3553;3554;3561;3562;3568,347.2283577923663
0.5,Leukemia,22,0.016817178061367313,0.9857142857142858,955,3571,4;8;12;16;18;24;28;34;35;37;38;39;40;44;46;48;52;61;64;65;68;74;76;84;89;92;94;109;111;121;125;126;133;134;135;136;137;140;141;143;144;146;150;161;168;170;171;174;176;185;192;196;201;202;206;209;211;213;217;224;229;230;231;233;235;236;239;240;242;247;249;251;260;261;263;264;266;271;275;276;277;280;295;301;302;309;312;319;324;326;327;328;332;335;339;345;349;351;356;357;361;366;370;372;373;380;385;389;392;393;400;403;405;409;415;418;420;421;422;425;434;435;439;440;442;453;459;460;461;463;465;474;480;488;489;490;493;494;499;500;502;504;505;511;522;523;530;531;535;546;547;549;557;558;559;566;567;580;584;588;589;593;594;595;598;601;602;604;608;609;611;613;614;616;617;621;622;626;630;634;639;641;642;646;647;648;653;662;663;680;681;682;685;686;687;688;692;704;709;713;721;725;732;734;738;740;756;764;765;767;768;771;782;792;793;797;800;802;811;815;816;817;821;824;827;836;842;843;844;849;860;862;865;872;873;879;886;890;896;898;901;902;906;907;909;910;911;912;913;914;915;918;920;921;925;927;929;933;936;949;950;952;955;959;961;973;978;980;982;985;990;993;995;996;1000;1001;1002;1003;1006;1010;1011;1013;1025;1026;1029;1035;1041;1042;1043;1048;1050;1054;1055;1061;1064;1065;1068;1069;1074;1079;1081;1082;1091;1098;1099;1103;1105;1107;1108;1110;1112;1115;1117;1118;1119;1124;1129;1130;1138;1142;1143;1147;1148;1152;1153;1155;1158;1160;1166;1169;1171;1174;1175;1179;1186;1194;1198;1200;1202;1205;1206;1210;1218;1219;1223;1224;1233;1235;1238;1239;1240;1244;1245;1246;1250;1254;1256;1260;1261;1275;1277;1280;1281;1292;1297;1299;1304;1305;1316;1319;1324;1325;1327;1329;1330;1334;1341;1344;1346;1351;1353;1358;1364;1376;1379;1380;1383;1390;1391;1394;1395;1398;1401;1402;1408;1416;1417;1422;1432;1437;1438;1446;1448;1453;1455;1457;1462;1463;1469;1471;1473;1477;1480;1485;1495;1497;1501;1502;1503;1506;1511;1515;1527;1529;1536;1542;1547;1553;1556;1557;1558;1564;1571;1572;1574;1585;1587;1588;1595;1603;1607;1613;1615;1621;1624;1627;1629;1631;1635;1638;1646;1651;1652;1655;1663;1674;1678;1683;1687;1691;1696;1698;1701;1704;1706;1708;1720;1722;1729;1730;1739;1742;1743;1745;1746;1752;1754;1757;1759;1760;1762;1778;1787;1794;1804;1805;1810;1811;1825;1827;1828;1833;1834;1837;1838;1839;1841;1849;1852;1858;1860;1876;1881;1883;1884;1888;1890;1893;1898;1908;1911;1914;1915;1917;1922;1925;1929;1935;1936;1938;1940;1944;1945;1950;1958;1960;1965;1966;1967;1969;1976;1977;1978;1980;1982;1986;1988;1989;1993;1998;2000;2001;2002;2003;2011;2014;2016;2017;2021;2026;2036;2039;2051;2058;2059;2061;2063;2069;2071;2076;2079;2080;2081;2084;2092;2093;2096;2099;2100;2103;2111;2113;2116;2119;2122;2124;2129;2135;2136;2137;2141;2143;2145;2158;2166;2167;2168;2176;2177;2182;2185;2186;2189;2197;2198;2199;2203;2206;2208;2214;2216;2217;2234;2236;2239;2241;2246;2253;2259;2260;2262;2264;2267;2269;2279;2280;2281;2283;2284;2290;2292;2293;2298;2300;2301;2303;2314;2320;2322;2323;2333;2340;2348;2351;2355;2361;2364;2365;2366;2370;2373;2375;2376;2377;2379;2383;2384;2388;2389;2391;2393;2397;2398;2405;2406;2417;2421;2423;2425;2429;2430;2432;2433;2435;2436;2448;2450;2451;2454;2475;2476;2483;2488;2493;2496;2498;2499;2500;2506;2511;2512;2519;2525;2527;2531;2535;2540;2542;2553;2558;2559;2561;2564;2568;2577;2578;2585;2587;2596;2601;2602;2613;2621;2622;2626;2627;2629;2630;2638;2641;2648;2649;2650;2651;2654;2659;2662;2671;2672;2675;2676;2685;2687;2693;2698;2702;2707;2712;2713;2724;2735;2739;2743;2750;2751;2752;2762;2764;2767;2769;2770;2775;2779;2785;2789;2791;2795;2798;2806;2809;2819;2821;2823;2826;2828;2829;2833;2835;2843;2856;2859;2867;2870;2874;2880;2881;2885;2888;2892;2896;2897;2898;2900;2902;2905;2907;2910;2922;2926;2928;2929;2930;2931;2933;2934;2937;2938;2939;2947;2951;2958;2965;2966;2970;2973;2979;2981;2982;2985;2987;2989;2994;2995;3000;3002;3008;3009;3010;3016;3017;3021;3022;3029;3030;3034;3037;3038;3042;3043;3047;3052;3054;3066;3071;3078;3079;3088;3092;3095;3096;3097;3102;3103;3104;3114;3115;3118;3122;3129;3130;3133;3134;3139;3143;3145;3148;3149;3154;3156;3157;3160;3162;3163;3168;3169;3170;3173;3174;3177;3181;3183;3186;3187;3191;3199;3202;3209;3213;3214;3218;3220;3223;3229;3231;3232;3235;3238;3243;3244;3259;3262;3272;3279;3292;3298;3300;3302;3307;3317;3319;3322;3324;3328;3335;3336;3338;3341;3343;3344;3345;3352;3356;3358;3363;3366;3369;3371;3372;3381;3382;3384;3386;3392;3395;3397;3398;3400;3401;3404;3411;3416;3421;3422;3426;3428;3434;3437;3440;3441;3445;3452;3453;3454;3458;3460;3464;3465;3466;3472;3476;3477;3482;3491;3499;3502;3516;3522;3529;3540;3542;3544;3545;3546;3567;3570,349.37219508364797
0.5,Leukemia,23,0.01581271352562305,0.9866666666666667,933,3571,3;10;13;14;15;24;25;28;32;35;39;40;45;46;47;51;54;60;67;75;77;78;79;81;89;101;105;109;117;136;138;144;156;163;171;175;189;192;199;203;210;211;213;215;218;224;235;236;237;245;249;257;258;263;264;276;278;282;289;292;293;294;295;300;302;304;307;308;312;318;322;328;329;331;333;334;344;346;347;348;351;357;361;367;368;380;382;384;386;390;392;395;399;400;401;414;416;417;419;422;423;424;426;429;434;436;439;440;441;443;445;449;452;454;461;462;468;471;474;482;486;487;489;498;505;517;524;525;527;530;535;537;541;545;547;558;559;564;566;568;572;580;581;582;591;594;598;600;613;614;617;621;623;628;631;633;638;641;647;654;656;659;660;661;666;668;678;680;682;686;687;698;701;704;705;710;711;714;717;719;722;724;730;732;734;739;746;747;748;753;757;758;759;771;773;774;775;776;778;784;788;789;791;798;809;816;820;827;831;833;837;838;840;848;850;859;873;874;877;879;880;881;886;890;891;894;901;905;906;908;915;916;923;924;931;933;935;936;937;938;945;948;949;950;953;963;964;975;983;985;986;990;997;1000;1002;1006;1012;1013;1016;1021;1026;1027;1028;1034;1038;1041;1042;1043;1044;1046;1047;1052;1058;1062;1072;1089;1097;1101;1103;1106;1109;1110;1111;1112;1118;1122;1128;1130;1136;1144;1146;1147;1154;1156;1161;1162;1164;1167;1168;1172;1176;1178;1179;1181;1184;1190;1192;1204;1206;1208;1209;1217;1218;1219;1220;1224;1232;1235;1236;1238;1242;1244;1245;1246;1251;1255;1259;1262;1265;1272;1273;1280;1282;1289;1292;1293;1298;1309;1310;1312;1317;1321;1323;1327;1328;1329;1330;1332;1338;1340;1357;1363;1364;1366;1367;1369;1380;1381;1384;1386;1393;1394;1398;1399;1401;1402;1408;1409;1410;1415;1418;1420;1432;1437;1441;1448;1450;1455;1459;1461;1463;1471;1473;1476;1480;1483;1484;1496;1507;1508;1520;1527;1530;1532;1535;1538;1543;1544;1545;1549;1551;1552;1554;1561;1562;1566;1569;1577;1578;1580;1585;1594;1596;1601;1602;1612;1619;1622;1625;1632;1633;1634;1644;1645;1648;1651;1653;1654;1655;1658;1661;1666;1668;1676;1680;1681;1685;1688;1690;1695;1696;1698;1700;1711;1716;1720;1730;1733;1738;1743;1746;1747;1748;1750;1752;1759;1762;1763;1779;1783;1789;1791;1796;1809;1810;1812;1815;1820;1822;1824;1828;1841;1849;1850;1851;1860;1862;1865;1868;1873;1880;1881;1888;1896;1897;1902;1904;1908;1909;1917;1922;1927;1928;1929;1930;1935;1948;1954;1955;1957;1962;1964;1972;1974;1977;1978;1981;1982;1983;1984;1986;1989;1992;1993;1996;1998;1999;2011;2013;2016;2021;2027;2028;2032;2035;2038;2042;2044;2051;2052;2063;2066;2069;2072;2073;2076;2077;2081;2085;2090;2092;2093;2094;2101;2106;2110;2113;2118;2137;2139;2147;2151;2155;2160;2167;2168;2170;2195;2200;2205;2209;2211;2214;2216;2217;2218;2219;2224;2225;2234;2236;2242;2243;2244;2245;2249;2257;2262;2263;2268;2278;2281;2282;2285;2288;2289;2293;2301;2303;2306;2307;2310;2317;2318;2322;2323;2325;2326;2332;2333;2336;2338;2340;2347;2368;2372;2373;2378;2381;2382;2385;2388;2391;2393;2394;2397;2400;2403;2404;2416;2420;2421;2430;2442;2446;2452;2459;2462;2468;2470;2472;2473;2474;2476;2480;2484;2489;2491;2496;2498;2509;2512;2515;2516;2529;2534;2538;2540;2541;2543;2545;2548;2558;2561;2562;2565;2568;2570;2574;2576;2577;2579;2580;2586;2589;2591;2593;2599;2601;2603;2604;2609;2610;2612;2614;2615;2616;2623;2633;2635;2640;2642;2646;2647;2653;2657;2658;2659;2663;2677;2678;2679;2681;2683;2684;2686;2694;2696;2701;2705;2716;2718;2720;2721;2742;2744;2746;2751;2752;2754;2758;2760;2762;2763;2770;2777;2778;2782;2784;2786;2788;2790;2794;2803;2805;2810;2813;2814;2817;2826;2829;2830;2831;2832;2841;2854;2857;2858;2861;2862;2869;2870;2872;2875;2883;2884;2885;2891;2894;2898;2902;2906;2914;2920;2921;2925;2927;2928;2935;2936;2944;2945;2949;2959;2961;2962;2965;2966;2970;2971;2974;2979;2982;2990;2991;2996;2999;3000;3004;3006;3007;3008;3009;3014;3016;3017;3023;3024;3027;3028;3034;3035;3036;3037;3041;3042;3046;3047;3052;3054;3059;3061;3063;3064;3067;3069;3070;3071;3073;3084;3085;3088;3089;3092;3093;3098;3099;3102;3105;3114;3115;3118;3119;3124;3126;3129;3133;3135;3138;3140;3145;3147;3153;3157;3161;3166;3168;3170;3178;3180;3184;3187;3192;3196;3200;3206;3207;3216;3221;3222;3229;3232;3233;3236;3251;3253;3254;3255;3257;3261;3265;3267;3271;3272;3276;3277;3282;3285;3290;3291;3292;3296;3300;3302;3308;3314;3315;3322;3329;3345;3354;3358;3362;3369;3371;3379;3381;3383;3388;3397;3400;3404;3406;3412;3414;3432;3433;3439;3440;3441;3452;3458;3459;3460;3466;3472;3473;3476;3480;3482;3483;3488;3489;3493;3494;3511;3515;3518;3521;3528;3529;3534;3535;3539;3545;3546;3548;3550;3553;3555;3560;3561;3565,348.23688154062256
0.5,Leukemia,24,0.016763971676601142,0.9857142857142858,936,3571,1;7;10;14;19;21;22;27;30;34;40;48;52;82;86;89;93;95;104;115;117;123;130;132;133;138;140;141;142;147;163;172;192;196;202;204;207;210;211;213;216;218;219;220;229;232;242;244;247;248;254;258;259;267;274;276;278;284;286;289;290;292;293;298;299;305;306;307;308;315;317;318;319;320;321;323;324;331;332;333;334;338;343;344;348;349;357;364;366;378;381;382;384;390;392;393;399;400;405;406;409;414;415;416;417;423;424;427;432;433;434;439;444;446;451;453;455;461;462;463;464;465;466;471;478;481;492;494;495;499;502;506;509;515;516;517;521;522;527;529;536;537;539;544;548;560;564;565;566;592;594;596;597;599;601;606;610;623;631;634;639;647;648;649;652;662;663;670;671;683;689;711;715;716;720;721;722;723;738;740;741;744;745;746;747;756;758;767;768;771;774;775;793;797;800;807;813;817;818;819;820;821;829;830;833;835;837;843;850;854;857;858;865;873;875;881;888;890;896;898;902;906;914;915;925;926;928;930;931;935;938;941;943;948;950;953;955;963;966;978;979;981;984;992;995;1001;1008;1012;1013;1014;1016;1021;1025;1027;1029;1032;1035;1036;1038;1040;1043;1052;1060;1061;1062;1064;1071;1073;1074;1078;1082;1088;1091;1099;1103;1104;1107;1112;1113;1118;1123;1124;1128;1140;1142;1144;1149;1151;1155;1157;1165;1173;1175;1178;1181;1182;1204;1207;1208;1211;1212;1215;1216;1217;1218;1220;1221;1222;1223;1224;1228;1232;1237;1240;1243;1245;1246;1250;1251;1253;1256;1259;1265;1267;1269;1272;1280;1282;1283;1285;1287;1288;1301;1303;1305;1308;1309;1315;1316;1322;1329;1335;1338;1339;1341;1342;1348;1350;1357;1358;1359;1363;1369;1374;1389;1392;1396;1403;1407;1408;1409;1410;1411;1416;1418;1424;1429;1430;1432;1437;1440;1441;1445;1448;1451;1453;1459;1466;1471;1472;1476;1486;1494;1495;1496;1497;1499;1506;1513;1521;1524;1526;1528;1529;1530;1534;1538;1541;1543;1544;1553;1560;1563;1565;1568;1577;1580;1584;1585;1588;1592;1596;1598;1610;1612;1614;1616;1622;1624;1632;1645;1646;1647;1653;1655;1657;1662;1663;1665;1668;1671;1672;1675;1680;1683;1690;1695;1702;1703;1708;1709;1710;1714;1716;1719;1720;1726;1732;1739;1743;1746;1749;1750;1760;1761;1770;1771;1774;1778;1780;1783;1784;1794;1795;1796;1797;1798;1800;1821;1829;1830;1832;1839;1844;1848;1851;1855;1858;1860;1863;1869;1871;1878;1880;1886;1889;1899;1910;1912;1915;1918;1919;1922;1923;1926;1927;1929;1930;1935;1937;1941;1943;1945;1946;1948;1949;1952;1967;1974;1978;1984;1985;1998;1999;2000;2003;2005;2008;2015;2016;2020;2021;2024;2025;2027;2028;2036;2037;2040;2041;2046;2048;2049;2051;2053;2054;2055;2057;2060;2062;2069;2070;2076;2082;2085;2087;2088;2090;2095;2103;2104;2115;2117;2122;2130;2132;2133;2137;2141;2147;2152;2153;2166;2172;2176;2179;2186;2203;2204;2207;2208;2210;2219;2223;2226;2228;2230;2233;2235;2236;2241;2245;2246;2248;2249;2258;2260;2262;2264;2266;2267;2268;2274;2280;2282;2284;2285;2287;2292;2295;2298;2301;2303;2304;2306;2307;2310;2315;2316;2319;2320;2324;2330;2337;2338;2343;2347;2350;2352;2359;2363;2367;2372;2377;2379;2380;2382;2384;2386;2388;2397;2399;2402;2403;2406;2410;2411;2424;2425;2430;2431;2432;2433;2436;2439;2459;2463;2467;2468;2470;2471;2473;2478;2485;2487;2488;2489;2493;2496;2504;2509;2516;2520;2521;2522;2526;2532;2546;2555;2562;2570;2578;2581;2582;2584;2591;2592;2597;2602;2603;2604;2608;2609;2610;2613;2615;2616;2618;2619;2630;2633;2634;2635;2637;2639;2640;2648;2649;2655;2656;2657;2658;2660;2664;2670;2674;2675;2677;2678;2679;2685;2686;2688;2703;2715;2727;2732;2746;2747;2752;2753;2761;2762;2764;2770;2771;2775;2777;2782;2783;2784;2786;2790;2791;2792;2794;2801;2803;2804;2808;2812;2815;2824;2830;2834;2836;2839;2844;2847;2849;2851;2856;2867;2868;2873;2874;2877;2881;2884;2885;2894;2897;2902;2908;2913;2921;2927;2929;2930;2932;2933;2934;2938;2941;2944;2945;2952;2954;2957;2967;2969;2970;2975;2978;2979;2983;2985;2989;2990;2995;2996;3000;3002;3005;3007;3008;3017;3019;3031;3037;3039;3043;3047;3051;3052;3054;3057;3061;3064;3066;3072;3078;3079;3081;3082;3084;3085;3088;3095;3097;3100;3103;3104;3113;3115;3119;3121;3129;3132;3133;3137;3138;3139;3144;3149;3150;3153;3156;3162;3172;3175;3176;3177;3179;3181;3190;3195;3197;3200;3203;3204;3207;3212;3222;3225;3226;3228;3231;3233;3241;3261;3269;3272;3279;3285;3290;3291;3293;3295;3296;3297;3298;3301;3304;3308;3309;3313;3314;3323;3326;3333;3334;3343;3344;3352;3353;3356;3358;3362;3364;3369;3375;3387;3395;3397;3400;3411;3414;3417;3418;3420;3421;3432;3435;3437;3440;3441;3447;3449;3451;3460;3462;3463;3466;3472;3474;3475;3476;3478;3485;3487;3489;3501;3507;3514;3518;3524;3533;3540;3541;3545;3553;3561;3565;3567;3568,348.1121615828015
0.5,Leukemia,25,0.016856382765931863,0.9857142857142858,969,3571,1;5;12;13;21;24;26;30;31;34;40;50;51;53;54;59;61;62;66;67;68;72;77;80;89;93;98;105;108;109;111;116;120;126;132;133;134;136;138;139;141;144;151;157;159;162;169;170;171;172;173;174;178;180;181;185;187;191;194;197;199;206;208;210;211;221;223;226;235;236;240;241;243;246;248;251;257;260;261;263;264;269;271;276;277;283;286;287;291;292;293;297;305;311;321;329;332;334;336;342;343;345;350;352;356;364;365;371;373;378;383;387;401;406;411;417;418;423;424;425;434;441;446;447;448;452;454;455;456;461;462;464;465;471;476;481;485;486;489;490;494;495;500;501;505;506;509;511;515;516;526;535;536;547;549;554;556;558;560;568;570;572;580;589;590;594;605;610;612;615;618;619;621;625;626;637;640;642;646;652;653;654;656;669;674;676;679;680;684;689;694;704;709;719;721;722;732;734;738;740;746;750;754;755;763;767;770;771;785;789;792;799;803;804;805;812;821;825;826;831;834;836;837;843;844;845;846;847;852;862;866;870;873;874;875;877;879;884;886;893;898;910;917;923;930;933;939;940;943;954;955;957;967;969;970;971;974;975;978;980;981;988;991;1000;1004;1005;1008;1012;1015;1018;1026;1034;1038;1041;1043;1045;1049;1052;1056;1061;1071;1074;1076;1077;1079;1081;1086;1091;1096;1100;1101;1104;1107;1108;1110;1111;1115;1122;1131;1132;1133;1138;1140;1144;1145;1148;1155;1157;1160;1162;1163;1165;1169;1180;1183;1186;1187;1190;1196;1197;1213;1219;1221;1222;1225;1227;1233;1238;1242;1244;1246;1247;1253;1255;1263;1267;1271;1276;1283;1284;1285;1288;1294;1295;1309;1319;1325;1328;1330;1331;1332;1335;1341;1342;1346;1360;1367;1368;1371;1375;1376;1379;1380;1385;1392;1394;1402;1403;1405;1408;1409;1410;1419;1420;1423;1424;1429;1432;1433;1436;1445;1448;1451;1453;1462;1466;1471;1474;1476;1477;1478;1479;1488;1493;1494;1495;1500;1518;1523;1524;1525;1526;1527;1531;1540;1547;1555;1561;1568;1572;1574;1577;1580;1585;1587;1590;1592;1593;1606;1607;1608;1611;1615;1616;1619;1621;1624;1634;1635;1637;1638;1646;1647;1655;1657;1660;1664;1665;1666;1668;1686;1687;1696;1698;1699;1701;1704;1707;1709;1714;1716;1722;1724;1729;1736;1737;1740;1742;1743;1744;1765;1771;1773;1774;1780;1782;1783;1786;1788;1789;1792;1797;1802;1804;1810;1817;1819;1823;1827;1832;1834;1842;1845;1846;1849;1852;1854;1857;1862;1869;1873;1876;1878;1879;1886;1887;1888;1896;1911;1913;1920;1921;1923;1930;1935;1937;1940;1941;1949;1950;1951;1952;1954;1955;1958;1960;1968;1969;1970;1975;1977;1978;1984;1985;1986;1991;1993;1995;1998;2000;2003;2007;2009;2018;2019;2033;2036;2050;2057;2060;2062;2065;2066;2068;2069;2070;2071;2073;2077;2080;2082;2089;2091;2095;2098;2101;2102;2105;2115;2121;2123;2125;2133;2137;2138;2140;2145;2151;2156;2161;2165;2169;2170;2172;2173;2181;2187;2194;2196;2197;2201;2207;2213;2220;2221;2222;2224;2237;2245;2247;2250;2257;2264;2281;2286;2287;2289;2292;2294;2296;2299;2300;2309;2315;2316;2317;2322;2332;2336;2339;2350;2356;2357;2360;2364;2366;2367;2368;2378;2385;2387;2391;2396;2397;2400;2402;2408;2411;2412;2413;2419;2422;2424;2432;2436;2437;2441;2444;2446;2447;2448;2449;2452;2453;2454;2456;2466;2467;2469;2470;2471;2472;2473;2474;2475;2480;2484;2486;2488;2495;2500;2501;2506;2509;2510;2515;2518;2524;2528;2530;2531;2534;2536;2538;2554;2560;2561;2562;2563;2572;2573;2576;2585;2587;2589;2600;2601;2603;2604;2606;2612;2617;2621;2623;2632;2639;2644;2649;2659;2664;2665;2667;2669;2670;2676;2678;2681;2682;2689;2690;2691;2692;2694;2695;2699;2712;2715;2732;2734;2742;2753;2757;2762;2767;2780;2781;2783;2787;2792;2793;2794;2797;2803;2806;2815;2824;2825;2828;2830;2832;2835;2837;2838;2840;2843;2847;2849;2854;2856;2859;2863;2864;2871;2879;2886;2887;2888;2890;2891;2894;2895;2896;2898;2899;2902;2905;2906;2910;2914;2916;2921;2924;2925;2928;2929;2931;2937;2938;2939;2940;2941;2947;2948;2949;2954;2956;2957;2960;2964;2968;2973;2975;2976;2981;2983;2984;2989;2990;2996;2997;3001;3012;3015;3019;3021;3022;3024;3027;3031;3035;3037;3040;3047;3048;3050;3052;3053;3057;3062;3064;3066;3069;3071;3072;3074;3078;3079;3084;3087;3088;3089;3090;3092;3095;3097;3098;3102;3104;3108;3109;3113;3119;3120;3121;3125;3126;3129;3130;3131;3137;3142;3150;3152;3153;3157;3159;3164;3170;3172;3173;3176;3177;3179;3181;3182;3184;3194;3199;3200;3206;3213;3215;3216;3219;3220;3223;3224;3227;3232;3235;3236;3242;3245;3252;3253;3260;3262;3264;3266;3268;3271;3273;3284;3289;3292;3293;3301;3303;3304;3308;3310;3313;3316;3317;3318;3322;3324;3328;3329;3335;3340;3341;3342;3344;3348;3352;3358;3367;3370;3372;3377;3384;3385;3397;3398;3404;3411;3418;3419;3421;3423;3426;3428;3434;3437;3438;3456;3457;3458;3459;3460;3461;3465;3473;3477;3487;3490;3493;3497;3498;3499;3500;3501;3505;3509;3513;3516;3519;3523;3524;3528;3530;3531;3532;3549;3563;3565;3567;3570,351.4042719579302
0.5,Leukemia,26,0.016761171340560817,0.9857142857142858,935,3571,1;5;7;13;15;18;28;29;31;32;49;52;53;55;56;61;64;70;73;74;83;84;90;91;94;98;103;108;111;122;124;128;129;131;135;140;143;149;154;156;159;160;162;165;171;173;188;193;196;197;198;199;207;209;211;213;216;226;227;230;233;242;245;249;258;263;264;268;273;274;281;285;287;288;290;297;302;305;308;310;313;321;324;329;332;333;336;343;348;351;354;359;363;366;367;368;369;371;372;374;391;392;395;404;411;414;416;418;424;425;427;429;431;432;435;437;439;441;446;447;448;450;451;452;457;459;463;464;467;480;485;486;489;491;502;503;511;519;521;522;529;531;536;537;539;540;543;546;548;550;554;562;571;577;578;583;585;593;594;597;604;605;607;608;622;625;629;634;639;640;641;642;644;645;656;664;665;669;674;676;680;681;692;693;702;704;705;706;709;711;721;728;732;735;744;745;748;750;754;763;766;772;775;778;779;780;782;787;796;797;801;804;807;808;816;817;819;823;825;826;827;829;832;833;836;848;850;853;860;862;867;873;874;878;880;888;893;901;902;904;905;906;912;913;915;916;918;924;925;926;927;931;940;951;953;961;963;964;965;969;971;976;978;980;983;986;987;989;992;993;994;998;1000;1003;1006;1013;1015;1016;1027;1028;1033;1039;1043;1048;1049;1053;1058;1060;1061;1062;1063;1064;1071;1072;1076;1077;1080;1083;1086;1089;1095;1097;1100;1103;1104;1108;1109;1113;1126;1127;1131;1141;1149;1150;1151;1152;1154;1155;1158;1161;1165;1173;1179;1181;1182;1188;1189;1195;1197;1198;1199;1204;1208;1213;1220;1222;1224;1225;1226;1232;1249;1251;1254;1263;1264;1266;1271;1272;1274;1278;1285;1288;1302;1303;1305;1306;1307;1314;1318;1321;1330;1331;1339;1340;1342;1343;1346;1362;1365;1367;1370;1373;1381;1398;1402;1404;1406;1408;1411;1415;1419;1422;1426;1428;1437;1445;1448;1451;1453;1454;1461;1462;1465;1472;1473;1474;1480;1489;1493;1494;1495;1499;1500;1508;1511;1516;1519;1520;1524;1527;1528;1534;1537;1539;1540;1558;1561;1563;1566;1567;1575;1576;1578;1580;1587;1592;1596;1598;1602;1603;1607;1618;1619;1621;1624;1625;1629;1632;1641;1643;1649;1650;1653;1656;1657;1659;1661;1664;1665;1667;1673;1674;1676;1678;1683;1685;1688;1689;1691;1693;1699;1708;1710;1712;1714;1719;1724;1728;1730;1731;1737;1738;1741;1742;1748;1756;1758;1764;1765;1766;1772;1774;1788;1791;1793;1814;1820;1821;1822;1828;1829;1840;1842;1845;1850;1855;1857;1860;1878;1883;1884;1890;1892;1894;1901;1904;1905;1917;1919;1922;1929;1938;1940;1941;1942;1947;1948;1949;1952;1957;1958;1959;1960;1963;1973;1974;1983;1984;1987;1989;1996;2005;2006;2013;2017;2019;2022;2023;2024;2028;2029;2048;2049;2051;2061;2062;2063;2066;2076;2077;2080;2083;2090;2091;2093;2098;2105;2111;2113;2121;2122;2135;2136;2139;2140;2144;2145;2146;2148;2154;2156;2170;2172;2174;2176;2179;2185;2186;2187;2194;2195;2198;2209;2210;2213;2215;2218;2219;2221;2225;2227;2228;2230;2231;2232;2234;2235;2236;2239;2250;2265;2268;2275;2284;2285;2288;2292;2296;2298;2299;2308;2310;2313;2318;2323;2324;2325;2327;2328;2333;2334;2335;2356;2360;2366;2367;2369;2371;2372;2373;2376;2378;2379;2380;2384;2385;2389;2394;2395;2401;2403;2405;2413;2414;2416;2418;2422;2427;2429;2433;2437;2439;2444;2445;2448;2459;2461;2469;2470;2474;2479;2480;2485;2488;2492;2493;2494;2499;2500;2504;2505;2506;2507;2511;2518;2519;2528;2536;2538;2540;2541;2544;2545;2546;2552;2555;2556;2557;2576;2579;2582;2586;2587;2592;2597;2598;2599;2602;2603;2604;2607;2611;2614;2615;2626;2630;2631;2634;2639;2646;2648;2654;2657;2665;2671;2679;2681;2682;2687;2692;2698;2699;2703;2710;2715;2721;2726;2728;2730;2731;2735;2741;2743;2744;2748;2750;2754;2757;2760;2767;2775;2776;2778;2779;2781;2785;2789;2791;2797;2798;2801;2803;2804;2806;2809;2813;2814;2815;2817;2818;2820;2825;2829;2837;2865;2868;2871;2882;2887;2888;2891;2894;2895;2896;2904;2905;2908;2911;2920;2929;2930;2933;2937;2939;2945;2949;2950;2951;2955;2962;2963;2973;2978;2979;2987;2990;2993;2995;2996;3000;3009;3012;3014;3016;3017;3041;3044;3054;3070;3074;3075;3076;3080;3083;3089;3092;3102;3107;3112;3115;3120;3127;3128;3141;3151;3152;3153;3156;3159;3162;3166;3169;3172;3174;3176;3185;3188;3192;3201;3202;3205;3206;3208;3209;3213;3215;3217;3220;3228;3230;3240;3242;3249;3261;3262;3265;3280;3281;3289;3293;3295;3297;3302;3306;3307;3309;3312;3314;3319;3325;3330;3333;3336;3340;3348;3352;3354;3356;3366;3369;3373;3375;3376;3381;3385;3389;3390;3392;3394;3396;3397;3398;3399;3400;3401;3407;3411;3412;3416;3418;3424;3428;3440;3441;3454;3455;3457;3458;3463;3464;3466;3473;3475;3478;3482;3486;3487;3488;3489;3491;3492;3496;3502;3503;3510;3514;3519;3520;3538;3549;3557;3558;3559;3565;3569,351.97553262487054
0.5,Leukemia,27,0.01677517302076244,0.9857142857142858,940,3571,3;5;11;12;23;35;38;43;44;45;46;47;48;52;58;62;66;69;70;72;80;82;87;92;98;99;103;104;109;110;112;118;119;121;123;127;130;132;141;144;155;157;159;163;165;171;174;175;180;183;197;198;201;208;215;231;232;233;238;242;249;251;255;257;262;264;266;270;271;273;276;281;285;286;287;289;290;291;293;294;300;302;303;308;310;313;316;318;321;322;325;338;339;341;342;343;344;349;364;366;368;369;375;379;383;392;394;396;400;406;408;410;411;412;417;419;422;425;428;433;434;435;437;438;441;451;459;460;474;478;479;481;484;485;488;489;490;497;499;501;515;527;532;534;535;538;539;547;555;562;565;569;581;582;583;587;590;592;593;594;596;597;601;612;615;616;619;625;626;629;631;633;634;647;651;655;656;661;672;675;677;679;682;683;684;686;690;693;698;700;705;711;720;728;730;734;738;747;749;753;766;772;774;780;785;791;796;800;801;805;807;809;813;814;815;818;820;821;822;840;842;844;847;857;859;861;862;863;864;866;868;869;870;871;872;886;889;898;899;906;907;908;909;913;914;915;918;923;931;942;954;955;956;968;971;976;978;982;992;1002;1005;1007;1008;1013;1014;1015;1016;1017;1021;1030;1031;1039;1040;1041;1050;1052;1057;1058;1063;1068;1078;1081;1087;1089;1090;1098;1100;1108;1111;1113;1115;1118;1119;1124;1133;1139;1143;1149;1156;1159;1160;1163;1164;1174;1175;1176;1179;1180;1185;1190;1196;1198;1199;1200;1204;1206;1208;1209;1212;1215;1218;1224;1225;1228;1233;1236;1239;1240;1242;1243;1245;1246;1250;1252;1254;1256;1261;1263;1271;1275;1276;1281;1282;1292;1294;1295;1301;1304;1307;1309;1311;1314;1317;1324;1325;1326;1330;1332;1333;1338;1339;1345;1346;1347;1357;1361;1365;1367;1370;1371;1378;1379;1392;1399;1402;1411;1413;1415;1421;1426;1431;1432;1433;1443;1460;1463;1464;1467;1469;1471;1472;1475;1479;1488;1491;1493;1505;1527;1529;1536;1540;1543;1547;1555;1558;1562;1565;1569;1577;1578;1583;1585;1586;1587;1600;1608;1609;1613;1619;1624;1625;1628;1640;1642;1651;1652;1660;1663;1668;1670;1677;1682;1684;1691;1694;1698;1700;1701;1705;1709;1712;1715;1717;1741;1744;1747;1748;1752;1754;1757;1767;1769;1771;1774;1776;1777;1779;1780;1785;1791;1794;1795;1800;1805;1806;1810;1812;1813;1815;1818;1820;1827;1828;1832;1834;1837;1840;1845;1847;1851;1852;1853;1858;1862;1867;1870;1871;1876;1878;1882;1888;1890;1894;1899;1906;1907;1908;1914;1916;1917;1918;1920;1922;1925;1927;1933;1934;1940;1942;1945;1955;1956;1958;1959;1966;1970;1977;1983;1987;1988;1991;2005;2009;2011;2012;2014;2022;2026;2027;2029;2035;2038;2040;2042;2044;2047;2049;2050;2057;2059;2061;2062;2065;2067;2082;2083;2090;2091;2097;2103;2109;2110;2115;2117;2120;2132;2135;2140;2141;2143;2145;2147;2155;2158;2167;2176;2177;2180;2183;2186;2189;2191;2197;2199;2200;2213;2216;2221;2223;2226;2228;2231;2234;2236;2237;2239;2240;2241;2242;2248;2249;2250;2253;2259;2260;2282;2283;2288;2289;2295;2297;2299;2300;2301;2302;2306;2307;2308;2310;2314;2318;2319;2322;2326;2330;2338;2346;2354;2355;2356;2359;2360;2366;2371;2375;2379;2382;2386;2389;2393;2395;2396;2398;2402;2405;2410;2412;2417;2420;2421;2428;2429;2434;2436;2438;2439;2441;2443;2446;2456;2459;2461;2467;2471;2472;2475;2483;2487;2489;2491;2493;2496;2510;2515;2516;2519;2525;2530;2532;2535;2541;2545;2549;2552;2558;2559;2563;2564;2568;2581;2586;2592;2595;2597;2603;2613;2616;2619;2622;2624;2628;2629;2633;2638;2640;2644;2647;2651;2661;2666;2667;2671;2672;2680;2681;2686;2692;2693;2694;2695;2699;2701;2714;2718;2722;2725;2728;2729;2731;2733;2739;2742;2743;2752;2758;2768;2770;2772;2777;2778;2782;2788;2789;2792;2797;2798;2799;2806;2808;2811;2813;2821;2825;2826;2828;2830;2832;2834;2840;2841;2845;2849;2854;2859;2872;2873;2874;2880;2882;2883;2886;2888;2889;2891;2892;2899;2901;2905;2906;2910;2924;2928;2947;2949;2953;2956;2957;2958;2959;2962;2970;2971;2977;2980;2982;2983;2987;2988;2989;2992;2995;3000;3005;3009;3011;3012;3017;3019;3020;3024;3025;3028;3029;3030;3034;3035;3037;3039;3049;3052;3067;3071;3083;3084;3092;3093;3095;3097;3106;3111;3112;3114;3118;3119;3122;3125;3129;3134;3136;3137;3139;3142;3143;3150;3154;3162;3168;3173;3177;3179;3180;3186;3187;3188;3189;3191;3198;3201;3202;3208;3212;3227;3230;3232;3235;3247;3248;3249;3252;3257;3261;3267;3271;3272;3275;3276;3277;3292;3293;3300;3303;3306;3307;3308;3309;3314;3317;3322;3330;3350;3352;3357;3358;3359;3360;3365;3368;3369;3370;3372;3383;3384;3387;3389;3390;3395;3408;3411;3412;3414;3416;3417;3418;3424;3425;3426;3428;3430;3440;3444;3454;3462;3465;3467;3475;3478;3480;3487;3489;3491;3500;3502;3505;3506;3512;3513;3520;3521;3529;3533;3534;3538;3546;3556;3557;3558;3561;3562;3565;3568,347.2777550420724
0.5,Leukemia,28,0.01679757570908504,0.9857142857142858,948,3571,0;4;7;13;15;19;23;25;30;32;33;34;37;39;54;60;61;62;64;66;68;72;77;79;92;93;96;99;100;103;104;105;112;114;116;119;123;127;129;135;139;141;147;154;156;159;170;171;173;174;181;185;187;190;191;194;195;199;207;214;215;218;221;225;226;229;231;232;233;236;244;247;248;256;258;261;263;265;266;268;276;278;284;302;316;317;320;321;328;329;337;340;341;348;353;361;366;375;376;377;379;381;384;386;390;396;397;398;399;400;403;404;405;406;407;410;412;413;419;422;424;438;448;449;461;473;480;483;487;489;497;499;503;512;513;518;522;524;527;530;533;538;542;544;552;560;564;569;573;586;587;589;592;594;597;602;607;610;613;614;620;624;630;631;633;634;635;636;637;641;642;648;649;662;665;675;679;681;683;686;687;692;694;697;698;703;715;716;718;722;723;725;727;730;731;735;738;741;745;752;753;754;755;761;775;777;778;781;804;806;807;811;817;819;823;833;838;844;845;846;866;869;872;873;879;881;885;888;889;894;897;898;899;900;901;906;909;913;914;916;919;920;926;928;934;940;945;946;947;948;949;950;952;954;956;957;958;960;961;968;975;978;984;986;989;995;999;1002;1013;1018;1021;1027;1031;1032;1036;1045;1046;1048;1050;1052;1059;1062;1063;1066;1072;1074;1075;1079;1080;1088;1092;1093;1098;1107;1108;1121;1122;1135;1137;1138;1139;1144;1153;1155;1158;1159;1161;1170;1178;1179;1180;1181;1184;1185;1186;1189;1196;1197;1200;1201;1204;1213;1223;1224;1229;1230;1231;1235;1236;1238;1241;1243;1244;1249;1250;1254;1258;1260;1269;1276;1278;1281;1283;1289;1293;1294;1297;1303;1304;1311;1312;1314;1321;1323;1326;1330;1335;1340;1344;1348;1357;1362;1364;1365;1366;1377;1379;1381;1382;1384;1385;1390;1394;1398;1404;1411;1412;1413;1415;1420;1422;1423;1424;1425;1426;1427;1434;1441;1444;1448;1450;1451;1455;1460;1462;1465;1468;1470;1475;1478;1481;1484;1485;1488;1489;1491;1492;1498;1500;1508;1520;1522;1530;1533;1534;1543;1547;1549;1550;1554;1559;1562;1566;1569;1570;1573;1578;1579;1581;1582;1584;1585;1586;1591;1594;1596;1597;1598;1599;1608;1616;1618;1625;1627;1631;1632;1634;1636;1637;1640;1642;1649;1650;1651;1653;1655;1657;1661;1663;1665;1673;1686;1697;1698;1701;1702;1703;1704;1705;1709;1710;1715;1718;1721;1726;1727;1729;1733;1737;1738;1741;1742;1746;1753;1759;1761;1762;1767;1768;1770;1771;1777;1780;1786;1788;1793;1799;1804;1807;1809;1812;1816;1817;1819;1829;1830;1831;1833;1834;1835;1836;1838;1839;1848;1851;1853;1856;1860;1861;1862;1865;1869;1882;1886;1889;1900;1903;1911;1912;1915;1916;1918;1921;1926;1930;1932;1935;1939;1943;1948;1949;1953;1960;1964;1967;1968;1976;1981;1982;1984;1985;1987;1991;1995;1996;2007;2015;2023;2025;2028;2033;2034;2037;2043;2044;2046;2051;2059;2060;2062;2063;2069;2073;2075;2077;2081;2087;2092;2096;2098;2101;2103;2115;2117;2121;2127;2132;2136;2139;2143;2154;2157;2159;2163;2165;2166;2169;2188;2190;2195;2201;2205;2210;2217;2219;2223;2228;2230;2231;2234;2236;2246;2247;2251;2256;2258;2261;2262;2267;2271;2275;2282;2283;2288;2290;2292;2294;2298;2300;2302;2305;2332;2333;2334;2336;2338;2345;2346;2347;2349;2350;2351;2353;2355;2357;2367;2373;2381;2384;2389;2391;2392;2395;2396;2398;2401;2403;2406;2421;2433;2438;2441;2442;2444;2445;2446;2447;2448;2451;2465;2466;2467;2468;2471;2475;2476;2479;2480;2481;2482;2483;2485;2486;2487;2491;2496;2499;2501;2502;2506;2511;2512;2513;2514;2516;2518;2519;2528;2530;2536;2537;2539;2542;2545;2547;2548;2554;2560;2561;2568;2573;2580;2585;2587;2588;2590;2594;2595;2602;2609;2620;2624;2634;2637;2638;2640;2644;2645;2646;2647;2650;2655;2656;2657;2660;2661;2670;2677;2682;2686;2687;2688;2689;2694;2695;2697;2699;2704;2705;2712;2716;2718;2719;2725;2730;2735;2739;2740;2748;2755;2763;2766;2777;2781;2784;2786;2787;2794;2795;2797;2811;2815;2821;2823;2828;2831;2832;2835;2836;2842;2847;2854;2857;2860;2863;2865;2867;2871;2874;2879;2890;2896;2897;2899;2902;2906;2910;2912;2926;2930;2939;2941;2953;2954;2957;2958;2979;2985;2993;3006;3009;3013;3019;3023;3031;3041;3046;3049;3060;3065;3072;3083;3084;3090;3095;3096;3097;3101;3107;3109;3117;3120;3122;3123;3124;3126;3128;3129;3131;3136;3139;3140;3144;3145;3146;3151;3153;3154;3165;3174;3186;3194;3197;3200;3203;3208;3209;3212;3215;3217;3220;3221;3222;3223;3226;3235;3260;3261;3262;3265;3266;3273;3275;3279;3280;3281;3285;3291;3295;3299;3300;3302;3303;3310;3316;3317;3318;3321;3333;3337;3340;3347;3352;3354;3357;3359;3363;3367;3370;3371;3372;3373;3374;3381;3387;3388;3393;3394;3395;3396;3398;3401;3402;3410;3412;3413;3414;3415;3422;3426;3440;3448;3450;3454;3455;3461;3465;3466;3473;3475;3476;3479;3494;3505;3510;3513;3521;3529;3532;3538;3543;3551;3555;3559;3562;3563;3565;3566,347.6473570833914
0.5,Leukemia,29,0.016741568988278544,0.9857142857142858,928,3571,0;2;6;13;21;22;25;29;34;38;43;51;59;71;72;74;76;77;84;85;86;90;92;100;101;102;105;109;119;121;125;129;135;137;141;144;146;147;156;163;164;170;172;174;177;178;179;180;184;188;190;197;201;203;206;214;215;222;223;226;227;233;236;243;251;253;257;258;262;267;268;272;281;284;286;287;293;294;295;298;304;312;317;323;324;325;328;330;331;334;335;336;339;341;348;349;356;359;361;364;367;379;382;384;391;393;394;397;399;406;410;411;412;414;415;418;420;422;434;435;438;446;448;449;451;452;455;461;462;468;471;472;473;474;481;483;491;496;503;509;511;515;524;527;528;534;542;548;549;554;557;559;567;570;575;581;582;583;585;587;594;598;599;603;609;611;618;621;624;634;637;641;642;644;647;648;649;652;658;660;662;667;669;671;672;685;687;690;694;700;701;702;703;704;708;723;725;737;746;747;749;750;761;770;774;782;787;790;791;795;796;797;799;807;812;815;818;824;830;831;841;842;844;847;856;857;859;860;868;871;872;874;881;885;888;889;892;895;901;911;914;915;920;921;923;927;930;938;947;951;955;960;966;983;984;985;986;989;991;997;998;1000;1003;1005;1012;1020;1024;1029;1031;1035;1039;1050;1052;1054;1064;1065;1066;1068;1069;1072;1073;1082;1087;1092;1095;1096;1098;1102;1106;1116;1119;1122;1126;1129;1136;1139;1140;1157;1162;1163;1165;1168;1169;1171;1172;1173;1179;1181;1195;1199;1200;1203;1204;1207;1211;1214;1215;1217;1224;1225;1228;1233;1239;1240;1243;1246;1250;1251;1252;1255;1262;1266;1267;1270;1271;1274;1275;1280;1282;1287;1288;1289;1290;1298;1299;1300;1303;1304;1305;1309;1312;1314;1318;1325;1330;1333;1334;1343;1344;1346;1347;1352;1358;1369;1370;1374;1375;1379;1388;1392;1400;1405;1406;1410;1419;1423;1428;1432;1433;1434;1437;1446;1448;1458;1462;1468;1469;1471;1476;1481;1488;1491;1492;1494;1495;1500;1501;1505;1506;1511;1514;1517;1523;1527;1534;1541;1552;1565;1566;1577;1580;1586;1587;1588;1589;1593;1594;1596;1597;1604;1608;1619;1620;1624;1632;1633;1638;1641;1644;1650;1651;1654;1660;1664;1668;1669;1678;1683;1691;1694;1698;1718;1721;1723;1724;1725;1733;1736;1737;1738;1739;1745;1747;1753;1765;1768;1769;1771;1774;1775;1778;1779;1782;1791;1795;1821;1823;1829;1830;1832;1833;1836;1841;1842;1848;1857;1859;1862;1865;1868;1870;1873;1876;1885;1887;1889;1892;1894;1902;1906;1908;1909;1913;1914;1917;1918;1922;1928;1929;1930;1931;1933;1944;1946;1947;1951;1958;1962;1968;1969;1977;1984;1986;1995;1996;2001;2008;2009;2010;2015;2017;2018;2023;2034;2035;2037;2039;2053;2059;2060;2062;2064;2067;2073;2085;2089;2091;2092;2094;2095;2099;2100;2101;2102;2103;2110;2111;2116;2128;2131;2141;2143;2144;2148;2149;2152;2153;2160;2162;2166;2168;2169;2170;2175;2179;2180;2189;2193;2197;2199;2201;2206;2213;2216;2220;2221;2222;2224;2230;2232;2233;2234;2240;2241;2259;2264;2265;2267;2268;2269;2270;2274;2276;2278;2282;2283;2284;2286;2289;2292;2295;2301;2303;2307;2309;2311;2317;2318;2322;2323;2324;2325;2333;2338;2342;2348;2352;2359;2363;2375;2383;2391;2399;2402;2403;2406;2410;2411;2414;2415;2416;2418;2419;2421;2422;2424;2431;2440;2447;2448;2452;2453;2457;2461;2463;2467;2468;2469;2480;2481;2483;2488;2489;2491;2494;2497;2498;2501;2506;2508;2513;2517;2519;2520;2524;2525;2526;2532;2534;2540;2541;2545;2548;2550;2554;2568;2570;2573;2575;2576;2577;2578;2579;2580;2581;2582;2584;2587;2593;2594;2595;2602;2603;2604;2609;2616;2618;2621;2626;2630;2633;2636;2642;2643;2652;2653;2663;2666;2667;2669;2670;2682;2683;2684;2685;2686;2695;2702;2706;2711;2712;2719;2723;2726;2728;2733;2737;2742;2748;2752;2754;2755;2756;2760;2762;2764;2765;2771;2791;2794;2795;2797;2799;2800;2801;2803;2806;2819;2822;2824;2828;2830;2835;2837;2844;2852;2853;2862;2869;2878;2880;2881;2893;2896;2900;2908;2911;2913;2914;2915;2923;2926;2930;2932;2933;2937;2939;2943;2945;2953;2955;2958;2959;2962;2968;2969;2984;2988;2991;2997;2999;3000;3001;3006;3008;3010;3011;3018;3022;3023;3025;3028;3030;3032;3035;3036;3037;3039;3046;3050;3053;3059;3061;3063;3065;3066;3070;3076;3077;3079;3080;3085;3088;3090;3095;3099;3101;3104;3107;3112;3117;3124;3126;3134;3135;3136;3137;3140;3142;3151;3153;3155;3156;3158;3160;3161;3166;3167;3168;3172;3189;3196;3201;3202;3203;3208;3212;3217;3219;3224;3227;3232;3233;3234;3238;3243;3256;3259;3261;3262;3264;3272;3275;3277;3278;3287;3288;3289;3292;3307;3319;3326;3332;3334;3335;3341;3351;3352;3357;3360;3374;3382;3386;3396;3398;3404;3412;3413;3416;3418;3422;3430;3434;3441;3444;3447;3458;3460;3461;3471;3475;3484;3486;3487;3488;3496;3499;3505;3518;3529;3531;3533;3534;3542;3552;3559;3565;3566,341.91884637484327
0.6,Zoo,0,0.025424999999999906,0.9800000000000001,9,16,0;1;2;4;5;8;9;12;13,398.9645792921074
0.6,Zoo,1,0.022924999999999907,0.9800000000000001,5,16,1;3;5;8;12,393.19253387488425
0.6,Zoo,2,0.022924999999999907,0.9800000000000001,5,16,1;3;5;8;12,367.55410054093227
0.6,Zoo,3,0.023078571428571403,0.9804761904761905,6,16,1;3;5;8;12;14,361.22361816698685
0.6,Zoo,5,0.03282500000000003,0.97,5,16,1;2;5;8;12,359.87579762516543
0.6,Zoo,4,0.026049999999999907,0.9800000000000001,10,16,1;2;3;4;5;6;8;11;12;13,363.4370028343983
0.6,Zoo,6,0.022924999999999907,0.9800000000000001,5,16,1;3;5;8;12,356.67785950005054
0.6,Zoo,7,0.022453571428571403,0.9804761904761905,5,16,1;3;5;8;12,346.99747400032356
0.6,Zoo,8,0.022924999999999907,0.9800000000000001,5,16,1;3;5;8;12,257.8248315830715
0.6,Zoo,9,0.022924999999999907,0.9800000000000001,5,16,1;3;5;8;12,231.94061020901427
0.6,Zoo,10,0.025424999999999906,0.9800000000000001,9,16,0;1;2;4;5;8;9;12;13,202.82181883323938
0.6,Zoo,11,0.022924999999999907,0.9800000000000001,5,16,1;3;5;8;12,200.56020670803264
0.6,Zoo,12,0.022924999999999907,0.9800000000000001,5,16,1;3;5;8;12,198.6753052091226
0.6,Zoo,13,0.025424999999999906,0.9800000000000001,9,16,0;1;3;4;5;8;9;12;13,201.7419647919014
0.6,Zoo,14,0.022924999999999907,0.9800000000000001,5,16,1;3;5;8;12,198.00580983329564
0.6,Zoo,15,0.022453571428571403,0.9804761904761905,5,16,1;3;5;8;12,195.437389458064
0.6,Zoo,16,0.02417499999999991,0.9800000000000001,7,16,0;1;2;3;5;8;12,189.1559360837564
0.6,Zoo,17,0.022924999999999907,0.9800000000000001,5,16,1;3;5;8;12,194.28687629196793
0.6,Zoo,18,0.025424999999999906,0.9800000000000001,9,16,0;1;3;4;5;8;9;12;13,194.09294316684827
0.6,Zoo,19,0.0329785714285713,0.9704761904761906,6,16,1;3;5;8;12;13,194.10540512483567
0.6,Zoo,20,0.022453571428571403,0.9804761904761905,5,16,1;3;5;8;12,193.81157495826483
0.6,Zoo,22,0.022924999999999907,0.9800000000000001,5,16,1;3;5;8;12,191.39176349993795
0.6,Zoo,21,0.022924999999999907,0.9800000000000001,5,16,1;3;5;8;12,194.16834891680628
0.6,Zoo,23,0.025424999999999906,0.9800000000000001,9,16,0;1;2;4;5;8;9;12;13,190.64057183312252
0.6,Zoo,24,0.03282499999999992,0.9700000000000001,5,16,1;2;5;8;12,179.879600209184
0.6,Zoo,25,0.01615000000000001,0.99,10,16,1;2;3;4;5;6;8;11;12;13,175.3360296660103
0.6,Sonar,0,0.11784436701509873,0.8846689895470383,22,60,3;8;9;10;15;16;20;21;25;28;32;34;35;36;39;40;42;44;46;48;56;59,146.78896137466654
0.6,Zoo,26,0.02417499999999991,0.9800000000000001,7,16,0;1;2;3;5;8;12,171.5380042088218
0.6,Sonar,1,0.11738443670150979,0.8851335656213706,22,60,0;8;9;11;14;15;20;24;26;28;29;30;31;35;38;40;42;44;50;51;52;54,147.57471483387053
0.6,Zoo,27,0.022453571428571403,0.9804761904761905,5,16,1;3;5;8;12,173.0853385408409
0.6,Zoo,28,0.02479999999999991,0.9800000000000001,8,16,1;2;3;5;8;11;12;13,173.2319704592228
0.6,Zoo,29,0.022924999999999907,0.9800000000000001,5,16,1;3;5;8;12,171.6997525417246
0.6,Sonar,2,0.1120150987224158,0.8895470383275261,16,60,8;11;12;15;23;26;31;33;35;41;44;46;48;51;54;58,154.2433822080493
0.6,Sonar,3,0.0982171893147504,0.9034843205574912,16,60,0;8;10;15;18;21;25;33;36;42;47;48;50;52;55;57,154.35196379199624
0.6,Sonar,4,0.12610627177700345,0.8751451800232288,15,60,7;8;11;16;23;29;30;31;32;41;43;46;48;51;54,146.9121081251651
0.6,Sonar,5,0.1127967479674797,0.8894308943089431,20,60,9;10;16;21;24;27;31;32;34;37;38;40;41;42;44;45;46;52;56;59,143.32764783268794
0.6,Sonar,6,0.09399128919860635,0.9085946573751451,21,60,3;4;7;8;10;11;15;19;21;22;23;25;30;33;41;42;45;46;47;48;57,146.99695387482643
0.6,Sonar,8,0.10763414634146344,0.8943089430894309,18,60,8;9;14;16;21;23;35;36;37;38;40;42;44;45;47;48;52;54,148.52899383287877
0.6,Sonar,9,0.10326480836236944,0.8987224157955864,18,60,0;5;8;9;10;15;17;21;22;27;32;42;44;45;48;50;51;52,148.2895997921005
0.6,Sonar,7,0.1298722415795587,0.870499419279907,10,60,0;5;10;14;15;35;41;44;45;48,163.85451733414084
0.6,Sonar,10,0.10740418118466896,0.894541231126597,18,60,7;9;10;11;15;19;21;23;25;32;38;41;42;45;47;48;56;57,141.13099008286372
0.6,Sonar,11,0.11651103368176541,0.8846689895470383,14,60,4;7;8;9;14;23;26;28;32;36;39;40;47;52,163.189857958816
0.6,Sonar,12,0.11269337979094084,0.8891986062717769,18,60,0;3;7;10;14;22;25;28;31;33;39;43;44;45;46;47;48;54,146.36810466693714
0.6,Sonar,15,0.10268989547038328,0.8993031358885017,18,60,1;7;8;9;10;13;14;19;21;22;23;24;30;35;39;44;53;57,139.94723783340305
0.6,Sonar,14,0.08839198606271788,0.9132404181184668,15,60,3;8;10;21;25;26;32;34;38;41;42;44;46;47;56,148.91958145797253
0.6,Sonar,13,0.11606271777003482,0.8847851335656214,12,60,1;9;16;17;21;34;35;36;39;44;47;48,167.12654162477702
0.6,Sonar,17,0.11496341463414637,0.8894308943089431,33,60,3;5;7;8;10;11;12;15;16;19;20;22;23;24;25;33;34;36;37;40;41;43;44;46;47;48;50;51;52;55;56;58;59,144.36345870792866
0.6,Sonar,16,0.10191986062717774,0.8990708478513356,12,60,0;8;10;16;26;31;32;35;42;45;47;50,166.60415775002912
0.6,Sonar,18,0.10225319396051108,0.8990708478513356,14,60,8;11;16;25;26;32;35;36;40;42;45;46;48;52,169.3316073329188
0.6,Sonar,20,0.1078008130081301,0.8943089430894309,19,60,0;2;9;16;17;21;22;25;28;29;30;35;43;44;46;47;48;51;53,144.2980723339133
0.6,Sonar,19,0.12155865272938442,0.8799070847851336,16,60,1;7;8;9;10;16;19;22;32;34;35;40;42;52;53;57,152.24749949993566
0.6,Sonar,21,0.12184030197444833,0.8797909407665505,17,60,5;7;8;11;16;23;25;31;32;35;36;44;45;46;54;56;59,141.38686887500808
0.6,Sonar,22,0.11173344947735189,0.8896631823461092,15,60,1;8;9;11;15;26;31;35;37;41;44;53;54;57;58,151.17708658380434
0.6,Sonar,23,0.122006968641115,0.8797909407665505,18,60,0;7;10;12;14;15;22;25;28;32;33;39;46;48;54;57;58;59,146.06509645888582
0.6,Sonar,25,0.12161033681765396,0.8800232288037165,17,60,8;10;14;15;21;25;27;28;30;32;33;40;43;47;50;55;58,139.55794054130092
0.6,Sonar,24,0.09287630662020911,0.9087108013937282,15,60,0;3;9;10;16;21;22;24;25;31;35;38;39;45;47,158.65741079114377
0.6,Sonar,26,0.07838850174216032,0.9233449477351916,15,60,0;7;9;10;12;16;19;23;24;32;35;42;47;48;54,155.82581041706726
0.6,Sonar,29,0.11705110336817656,0.8851335656213705,20,60,0;2;7;8;10;11;14;21;25;30;31;32;33;39;46;47;48;50;54;59,146.86647495860234
0.6,Sonar,27,0.11202671312427417,0.8891986062717769,14,60,1;2;3;9;10;11;12;14;22;23;24;29;50;51,164.4187608747743
0.6,Sonar,28,0.11639605110336816,0.8847851335656214,14,60,3;9;15;21;23;25;27;38;40;41;43;44;54;55,165.12659470783547
0.6,WDBC,0,0.02559431765253856,0.9771774569166277,9,30,1;7;10;15;19;20;21;26;27,364.1237136670388
0.6,WDBC,1,0.021383791336748958,0.9824406148113647,12,30,3;6;7;10;13;17;18;19;20;21;26;27,363.99416879191995
0.6,WDBC,2,0.02313600372612967,0.9806707033069397,12,30,2;3;7;15;18;20;21;23;24;25;26;27,364.5348614999093
0.6,WDBC,3,0.02419080888060862,0.9789318428815401,10,30,0;3;10;17;19;20;21;23;24;26,363.1453575841151
0.6,WDBC,4,0.026578947368421015,0.9771929824561404,12,30,1;2;3;6;7;10;15;16;18;21;23;27,363.54469637479633
0.6,WDBC,5,0.021818040676913553,0.9806551777674274,8,30,4;13;17;20;21;22;23;26,359.54398083267733
0.6,WDBC,6,0.026260984319205004,0.9771774569166279,11,30,4;6;7;10;15;16;20;21;22;23;25,364.5407221671194
0.6,WDBC,7,0.023166744294364213,0.9806396522279149,12,30,4;6;8;10;13;16;17;20;21;23;25;27,363.51328629115596
0.6,WDBC,8,0.02833115975780161,0.9754230709517155,12,30,1;2;3;6;12;19;20;23;24;26;27;29,357.7888884576969
0.6,WDBC,9,0.02594302126998911,0.9771619313771154,10,30,1;3;6;7;15;16;19;20;21;27,358.10701541695744
0.6,WDBC,10,0.027059307560937915,0.9753609687936654,8,30,6;7;17;21;22;23;27;28,355.6378318751231
0.6,WDBC,11,0.02271712467008229,0.9824406148113647,16,30,0;2;3;4;5;8;10;12;13;14;15;21;22;24;26;27,356.52324945805594
0.6,WDBC,12,0.02484210526315774,0.9789473684210528,12,30,0;4;7;11;12;13;16;17;21;23;25;26,365.3570148330182
0.6,WDBC,13,0.021050458003415623,0.9824406148113647,11,30,3;4;12;13;14;16;19;21;22;23;27,350.742210208904
0.6,WDBC,14,0.02243859649122813,0.9807017543859649,10,30,0;4;6;12;14;16;17;20;21;27,364.6330982497893
0.6,WDBC,15,0.02452414221394195,0.9789318428815401,11,30,4;6;7;11;13;16;20;21;22;25;26,362.18429179210216
0.6,WDBC,16,0.024453966775345455,0.9806862288464524,16,30,2;3;4;6;7;10;11;12;15;16;17;19;21;22;26;28,338.8823384591378
0.6,WDBC,17,0.02584210526315774,0.9789473684210528,15,30,0;1;3;5;6;7;9;16;18;19;20;21;22;24;26,357.8811599155888
0.6,WDBC,19,0.02764042850489043,0.9771308802980905,15,30,3;6;7;9;10;16;18;20;21;22;23;24;25;26;27,346.7339560412802
0.6,WDBC,18,0.02591228070175435,0.9771929824561404,10,30,2;6;7;8;11;18;21;22;23;27,363.0957125420682
0.6,WDBC,20,0.02348470734358022,0.9806551777674274,13,30,0;3;6;8;10;12;17;18;21;22;23;24;27,362.8758550421335
0.6,WDBC,21,0.023524142213941952,0.9789318428815401,8,30,6;10;12;17;19;20;21;27,360.6542925410904
0.6,WDBC,23,0.023857475547275284,0.9789318428815401,9,30,0;2;9;12;21;22;23;24;26,361.06310291728005
0.6,WDBC,22,0.024888216115510047,0.9789007918025151,12,30,4;6;9;12;14;17;18;19;20;21;23;27,366.62279266677797
0.6,ColonCancer,0,0.11566653846153839,0.885897435897436,541,2000,4;5;11;12;17;24;27;31;32;33;34;39;45;51;54;55;57;60;61;62;64;66;69;70;75;76;81;87;90;91;94;98;99;102;104;114;116;122;129;132;135;138;143;147;154;160;161;164;165;166;168;171;178;182;183;186;188;197;198;205;206;208;209;213;215;216;218;220;223;233;240;245;246;253;256;261;264;267;276;282;289;290;296;298;320;321;322;324;328;329;330;335;342;344;346;352;353;357;373;377;379;380;382;383;390;391;393;394;402;409;410;415;421;423;429;431;433;437;438;441;443;450;451;455;459;461;471;473;480;485;491;493;506;511;514;518;520;526;529;530;535;539;541;546;549;551;555;556;557;558;559;562;563;565;569;574;579;592;596;599;601;611;614;620;623;626;627;629;632;635;636;640;641;649;654;655;660;661;669;670;678;682;684;685;689;696;699;702;704;705;706;709;712;713;714;719;721;724;725;727;731;732;735;737;738;740;742;751;752;757;764;765;775;778;780;782;783;787;790;791;793;794;801;802;805;806;811;813;814;815;816;817;820;823;831;832;837;841;843;844;845;849;855;856;857;860;863;872;877;878;886;887;899;904;909;910;912;914;915;916;920;930;936;938;940;942;943;944;945;964;965;970;982;985;991;995;999;1001;1005;1020;1021;1030;1035;1038;1043;1048;1049;1060;1063;1069;1071;1073;1076;1078;1079;1080;1082;1086;1090;1100;1109;1110;1115;1121;1125;1126;1128;1136;1138;1141;1142;1144;1147;1153;1156;1157;1159;1162;1167;1171;1173;1189;1192;1199;1207;1209;1212;1219;1223;1227;1228;1230;1232;1233;1234;1238;1241;1242;1245;1246;1248;1249;1255;1257;1264;1265;1268;1271;1272;1278;1280;1286;1293;1294;1295;1301;1313;1329;1334;1344;1345;1346;1347;1348;1351;1353;1359;1364;1371;1377;1380;1384;1385;1390;1391;1393;1395;1399;1401;1403;1405;1407;1408;1411;1420;1426;1427;1430;1431;1433;1438;1444;1446;1452;1457;1458;1471;1474;1480;1481;1483;1484;1488;1490;1491;1494;1497;1498;1499;1502;1509;1514;1516;1524;1534;1536;1540;1541;1544;1546;1549;1552;1557;1560;1564;1567;1569;1572;1575;1577;1579;1582;1592;1593;1595;1597;1599;1600;1603;1610;1612;1617;1624;1626;1628;1632;1633;1639;1643;1645;1646;1647;1651;1652;1654;1656;1657;1661;1662;1669;1670;1672;1677;1685;1703;1706;1711;1718;1719;1721;1729;1733;1734;1744;1746;1751;1757;1761;1762;1771;1774;1781;1793;1797;1801;1802;1803;1805;1807;1816;1818;1828;1830;1836;1838;1839;1843;1844;1847;1849;1850;1851;1864;1872;1874;1876;1878;1881;1883;1886;1890;1892;1897;1901;1907;1909;1914;1918;1920;1929;1935;1936;1947;1950;1959;1963;1965;1966;1968;1975;1977;1981;1983;1986;1987;1988;1992;1993;1994;1995;1997,118.55947445798665
0.6,ColonCancer,1,0.162638076923077,0.8384615384615384,543,2000,4;5;6;11;12;15;16;18;20;28;32;33;34;35;37;41;43;46;47;61;69;73;75;85;88;91;92;94;97;98;104;108;114;115;121;126;131;132;136;138;140;142;145;151;153;158;161;164;166;167;171;177;182;193;197;201;202;206;208;209;211;217;223;225;229;233;237;238;240;243;244;248;254;256;259;274;278;280;281;282;288;298;299;301;313;324;327;330;341;343;353;354;355;359;377;380;382;386;397;398;401;405;410;411;412;413;416;418;421;422;425;431;437;440;452;458;459;461;466;469;477;478;479;481;488;490;491;494;502;512;518;527;528;543;544;547;548;549;552;558;559;560;562;566;568;569;570;575;580;584;586;589;590;595;596;601;603;606;607;608;612;622;625;632;642;656;659;660;661;662;668;674;684;692;694;697;698;701;703;712;714;715;722;725;726;728;731;732;735;736;740;741;743;747;748;751;755;756;764;768;769;778;780;787;789;791;795;800;804;805;806;809;813;818;819;824;825;831;833;835;840;842;852;855;858;859;867;873;880;881;884;894;898;900;901;904;908;918;919;920;921;923;927;932;933;934;938;943;948;949;950;953;955;963;968;970;974;978;979;982;986;989;999;1001;1004;1005;1008;1009;1010;1014;1015;1021;1029;1034;1035;1038;1045;1046;1047;1056;1057;1063;1065;1067;1072;1074;1082;1083;1084;1087;1088;1090;1093;1094;1095;1100;1104;1108;1110;1111;1120;1123;1127;1133;1134;1137;1138;1140;1142;1149;1152;1158;1163;1165;1167;1170;1171;1172;1177;1180;1181;1182;1191;1192;1194;1195;1196;1199;1203;1209;1213;1217;1220;1230;1236;1239;1241;1242;1247;1251;1258;1264;1271;1276;1283;1287;1288;1292;1294;1296;1310;1312;1319;1324;1328;1332;1333;1334;1338;1340;1345;1346;1347;1351;1354;1364;1369;1370;1371;1376;1377;1379;1382;1383;1384;1387;1404;1407;1410;1419;1421;1422;1423;1432;1450;1461;1464;1465;1467;1472;1473;1476;1478;1479;1481;1483;1484;1486;1487;1493;1495;1497;1509;1510;1511;1515;1516;1517;1523;1524;1530;1532;1533;1536;1537;1543;1547;1548;1549;1551;1554;1556;1558;1560;1566;1568;1572;1575;1581;1582;1585;1588;1594;1595;1598;1599;1602;1603;1606;1612;1621;1628;1629;1633;1641;1647;1649;1661;1665;1670;1673;1674;1682;1689;1690;1695;1701;1702;1703;1704;1707;1709;1710;1712;1714;1720;1722;1728;1731;1735;1737;1738;1740;1745;1749;1752;1756;1767;1771;1779;1791;1795;1798;1800;1801;1810;1811;1818;1821;1823;1824;1825;1831;1833;1835;1837;1838;1839;1848;1851;1855;1856;1858;1866;1870;1872;1874;1884;1887;1889;1893;1895;1898;1902;1906;1915;1916;1924;1926;1927;1931;1932;1935;1942;1945;1948;1951;1953;1954;1955;1956;1958;1960;1961;1965;1967;1979;1982;1986;1994;1996;1997;1999,118.81726512499154
0.6,WDBC,24,0.02388821611550994,0.9789007918025152,9,30,4;7;11;19;20;21;22;23;26,363.43619745923206
0.6,WDBC,26,0.02419080888060862,0.9789318428815401,10,30,6;10;11;14;16;17;20;21;23;27,363.35331491660327
0.6,WDBC,25,0.024206179164725835,0.9789163173420278,10,30,2;8;16;19;20;21;22;24;26;27,365.1293215001933
0.6,WDBC,27,0.021818040676913553,0.9806551777674274,8,30,0;10;18;21;22;23;24;26,360.66549000004306
0.6,ColonCancer,2,0.08400576923076927,0.9179487179487179,555,2000,5;9;14;16;17;18;21;30;32;44;48;52;57;64;65;72;75;82;87;91;95;103;114;116;118;120;126;132;137;138;140;141;143;149;154;167;173;176;177;184;185;187;188;189;190;191;192;197;200;202;216;220;222;223;224;228;235;236;240;245;249;251;256;262;263;264;267;268;272;274;285;294;298;303;319;324;325;328;332;335;343;344;347;353;358;361;362;364;368;370;373;378;383;387;389;390;391;396;398;402;404;408;411;412;414;418;422;424;433;434;437;438;439;440;441;445;449;452;458;470;473;476;481;489;494;497;499;509;512;515;516;518;521;525;528;535;539;544;545;546;548;556;558;570;574;578;580;583;584;588;590;591;594;595;597;599;601;610;613;621;628;630;632;638;644;647;649;659;661;662;663;676;680;683;688;692;693;696;699;703;705;712;715;717;720;732;745;746;747;754;756;757;759;760;763;765;768;774;775;777;779;781;784;786;792;795;796;802;816;817;821;823;826;828;832;833;837;839;840;843;844;848;852;853;859;866;870;871;872;876;880;881;882;886;887;890;894;897;899;903;905;907;908;910;912;933;935;936;937;940;942;943;944;959;960;961;964;966;971;980;981;984;989;990;992;995;997;1001;1002;1006;1011;1014;1019;1021;1023;1029;1038;1040;1044;1053;1054;1058;1061;1063;1069;1070;1071;1072;1073;1074;1078;1080;1081;1087;1088;1089;1102;1103;1106;1109;1111;1112;1127;1129;1130;1134;1136;1143;1148;1151;1152;1153;1155;1158;1162;1166;1168;1169;1175;1177;1178;1185;1186;1192;1198;1200;1201;1210;1213;1230;1232;1234;1235;1243;1247;1250;1251;1256;1257;1258;1262;1264;1271;1274;1275;1276;1284;1292;1301;1303;1306;1308;1315;1317;1321;1322;1325;1328;1333;1335;1338;1340;1343;1345;1348;1349;1352;1360;1365;1370;1371;1375;1378;1386;1387;1388;1393;1394;1397;1404;1410;1417;1424;1429;1431;1434;1436;1443;1447;1448;1449;1454;1462;1464;1465;1466;1468;1470;1471;1473;1474;1477;1478;1485;1490;1491;1493;1501;1507;1508;1509;1512;1513;1514;1515;1528;1531;1532;1534;1536;1543;1544;1549;1553;1555;1559;1565;1568;1573;1576;1577;1580;1587;1588;1589;1593;1596;1598;1601;1605;1606;1607;1610;1611;1612;1614;1617;1618;1620;1621;1632;1639;1647;1659;1661;1669;1670;1672;1678;1680;1697;1699;1700;1706;1707;1709;1711;1714;1719;1729;1735;1739;1742;1745;1746;1749;1750;1751;1753;1757;1768;1769;1770;1771;1774;1775;1777;1779;1781;1786;1789;1794;1795;1797;1798;1800;1801;1807;1809;1813;1816;1818;1820;1821;1838;1840;1846;1847;1850;1853;1857;1859;1865;1866;1871;1873;1874;1885;1888;1889;1894;1896;1902;1907;1911;1912;1913;1922;1925;1932;1934;1938;1939;1940;1945;1946;1949;1950;1954;1956;1959;1963;1964;1967;1968;1973;1980;1982;1987;1988;1989;1990;1992;1995;1996,120.63656608341262
0.6,ColonCancer,3,0.1295380769230768,0.8717948717948719,523,2000,6;8;13;14;20;23;26;29;31;32;34;38;43;44;45;48;49;51;54;57;58;61;63;64;66;76;78;90;97;99;114;117;123;125;137;140;141;142;151;154;158;159;162;165;173;174;178;180;198;200;206;208;210;222;225;226;232;234;236;238;240;244;247;249;250;253;255;256;257;258;261;272;274;276;277;294;296;302;304;310;312;317;318;320;321;323;329;330;342;348;354;355;357;359;360;371;380;381;383;385;391;395;399;400;402;404;412;413;414;415;416;417;433;439;442;446;447;454;457;458;463;464;467;475;486;487;490;492;497;501;511;514;515;516;520;522;526;530;533;537;540;543;555;570;574;575;578;579;580;581;584;599;601;603;605;610;614;616;618;619;624;625;629;638;652;656;657;661;664;666;670;675;678;681;686;696;697;698;702;707;708;731;732;736;737;742;746;751;752;753;756;757;764;772;776;777;778;782;784;785;786;791;801;802;804;809;810;811;812;814;817;821;823;827;828;829;844;847;853;861;868;871;878;888;890;891;894;898;909;917;918;924;930;932;937;949;957;959;960;961;963;966;976;978;980;991;998;1000;1001;1002;1003;1004;1007;1018;1019;1027;1041;1042;1043;1045;1051;1057;1062;1067;1068;1071;1079;1085;1090;1095;1099;1100;1101;1103;1104;1106;1110;1114;1117;1122;1125;1128;1130;1138;1139;1140;1142;1155;1156;1157;1158;1159;1160;1162;1163;1164;1166;1168;1171;1175;1185;1186;1187;1203;1207;1213;1220;1221;1229;1234;1236;1242;1243;1246;1247;1251;1254;1260;1261;1262;1264;1271;1273;1274;1279;1280;1281;1290;1291;1292;1293;1295;1300;1305;1316;1317;1322;1324;1325;1328;1329;1331;1337;1339;1340;1342;1345;1349;1355;1360;1364;1365;1370;1371;1372;1375;1381;1382;1383;1385;1390;1395;1399;1402;1404;1414;1422;1425;1426;1427;1436;1442;1446;1449;1450;1453;1454;1455;1461;1462;1465;1466;1476;1478;1482;1491;1492;1499;1506;1511;1514;1519;1520;1521;1522;1528;1531;1532;1534;1535;1538;1545;1548;1549;1554;1555;1556;1559;1564;1569;1577;1578;1579;1580;1581;1582;1584;1588;1589;1591;1593;1606;1609;1610;1615;1622;1624;1626;1628;1629;1631;1632;1634;1638;1639;1642;1643;1652;1656;1657;1661;1663;1664;1669;1671;1674;1676;1678;1680;1685;1691;1692;1709;1710;1711;1712;1713;1720;1724;1732;1742;1743;1749;1750;1755;1756;1765;1768;1775;1779;1781;1786;1792;1793;1798;1799;1808;1809;1818;1821;1826;1827;1829;1830;1831;1832;1834;1835;1838;1841;1845;1847;1849;1854;1856;1858;1859;1861;1873;1878;1879;1882;1883;1890;1901;1921;1924;1925;1927;1936;1939;1940;1942;1946;1958;1962;1966;1977;1982;1984;1989;1991;1999,120.85134241590276
0.6,ColonCancer,4,0.09919653846153845,0.9025641025641026,547,2000,4;10;11;16;20;24;25;27;30;32;36;40;46;51;52;54;59;60;61;64;65;66;69;73;74;77;81;82;84;85;86;90;91;95;96;97;99;103;105;110;111;120;121;123;129;134;136;144;154;157;158;160;162;166;171;172;176;177;179;183;184;187;195;201;202;210;217;218;219;220;231;234;236;237;240;252;254;261;263;265;266;267;270;275;283;286;287;294;297;298;303;304;305;306;310;315;316;322;327;334;336;340;350;354;358;364;367;368;374;375;383;392;394;396;400;402;407;414;417;418;423;425;429;430;432;433;435;436;441;442;444;446;449;450;451;453;454;456;464;465;469;477;484;486;488;493;498;500;502;507;512;514;524;527;538;544;546;548;549;554;555;557;558;562;563;564;574;577;579;583;588;589;595;598;599;603;605;617;618;621;624;628;632;633;638;639;640;643;645;646;652;653;655;665;670;672;674;676;683;685;689;698;701;711;720;723;728;732;733;734;738;743;744;755;756;757;760;762;763;764;769;771;772;778;780;781;789;794;799;803;805;813;818;820;821;822;829;836;839;843;844;852;853;861;862;863;865;866;868;870;873;878;885;892;893;894;897;901;903;905;906;909;912;916;918;921;925;927;928;929;931;932;936;941;942;944;945;949;951;952;955;956;958;963;964;971;973;989;990;991;1000;1001;1002;1003;1015;1016;1017;1021;1022;1026;1029;1030;1035;1036;1038;1041;1050;1054;1058;1061;1063;1071;1072;1076;1080;1091;1094;1096;1098;1100;1102;1106;1109;1119;1122;1123;1129;1131;1136;1138;1139;1145;1146;1151;1152;1153;1156;1161;1162;1164;1167;1170;1178;1181;1185;1190;1195;1200;1211;1213;1225;1230;1233;1239;1243;1246;1255;1258;1260;1264;1265;1276;1284;1285;1287;1289;1295;1298;1299;1300;1302;1303;1304;1316;1322;1324;1327;1330;1331;1335;1341;1342;1345;1347;1355;1358;1359;1368;1370;1373;1375;1377;1384;1389;1394;1395;1396;1397;1398;1400;1413;1423;1426;1434;1436;1440;1450;1453;1457;1461;1470;1471;1473;1479;1481;1483;1488;1489;1491;1493;1495;1496;1499;1505;1510;1513;1523;1524;1525;1527;1528;1531;1550;1555;1560;1567;1569;1572;1575;1577;1579;1580;1581;1595;1617;1618;1620;1623;1626;1631;1640;1644;1648;1650;1658;1661;1663;1667;1671;1675;1683;1689;1696;1701;1707;1713;1718;1721;1724;1725;1726;1732;1735;1738;1743;1757;1758;1760;1761;1765;1766;1769;1772;1774;1781;1782;1786;1787;1791;1795;1798;1805;1807;1812;1813;1817;1818;1820;1821;1822;1826;1827;1832;1833;1834;1837;1849;1850;1852;1854;1856;1857;1861;1865;1868;1870;1879;1880;1882;1885;1889;1893;1898;1901;1905;1916;1918;1921;1926;1927;1929;1940;1947;1948;1954;1955;1957;1963;1967;1971;1975;1980;1982;1988;1991;1993;1995,125.06479770783335
0.6,WDBC,28,0.02353951249805939,0.9789163173420276,8,30,6;7;13;17;20;21;23;27,374.12412708299235
0.6,WDBC,29,0.025206179164726165,0.9789163173420274,13,30,1;6;7;10;11;12;14;17;19;21;22;23;27,371.02629120927304
0.6,ColonCancer,5,0.14623307692307697,0.8551282051282051,562,2000,11;15;16;17;18;19;21;27;28;29;30;42;44;48;55;61;70;72;75;77;88;90;96;103;106;112;114;120;122;128;130;134;137;138;139;140;142;143;144;148;150;152;155;157;159;165;170;180;186;193;197;208;209;210;214;223;243;244;248;257;266;267;271;272;276;279;283;285;286;287;296;297;306;309;312;313;318;330;331;334;337;343;347;354;355;364;365;367;371;373;374;377;378;379;381;383;385;389;390;395;404;410;413;414;416;417;418;421;422;423;428;432;436;440;448;452;460;461;468;470;472;475;476;478;479;480;485;486;488;490;491;492;494;497;501;502;503;505;512;513;515;523;524;525;530;536;538;547;549;550;555;558;560;563;570;573;575;579;580;592;593;597;601;603;604;607;608;609;610;613;617;618;620;621;641;646;647;649;652;657;659;669;673;675;681;683;687;690;692;693;695;696;699;703;713;714;718;719;720;721;725;726;731;733;736;738;739;745;747;749;751;753;757;758;761;762;765;767;769;770;773;776;778;781;783;785;786;787;793;797;799;801;803;811;813;819;824;826;828;829;831;833;834;835;839;841;842;849;851;855;866;870;872;875;876;877;878;880;885;896;897;910;911;920;921;928;931;941;942;952;956;973;977;979;994;997;998;999;1002;1004;1005;1006;1010;1013;1014;1017;1020;1022;1023;1025;1026;1031;1037;1047;1049;1054;1055;1059;1060;1068;1072;1074;1075;1076;1084;1086;1091;1092;1093;1099;1100;1108;1109;1110;1115;1118;1122;1123;1126;1127;1130;1133;1140;1153;1159;1160;1162;1163;1166;1169;1178;1179;1181;1183;1187;1191;1192;1196;1207;1211;1220;1223;1231;1232;1233;1236;1240;1241;1244;1246;1248;1253;1255;1258;1259;1264;1272;1274;1288;1294;1297;1298;1299;1302;1310;1312;1313;1331;1333;1334;1338;1340;1344;1352;1353;1357;1358;1364;1366;1371;1379;1380;1383;1385;1386;1401;1402;1403;1404;1405;1406;1410;1413;1419;1426;1427;1430;1444;1446;1448;1460;1461;1467;1474;1480;1481;1482;1483;1484;1491;1494;1496;1501;1503;1507;1511;1513;1517;1520;1521;1522;1524;1525;1526;1529;1530;1531;1537;1544;1548;1549;1551;1552;1557;1559;1569;1572;1577;1579;1583;1586;1590;1592;1593;1596;1599;1602;1607;1615;1617;1620;1621;1622;1632;1638;1640;1651;1654;1655;1656;1661;1663;1666;1673;1675;1676;1684;1690;1697;1699;1700;1705;1706;1707;1708;1715;1719;1721;1724;1726;1729;1733;1738;1739;1740;1742;1743;1745;1752;1753;1760;1761;1762;1763;1764;1770;1771;1772;1773;1774;1782;1783;1789;1794;1800;1805;1811;1815;1818;1820;1823;1830;1835;1840;1841;1846;1848;1850;1854;1857;1858;1862;1866;1867;1868;1870;1872;1876;1883;1887;1891;1892;1894;1896;1897;1901;1902;1904;1906;1910;1911;1913;1915;1916;1922;1924;1925;1927;1930;1935;1937;1938;1949;1950;1952;1958;1959;1965;1971;1975;1981;1995,125.10240166680887
0.6,ColonCancer,6,0.11439730769230762,0.8871794871794872,541,2000,4;5;7;10;13;14;17;22;29;31;41;43;46;47;51;63;67;71;81;82;84;86;90;92;94;95;97;101;102;110;115;118;119;124;131;132;134;135;136;141;145;146;147;151;153;154;164;169;174;183;184;187;189;192;196;198;200;201;208;215;218;219;227;229;230;231;235;240;248;250;252;265;266;269;270;279;282;283;302;304;309;314;315;320;321;323;326;330;335;352;353;360;362;364;366;372;382;385;387;389;390;391;394;397;403;406;408;412;413;415;416;418;420;423;428;429;431;434;436;440;441;444;446;450;452;454;455;460;461;465;469;478;480;484;488;489;492;498;503;504;507;511;512;514;518;528;530;531;537;551;552;558;559;563;565;569;578;579;580;583;585;586;590;599;600;601;605;609;612;614;619;621;625;632;633;638;642;644;650;651;655;661;663;665;675;678;684;687;694;700;702;708;709;711;715;716;722;729;730;732;733;736;739;744;746;749;754;755;759;768;771;774;779;780;788;790;792;806;815;817;821;823;826;831;832;834;843;846;848;849;850;852;856;871;872;874;875;876;877;878;879;886;890;893;897;898;900;905;908;909;916;920;921;928;929;931;935;939;942;944;946;957;958;965;972;984;987;993;998;1001;1003;1005;1009;1010;1012;1015;1018;1020;1021;1022;1023;1025;1026;1034;1036;1037;1038;1039;1040;1046;1047;1049;1052;1067;1071;1073;1081;1088;1089;1090;1092;1096;1097;1099;1102;1103;1112;1113;1114;1115;1121;1126;1128;1133;1143;1150;1152;1159;1160;1164;1167;1172;1180;1187;1200;1201;1202;1207;1219;1222;1224;1226;1228;1235;1236;1240;1241;1245;1246;1248;1253;1254;1255;1261;1262;1267;1268;1273;1275;1280;1283;1285;1297;1300;1303;1306;1314;1318;1324;1330;1331;1338;1344;1345;1353;1354;1361;1367;1369;1372;1373;1375;1382;1384;1387;1389;1397;1399;1405;1406;1408;1414;1415;1422;1423;1427;1430;1431;1433;1437;1439;1441;1443;1458;1459;1461;1463;1464;1469;1470;1472;1482;1483;1488;1489;1490;1493;1494;1495;1496;1498;1500;1501;1503;1515;1516;1517;1521;1536;1538;1540;1545;1548;1551;1553;1554;1555;1556;1557;1558;1568;1572;1575;1581;1583;1584;1589;1595;1607;1610;1615;1617;1618;1621;1625;1628;1630;1632;1633;1635;1640;1641;1649;1654;1658;1660;1674;1678;1680;1684;1685;1691;1700;1712;1713;1714;1725;1726;1727;1733;1734;1737;1741;1749;1760;1766;1768;1769;1771;1773;1774;1784;1786;1798;1799;1802;1803;1804;1808;1812;1816;1825;1827;1833;1834;1835;1838;1840;1841;1843;1845;1848;1852;1853;1857;1858;1859;1866;1867;1869;1870;1875;1880;1885;1888;1890;1891;1897;1903;1915;1916;1920;1924;1927;1929;1931;1937;1939;1942;1945;1949;1950;1952;1953;1966;1971;1973;1985;1986;1990;1998,124.63952312478796
0.6,ColonCancer,7,0.09665807692307692,0.9051282051282051,547,2000,10;14;15;17;18;21;24;35;37;42;43;44;47;52;54;56;63;65;66;67;70;71;72;75;77;91;94;95;98;99;104;111;113;117;118;136;137;140;143;144;147;149;153;157;158;163;169;171;173;175;176;179;180;187;197;199;205;206;213;216;221;224;226;227;231;233;234;235;240;241;242;244;249;256;258;264;265;267;269;272;281;282;285;286;288;297;300;301;313;315;324;333;339;344;346;351;352;355;358;360;372;374;380;381;385;387;388;395;398;401;402;403;405;406;410;414;425;426;429;432;433;436;437;441;445;446;454;457;461;466;471;477;479;481;488;489;491;495;500;502;504;511;514;519;522;527;528;530;533;534;537;538;540;544;547;548;552;554;556;565;566;575;577;582;583;586;589;591;593;596;618;620;622;625;630;631;632;633;634;637;642;645;659;662;669;670;674;680;687;688;699;701;702;715;719;720;721;724;725;731;735;737;738;739;740;741;749;754;755;756;759;762;763;766;768;772;777;779;784;786;792;795;798;800;803;807;808;813;822;829;833;834;839;849;855;856;858;860;865;867;877;878;879;880;886;891;892;893;894;895;900;903;915;922;926;927;929;932;938;939;940;951;962;963;964;975;986;987;988;989;997;1000;1006;1007;1011;1012;1015;1020;1024;1025;1028;1034;1037;1042;1046;1047;1051;1055;1056;1062;1063;1065;1067;1073;1074;1075;1076;1082;1083;1084;1087;1090;1092;1100;1109;1110;1117;1118;1123;1128;1138;1142;1150;1153;1161;1166;1167;1169;1171;1173;1176;1184;1194;1195;1202;1204;1205;1208;1209;1212;1222;1225;1230;1231;1232;1234;1236;1239;1240;1243;1251;1256;1262;1263;1264;1265;1270;1271;1273;1281;1283;1284;1286;1287;1292;1295;1302;1303;1309;1310;1315;1316;1318;1322;1324;1326;1327;1332;1333;1334;1336;1338;1340;1342;1346;1349;1353;1356;1361;1367;1368;1370;1372;1380;1388;1395;1397;1400;1401;1403;1412;1416;1422;1427;1432;1443;1447;1450;1451;1459;1463;1470;1473;1478;1482;1484;1489;1493;1505;1507;1510;1519;1520;1522;1529;1533;1535;1537;1542;1547;1550;1551;1552;1553;1555;1556;1559;1562;1570;1571;1572;1577;1578;1580;1594;1598;1601;1607;1610;1613;1616;1617;1625;1626;1629;1630;1636;1639;1642;1645;1648;1649;1652;1657;1659;1666;1668;1669;1671;1675;1679;1694;1695;1698;1700;1701;1703;1717;1718;1719;1721;1723;1724;1725;1726;1728;1738;1742;1745;1748;1761;1765;1766;1767;1771;1775;1777;1781;1787;1789;1793;1799;1801;1802;1810;1814;1815;1817;1818;1826;1827;1828;1829;1832;1836;1837;1840;1844;1846;1852;1856;1861;1865;1866;1872;1873;1874;1885;1890;1900;1905;1908;1911;1912;1918;1922;1925;1927;1930;1931;1934;1935;1947;1948;1951;1953;1959;1963;1971;1972;1980;1982;1985;1989;1990;1991;1994,125.46469820803031
0.6,ColonCancer,8,0.12827884615384624,0.873076923076923,525,2000,0;1;8;16;17;19;20;28;29;31;38;41;46;47;48;52;57;61;65;67;68;70;71;74;75;76;82;83;89;90;93;95;97;100;104;108;110;116;119;120;123;126;131;132;135;138;146;160;162;163;168;170;171;173;174;176;181;185;188;189;190;196;201;205;206;212;216;217;225;226;232;247;248;261;265;266;269;277;280;288;290;292;295;300;303;309;310;313;315;317;318;319;323;331;341;344;347;349;350;356;357;365;370;374;391;394;400;402;408;410;411;413;415;418;429;432;433;435;436;441;445;446;449;456;457;458;461;463;475;477;478;479;485;486;488;491;494;495;501;504;508;512;513;515;516;520;524;527;537;538;540;547;548;552;559;567;571;574;577;586;589;593;598;599;600;602;605;609;610;611;612;614;619;620;621;623;630;631;635;640;646;647;664;666;669;672;674;676;683;687;689;693;710;715;718;725;731;732;734;737;749;750;764;766;770;779;792;793;795;801;805;811;819;823;829;831;835;838;846;852;855;856;857;859;861;862;865;869;871;879;881;883;885;888;893;896;897;900;901;907;910;911;912;918;920;922;927;928;936;942;943;945;954;955;961;969;981;988;992;996;1000;1001;1002;1007;1008;1011;1013;1016;1018;1028;1030;1031;1033;1035;1038;1039;1041;1043;1046;1054;1058;1059;1061;1062;1066;1067;1069;1075;1084;1091;1093;1095;1099;1100;1101;1103;1104;1105;1106;1110;1111;1112;1117;1121;1124;1127;1136;1139;1160;1164;1174;1177;1187;1192;1193;1194;1203;1204;1208;1211;1216;1218;1225;1232;1233;1235;1240;1248;1250;1257;1258;1259;1264;1272;1279;1287;1290;1293;1295;1304;1305;1307;1308;1312;1328;1337;1338;1345;1349;1357;1359;1364;1368;1369;1371;1374;1376;1377;1384;1385;1389;1390;1391;1392;1393;1396;1397;1398;1400;1402;1404;1413;1418;1420;1421;1425;1435;1437;1440;1446;1458;1460;1467;1472;1475;1476;1477;1479;1487;1494;1495;1498;1502;1512;1513;1515;1520;1526;1529;1537;1543;1549;1552;1553;1554;1562;1568;1571;1574;1578;1582;1597;1606;1614;1617;1623;1625;1633;1650;1652;1653;1660;1663;1669;1671;1684;1686;1697;1708;1709;1710;1712;1715;1716;1723;1725;1726;1727;1728;1732;1734;1736;1739;1741;1747;1749;1753;1754;1755;1757;1759;1763;1766;1768;1771;1774;1779;1780;1793;1795;1807;1809;1811;1813;1819;1822;1823;1824;1825;1826;1831;1838;1839;1840;1842;1843;1851;1855;1858;1859;1860;1866;1870;1875;1876;1878;1883;1884;1886;1890;1891;1893;1894;1896;1897;1901;1902;1904;1908;1909;1911;1922;1923;1927;1930;1936;1937;1940;1945;1957;1964;1966;1967;1968;1970;1973;1974;1976;1979;1984;1985;1987;1991;1992;1998,124.98717520805076
0.6,ColonCancer,9,0.1296180769230768,0.8717948717948719,539,2000,9;12;13;18;19;24;26;28;32;33;36;38;42;53;56;57;59;60;61;62;65;67;69;74;76;82;84;85;87;92;95;97;101;102;103;108;112;123;126;128;135;136;139;141;148;155;156;160;161;173;182;183;185;187;192;199;203;207;209;213;215;217;223;230;238;240;246;251;256;266;270;277;284;285;287;288;292;297;299;301;306;307;309;310;318;327;332;340;344;346;350;352;356;360;365;374;389;390;393;399;401;409;421;424;425;432;443;445;448;449;463;465;466;467;468;469;471;474;479;481;483;484;492;495;502;506;507;511;512;515;516;519;532;533;536;545;548;553;564;565;566;568;578;581;583;584;589;592;593;597;602;605;609;610;612;613;615;619;627;630;633;638;657;660;662;665;668;669;670;673;675;685;688;690;700;701;702;708;710;720;727;729;730;738;747;749;751;754;757;763;764;768;771;773;779;780;783;786;788;790;795;801;806;809;810;812;813;814;819;820;821;822;823;827;829;831;832;833;834;837;838;841;842;848;854;857;858;859;862;865;867;868;869;871;877;880;886;892;893;898;899;902;903;908;909;913;916;920;923;924;927;940;947;949;955;956;958;967;968;971;974;977;979;982;984;985;987;988;991;996;1005;1007;1008;1009;1018;1024;1025;1030;1031;1039;1041;1042;1043;1048;1049;1055;1061;1064;1069;1070;1072;1073;1081;1083;1087;1093;1094;1096;1104;1106;1108;1112;1114;1117;1118;1120;1121;1125;1133;1136;1138;1141;1148;1149;1151;1155;1156;1159;1160;1161;1163;1168;1176;1177;1179;1182;1185;1187;1192;1201;1203;1205;1215;1230;1240;1244;1245;1246;1247;1249;1255;1257;1259;1262;1265;1269;1273;1276;1281;1282;1283;1286;1287;1289;1292;1295;1299;1300;1305;1309;1312;1313;1322;1323;1325;1326;1333;1350;1351;1353;1354;1358;1361;1368;1369;1371;1372;1381;1384;1387;1388;1396;1399;1401;1402;1405;1406;1412;1415;1416;1420;1423;1431;1435;1449;1461;1468;1470;1471;1474;1479;1487;1493;1516;1518;1523;1525;1526;1530;1533;1534;1540;1541;1542;1544;1546;1548;1549;1555;1558;1559;1561;1567;1568;1569;1571;1575;1576;1578;1580;1583;1585;1587;1588;1589;1598;1602;1608;1609;1613;1616;1623;1626;1629;1631;1644;1649;1657;1661;1663;1669;1671;1674;1682;1686;1689;1692;1693;1696;1697;1698;1699;1701;1702;1708;1719;1725;1729;1731;1741;1746;1747;1750;1752;1753;1756;1760;1766;1768;1771;1773;1774;1779;1781;1785;1787;1791;1794;1799;1802;1805;1806;1811;1813;1815;1818;1820;1821;1826;1828;1830;1834;1837;1839;1840;1849;1851;1853;1854;1859;1861;1870;1872;1874;1876;1878;1884;1889;1897;1901;1906;1907;1919;1920;1927;1934;1938;1944;1945;1946;1953;1957;1959;1963;1973;1977;1983;1984;1994,125.38587245810777
0.6,ColonCancer,10,0.11567653846153839,0.885897435897436,543,2000,1;7;13;14;22;24;27;31;32;36;40;42;45;48;49;53;54;61;65;71;72;73;79;80;81;83;84;85;87;90;91;92;94;99;104;107;108;110;113;116;120;123;125;127;128;137;143;151;152;153;162;165;166;168;172;174;175;179;181;183;197;198;213;214;220;221;224;227;237;247;248;259;262;266;268;270;273;276;277;280;287;294;298;299;304;308;313;314;316;317;319;321;322;333;339;342;352;359;362;364;365;366;369;374;377;379;389;392;397;398;399;405;406;413;414;415;418;419;423;426;431;434;437;442;445;446;449;452;455;457;458;459;468;470;471;479;485;486;487;495;501;504;506;508;510;511;512;513;519;520;521;527;547;549;552;555;561;562;566;568;569;570;579;584;585;589;592;597;602;607;611;616;619;620;622;623;624;630;631;633;638;640;645;647;653;655;657;660;663;665;668;673;674;675;681;684;687;694;697;698;699;703;712;715;720;721;726;731;733;738;739;747;755;756;766;780;782;784;788;789;794;795;796;802;804;806;808;810;811;819;821;822;823;827;833;835;836;839;843;848;852;857;862;864;867;873;875;878;880;881;890;896;898;900;902;905;906;907;912;914;916;918;930;931;934;935;937;945;949;956;959;962;971;975;978;982;985;987;992;995;997;999;1001;1002;1011;1013;1020;1026;1031;1032;1035;1038;1039;1041;1042;1043;1045;1046;1049;1050;1062;1063;1068;1069;1081;1082;1086;1087;1089;1091;1093;1096;1099;1101;1105;1107;1113;1115;1116;1119;1126;1131;1146;1148;1155;1156;1159;1160;1161;1163;1164;1170;1174;1175;1183;1184;1187;1192;1196;1203;1207;1212;1215;1219;1221;1223;1233;1243;1247;1251;1255;1256;1265;1276;1279;1282;1283;1292;1293;1294;1298;1299;1303;1308;1312;1315;1319;1320;1323;1327;1337;1344;1348;1349;1354;1359;1360;1361;1362;1364;1367;1375;1380;1382;1383;1387;1390;1392;1394;1398;1399;1402;1403;1405;1406;1408;1416;1417;1440;1442;1448;1449;1456;1457;1458;1461;1462;1465;1474;1477;1479;1484;1493;1494;1500;1504;1506;1509;1510;1516;1527;1528;1530;1534;1543;1545;1546;1553;1557;1560;1561;1562;1565;1566;1572;1574;1575;1581;1582;1584;1585;1591;1595;1597;1604;1610;1611;1612;1613;1617;1618;1629;1634;1639;1646;1654;1663;1665;1670;1673;1674;1676;1677;1683;1685;1693;1696;1697;1704;1705;1724;1725;1729;1731;1732;1734;1736;1737;1740;1743;1752;1758;1763;1777;1779;1785;1786;1789;1799;1801;1804;1809;1817;1820;1821;1823;1827;1829;1831;1837;1838;1845;1848;1850;1857;1860;1862;1865;1870;1872;1875;1878;1887;1889;1892;1893;1900;1901;1902;1906;1916;1919;1921;1924;1927;1928;1931;1933;1934;1938;1947;1949;1958;1963;1964;1968;1973;1989;1990;1994;1995;1996;1997,125.85224279202521
0.6,ColonCancer,11,0.11449230769230762,0.8871794871794872,560,2000,11;19;21;26;29;30;34;36;40;42;44;46;49;50;54;55;59;78;80;85;88;90;95;96;97;98;99;107;109;110;116;120;127;128;129;133;135;140;141;143;144;146;148;150;155;156;157;160;161;162;167;170;175;176;177;180;181;188;192;193;198;200;201;202;203;210;211;214;223;224;229;231;239;248;251;257;260;268;271;274;276;281;282;285;289;292;294;296;309;311;313;321;327;328;329;334;338;340;341;343;345;349;350;359;363;364;375;378;381;383;390;394;396;397;399;400;403;410;411;413;421;425;426;429;433;436;444;448;455;456;462;466;471;476;478;479;484;485;487;490;493;502;506;509;510;512;513;516;517;527;528;542;545;547;548;549;551;552;555;556;568;570;581;582;610;612;613;615;619;625;628;633;637;638;639;644;653;654;656;657;660;661;666;672;675;676;682;685;686;687;689;690;691;693;698;699;700;702;705;706;712;718;720;721;722;725;727;731;732;738;740;748;749;756;757;761;765;766;780;783;784;787;789;790;793;794;795;801;807;809;811;813;814;817;821;824;830;831;839;842;848;849;850;857;865;867;871;885;889;890;893;894;898;899;909;915;921;923;924;925;926;927;928;936;937;938;941;943;945;949;950;954;956;960;964;965;969;978;979;992;997;1000;1002;1003;1005;1006;1009;1012;1013;1014;1020;1022;1025;1029;1030;1034;1036;1038;1039;1041;1043;1047;1049;1055;1057;1059;1061;1068;1069;1079;1080;1085;1089;1090;1094;1095;1098;1108;1110;1114;1115;1119;1123;1125;1126;1131;1132;1133;1134;1135;1138;1141;1143;1144;1152;1164;1167;1170;1175;1176;1179;1180;1182;1183;1184;1189;1190;1195;1199;1200;1210;1214;1215;1223;1227;1230;1232;1235;1239;1242;1243;1244;1247;1249;1253;1257;1261;1262;1263;1266;1271;1272;1273;1275;1278;1280;1284;1285;1286;1287;1292;1294;1296;1302;1305;1307;1315;1316;1317;1320;1322;1323;1324;1328;1334;1337;1342;1345;1346;1352;1354;1356;1358;1362;1372;1373;1375;1377;1383;1385;1391;1398;1399;1407;1410;1411;1416;1423;1431;1432;1435;1436;1446;1447;1457;1463;1465;1467;1473;1476;1480;1481;1482;1488;1490;1492;1493;1498;1508;1513;1515;1517;1519;1522;1523;1527;1529;1530;1534;1539;1542;1546;1547;1548;1550;1553;1559;1564;1572;1575;1576;1580;1581;1584;1592;1594;1599;1607;1609;1617;1623;1632;1633;1637;1642;1647;1652;1656;1658;1660;1663;1666;1669;1672;1674;1681;1683;1685;1686;1688;1692;1701;1709;1711;1720;1722;1723;1724;1726;1729;1738;1739;1744;1745;1754;1756;1771;1781;1788;1791;1794;1801;1806;1808;1809;1812;1814;1821;1823;1824;1830;1836;1845;1857;1858;1861;1867;1869;1872;1879;1883;1884;1888;1891;1899;1901;1903;1917;1918;1921;1924;1926;1934;1938;1947;1954;1956;1958;1963;1969;1970;1972;1974;1975;1976;1979;1982;1986;1994;1999,125.39794883411378
0.6,ColonCancer,12,0.13212653846153832,0.8692307692307694,533,2000,2;5;6;14;16;17;19;22;23;63;65;69;70;74;77;78;81;82;84;86;87;88;90;91;92;93;98;99;100;104;111;117;118;133;135;136;137;139;140;145;146;149;153;165;168;174;181;182;186;187;194;197;199;210;213;217;223;226;229;233;234;235;236;244;250;252;256;258;262;263;266;272;273;280;283;287;290;294;295;296;303;307;312;314;315;322;329;330;333;337;340;343;355;356;358;362;363;365;375;378;381;388;389;396;405;410;412;414;428;432;434;446;456;461;465;466;487;490;506;507;508;510;511;519;520;526;529;533;535;537;542;544;545;546;556;557;560;561;563;564;565;568;575;579;584;589;590;593;594;598;603;609;610;616;618;620;626;636;638;639;645;652;660;661;662;678;679;691;694;699;701;702;704;712;713;714;723;731;732;733;739;741;751;752;757;758;759;765;775;788;790;801;805;816;822;835;841;847;850;858;864;865;867;868;869;875;876;877;882;885;892;895;898;905;906;908;909;915;916;920;922;928;930;933;937;941;942;949;950;952;959;960;963;968;971;972;982;984;988;992;997;1008;1011;1014;1018;1019;1026;1027;1028;1030;1035;1036;1037;1043;1049;1057;1059;1061;1069;1070;1072;1073;1074;1080;1082;1085;1088;1089;1092;1095;1096;1097;1105;1108;1119;1125;1126;1128;1132;1135;1141;1142;1143;1144;1147;1148;1153;1157;1161;1167;1169;1173;1176;1181;1186;1191;1196;1201;1202;1205;1216;1219;1220;1228;1229;1234;1237;1238;1239;1247;1248;1249;1251;1253;1255;1257;1259;1265;1283;1288;1291;1294;1300;1301;1302;1304;1311;1312;1314;1320;1321;1322;1324;1326;1329;1332;1339;1340;1342;1346;1348;1352;1354;1356;1363;1364;1367;1369;1373;1374;1376;1379;1383;1395;1396;1397;1399;1404;1405;1406;1408;1409;1414;1415;1417;1425;1428;1431;1434;1439;1442;1445;1449;1451;1453;1456;1458;1464;1465;1467;1470;1473;1475;1476;1477;1480;1481;1482;1488;1490;1492;1495;1497;1499;1502;1507;1508;1509;1513;1515;1520;1522;1528;1538;1539;1546;1554;1557;1559;1560;1563;1566;1567;1579;1580;1592;1595;1599;1602;1612;1619;1621;1622;1624;1626;1628;1633;1635;1636;1637;1640;1642;1643;1645;1647;1658;1660;1667;1673;1678;1679;1680;1681;1683;1687;1688;1690;1692;1694;1696;1701;1702;1705;1706;1711;1713;1720;1722;1725;1727;1729;1734;1741;1743;1745;1752;1757;1758;1759;1760;1763;1767;1768;1770;1783;1786;1792;1793;1794;1795;1797;1798;1801;1808;1810;1813;1814;1815;1822;1824;1829;1834;1835;1838;1851;1853;1857;1858;1859;1862;1865;1869;1873;1876;1878;1879;1882;1885;1890;1891;1893;1894;1895;1900;1901;1910;1911;1913;1917;1923;1934;1938;1942;1943;1947;1951;1959;1974;1978;1982;1984;1996;1999,126.43454483291134
0.6,ColonCancer,14,0.09665807692307692,0.9051282051282051,547,2000,3;4;9;13;15;20;23;25;29;30;38;40;48;56;61;63;65;66;67;69;78;79;88;89;93;98;101;105;109;112;117;126;127;128;131;135;136;139;141;146;148;157;161;162;168;170;175;177;179;180;182;184;191;197;198;211;217;219;220;222;231;232;236;244;246;251;252;253;255;260;262;263;266;268;269;271;272;274;276;279;288;290;292;294;303;305;309;310;311;314;322;336;338;340;344;346;347;352;356;357;358;361;374;375;377;378;382;384;385;387;390;397;398;401;409;413;422;424;439;443;456;457;464;471;472;476;480;484;486;488;489;493;504;507;510;512;515;516;519;520;521;523;524;528;530;536;539;547;552;556;558;560;565;570;575;577;580;582;587;590;598;605;608;612;625;626;628;630;632;633;634;636;638;639;640;643;655;657;664;665;681;683;685;686;690;691;695;697;702;706;707;711;714;717;725;732;738;743;751;752;753;757;764;767;771;772;773;775;777;782;786;787;790;804;805;807;814;823;826;827;829;833;840;846;851;854;858;860;862;865;867;872;874;880;882;884;885;889;898;901;908;910;913;914;917;918;927;928;931;932;933;939;942;944;949;958;960;962;963;972;974;978;980;981;982;986;988;993;997;998;999;1001;1004;1005;1006;1020;1021;1024;1033;1041;1043;1050;1057;1058;1061;1066;1072;1078;1086;1094;1096;1100;1103;1105;1109;1111;1112;1116;1125;1128;1129;1130;1133;1140;1141;1142;1146;1153;1162;1164;1167;1175;1186;1187;1188;1199;1200;1211;1212;1213;1218;1228;1232;1233;1234;1239;1248;1255;1256;1257;1262;1265;1266;1267;1272;1275;1276;1281;1282;1285;1286;1290;1294;1297;1300;1302;1303;1304;1312;1315;1316;1321;1326;1328;1331;1335;1337;1339;1341;1342;1345;1349;1360;1366;1369;1371;1376;1378;1379;1382;1388;1389;1391;1394;1397;1398;1404;1407;1409;1410;1411;1414;1415;1418;1419;1420;1424;1425;1435;1437;1438;1439;1440;1442;1450;1453;1463;1464;1466;1467;1471;1476;1480;1486;1487;1488;1491;1493;1494;1495;1503;1507;1513;1518;1519;1520;1523;1530;1531;1532;1533;1541;1542;1548;1551;1556;1557;1559;1560;1563;1568;1569;1572;1586;1588;1593;1596;1598;1599;1602;1607;1616;1619;1621;1630;1633;1637;1639;1643;1644;1646;1649;1650;1667;1668;1670;1674;1681;1682;1683;1688;1689;1692;1697;1699;1700;1701;1711;1712;1714;1717;1719;1720;1727;1736;1741;1744;1745;1753;1754;1763;1767;1770;1771;1772;1781;1786;1788;1794;1795;1800;1803;1804;1809;1810;1811;1816;1819;1820;1822;1823;1832;1838;1839;1840;1841;1842;1845;1849;1851;1859;1862;1864;1866;1868;1869;1878;1880;1884;1885;1891;1893;1894;1895;1900;1901;1906;1911;1912;1917;1921;1927;1932;1938;1939;1946;1949;1950;1955;1956;1965;1971;1983;1984;1986;1988;1989,126.81560929212719
0.6,ColonCancer,13,0.14609307692307696,0.8551282051282051,534,2000,0;3;4;9;13;20;21;23;28;39;46;49;51;55;56;57;61;66;70;77;81;83;85;86;87;88;94;100;106;113;120;121;122;123;124;136;140;149;150;162;167;169;170;171;175;177;180;188;191;194;200;201;204;209;216;217;218;220;229;243;253;258;266;267;270;271;273;278;281;282;286;287;295;296;297;304;305;313;316;317;323;324;326;327;331;334;340;347;349;352;357;358;359;362;364;366;372;375;382;385;388;401;402;405;409;413;414;422;429;431;439;441;449;450;451;452;462;463;465;473;475;476;481;489;493;495;498;500;504;512;515;519;523;526;527;530;532;538;543;548;550;551;552;553;555;558;560;561;574;575;578;583;586;588;593;600;601;603;609;616;617;621;626;629;637;639;643;644;651;653;658;661;662;666;668;669;672;678;681;685;699;702;710;711;715;723;724;725;729;731;732;742;743;746;748;750;751;752;753;765;767;780;782;783;789;794;797;803;805;807;808;809;811;821;824;825;829;831;836;840;843;844;845;846;847;850;856;858;861;870;876;879;883;893;897;906;909;911;915;922;923;925;927;929;937;939;941;953;957;963;965;973;975;982;986;987;992;994;999;1000;1003;1005;1006;1019;1021;1026;1036;1039;1043;1045;1046;1048;1050;1061;1065;1066;1068;1078;1085;1086;1089;1096;1107;1109;1111;1114;1119;1127;1128;1129;1131;1145;1148;1152;1155;1156;1163;1164;1166;1171;1177;1179;1189;1200;1205;1208;1213;1214;1218;1220;1222;1229;1231;1233;1235;1242;1249;1251;1258;1260;1274;1277;1278;1279;1280;1281;1282;1285;1287;1288;1290;1291;1292;1293;1301;1302;1303;1304;1312;1316;1322;1328;1331;1332;1338;1340;1341;1345;1346;1347;1350;1358;1362;1366;1369;1371;1372;1373;1377;1378;1387;1388;1399;1405;1406;1407;1409;1411;1412;1413;1415;1416;1433;1434;1435;1436;1438;1442;1443;1446;1447;1458;1460;1483;1490;1491;1497;1504;1510;1512;1517;1518;1522;1525;1531;1534;1536;1537;1538;1539;1540;1543;1545;1546;1548;1551;1552;1553;1555;1557;1559;1562;1566;1570;1573;1575;1585;1588;1592;1595;1598;1599;1600;1603;1604;1608;1610;1613;1620;1625;1626;1629;1632;1633;1639;1640;1642;1644;1646;1651;1655;1656;1657;1660;1664;1674;1686;1689;1693;1694;1703;1707;1711;1713;1714;1715;1716;1718;1720;1723;1724;1726;1727;1728;1731;1732;1733;1737;1738;1747;1748;1759;1760;1763;1764;1765;1768;1769;1770;1772;1774;1781;1784;1787;1789;1794;1799;1805;1808;1819;1821;1826;1844;1849;1859;1862;1864;1869;1873;1875;1879;1883;1884;1886;1887;1889;1898;1899;1902;1903;1908;1912;1914;1916;1917;1924;1926;1927;1928;1931;1945;1954;1955;1956;1959;1960;1966;1978;1980;1983;1992;1993;1994;1996,127.44960670825094
0.6,ColonCancer,15,0.11424730769230762,0.8871794871794872,511,2000,1;5;6;8;13;18;32;36;38;42;45;46;48;52;55;56;58;60;61;66;67;71;79;81;82;83;87;92;95;97;100;105;107;112;113;125;142;145;154;163;164;173;174;178;182;192;193;195;198;199;200;205;206;217;220;231;233;235;236;240;247;249;254;263;270;278;279;280;283;285;296;297;303;306;310;313;316;322;323;329;330;331;333;334;335;342;344;352;355;357;359;364;365;367;373;374;375;381;383;390;398;404;415;420;421;422;424;428;433;435;444;446;451;453;454;459;460;463;464;468;471;478;486;488;489;510;512;516;518;519;521;525;536;540;541;547;548;556;558;563;564;566;580;582;590;600;601;608;612;618;621;622;625;626;636;650;654;657;659;664;666;667;669;670;672;674;676;678;682;686;690;695;701;702;707;714;716;718;725;726;727;734;738;739;744;745;751;755;762;780;783;785;788;791;797;805;806;810;811;814;817;819;820;823;828;832;840;845;852;854;856;857;865;868;873;876;879;880;885;886;890;892;897;898;900;909;911;912;920;925;926;927;929;939;959;964;968;974;985;991;992;993;997;1002;1004;1033;1035;1047;1051;1053;1057;1074;1080;1081;1085;1086;1087;1097;1102;1107;1108;1109;1110;1112;1115;1116;1117;1119;1125;1128;1136;1149;1150;1151;1152;1153;1154;1159;1163;1166;1168;1170;1174;1183;1189;1190;1192;1195;1198;1202;1204;1207;1208;1209;1214;1217;1218;1219;1222;1223;1230;1231;1240;1242;1246;1248;1254;1255;1256;1259;1262;1264;1265;1268;1277;1278;1281;1285;1286;1291;1294;1297;1298;1299;1303;1304;1306;1318;1320;1327;1328;1331;1332;1333;1335;1336;1338;1343;1344;1352;1354;1362;1363;1372;1378;1380;1381;1384;1386;1395;1396;1400;1401;1402;1403;1404;1405;1409;1413;1414;1421;1425;1427;1449;1451;1457;1464;1465;1466;1467;1469;1477;1482;1486;1488;1489;1494;1497;1507;1509;1511;1515;1517;1521;1524;1528;1531;1541;1542;1546;1547;1553;1554;1556;1559;1560;1561;1562;1563;1567;1571;1573;1579;1585;1587;1593;1595;1596;1600;1601;1604;1606;1609;1610;1615;1616;1623;1626;1627;1631;1633;1636;1639;1643;1646;1651;1652;1657;1663;1664;1666;1667;1669;1674;1676;1679;1681;1684;1685;1688;1690;1694;1699;1700;1706;1715;1720;1729;1731;1737;1741;1743;1746;1747;1749;1757;1759;1760;1761;1763;1768;1770;1772;1777;1778;1782;1791;1813;1814;1816;1824;1829;1848;1852;1855;1865;1867;1871;1878;1880;1889;1891;1894;1898;1899;1908;1911;1916;1918;1920;1923;1924;1925;1932;1934;1944;1949;1951;1952;1953;1960;1961;1963;1964;1972;1975;1981;1985;1990;1993;1999,127.05625504162163
0.6,ColonCancer,16,0.12975807692307703,0.8717948717948717,567,2000,2;4;5;13;20;23;24;29;46;50;55;56;58;61;68;73;74;76;77;78;83;84;87;88;91;95;96;97;99;103;108;117;118;121;127;130;131;133;136;138;141;156;157;162;169;170;171;172;174;180;182;183;185;192;194;199;206;208;213;222;224;225;233;234;236;242;245;248;253;254;255;258;266;269;270;278;281;284;291;294;295;304;305;310;311;323;324;326;330;332;340;348;349;353;354;356;357;359;360;362;363;365;366;374;377;378;382;383;388;390;391;392;402;406;413;416;420;423;426;427;428;433;434;437;441;443;445;446;452;453;455;456;457;458;466;473;479;485;486;488;491;492;493;494;495;497;505;506;511;512;514;516;517;527;532;541;544;545;547;549;552;560;562;563;572;581;582;592;594;597;599;600;604;609;618;626;628;630;633;634;643;644;646;647;649;651;662;663;664;666;668;678;683;687;691;698;700;701;702;703;705;706;708;713;718;721;725;726;729;730;731;738;741;742;743;754;757;765;766;767;768;769;786;790;793;794;799;800;805;807;811;817;822;829;832;833;834;837;842;844;846;847;849;852;854;859;861;864;866;872;873;885;886;901;902;903;908;913;923;927;928;933;935;937;939;941;942;943;944;945;946;947;949;955;963;964;966;974;975;980;981;983;988;991;992;994;995;996;1000;1011;1018;1019;1024;1033;1036;1042;1047;1050;1057;1062;1065;1071;1073;1077;1080;1081;1082;1084;1089;1090;1092;1099;1101;1106;1113;1116;1119;1120;1121;1123;1124;1125;1129;1130;1133;1134;1135;1142;1145;1146;1153;1154;1160;1164;1165;1167;1168;1170;1176;1180;1181;1183;1188;1191;1192;1196;1197;1206;1209;1212;1213;1215;1225;1229;1231;1241;1245;1247;1248;1255;1256;1263;1264;1268;1274;1276;1280;1281;1282;1284;1286;1287;1289;1290;1292;1293;1296;1297;1301;1303;1306;1309;1310;1313;1314;1318;1325;1327;1332;1336;1343;1347;1355;1357;1360;1365;1370;1375;1377;1378;1379;1380;1383;1384;1386;1396;1398;1399;1400;1401;1404;1405;1407;1408;1413;1414;1419;1425;1427;1434;1436;1440;1441;1443;1446;1450;1454;1458;1461;1462;1464;1465;1469;1473;1475;1479;1481;1486;1497;1498;1503;1504;1505;1515;1517;1520;1524;1534;1538;1539;1541;1545;1550;1552;1554;1556;1559;1566;1569;1577;1580;1581;1582;1585;1586;1588;1591;1595;1604;1611;1617;1623;1625;1626;1627;1628;1641;1645;1646;1650;1654;1655;1659;1660;1663;1677;1680;1685;1688;1689;1699;1706;1709;1710;1713;1714;1717;1719;1720;1721;1724;1729;1730;1732;1736;1739;1746;1750;1751;1752;1755;1760;1762;1764;1769;1771;1775;1776;1780;1783;1790;1791;1792;1794;1809;1810;1814;1815;1816;1820;1822;1827;1833;1842;1850;1856;1861;1862;1868;1869;1872;1885;1891;1896;1897;1901;1913;1918;1923;1927;1931;1936;1937;1938;1945;1947;1953;1959;1962;1974;1976;1980;1982;1992;1996;1997;1999,127.76426666602492
0.6,ColonCancer,17,0.11323807692307686,0.8884615384615385,563,2000,6;13;15;16;19;23;24;27;30;34;35;36;38;39;46;47;54;56;60;61;65;67;68;70;73;74;76;82;86;90;100;104;111;112;120;121;123;124;125;128;132;133;134;137;140;141;142;143;146;164;171;176;177;182;183;185;189;191;192;196;197;209;212;216;217;219;222;225;227;228;229;230;233;234;241;247;255;257;260;263;265;266;271;272;276;278;279;281;282;285;286;289;292;294;297;305;314;315;320;321;323;327;328;331;336;337;341;347;350;353;354;357;358;364;367;372;379;381;383;384;387;388;389;390;391;398;399;402;409;414;417;419;422;423;425;428;434;438;440;447;452;454;456;457;458;459;469;480;482;483;484;486;490;494;502;504;511;515;522;526;543;544;546;549;550;560;563;564;566;569;570;575;580;583;585;586;587;589;590;593;604;606;616;617;618;622;623;627;630;633;643;647;661;670;675;679;682;683;684;691;696;700;702;703;706;717;721;723;724;725;728;732;733;736;738;739;740;741;743;746;752;754;755;757;760;764;767;778;792;802;805;806;810;811;815;818;822;823;831;832;834;836;839;843;845;847;852;854;855;858;859;863;866;869;871;873;876;878;879;883;891;898;900;901;906;907;910;911;914;917;923;925;931;932;934;937;938;949;956;959;961;962;969;974;978;979;980;981;983;989;994;995;996;1002;1005;1008;1012;1017;1020;1021;1026;1030;1031;1032;1034;1036;1037;1038;1049;1050;1063;1064;1066;1073;1074;1078;1079;1081;1082;1083;1084;1085;1090;1094;1103;1104;1114;1115;1123;1130;1131;1134;1136;1138;1139;1153;1165;1178;1184;1187;1188;1194;1196;1207;1209;1210;1214;1215;1221;1222;1230;1231;1234;1236;1237;1238;1245;1250;1252;1255;1256;1258;1259;1260;1262;1274;1276;1278;1279;1284;1285;1286;1292;1293;1295;1296;1298;1300;1311;1314;1318;1320;1324;1334;1335;1336;1337;1338;1339;1345;1347;1348;1355;1357;1358;1366;1367;1371;1372;1375;1378;1380;1387;1399;1400;1401;1404;1410;1411;1412;1414;1422;1426;1433;1438;1440;1447;1449;1457;1459;1464;1465;1471;1472;1478;1481;1483;1493;1494;1500;1501;1505;1507;1510;1519;1520;1530;1533;1534;1537;1540;1547;1551;1553;1558;1567;1572;1576;1577;1582;1585;1589;1590;1599;1603;1607;1610;1611;1619;1620;1622;1623;1638;1645;1647;1651;1652;1656;1657;1659;1665;1673;1676;1677;1679;1688;1690;1693;1694;1702;1703;1704;1708;1711;1712;1714;1716;1718;1720;1724;1727;1734;1736;1737;1741;1743;1748;1753;1754;1757;1760;1761;1764;1768;1771;1773;1783;1789;1790;1794;1803;1804;1815;1818;1820;1823;1829;1832;1834;1835;1837;1839;1841;1844;1848;1849;1852;1856;1857;1871;1880;1883;1886;1889;1890;1892;1893;1895;1896;1898;1899;1901;1905;1909;1914;1915;1923;1924;1930;1934;1940;1951;1961;1966;1969;1973;1980;1981;1982;1983;1986;1987;1993,128.45027837529778
0.6,ColonCancer,18,0.13102730769230778,0.8705128205128204,567,2000,0;5;8;10;11;13;16;19;23;27;30;32;34;38;39;40;44;47;54;59;61;71;78;85;87;88;90;94;96;98;105;107;110;114;119;124;125;131;136;139;141;142;144;149;151;162;163;173;178;181;182;189;190;193;204;205;207;208;209;212;213;221;224;244;248;250;254;256;257;258;263;269;270;271;272;273;277;278;281;283;287;289;294;295;304;308;310;312;316;318;322;323;324;334;337;339;349;350;362;364;366;371;372;374;377;389;390;395;396;398;404;408;409;413;414;419;420;421;423;424;428;431;432;437;439;440;443;451;452;460;465;466;470;477;478;481;490;497;499;500;503;504;506;510;511;514;516;526;528;541;546;548;549;550;552;554;561;563;565;572;573;580;581;590;591;594;596;601;607;613;619;621;622;626;628;635;643;648;651;652;653;656;660;661;674;681;682;685;688;690;693;695;696;701;703;704;706;708;712;726;728;731;734;736;737;744;748;751;757;758;759;760;764;765;766;767;772;776;778;786;787;789;793;794;795;797;804;805;806;813;815;823;824;826;838;841;843;846;857;862;867;874;881;882;888;896;897;898;904;908;918;922;925;927;946;947;951;957;959;963;964;965;977;980;981;982;989;991;992;1003;1004;1005;1006;1008;1013;1014;1015;1016;1018;1019;1022;1026;1028;1032;1036;1039;1041;1043;1046;1047;1056;1057;1059;1070;1073;1076;1078;1079;1092;1095;1097;1101;1102;1103;1104;1107;1112;1113;1117;1119;1120;1124;1126;1128;1129;1132;1134;1141;1142;1146;1153;1166;1167;1169;1172;1178;1185;1188;1190;1191;1192;1197;1202;1208;1210;1212;1213;1218;1220;1221;1223;1228;1231;1234;1239;1245;1247;1249;1257;1260;1263;1264;1266;1267;1277;1283;1284;1285;1291;1294;1297;1300;1301;1313;1316;1318;1322;1327;1328;1329;1333;1337;1339;1342;1346;1350;1352;1359;1361;1362;1370;1372;1375;1378;1380;1390;1396;1397;1403;1408;1412;1413;1415;1420;1421;1422;1429;1435;1444;1447;1448;1453;1469;1471;1472;1475;1478;1479;1485;1491;1495;1500;1501;1505;1509;1510;1512;1513;1515;1521;1524;1525;1527;1530;1535;1540;1545;1546;1548;1551;1553;1558;1572;1573;1574;1575;1576;1577;1579;1581;1583;1587;1591;1593;1597;1598;1599;1601;1602;1605;1610;1612;1614;1615;1617;1619;1630;1633;1636;1637;1639;1642;1649;1657;1660;1661;1662;1663;1665;1670;1671;1672;1676;1686;1692;1696;1698;1708;1715;1722;1726;1728;1729;1731;1735;1738;1740;1742;1743;1747;1748;1751;1757;1758;1763;1765;1768;1770;1771;1772;1774;1779;1781;1785;1794;1804;1807;1808;1823;1824;1826;1831;1833;1834;1837;1841;1844;1845;1847;1854;1855;1858;1861;1862;1866;1875;1885;1886;1887;1888;1891;1895;1896;1898;1899;1902;1904;1908;1910;1911;1914;1916;1917;1922;1923;1924;1928;1929;1933;1935;1936;1937;1939;1944;1945;1948;1956;1957;1958;1960;1961;1964;1974;1980;1987;1992;1998,129.63944820920005
0.6,ColonCancer,19,0.14739230769230774,0.8538461538461538,540,2000,5;6;8;9;11;17;19;23;24;27;31;32;38;41;46;52;65;66;70;78;88;92;95;98;103;106;109;111;114;117;119;121;124;126;136;139;142;147;155;176;179;192;193;200;203;208;214;217;218;219;221;226;232;233;236;243;244;249;251;256;260;270;271;272;273;278;279;282;285;291;293;295;298;312;315;316;327;329;330;331;336;341;343;344;352;353;355;358;363;364;365;367;373;391;398;410;412;419;425;426;430;434;435;437;449;455;460;464;466;468;473;484;490;492;500;505;508;509;511;512;513;516;518;519;521;522;523;524;525;529;530;532;534;538;541;544;545;546;553;554;557;563;568;570;573;578;581;585;589;595;597;598;602;608;609;611;612;617;618;620;623;625;626;628;631;635;637;638;642;643;647;648;650;652;661;662;666;669;672;675;676;677;682;687;690;693;695;702;705;708;714;721;723;724;725;727;728;733;735;738;739;742;747;749;752;756;757;759;761;766;782;783;784;785;789;795;802;813;821;823;826;832;835;841;842;843;845;849;850;854;857;864;866;867;871;872;878;879;884;889;890;892;893;895;901;903;907;908;909;911;914;915;924;926;927;942;943;946;950;956;958;961;962;973;977;978;979;983;984;994;996;997;1001;1004;1005;1008;1009;1014;1016;1022;1031;1032;1034;1041;1042;1044;1049;1052;1053;1054;1067;1073;1076;1077;1084;1093;1095;1099;1108;1113;1114;1115;1121;1126;1130;1131;1140;1143;1147;1148;1149;1157;1158;1162;1164;1174;1176;1181;1185;1193;1199;1202;1209;1216;1220;1221;1224;1229;1230;1231;1234;1237;1242;1245;1249;1255;1256;1257;1258;1260;1266;1269;1271;1273;1275;1279;1282;1284;1285;1288;1292;1294;1297;1304;1310;1313;1318;1319;1327;1329;1330;1335;1337;1340;1347;1352;1353;1355;1358;1363;1366;1370;1371;1373;1374;1378;1381;1386;1387;1388;1391;1394;1397;1406;1407;1408;1409;1415;1418;1435;1436;1445;1446;1449;1452;1459;1461;1468;1475;1478;1483;1488;1490;1491;1495;1496;1504;1510;1518;1519;1523;1524;1532;1533;1546;1551;1553;1558;1561;1569;1572;1576;1577;1580;1581;1582;1585;1586;1591;1592;1593;1594;1598;1601;1603;1604;1606;1608;1612;1613;1615;1622;1623;1631;1641;1650;1651;1654;1656;1657;1670;1671;1674;1675;1678;1685;1697;1698;1700;1704;1708;1709;1710;1718;1726;1735;1736;1747;1751;1753;1754;1758;1759;1760;1762;1766;1773;1774;1781;1783;1788;1792;1793;1798;1800;1801;1803;1808;1820;1827;1829;1832;1834;1835;1839;1844;1846;1849;1850;1854;1856;1857;1858;1859;1865;1870;1876;1883;1886;1891;1892;1894;1895;1896;1903;1907;1910;1921;1926;1929;1930;1936;1941;1945;1947;1953;1966;1968;1970;1971;1972;1973;1974;1976;1977;1979;1985;1988;1991;1994,128.95906187500805
0.6,ColonCancer,20,0.13097230769230778,0.8705128205128204,556,2000,1;7;8;12;17;25;31;34;36;39;44;45;49;51;52;56;61;75;77;86;97;99;100;102;114;116;119;124;131;132;134;135;136;140;141;143;152;155;157;158;162;173;174;183;190;191;203;206;207;208;211;212;216;218;220;222;226;227;235;242;244;245;248;249;252;254;255;256;259;273;282;283;289;292;298;300;301;303;310;318;323;325;329;330;335;344;345;346;349;352;356;362;366;370;374;375;376;378;380;382;384;393;394;395;397;399;401;403;409;410;411;413;414;417;419;420;421;423;424;436;437;440;441;454;457;458;464;469;474;477;478;480;483;484;494;501;506;514;518;520;522;525;529;532;534;538;540;546;547;548;549;557;561;563;566;578;582;583;586;589;590;598;600;607;609;618;620;624;627;628;632;633;635;638;644;647;651;654;657;661;662;669;670;672;673;682;683;686;689;691;693;694;695;697;699;705;706;707;708;709;715;716;717;723;727;733;739;744;749;757;759;763;764;768;769;770;774;778;780;781;786;787;791;794;796;799;803;807;808;809;813;816;818;825;828;831;838;840;842;846;848;852;855;860;865;866;871;876;879;880;881;884;885;891;896;898;902;904;905;907;908;910;913;918;919;921;924;926;927;928;929;933;938;939;941;942;950;952;954;957;962;963;973;975;977;978;979;981;991;993;998;1002;1003;1010;1011;1013;1014;1021;1026;1027;1028;1031;1032;1037;1038;1039;1047;1057;1070;1076;1077;1079;1080;1086;1088;1089;1090;1102;1103;1110;1130;1137;1138;1142;1150;1152;1159;1162;1168;1173;1180;1182;1184;1190;1192;1196;1202;1209;1211;1218;1222;1223;1226;1228;1239;1240;1242;1249;1251;1271;1276;1285;1290;1292;1293;1302;1307;1308;1309;1314;1320;1321;1324;1325;1326;1328;1330;1331;1334;1336;1337;1338;1339;1345;1348;1350;1360;1361;1366;1367;1369;1373;1375;1379;1381;1382;1385;1386;1387;1389;1392;1403;1404;1405;1408;1410;1420;1432;1440;1444;1445;1448;1449;1450;1452;1454;1457;1464;1466;1469;1472;1479;1480;1481;1486;1487;1488;1489;1496;1498;1500;1501;1510;1522;1524;1527;1528;1531;1534;1537;1538;1539;1540;1542;1545;1546;1560;1561;1573;1580;1583;1588;1595;1596;1601;1609;1612;1613;1614;1616;1617;1623;1625;1634;1642;1644;1647;1648;1650;1653;1655;1657;1663;1667;1668;1673;1678;1681;1685;1694;1699;1700;1704;1708;1710;1712;1714;1716;1723;1725;1726;1729;1732;1733;1734;1739;1741;1758;1760;1768;1769;1775;1781;1782;1793;1794;1798;1800;1807;1809;1823;1826;1831;1832;1833;1834;1840;1844;1850;1851;1859;1861;1862;1866;1871;1876;1878;1880;1882;1887;1888;1893;1898;1904;1909;1911;1913;1916;1919;1921;1928;1929;1932;1933;1936;1941;1942;1952;1957;1958;1959;1962;1965;1966;1971;1977;1979;1982;1984;1985;1987;1988;1989;1990;1992;1993,128.38929891726002
0.6,ColonCancer,21,0.08141730769230775,0.9205128205128205,545,2000,0;1;3;8;11;12;16;22;30;36;42;50;62;73;83;89;90;95;97;98;101;107;111;112;113;119;121;122;124;134;139;141;142;147;149;152;154;156;157;160;162;173;175;176;177;184;185;186;188;194;197;198;199;203;205;213;214;216;218;223;227;228;231;240;244;247;248;251;252;255;260;267;268;275;276;279;281;285;286;288;295;298;309;310;311;313;314;321;323;324;327;330;333;340;344;347;348;349;357;359;368;375;377;379;382;384;386;387;388;391;394;397;402;411;413;414;422;424;426;427;434;442;445;448;454;460;461;470;473;474;477;479;483;491;493;505;510;511;518;519;520;521;523;534;536;539;547;555;563;568;575;589;591;597;601;608;609;612;613;614;625;626;627;629;630;631;635;637;642;646;649;653;654;655;661;666;670;672;679;680;691;692;693;694;696;703;710;720;725;726;730;732;738;744;747;748;749;750;754;755;757;758;765;773;774;775;778;779;783;785;787;788;797;810;818;820;822;826;829;830;832;837;839;842;845;846;851;853;865;866;867;870;877;878;887;891;894;896;899;900;901;904;905;907;910;911;913;921;923;928;953;958;960;968;970;979;980;984;996;997;1000;1003;1005;1007;1008;1017;1023;1025;1031;1032;1037;1041;1046;1050;1051;1052;1053;1060;1077;1083;1091;1094;1097;1100;1110;1115;1116;1117;1118;1124;1131;1135;1136;1138;1140;1142;1149;1150;1151;1160;1161;1165;1166;1170;1173;1179;1190;1195;1197;1198;1200;1201;1204;1212;1215;1218;1226;1228;1229;1234;1242;1243;1244;1247;1252;1257;1258;1259;1260;1265;1271;1277;1286;1289;1290;1292;1297;1300;1303;1307;1311;1313;1316;1320;1321;1322;1323;1324;1328;1329;1337;1339;1342;1349;1352;1363;1365;1367;1375;1377;1379;1382;1387;1388;1389;1391;1396;1397;1398;1400;1404;1406;1407;1410;1416;1422;1424;1427;1436;1441;1445;1446;1449;1451;1455;1462;1464;1469;1474;1477;1482;1491;1492;1494;1501;1505;1509;1510;1513;1514;1515;1516;1517;1518;1522;1530;1536;1543;1544;1552;1559;1560;1564;1565;1566;1567;1568;1571;1591;1592;1598;1602;1603;1605;1607;1608;1613;1624;1626;1627;1631;1632;1633;1638;1641;1647;1659;1661;1663;1664;1666;1669;1670;1673;1675;1676;1678;1683;1688;1694;1697;1700;1703;1713;1715;1717;1718;1724;1730;1731;1733;1735;1736;1739;1740;1741;1744;1745;1746;1748;1751;1753;1754;1757;1762;1763;1765;1770;1775;1777;1782;1783;1784;1790;1793;1796;1798;1799;1800;1803;1804;1809;1811;1812;1824;1826;1830;1835;1847;1848;1853;1855;1859;1861;1865;1868;1869;1873;1875;1877;1879;1881;1883;1884;1891;1892;1893;1910;1914;1915;1919;1921;1927;1929;1930;1932;1934;1941;1950;1953;1957;1959;1960;1963;1964;1967;1968;1972;1973;1976;1984;1986;1988;1991;1992,128.8556483751163
0.6,ColonCancer,22,0.11320807692307686,0.8884615384615385,557,2000,0;2;3;6;8;11;12;13;16;19;20;21;26;35;41;43;50;56;61;67;69;70;73;77;78;81;84;85;97;108;109;110;111;119;125;128;129;132;133;135;136;137;139;140;141;148;152;154;162;165;168;176;179;181;183;184;185;193;200;201;202;203;205;209;210;221;230;232;235;238;239;240;243;246;247;248;249;257;258;259;261;263;265;267;269;271;273;284;286;287;289;291;292;293;299;300;307;311;313;314;319;321;326;330;332;333;334;339;340;344;345;353;358;359;361;371;372;374;380;383;384;385;386;397;400;405;414;416;417;425;427;429;433;437;440;442;446;449;451;454;458;461;462;463;467;469;471;474;476;480;482;483;484;485;489;491;501;506;515;516;517;522;532;534;535;538;539;549;555;558;559;560;562;568;573;578;583;585;588;589;593;594;595;601;602;611;613;618;620;623;624;630;633;634;636;638;640;641;643;644;646;656;657;660;662;663;673;674;675;677;678;683;685;688;696;697;702;704;705;707;720;721;722;725;726;730;734;736;737;738;743;747;756;757;760;765;770;774;775;778;779;788;797;803;807;809;811;817;825;830;835;836;838;847;854;856;858;860;878;879;881;889;891;894;896;898;902;905;908;912;924;927;928;929;933;944;946;951;956;957;962;963;972;973;979;981;984;997;999;1002;1003;1004;1012;1014;1023;1030;1033;1034;1041;1045;1049;1063;1065;1068;1070;1071;1072;1079;1082;1099;1105;1108;1109;1111;1114;1116;1119;1123;1136;1138;1139;1140;1149;1151;1154;1165;1166;1170;1177;1179;1182;1183;1184;1185;1190;1193;1198;1203;1204;1215;1217;1226;1228;1231;1245;1246;1253;1259;1264;1265;1271;1275;1280;1287;1288;1293;1294;1298;1303;1308;1314;1315;1317;1324;1325;1329;1331;1332;1334;1337;1338;1340;1341;1343;1345;1347;1350;1352;1353;1357;1361;1364;1368;1371;1372;1373;1378;1379;1381;1382;1386;1387;1396;1409;1411;1413;1415;1419;1420;1422;1423;1436;1441;1444;1452;1453;1454;1455;1466;1471;1475;1476;1478;1483;1487;1488;1491;1493;1496;1514;1515;1530;1535;1544;1545;1549;1561;1563;1568;1570;1572;1576;1577;1578;1580;1590;1599;1601;1602;1604;1613;1614;1616;1619;1625;1626;1631;1632;1633;1635;1637;1639;1640;1646;1648;1656;1657;1658;1662;1667;1671;1673;1675;1677;1679;1682;1684;1686;1691;1703;1705;1709;1710;1725;1726;1728;1734;1737;1738;1739;1745;1749;1753;1755;1765;1770;1771;1783;1785;1790;1791;1793;1794;1795;1798;1799;1805;1807;1809;1816;1819;1820;1821;1823;1824;1825;1831;1834;1837;1838;1839;1844;1845;1850;1851;1852;1855;1864;1865;1877;1882;1883;1886;1889;1891;1892;1896;1897;1901;1904;1906;1908;1913;1916;1921;1922;1923;1927;1929;1933;1934;1942;1945;1947;1950;1951;1960;1961;1963;1966;1975;1980;1982;1983;1986;1987;1993,128.89920591702685
0.6,ColonCancer,23,0.16373730769230777,0.8371794871794871,509,2000,0;2;5;9;11;12;14;15;19;22;24;25;27;29;30;31;38;40;42;44;45;46;52;54;56;58;64;65;68;71;74;80;89;92;95;97;100;101;106;109;116;119;125;134;136;147;149;150;153;167;174;177;188;190;194;195;196;197;198;209;222;224;226;229;231;233;234;238;242;245;248;251;254;258;269;276;285;287;292;294;310;311;315;318;319;321;324;326;327;342;343;344;345;357;360;362;367;369;372;376;377;380;381;382;383;390;393;395;397;398;427;428;436;440;441;459;463;468;472;477;480;485;488;489;491;492;504;505;509;511;517;519;542;544;547;548;549;552;554;556;560;564;566;569;570;581;583;586;587;592;594;595;596;599;602;609;612;613;614;621;623;625;626;627;630;633;635;636;639;640;641;642;645;652;657;661;663;678;691;697;702;711;718;719;725;726;736;738;743;745;747;749;750;751;752;756;758;764;767;780;782;784;786;787;791;800;805;810;814;818;846;848;855;860;861;868;871;874;881;886;890;896;898;904;905;911;917;920;924;925;927;928;929;930;934;938;941;950;958;960;962;964;965;975;976;980;981;986;988;989;992;993;996;1001;1003;1006;1015;1018;1024;1026;1030;1033;1037;1039;1041;1043;1044;1045;1047;1054;1056;1061;1066;1070;1074;1076;1079;1080;1091;1092;1094;1095;1096;1118;1122;1123;1124;1127;1128;1131;1136;1138;1141;1149;1155;1157;1159;1161;1164;1168;1184;1189;1191;1192;1195;1198;1200;1210;1213;1218;1221;1228;1229;1231;1235;1241;1246;1247;1249;1253;1255;1259;1264;1271;1273;1282;1287;1288;1289;1290;1292;1293;1295;1300;1316;1320;1322;1327;1328;1333;1342;1357;1358;1362;1363;1366;1371;1374;1375;1378;1385;1386;1390;1392;1394;1397;1399;1405;1412;1416;1421;1425;1427;1428;1430;1439;1442;1446;1449;1450;1455;1457;1464;1465;1467;1470;1478;1489;1491;1494;1500;1507;1513;1515;1516;1520;1532;1546;1547;1548;1549;1555;1558;1559;1562;1563;1565;1566;1568;1569;1571;1576;1597;1599;1602;1604;1609;1612;1613;1616;1617;1618;1619;1621;1632;1646;1648;1649;1653;1658;1666;1667;1669;1670;1674;1677;1681;1686;1688;1692;1694;1699;1701;1705;1712;1713;1722;1725;1728;1733;1745;1746;1758;1761;1762;1764;1766;1768;1771;1772;1778;1781;1782;1788;1789;1794;1795;1796;1797;1800;1801;1807;1811;1818;1822;1824;1827;1832;1839;1840;1841;1843;1844;1846;1847;1849;1850;1852;1856;1859;1862;1867;1870;1872;1873;1880;1881;1882;1886;1887;1896;1899;1910;1915;1921;1938;1944;1951;1953;1959;1960;1966;1968;1973;1977;1980;1985;1986;1989,128.08952675014734
0.6,ColonCancer,24,0.09919153846153844,0.9025641025641026,546,2000,5;6;8;12;16;18;28;29;31;37;38;44;47;48;50;51;52;54;61;62;70;71;74;79;81;85;102;103;110;111;112;113;114;115;121;123;132;141;146;148;151;162;168;169;170;171;175;177;184;185;186;187;192;195;199;200;204;208;209;210;211;212;214;219;222;223;226;230;231;234;236;240;244;248;251;252;256;268;272;275;278;279;280;285;289;294;300;308;317;319;320;322;323;331;340;342;343;344;348;352;353;356;357;358;359;361;374;375;377;381;383;387;388;389;395;396;397;402;404;408;410;414;417;421;422;423;426;428;429;444;456;460;462;464;471;473;477;479;480;487;488;490;491;494;497;502;503;504;508;509;516;523;526;529;533;539;540;542;546;552;558;559;568;571;574;575;579;584;594;600;603;605;611;613;614;620;628;631;635;641;651;653;655;656;660;664;667;681;686;690;691;697;702;705;709;710;723;738;739;767;768;771;774;775;776;781;784;786;787;789;795;796;797;799;806;808;809;812;814;822;823;827;828;835;837;842;844;845;846;848;850;854;858;862;863;865;867;868;869;877;882;887;889;890;894;895;897;901;907;909;912;913;915;922;923;924;927;930;931;936;939;943;944;969;974;979;980;985;988;989;990;991;1003;1004;1006;1007;1008;1013;1017;1022;1024;1027;1030;1031;1039;1040;1044;1046;1048;1057;1062;1063;1065;1068;1070;1072;1074;1082;1086;1091;1101;1108;1118;1119;1120;1121;1127;1131;1132;1133;1142;1143;1144;1152;1157;1159;1161;1164;1166;1171;1174;1177;1183;1189;1193;1196;1201;1202;1207;1208;1209;1210;1222;1224;1227;1231;1232;1233;1236;1238;1240;1243;1246;1262;1268;1277;1285;1295;1296;1304;1308;1310;1316;1317;1318;1322;1323;1333;1335;1336;1343;1345;1348;1352;1359;1361;1365;1370;1376;1388;1391;1393;1394;1398;1401;1404;1408;1414;1415;1416;1426;1430;1431;1434;1436;1438;1439;1446;1455;1456;1458;1464;1471;1475;1476;1477;1488;1491;1493;1495;1500;1508;1510;1511;1521;1523;1528;1530;1534;1541;1544;1545;1549;1553;1554;1557;1559;1563;1565;1566;1571;1582;1583;1586;1588;1589;1595;1601;1608;1610;1613;1615;1620;1621;1624;1626;1631;1632;1634;1636;1642;1643;1646;1648;1650;1653;1655;1656;1660;1665;1670;1681;1684;1687;1688;1690;1691;1713;1718;1719;1720;1727;1729;1732;1741;1743;1746;1750;1752;1756;1761;1762;1768;1770;1772;1774;1775;1778;1779;1781;1783;1791;1792;1793;1798;1799;1807;1808;1809;1811;1813;1814;1816;1819;1823;1825;1827;1829;1833;1834;1835;1845;1848;1850;1851;1858;1866;1868;1869;1871;1876;1877;1882;1886;1891;1893;1897;1904;1911;1916;1921;1926;1930;1931;1937;1938;1942;1943;1947;1949;1950;1951;1958;1962;1963;1966;1968;1969;1971;1972;1973;1974;1980;1982;1986;1989,128.84364520804957
0.6,ColonCancer,25,0.0981823076923077,0.9038461538461539,598,2000,1;7;10;11;15;19;23;27;29;31;32;38;40;42;44;45;49;50;51;56;57;58;59;61;62;65;70;84;85;87;90;96;103;104;107;111;113;116;117;122;127;131;135;136;142;143;147;148;150;153;155;156;158;161;164;165;174;175;177;178;179;183;186;187;188;189;191;194;197;198;200;202;203;206;207;211;213;215;216;220;221;231;243;245;247;250;261;266;271;274;275;278;290;292;294;295;304;306;307;314;315;317;321;325;328;329;330;331;332;344;346;352;356;361;366;372;373;374;375;387;388;389;391;394;396;397;398;402;404;407;410;411;415;422;425;429;435;437;439;440;443;448;450;453;455;460;461;464;467;469;477;486;490;491;492;494;500;510;516;519;526;528;530;533;539;543;545;546;549;550;553;557;558;559;564;568;571;573;578;582;585;596;597;604;609;616;618;619;620;622;623;632;634;635;636;639;642;650;651;653;654;661;662;663;667;670;671;672;673;674;675;677;680;682;684;685;686;688;689;692;693;703;705;707;708;716;717;723;726;730;731;732;733;735;737;738;740;743;748;750;754;757;762;766;769;777;780;782;783;784;789;791;794;795;801;802;804;810;818;821;822;827;833;835;840;846;847;850;851;853;856;859;864;866;868;869;870;874;875;876;882;884;885;891;893;895;898;901;903;908;910;911;917;920;926;928;930;932;933;934;937;941;942;959;961;962;969;970;973;975;977;978;979;980;982;984;987;993;994;995;1000;1003;1005;1011;1017;1018;1019;1020;1021;1026;1028;1034;1037;1038;1039;1042;1043;1046;1048;1050;1053;1057;1061;1063;1067;1068;1070;1076;1077;1083;1086;1088;1091;1099;1101;1109;1110;1113;1118;1128;1135;1137;1150;1151;1153;1155;1160;1164;1167;1174;1176;1177;1178;1182;1192;1202;1203;1216;1220;1227;1228;1234;1238;1243;1244;1248;1249;1251;1253;1255;1256;1257;1268;1269;1273;1282;1284;1285;1286;1288;1289;1293;1294;1297;1300;1303;1308;1311;1312;1315;1319;1326;1329;1335;1337;1338;1339;1343;1347;1356;1360;1369;1370;1374;1377;1379;1390;1394;1397;1398;1401;1404;1408;1411;1412;1415;1422;1435;1441;1442;1449;1453;1462;1463;1467;1470;1471;1475;1481;1485;1488;1492;1493;1498;1502;1513;1518;1520;1522;1529;1530;1531;1536;1539;1542;1545;1546;1550;1552;1558;1560;1566;1569;1571;1572;1577;1581;1589;1592;1594;1595;1604;1606;1607;1612;1622;1629;1632;1636;1639;1643;1646;1647;1648;1650;1653;1655;1660;1665;1670;1671;1678;1688;1689;1693;1698;1699;1700;1706;1707;1716;1719;1721;1723;1725;1730;1731;1735;1736;1739;1742;1743;1746;1747;1748;1757;1759;1765;1768;1770;1772;1781;1782;1788;1792;1795;1797;1799;1800;1803;1806;1807;1809;1819;1820;1823;1824;1826;1827;1828;1832;1833;1841;1846;1850;1852;1857;1859;1862;1863;1864;1867;1872;1876;1878;1881;1883;1885;1886;1889;1895;1896;1909;1916;1923;1924;1928;1931;1933;1934;1939;1943;1945;1949;1951;1953;1956;1965;1968;1970;1973;1974;1981;1982;1984;1991;1993;1998,128.89284333400428
0.6,ColonCancer,26,0.09669807692307691,0.9051282051282051,555,2000,1;16;17;19;22;25;26;28;29;30;31;34;38;45;48;49;55;58;61;64;65;72;79;83;87;89;92;100;102;105;106;107;110;122;125;126;130;137;146;149;162;165;169;170;175;179;180;182;183;185;188;191;194;198;200;203;206;208;211;213;218;220;225;230;240;243;244;245;250;255;257;258;261;265;268;269;270;272;274;277;281;282;287;292;294;304;307;309;312;315;317;322;333;341;345;350;353;358;359;360;361;362;367;375;380;385;396;397;398;399;401;407;413;421;424;430;434;438;439;443;450;452;459;464;466;469;475;476;479;486;489;491;492;493;496;498;502;504;505;508;516;519;524;526;530;534;535;536;540;543;548;549;555;557;564;568;569;570;572;574;575;581;582;583;584;590;591;595;601;612;613;614;617;618;621;622;627;637;638;641;642;645;646;648;650;651;652;653;654;661;662;667;669;673;675;679;680;682;683;686;688;690;693;696;700;703;705;710;721;722;723;724;726;728;729;732;736;738;742;746;747;749;752;753;754;760;761;762;769;772;775;776;780;784;786;793;801;802;803;805;812;813;814;818;819;821;822;823;826;831;833;834;836;838;845;846;852;858;865;866;868;871;877;884;886;898;899;900;908;909;912;922;928;931;933;937;938;940;942;945;949;958;963;965;966;967;969;975;976;978;981;994;998;1005;1006;1007;1012;1018;1019;1020;1028;1029;1031;1032;1034;1037;1047;1054;1055;1068;1071;1078;1083;1088;1093;1097;1100;1102;1107;1110;1117;1121;1125;1126;1131;1132;1133;1137;1141;1142;1143;1148;1149;1156;1159;1165;1167;1171;1172;1174;1177;1183;1188;1192;1194;1204;1214;1215;1219;1220;1228;1230;1232;1236;1240;1241;1248;1251;1256;1261;1263;1265;1267;1271;1273;1275;1276;1279;1282;1286;1287;1289;1297;1303;1304;1305;1307;1311;1313;1318;1331;1340;1344;1353;1355;1361;1365;1368;1369;1374;1377;1384;1395;1399;1400;1404;1405;1414;1415;1422;1434;1439;1441;1444;1448;1451;1467;1469;1472;1480;1481;1483;1484;1486;1498;1500;1507;1508;1509;1511;1513;1520;1524;1525;1533;1536;1539;1540;1541;1543;1548;1552;1553;1556;1561;1564;1573;1581;1584;1588;1589;1599;1601;1602;1604;1609;1610;1611;1620;1621;1627;1638;1640;1644;1649;1650;1652;1659;1665;1666;1668;1671;1673;1676;1677;1678;1691;1693;1695;1699;1702;1707;1708;1711;1717;1718;1721;1726;1729;1731;1735;1740;1741;1742;1744;1746;1748;1749;1750;1752;1757;1763;1766;1768;1771;1774;1776;1780;1782;1785;1789;1807;1809;1816;1817;1819;1821;1822;1826;1831;1833;1843;1844;1847;1848;1849;1851;1852;1855;1864;1865;1866;1868;1869;1873;1874;1881;1883;1884;1885;1888;1892;1899;1903;1911;1912;1915;1918;1923;1924;1932;1936;1937;1943;1948;1965;1968;1971;1975;1978;1979;1980;1988;1994;1996,130.87426966661587
0.6,ColonCancer,27,0.11561153846153839,0.885897435897436,530,2000,4;5;9;12;13;14;20;24;25;28;40;46;47;54;64;66;67;68;69;73;76;82;83;94;102;103;105;106;107;110;111;113;114;118;121;123;124;128;129;131;134;140;141;147;148;150;152;155;162;165;174;176;183;186;188;190;193;199;202;203;204;210;214;215;216;220;221;224;227;239;241;244;245;252;258;263;266;272;275;285;290;291;294;296;297;303;304;309;310;314;316;327;328;332;334;335;336;338;340;341;342;344;346;347;349;350;354;358;367;368;375;392;399;402;405;406;408;409;412;414;421;422;424;428;430;432;437;439;446;461;465;466;467;471;472;475;476;482;485;486;488;490;492;495;500;502;503;505;510;511;512;515;516;517;518;519;520;523;527;533;536;539;542;546;549;554;558;560;561;563;566;572;574;575;590;598;602;614;618;622;623;625;626;628;632;635;637;641;660;661;668;670;674;677;688;691;692;695;700;701;703;707;710;715;721;722;723;725;735;738;739;740;743;755;756;762;763;766;771;778;779;780;791;794;799;805;810;815;816;817;823;828;830;831;839;846;848;849;854;860;862;866;870;886;889;890;894;896;901;905;908;909;913;917;921;928;930;933;935;936;939;941;942;943;944;947;948;952;953;963;966;971;978;980;981;983;991;994;995;996;1002;1003;1005;1015;1023;1024;1030;1034;1036;1047;1050;1057;1058;1059;1060;1063;1064;1065;1073;1075;1082;1087;1088;1101;1103;1104;1107;1108;1115;1118;1121;1134;1136;1137;1139;1142;1144;1148;1153;1154;1163;1165;1170;1183;1185;1188;1189;1197;1206;1208;1210;1211;1216;1218;1226;1230;1235;1236;1241;1245;1247;1249;1252;1255;1260;1265;1271;1276;1277;1279;1282;1285;1299;1302;1308;1313;1317;1318;1323;1324;1331;1332;1338;1341;1343;1350;1358;1363;1365;1368;1371;1374;1380;1386;1392;1399;1403;1405;1408;1410;1411;1413;1414;1425;1430;1435;1438;1440;1442;1444;1445;1446;1448;1449;1457;1465;1471;1473;1474;1477;1479;1485;1487;1488;1491;1499;1501;1506;1508;1511;1513;1516;1519;1535;1541;1542;1543;1544;1553;1555;1561;1564;1574;1582;1583;1584;1591;1592;1595;1599;1603;1604;1608;1611;1617;1624;1625;1630;1636;1640;1642;1644;1647;1650;1656;1660;1661;1663;1664;1665;1679;1683;1692;1695;1696;1699;1707;1711;1715;1722;1723;1725;1727;1729;1734;1736;1750;1762;1765;1766;1768;1773;1774;1776;1777;1786;1787;1789;1792;1795;1800;1801;1803;1809;1814;1815;1817;1824;1828;1831;1836;1848;1851;1856;1859;1870;1872;1886;1891;1899;1902;1903;1906;1909;1910;1912;1916;1918;1924;1926;1927;1930;1933;1935;1938;1941;1945;1955;1963;1966;1969;1971;1973;1974;1975;1987;1988;1990;1992;1997,130.8220525830984
0.6,ColonCancer,28,0.16374730769230766,0.8371794871794872,511,2000,0;6;7;8;12;14;29;37;38;41;44;49;53;61;71;73;76;84;87;88;90;93;97;100;109;110;114;115;119;121;123;124;131;136;139;140;141;144;149;150;157;164;171;173;180;183;190;193;194;196;202;205;206;210;211;214;216;221;236;237;238;243;247;264;275;280;291;296;297;302;306;316;321;330;333;341;351;352;357;359;360;361;362;364;375;378;379;382;389;390;391;392;395;399;401;403;405;413;414;419;420;424;425;428;432;442;443;444;445;447;451;453;454;458;462;463;465;469;473;474;482;484;487;488;492;498;510;512;514;515;519;528;530;531;543;544;555;565;570;579;581;586;588;590;593;600;602;604;613;625;627;629;632;635;641;645;646;647;652;653;654;655;657;660;665;669;672;673;678;679;683;689;691;696;702;703;708;713;725;727;730;738;752;757;763;765;766;779;780;785;790;791;793;795;801;808;810;817;820;823;826;827;829;830;836;839;840;848;852;866;870;875;885;886;887;889;897;899;903;904;911;918;922;923;929;933;935;938;946;949;950;952;953;958;960;966;967;968;970;972;975;981;982;984;986;992;995;996;999;1000;1001;1002;1003;1005;1009;1015;1019;1025;1027;1029;1031;1032;1034;1042;1045;1046;1053;1059;1063;1066;1067;1078;1081;1084;1088;1092;1093;1094;1098;1099;1101;1103;1106;1110;1114;1115;1117;1118;1122;1137;1140;1148;1149;1172;1184;1189;1195;1197;1201;1203;1205;1210;1211;1215;1222;1233;1236;1237;1239;1246;1247;1249;1253;1255;1257;1266;1267;1268;1272;1278;1280;1284;1286;1289;1293;1295;1297;1306;1320;1321;1326;1328;1329;1335;1337;1346;1347;1353;1358;1360;1374;1380;1385;1387;1391;1392;1393;1395;1402;1405;1412;1413;1422;1425;1433;1437;1445;1447;1448;1449;1450;1453;1463;1469;1470;1471;1472;1474;1475;1485;1486;1488;1491;1493;1495;1496;1507;1508;1509;1513;1514;1520;1522;1523;1533;1538;1543;1544;1546;1549;1551;1553;1558;1560;1561;1562;1564;1565;1577;1581;1583;1589;1592;1596;1602;1613;1616;1618;1619;1629;1630;1638;1646;1652;1653;1654;1658;1659;1660;1662;1667;1669;1675;1676;1679;1682;1683;1684;1688;1695;1700;1701;1702;1707;1709;1716;1727;1734;1735;1736;1739;1741;1743;1745;1748;1752;1755;1757;1760;1764;1770;1781;1783;1784;1790;1794;1796;1798;1806;1811;1813;1814;1815;1820;1822;1823;1824;1825;1827;1829;1831;1833;1839;1840;1846;1851;1852;1855;1859;1862;1864;1867;1870;1871;1872;1876;1878;1879;1880;1886;1892;1893;1899;1906;1911;1915;1919;1927;1935;1946;1957;1959;1962;1971;1979;1980;1986;1988;1993;1997;1998,131.6774676661007
0.6,ColonCancer,29,0.1296230769230768,0.8717948717948719,540,2000,5;6;7;9;10;12;19;29;31;37;38;39;40;44;46;49;55;58;59;61;69;70;80;85;87;92;96;99;100;112;119;124;128;130;131;135;139;144;146;154;157;158;161;166;175;177;181;184;188;189;193;203;206;208;209;211;218;221;223;226;231;232;233;234;240;241;242;243;244;247;248;252;256;259;260;266;268;271;272;273;278;282;284;286;292;294;295;301;303;312;317;321;330;332;340;341;342;344;350;351;352;355;358;359;361;367;369;370;371;373;379;381;390;395;401;411;412;413;416;425;427;432;434;439;441;443;444;447;451;452;453;454;460;466;472;475;480;484;485;486;487;488;495;499;501;503;506;510;511;512;519;520;527;528;529;538;540;541;542;545;547;548;550;551;552;555;556;562;563;566;579;582;584;585;586;593;599;600;606;609;619;633;636;638;640;650;654;662;667;671;674;681;683;685;690;691;694;695;697;706;710;720;723;729;730;735;742;753;755;757;758;762;765;769;771;775;778;781;782;789;792;795;796;798;801;804;806;811;813;816;821;825;839;848;853;861;862;864;865;868;871;873;877;891;896;897;901;904;909;910;911;913;916;918;920;929;933;935;940;942;944;949;952;956;958;959;963;965;972;981;983;986;988;995;997;1003;1004;1011;1012;1014;1018;1020;1021;1022;1023;1027;1028;1030;1031;1041;1044;1046;1048;1050;1051;1052;1059;1060;1066;1069;1077;1082;1089;1091;1095;1097;1098;1100;1101;1103;1104;1108;1111;1119;1128;1129;1144;1146;1152;1159;1169;1172;1173;1175;1179;1186;1190;1192;1193;1204;1210;1212;1216;1217;1218;1223;1224;1228;1230;1231;1234;1235;1236;1243;1248;1252;1255;1263;1270;1275;1280;1282;1286;1292;1296;1297;1304;1309;1313;1317;1322;1323;1329;1331;1332;1338;1341;1344;1345;1346;1347;1348;1349;1353;1354;1356;1357;1362;1364;1367;1380;1382;1393;1399;1402;1403;1404;1407;1408;1413;1419;1432;1436;1438;1442;1444;1446;1448;1450;1452;1456;1465;1466;1472;1474;1476;1481;1484;1496;1497;1505;1509;1513;1519;1522;1528;1536;1537;1540;1551;1557;1559;1569;1571;1572;1575;1593;1601;1603;1613;1615;1617;1618;1621;1622;1624;1625;1648;1649;1650;1654;1660;1664;1665;1669;1673;1677;1680;1682;1685;1687;1697;1703;1710;1711;1721;1722;1726;1728;1729;1732;1734;1736;1739;1741;1743;1744;1745;1747;1748;1751;1754;1755;1766;1770;1771;1779;1787;1791;1793;1798;1799;1809;1815;1817;1823;1826;1827;1835;1836;1839;1843;1845;1852;1859;1862;1865;1869;1872;1873;1874;1876;1886;1887;1888;1889;1894;1895;1903;1904;1905;1908;1910;1913;1914;1927;1928;1931;1933;1936;1937;1940;1945;1950;1954;1964;1965;1966;1968;1972;1978;1982;1988;1989;1990;1991;1992;1993;1994;1997,132.55569391697645
0.6,Leukemia,0,0.016719166299955943,0.9857142857142858,920,3571,2;5;8;11;12;14;20;24;28;31;34;36;38;40;44;45;47;48;50;55;61;67;72;74;76;83;84;88;92;94;95;107;111;115;119;125;127;128;130;140;149;150;157;158;159;162;169;174;175;178;183;184;187;192;196;198;203;207;208;210;215;217;220;222;228;230;233;235;250;254;256;258;263;265;269;272;274;275;283;291;299;302;303;304;307;308;310;313;319;328;332;338;342;343;344;345;347;356;358;360;365;366;369;370;374;395;399;404;411;416;419;420;422;426;427;428;432;435;438;439;444;446;451;452;462;469;470;471;482;492;496;497;503;506;511;519;521;525;527;531;533;538;542;544;548;556;558;559;565;567;568;571;580;587;588;599;602;609;614;616;618;622;627;629;634;638;640;644;645;648;652;656;657;658;662;663;664;665;668;671;672;675;676;680;681;683;684;690;697;699;702;706;714;717;721;723;724;728;732;733;734;737;740;746;748;751;753;760;763;771;784;789;793;798;800;804;805;806;809;811;821;830;831;832;845;847;848;850;869;873;881;884;887;888;890;896;898;903;904;910;911;917;926;930;931;933;937;942;943;954;955;962;966;968;972;978;984;991;992;996;998;999;1000;1003;1014;1015;1016;1024;1026;1029;1030;1032;1037;1041;1047;1058;1061;1062;1064;1067;1068;1076;1080;1082;1086;1089;1093;1097;1099;1100;1102;1105;1109;1113;1118;1119;1122;1129;1131;1136;1141;1142;1145;1149;1152;1157;1163;1172;1178;1184;1186;1189;1190;1194;1196;1197;1201;1203;1204;1205;1206;1218;1222;1230;1232;1234;1236;1239;1240;1241;1250;1255;1258;1259;1260;1261;1267;1275;1280;1282;1296;1299;1300;1308;1309;1312;1313;1326;1330;1336;1345;1348;1349;1354;1355;1357;1360;1368;1369;1378;1383;1386;1388;1401;1407;1410;1415;1420;1427;1428;1438;1441;1443;1446;1451;1453;1456;1462;1464;1466;1470;1473;1477;1479;1487;1496;1500;1504;1507;1508;1510;1511;1516;1521;1529;1544;1571;1578;1583;1584;1585;1588;1592;1606;1609;1610;1613;1616;1621;1625;1626;1631;1632;1634;1635;1637;1638;1641;1644;1646;1655;1656;1660;1663;1669;1671;1672;1678;1679;1681;1685;1688;1692;1703;1708;1719;1720;1725;1728;1746;1750;1754;1755;1757;1758;1767;1768;1771;1779;1782;1786;1790;1794;1799;1801;1803;1812;1822;1823;1828;1832;1834;1837;1839;1850;1858;1878;1879;1880;1884;1892;1895;1897;1901;1902;1904;1908;1909;1912;1913;1915;1918;1922;1926;1927;1929;1930;1936;1941;1952;1955;1957;1963;1967;1969;1973;1977;1980;1981;1984;1989;1992;2001;2015;2016;2030;2036;2041;2042;2064;2065;2070;2071;2072;2076;2079;2081;2087;2091;2092;2097;2103;2106;2107;2108;2109;2113;2114;2115;2125;2133;2135;2139;2140;2141;2143;2144;2146;2148;2154;2162;2163;2168;2170;2175;2178;2179;2180;2184;2189;2193;2198;2203;2204;2211;2213;2227;2230;2234;2235;2240;2250;2251;2259;2264;2266;2267;2268;2269;2274;2275;2277;2278;2281;2289;2295;2297;2304;2308;2319;2321;2325;2329;2332;2334;2342;2343;2348;2358;2360;2365;2366;2371;2372;2376;2378;2380;2382;2388;2391;2395;2398;2404;2412;2413;2415;2416;2417;2427;2430;2431;2433;2434;2439;2441;2449;2452;2456;2459;2460;2461;2465;2480;2484;2489;2491;2495;2497;2499;2500;2503;2505;2508;2510;2513;2517;2520;2521;2522;2528;2530;2531;2532;2536;2544;2547;2548;2553;2554;2556;2557;2563;2566;2573;2575;2577;2579;2581;2586;2588;2589;2595;2599;2603;2604;2610;2612;2615;2618;2624;2628;2638;2639;2641;2642;2648;2655;2666;2668;2669;2671;2675;2678;2684;2686;2690;2694;2697;2701;2706;2707;2712;2713;2716;2717;2724;2728;2733;2735;2738;2740;2749;2750;2751;2757;2761;2774;2775;2779;2780;2783;2784;2791;2799;2804;2807;2810;2811;2812;2814;2821;2827;2831;2834;2836;2849;2850;2858;2867;2868;2870;2875;2888;2889;2897;2898;2900;2901;2905;2908;2910;2911;2912;2916;2922;2926;2928;2930;2933;2939;2940;2941;2943;2953;2955;2957;2962;2963;2964;2971;2972;2975;2977;2984;2987;2989;3000;3003;3006;3008;3010;3012;3013;3021;3025;3027;3028;3040;3041;3042;3043;3047;3048;3049;3057;3058;3063;3064;3067;3072;3073;3076;3084;3090;3095;3097;3098;3100;3103;3106;3111;3112;3117;3128;3129;3130;3132;3137;3140;3145;3147;3151;3152;3153;3159;3161;3166;3169;3171;3178;3179;3200;3203;3215;3222;3223;3229;3231;3233;3237;3245;3250;3262;3263;3267;3268;3272;3275;3277;3278;3288;3289;3290;3291;3293;3298;3302;3303;3306;3307;3309;3317;3318;3320;3322;3323;3324;3326;3348;3350;3356;3357;3358;3361;3363;3368;3369;3370;3373;3377;3379;3380;3381;3383;3388;3395;3396;3397;3398;3403;3410;3417;3423;3425;3437;3440;3442;3447;3448;3450;3456;3459;3460;3461;3466;3468;3472;3474;3475;3481;3483;3487;3489;3491;3499;3500;3504;3509;3510;3515;3521;3531;3538;3539;3542;3543;3547;3548;3565;3568,160.61999679077417
0.6,Leukemia,1,0.01669956394767367,0.9857142857142858,913,3571,2;5;6;7;8;9;14;23;31;37;38;39;45;50;58;59;62;63;64;66;71;74;76;77;86;87;89;95;100;101;103;105;106;107;109;112;113;119;120;122;133;135;146;148;149;152;157;159;160;162;170;176;181;182;187;188;189;190;203;204;205;208;211;218;222;223;227;230;233;235;237;247;250;251;255;258;264;269;270;272;275;279;284;285;290;291;294;304;306;307;310;312;318;321;322;328;332;337;342;344;345;346;362;371;373;375;376;378;380;387;388;404;411;422;423;425;438;439;442;446;448;460;461;466;478;483;485;489;490;499;504;506;512;521;522;524;537;545;548;557;564;565;568;569;570;576;583;596;597;599;600;602;607;608;611;615;618;622;626;632;634;635;640;644;650;657;659;662;665;669;675;682;684;686;688;690;692;693;694;695;697;698;710;711;715;721;722;724;725;728;731;732;734;736;739;741;748;757;758;759;768;772;779;780;782;784;785;788;789;792;798;807;808;814;816;818;823;836;837;843;846;851;856;858;859;870;872;873;874;875;879;880;883;890;894;895;896;898;900;904;910;912;922;925;928;929;935;938;940;942;951;952;959;962;965;973;974;977;978;981;984;986;988;1006;1008;1013;1020;1025;1030;1031;1037;1044;1045;1051;1053;1061;1063;1065;1069;1072;1075;1077;1083;1092;1093;1094;1097;1100;1101;1102;1104;1107;1108;1111;1117;1124;1128;1129;1130;1134;1142;1143;1152;1153;1154;1157;1159;1160;1162;1163;1168;1171;1172;1173;1178;1181;1183;1186;1187;1190;1192;1197;1199;1201;1205;1211;1213;1218;1222;1228;1233;1234;1235;1236;1241;1245;1247;1255;1257;1261;1262;1263;1267;1272;1278;1281;1288;1291;1311;1312;1316;1321;1323;1324;1329;1331;1337;1339;1342;1343;1350;1362;1372;1373;1374;1376;1379;1380;1381;1387;1391;1395;1401;1403;1406;1410;1411;1425;1438;1440;1448;1450;1451;1459;1463;1468;1470;1471;1474;1476;1483;1485;1488;1489;1490;1496;1499;1510;1520;1529;1540;1544;1551;1557;1558;1561;1565;1579;1580;1589;1595;1601;1604;1607;1608;1611;1614;1618;1619;1620;1624;1626;1632;1643;1649;1655;1657;1665;1670;1678;1692;1698;1699;1700;1703;1704;1708;1714;1717;1718;1722;1729;1740;1742;1745;1750;1752;1756;1757;1758;1759;1762;1765;1768;1770;1771;1773;1774;1775;1779;1780;1782;1789;1795;1800;1801;1825;1829;1833;1839;1842;1843;1844;1846;1854;1858;1859;1861;1862;1863;1864;1878;1880;1881;1894;1901;1908;1909;1911;1912;1915;1918;1920;1922;1923;1924;1927;1930;1933;1934;1937;1938;1940;1942;1951;1954;1955;1958;1961;1964;1966;1971;1973;1977;1982;1991;1992;1993;2000;2005;2014;2021;2028;2029;2036;2038;2039;2044;2046;2060;2066;2070;2072;2078;2079;2081;2089;2094;2100;2103;2104;2112;2129;2131;2134;2136;2140;2141;2142;2145;2146;2147;2149;2157;2167;2171;2177;2178;2185;2186;2187;2189;2192;2194;2197;2205;2209;2216;2219;2221;2223;2233;2234;2241;2244;2252;2264;2265;2266;2267;2272;2287;2288;2290;2297;2300;2301;2306;2310;2314;2315;2321;2324;2328;2329;2334;2338;2339;2341;2343;2347;2352;2354;2355;2357;2360;2361;2365;2375;2382;2383;2385;2386;2392;2401;2402;2403;2404;2406;2410;2414;2418;2422;2426;2431;2433;2435;2436;2439;2442;2446;2452;2466;2468;2471;2474;2475;2478;2480;2481;2483;2485;2486;2491;2497;2498;2508;2510;2514;2516;2517;2519;2522;2525;2527;2529;2531;2534;2536;2539;2545;2548;2550;2554;2555;2560;2568;2572;2573;2578;2581;2586;2593;2595;2597;2601;2605;2611;2614;2623;2628;2630;2633;2639;2640;2660;2667;2674;2680;2692;2699;2704;2705;2706;2707;2708;2714;2715;2716;2717;2719;2730;2734;2736;2741;2743;2746;2748;2749;2759;2786;2789;2793;2794;2798;2813;2815;2817;2822;2841;2844;2847;2850;2856;2859;2863;2870;2871;2872;2901;2906;2922;2924;2929;2930;2932;2938;2939;2941;2948;2952;2957;2959;2967;2969;2973;2975;2981;2992;2995;3002;3007;3010;3012;3014;3018;3020;3026;3035;3037;3038;3039;3041;3045;3047;3051;3058;3059;3064;3065;3066;3067;3068;3069;3073;3074;3076;3077;3082;3083;3084;3088;3093;3095;3098;3101;3102;3106;3112;3115;3116;3123;3127;3132;3148;3151;3155;3157;3159;3161;3162;3164;3171;3177;3180;3190;3191;3194;3197;3200;3201;3208;3209;3210;3211;3218;3219;3220;3224;3225;3232;3235;3240;3241;3247;3252;3254;3259;3264;3265;3269;3273;3275;3276;3277;3280;3285;3286;3289;3293;3306;3307;3312;3313;3318;3321;3324;3327;3331;3335;3336;3337;3338;3339;3343;3344;3347;3352;3358;3359;3372;3381;3383;3386;3388;3392;3396;3402;3409;3412;3414;3416;3417;3422;3425;3429;3430;3431;3440;3455;3456;3460;3461;3466;3469;3473;3474;3477;3483;3484;3486;3487;3491;3492;3494;3500;3501;3516;3519;3523;3526;3527;3529;3530;3535;3545;3546;3547;3552;3560;3562;3565;3570,160.46383845806122
0.6,Leukemia,2,0.01671076529183497,0.9857142857142858,917,3571,1;6;7;9;11;13;18;29;31;39;45;49;51;52;55;57;61;65;68;71;74;75;77;80;82;92;97;100;101;102;104;106;108;114;117;122;126;129;131;135;139;140;142;143;144;147;151;159;160;163;171;183;184;185;186;190;191;203;209;210;213;215;217;218;221;229;232;235;239;243;248;259;262;263;271;289;297;307;310;312;314;321;328;331;332;340;342;344;348;350;351;353;354;356;365;367;368;369;384;388;394;395;400;405;408;410;411;412;427;428;431;436;437;447;450;455;456;457;460;463;466;471;472;476;477;478;480;484;489;498;500;502;506;507;508;514;516;523;529;530;532;533;537;539;545;549;550;567;568;570;573;574;575;579;580;583;592;602;607;610;614;617;620;622;628;630;634;643;648;654;658;661;663;667;669;672;673;677;684;686;688;689;693;694;695;709;715;717;724;730;734;737;739;740;741;745;747;748;749;757;764;774;780;784;788;790;793;797;798;805;807;814;816;818;821;830;832;835;836;838;839;843;847;848;850;855;858;861;864;865;866;868;870;873;875;880;881;883;886;893;897;899;903;904;906;907;909;911;918;929;931;934;937;944;945;951;954;956;960;963;969;971;974;979;982;991;998;999;1000;1001;1002;1006;1007;1010;1014;1020;1021;1022;1025;1027;1028;1039;1040;1045;1048;1049;1054;1055;1060;1063;1065;1066;1067;1069;1070;1071;1075;1090;1092;1094;1096;1097;1103;1104;1107;1111;1113;1114;1118;1120;1121;1131;1139;1143;1145;1147;1148;1149;1151;1156;1158;1160;1163;1166;1167;1168;1178;1181;1186;1187;1189;1190;1195;1198;1200;1201;1204;1207;1221;1227;1228;1230;1231;1232;1234;1237;1240;1251;1258;1266;1269;1273;1275;1276;1284;1290;1292;1298;1304;1312;1318;1320;1325;1332;1333;1337;1344;1345;1346;1351;1352;1354;1361;1362;1366;1369;1373;1375;1383;1390;1391;1392;1397;1403;1406;1408;1409;1414;1422;1425;1432;1447;1448;1455;1460;1463;1465;1467;1469;1473;1478;1479;1481;1489;1493;1497;1517;1518;1523;1530;1533;1539;1541;1542;1543;1545;1548;1549;1550;1556;1566;1567;1569;1570;1576;1578;1579;1580;1583;1584;1585;1590;1591;1592;1595;1596;1597;1610;1611;1614;1615;1616;1617;1618;1619;1620;1626;1628;1630;1632;1641;1642;1645;1651;1652;1655;1656;1657;1668;1669;1677;1678;1686;1687;1689;1692;1697;1698;1701;1702;1705;1706;1729;1731;1738;1739;1741;1744;1748;1750;1751;1754;1758;1759;1764;1765;1769;1771;1772;1775;1776;1780;1787;1792;1798;1800;1806;1811;1815;1817;1824;1825;1826;1828;1829;1833;1837;1838;1844;1849;1854;1858;1860;1868;1870;1874;1881;1886;1891;1898;1899;1908;1919;1922;1937;1949;1952;1953;1955;1957;1958;1961;1962;1964;1969;1972;1979;1987;2002;2021;2027;2028;2032;2040;2041;2044;2046;2048;2049;2051;2056;2061;2068;2074;2078;2088;2090;2092;2100;2103;2114;2118;2120;2121;2125;2130;2137;2138;2141;2143;2146;2152;2159;2160;2165;2178;2180;2182;2183;2186;2200;2206;2213;2215;2219;2221;2223;2225;2226;2238;2241;2242;2249;2250;2253;2259;2263;2266;2276;2278;2280;2283;2289;2295;2298;2300;2301;2303;2305;2315;2316;2319;2321;2323;2325;2329;2334;2336;2338;2340;2343;2347;2348;2356;2358;2359;2365;2366;2383;2384;2386;2388;2396;2401;2410;2412;2423;2425;2427;2430;2435;2444;2447;2449;2455;2458;2461;2466;2467;2471;2474;2476;2478;2480;2483;2485;2487;2488;2494;2502;2510;2512;2523;2528;2531;2532;2533;2540;2545;2549;2550;2551;2553;2557;2560;2562;2563;2570;2572;2573;2576;2580;2582;2585;2586;2589;2590;2592;2595;2600;2611;2622;2633;2635;2637;2640;2646;2650;2651;2672;2675;2692;2693;2704;2705;2711;2717;2723;2732;2735;2751;2755;2757;2760;2763;2765;2771;2772;2773;2775;2777;2779;2784;2786;2792;2793;2797;2799;2800;2803;2815;2819;2820;2825;2827;2829;2833;2834;2839;2847;2850;2865;2869;2882;2897;2898;2905;2906;2916;2922;2923;2927;2930;2931;2937;2939;2949;2958;2961;2963;2966;2968;2972;2973;2976;2979;2984;2996;3001;3007;3008;3009;3015;3019;3022;3024;3025;3026;3027;3028;3030;3035;3036;3037;3039;3040;3041;3045;3047;3048;3051;3065;3069;3079;3080;3086;3090;3097;3101;3104;3110;3115;3117;3119;3121;3122;3128;3129;3131;3132;3142;3144;3147;3152;3153;3159;3162;3163;3169;3173;3174;3176;3180;3184;3190;3191;3193;3201;3208;3209;3212;3218;3219;3220;3221;3222;3227;3228;3231;3243;3244;3250;3254;3261;3267;3276;3279;3280;3292;3299;3302;3304;3305;3314;3316;3327;3328;3329;3334;3335;3339;3340;3345;3347;3355;3358;3362;3368;3369;3378;3380;3382;3383;3387;3389;3391;3396;3404;3405;3406;3407;3410;3413;3414;3417;3433;3437;3439;3440;3442;3461;3464;3465;3477;3484;3486;3487;3490;3492;3495;3501;3502;3509;3510;3511;3512;3513;3515;3532;3539;3543;3545;3547;3554;3555;3557;3566,161.09642054187134
0.6,Leukemia,3,0.015793111173340778,0.9866666666666667,926,3571,2;4;8;12;14;16;20;25;29;32;33;35;39;45;53;59;64;70;71;73;74;78;81;83;84;90;91;103;104;105;107;109;113;127;132;133;137;144;148;152;155;162;165;172;174;179;180;182;184;186;197;198;199;203;205;206;211;213;215;216;218;227;229;233;234;237;239;249;251;253;255;257;260;265;266;272;277;279;280;282;283;284;289;293;295;297;302;305;321;330;331;338;343;346;351;368;371;372;375;385;390;395;398;410;418;421;423;430;439;448;450;455;457;459;462;464;471;481;484;497;500;501;503;509;512;513;528;534;535;542;552;558;563;566;575;576;583;585;586;588;589;595;601;603;605;606;607;624;626;627;628;633;634;636;640;641;642;644;649;656;659;668;671;679;681;683;684;686;687;689;699;703;704;710;720;722;735;742;746;748;751;754;759;762;764;769;779;785;786;806;809;810;812;813;820;822;826;828;848;849;853;861;862;871;875;877;881;883;886;889;898;901;904;909;924;926;927;934;939;941;942;956;958;963;967;978;985;987;993;998;1000;1003;1005;1006;1007;1010;1011;1012;1015;1017;1019;1027;1032;1035;1036;1039;1041;1043;1050;1064;1065;1067;1069;1071;1072;1078;1080;1083;1085;1088;1089;1090;1093;1097;1099;1100;1101;1106;1107;1116;1125;1132;1134;1135;1143;1147;1148;1149;1152;1153;1155;1156;1163;1164;1173;1178;1181;1184;1186;1191;1194;1200;1204;1205;1206;1210;1214;1217;1218;1220;1224;1228;1229;1231;1232;1234;1238;1248;1261;1268;1270;1271;1273;1276;1283;1284;1285;1287;1288;1295;1296;1299;1300;1301;1302;1307;1308;1309;1313;1315;1316;1329;1330;1332;1335;1336;1340;1341;1347;1348;1354;1355;1356;1357;1360;1361;1363;1368;1369;1372;1376;1377;1380;1381;1384;1388;1392;1393;1398;1405;1406;1410;1411;1421;1426;1428;1431;1433;1437;1438;1442;1448;1451;1452;1453;1460;1462;1469;1470;1471;1472;1475;1476;1480;1481;1490;1507;1519;1529;1530;1534;1536;1542;1549;1553;1558;1561;1563;1575;1576;1581;1588;1604;1605;1608;1615;1618;1620;1622;1623;1625;1630;1631;1634;1635;1654;1656;1659;1661;1664;1676;1679;1681;1682;1684;1687;1696;1703;1704;1708;1710;1726;1727;1728;1730;1733;1737;1740;1743;1745;1747;1751;1756;1757;1758;1760;1761;1762;1766;1767;1768;1770;1772;1775;1777;1780;1782;1783;1788;1790;1796;1797;1798;1801;1804;1808;1810;1814;1816;1818;1827;1829;1831;1834;1835;1836;1841;1842;1843;1844;1848;1850;1853;1859;1862;1865;1876;1879;1883;1887;1891;1892;1894;1897;1901;1904;1910;1917;1927;1934;1937;1939;1945;1952;1953;1955;1956;1958;1964;1973;1976;1984;1988;1990;1992;1997;2000;2002;2004;2005;2009;2012;2015;2016;2017;2027;2029;2033;2038;2039;2041;2045;2056;2059;2061;2062;2064;2068;2074;2077;2079;2085;2088;2089;2092;2098;2108;2109;2111;2121;2122;2125;2129;2133;2135;2136;2140;2142;2154;2157;2164;2167;2171;2174;2177;2182;2185;2194;2198;2202;2204;2205;2209;2216;2227;2228;2229;2231;2233;2236;2240;2241;2242;2243;2245;2251;2252;2253;2259;2261;2262;2270;2271;2273;2278;2281;2285;2286;2287;2289;2291;2293;2295;2300;2302;2306;2316;2319;2325;2331;2334;2338;2340;2346;2348;2357;2358;2359;2363;2367;2368;2370;2371;2376;2379;2385;2388;2390;2392;2393;2396;2397;2409;2411;2412;2413;2415;2423;2444;2448;2452;2453;2460;2462;2468;2469;2471;2472;2475;2477;2480;2483;2484;2495;2498;2506;2507;2513;2515;2518;2519;2526;2527;2528;2533;2535;2544;2551;2552;2560;2563;2570;2571;2572;2577;2579;2584;2586;2589;2591;2597;2605;2617;2619;2621;2622;2627;2646;2647;2648;2650;2656;2663;2664;2665;2669;2670;2671;2676;2679;2683;2686;2692;2693;2697;2700;2706;2712;2722;2724;2731;2733;2738;2740;2745;2746;2751;2757;2764;2768;2776;2778;2779;2786;2791;2794;2795;2801;2802;2804;2805;2813;2827;2834;2836;2837;2840;2845;2849;2853;2861;2864;2867;2872;2877;2881;2886;2900;2903;2907;2909;2913;2916;2924;2932;2937;2941;2944;2949;2950;2955;2960;2966;2967;2969;2970;2976;2985;2996;2997;2998;2999;3001;3013;3020;3022;3023;3028;3033;3036;3039;3042;3044;3047;3053;3054;3065;3066;3067;3072;3081;3086;3094;3096;3101;3104;3106;3107;3112;3115;3122;3123;3124;3125;3129;3132;3136;3137;3146;3147;3149;3150;3153;3156;3157;3158;3159;3161;3162;3164;3168;3172;3173;3180;3181;3183;3185;3186;3192;3195;3196;3200;3201;3205;3215;3217;3222;3223;3224;3229;3230;3234;3241;3242;3244;3246;3249;3254;3257;3261;3262;3265;3267;3268;3271;3276;3278;3281;3284;3292;3298;3302;3308;3312;3313;3314;3316;3321;3325;3326;3331;3332;3338;3340;3343;3352;3358;3361;3365;3366;3381;3384;3387;3390;3397;3398;3401;3403;3406;3415;3416;3419;3422;3424;3425;3438;3442;3443;3445;3448;3449;3452;3457;3461;3462;3465;3468;3480;3487;3498;3506;3507;3510;3512;3517;3522;3533;3534;3537;3543;3547;3549;3552;3554;3560;3570,164.66586091555655
0.6,Leukemia,4,0.016758371004520493,0.9857142857142858,934,3571,0;5;7;8;12;13;16;20;25;28;33;34;41;44;46;49;50;51;55;64;67;68;69;82;90;93;95;99;101;108;118;119;127;129;132;133;135;139;145;146;155;157;159;160;163;166;169;170;178;184;186;188;192;194;197;199;200;201;202;211;214;220;222;224;225;228;229;238;242;247;249;251;252;253;257;258;259;260;262;265;270;277;281;284;291;298;301;303;306;308;309;311;314;317;320;321;322;324;333;334;335;338;347;350;351;352;365;366;367;368;369;374;377;381;385;391;393;396;400;402;406;407;408;414;418;424;425;432;435;437;438;441;450;454;455;457;462;467;473;481;485;490;493;495;499;509;511;514;520;523;524;530;534;543;544;546;550;557;561;563;570;571;573;576;578;585;591;592;597;602;606;609;613;614;615;619;622;626;629;630;636;638;641;644;648;649;651;653;655;656;663;667;675;677;680;684;694;699;705;707;708;711;712;716;718;721;722;723;725;735;736;737;745;747;748;749;752;756;758;760;761;762;763;765;772;776;778;790;793;810;812;813;816;827;833;834;841;843;847;857;858;859;860;861;863;864;867;872;880;885;892;893;898;904;910;911;915;920;925;927;929;933;940;943;945;947;948;949;955;960;961;964;967;970;973;975;980;981;983;985;986;988;991;994;996;998;999;1005;1006;1013;1021;1024;1031;1043;1044;1050;1056;1059;1060;1061;1066;1074;1076;1079;1083;1084;1086;1091;1092;1095;1100;1104;1108;1112;1114;1115;1116;1120;1124;1135;1136;1138;1140;1143;1145;1148;1151;1157;1158;1160;1161;1171;1178;1179;1181;1183;1188;1190;1204;1209;1210;1211;1216;1218;1219;1220;1224;1231;1235;1238;1255;1257;1262;1265;1266;1267;1278;1283;1288;1291;1294;1299;1300;1302;1306;1311;1316;1319;1320;1321;1333;1334;1343;1344;1346;1351;1367;1372;1374;1381;1383;1387;1388;1394;1396;1401;1406;1409;1413;1419;1422;1426;1428;1430;1431;1432;1433;1446;1447;1451;1453;1455;1456;1461;1462;1466;1467;1469;1475;1480;1506;1507;1509;1514;1520;1527;1530;1532;1533;1535;1536;1544;1545;1551;1554;1556;1558;1559;1560;1565;1569;1571;1576;1579;1584;1586;1587;1589;1591;1595;1596;1598;1600;1605;1610;1613;1619;1621;1635;1640;1641;1646;1648;1651;1661;1662;1666;1669;1678;1681;1684;1685;1686;1687;1688;1689;1695;1705;1708;1710;1721;1729;1732;1734;1737;1738;1739;1740;1742;1747;1752;1754;1756;1771;1774;1779;1784;1793;1794;1795;1797;1800;1803;1817;1821;1822;1823;1826;1829;1830;1831;1835;1836;1839;1841;1850;1856;1859;1862;1865;1875;1882;1884;1888;1890;1893;1897;1898;1902;1908;1910;1917;1918;1931;1933;1942;1944;1950;1952;1953;1954;1956;1959;1960;1965;1970;1973;1975;1978;1980;1989;1991;1997;1998;2000;2007;2008;2012;2015;2016;2017;2020;2021;2027;2032;2034;2045;2049;2057;2060;2067;2070;2073;2078;2083;2084;2087;2093;2094;2103;2106;2107;2110;2112;2115;2118;2121;2123;2125;2127;2129;2130;2136;2137;2140;2147;2149;2158;2159;2160;2162;2163;2167;2171;2181;2188;2197;2203;2204;2206;2213;2215;2219;2221;2227;2229;2231;2233;2235;2238;2252;2259;2265;2269;2274;2278;2283;2285;2287;2289;2293;2295;2300;2308;2312;2321;2326;2328;2331;2332;2341;2349;2351;2357;2361;2366;2371;2373;2380;2381;2387;2391;2402;2403;2410;2417;2418;2419;2421;2423;2428;2429;2430;2435;2436;2440;2443;2445;2446;2453;2454;2467;2470;2471;2473;2474;2477;2478;2480;2482;2483;2484;2486;2487;2489;2504;2506;2507;2514;2517;2529;2535;2536;2537;2545;2547;2551;2552;2560;2564;2566;2569;2577;2586;2589;2593;2596;2598;2600;2610;2618;2619;2632;2633;2634;2635;2645;2655;2660;2675;2682;2684;2690;2691;2696;2703;2705;2714;2720;2721;2725;2729;2732;2733;2736;2739;2742;2748;2750;2755;2756;2758;2763;2764;2765;2770;2772;2773;2775;2791;2792;2801;2802;2812;2818;2819;2827;2828;2831;2834;2839;2843;2852;2855;2857;2858;2861;2871;2879;2880;2881;2888;2894;2899;2902;2909;2910;2915;2921;2926;2930;2931;2932;2934;2938;2941;2950;2951;2969;2974;2979;2981;2988;2989;2990;2991;2992;2995;3000;3002;3006;3016;3017;3019;3023;3024;3028;3032;3033;3039;3044;3050;3053;3054;3056;3067;3069;3075;3078;3082;3085;3087;3095;3097;3102;3104;3109;3116;3117;3118;3121;3122;3126;3133;3135;3141;3142;3147;3152;3161;3163;3165;3166;3170;3181;3182;3184;3187;3191;3192;3194;3200;3203;3205;3210;3211;3216;3217;3228;3232;3249;3254;3258;3270;3272;3273;3275;3277;3279;3280;3289;3291;3297;3306;3312;3314;3325;3334;3339;3340;3341;3342;3349;3350;3351;3353;3354;3363;3364;3366;3367;3369;3372;3373;3378;3380;3381;3396;3402;3408;3424;3428;3431;3433;3437;3440;3444;3450;3452;3453;3455;3458;3461;3472;3474;3478;3481;3483;3484;3490;3498;3502;3512;3513;3515;3516;3520;3521;3528;3531;3533;3538;3540;3541;3544;3545;3546;3549;3551;3555;3556;3558;3566;3567,166.579581707716
0.6,Leukemia,5,0.002973956874824979,1.0,1062,3571,2;4;5;6;11;22;26;31;38;39;41;42;44;55;56;60;62;66;71;74;79;81;84;85;87;89;95;103;105;108;110;114;116;117;119;122;128;129;130;131;132;133;143;157;161;162;166;170;173;174;179;180;187;193;209;211;212;218;220;224;229;231;233;234;236;242;244;246;250;259;260;261;264;267;269;272;273;274;276;278;280;282;283;284;289;294;297;300;302;303;305;306;311;312;318;319;320;321;327;331;332;338;340;350;354;362;364;368;373;375;376;383;384;385;389;392;395;397;400;404;409;410;415;425;426;427;433;434;443;445;446;449;450;452;456;460;465;467;469;471;473;474;477;480;482;486;487;488;491;494;496;502;504;511;515;523;533;541;544;548;552;554;557;569;571;575;579;580;582;586;596;600;604;607;608;613;620;621;627;631;634;638;639;640;642;643;645;648;651;653;656;660;661;662;663;664;665;671;672;673;674;676;680;682;690;693;697;703;706;714;717;719;722;723;735;739;741;742;743;745;746;747;749;751;757;759;760;765;779;781;782;785;788;790;791;794;798;799;804;812;813;814;815;817;820;822;826;829;830;831;834;839;840;842;843;845;846;851;858;861;862;865;867;870;873;879;881;882;883;884;885;886;897;899;903;904;906;908;910;912;915;918;919;923;924;927;934;939;940;942;944;949;954;955;959;963;965;970;979;986;988;989;1004;1008;1010;1011;1013;1016;1018;1019;1024;1026;1028;1031;1032;1038;1040;1041;1042;1046;1056;1058;1062;1064;1065;1072;1074;1079;1081;1085;1086;1087;1091;1093;1095;1099;1100;1101;1103;1108;1110;1111;1112;1114;1115;1116;1118;1122;1124;1132;1134;1137;1138;1139;1141;1142;1144;1146;1148;1150;1152;1153;1154;1160;1161;1165;1173;1175;1178;1179;1183;1188;1190;1191;1194;1198;1199;1206;1207;1208;1211;1214;1215;1218;1220;1221;1224;1227;1228;1229;1233;1236;1238;1239;1241;1245;1249;1255;1257;1258;1259;1267;1271;1274;1275;1278;1283;1287;1288;1290;1293;1294;1296;1303;1305;1306;1307;1311;1312;1314;1317;1318;1320;1321;1322;1325;1329;1333;1334;1344;1345;1348;1354;1355;1359;1360;1361;1363;1370;1374;1377;1379;1384;1388;1390;1391;1394;1398;1401;1405;1407;1410;1411;1414;1423;1425;1426;1436;1437;1438;1442;1446;1448;1450;1451;1453;1459;1461;1462;1473;1475;1480;1481;1484;1486;1489;1493;1495;1508;1516;1522;1530;1533;1534;1535;1538;1539;1549;1553;1554;1555;1556;1557;1561;1570;1571;1579;1581;1584;1586;1587;1590;1592;1593;1596;1598;1599;1601;1604;1609;1614;1616;1617;1627;1630;1632;1640;1652;1654;1655;1663;1667;1668;1669;1672;1675;1677;1680;1681;1686;1688;1690;1694;1699;1700;1701;1702;1704;1705;1706;1711;1714;1715;1717;1721;1722;1725;1727;1728;1729;1731;1738;1739;1740;1743;1744;1746;1747;1752;1755;1757;1764;1765;1768;1771;1774;1775;1790;1801;1802;1809;1810;1811;1818;1821;1829;1833;1834;1838;1841;1842;1847;1851;1857;1860;1862;1873;1874;1878;1879;1889;1890;1891;1892;1896;1899;1902;1904;1906;1909;1910;1920;1924;1926;1928;1931;1934;1936;1942;1946;1949;1964;1971;1974;1975;1979;1987;1990;1998;2002;2003;2008;2009;2020;2023;2028;2030;2039;2041;2042;2043;2049;2052;2055;2059;2062;2064;2071;2073;2074;2076;2077;2081;2083;2084;2085;2093;2098;2099;2100;2105;2106;2109;2110;2111;2112;2113;2115;2119;2124;2127;2128;2138;2144;2145;2146;2150;2151;2154;2155;2157;2165;2170;2176;2181;2182;2183;2186;2193;2197;2203;2208;2213;2214;2221;2226;2227;2228;2229;2230;2235;2236;2237;2240;2243;2247;2250;2251;2252;2261;2272;2274;2275;2277;2284;2286;2288;2289;2293;2295;2297;2300;2302;2311;2314;2327;2339;2340;2341;2345;2349;2351;2356;2360;2361;2372;2374;2380;2382;2387;2390;2400;2403;2409;2410;2413;2418;2421;2425;2427;2444;2445;2448;2452;2454;2462;2472;2475;2476;2479;2481;2482;2484;2490;2491;2492;2501;2506;2513;2514;2520;2522;2524;2525;2526;2527;2528;2530;2532;2533;2536;2538;2543;2545;2550;2554;2564;2565;2566;2575;2587;2589;2591;2597;2602;2605;2607;2611;2619;2621;2623;2626;2640;2641;2646;2647;2650;2651;2655;2675;2677;2679;2680;2681;2685;2686;2689;2692;2693;2694;2695;2697;2700;2702;2703;2705;2706;2708;2709;2712;2714;2715;2716;2724;2730;2732;2734;2742;2745;2756;2757;2762;2763;2765;2770;2784;2787;2795;2797;2800;2801;2805;2808;2809;2810;2812;2813;2815;2818;2819;2820;2826;2832;2842;2845;2846;2847;2849;2857;2859;2864;2868;2869;2870;2872;2873;2883;2884;2887;2891;2893;2894;2900;2903;2904;2906;2911;2913;2916;2919;2922;2924;2925;2930;2934;2937;2938;2940;2943;2949;2959;2962;2968;2971;2973;2987;2991;2994;2996;2997;3002;3007;3009;3016;3022;3025;3026;3028;3032;3034;3035;3037;3039;3040;3043;3048;3049;3060;3061;3066;3073;3077;3081;3095;3097;3098;3102;3103;3108;3113;3119;3123;3125;3127;3134;3135;3138;3140;3151;3152;3156;3161;3162;3167;3172;3173;3174;3181;3182;3184;3186;3193;3194;3195;3199;3200;3208;3209;3215;3225;3227;3232;3233;3234;3235;3237;3242;3244;3245;3249;3257;3259;3261;3265;3266;3272;3273;3277;3278;3283;3286;3293;3301;3302;3303;3306;3311;3320;3327;3330;3334;3336;3354;3355;3356;3358;3359;3360;3364;3366;3367;3369;3372;3375;3377;3387;3388;3390;3391;3392;3393;3395;3406;3408;3409;3413;3414;3416;3419;3423;3424;3425;3431;3434;3436;3440;3442;3446;3448;3449;3450;3456;3458;3465;3467;3477;3480;3481;3483;3487;3488;3489;3497;3499;3501;3510;3512;3516;3519;3520;3525;3538;3541;3544;3546;3547;3549;3551;3554;3555;3566;3570,166.4742301250808
0.6,Leukemia,6,0.015790310837300453,0.9866666666666667,925,3571,5;7;12;27;28;32;33;34;35;38;39;43;47;51;62;67;71;72;73;76;78;88;91;96;108;114;117;120;128;131;145;147;151;157;158;163;167;181;182;184;185;188;189;194;199;201;202;205;210;213;218;219;226;230;231;233;234;239;241;247;248;254;258;259;260;269;275;277;279;286;289;293;294;298;300;302;308;312;314;336;339;348;351;354;358;361;362;368;371;376;380;384;386;388;392;400;402;403;409;420;430;433;437;438;447;448;449;451;455;457;460;462;470;472;477;481;483;486;487;491;492;495;498;501;514;516;521;528;530;537;545;549;556;558;560;566;568;577;580;583;584;594;602;606;608;610;613;615;622;623;627;634;635;639;640;641;644;645;648;661;662;663;665;668;677;686;688;691;692;700;701;703;705;708;711;714;725;731;736;739;742;743;744;746;747;750;758;759;761;767;768;769;772;776;783;784;786;793;796;797;798;799;810;816;820;824;833;835;850;859;860;861;864;867;871;878;879;884;888;889;895;896;899;908;910;911;912;914;918;922;923;924;938;943;957;958;960;961;969;973;975;977;980;987;991;995;996;1000;1003;1004;1005;1009;1019;1020;1023;1026;1027;1029;1031;1032;1033;1049;1050;1051;1055;1060;1061;1072;1089;1092;1095;1099;1102;1103;1106;1109;1110;1114;1118;1121;1125;1128;1129;1130;1133;1139;1142;1143;1148;1153;1154;1163;1167;1181;1182;1183;1186;1189;1190;1192;1198;1204;1208;1218;1220;1221;1230;1233;1234;1235;1241;1248;1249;1252;1256;1269;1270;1271;1275;1283;1285;1288;1306;1310;1315;1316;1318;1324;1327;1329;1330;1333;1334;1338;1340;1346;1347;1351;1353;1359;1368;1381;1382;1383;1387;1388;1389;1391;1401;1402;1406;1407;1408;1409;1413;1415;1416;1422;1427;1430;1433;1439;1442;1448;1453;1454;1456;1460;1470;1471;1475;1490;1493;1494;1495;1497;1504;1505;1507;1510;1511;1513;1515;1520;1521;1524;1525;1526;1527;1532;1538;1541;1557;1558;1560;1561;1562;1563;1565;1566;1567;1574;1577;1578;1579;1582;1585;1586;1593;1595;1596;1597;1603;1605;1607;1611;1614;1619;1627;1631;1632;1637;1638;1639;1643;1644;1647;1648;1650;1651;1654;1657;1659;1660;1661;1664;1668;1681;1682;1695;1703;1715;1717;1724;1726;1728;1731;1733;1741;1743;1746;1751;1754;1757;1759;1765;1766;1767;1773;1774;1779;1784;1790;1791;1794;1797;1798;1799;1800;1807;1809;1819;1821;1824;1825;1826;1833;1841;1842;1846;1847;1849;1852;1854;1860;1869;1870;1872;1876;1882;1888;1891;1892;1895;1899;1905;1913;1917;1919;1920;1936;1937;1944;1945;1951;1955;1964;1970;1973;1974;1975;1977;1978;1988;1998;2000;2013;2014;2018;2024;2026;2030;2032;2033;2039;2040;2042;2043;2046;2051;2053;2060;2064;2065;2075;2077;2079;2084;2085;2086;2087;2096;2098;2100;2110;2115;2118;2124;2128;2130;2132;2135;2142;2144;2150;2151;2162;2168;2177;2178;2180;2189;2191;2192;2194;2196;2197;2198;2202;2203;2206;2209;2212;2213;2225;2232;2234;2239;2240;2244;2247;2256;2257;2272;2277;2280;2283;2284;2286;2290;2296;2297;2299;2300;2302;2304;2305;2307;2309;2310;2311;2312;2315;2319;2324;2329;2331;2332;2336;2341;2343;2344;2353;2369;2371;2383;2384;2385;2391;2399;2402;2403;2404;2406;2411;2419;2421;2434;2439;2448;2450;2452;2454;2460;2467;2469;2479;2490;2494;2496;2500;2503;2504;2506;2510;2516;2517;2525;2536;2539;2540;2546;2549;2550;2556;2559;2567;2568;2573;2574;2576;2578;2579;2581;2584;2585;2587;2591;2609;2611;2616;2617;2618;2626;2628;2630;2632;2640;2641;2643;2645;2649;2653;2654;2655;2666;2668;2669;2671;2682;2683;2685;2689;2692;2702;2711;2712;2718;2719;2722;2726;2728;2730;2737;2742;2743;2744;2745;2760;2762;2765;2779;2782;2784;2785;2786;2789;2796;2798;2800;2808;2810;2811;2813;2815;2821;2822;2827;2831;2832;2837;2842;2843;2844;2846;2847;2858;2860;2865;2866;2872;2875;2877;2880;2883;2885;2893;2896;2898;2902;2903;2906;2908;2919;2920;2921;2924;2925;2927;2930;2934;2939;2941;2942;2947;2948;2951;2954;2961;2962;2969;2971;2972;2974;2983;2984;2988;2989;2995;2996;2997;3000;3001;3005;3014;3016;3017;3018;3022;3025;3035;3037;3043;3046;3048;3052;3063;3067;3070;3071;3079;3085;3086;3087;3088;3090;3093;3096;3101;3107;3110;3114;3115;3116;3118;3121;3123;3129;3144;3153;3163;3168;3173;3174;3181;3188;3190;3191;3195;3199;3201;3202;3208;3213;3217;3220;3221;3222;3223;3227;3239;3240;3256;3261;3266;3274;3280;3297;3298;3302;3303;3306;3308;3309;3312;3313;3318;3322;3326;3328;3332;3335;3336;3344;3346;3347;3352;3357;3359;3360;3367;3371;3372;3373;3375;3380;3389;3397;3398;3399;3400;3401;3405;3409;3412;3419;3424;3427;3429;3435;3441;3454;3458;3461;3469;3473;3477;3481;3486;3487;3490;3491;3498;3499;3504;3511;3513;3520;3521;3522;3527;3528;3530;3533;3539;3544;3547;3550;3551;3554;3555;3560;3566;3567;3570,167.26647250028327
0.6,Leukemia,7,0.016691162939552695,0.9857142857142858,910,3571,0;2;7;16;18;21;24;25;28;32;34;36;45;50;51;53;62;65;71;73;79;82;85;86;87;92;94;99;102;107;109;111;116;118;129;134;139;140;143;146;148;160;161;173;177;178;181;182;188;190;192;193;194;197;202;203;206;208;210;214;221;233;235;242;243;245;246;252;253;254;255;257;260;264;265;268;274;275;276;282;287;308;319;322;328;331;333;341;347;357;360;364;366;367;373;375;389;392;395;396;400;405;411;415;420;436;443;447;450;451;453;455;461;463;469;471;472;473;474;483;484;486;494;495;496;500;502;503;508;514;516;517;519;522;523;527;541;548;559;560;566;570;572;575;576;577;580;581;582;584;586;589;594;600;603;604;605;607;610;614;615;617;620;633;641;642;651;652;653;654;655;656;657;658;661;662;663;664;667;669;676;680;684;685;689;690;705;706;709;721;723;725;728;739;742;743;746;750;753;756;757;760;761;772;773;779;780;781;785;786;788;794;795;797;803;804;815;821;822;825;834;836;838;841;845;852;858;860;871;872;879;880;881;883;890;892;893;894;896;898;899;902;903;905;909;910;913;924;925;931;933;936;937;939;940;942;945;946;948;951;955;956;965;966;967;975;980;984;991;997;998;999;1000;1007;1010;1011;1012;1017;1018;1028;1029;1030;1037;1054;1055;1056;1060;1061;1067;1068;1071;1074;1083;1084;1086;1089;1092;1118;1120;1121;1129;1139;1146;1151;1152;1155;1157;1161;1165;1168;1170;1172;1173;1174;1177;1183;1187;1190;1193;1196;1197;1203;1206;1208;1209;1216;1220;1226;1228;1233;1234;1235;1242;1243;1254;1256;1257;1266;1267;1276;1278;1280;1282;1284;1288;1290;1294;1298;1307;1309;1314;1325;1327;1329;1332;1334;1338;1339;1342;1343;1345;1348;1352;1358;1362;1364;1367;1369;1370;1380;1381;1382;1392;1400;1401;1402;1409;1413;1416;1424;1426;1428;1431;1433;1434;1438;1441;1461;1469;1471;1475;1476;1477;1484;1486;1487;1488;1490;1492;1498;1500;1515;1518;1519;1526;1529;1532;1533;1536;1541;1543;1547;1567;1568;1576;1577;1578;1580;1581;1585;1587;1603;1605;1606;1607;1610;1617;1621;1623;1625;1629;1632;1634;1636;1639;1644;1645;1650;1654;1655;1659;1660;1664;1665;1673;1678;1681;1683;1690;1691;1694;1698;1701;1703;1704;1705;1720;1721;1722;1731;1738;1742;1743;1746;1747;1753;1756;1765;1766;1767;1768;1769;1776;1780;1787;1788;1789;1793;1795;1800;1802;1803;1808;1832;1833;1839;1842;1848;1854;1862;1863;1868;1871;1874;1876;1880;1881;1884;1890;1896;1902;1904;1905;1910;1912;1913;1916;1920;1928;1929;1933;1943;1945;1946;1948;1952;1953;1957;1958;1961;1964;1972;1979;1982;1991;1999;2003;2014;2025;2029;2031;2032;2037;2038;2044;2049;2051;2053;2054;2055;2059;2064;2067;2074;2076;2079;2084;2094;2102;2108;2110;2112;2113;2127;2128;2130;2143;2152;2153;2158;2162;2163;2164;2166;2167;2187;2188;2189;2190;2193;2194;2197;2199;2201;2202;2203;2209;2216;2217;2225;2232;2233;2250;2256;2259;2265;2268;2272;2273;2275;2277;2278;2283;2286;2288;2290;2295;2296;2299;2300;2307;2308;2309;2317;2321;2322;2332;2334;2340;2341;2345;2346;2348;2351;2352;2353;2354;2363;2366;2370;2371;2374;2376;2379;2380;2382;2389;2393;2396;2400;2403;2406;2413;2414;2417;2421;2424;2425;2427;2428;2439;2441;2448;2455;2457;2459;2460;2461;2463;2464;2472;2474;2480;2481;2485;2487;2494;2501;2509;2511;2514;2515;2518;2522;2524;2525;2527;2528;2540;2542;2551;2553;2558;2559;2560;2575;2580;2583;2586;2588;2589;2593;2595;2598;2599;2604;2608;2614;2618;2619;2622;2630;2637;2640;2643;2649;2651;2653;2656;2660;2662;2665;2672;2674;2678;2685;2686;2690;2693;2706;2714;2716;2724;2726;2729;2737;2738;2742;2743;2744;2745;2746;2747;2755;2760;2761;2762;2764;2766;2767;2769;2781;2786;2790;2795;2797;2798;2806;2808;2816;2832;2842;2844;2849;2850;2856;2865;2867;2868;2877;2880;2881;2888;2889;2891;2896;2898;2900;2901;2902;2907;2914;2943;2947;2951;2952;2958;2962;2964;2973;2979;2982;2983;2986;2989;2990;2996;3001;3004;3008;3010;3011;3020;3021;3022;3023;3024;3030;3032;3034;3043;3044;3047;3048;3066;3070;3071;3079;3083;3087;3088;3090;3093;3095;3099;3104;3106;3107;3111;3112;3117;3119;3120;3125;3128;3130;3131;3141;3142;3143;3147;3150;3151;3157;3161;3164;3165;3174;3176;3178;3192;3193;3198;3200;3201;3204;3205;3218;3227;3233;3235;3241;3243;3244;3246;3249;3253;3255;3261;3262;3272;3281;3282;3288;3291;3292;3301;3303;3310;3317;3324;3326;3327;3336;3341;3346;3356;3358;3362;3368;3369;3396;3405;3408;3415;3416;3419;3420;3422;3423;3425;3426;3427;3433;3434;3435;3440;3448;3451;3464;3468;3472;3476;3477;3482;3488;3492;3495;3499;3505;3506;3513;3519;3522;3530;3532;3538;3540;3552;3567,165.98319933284074
0.6,Leukemia,8,0.015801512181461752,0.9866666666666667,929,3571,4;10;20;21;24;25;26;28;29;37;41;49;51;57;64;66;67;68;79;80;87;89;90;94;104;105;106;112;114;115;119;129;134;137;140;143;150;152;156;160;165;169;170;175;180;183;192;193;197;199;201;207;209;211;212;215;218;223;224;233;236;244;247;248;249;258;259;260;261;264;265;266;270;271;275;278;283;287;292;295;297;308;311;316;328;329;330;334;340;342;343;345;348;356;364;365;371;375;376;382;384;385;386;387;393;394;395;399;404;407;421;424;427;430;434;435;439;440;442;447;454;455;458;465;468;474;475;479;481;487;490;492;494;500;507;515;519;525;526;531;533;535;537;540;546;550;555;560;561;562;564;569;571;572;580;581;584;587;591;596;600;601;602;604;611;615;616;617;618;626;627;629;630;631;633;635;636;642;647;660;663;667;668;670;673;676;682;717;723;726;728;733;736;740;743;749;754;756;767;768;769;775;785;790;794;797;798;808;812;817;821;826;828;834;835;845;848;850;852;855;858;860;864;865;866;869;873;876;883;884;888;893;905;912;913;921;923;928;929;931;940;944;949;958;959;961;962;965;966;967;976;978;979;987;991;994;996;998;1006;1008;1013;1014;1018;1023;1027;1030;1031;1033;1036;1039;1040;1041;1043;1044;1048;1052;1058;1065;1070;1072;1076;1077;1081;1096;1097;1099;1101;1102;1103;1106;1111;1115;1116;1121;1122;1136;1142;1145;1148;1151;1157;1158;1163;1164;1166;1172;1174;1179;1183;1187;1190;1195;1196;1200;1201;1203;1208;1215;1217;1218;1220;1225;1226;1228;1230;1235;1236;1239;1242;1250;1251;1252;1256;1262;1264;1265;1268;1280;1281;1283;1287;1288;1293;1297;1298;1302;1303;1308;1318;1329;1333;1334;1335;1340;1345;1348;1355;1361;1375;1383;1385;1387;1391;1392;1397;1398;1408;1416;1420;1422;1431;1432;1440;1446;1450;1457;1460;1461;1467;1468;1472;1479;1482;1484;1486;1489;1491;1500;1505;1512;1515;1522;1525;1527;1528;1531;1532;1534;1541;1542;1545;1551;1559;1560;1561;1562;1581;1585;1586;1596;1597;1598;1601;1603;1606;1607;1608;1611;1613;1615;1618;1622;1624;1627;1631;1632;1639;1644;1646;1647;1648;1652;1655;1662;1665;1668;1670;1681;1685;1687;1689;1690;1697;1705;1706;1707;1714;1717;1720;1724;1726;1727;1728;1729;1734;1735;1737;1743;1748;1749;1753;1760;1761;1762;1765;1768;1774;1775;1777;1778;1779;1780;1784;1785;1791;1801;1803;1816;1821;1822;1826;1827;1842;1843;1844;1847;1850;1853;1859;1869;1887;1898;1900;1901;1902;1905;1906;1915;1916;1917;1921;1926;1936;1949;1952;1954;1964;1965;1968;1973;1985;1991;1994;1995;1996;2008;2016;2017;2018;2019;2021;2022;2023;2037;2038;2045;2052;2054;2055;2058;2059;2061;2063;2064;2068;2073;2077;2078;2080;2085;2092;2096;2101;2104;2111;2113;2115;2119;2120;2122;2123;2127;2128;2131;2143;2145;2147;2150;2151;2152;2153;2156;2158;2162;2163;2165;2169;2174;2176;2177;2193;2199;2203;2204;2210;2219;2223;2225;2227;2230;2232;2236;2238;2240;2247;2250;2258;2266;2268;2271;2275;2277;2281;2289;2294;2300;2301;2311;2313;2317;2321;2322;2326;2327;2329;2330;2332;2336;2341;2345;2347;2352;2356;2361;2365;2369;2373;2376;2379;2381;2385;2389;2391;2392;2393;2399;2403;2404;2411;2413;2417;2421;2422;2428;2430;2436;2439;2441;2443;2444;2445;2447;2449;2460;2462;2468;2476;2477;2480;2485;2496;2498;2499;2503;2509;2512;2518;2519;2525;2526;2536;2537;2538;2545;2546;2548;2550;2553;2557;2562;2563;2564;2568;2572;2574;2576;2582;2583;2584;2593;2602;2603;2610;2612;2619;2626;2627;2629;2630;2635;2639;2650;2653;2659;2661;2664;2666;2667;2669;2674;2675;2679;2686;2690;2692;2696;2697;2701;2709;2710;2715;2717;2718;2730;2736;2737;2739;2742;2745;2746;2748;2754;2755;2757;2758;2764;2769;2774;2776;2778;2782;2790;2792;2796;2804;2809;2810;2815;2816;2818;2825;2826;2830;2834;2835;2837;2839;2843;2849;2850;2853;2858;2863;2864;2865;2871;2873;2879;2881;2887;2892;2893;2908;2910;2911;2914;2916;2917;2926;2928;2929;2930;2932;2938;2939;2949;2957;2960;2963;2967;2973;2981;2993;2994;2995;3002;3005;3006;3024;3031;3036;3037;3039;3040;3042;3044;3048;3050;3055;3057;3058;3059;3060;3062;3065;3066;3068;3069;3072;3073;3077;3080;3083;3086;3088;3092;3093;3097;3104;3111;3116;3123;3133;3134;3135;3136;3140;3141;3142;3144;3148;3151;3153;3156;3161;3163;3170;3172;3176;3177;3179;3180;3190;3193;3205;3207;3219;3222;3229;3237;3241;3252;3255;3258;3262;3264;3273;3281;3291;3296;3300;3309;3314;3319;3320;3328;3331;3332;3333;3335;3336;3345;3346;3350;3352;3355;3361;3362;3370;3374;3376;3378;3381;3392;3396;3401;3402;3404;3413;3417;3436;3437;3438;3448;3450;3451;3452;3456;3457;3459;3462;3468;3469;3474;3476;3477;3480;3481;3486;3490;3498;3500;3503;3506;3520;3522;3525;3528;3530;3532;3533;3534;3540;3544;3547;3553;3561;3564;3570,165.45221266709268
0.6,Leukemia,9,0.015804312517502077,0.9866666666666667,930,3571,3;10;13;15;27;39;42;50;56;63;74;77;79;82;86;89;94;95;97;98;99;100;105;107;109;110;124;129;133;134;142;144;147;151;154;165;170;172;173;182;186;188;190;193;195;196;200;202;206;208;212;213;215;216;217;229;230;234;237;238;239;245;247;257;258;267;269;276;278;288;289;292;293;298;306;307;309;310;311;315;326;327;332;346;347;349;354;355;357;358;359;361;374;376;378;381;382;393;395;406;408;411;412;413;414;415;416;418;420;423;428;430;431;438;441;443;451;457;461;463;464;466;474;478;488;492;493;495;504;512;513;516;517;520;522;527;528;533;538;539;545;547;552;559;560;562;569;577;579;584;586;602;603;611;612;622;623;624;627;628;634;639;641;642;643;650;656;658;667;675;679;682;684;688;689;695;697;701;704;719;725;729;730;738;739;744;753;755;757;767;771;772;773;779;782;786;788;790;795;802;808;816;818;819;823;828;829;830;831;839;842;846;849;853;856;867;872;876;881;889;892;894;896;898;904;907;909;910;911;914;929;941;946;954;955;956;959;961;962;973;975;976;984;985;988;990;994;999;1000;1005;1013;1016;1018;1019;1020;1022;1026;1027;1030;1031;1033;1035;1039;1043;1045;1051;1056;1060;1070;1071;1080;1085;1086;1087;1091;1095;1102;1103;1105;1117;1119;1136;1143;1145;1146;1160;1161;1162;1163;1166;1167;1169;1178;1181;1185;1186;1188;1189;1190;1194;1200;1204;1208;1211;1213;1215;1218;1219;1220;1222;1223;1231;1236;1243;1244;1248;1254;1258;1259;1261;1271;1273;1277;1292;1293;1294;1297;1300;1303;1306;1307;1308;1311;1319;1321;1328;1330;1334;1341;1344;1350;1357;1359;1365;1376;1378;1379;1380;1386;1387;1396;1400;1403;1405;1406;1409;1418;1422;1428;1432;1437;1440;1446;1449;1451;1456;1458;1466;1471;1474;1476;1477;1484;1488;1489;1491;1492;1498;1504;1507;1508;1512;1514;1527;1531;1540;1541;1546;1552;1553;1560;1564;1566;1569;1570;1571;1575;1578;1581;1587;1592;1599;1600;1609;1612;1614;1615;1619;1628;1632;1633;1642;1643;1644;1650;1651;1655;1662;1669;1671;1677;1678;1682;1683;1685;1688;1690;1694;1697;1698;1699;1700;1709;1714;1715;1719;1720;1721;1722;1723;1727;1729;1735;1737;1742;1745;1757;1758;1764;1766;1772;1779;1780;1782;1787;1791;1797;1800;1804;1806;1808;1819;1828;1832;1834;1839;1840;1843;1859;1861;1864;1867;1870;1872;1877;1879;1882;1884;1887;1889;1892;1894;1904;1908;1909;1917;1918;1919;1920;1921;1927;1928;1933;1939;1943;1949;1951;1961;1970;1971;1973;1977;1988;1989;1991;1997;1998;2002;2005;2008;2009;2017;2024;2026;2027;2031;2036;2043;2051;2053;2057;2062;2066;2068;2072;2076;2077;2080;2088;2090;2096;2098;2100;2101;2108;2110;2112;2116;2117;2122;2123;2126;2128;2133;2135;2140;2141;2143;2144;2148;2150;2156;2160;2161;2173;2174;2182;2184;2189;2193;2194;2200;2201;2207;2209;2210;2214;2216;2219;2221;2222;2223;2227;2228;2229;2233;2234;2235;2248;2254;2256;2257;2261;2262;2264;2265;2267;2278;2283;2286;2287;2288;2290;2295;2300;2301;2302;2304;2307;2311;2318;2329;2343;2345;2347;2349;2352;2353;2355;2357;2358;2359;2365;2366;2368;2370;2371;2375;2377;2383;2385;2393;2397;2398;2402;2403;2406;2409;2410;2411;2415;2417;2429;2434;2438;2446;2447;2448;2449;2455;2457;2461;2467;2472;2475;2480;2489;2491;2492;2497;2499;2500;2501;2508;2510;2513;2514;2516;2519;2525;2528;2536;2540;2545;2552;2559;2561;2571;2573;2574;2580;2581;2582;2587;2592;2594;2595;2598;2603;2610;2611;2613;2624;2628;2630;2631;2644;2653;2662;2665;2674;2678;2683;2684;2686;2687;2689;2695;2700;2702;2704;2705;2717;2727;2733;2740;2742;2744;2753;2754;2762;2766;2768;2772;2773;2778;2780;2785;2786;2791;2801;2806;2811;2818;2821;2823;2825;2826;2829;2831;2833;2834;2838;2839;2840;2842;2843;2850;2853;2858;2861;2864;2866;2867;2874;2875;2876;2883;2889;2892;2893;2897;2899;2904;2905;2906;2908;2909;2912;2913;2931;2935;2936;2938;2941;2942;2950;2951;2953;2954;2956;2957;2958;2964;2965;2977;2980;2983;2988;2989;2992;2995;3004;3007;3008;3015;3016;3017;3032;3034;3037;3038;3040;3042;3043;3048;3051;3052;3059;3061;3064;3071;3075;3077;3088;3089;3092;3095;3097;3099;3110;3112;3114;3115;3117;3120;3122;3123;3124;3125;3128;3134;3135;3140;3143;3145;3153;3159;3161;3170;3172;3175;3182;3185;3187;3190;3192;3201;3202;3213;3215;3217;3219;3228;3242;3244;3248;3250;3254;3260;3264;3273;3280;3282;3284;3286;3287;3294;3295;3297;3309;3312;3313;3317;3320;3321;3330;3331;3340;3344;3350;3352;3353;3354;3355;3359;3360;3362;3364;3373;3374;3376;3378;3390;3394;3397;3408;3410;3413;3414;3418;3426;3429;3430;3431;3436;3437;3439;3446;3465;3466;3467;3474;3475;3476;3481;3483;3485;3489;3490;3491;3493;3496;3498;3503;3505;3510;3516;3519;3528;3533;3534;3535;3536;3537;3546;3551;3554;3559;3565,165.07660408271477
0.6,Leukemia,10,0.01581271352562305,0.9866666666666667,933,3571,1;2;9;13;15;17;23;26;27;30;33;38;52;54;59;60;63;69;75;82;84;85;88;89;95;102;109;110;112;116;122;124;126;132;138;142;147;151;152;155;156;164;165;168;174;176;180;184;185;188;190;193;195;199;220;222;226;233;235;236;238;255;257;258;262;269;272;274;277;279;281;282;286;291;296;297;302;303;304;306;310;315;316;318;321;328;331;334;336;337;338;340;342;344;351;356;363;366;367;368;372;380;387;388;404;408;409;414;417;420;429;436;438;442;444;446;448;450;461;465;469;478;479;482;484;489;497;498;499;501;504;507;509;510;511;514;523;528;530;531;536;538;549;560;562;564;572;574;580;584;591;594;599;601;603;616;630;632;633;634;639;642;646;647;653;656;659;661;664;665;677;682;688;689;690;703;704;706;715;717;720;721;722;724;729;735;746;754;755;764;772;774;775;778;783;784;786;790;792;794;797;798;800;804;807;810;814;818;823;824;826;829;836;841;842;843;844;853;855;858;861;863;872;873;874;880;882;883;894;895;911;915;919;923;929;934;937;938;944;946;948;952;953;954;960;963;964;969;977;978;979;981;983;993;995;1007;1017;1018;1019;1026;1029;1035;1036;1043;1045;1048;1049;1050;1053;1056;1058;1061;1062;1064;1066;1080;1082;1085;1086;1110;1113;1114;1120;1123;1125;1130;1135;1145;1146;1149;1159;1161;1163;1164;1169;1171;1172;1175;1178;1185;1186;1188;1193;1200;1203;1205;1212;1216;1217;1218;1220;1222;1228;1230;1233;1235;1236;1238;1239;1240;1241;1244;1249;1253;1256;1260;1262;1268;1269;1271;1272;1282;1285;1287;1288;1290;1293;1294;1300;1301;1302;1304;1305;1310;1313;1316;1321;1324;1329;1332;1337;1338;1341;1347;1351;1352;1353;1354;1357;1358;1360;1362;1363;1364;1367;1368;1370;1375;1377;1380;1384;1386;1401;1402;1406;1413;1414;1415;1421;1423;1428;1430;1435;1437;1438;1440;1446;1448;1456;1458;1459;1462;1467;1469;1474;1479;1491;1500;1506;1511;1512;1513;1520;1521;1522;1524;1527;1530;1534;1538;1540;1548;1561;1562;1563;1566;1568;1573;1591;1600;1603;1614;1615;1624;1625;1627;1632;1636;1637;1639;1640;1643;1644;1648;1649;1651;1653;1660;1662;1674;1677;1682;1683;1691;1694;1696;1700;1701;1712;1713;1716;1722;1724;1725;1727;1729;1732;1733;1740;1743;1744;1752;1754;1756;1757;1759;1760;1769;1774;1781;1788;1789;1793;1797;1803;1816;1819;1821;1825;1827;1833;1834;1835;1836;1837;1844;1848;1850;1852;1853;1854;1857;1858;1859;1860;1863;1866;1868;1870;1871;1873;1874;1875;1876;1882;1883;1884;1891;1892;1893;1896;1898;1908;1927;1932;1940;1944;1945;1952;1954;1972;1975;1977;1982;1984;1989;1999;2002;2004;2009;2011;2017;2020;2025;2028;2029;2038;2041;2044;2048;2049;2053;2059;2061;2062;2064;2068;2070;2072;2082;2083;2084;2085;2086;2096;2105;2112;2115;2122;2123;2124;2125;2127;2130;2133;2141;2142;2143;2169;2172;2175;2178;2179;2187;2188;2195;2197;2202;2206;2208;2216;2229;2232;2241;2246;2254;2255;2261;2265;2268;2272;2276;2278;2279;2280;2281;2286;2288;2294;2296;2297;2307;2308;2309;2310;2314;2317;2319;2320;2329;2332;2336;2340;2341;2342;2347;2352;2355;2360;2361;2369;2376;2378;2379;2385;2388;2392;2395;2399;2423;2424;2427;2433;2438;2441;2443;2446;2456;2472;2478;2480;2481;2486;2487;2491;2493;2496;2503;2506;2508;2513;2517;2518;2524;2525;2526;2530;2538;2540;2542;2545;2551;2562;2566;2568;2570;2576;2577;2581;2584;2585;2590;2591;2595;2606;2607;2610;2618;2620;2621;2623;2625;2630;2636;2639;2642;2644;2645;2651;2654;2655;2657;2659;2661;2663;2669;2671;2673;2675;2678;2680;2681;2683;2684;2685;2687;2689;2694;2705;2709;2712;2714;2716;2718;2729;2730;2732;2734;2737;2742;2745;2748;2752;2757;2761;2762;2765;2768;2781;2784;2786;2796;2798;2799;2805;2807;2810;2813;2818;2823;2824;2826;2832;2835;2840;2845;2847;2849;2850;2856;2859;2860;2863;2868;2870;2871;2874;2875;2884;2888;2892;2896;2897;2898;2902;2908;2911;2919;2920;2922;2929;2935;2937;2939;2941;2954;2955;2957;2965;2971;2985;2989;2996;2998;3005;3013;3015;3016;3022;3030;3031;3035;3043;3045;3048;3064;3065;3066;3067;3069;3074;3077;3078;3079;3081;3083;3085;3086;3087;3088;3089;3090;3092;3093;3097;3102;3104;3107;3111;3120;3123;3130;3135;3136;3138;3142;3154;3156;3171;3173;3175;3177;3184;3187;3190;3200;3201;3213;3217;3222;3228;3229;3230;3231;3234;3237;3240;3244;3248;3253;3254;3266;3268;3269;3270;3276;3278;3279;3280;3282;3286;3287;3288;3290;3292;3301;3302;3303;3307;3309;3312;3315;3317;3322;3326;3332;3335;3336;3340;3343;3344;3345;3346;3348;3354;3358;3364;3366;3372;3376;3380;3382;3389;3393;3396;3400;3406;3408;3415;3417;3418;3425;3426;3427;3431;3437;3450;3465;3468;3474;3487;3492;3496;3498;3502;3504;3508;3510;3514;3515;3516;3523;3524;3527;3529;3531;3536;3543;3544;3546;3558;3565;3566,164.51676091598347
0.6,Leukemia,11,0.016800376045125364,0.9857142857142858,949,3571,1;3;4;8;11;12;15;17;18;20;24;27;28;30;31;37;39;47;51;55;59;63;67;68;75;77;79;82;86;87;90;93;94;99;106;107;109;110;111;113;118;120;127;130;136;142;143;150;155;157;158;159;162;163;173;175;176;182;183;189;195;206;208;211;215;223;230;231;232;235;236;239;243;247;248;250;252;254;261;267;268;269;272;276;277;283;284;286;290;294;297;312;314;318;324;328;331;338;342;343;344;352;353;356;364;372;375;382;393;397;402;404;405;413;417;420;423;425;433;435;436;437;440;443;444;447;448;450;451;452;455;456;457;459;461;466;469;472;477;479;484;485;487;489;495;510;524;529;530;531;536;542;547;548;549;554;555;563;564;572;574;580;585;594;599;603;605;607;609;610;611;616;622;624;629;630;634;643;647;660;662;665;682;685;687;690;694;697;704;705;707;708;714;715;727;730;734;744;748;749;763;771;772;775;784;787;791;799;804;806;818;829;832;833;839;840;845;849;856;858;859;860;861;863;864;866;868;870;873;877;878;881;886;895;902;907;908;910;912;914;917;919;929;930;931;933;936;938;939;940;943;968;978;984;986;988;991;997;999;1001;1003;1005;1006;1008;1019;1023;1027;1032;1033;1036;1042;1046;1048;1050;1064;1073;1078;1080;1085;1088;1092;1094;1099;1101;1104;1107;1111;1116;1120;1122;1124;1128;1130;1132;1135;1139;1145;1151;1158;1165;1168;1170;1173;1176;1177;1178;1182;1185;1188;1191;1193;1194;1199;1205;1208;1210;1218;1220;1227;1228;1230;1231;1234;1237;1238;1240;1243;1246;1248;1253;1261;1275;1276;1278;1281;1283;1287;1289;1290;1300;1305;1306;1308;1309;1311;1312;1313;1314;1316;1320;1322;1325;1329;1331;1334;1339;1340;1344;1346;1367;1370;1371;1373;1394;1395;1400;1404;1406;1410;1414;1416;1417;1423;1426;1428;1430;1436;1441;1450;1451;1458;1473;1479;1480;1486;1497;1506;1512;1513;1524;1526;1530;1532;1533;1535;1537;1539;1550;1554;1557;1560;1561;1563;1568;1571;1574;1581;1582;1583;1584;1597;1599;1601;1613;1619;1620;1622;1626;1631;1635;1636;1638;1642;1646;1652;1657;1658;1667;1672;1678;1685;1686;1687;1691;1699;1704;1709;1716;1720;1721;1723;1725;1726;1730;1733;1734;1736;1737;1738;1739;1740;1746;1751;1754;1755;1756;1760;1761;1768;1769;1772;1773;1776;1782;1787;1790;1795;1798;1804;1809;1810;1813;1819;1820;1821;1825;1827;1829;1835;1838;1845;1847;1850;1852;1855;1858;1859;1865;1875;1880;1882;1884;1887;1889;1891;1898;1899;1901;1904;1909;1911;1915;1919;1922;1926;1927;1929;1930;1931;1932;1936;1938;1941;1947;1949;1950;1952;1954;1955;1958;1959;1961;1963;1967;1970;1971;1976;1978;1979;1980;1981;1985;1988;1990;1992;2010;2013;2014;2017;2022;2024;2027;2033;2034;2035;2037;2039;2045;2060;2061;2064;2065;2071;2073;2074;2082;2091;2094;2097;2099;2100;2103;2108;2110;2111;2115;2125;2128;2129;2135;2136;2139;2144;2147;2150;2156;2158;2162;2170;2173;2175;2177;2178;2181;2185;2190;2200;2201;2202;2208;2209;2214;2215;2219;2225;2234;2238;2243;2248;2249;2250;2252;2259;2262;2263;2264;2267;2268;2275;2276;2278;2283;2284;2285;2292;2297;2298;2301;2303;2309;2317;2319;2320;2321;2322;2326;2327;2332;2336;2344;2345;2346;2350;2352;2354;2360;2361;2364;2367;2369;2373;2378;2386;2387;2388;2391;2399;2402;2404;2413;2419;2423;2425;2433;2437;2441;2444;2448;2449;2450;2452;2454;2467;2475;2480;2481;2488;2489;2491;2492;2498;2502;2506;2508;2512;2516;2518;2529;2532;2536;2539;2545;2547;2549;2551;2553;2555;2557;2563;2569;2570;2572;2573;2576;2590;2594;2595;2596;2601;2602;2605;2606;2613;2617;2625;2630;2639;2641;2642;2643;2646;2649;2651;2652;2656;2658;2662;2669;2671;2681;2690;2694;2699;2702;2706;2711;2729;2733;2736;2738;2743;2746;2748;2751;2752;2756;2766;2771;2773;2778;2779;2784;2797;2808;2817;2820;2823;2824;2825;2827;2828;2834;2836;2837;2838;2839;2843;2858;2867;2870;2878;2879;2880;2885;2891;2892;2894;2898;2906;2907;2909;2910;2912;2914;2922;2923;2929;2931;2934;2941;2942;2951;2956;2970;2981;2982;2985;2987;2988;2997;2999;3009;3011;3015;3016;3021;3022;3023;3037;3039;3042;3046;3051;3053;3055;3058;3061;3063;3076;3080;3082;3090;3101;3103;3106;3107;3108;3109;3111;3112;3115;3116;3123;3131;3135;3138;3154;3161;3162;3163;3165;3176;3181;3188;3195;3201;3223;3230;3231;3234;3235;3238;3243;3247;3252;3260;3263;3265;3268;3277;3278;3279;3281;3282;3284;3288;3290;3293;3295;3301;3305;3307;3309;3313;3315;3322;3325;3334;3335;3339;3340;3341;3343;3350;3352;3354;3358;3368;3371;3376;3379;3383;3391;3392;3397;3398;3402;3408;3409;3412;3414;3416;3419;3421;3422;3425;3427;3429;3431;3434;3438;3440;3442;3446;3447;3449;3455;3457;3459;3462;3463;3465;3466;3467;3469;3470;3478;3487;3488;3496;3497;3500;3501;3502;3503;3505;3506;3509;3510;3514;3517;3521;3522;3526;3528;3529;3531;3532;3535;3536;3540;3546;3554;3556;3557;3561;3562;3565;3567,165.4391614999622
0.6,Leukemia,12,0.016741568988278544,0.9857142857142858,928,3571,2;3;10;17;18;20;27;29;43;44;50;51;54;57;65;68;74;78;87;95;100;112;114;122;129;134;139;141;143;144;145;147;149;155;157;160;162;166;167;169;170;172;179;180;181;189;193;198;203;204;208;215;216;220;222;223;231;233;234;236;240;241;248;251;259;264;265;267;274;276;281;284;285;291;294;296;301;305;309;313;322;323;331;333;334;338;339;342;344;345;349;361;362;363;369;371;374;382;387;390;392;396;398;399;400;401;409;412;417;427;430;433;435;438;441;444;445;451;452;453;455;456;457;461;464;469;474;476;482;486;489;491;495;497;505;506;510;512;523;524;533;543;547;551;554;555;564;566;570;574;576;581;583;584;585;588;594;595;604;607;614;615;618;624;628;629;632;641;651;655;665;667;670;671;676;680;690;691;693;700;702;703;710;713;714;718;719;725;730;733;734;736;737;738;748;755;759;763;764;771;772;775;777;779;780;782;785;792;799;803;809;814;815;817;828;830;833;834;836;838;843;844;848;849;850;851;854;855;862;866;872;876;878;881;882;883;886;897;902;905;908;910;911;917;936;938;945;953;954;955;956;958;959;960;964;968;973;975;977;978;983;988;991;997;1000;1002;1005;1007;1013;1015;1018;1019;1023;1031;1033;1036;1039;1045;1048;1050;1056;1057;1063;1074;1079;1080;1084;1092;1097;1102;1103;1108;1110;1111;1114;1117;1126;1139;1140;1141;1146;1147;1148;1149;1151;1153;1155;1156;1160;1168;1171;1174;1179;1181;1192;1194;1196;1197;1198;1199;1204;1206;1208;1209;1211;1213;1218;1222;1224;1225;1226;1233;1235;1237;1248;1250;1251;1263;1264;1265;1277;1290;1294;1295;1301;1303;1304;1311;1313;1316;1324;1327;1329;1334;1341;1352;1361;1364;1369;1372;1378;1379;1384;1386;1387;1392;1395;1400;1402;1404;1409;1419;1423;1424;1425;1426;1429;1433;1435;1439;1441;1443;1450;1454;1455;1458;1462;1463;1471;1472;1475;1477;1479;1488;1489;1492;1495;1496;1498;1501;1507;1510;1513;1518;1519;1522;1527;1537;1539;1551;1554;1558;1559;1561;1563;1564;1570;1577;1578;1582;1588;1590;1598;1608;1609;1611;1616;1631;1639;1643;1652;1655;1660;1663;1670;1671;1677;1679;1683;1688;1689;1691;1693;1699;1700;1701;1704;1705;1707;1708;1709;1713;1718;1719;1728;1734;1740;1746;1748;1750;1753;1755;1757;1762;1764;1773;1774;1777;1778;1784;1785;1786;1798;1801;1806;1807;1819;1820;1821;1824;1826;1833;1834;1844;1846;1849;1855;1857;1858;1867;1872;1873;1874;1877;1888;1891;1892;1894;1896;1900;1904;1908;1910;1913;1914;1920;1921;1922;1928;1933;1934;1944;1945;1950;1953;1954;1958;1959;1966;1967;1969;1978;1981;1982;1983;1984;1985;1992;1997;2004;2012;2014;2015;2020;2022;2023;2026;2030;2031;2036;2037;2040;2041;2042;2043;2045;2046;2050;2051;2052;2057;2058;2059;2062;2063;2085;2096;2098;2101;2105;2119;2120;2122;2123;2126;2130;2131;2136;2138;2140;2144;2146;2148;2150;2156;2157;2164;2165;2167;2169;2170;2173;2175;2177;2180;2188;2190;2191;2197;2209;2216;2221;2222;2237;2240;2246;2251;2259;2261;2264;2265;2266;2267;2268;2272;2273;2277;2283;2291;2309;2317;2319;2322;2335;2337;2338;2339;2341;2343;2344;2345;2348;2351;2367;2370;2371;2374;2389;2392;2397;2400;2406;2408;2413;2416;2420;2433;2438;2444;2445;2446;2452;2465;2466;2472;2474;2480;2481;2488;2493;2503;2506;2507;2509;2511;2512;2514;2516;2521;2525;2526;2527;2531;2537;2542;2544;2550;2551;2555;2560;2566;2567;2571;2572;2585;2591;2595;2617;2618;2624;2628;2630;2635;2636;2637;2638;2640;2641;2642;2643;2651;2652;2658;2659;2668;2669;2670;2676;2682;2683;2685;2688;2690;2693;2695;2698;2700;2701;2703;2706;2709;2712;2718;2725;2726;2727;2728;2732;2741;2742;2751;2756;2765;2769;2770;2773;2777;2782;2789;2791;2798;2800;2801;2803;2804;2805;2807;2814;2818;2822;2825;2827;2830;2844;2850;2851;2854;2855;2856;2875;2879;2883;2889;2890;2896;2904;2905;2907;2908;2912;2922;2928;2932;2935;2940;2941;2942;2944;2947;2948;2949;2953;2954;2956;2957;2958;2966;2967;2969;2973;2975;2979;2991;2992;2993;2994;2995;2996;3004;3005;3006;3010;3011;3012;3017;3030;3031;3036;3037;3046;3049;3051;3054;3063;3070;3077;3080;3082;3091;3099;3101;3105;3107;3119;3121;3122;3125;3126;3129;3131;3135;3137;3139;3140;3144;3148;3154;3155;3157;3161;3171;3177;3178;3182;3187;3191;3198;3203;3205;3214;3216;3218;3219;3224;3229;3232;3236;3252;3258;3265;3266;3274;3275;3280;3285;3286;3292;3296;3300;3303;3304;3306;3308;3318;3319;3320;3324;3325;3329;3332;3335;3340;3341;3342;3344;3348;3350;3358;3359;3361;3366;3371;3375;3377;3397;3404;3408;3416;3418;3419;3421;3422;3426;3434;3435;3437;3444;3445;3449;3454;3456;3459;3460;3466;3471;3472;3473;3482;3483;3484;3487;3495;3515;3516;3523;3525;3530;3532;3536;3540;3544;3547;3549;3556;3557;3563;3564;3565,164.07032216712832
0.6,Leukemia,13,0.015790310837300453,0.9866666666666667,925,3571,1;4;8;9;19;21;22;27;35;39;46;49;51;54;57;59;64;65;68;69;72;77;79;83;85;86;92;99;105;109;113;117;119;137;140;141;146;153;167;170;178;179;182;186;191;214;215;216;220;221;222;227;230;237;239;241;243;244;245;246;247;249;254;265;275;276;277;285;286;292;293;296;308;311;313;315;319;321;331;334;337;340;354;367;370;372;374;385;390;394;395;398;401;402;405;407;408;409;410;414;416;418;424;426;427;442;444;450;451;455;457;467;469;473;479;483;486;494;496;509;515;520;522;531;533;534;538;539;544;545;547;549;553;557;560;573;575;580;581;584;591;592;605;614;619;620;622;623;633;635;639;641;647;648;649;660;663;672;675;678;683;684;685;687;690;694;695;696;700;706;708;709;720;721;723;727;730;734;740;744;746;749;753;765;772;775;781;789;790;792;799;802;807;815;820;821;823;830;831;836;870;871;873;876;878;880;884;885;893;894;897;898;903;907;911;916;921;933;935;940;943;953;954;955;956;958;959;966;967;975;976;979;981;987;992;995;996;998;1004;1006;1010;1015;1016;1021;1022;1028;1034;1039;1042;1045;1047;1050;1062;1063;1065;1066;1067;1076;1079;1080;1083;1084;1085;1093;1099;1103;1104;1107;1111;1116;1118;1122;1125;1126;1130;1135;1142;1145;1148;1157;1166;1173;1176;1181;1188;1189;1191;1193;1213;1215;1217;1218;1222;1223;1224;1226;1232;1233;1234;1237;1247;1250;1251;1253;1255;1261;1265;1266;1267;1270;1272;1273;1274;1275;1276;1282;1286;1287;1293;1294;1299;1300;1309;1311;1327;1338;1341;1342;1345;1348;1351;1352;1353;1358;1364;1369;1372;1373;1374;1375;1384;1385;1389;1394;1399;1408;1409;1415;1420;1423;1424;1428;1432;1435;1437;1440;1442;1443;1444;1445;1447;1448;1449;1452;1454;1455;1456;1462;1469;1472;1476;1478;1479;1495;1499;1508;1514;1517;1525;1526;1527;1530;1538;1539;1544;1552;1553;1554;1565;1569;1582;1583;1596;1602;1607;1615;1617;1619;1620;1621;1626;1631;1635;1650;1651;1655;1658;1660;1667;1668;1672;1675;1676;1679;1680;1688;1692;1697;1699;1700;1702;1704;1705;1706;1712;1717;1718;1719;1723;1727;1729;1733;1736;1740;1742;1746;1748;1749;1755;1759;1760;1764;1769;1775;1778;1779;1783;1784;1785;1787;1791;1792;1793;1794;1799;1803;1808;1810;1814;1816;1821;1828;1833;1834;1842;1848;1850;1853;1856;1865;1866;1870;1872;1889;1891;1899;1902;1905;1907;1908;1912;1917;1920;1922;1926;1927;1929;1936;1944;1945;1947;1948;1949;1954;1960;1968;1970;1971;1974;1976;1984;1986;1991;1992;1997;1998;2001;2003;2006;2010;2014;2018;2031;2034;2042;2050;2053;2055;2063;2069;2070;2071;2072;2077;2078;2080;2085;2094;2096;2100;2103;2107;2108;2109;2110;2111;2112;2118;2121;2126;2139;2140;2141;2149;2150;2154;2156;2159;2165;2169;2171;2174;2175;2178;2179;2180;2187;2195;2199;2200;2201;2203;2207;2208;2209;2210;2211;2219;2222;2224;2225;2226;2230;2234;2235;2238;2239;2241;2245;2248;2257;2260;2262;2263;2267;2279;2281;2288;2291;2295;2300;2311;2313;2316;2317;2321;2323;2326;2330;2334;2336;2341;2346;2352;2356;2357;2362;2367;2369;2375;2382;2387;2388;2391;2393;2394;2403;2406;2430;2431;2433;2436;2437;2439;2450;2451;2452;2453;2456;2457;2462;2463;2465;2480;2482;2488;2494;2503;2504;2505;2506;2509;2512;2517;2519;2521;2523;2526;2532;2533;2535;2536;2541;2545;2548;2553;2554;2560;2561;2564;2566;2571;2591;2593;2602;2603;2605;2606;2608;2610;2613;2615;2617;2621;2626;2637;2639;2640;2646;2647;2648;2651;2654;2667;2669;2678;2689;2692;2696;2697;2698;2703;2704;2707;2710;2714;2717;2718;2720;2723;2732;2737;2742;2746;2752;2762;2769;2770;2771;2774;2783;2786;2787;2795;2800;2806;2808;2809;2815;2818;2819;2821;2823;2826;2832;2833;2839;2840;2850;2853;2855;2856;2859;2863;2871;2875;2877;2884;2897;2902;2905;2906;2909;2912;2914;2915;2917;2919;2931;2933;2935;2940;2941;2944;2951;2952;2954;2957;2959;2961;2962;2966;2971;2972;2976;2984;2985;2986;2989;2999;3000;3004;3006;3015;3020;3024;3043;3048;3049;3052;3057;3066;3069;3071;3074;3078;3084;3086;3087;3092;3093;3097;3099;3105;3109;3119;3121;3123;3125;3126;3129;3130;3135;3140;3142;3144;3151;3154;3159;3166;3167;3174;3186;3187;3193;3199;3202;3204;3205;3213;3215;3217;3220;3223;3227;3229;3236;3238;3241;3243;3244;3247;3250;3254;3259;3261;3262;3268;3273;3275;3276;3278;3282;3288;3291;3296;3297;3298;3299;3305;3306;3308;3309;3311;3315;3317;3318;3319;3320;3321;3322;3326;3334;3335;3339;3341;3342;3345;3347;3348;3350;3355;3357;3358;3361;3364;3366;3367;3373;3375;3376;3383;3385;3394;3395;3403;3410;3413;3417;3429;3431;3432;3437;3440;3442;3451;3456;3458;3459;3463;3471;3480;3487;3489;3494;3501;3506;3507;3508;3510;3512;3516;3522;3523;3532;3537;3544;3547;3549;3550;3551;3555;3556;3557;3562,163.50275216717273
0.6,Leukemia,14,0.016761171340560817,0.9857142857142858,935,3571,1;3;4;6;10;22;28;29;31;34;43;48;55;56;64;67;70;73;74;78;79;90;91;99;100;103;106;116;117;119;126;131;138;141;142;144;147;149;155;156;160;181;182;188;189;192;198;199;201;202;204;213;214;216;218;228;231;232;233;235;238;245;246;248;253;254;256;262;263;266;268;270;272;274;276;278;279;280;283;285;288;290;295;299;303;313;317;319;320;321;325;326;340;346;354;356;359;363;368;370;375;377;380;383;386;392;396;403;412;414;416;418;419;428;430;432;435;436;441;444;452;455;456;457;467;483;484;489;490;496;497;499;500;502;507;515;517;520;537;543;544;545;547;551;554;555;561;565;578;579;581;582;591;597;602;605;607;610;612;614;622;626;627;628;629;634;636;640;641;642;643;644;647;649;651;653;657;665;680;681;682;685;691;694;696;698;699;701;704;706;708;709;712;718;723;732;736;738;740;741;744;748;754;762;766;767;770;771;772;781;786;787;788;790;793;798;799;811;813;815;818;819;827;830;832;835;836;847;849;858;859;860;864;866;867;869;870;874;876;878;883;884;886;887;888;896;898;899;900;904;905;908;910;917;922;923;930;942;949;951;952;954;961;965;966;973;974;977;978;985;991;995;999;1014;1017;1019;1023;1024;1027;1033;1043;1048;1056;1060;1069;1079;1080;1081;1083;1084;1088;1089;1092;1097;1099;1102;1103;1107;1121;1125;1126;1127;1129;1133;1134;1137;1141;1142;1143;1146;1148;1149;1151;1156;1162;1169;1171;1177;1181;1195;1201;1204;1205;1206;1209;1210;1211;1213;1214;1216;1217;1220;1223;1233;1234;1248;1250;1254;1258;1261;1267;1269;1288;1291;1293;1296;1298;1300;1307;1310;1312;1314;1318;1339;1343;1344;1345;1350;1351;1352;1358;1361;1368;1374;1375;1377;1380;1391;1392;1393;1394;1396;1397;1399;1401;1408;1409;1410;1415;1425;1427;1429;1432;1434;1441;1445;1449;1451;1457;1466;1473;1480;1499;1500;1505;1506;1508;1514;1516;1521;1523;1526;1527;1529;1534;1538;1546;1547;1549;1550;1553;1554;1559;1560;1567;1579;1581;1588;1589;1590;1598;1602;1605;1607;1609;1611;1624;1629;1632;1633;1636;1639;1644;1652;1654;1657;1665;1673;1679;1683;1684;1693;1708;1716;1717;1719;1722;1723;1724;1727;1733;1734;1742;1746;1747;1752;1756;1757;1759;1765;1771;1773;1774;1787;1791;1795;1798;1801;1802;1807;1818;1827;1829;1830;1847;1857;1860;1864;1869;1874;1877;1878;1881;1889;1892;1893;1894;1895;1898;1903;1905;1913;1916;1924;1939;1947;1951;1955;1956;1958;1975;1981;1984;1986;1988;1992;1995;2000;2005;2007;2012;2017;2019;2021;2025;2027;2030;2040;2048;2053;2057;2059;2060;2061;2062;2063;2064;2066;2073;2075;2076;2077;2078;2086;2090;2102;2104;2106;2108;2110;2111;2114;2117;2119;2124;2126;2127;2133;2138;2141;2150;2156;2157;2159;2160;2166;2175;2179;2180;2183;2189;2190;2195;2197;2207;2209;2211;2219;2223;2224;2230;2232;2237;2239;2241;2243;2245;2248;2251;2261;2262;2263;2267;2268;2269;2273;2274;2276;2277;2278;2279;2282;2284;2288;2291;2294;2303;2305;2308;2317;2318;2328;2329;2330;2345;2350;2354;2355;2356;2359;2362;2363;2365;2366;2368;2371;2373;2375;2377;2379;2380;2387;2391;2394;2398;2399;2406;2416;2417;2421;2422;2423;2439;2444;2445;2450;2452;2453;2455;2466;2467;2470;2474;2475;2476;2480;2484;2485;2489;2492;2498;2502;2509;2510;2515;2519;2523;2524;2525;2527;2530;2532;2533;2534;2536;2540;2542;2546;2551;2558;2566;2568;2576;2581;2582;2586;2587;2590;2595;2596;2600;2601;2610;2613;2617;2621;2622;2624;2631;2638;2644;2645;2646;2651;2657;2684;2686;2687;2689;2693;2695;2698;2701;2704;2705;2706;2708;2711;2714;2719;2722;2723;2724;2729;2743;2744;2746;2748;2751;2754;2760;2772;2773;2778;2779;2784;2787;2795;2798;2804;2808;2809;2810;2811;2813;2814;2817;2819;2820;2822;2826;2829;2831;2834;2842;2847;2851;2855;2858;2859;2860;2864;2866;2870;2880;2881;2885;2886;2887;2897;2898;2899;2907;2910;2911;2913;2914;2916;2919;2928;2929;2935;2936;2938;2939;2948;2950;2952;2959;2963;2966;2972;2975;2977;2980;2982;2983;2988;2991;2995;2998;3002;3012;3016;3017;3019;3022;3025;3027;3034;3037;3038;3041;3046;3062;3063;3067;3075;3077;3089;3091;3094;3096;3101;3105;3112;3116;3118;3122;3123;3125;3126;3129;3135;3144;3153;3154;3158;3160;3162;3167;3170;3171;3176;3200;3208;3211;3213;3215;3222;3224;3230;3234;3242;3243;3245;3249;3251;3252;3253;3254;3255;3260;3261;3262;3264;3268;3270;3274;3275;3280;3287;3289;3293;3294;3296;3297;3299;3303;3320;3324;3331;3333;3334;3343;3346;3350;3351;3359;3364;3369;3371;3375;3376;3388;3389;3391;3397;3401;3402;3405;3407;3408;3409;3410;3411;3414;3417;3425;3431;3434;3437;3442;3448;3449;3450;3451;3452;3458;3459;3463;3465;3472;3473;3475;3478;3489;3498;3499;3500;3503;3506;3509;3510;3515;3521;3522;3523;3541;3546;3553;3555;3565;3567;3570,163.02990291593596
0.6,Leukemia,15,0.01667716125935107,0.9857142857142858,905,3571,1;7;11;17;28;30;35;43;44;52;54;58;61;64;68;69;72;83;88;91;93;98;99;101;104;108;110;111;116;117;118;120;131;134;143;146;147;150;166;168;172;178;179;188;189;193;197;199;205;208;214;220;222;225;226;227;228;229;231;236;237;238;241;243;246;247;249;255;260;265;268;272;278;285;288;292;293;301;319;327;332;335;336;353;355;356;358;359;365;367;370;376;377;378;383;399;405;412;424;425;426;427;428;429;430;435;438;439;440;442;444;445;447;449;461;464;465;469;471;475;477;486;489;491;492;493;502;505;507;514;516;517;518;519;524;525;530;534;536;540;542;551;553;556;559;561;563;568;570;571;584;587;589;599;601;602;607;608;613;614;615;617;621;626;629;630;649;650;658;659;661;663;667;669;671;672;676;681;682;688;690;697;700;703;705;709;711;714;717;728;732;734;735;743;749;753;755;758;762;764;765;775;779;784;794;807;808;811;822;827;833;836;841;845;849;850;854;855;857;859;861;865;868;870;871;881;885;887;889;895;903;907;908;911;918;925;928;931;938;940;947;948;949;955;956;960;970;972;976;984;986;998;1003;1007;1019;1022;1025;1035;1048;1049;1053;1062;1070;1075;1082;1083;1086;1091;1099;1112;1113;1114;1118;1125;1127;1129;1133;1140;1145;1149;1151;1157;1160;1165;1166;1173;1175;1176;1182;1186;1187;1206;1212;1218;1221;1224;1227;1228;1231;1233;1235;1244;1246;1254;1256;1265;1267;1269;1270;1271;1273;1279;1281;1298;1301;1305;1317;1319;1320;1322;1324;1325;1334;1337;1341;1344;1347;1352;1355;1357;1361;1365;1374;1379;1384;1386;1388;1397;1399;1406;1411;1413;1418;1419;1421;1425;1426;1428;1431;1432;1433;1437;1438;1444;1455;1456;1463;1466;1467;1469;1470;1475;1476;1478;1479;1480;1482;1483;1486;1489;1492;1494;1499;1514;1517;1518;1520;1525;1528;1533;1534;1535;1538;1543;1545;1547;1558;1559;1560;1562;1566;1573;1575;1576;1586;1590;1599;1606;1611;1615;1619;1627;1631;1632;1634;1635;1641;1645;1657;1659;1660;1664;1666;1669;1673;1675;1676;1682;1683;1687;1689;1697;1699;1703;1704;1708;1709;1716;1717;1718;1719;1721;1725;1733;1735;1740;1743;1746;1751;1752;1755;1756;1758;1781;1782;1792;1798;1803;1808;1819;1821;1824;1827;1834;1838;1839;1846;1849;1855;1857;1860;1869;1870;1874;1875;1877;1878;1881;1882;1883;1885;1888;1889;1891;1899;1908;1913;1917;1919;1924;1927;1931;1932;1935;1940;1945;1946;1948;1957;1961;1967;1970;1971;1974;1975;1977;1986;1997;1998;1999;2002;2004;2011;2017;2020;2026;2027;2031;2034;2048;2052;2054;2057;2063;2064;2073;2080;2085;2091;2098;2099;2100;2103;2106;2108;2114;2124;2128;2131;2135;2140;2141;2142;2145;2146;2147;2148;2150;2152;2153;2155;2156;2164;2172;2176;2178;2182;2184;2190;2191;2194;2195;2196;2197;2210;2219;2222;2223;2225;2229;2230;2233;2235;2237;2238;2239;2241;2245;2246;2248;2255;2258;2265;2277;2284;2286;2290;2297;2300;2304;2309;2314;2320;2324;2325;2330;2339;2347;2349;2351;2360;2361;2364;2369;2375;2388;2389;2397;2398;2399;2403;2405;2408;2413;2414;2415;2417;2424;2436;2439;2443;2451;2452;2454;2465;2472;2480;2482;2484;2494;2496;2499;2505;2512;2524;2526;2537;2541;2543;2551;2552;2553;2556;2557;2558;2562;2569;2570;2574;2582;2584;2585;2591;2594;2595;2601;2604;2607;2608;2609;2613;2623;2630;2633;2637;2638;2640;2646;2649;2653;2657;2662;2665;2669;2685;2687;2689;2690;2691;2693;2696;2699;2709;2713;2714;2718;2726;2729;2733;2735;2736;2738;2743;2749;2750;2757;2758;2768;2770;2776;2778;2783;2792;2793;2799;2801;2802;2804;2807;2811;2812;2819;2823;2824;2826;2828;2829;2832;2837;2840;2846;2849;2850;2851;2857;2865;2867;2878;2889;2891;2893;2894;2897;2902;2912;2914;2915;2919;2920;2922;2925;2927;2928;2931;2936;2943;2944;2945;2946;2949;2950;2957;2962;2963;2967;2972;2983;2988;2990;2993;2994;2995;2997;3002;3006;3007;3008;3013;3018;3024;3026;3028;3029;3030;3033;3037;3042;3043;3052;3059;3064;3068;3077;3081;3082;3091;3097;3098;3106;3112;3114;3118;3124;3125;3126;3128;3132;3136;3139;3144;3150;3156;3159;3170;3175;3181;3183;3186;3202;3203;3208;3217;3218;3220;3222;3223;3224;3232;3234;3236;3247;3250;3264;3284;3289;3291;3292;3293;3298;3301;3302;3306;3308;3309;3310;3315;3316;3320;3324;3327;3332;3335;3336;3338;3340;3346;3347;3348;3352;3355;3356;3358;3363;3367;3368;3369;3376;3380;3381;3382;3384;3387;3388;3389;3397;3400;3402;3407;3412;3414;3417;3421;3422;3423;3424;3425;3426;3427;3433;3436;3451;3475;3479;3480;3486;3488;3489;3492;3495;3496;3501;3503;3508;3513;3520;3521;3523;3524;3528;3533;3535;3537;3539;3543;3545;3547;3549;3552;3559;3562;3563;3564;3565;3566;3569,164.52193879103288
0.6,Leukemia,16,0.01582391486978435,0.9866666666666667,937,3571,8;10;11;16;23;24;27;33;34;36;38;39;40;41;48;52;54;55;59;64;68;73;81;91;98;109;115;117;120;127;131;138;140;141;153;155;159;163;165;166;180;183;190;192;193;196;201;202;206;210;213;215;218;221;226;231;233;235;237;244;246;253;255;257;262;263;267;268;269;276;278;279;281;282;283;284;291;299;300;302;303;311;312;314;315;321;330;334;337;339;340;344;350;351;358;360;362;369;376;377;378;381;385;388;391;393;395;396;402;404;406;410;413;414;419;422;424;428;429;430;437;440;443;444;453;470;477;480;484;489;498;509;510;519;522;523;524;525;528;531;536;541;544;558;567;579;581;585;586;600;604;606;610;613;615;619;623;634;640;642;643;651;659;660;678;680;682;683;685;690;694;696;697;709;710;711;712;714;717;720;737;740;742;746;749;750;751;763;766;768;773;774;776;777;781;788;796;799;802;803;804;811;814;820;821;826;828;830;835;848;849;850;851;858;862;864;870;871;872;875;876;880;883;887;894;899;900;904;905;909;911;915;916;920;923;937;938;942;944;946;947;956;964;965;967;971;975;977;978;980;982;984;992;994;995;1000;1002;1003;1006;1007;1008;1013;1022;1028;1029;1031;1035;1038;1045;1046;1048;1053;1055;1062;1064;1067;1068;1072;1076;1077;1078;1081;1085;1086;1087;1091;1092;1093;1106;1108;1109;1110;1112;1113;1119;1130;1134;1137;1138;1141;1145;1149;1151;1156;1157;1163;1164;1165;1166;1173;1182;1183;1187;1194;1201;1202;1205;1207;1212;1214;1217;1218;1220;1225;1228;1235;1239;1241;1244;1247;1255;1260;1267;1273;1276;1279;1280;1284;1290;1295;1299;1308;1310;1317;1319;1321;1328;1332;1340;1346;1350;1354;1362;1366;1370;1376;1379;1382;1383;1384;1390;1391;1394;1399;1402;1404;1409;1416;1419;1421;1422;1426;1427;1428;1429;1434;1438;1446;1450;1451;1453;1471;1479;1480;1484;1488;1490;1492;1495;1500;1503;1508;1514;1518;1525;1526;1527;1528;1529;1530;1534;1540;1541;1544;1545;1549;1552;1557;1558;1559;1561;1571;1581;1582;1584;1586;1595;1596;1597;1598;1613;1617;1619;1624;1641;1642;1647;1649;1651;1652;1653;1660;1662;1664;1665;1669;1675;1677;1684;1689;1692;1694;1698;1700;1704;1705;1707;1708;1709;1715;1716;1720;1721;1722;1729;1734;1736;1737;1738;1745;1750;1751;1752;1757;1761;1762;1769;1772;1780;1782;1783;1787;1792;1801;1811;1814;1815;1820;1823;1830;1832;1837;1844;1850;1855;1856;1857;1863;1868;1872;1873;1874;1880;1882;1886;1892;1894;1899;1900;1905;1908;1911;1914;1915;1916;1917;1918;1922;1927;1930;1935;1937;1948;1949;1950;1955;1957;1958;1971;1973;1974;1980;1982;1990;2003;2005;2008;2031;2038;2042;2044;2053;2062;2063;2065;2070;2072;2074;2076;2077;2082;2087;2089;2096;2100;2102;2106;2108;2110;2115;2117;2120;2123;2126;2130;2135;2136;2140;2146;2150;2155;2156;2157;2159;2167;2174;2179;2180;2184;2189;2193;2195;2197;2199;2200;2203;2208;2209;2210;2213;2216;2232;2237;2240;2242;2243;2248;2251;2259;2261;2263;2264;2271;2273;2276;2277;2278;2280;2281;2283;2285;2286;2287;2298;2303;2319;2325;2330;2332;2337;2339;2341;2343;2345;2347;2355;2361;2362;2367;2368;2372;2374;2383;2384;2385;2388;2389;2398;2399;2401;2403;2404;2406;2407;2427;2428;2431;2439;2444;2448;2457;2458;2460;2464;2466;2467;2472;2475;2481;2493;2496;2499;2501;2502;2514;2515;2518;2520;2523;2524;2525;2527;2531;2533;2534;2536;2537;2538;2542;2546;2548;2551;2558;2561;2564;2567;2568;2570;2572;2573;2578;2580;2581;2588;2591;2598;2602;2609;2611;2614;2620;2624;2625;2635;2638;2642;2644;2647;2649;2651;2653;2654;2655;2656;2664;2665;2667;2670;2677;2678;2682;2685;2687;2694;2697;2699;2700;2710;2712;2715;2716;2717;2719;2720;2721;2726;2731;2732;2734;2739;2741;2746;2757;2760;2767;2773;2776;2779;2784;2786;2796;2802;2805;2811;2815;2818;2820;2824;2825;2830;2831;2836;2843;2845;2847;2855;2858;2859;2862;2863;2869;2872;2874;2875;2878;2879;2883;2888;2891;2893;2898;2899;2901;2906;2909;2913;2916;2918;2919;2928;2930;2936;2937;2942;2943;2950;2952;2956;2961;2962;2972;2973;2976;2977;2984;2990;2991;2993;2999;3003;3009;3014;3015;3022;3025;3028;3030;3031;3034;3035;3039;3062;3064;3070;3071;3074;3081;3082;3085;3087;3089;3095;3099;3107;3112;3117;3118;3124;3126;3128;3130;3137;3141;3142;3143;3144;3146;3148;3152;3161;3168;3170;3175;3176;3178;3180;3181;3185;3192;3194;3196;3197;3200;3204;3208;3212;3213;3214;3221;3225;3226;3230;3231;3237;3243;3245;3251;3258;3262;3265;3268;3270;3273;3278;3283;3284;3286;3289;3290;3297;3299;3302;3305;3306;3307;3321;3323;3329;3331;3332;3345;3346;3350;3352;3357;3374;3379;3380;3384;3390;3395;3401;3402;3405;3409;3415;3416;3418;3420;3436;3437;3445;3450;3451;3469;3473;3474;3478;3479;3489;3491;3493;3498;3499;3512;3513;3514;3515;3520;3523;3529;3537;3541;3544;3555;3556;3567,166.06771425018087
0.6,Leukemia,17,0.016724766972036596,0.9857142857142858,922,3571,3;5;29;30;32;38;53;55;66;76;77;78;85;86;93;99;106;112;117;121;122;125;127;135;136;137;139;147;148;155;156;159;164;168;171;173;174;177;181;182;183;187;190;197;201;207;208;210;211;216;218;222;225;229;230;233;234;236;237;244;247;249;254;255;263;267;268;271;275;276;277;279;280;281;285;287;291;293;294;295;300;304;307;308;309;315;316;327;332;338;343;347;348;352;353;356;363;366;369;376;378;384;396;398;399;402;404;408;410;411;416;425;426;431;435;439;442;443;447;450;460;467;468;469;484;485;491;494;497;498;504;509;510;514;520;525;526;527;529;532;536;539;545;547;552;560;570;575;580;582;584;602;607;611;612;619;627;629;634;647;649;651;659;662;663;664;671;684;686;689;690;692;693;696;706;710;713;727;738;741;746;748;750;752;753;768;770;771;773;775;781;786;787;791;792;798;802;805;807;809;813;814;820;821;827;829;830;831;836;838;842;845;849;850;861;871;877;885;887;894;903;905;908;909;911;914;917;923;928;931;932;934;946;947;952;968;969;970;971;978;983;984;986;991;1001;1015;1018;1019;1026;1039;1041;1043;1045;1046;1048;1049;1050;1061;1068;1070;1072;1076;1081;1086;1095;1100;1102;1106;1107;1108;1110;1111;1114;1118;1120;1124;1136;1142;1143;1145;1148;1152;1155;1156;1160;1163;1166;1168;1171;1179;1181;1183;1186;1190;1192;1196;1199;1203;1212;1213;1216;1218;1221;1222;1224;1225;1230;1231;1234;1235;1238;1244;1250;1256;1263;1264;1266;1267;1269;1270;1272;1281;1289;1291;1293;1298;1306;1309;1310;1311;1321;1325;1328;1330;1332;1334;1335;1341;1342;1351;1354;1355;1356;1357;1360;1373;1376;1381;1383;1385;1393;1396;1397;1398;1406;1407;1411;1417;1424;1427;1430;1434;1438;1442;1444;1445;1453;1455;1456;1462;1471;1473;1483;1494;1495;1503;1505;1530;1531;1532;1533;1535;1536;1537;1543;1547;1555;1557;1560;1561;1568;1570;1572;1573;1582;1584;1590;1614;1616;1627;1629;1630;1632;1638;1641;1645;1648;1649;1651;1656;1664;1667;1668;1677;1684;1686;1687;1688;1700;1701;1704;1708;1710;1711;1715;1719;1729;1731;1736;1742;1754;1756;1767;1768;1771;1773;1779;1782;1802;1803;1807;1810;1816;1822;1824;1826;1828;1829;1833;1835;1836;1838;1844;1847;1850;1854;1856;1859;1861;1874;1876;1878;1879;1882;1891;1894;1896;1898;1900;1901;1911;1913;1915;1921;1922;1923;1924;1926;1929;1930;1937;1940;1945;1947;1955;1961;1967;1968;1970;1976;1983;1992;1999;2000;2001;2006;2010;2015;2022;2026;2033;2037;2038;2040;2041;2049;2050;2051;2052;2053;2062;2064;2070;2076;2077;2078;2080;2085;2088;2106;2110;2111;2115;2120;2121;2127;2130;2131;2134;2136;2137;2141;2145;2158;2161;2167;2173;2177;2184;2197;2203;2209;2217;2227;2229;2230;2234;2238;2243;2245;2247;2253;2255;2256;2259;2262;2272;2274;2282;2283;2284;2294;2299;2301;2307;2310;2311;2316;2319;2322;2338;2339;2340;2342;2347;2348;2354;2359;2366;2367;2370;2376;2380;2382;2383;2388;2390;2395;2400;2402;2403;2407;2423;2424;2426;2429;2439;2443;2444;2448;2464;2472;2476;2478;2481;2482;2484;2498;2500;2502;2504;2505;2517;2519;2524;2527;2529;2542;2543;2545;2546;2548;2554;2565;2566;2568;2570;2572;2577;2579;2581;2586;2588;2594;2600;2602;2603;2604;2610;2611;2615;2619;2620;2623;2626;2629;2633;2634;2635;2639;2648;2649;2650;2654;2657;2660;2664;2674;2679;2683;2684;2686;2687;2689;2690;2697;2701;2707;2708;2712;2714;2720;2728;2731;2734;2741;2750;2760;2761;2762;2763;2764;2767;2769;2770;2775;2777;2778;2785;2787;2797;2803;2807;2808;2812;2814;2815;2817;2822;2827;2830;2831;2832;2833;2834;2847;2848;2854;2857;2858;2859;2862;2864;2866;2867;2869;2871;2873;2874;2878;2881;2883;2885;2892;2896;2903;2904;2905;2906;2908;2909;2910;2912;2913;2922;2924;2926;2927;2930;2933;2938;2951;2954;2957;2958;2963;2964;2965;2967;2974;2981;2984;2988;2993;2998;3008;3014;3021;3022;3028;3030;3031;3033;3034;3038;3040;3041;3042;3047;3062;3065;3067;3069;3073;3076;3077;3078;3079;3080;3083;3084;3085;3089;3097;3098;3102;3103;3107;3110;3111;3113;3119;3122;3123;3124;3125;3127;3128;3136;3145;3150;3152;3156;3160;3161;3162;3165;3166;3179;3180;3187;3188;3194;3195;3197;3201;3202;3207;3209;3211;3214;3220;3227;3231;3232;3233;3234;3236;3240;3242;3243;3244;3246;3250;3253;3254;3261;3262;3265;3268;3273;3276;3277;3286;3292;3293;3296;3300;3301;3308;3309;3310;3314;3327;3332;3333;3344;3346;3348;3351;3365;3366;3367;3368;3375;3381;3385;3386;3388;3391;3392;3393;3394;3396;3398;3401;3402;3406;3407;3409;3412;3413;3416;3417;3422;3429;3430;3431;3432;3433;3434;3436;3440;3442;3445;3453;3459;3465;3471;3476;3486;3492;3503;3507;3509;3513;3517;3520;3534;3535;3536;3543;3547;3555;3556;3557;3558;3559;3560;3562;3568;3570,166.02445566700771
0.6,Leukemia,18,0.016660359243109123,0.9857142857142858,899,3571,2;3;8;13;17;20;30;33;35;38;50;57;58;63;68;69;72;77;81;83;84;85;89;95;96;102;103;106;109;117;122;124;132;135;139;142;144;146;151;152;154;156;159;161;162;166;167;175;178;180;181;182;185;187;188;189;191;196;198;215;216;219;234;245;249;252;253;254;255;256;260;264;265;271;276;277;293;294;297;308;310;311;312;318;319;320;325;327;328;332;349;355;356;359;366;367;370;375;377;384;385;390;394;396;397;398;407;410;413;421;426;433;436;437;444;450;453;454;455;456;465;466;470;471;476;477;479;483;484;487;496;504;506;509;511;513;515;518;521;523;524;525;528;531;538;541;545;551;554;566;567;568;575;579;582;583;587;588;592;596;601;603;605;610;613;614;616;617;619;623;632;648;651;653;655;662;664;668;669;672;673;675;679;681;684;687;700;712;719;721;722;724;729;732;741;745;747;752;755;758;765;768;774;775;777;778;779;789;795;798;803;813;823;824;829;834;835;837;838;849;851;854;855;868;870;873;874;875;878;880;882;886;893;894;896;899;901;902;907;908;916;919;921;928;930;932;934;938;942;946;948;949;955;956;962;963;964;980;991;993;994;996;997;1002;1003;1019;1023;1028;1030;1035;1038;1042;1047;1050;1054;1061;1064;1072;1076;1078;1079;1080;1084;1092;1093;1094;1095;1107;1110;1111;1125;1131;1133;1135;1138;1139;1143;1147;1150;1152;1155;1157;1158;1159;1161;1168;1169;1170;1171;1172;1173;1174;1176;1177;1182;1191;1206;1207;1209;1213;1215;1220;1223;1224;1226;1237;1238;1243;1250;1260;1264;1265;1267;1271;1273;1278;1279;1281;1288;1291;1306;1307;1308;1311;1318;1324;1330;1331;1333;1336;1338;1339;1340;1341;1346;1351;1359;1367;1368;1376;1392;1394;1395;1401;1419;1423;1424;1426;1431;1432;1438;1447;1451;1452;1464;1465;1466;1467;1472;1480;1496;1501;1507;1510;1513;1530;1531;1537;1543;1546;1547;1555;1560;1562;1572;1580;1581;1588;1591;1593;1602;1604;1608;1613;1616;1617;1620;1628;1629;1630;1639;1643;1646;1647;1655;1658;1660;1664;1668;1671;1673;1675;1680;1681;1685;1686;1692;1694;1697;1699;1704;1709;1714;1719;1728;1731;1737;1740;1744;1747;1755;1759;1765;1766;1768;1770;1771;1773;1777;1781;1782;1787;1789;1790;1796;1804;1805;1821;1824;1825;1834;1835;1841;1844;1852;1854;1868;1870;1873;1874;1876;1880;1887;1890;1895;1903;1908;1915;1921;1934;1935;1940;1946;1950;1952;1956;1957;1960;1963;1965;1966;1968;1975;1980;1989;2007;2011;2014;2015;2027;2040;2041;2043;2044;2045;2046;2047;2048;2049;2051;2052;2058;2066;2069;2070;2081;2082;2084;2086;2091;2094;2095;2100;2111;2113;2114;2120;2122;2123;2129;2130;2132;2133;2137;2142;2144;2145;2147;2148;2149;2153;2155;2161;2165;2166;2167;2168;2173;2180;2181;2191;2205;2209;2210;2214;2216;2219;2220;2225;2229;2233;2234;2235;2238;2255;2256;2259;2261;2264;2267;2268;2270;2291;2294;2296;2297;2305;2308;2312;2314;2319;2320;2324;2326;2330;2331;2334;2338;2339;2342;2343;2359;2360;2361;2364;2366;2371;2377;2385;2393;2399;2402;2403;2406;2407;2409;2414;2415;2426;2429;2435;2446;2450;2454;2457;2458;2459;2467;2468;2469;2470;2471;2473;2475;2480;2496;2498;2502;2503;2508;2512;2513;2518;2526;2533;2552;2553;2554;2556;2561;2562;2566;2571;2573;2574;2575;2581;2586;2593;2595;2603;2607;2610;2625;2627;2630;2632;2642;2645;2646;2649;2651;2663;2664;2665;2667;2668;2670;2671;2676;2685;2690;2697;2699;2702;2706;2710;2718;2720;2727;2728;2729;2730;2731;2740;2747;2760;2761;2765;2776;2777;2778;2780;2785;2787;2796;2797;2799;2805;2818;2824;2825;2826;2829;2837;2841;2842;2843;2855;2860;2864;2867;2868;2869;2871;2872;2874;2876;2877;2879;2882;2886;2892;2894;2903;2921;2922;2924;2926;2931;2933;2938;2941;2942;2948;2952;2973;2974;2976;2983;2986;2987;2988;2990;2992;2993;2994;2996;2997;2998;3019;3024;3028;3030;3032;3038;3039;3043;3045;3048;3049;3067;3079;3089;3099;3101;3104;3107;3108;3109;3111;3112;3117;3118;3121;3124;3125;3129;3131;3135;3142;3143;3146;3147;3149;3150;3155;3156;3157;3159;3161;3162;3165;3171;3174;3175;3187;3191;3195;3198;3200;3207;3209;3210;3214;3217;3219;3221;3236;3255;3256;3257;3258;3262;3268;3269;3273;3274;3281;3285;3286;3290;3292;3294;3295;3298;3299;3300;3303;3304;3307;3315;3320;3323;3324;3328;3331;3337;3340;3341;3350;3361;3363;3367;3371;3377;3384;3385;3387;3391;3394;3397;3406;3409;3415;3418;3421;3434;3438;3440;3441;3444;3447;3448;3450;3457;3458;3463;3470;3471;3472;3478;3480;3482;3483;3486;3491;3493;3497;3502;3506;3508;3510;3513;3517;3519;3520;3525;3527;3528;3536;3551;3552;3556;3560;3562;3563;3567;3570,166.61338958423585
0.6,Leukemia,19,0.016660359243109123,0.9857142857142858,899,3571,12;13;20;25;26;28;38;46;48;51;55;59;61;64;67;69;70;75;82;85;86;87;89;91;96;105;107;108;109;110;111;113;124;130;135;137;139;146;148;150;152;156;166;171;172;176;178;179;183;187;190;200;201;204;207;210;217;218;220;221;229;230;232;233;235;238;239;240;243;244;250;251;254;256;258;261;262;263;279;283;294;298;302;305;306;308;322;324;332;333;335;337;339;340;345;352;353;356;360;361;365;372;374;386;399;406;407;410;411;414;416;417;426;427;428;430;433;436;441;447;448;452;457;464;467;474;475;492;498;530;531;539;540;548;552;554;556;566;569;570;572;574;585;587;588;595;597;600;603;605;612;615;623;626;627;629;633;634;637;650;656;658;660;664;665;667;670;671;672;675;677;689;698;699;700;702;703;710;715;717;718;725;727;728;729;735;744;747;749;750;752;753;763;767;775;776;777;786;791;792;810;817;818;820;831;835;837;840;841;842;849;850;857;859;865;866;867;884;885;888;889;898;899;907;908;914;917;921;925;933;936;940;941;943;947;949;951;955;964;966;970;973;978;981;983;985;986;997;999;1002;1003;1004;1005;1007;1009;1012;1013;1022;1026;1033;1036;1037;1038;1044;1050;1054;1058;1063;1065;1066;1071;1073;1074;1076;1077;1082;1086;1092;1096;1097;1104;1108;1111;1123;1128;1131;1132;1135;1137;1138;1139;1144;1145;1153;1159;1166;1167;1172;1173;1178;1180;1181;1182;1183;1185;1188;1198;1200;1201;1203;1204;1205;1206;1211;1212;1221;1223;1231;1233;1238;1242;1244;1246;1247;1250;1260;1261;1262;1264;1267;1268;1271;1273;1274;1282;1287;1288;1289;1291;1297;1304;1310;1312;1315;1320;1321;1325;1330;1333;1334;1335;1339;1340;1344;1345;1347;1349;1362;1370;1373;1380;1385;1387;1389;1393;1396;1398;1401;1402;1403;1409;1410;1411;1419;1422;1423;1425;1434;1437;1456;1466;1474;1476;1483;1487;1499;1505;1506;1508;1510;1512;1513;1516;1522;1526;1535;1544;1546;1547;1551;1554;1555;1557;1558;1562;1567;1568;1571;1573;1574;1576;1577;1579;1582;1584;1586;1587;1588;1590;1592;1597;1598;1601;1609;1610;1611;1613;1615;1617;1623;1624;1627;1632;1633;1641;1642;1644;1649;1651;1657;1663;1664;1666;1667;1672;1677;1679;1681;1686;1693;1696;1701;1702;1706;1707;1712;1715;1720;1722;1730;1734;1736;1740;1745;1748;1751;1754;1760;1771;1773;1777;1780;1783;1786;1787;1788;1790;1795;1797;1804;1807;1817;1822;1829;1832;1834;1839;1843;1857;1861;1864;1874;1882;1894;1900;1912;1914;1919;1920;1921;1922;1925;1933;1934;1938;1939;1940;1941;1945;1946;1950;1951;1952;1953;1955;1959;1961;1963;1964;1970;1973;1974;1995;2002;2010;2012;2028;2033;2038;2041;2043;2048;2055;2058;2059;2062;2064;2069;2070;2071;2076;2077;2080;2082;2096;2098;2101;2107;2112;2113;2122;2127;2128;2134;2135;2142;2144;2145;2149;2151;2152;2156;2162;2170;2171;2173;2177;2183;2187;2192;2197;2205;2209;2222;2223;2226;2228;2229;2230;2237;2240;2243;2250;2254;2259;2260;2261;2267;2272;2275;2276;2281;2285;2294;2299;2300;2303;2306;2310;2316;2326;2327;2332;2349;2361;2363;2365;2376;2381;2385;2386;2395;2401;2414;2419;2424;2429;2431;2437;2443;2450;2451;2460;2462;2465;2472;2474;2475;2476;2479;2480;2487;2491;2499;2506;2510;2512;2516;2519;2524;2526;2532;2534;2536;2541;2545;2546;2551;2561;2563;2564;2568;2569;2570;2575;2578;2581;2586;2587;2589;2591;2594;2595;2601;2603;2604;2612;2617;2630;2634;2639;2640;2645;2650;2653;2657;2659;2661;2669;2677;2681;2683;2692;2695;2702;2707;2713;2722;2723;2725;2729;2730;2731;2737;2739;2740;2750;2760;2762;2778;2781;2789;2790;2791;2795;2802;2807;2811;2814;2818;2819;2821;2823;2825;2827;2828;2834;2836;2840;2854;2858;2862;2864;2870;2872;2875;2881;2885;2889;2893;2894;2900;2910;2918;2920;2921;2922;2939;2942;2946;2951;2953;2955;2957;2962;2971;2974;2977;2982;2983;2985;2987;2990;2991;2992;2993;2995;3013;3014;3018;3022;3023;3025;3026;3035;3040;3041;3047;3049;3050;3051;3058;3062;3064;3067;3075;3076;3081;3082;3084;3086;3091;3095;3096;3099;3105;3108;3110;3111;3114;3121;3124;3129;3130;3133;3134;3141;3148;3151;3157;3160;3162;3168;3171;3176;3177;3181;3183;3186;3189;3191;3201;3205;3206;3211;3216;3219;3223;3226;3228;3229;3231;3235;3242;3243;3253;3257;3261;3266;3267;3273;3277;3293;3296;3301;3302;3303;3306;3313;3317;3320;3322;3340;3347;3350;3352;3354;3355;3357;3358;3360;3366;3373;3376;3382;3386;3399;3405;3415;3422;3428;3431;3436;3440;3442;3444;3445;3448;3451;3457;3466;3473;3474;3475;3476;3488;3489;3490;3493;3494;3495;3498;3504;3508;3516;3517;3519;3520;3522;3535;3543;3545;3552;3554;3560;3561;3566;3568;3569,167.39614691631868
0.6,Leukemia,20,0.016696763611633345,0.9857142857142858,912,3571,9;15;18;24;31;36;37;53;54;55;63;68;69;71;75;76;83;88;92;93;94;98;109;110;113;117;120;123;131;134;136;139;144;145;146;154;156;165;175;178;180;183;187;190;201;203;205;206;208;211;213;214;220;223;228;231;233;235;240;241;243;247;249;254;255;256;257;258;260;262;263;265;266;268;269;275;277;278;286;288;290;291;294;303;307;310;319;320;325;328;332;333;342;343;349;352;353;356;371;372;381;384;389;390;397;409;410;411;420;424;428;435;436;442;446;450;459;461;472;480;482;486;492;493;498;502;503;504;511;514;519;525;527;528;530;533;540;541;547;549;551;553;557;565;566;567;572;573;575;576;580;584;585;592;595;603;609;613;614;615;616;617;626;633;634;635;637;641;645;647;648;649;651;657;668;670;674;675;676;677;680;683;685;686;696;698;699;701;703;711;714;718;720;721;725;730;731;732;733;737;740;741;742;743;745;757;764;767;770;776;780;781;783;784;787;788;790;803;804;813;814;820;827;829;833;841;842;844;845;846;850;853;855;856;861;867;870;873;874;888;893;894;895;898;901;905;907;909;912;915;916;924;927;931;941;947;948;951;953;955;957;958;965;968;970;972;974;978;982;986;987;996;1005;1007;1010;1012;1013;1015;1018;1019;1023;1024;1030;1033;1038;1039;1049;1055;1056;1060;1062;1065;1076;1082;1089;1093;1106;1109;1111;1118;1122;1123;1124;1130;1131;1142;1150;1158;1162;1168;1170;1177;1179;1181;1182;1207;1208;1218;1219;1223;1224;1227;1232;1235;1239;1241;1246;1250;1251;1252;1257;1259;1262;1263;1265;1281;1282;1286;1292;1294;1296;1301;1305;1310;1311;1314;1318;1330;1336;1345;1348;1352;1355;1359;1369;1372;1375;1376;1377;1379;1381;1382;1389;1391;1394;1395;1397;1401;1404;1405;1406;1408;1427;1428;1432;1438;1441;1442;1443;1450;1454;1458;1466;1479;1480;1481;1482;1483;1486;1487;1488;1491;1494;1495;1496;1506;1512;1513;1516;1524;1527;1530;1537;1541;1555;1563;1566;1568;1574;1575;1576;1578;1581;1589;1590;1595;1596;1598;1602;1607;1609;1613;1616;1622;1626;1627;1629;1632;1634;1639;1655;1656;1660;1666;1668;1669;1672;1674;1677;1680;1683;1686;1687;1690;1692;1701;1703;1707;1712;1713;1715;1718;1720;1727;1728;1735;1738;1743;1745;1746;1752;1753;1755;1756;1757;1760;1763;1766;1770;1778;1779;1785;1786;1787;1791;1794;1795;1796;1799;1804;1814;1823;1825;1827;1829;1832;1834;1835;1836;1841;1847;1854;1855;1864;1867;1870;1879;1881;1882;1884;1885;1886;1887;1891;1892;1900;1909;1910;1912;1916;1919;1920;1921;1923;1936;1941;1943;1946;1961;1963;1967;1971;1977;1986;1988;1991;2004;2006;2007;2009;2010;2014;2015;2017;2018;2019;2021;2041;2043;2049;2051;2052;2061;2069;2071;2073;2074;2075;2077;2078;2079;2084;2086;2088;2090;2091;2093;2101;2105;2107;2109;2113;2117;2121;2123;2135;2139;2142;2145;2146;2147;2149;2153;2155;2157;2158;2161;2166;2167;2168;2169;2174;2176;2180;2194;2195;2210;2215;2221;2224;2227;2228;2230;2234;2235;2239;2249;2251;2265;2267;2270;2278;2280;2281;2287;2290;2292;2296;2301;2302;2315;2318;2319;2326;2327;2330;2333;2337;2344;2345;2346;2347;2349;2352;2353;2355;2357;2368;2369;2371;2373;2384;2388;2390;2394;2397;2401;2403;2405;2407;2414;2429;2433;2446;2450;2451;2453;2456;2457;2462;2471;2472;2478;2485;2493;2494;2499;2501;2502;2506;2512;2517;2526;2529;2534;2540;2545;2549;2551;2556;2561;2566;2571;2578;2581;2583;2586;2590;2591;2596;2610;2612;2621;2622;2639;2640;2645;2646;2647;2651;2654;2656;2657;2662;2684;2686;2687;2696;2697;2699;2701;2703;2707;2709;2710;2713;2715;2716;2722;2727;2728;2730;2731;2735;2739;2744;2750;2754;2757;2763;2764;2765;2774;2783;2791;2801;2809;2810;2811;2812;2826;2827;2829;2839;2840;2847;2848;2859;2862;2867;2868;2871;2872;2874;2881;2884;2885;2889;2891;2907;2909;2910;2921;2922;2925;2928;2930;2940;2945;2949;2950;2963;2971;2973;2976;2988;2994;2996;3002;3008;3009;3017;3019;3021;3022;3029;3030;3032;3035;3036;3037;3040;3042;3043;3048;3050;3053;3055;3056;3059;3067;3072;3074;3076;3080;3081;3086;3090;3097;3099;3105;3111;3113;3115;3122;3125;3126;3127;3129;3135;3137;3141;3151;3153;3159;3162;3164;3171;3177;3180;3182;3188;3196;3198;3199;3200;3207;3211;3218;3227;3232;3233;3244;3245;3246;3258;3260;3264;3266;3272;3273;3274;3275;3281;3291;3292;3294;3297;3299;3302;3307;3317;3326;3329;3330;3332;3333;3336;3345;3347;3349;3353;3359;3360;3361;3362;3365;3374;3375;3382;3385;3390;3392;3398;3400;3404;3418;3422;3429;3436;3439;3440;3442;3454;3455;3459;3461;3462;3463;3466;3472;3474;3479;3483;3487;3497;3505;3506;3512;3517;3528;3531;3536;3538;3549;3553;3554;3559;3561;3565;3566;3568,165.96564262500033
0.6,Leukemia,21,0.016747169660359194,0.9857142857142858,930,3571,8;12;17;18;23;26;30;32;34;36;38;43;44;52;53;56;58;70;75;81;90;91;92;96;98;104;109;124;127;128;131;132;133;139;144;147;149;150;151;154;158;159;160;162;165;169;171;172;178;183;186;187;189;196;199;201;204;208;217;220;221;226;228;232;235;244;246;251;252;255;257;263;268;269;270;271;274;281;287;288;290;291;297;298;301;302;303;311;316;320;323;329;334;338;346;354;357;362;367;370;372;374;379;384;388;399;400;407;409;413;417;418;422;429;438;441;442;444;446;448;453;455;456;463;466;467;471;474;484;492;508;511;520;524;529;530;532;535;546;547;551;554;557;566;569;578;586;588;590;596;598;602;603;605;609;610;618;619;621;624;626;635;636;638;643;653;658;660;671;675;679;681;690;691;693;703;709;710;711;713;721;722;727;731;732;739;741;742;745;746;751;752;755;763;765;767;773;775;779;787;796;797;803;813;816;820;823;824;825;829;831;835;839;842;847;848;851;860;867;869;873;875;878;879;893;896;903;910;914;917;920;924;925;933;938;939;943;949;951;955;956;958;962;964;965;972;982;983;985;986;994;995;1000;1006;1008;1011;1012;1013;1016;1018;1019;1035;1036;1044;1050;1055;1068;1070;1072;1075;1076;1078;1079;1083;1093;1094;1096;1102;1103;1108;1114;1121;1131;1137;1146;1147;1150;1151;1152;1156;1159;1165;1167;1172;1178;1181;1182;1183;1190;1191;1196;1197;1198;1204;1206;1213;1214;1215;1217;1219;1220;1224;1226;1233;1236;1237;1246;1248;1256;1260;1267;1273;1282;1283;1284;1285;1286;1288;1296;1299;1302;1303;1306;1312;1313;1321;1325;1329;1331;1333;1334;1335;1336;1338;1341;1344;1355;1356;1357;1373;1375;1378;1382;1390;1401;1403;1405;1416;1417;1420;1434;1436;1448;1451;1452;1453;1458;1459;1460;1467;1468;1473;1475;1478;1483;1488;1491;1497;1498;1503;1508;1509;1514;1515;1517;1519;1520;1522;1535;1541;1544;1561;1576;1578;1579;1581;1584;1585;1588;1591;1592;1603;1614;1615;1624;1625;1629;1634;1635;1636;1637;1638;1639;1641;1642;1656;1657;1659;1671;1672;1673;1674;1675;1676;1678;1683;1687;1688;1698;1699;1702;1703;1708;1722;1723;1725;1730;1735;1738;1740;1742;1746;1748;1754;1757;1758;1762;1767;1771;1777;1779;1781;1782;1785;1790;1794;1798;1805;1809;1819;1824;1828;1831;1833;1834;1841;1842;1844;1847;1853;1855;1861;1868;1871;1872;1876;1880;1885;1889;1892;1895;1897;1908;1910;1914;1918;1922;1929;1933;1934;1936;1946;1948;1952;1965;1966;1968;1973;1984;1986;1994;1998;1999;2000;2004;2007;2008;2009;2011;2014;2015;2018;2022;2027;2033;2039;2041;2042;2047;2048;2050;2053;2055;2059;2061;2064;2067;2070;2071;2074;2075;2085;2086;2100;2101;2103;2110;2112;2116;2118;2120;2132;2138;2144;2150;2153;2156;2161;2162;2164;2174;2177;2179;2181;2185;2187;2190;2191;2193;2195;2199;2201;2203;2220;2221;2223;2229;2231;2232;2234;2235;2241;2243;2244;2245;2247;2253;2259;2261;2263;2264;2266;2269;2274;2279;2282;2284;2287;2290;2292;2293;2296;2299;2300;2304;2309;2316;2319;2322;2323;2326;2333;2337;2339;2350;2367;2370;2376;2379;2388;2398;2400;2402;2403;2406;2407;2409;2425;2430;2436;2440;2441;2444;2453;2458;2459;2467;2469;2470;2475;2479;2480;2487;2488;2491;2496;2497;2506;2514;2519;2522;2530;2536;2539;2542;2543;2546;2547;2548;2553;2554;2555;2557;2559;2565;2570;2571;2574;2575;2581;2583;2588;2590;2593;2598;2599;2601;2602;2604;2607;2609;2611;2617;2623;2624;2625;2630;2637;2639;2642;2651;2652;2654;2657;2661;2664;2671;2682;2685;2686;2690;2695;2698;2701;2704;2709;2715;2717;2718;2727;2730;2735;2737;2738;2739;2740;2746;2750;2752;2754;2764;2768;2769;2771;2777;2778;2782;2789;2791;2796;2813;2814;2817;2826;2830;2840;2841;2847;2856;2858;2868;2869;2870;2875;2876;2879;2881;2892;2894;2899;2907;2909;2911;2912;2916;2919;2921;2922;2924;2928;2932;2934;2935;2942;2945;2948;2949;2950;2952;2956;2957;2960;2964;2969;2970;2974;2975;2977;2981;2982;2983;2985;2987;3001;3004;3008;3011;3015;3021;3024;3027;3033;3037;3042;3043;3052;3055;3058;3060;3063;3065;3066;3069;3071;3080;3081;3082;3084;3093;3095;3096;3100;3101;3102;3104;3107;3110;3116;3123;3124;3125;3126;3128;3129;3133;3135;3138;3139;3145;3154;3156;3159;3161;3163;3164;3165;3168;3171;3172;3181;3184;3187;3192;3195;3197;3203;3204;3207;3214;3219;3220;3223;3241;3246;3249;3254;3255;3258;3261;3263;3264;3266;3269;3273;3275;3277;3285;3291;3292;3294;3299;3304;3306;3312;3314;3326;3336;3340;3345;3346;3347;3350;3358;3363;3369;3373;3374;3375;3382;3386;3389;3390;3392;3394;3396;3398;3401;3402;3405;3408;3409;3410;3413;3416;3424;3425;3427;3431;3433;3435;3436;3463;3464;3466;3468;3472;3473;3489;3496;3497;3500;3503;3506;3507;3519;3522;3523;3526;3527;3528;3531;3532;3533;3534;3538;3551;3556;3557;3563;3564,164.6441662912257
0.6,Leukemia,22,0.01669956394767367,0.9857142857142858,913,3571,0;1;3;9;22;28;31;43;45;49;51;54;55;57;62;63;67;68;85;105;109;112;113;119;127;136;141;142;149;159;162;163;166;167;172;174;178;180;182;185;189;190;194;196;201;202;208;210;211;212;222;223;228;230;233;242;247;249;252;255;259;261;264;271;274;275;278;280;283;284;289;290;293;300;301;303;309;312;314;320;323;337;343;345;347;349;357;378;381;382;383;385;386;388;393;397;398;399;400;401;406;411;416;425;426;430;434;437;438;442;445;446;449;450;468;473;474;479;481;489;490;491;494;497;499;501;504;505;507;511;512;522;523;533;534;540;542;548;552;564;568;569;576;580;585;588;590;604;608;616;620;621;623;626;632;637;638;640;643;644;645;647;649;657;659;666;668;676;677;678;681;684;686;694;697;698;702;704;713;718;725;733;737;740;742;751;755;760;762;769;773;776;786;788;791;796;800;804;814;816;820;824;826;853;865;869;870;871;874;876;877;880;884;888;892;894;897;898;899;900;902;903;905;907;913;914;917;919;923;926;928;931;934;937;940;941;945;952;955;956;961;971;973;982;989;990;999;1006;1012;1013;1022;1030;1033;1036;1037;1041;1045;1046;1049;1051;1054;1056;1067;1068;1071;1076;1077;1092;1094;1097;1103;1104;1111;1113;1116;1125;1134;1138;1139;1144;1145;1146;1155;1158;1160;1164;1175;1178;1183;1186;1190;1196;1197;1200;1205;1212;1213;1220;1224;1225;1226;1229;1230;1231;1232;1235;1236;1243;1245;1248;1249;1251;1257;1260;1264;1268;1273;1277;1284;1291;1298;1306;1307;1309;1310;1317;1318;1322;1334;1338;1339;1340;1343;1345;1346;1355;1356;1364;1366;1374;1375;1376;1378;1380;1382;1384;1389;1397;1398;1402;1420;1426;1431;1435;1437;1438;1441;1442;1454;1458;1460;1461;1469;1475;1486;1487;1491;1493;1495;1502;1509;1515;1516;1524;1525;1526;1527;1529;1532;1534;1536;1537;1546;1547;1556;1559;1561;1564;1566;1577;1580;1581;1584;1585;1586;1587;1594;1601;1602;1603;1608;1630;1633;1636;1637;1649;1655;1660;1664;1665;1671;1681;1683;1692;1700;1702;1712;1722;1725;1733;1740;1742;1746;1748;1751;1754;1762;1766;1767;1769;1770;1777;1780;1793;1795;1802;1804;1806;1807;1813;1820;1821;1822;1826;1828;1834;1839;1841;1842;1843;1845;1851;1852;1860;1863;1870;1874;1878;1880;1887;1890;1892;1893;1900;1908;1915;1925;1926;1928;1938;1945;1946;1951;1962;1964;1967;1970;1977;1980;1981;1983;1984;1989;1991;1996;1999;2001;2007;2018;2021;2023;2026;2032;2033;2038;2041;2050;2051;2056;2059;2064;2066;2071;2076;2078;2079;2083;2086;2091;2094;2101;2107;2108;2109;2110;2118;2123;2126;2127;2129;2133;2134;2136;2142;2145;2147;2150;2153;2154;2157;2162;2164;2165;2168;2169;2174;2189;2193;2194;2195;2204;2220;2221;2225;2229;2233;2237;2240;2243;2244;2246;2247;2258;2259;2267;2275;2276;2280;2285;2293;2303;2311;2313;2320;2322;2327;2329;2330;2332;2341;2346;2358;2361;2362;2366;2369;2370;2375;2377;2378;2380;2381;2385;2391;2403;2404;2405;2406;2412;2413;2422;2430;2431;2433;2434;2436;2438;2439;2449;2450;2451;2455;2459;2461;2464;2470;2474;2477;2478;2479;2482;2483;2485;2486;2490;2491;2497;2499;2506;2507;2509;2510;2513;2515;2519;2521;2522;2526;2528;2533;2545;2552;2558;2563;2564;2571;2572;2580;2582;2583;2594;2603;2604;2607;2608;2611;2612;2615;2616;2617;2623;2624;2631;2633;2634;2636;2639;2640;2642;2643;2646;2649;2652;2659;2663;2666;2672;2674;2676;2677;2685;2697;2698;2699;2702;2708;2718;2722;2723;2726;2727;2733;2739;2744;2747;2757;2766;2767;2768;2769;2773;2780;2785;2791;2796;2800;2802;2804;2809;2811;2814;2824;2829;2830;2831;2836;2838;2840;2841;2849;2852;2858;2861;2865;2867;2869;2876;2878;2879;2880;2885;2886;2888;2889;2892;2897;2907;2908;2911;2912;2916;2920;2925;2929;2932;2935;2937;2942;2943;2945;2947;2955;2956;2958;2961;2963;2964;2968;2971;2976;2979;2980;2983;2988;2993;2994;2996;2998;3001;3007;3008;3009;3011;3014;3019;3022;3024;3037;3043;3044;3054;3067;3069;3072;3073;3074;3079;3085;3087;3089;3092;3094;3102;3111;3112;3113;3117;3127;3129;3138;3139;3150;3156;3165;3168;3177;3181;3182;3183;3184;3185;3189;3190;3191;3192;3195;3198;3201;3205;3209;3210;3211;3214;3215;3217;3218;3225;3231;3235;3237;3239;3243;3246;3254;3264;3265;3266;3275;3277;3280;3283;3285;3292;3294;3297;3299;3300;3310;3312;3317;3321;3323;3324;3325;3329;3331;3332;3335;3338;3341;3344;3345;3347;3350;3352;3357;3358;3362;3363;3365;3367;3371;3372;3375;3380;3382;3383;3388;3395;3400;3402;3405;3414;3415;3419;3427;3431;3434;3436;3446;3447;3450;3452;3463;3473;3475;3476;3477;3479;3482;3485;3489;3493;3497;3498;3501;3504;3510;3513;3531;3533;3535;3537;3540;3541;3544;3545;3550;3554;3555;3561;3569;3570,164.68514124955982
0.6,Leukemia,23,0.015804312517502077,0.9866666666666667,930,3571,0;4;15;20;23;25;26;28;31;33;37;44;47;50;55;56;60;64;69;70;72;73;78;87;88;90;91;99;102;109;113;123;124;126;127;128;130;132;136;138;140;142;151;152;156;159;162;168;180;184;185;187;188;191;192;198;201;205;206;210;211;213;219;222;225;229;232;233;240;250;251;255;258;265;271;275;284;291;292;293;296;297;300;304;308;311;315;317;321;323;328;333;337;339;340;343;346;348;352;354;356;361;364;366;379;384;387;395;400;405;408;410;417;418;424;425;426;430;436;437;439;443;447;453;459;460;461;472;474;482;487;488;489;497;498;506;512;513;514;517;518;529;532;535;536;537;541;545;546;552;558;561;562;563;566;568;570;573;574;576;582;594;595;597;598;599;607;610;611;613;615;621;622;624;626;630;632;641;644;649;655;658;661;663;666;668;673;675;679;680;684;688;693;695;696;708;709;712;713;718;722;731;733;735;738;741;745;746;748;756;758;761;762;769;774;781;784;789;797;798;799;800;802;805;811;812;814;816;821;827;829;830;845;849;851;853;854;855;860;863;864;866;872;873;874;877;883;886;890;893;896;904;907;908;910;911;914;926;928;931;933;934;940;942;951;954;955;957;962;963;975;978;979;980;988;993;1002;1006;1012;1013;1019;1021;1023;1024;1029;1031;1037;1043;1048;1049;1057;1059;1061;1062;1063;1067;1072;1074;1076;1079;1083;1089;1099;1103;1123;1125;1132;1133;1135;1146;1152;1155;1160;1163;1164;1172;1175;1176;1178;1184;1192;1195;1197;1199;1207;1209;1211;1213;1224;1230;1246;1253;1254;1255;1257;1262;1264;1268;1276;1277;1278;1282;1290;1291;1294;1301;1303;1309;1312;1334;1346;1351;1354;1357;1364;1374;1380;1381;1388;1389;1391;1402;1414;1415;1417;1433;1444;1446;1448;1452;1453;1458;1459;1460;1461;1462;1465;1472;1474;1475;1477;1478;1485;1488;1493;1495;1498;1502;1505;1508;1509;1516;1518;1522;1526;1527;1528;1535;1537;1541;1545;1555;1558;1562;1565;1569;1579;1583;1589;1596;1604;1605;1609;1617;1627;1629;1631;1636;1644;1645;1648;1651;1652;1654;1658;1659;1662;1667;1669;1670;1671;1676;1678;1681;1684;1688;1689;1691;1702;1703;1705;1706;1709;1716;1718;1727;1728;1733;1735;1737;1746;1748;1753;1754;1757;1762;1767;1776;1779;1785;1787;1796;1799;1800;1801;1807;1821;1829;1832;1833;1834;1835;1845;1848;1853;1855;1868;1872;1889;1891;1892;1895;1897;1899;1902;1903;1904;1909;1913;1916;1918;1919;1925;1927;1928;1929;1932;1934;1937;1945;1947;1949;1957;1962;1965;1970;1974;1976;1981;1984;1989;1994;1997;1998;2000;2002;2005;2017;2018;2026;2028;2040;2042;2046;2050;2052;2055;2059;2061;2062;2066;2067;2069;2070;2077;2078;2080;2091;2096;2100;2101;2105;2108;2109;2111;2112;2113;2117;2121;2122;2130;2132;2138;2140;2144;2146;2148;2149;2151;2156;2158;2163;2166;2167;2171;2173;2182;2185;2194;2195;2197;2206;2207;2215;2220;2222;2228;2229;2230;2233;2234;2236;2242;2243;2245;2251;2255;2259;2262;2265;2267;2276;2283;2285;2287;2289;2290;2291;2292;2298;2303;2326;2335;2336;2342;2343;2346;2358;2359;2365;2371;2373;2376;2377;2379;2380;2382;2391;2395;2397;2398;2403;2410;2411;2412;2413;2414;2416;2424;2430;2440;2445;2448;2450;2452;2456;2464;2465;2474;2477;2480;2482;2485;2487;2488;2489;2490;2492;2493;2496;2502;2513;2514;2520;2522;2523;2524;2526;2530;2532;2536;2539;2545;2551;2553;2560;2566;2567;2570;2571;2579;2580;2581;2584;2587;2589;2595;2596;2598;2602;2605;2612;2613;2614;2616;2621;2624;2625;2627;2628;2630;2635;2642;2643;2647;2661;2665;2667;2669;2674;2683;2684;2689;2690;2692;2701;2716;2719;2723;2731;2734;2737;2740;2743;2751;2754;2755;2756;2763;2764;2770;2771;2779;2784;2790;2794;2797;2798;2807;2816;2817;2818;2819;2826;2830;2833;2842;2844;2845;2846;2848;2850;2851;2857;2869;2870;2871;2872;2878;2881;2890;2895;2897;2898;2901;2906;2909;2911;2918;2936;2941;2949;2954;2956;2960;2961;2962;2975;2977;2982;2985;2987;2991;2993;2994;3000;3011;3015;3016;3019;3022;3031;3034;3035;3036;3037;3043;3052;3062;3064;3070;3072;3073;3075;3083;3090;3092;3099;3100;3102;3110;3111;3113;3115;3118;3120;3121;3125;3128;3131;3133;3135;3136;3137;3138;3144;3151;3155;3157;3158;3159;3161;3162;3167;3183;3197;3198;3200;3202;3206;3209;3210;3211;3215;3218;3219;3222;3224;3225;3228;3236;3252;3253;3256;3257;3260;3264;3265;3269;3272;3273;3274;3276;3279;3281;3290;3291;3293;3300;3303;3306;3308;3314;3321;3322;3326;3331;3332;3335;3341;3348;3349;3354;3355;3361;3363;3365;3369;3371;3377;3380;3386;3392;3398;3402;3413;3415;3417;3419;3420;3422;3425;3426;3427;3428;3429;3440;3452;3453;3454;3456;3463;3465;3472;3473;3478;3481;3483;3484;3487;3490;3491;3495;3498;3499;3500;3504;3507;3508;3513;3515;3524;3529;3533;3534;3539;3547;3550;3557;3570,165.46920091705397
0.6,Leukemia,24,0.016727567308076917,0.9857142857142858,923,3571,1;5;14;17;21;22;23;25;30;33;47;52;55;63;64;70;71;73;85;88;90;95;99;115;119;134;139;146;148;154;159;163;165;170;172;173;174;177;179;184;188;190;195;197;205;210;211;226;230;233;234;237;244;247;248;249;251;253;256;257;258;263;265;266;269;270;272;276;278;281;282;291;292;307;308;316;318;319;322;324;330;332;337;350;351;353;355;356;357;358;361;365;368;372;373;374;375;380;389;392;394;395;399;411;414;416;421;422;435;437;445;447;448;450;451;453;459;461;462;465;466;470;473;474;475;480;490;491;499;504;506;507;509;510;511;512;519;522;523;524;525;528;529;530;538;547;548;551;554;569;570;580;581;582;583;587;588;589;595;596;601;607;608;610;611;613;614;629;630;631;633;635;640;641;642;647;648;654;665;669;671;679;681;685;689;693;697;701;702;703;713;714;718;721;722;725;730;737;740;746;749;751;756;758;759;760;770;771;772;774;779;782;783;793;796;801;804;807;808;813;814;815;821;822;833;835;836;837;844;849;853;854;855;867;869;873;883;893;894;898;902;903;911;914;916;926;930;938;941;945;948;952;954;955;962;964;976;978;982;984;985;999;1001;1003;1006;1007;1009;1026;1030;1035;1036;1037;1040;1047;1048;1050;1053;1054;1055;1059;1066;1067;1073;1081;1086;1088;1092;1100;1103;1106;1107;1108;1110;1111;1118;1129;1130;1143;1172;1175;1184;1186;1188;1190;1191;1193;1194;1195;1203;1205;1207;1208;1213;1216;1218;1219;1223;1225;1232;1238;1239;1247;1248;1253;1259;1267;1268;1270;1275;1277;1280;1281;1283;1286;1288;1291;1292;1295;1296;1298;1302;1303;1306;1307;1308;1313;1315;1316;1317;1324;1329;1330;1341;1347;1348;1350;1353;1355;1359;1363;1365;1367;1374;1375;1381;1386;1388;1390;1396;1399;1404;1405;1406;1407;1408;1412;1413;1416;1417;1418;1419;1420;1424;1428;1433;1436;1447;1451;1458;1460;1464;1471;1475;1477;1481;1488;1495;1498;1502;1505;1508;1509;1515;1529;1532;1533;1535;1539;1540;1546;1551;1556;1558;1559;1562;1571;1574;1579;1582;1585;1586;1587;1602;1607;1611;1613;1620;1624;1626;1628;1642;1645;1649;1658;1661;1666;1673;1674;1675;1676;1686;1693;1697;1700;1705;1714;1716;1718;1719;1723;1724;1729;1738;1739;1748;1752;1755;1756;1766;1769;1774;1788;1790;1795;1799;1807;1809;1815;1816;1826;1829;1830;1835;1836;1837;1838;1839;1845;1846;1847;1850;1867;1869;1873;1876;1880;1883;1885;1887;1889;1892;1906;1907;1918;1919;1920;1934;1935;1943;1949;1950;1956;1971;1976;1985;1987;1989;1997;1999;2003;2006;2008;2009;2014;2015;2021;2023;2026;2027;2028;2035;2039;2044;2055;2057;2059;2062;2065;2067;2075;2078;2079;2083;2091;2093;2095;2097;2100;2101;2105;2113;2114;2115;2136;2137;2139;2141;2144;2149;2151;2157;2158;2164;2168;2171;2177;2178;2179;2180;2182;2187;2189;2193;2197;2202;2205;2211;2216;2220;2223;2224;2225;2226;2229;2231;2241;2244;2245;2247;2249;2255;2260;2261;2262;2263;2265;2268;2272;2273;2274;2277;2280;2282;2283;2285;2291;2296;2298;2299;2300;2301;2303;2306;2307;2309;2322;2333;2338;2348;2354;2355;2356;2365;2366;2367;2369;2373;2376;2385;2386;2404;2406;2408;2413;2417;2418;2421;2422;2423;2426;2429;2430;2435;2445;2453;2461;2462;2464;2465;2478;2480;2486;2487;2488;2489;2493;2497;2501;2505;2507;2508;2515;2516;2521;2523;2527;2528;2534;2536;2541;2542;2543;2546;2548;2559;2560;2563;2565;2566;2572;2575;2578;2580;2582;2588;2591;2600;2610;2612;2617;2624;2625;2626;2631;2639;2641;2644;2652;2656;2660;2662;2664;2666;2668;2670;2673;2676;2678;2681;2685;2693;2696;2697;2698;2701;2703;2704;2707;2713;2718;2729;2733;2736;2739;2742;2746;2755;2756;2758;2761;2763;2769;2773;2774;2776;2779;2786;2797;2799;2800;2803;2815;2817;2818;2819;2824;2826;2828;2829;2831;2833;2846;2849;2850;2851;2857;2860;2862;2866;2874;2879;2885;2887;2888;2890;2894;2895;2896;2902;2907;2908;2912;2915;2916;2920;2921;2923;2924;2927;2931;2934;2949;2955;2957;2958;2963;2974;2979;2991;3004;3009;3012;3020;3021;3022;3027;3029;3031;3035;3044;3049;3056;3059;3062;3066;3074;3077;3080;3082;3084;3086;3087;3091;3092;3093;3096;3099;3100;3116;3117;3126;3128;3131;3132;3142;3151;3152;3153;3155;3161;3162;3171;3174;3178;3182;3184;3188;3190;3192;3195;3200;3208;3209;3214;3224;3231;3234;3241;3244;3248;3249;3257;3259;3261;3265;3266;3268;3269;3278;3293;3295;3301;3302;3303;3309;3314;3316;3317;3321;3326;3329;3334;3335;3338;3346;3349;3350;3357;3358;3359;3372;3383;3385;3391;3396;3397;3399;3401;3404;3413;3414;3415;3417;3418;3427;3430;3438;3442;3449;3450;3453;3457;3459;3463;3465;3471;3472;3479;3485;3486;3487;3489;3493;3497;3500;3502;3507;3510;3511;3513;3514;3515;3520;3529;3539;3542;3543;3547;3550;3561;3565;3569;3570,159.38174874987453
0.6,Leukemia,25,0.016800376045125364,0.9857142857142858,949,3571,8;11;20;29;31;37;39;41;45;48;51;57;59;62;67;68;69;72;74;75;77;80;81;86;87;88;89;94;96;97;100;102;107;114;116;119;124;127;128;129;135;137;140;141;144;145;149;153;157;159;160;161;163;167;168;170;176;180;181;182;183;191;193;201;205;208;213;215;228;229;233;236;249;251;260;261;262;268;272;279;282;284;289;291;293;294;296;297;300;301;304;305;306;307;311;312;313;314;317;319;320;324;328;332;333;337;339;340;345;349;354;355;357;360;361;363;364;370;371;374;376;379;385;390;400;401;404;409;421;422;425;430;435;438;439;444;454;460;461;463;467;470;473;474;477;479;488;489;495;498;501;502;509;522;528;533;536;542;548;550;557;561;565;566;569;574;575;577;584;586;587;588;590;592;595;598;600;602;603;609;610;616;623;627;628;634;636;638;640;641;642;644;648;649;654;662;668;672;686;694;697;705;706;707;708;710;715;716;717;722;723;728;730;733;737;738;747;749;750;751;753;754;755;761;762;763;775;776;778;782;788;789;792;795;804;806;816;817;820;824;828;832;833;836;837;839;844;846;858;860;861;862;867;875;883;885;886;887;893;904;913;914;915;916;918;919;921;928;930;931;935;938;941;944;949;954;957;968;974;976;984;987;988;991;994;997;998;999;1002;1006;1009;1010;1013;1014;1020;1025;1026;1027;1028;1038;1044;1046;1048;1049;1050;1053;1062;1065;1067;1068;1081;1083;1084;1086;1087;1089;1096;1099;1101;1103;1104;1105;1108;1109;1111;1118;1122;1128;1131;1133;1138;1142;1144;1145;1150;1153;1156;1158;1160;1164;1174;1177;1181;1183;1192;1193;1204;1206;1214;1219;1222;1223;1224;1230;1233;1234;1236;1239;1242;1244;1247;1248;1250;1258;1259;1262;1263;1264;1268;1270;1280;1281;1282;1285;1292;1297;1309;1313;1328;1340;1343;1347;1350;1351;1352;1353;1355;1365;1368;1369;1370;1373;1380;1383;1384;1385;1386;1390;1392;1397;1398;1400;1404;1405;1407;1410;1412;1413;1417;1419;1420;1426;1427;1432;1434;1435;1441;1444;1448;1449;1451;1470;1479;1483;1490;1494;1496;1507;1512;1515;1518;1525;1533;1538;1544;1550;1551;1556;1563;1568;1575;1584;1585;1592;1593;1594;1600;1616;1621;1622;1628;1631;1632;1638;1641;1654;1655;1660;1672;1679;1681;1682;1685;1690;1695;1696;1697;1699;1709;1713;1717;1720;1723;1726;1735;1738;1743;1747;1748;1752;1758;1761;1766;1767;1768;1771;1778;1779;1781;1784;1786;1794;1795;1802;1806;1808;1811;1812;1813;1819;1822;1824;1827;1829;1830;1834;1836;1839;1840;1841;1843;1846;1847;1859;1862;1868;1869;1872;1874;1875;1877;1885;1888;1890;1891;1896;1903;1908;1912;1917;1918;1919;1920;1927;1938;1941;1947;1949;1951;1957;1959;1962;1964;1967;1970;1971;1974;1975;1978;1985;1987;1992;1994;1998;2002;2004;2009;2017;2022;2023;2036;2041;2051;2053;2058;2059;2063;2064;2070;2072;2078;2086;2089;2090;2106;2107;2108;2110;2111;2115;2117;2118;2120;2123;2126;2138;2140;2141;2144;2158;2167;2168;2172;2178;2180;2193;2194;2196;2201;2204;2219;2220;2225;2226;2228;2229;2230;2231;2237;2238;2240;2259;2261;2268;2281;2283;2290;2292;2298;2300;2301;2303;2307;2308;2310;2314;2315;2318;2323;2328;2340;2344;2345;2354;2355;2356;2373;2377;2379;2381;2382;2387;2390;2392;2394;2403;2404;2406;2408;2415;2421;2423;2424;2427;2432;2442;2450;2452;2454;2458;2465;2469;2473;2474;2475;2477;2486;2491;2492;2494;2498;2504;2505;2510;2514;2515;2521;2523;2530;2533;2538;2539;2542;2543;2547;2550;2552;2557;2561;2562;2564;2566;2570;2574;2577;2578;2579;2580;2583;2584;2586;2587;2590;2595;2598;2605;2607;2609;2611;2612;2614;2616;2623;2627;2630;2632;2633;2639;2640;2645;2648;2653;2654;2655;2662;2664;2666;2670;2675;2684;2686;2687;2691;2695;2696;2698;2700;2710;2714;2720;2732;2735;2737;2742;2745;2749;2750;2759;2761;2763;2765;2770;2772;2773;2777;2786;2799;2801;2805;2809;2810;2814;2817;2823;2828;2831;2845;2847;2849;2852;2854;2860;2863;2868;2876;2879;2887;2888;2892;2893;2899;2900;2910;2928;2930;2933;2934;2939;2947;2949;2954;2958;2960;2962;2968;2974;2975;2977;2978;2980;2982;2983;2986;2990;2992;2993;2997;2999;3000;3005;3006;3010;3014;3019;3020;3026;3027;3036;3038;3041;3051;3062;3065;3066;3072;3080;3084;3085;3088;3091;3093;3095;3099;3107;3112;3113;3116;3120;3123;3124;3130;3134;3136;3141;3144;3151;3154;3162;3171;3172;3187;3188;3189;3200;3205;3207;3214;3215;3216;3220;3228;3230;3233;3239;3240;3243;3247;3249;3251;3254;3263;3265;3266;3267;3273;3275;3282;3286;3287;3289;3293;3296;3298;3303;3309;3313;3314;3331;3339;3341;3342;3350;3351;3364;3367;3377;3378;3380;3382;3383;3387;3394;3401;3405;3406;3410;3411;3414;3416;3418;3424;3429;3434;3444;3445;3450;3453;3455;3458;3461;3465;3466;3469;3474;3476;3479;3489;3492;3494;3495;3496;3501;3503;3507;3510;3512;3522;3536;3541;3544;3549;3550;3551;3554;3557;3558;3561;3563;3566,156.66064583323896
0.6,Leukemia,26,0.016685562267472046,0.9857142857142858,908,3571,1;5;7;13;15;18;28;29;31;32;49;52;53;55;56;61;64;70;73;74;83;84;91;94;98;103;108;111;124;128;129;131;135;143;149;154;156;159;160;162;165;171;173;188;193;196;197;198;199;207;209;211;213;216;226;227;230;242;245;249;263;264;268;273;274;281;285;287;288;290;297;302;305;308;310;313;321;324;329;332;333;336;343;348;351;354;359;363;366;367;368;369;371;372;374;391;392;395;404;411;414;418;424;425;427;429;431;432;435;437;439;441;446;447;448;450;451;452;457;459;463;464;467;480;485;486;489;491;502;503;519;521;522;529;531;536;537;539;540;543;546;548;550;554;562;571;577;578;585;593;594;597;604;605;607;608;622;629;634;639;640;641;644;645;656;661;664;665;669;674;676;680;681;692;693;702;704;705;706;709;711;721;728;732;735;744;745;748;750;754;763;766;772;775;778;779;780;782;787;796;797;801;804;807;808;816;817;819;823;825;826;827;829;832;833;836;848;850;853;860;862;867;873;874;878;880;888;893;901;902;904;905;912;915;916;918;924;926;927;931;940;951;953;961;963;964;965;969;971;976;978;980;983;987;992;993;994;998;1000;1003;1006;1013;1015;1016;1027;1028;1033;1039;1043;1048;1049;1053;1058;1060;1061;1062;1063;1064;1071;1072;1076;1077;1080;1083;1086;1089;1095;1097;1100;1104;1108;1109;1113;1126;1127;1131;1141;1149;1150;1152;1154;1155;1158;1161;1165;1173;1179;1181;1182;1188;1189;1195;1197;1198;1199;1204;1208;1213;1220;1222;1224;1225;1226;1232;1249;1251;1254;1263;1264;1266;1271;1274;1278;1285;1288;1302;1303;1305;1306;1307;1314;1318;1321;1330;1331;1339;1340;1342;1343;1346;1362;1365;1367;1370;1373;1381;1398;1402;1404;1408;1411;1415;1419;1422;1426;1428;1437;1445;1448;1453;1454;1461;1462;1465;1472;1473;1474;1480;1489;1493;1494;1495;1499;1500;1508;1511;1516;1519;1520;1524;1527;1528;1534;1537;1539;1540;1558;1561;1563;1566;1567;1575;1576;1578;1580;1587;1592;1596;1598;1602;1603;1607;1618;1619;1621;1624;1625;1629;1632;1641;1643;1649;1650;1653;1656;1657;1659;1664;1665;1667;1673;1674;1676;1678;1683;1685;1688;1689;1691;1692;1693;1699;1708;1710;1712;1714;1719;1724;1728;1730;1731;1737;1738;1741;1742;1748;1756;1758;1764;1765;1766;1772;1774;1788;1791;1793;1814;1820;1821;1822;1828;1829;1840;1842;1845;1850;1855;1857;1860;1878;1883;1884;1890;1894;1901;1904;1905;1917;1919;1922;1929;1938;1940;1941;1942;1947;1948;1949;1952;1957;1958;1959;1960;1963;1973;1974;1983;1984;1987;1989;1996;2005;2006;2013;2017;2019;2022;2023;2024;2028;2029;2048;2049;2051;2061;2062;2063;2066;2076;2077;2078;2080;2083;2090;2091;2093;2098;2105;2111;2113;2121;2122;2135;2136;2139;2144;2145;2146;2148;2154;2156;2170;2172;2174;2176;2179;2185;2186;2187;2194;2195;2198;2209;2210;2213;2215;2218;2219;2221;2225;2228;2230;2231;2232;2234;2235;2236;2239;2250;2265;2268;2275;2284;2285;2288;2292;2296;2298;2299;2308;2310;2313;2318;2323;2324;2325;2327;2328;2333;2334;2335;2360;2366;2367;2369;2371;2372;2373;2376;2378;2379;2380;2384;2385;2389;2394;2395;2401;2403;2405;2413;2414;2416;2418;2422;2427;2429;2433;2444;2445;2448;2459;2461;2469;2470;2474;2479;2480;2485;2488;2492;2493;2494;2499;2500;2504;2505;2506;2507;2511;2518;2519;2528;2536;2538;2540;2541;2544;2545;2546;2552;2555;2556;2557;2576;2579;2582;2586;2587;2592;2597;2598;2599;2602;2603;2604;2607;2611;2614;2615;2626;2630;2631;2634;2639;2646;2648;2654;2657;2665;2671;2679;2681;2682;2687;2692;2698;2699;2703;2710;2715;2721;2726;2728;2730;2731;2735;2741;2743;2744;2748;2750;2754;2757;2760;2767;2775;2776;2778;2779;2781;2785;2789;2791;2797;2798;2801;2803;2804;2806;2809;2813;2814;2815;2817;2818;2820;2825;2827;2829;2837;2865;2868;2871;2882;2887;2888;2891;2894;2895;2896;2904;2905;2908;2911;2920;2929;2930;2933;2937;2939;2945;2949;2950;2951;2955;2962;2963;2973;2978;2979;2987;2993;2995;2996;3000;3009;3012;3014;3016;3017;3041;3044;3054;3070;3074;3075;3076;3080;3083;3089;3102;3107;3112;3115;3120;3127;3128;3141;3151;3152;3153;3156;3159;3166;3169;3172;3174;3176;3185;3188;3192;3201;3202;3205;3206;3208;3209;3213;3215;3217;3220;3228;3230;3240;3242;3249;3261;3262;3265;3280;3281;3289;3293;3295;3297;3302;3306;3307;3309;3312;3314;3319;3325;3330;3333;3336;3340;3348;3354;3356;3366;3369;3373;3375;3376;3381;3385;3389;3390;3392;3394;3396;3397;3398;3399;3400;3401;3407;3411;3412;3416;3418;3424;3428;3440;3441;3454;3455;3457;3458;3463;3464;3466;3473;3475;3478;3482;3486;3487;3488;3489;3491;3492;3496;3502;3503;3510;3514;3519;3520;3538;3549;3557;3558;3559;3565;3569,150.0830447920598
0.6,Leukemia,27,0.016719166299955943,0.9857142857142858,920,3571,5;9;14;16;23;25;31;33;34;36;38;39;40;42;43;44;46;49;50;51;54;55;61;62;67;69;72;75;77;79;84;86;91;93;106;108;109;117;130;131;133;140;141;142;143;144;149;158;166;169;172;178;182;194;196;200;204;205;210;211;212;217;218;220;224;229;233;240;242;243;249;251;254;256;258;264;268;271;274;279;280;284;289;293;295;299;301;303;306;307;309;313;317;320;324;328;330;338;341;343;356;357;359;361;364;368;375;376;379;390;400;403;406;408;410;417;419;424;425;426;427;429;433;435;444;445;448;450;454;455;462;467;480;486;489;490;499;509;511;514;515;518;519;528;534;535;538;543;548;559;568;569;572;579;581;582;583;596;597;603;606;614;615;621;626;633;637;639;656;658;666;669;683;687;698;700;701;703;707;711;714;737;738;752;754;759;760;761;762;774;785;788;791;797;801;804;808;814;818;822;833;834;840;841;842;846;848;849;850;861;865;866;868;869;874;876;877;880;883;884;887;892;894;910;912;914;920;925;928;929;930;937;938;939;941;946;947;951;953;955;957;959;971;972;973;975;978;981;985;997;1011;1013;1018;1019;1022;1026;1027;1034;1038;1043;1044;1053;1057;1059;1060;1065;1067;1069;1078;1088;1091;1097;1103;1108;1112;1114;1120;1124;1125;1126;1130;1131;1132;1133;1135;1136;1139;1141;1142;1145;1147;1156;1166;1167;1169;1171;1175;1176;1180;1182;1184;1185;1191;1201;1202;1206;1213;1216;1218;1221;1223;1231;1233;1237;1238;1247;1251;1253;1254;1256;1260;1266;1269;1270;1271;1272;1275;1281;1282;1286;1288;1290;1301;1305;1311;1314;1315;1318;1323;1328;1330;1334;1335;1340;1345;1348;1356;1359;1360;1363;1370;1379;1381;1385;1389;1396;1401;1402;1406;1407;1410;1423;1426;1429;1431;1432;1437;1440;1442;1456;1458;1461;1464;1465;1469;1471;1485;1487;1489;1492;1495;1496;1500;1504;1510;1512;1515;1520;1532;1534;1539;1542;1547;1552;1553;1561;1565;1573;1574;1575;1577;1579;1586;1591;1598;1606;1614;1615;1619;1622;1635;1638;1645;1647;1652;1653;1661;1662;1668;1669;1671;1679;1684;1685;1687;1689;1691;1692;1695;1698;1701;1704;1705;1712;1716;1717;1721;1722;1723;1730;1738;1740;1742;1748;1750;1756;1757;1761;1765;1766;1782;1783;1788;1789;1791;1795;1802;1804;1805;1813;1814;1818;1820;1827;1828;1831;1839;1843;1844;1846;1855;1857;1861;1868;1876;1882;1891;1893;1894;1898;1909;1915;1919;1923;1924;1925;1928;1932;1935;1938;1948;1952;1954;1957;1960;1967;1968;1974;1976;1980;1981;1982;1984;1987;1988;1992;1995;1996;2004;2015;2020;2021;2022;2025;2029;2035;2039;2041;2043;2045;2051;2053;2055;2064;2065;2069;2070;2076;2080;2081;2089;2092;2099;2100;2108;2124;2129;2130;2131;2132;2133;2149;2155;2156;2158;2170;2171;2177;2180;2181;2183;2185;2187;2196;2197;2202;2205;2206;2208;2210;2217;2219;2221;2226;2229;2230;2232;2247;2248;2255;2257;2258;2259;2260;2263;2264;2265;2271;2273;2279;2281;2283;2286;2290;2296;2301;2303;2304;2309;2311;2312;2315;2321;2328;2331;2335;2338;2339;2347;2348;2352;2353;2362;2364;2368;2375;2378;2382;2383;2384;2392;2393;2399;2409;2410;2413;2422;2424;2425;2433;2437;2450;2451;2455;2456;2464;2466;2468;2471;2476;2480;2485;2489;2492;2508;2513;2516;2519;2524;2527;2532;2547;2554;2562;2568;2578;2581;2586;2589;2591;2592;2593;2595;2600;2602;2603;2604;2608;2609;2612;2613;2615;2617;2620;2630;2638;2639;2642;2647;2653;2654;2656;2660;2668;2669;2672;2680;2683;2686;2690;2692;2693;2696;2698;2699;2700;2702;2703;2712;2713;2717;2718;2737;2738;2741;2743;2746;2747;2751;2754;2755;2760;2761;2772;2773;2779;2782;2783;2789;2790;2791;2797;2804;2808;2813;2818;2822;2825;2826;2827;2829;2837;2839;2841;2843;2855;2858;2859;2861;2865;2875;2876;2882;2884;2886;2889;2893;2896;2898;2907;2908;2910;2912;2914;2915;2916;2917;2922;2925;2927;2928;2932;2935;2939;2941;2944;2945;2946;2947;2948;2952;2957;2959;2962;2964;2966;2969;2985;2986;2987;2997;3001;3003;3011;3020;3022;3023;3024;3026;3030;3032;3036;3043;3045;3056;3059;3061;3064;3071;3073;3084;3085;3086;3088;3092;3093;3095;3101;3106;3107;3110;3111;3113;3115;3119;3121;3126;3132;3133;3134;3141;3142;3143;3145;3146;3149;3155;3157;3160;3161;3162;3164;3176;3178;3179;3181;3186;3188;3190;3194;3202;3203;3204;3210;3214;3220;3222;3224;3225;3226;3227;3230;3239;3243;3254;3256;3259;3261;3268;3270;3273;3279;3283;3289;3291;3299;3308;3313;3314;3315;3316;3317;3321;3331;3333;3335;3339;3346;3347;3349;3352;3358;3361;3362;3363;3364;3369;3370;3375;3380;3381;3384;3388;3393;3395;3396;3397;3403;3408;3410;3413;3415;3426;3431;3437;3445;3449;3451;3456;3458;3461;3468;3473;3475;3488;3489;3505;3510;3514;3523;3535;3539;3548;3549;3553;3558;3565;3567;3568;3569,147.20387299964204
0.6,Leukemia,28,0.016719166299955943,0.9857142857142858,920,3571,4;6;16;23;29;42;51;54;56;64;68;71;73;76;79;80;82;86;89;94;95;99;101;107;108;109;110;112;115;122;123;126;127;131;135;137;144;149;150;153;156;157;162;172;174;184;193;196;200;201;204;208;213;214;216;217;218;221;222;223;227;229;231;234;236;238;242;245;251;252;254;256;257;258;259;272;274;275;278;280;281;288;294;298;302;307;308;310;311;313;317;318;319;320;328;333;334;349;350;355;356;359;366;368;369;372;374;376;378;380;382;385;389;394;396;403;409;410;411;415;417;420;425;427;430;435;442;448;449;455;460;462;464;466;471;475;476;482;484;494;498;505;507;508;517;523;524;525;529;530;532;533;538;539;542;549;551;557;558;565;569;572;580;582;594;595;598;602;606;607;616;622;631;632;635;637;643;647;648;651;655;657;659;661;671;677;680;682;683;684;689;695;698;707;714;718;720;721;722;730;747;748;749;750;758;765;768;769;772;775;777;782;786;789;802;803;804;805;812;818;825;826;827;835;836;840;846;849;856;859;861;863;868;873;874;882;887;889;894;899;921;926;927;938;940;941;944;946;955;957;958;960;965;966;979;992;996;997;999;1000;1005;1008;1012;1015;1019;1020;1021;1022;1027;1029;1033;1038;1041;1042;1048;1049;1053;1068;1071;1074;1078;1080;1081;1084;1087;1092;1093;1102;1103;1105;1108;1109;1113;1116;1118;1121;1126;1130;1132;1134;1137;1141;1144;1145;1148;1150;1152;1153;1160;1167;1172;1177;1179;1182;1183;1194;1199;1200;1206;1211;1213;1214;1217;1218;1223;1224;1225;1226;1229;1231;1237;1250;1253;1255;1256;1257;1259;1260;1261;1262;1264;1269;1271;1274;1280;1282;1292;1296;1305;1307;1314;1315;1320;1329;1330;1331;1334;1344;1349;1351;1353;1354;1359;1361;1362;1367;1368;1370;1377;1378;1380;1382;1387;1390;1392;1393;1394;1400;1402;1406;1408;1409;1424;1427;1429;1433;1436;1438;1439;1450;1451;1452;1453;1455;1461;1462;1464;1465;1466;1467;1471;1473;1474;1477;1478;1480;1481;1488;1490;1496;1498;1500;1525;1531;1539;1540;1543;1545;1555;1562;1578;1580;1581;1582;1585;1586;1591;1596;1597;1600;1605;1611;1615;1617;1619;1621;1624;1625;1626;1630;1631;1638;1645;1649;1651;1656;1658;1659;1660;1662;1664;1680;1681;1684;1690;1691;1692;1696;1701;1704;1705;1711;1717;1732;1733;1734;1742;1748;1752;1756;1757;1758;1759;1762;1765;1769;1771;1772;1777;1791;1793;1794;1796;1798;1809;1811;1820;1821;1824;1832;1834;1836;1839;1842;1848;1849;1851;1853;1857;1859;1867;1868;1872;1875;1876;1879;1880;1881;1888;1891;1892;1895;1897;1912;1914;1918;1919;1921;1925;1927;1931;1938;1956;1969;1978;1979;1983;1985;1986;1995;1997;1998;2001;2003;2009;2011;2012;2015;2019;2020;2021;2027;2028;2029;2031;2036;2038;2047;2056;2059;2061;2064;2066;2067;2068;2080;2086;2092;2098;2099;2104;2107;2110;2117;2124;2125;2135;2137;2145;2160;2163;2164;2166;2168;2171;2177;2180;2183;2187;2194;2195;2197;2203;2205;2209;2210;2211;2214;2219;2220;2223;2224;2228;2230;2234;2239;2246;2248;2250;2251;2259;2261;2267;2269;2275;2282;2283;2288;2291;2295;2297;2298;2300;2307;2308;2312;2314;2323;2326;2330;2331;2334;2335;2337;2339;2342;2344;2345;2349;2353;2355;2357;2359;2361;2364;2376;2388;2391;2405;2409;2417;2419;2422;2425;2430;2431;2432;2440;2441;2443;2446;2448;2451;2452;2454;2458;2461;2462;2463;2465;2467;2472;2476;2477;2478;2480;2484;2486;2488;2492;2494;2506;2508;2510;2516;2517;2521;2523;2546;2549;2556;2571;2589;2593;2611;2613;2614;2615;2623;2641;2642;2643;2644;2647;2648;2656;2661;2684;2686;2690;2697;2701;2702;2706;2707;2709;2716;2719;2722;2724;2726;2731;2732;2734;2736;2745;2749;2751;2752;2754;2763;2768;2772;2775;2781;2783;2784;2787;2792;2793;2796;2801;2802;2805;2813;2814;2816;2822;2825;2831;2841;2842;2844;2845;2848;2854;2855;2865;2867;2869;2871;2872;2874;2878;2879;2880;2883;2887;2888;2892;2893;2895;2898;2902;2903;2909;2914;2916;2922;2928;2929;2932;2945;2952;2957;2960;2974;2978;2981;2982;2983;2992;2995;2996;2998;2999;3008;3011;3018;3026;3030;3031;3032;3044;3055;3061;3066;3070;3071;3072;3073;3086;3094;3095;3100;3104;3106;3109;3111;3113;3120;3125;3128;3130;3144;3147;3148;3150;3154;3155;3159;3161;3162;3164;3166;3170;3175;3177;3179;3180;3183;3188;3190;3195;3197;3198;3205;3206;3213;3217;3219;3221;3229;3233;3239;3247;3249;3253;3258;3271;3272;3273;3274;3278;3288;3289;3291;3297;3308;3311;3316;3318;3319;3320;3321;3322;3324;3326;3336;3355;3363;3364;3370;3372;3375;3387;3396;3408;3410;3414;3418;3420;3421;3422;3427;3428;3433;3439;3444;3454;3458;3459;3460;3466;3478;3481;3483;3490;3491;3495;3499;3500;3501;3504;3505;3506;3509;3513;3521;3524;3527;3530;3533;3537;3543;3546;3558;3562;3565;3568,109.46348145790398
0.6,Leukemia,29,0.016735968316197895,0.9857142857142858,926,3571,0;1;10;17;19;20;21;23;34;35;38;43;47;52;53;57;64;67;69;71;78;79;81;82;84;90;91;96;100;102;105;115;117;118;119;121;124;126;131;132;135;137;138;139;143;147;153;154;163;177;178;179;182;183;191;206;208;215;216;217;218;219;224;228;229;232;235;239;241;242;245;254;257;266;272;274;276;288;289;290;295;296;298;306;307;310;311;312;313;321;325;326;329;331;333;339;344;345;350;360;370;375;377;383;387;388;389;390;398;402;404;409;410;412;414;417;419;435;440;444;445;447;463;469;478;479;483;485;497;499;505;506;507;509;511;514;515;516;521;522;538;543;544;545;548;549;552;553;557;560;561;562;563;564;565;576;582;583;586;590;592;593;596;597;599;604;607;610;612;613;619;620;621;622;629;634;649;651;653;655;658;659;666;667;674;676;681;685;694;703;708;715;720;724;729;731;733;740;751;768;772;783;793;794;802;810;811;812;820;824;831;836;839;841;847;850;854;858;859;862;864;867;871;874;875;878;880;882;887;889;892;898;903;904;917;932;934;938;940;943;945;953;954;955;962;963;964;967;973;977;984;991;995;998;1000;1004;1005;1007;1008;1014;1015;1017;1018;1025;1029;1035;1037;1042;1043;1045;1048;1054;1055;1064;1065;1071;1076;1077;1082;1083;1090;1091;1093;1094;1095;1096;1097;1099;1111;1113;1118;1119;1122;1126;1128;1129;1134;1139;1141;1144;1145;1148;1152;1153;1154;1159;1169;1171;1172;1173;1174;1176;1179;1180;1184;1188;1190;1191;1193;1201;1205;1212;1214;1215;1218;1220;1224;1229;1230;1236;1238;1242;1247;1259;1262;1264;1267;1268;1273;1274;1275;1286;1288;1291;1292;1294;1295;1296;1299;1303;1305;1306;1309;1315;1316;1319;1326;1329;1330;1335;1337;1339;1347;1351;1355;1356;1359;1361;1363;1370;1374;1375;1384;1388;1389;1391;1394;1396;1398;1413;1420;1424;1426;1437;1439;1441;1445;1447;1453;1456;1457;1462;1465;1469;1482;1485;1486;1491;1495;1496;1500;1508;1511;1522;1523;1524;1530;1538;1541;1554;1561;1568;1570;1573;1576;1578;1586;1587;1592;1594;1595;1610;1622;1626;1632;1635;1637;1640;1651;1654;1679;1680;1683;1686;1689;1695;1705;1709;1711;1714;1715;1717;1719;1722;1723;1726;1730;1733;1740;1742;1746;1748;1750;1753;1755;1756;1760;1761;1770;1771;1778;1782;1787;1798;1800;1801;1804;1818;1828;1830;1831;1834;1835;1836;1838;1841;1845;1848;1850;1855;1861;1863;1864;1867;1868;1874;1881;1883;1884;1887;1889;1894;1899;1904;1907;1911;1912;1913;1915;1918;1927;1930;1938;1945;1947;1952;1953;1962;1965;1973;1974;1975;1976;1979;1982;1989;1991;1992;1994;1998;2000;2002;2005;2009;2010;2019;2026;2027;2033;2036;2038;2044;2046;2047;2050;2055;2056;2058;2071;2072;2073;2076;2079;2080;2084;2095;2099;2106;2107;2108;2110;2117;2118;2121;2133;2134;2135;2143;2144;2151;2152;2158;2160;2161;2167;2170;2173;2174;2178;2179;2180;2182;2184;2187;2193;2194;2196;2211;2214;2216;2219;2223;2230;2231;2242;2245;2262;2264;2265;2266;2271;2276;2279;2284;2285;2288;2291;2294;2295;2296;2307;2311;2314;2315;2320;2322;2324;2325;2338;2341;2343;2346;2348;2349;2352;2356;2357;2358;2361;2369;2371;2372;2373;2375;2377;2380;2382;2384;2386;2390;2391;2392;2394;2396;2400;2402;2409;2411;2412;2413;2418;2421;2423;2424;2436;2442;2450;2456;2460;2462;2465;2469;2471;2481;2483;2487;2488;2489;2490;2496;2498;2501;2502;2503;2505;2508;2510;2526;2530;2532;2535;2540;2559;2563;2565;2569;2574;2576;2582;2583;2589;2592;2596;2603;2605;2606;2607;2614;2616;2621;2622;2623;2631;2633;2640;2645;2648;2649;2651;2652;2653;2663;2667;2668;2674;2678;2681;2682;2684;2685;2690;2692;2697;2704;2713;2714;2715;2716;2717;2723;2733;2734;2735;2739;2740;2741;2752;2757;2760;2765;2767;2770;2772;2773;2785;2789;2792;2793;2794;2795;2797;2804;2809;2817;2822;2831;2832;2835;2837;2840;2841;2850;2856;2865;2869;2874;2877;2878;2879;2888;2889;2897;2908;2909;2910;2916;2922;2928;2930;2938;2942;2944;2951;2963;2975;2982;2985;2989;2991;2997;3000;3002;3005;3007;3008;3013;3021;3022;3024;3026;3028;3033;3036;3039;3040;3042;3044;3054;3063;3069;3071;3073;3082;3083;3084;3085;3088;3096;3105;3109;3113;3114;3121;3125;3128;3129;3130;3132;3147;3148;3152;3166;3168;3169;3174;3181;3190;3191;3194;3199;3207;3211;3213;3217;3218;3229;3231;3238;3243;3245;3253;3260;3263;3265;3268;3272;3274;3275;3284;3290;3292;3293;3294;3296;3299;3307;3308;3314;3319;3320;3321;3323;3324;3326;3332;3339;3344;3345;3347;3349;3355;3365;3374;3380;3387;3389;3392;3403;3404;3405;3406;3409;3416;3417;3419;3421;3426;3428;3434;3436;3438;3440;3444;3454;3457;3458;3463;3464;3467;3468;3471;3477;3479;3480;3481;3486;3490;3498;3500;3503;3509;3520;3529;3535;3537;3538;3541;3547;3553;3554;3555;3556;3559;3563;3569;3570,99.41015562508255
