config,dataset,run_id,fitness,accuracy,n_selected_features,n_total_features,runtime_seconds
bPSO-TVT,BreastEW,5,0.032323457850293426,0.9707170459424646,3,9,369.67548774997704
bPSO-TVT,BreastEW,6,0.029454200658365494,0.9736152855302705,3,9,371.6484421659261
bPSO-TVT,BreastEW,0,0.028764658174705374,0.9765564620008588,5,9,376.8198702498339
bPSO-TVT,BreastEW,4,0.030178033013692027,0.975128810648347,5,9,376.89536375016905
bPSO-TVT,BreastEW,2,0.031331651638757764,0.9750858737655645,6,9,380.6048192088492
bPSO-TVT,BreastEW,3,0.030565311769476605,0.9736152855302705,4,9,380.6933651671279
bPSO-TVT,BreastEW,1,0.03312167835504031,0.972155431515672,5,9,384.8207534160465
bPSO-TVT,BreastEW,7,0.029520371165497848,0.9780377844568484,7,9,388.90378745784983
bPSO-TVT,BreastEW,9,0.030199286770669284,0.9751073422069558,5,9,378.46674129203893
bPSO-TVT,BreastEW,8,0.030533431134010882,0.9736474881923571,4,9,387.4888258341234
bPSO-TVT,BreastEW,10,0.03087820237584083,0.9721768999570631,3,9,384.39110004203394
bPSO-TVT,BreastEW,11,0.031602034731167364,0.9736904250751396,5,9,388.1406586249359
bPSO-TVT,BreastEW,12,0.028008945183912896,0.9750751395448691,3,9,385.1142040831037
bPSO-TVT,BreastEW,15,0.030888829254329404,0.9721661657363676,3,9,382.1295739170164
bPSO-TVT,BreastEW,14,0.031633915366633306,0.9736582224130528,5,9,388.548439625185
bPSO-TVT,BreastEW,13,0.03128914412480314,0.975128810648347,6,9,394.259876540862
bPSO-TVT,BreastEW,16,0.03164454224512199,0.9736474881923571,5,9,398.78603424993344
bPSO-TVT,BreastEW,17,0.029886396164305058,0.9765457277801632,6,9,401.00064129102975
bPSO-TVT,BreastEW,18,0.03053343113401066,0.9736474881923574,4,9,397.5405703340657
bPSO-TVT,BreastEW,19,0.030220540527646653,0.9750858737655645,5,9,398.894968040986
bPSO-TVT,BreastEW,21,0.03018865989218071,0.9751180764276514,5,9,397.37799941701815
bPSO-TVT,BreastEW,20,0.03166579600209903,0.9736260197509662,5,9,403.57768879202195
bPSO-TVT,BreastEW,22,0.030856948618863574,0.9721983683984543,3,9,404.48420800012536
bPSO-TVT,BreastEW,23,0.02954162492247511,0.9780163160154572,7,9,406.3033030000515
bPSO-TVT,BreastEW,24,0.032421508992891396,0.9751073422069559,7,9,390.51549179200083
bPSO-TVT,BreastEW,26,0.03164454224512199,0.9736474881923571,5,9,381.18827983294614
bPSO-TVT,BreastEW,25,0.03015677925671477,0.9751502790897382,5,9,385.26356195798144
bPSO-TVT,BreastEW,28,0.03227032345785023,0.9707707170459425,3,9,383.8080793749541
bPSO-TVT,BreastEW,29,0.0320105672439292,0.972155431515672,4,9,383.48321362491697
bPSO-TVT,BreastEW,27,0.0327981608701874,0.973604551309575,6,9,389.3001972499769
bPSO-TVT,ColonCancer,0,0.13311153846153853,0.8692307692307691,730,2000,447.5058714170009
bPSO-TVT,ColonCancer,1,0.14839730769230774,0.8538461538461538,741,2000,445.47776725003496
bPSO-TVT,ColonCancer,3,0.1456638461538462,0.8564102564102564,702,2000,444.7439903328195
bPSO-TVT,ColonCancer,2,0.08495076923076927,0.9179487179487179,744,2000,447.62859675008804
bPSO-TVT,ColonCancer,4,0.10007653846153844,0.9025641025641026,723,2000,444.43823779188097
bPSO-TVT,ColonCancer,6,0.13198730769230776,0.8705128205128204,759,2000,444.260748000117
bPSO-TVT,ColonCancer,5,0.16227384615384616,0.8397435897435898,724,2000,446.00628924998455
bPSO-TVT,ColonCancer,7,0.09629384615384616,0.9064102564102564,728,2000,445.4949496660847
bPSO-TVT,ColonCancer,8,0.1305630769230768,0.8717948717948719,728,2000,443.98633120791055
bPSO-TVT,ColonCancer,9,0.1305630769230768,0.8717948717948719,728,2000,443.38767437497154
bPSO-TVT,ColonCancer,10,0.10134576923076921,0.9012820512820513,723,2000,437.42479262501
bPSO-TVT,ColonCancer,12,0.11663653846153839,0.885897435897436,735,2000,437.9627902498469
bPSO-TVT,ColonCancer,11,0.11391807692307686,0.8884615384615385,699,2000,438.8804442498367
bPSO-TVT,ColonCancer,13,0.14710307692307695,0.8551282051282051,736,2000,436.1008630839642
bPSO-TVT,ColonCancer,14,0.11146961538461556,0.8910256410256409,717,2000,438.0764070828445
bPSO-TVT,ColonCancer,15,0.11531230769230762,0.8871794871794872,724,2000,438.94872320909053
bPSO-TVT,ColonCancer,17,0.12909384615384625,0.873076923076923,688,2000,435.957837624941
bPSO-TVT,ColonCancer,16,0.14473961538461544,0.8576923076923076,771,2000,436.83175054192543
bPSO-TVT,ColonCancer,18,0.14751807692307695,0.8551282051282051,819,2000,438.0043786249589
bPSO-TVT,ColonCancer,19,0.1636780769230769,0.8384615384615385,751,2000,437.86037100013345
bPSO-TVT,ColonCancer,20,0.14825730769230774,0.8538461538461538,713,2000,440.8510422089603
bPSO-TVT,ColonCancer,21,0.08241730769230775,0.9205128205128205,745,2000,441.49275954207405
bPSO-TVT,ColonCancer,22,0.13054307692307682,0.8717948717948719,724,2000,441.7328651249409
bPSO-TVT,ColonCancer,23,0.16468230769230766,0.8371794871794872,698,2000,442.56925245793536
bPSO-TVT,ColonCancer,25,0.11391807692307686,0.8884615384615385,699,2000,435.13041158299893
bPSO-TVT,ColonCancer,24,0.08522576923076927,0.9179487179487179,799,2000,436.10048908297904
bPSO-TVT,Diabetes,0,0.24989705882352933,0.7538918597742128,5,8,321.1768317921087
bPSO-TVT,Diabetes,1,0.24352731092436963,0.7603259485612428,5,8,329.3798202499747
bPSO-TVT,ColonCancer,26,0.09900730769230769,0.9038461538461539,763,2000,388.3800027919933
bPSO-TVT,ColonCancer,27,0.11678653846153839,0.885897435897436,765,2000,388.2375049581751
bPSO-TVT,ColonCancer,28,0.14850730769230774,0.8538461538461538,763,2000,388.4574404999148
bPSO-TVT,ColonCancer,29,0.13177730769230778,0.8705128205128204,717,2000,388.22209079097956
bPSO-TVT,Diabetes,2,0.2369411764705883,0.7657159833630421,4,8,349.08076649997383
bPSO-TVT,Diabetes,3,0.24208193277310922,0.7617859264918089,5,8,349.3467553749215
bPSO-TVT,Diabetes,4,0.2396323529411764,0.7617349970291147,3,8,414.1506967919413
bPSO-TVT,Diabetes,5,0.2357836134453782,0.7656226126814362,3,8,414.7556278340053
bPSO-TVT,Diabetes,6,0.25131302521008403,0.7499363381716323,3,8,430.5061529579107
bPSO-TVT,Diabetes,7,0.23440336134453796,0.7682794329853152,4,8,428.0851626659278
bPSO-TVT,Diabetes,8,0.24346848739495797,0.7603853662677192,5,8,437.53140050009824
bPSO-TVT,Diabetes,9,0.24988025210084036,0.7539088362617774,5,8,436.9648880409077
bPSO-TVT,Diabetes,11,0.25133823529411753,0.7499108734402853,3,8,432.53675158298574
bPSO-TVT,Diabetes,10,0.2435462184873949,0.7590442237501062,4,8,435.2373456249479
bPSO-TVT,Diabetes,12,0.24085924369747896,0.7604957134368899,3,8,439.5545174172148
bPSO-TVT,Diabetes,13,0.2395861344537815,0.7643069348951702,5,8,449.8012201669626
bPSO-TVT,Diabetes,15,0.2382773109243697,0.7643663526016468,4,8,447.18435458280146
bPSO-TVT,Diabetes,14,0.2458949579831933,0.7591970121381886,6,8,455.54914395790547
bPSO-TVT,Diabetes,16,0.2511134453781513,0.7539258127493421,6,8,459.8016437080223
bPSO-TVT,Diabetes,17,0.24085504201680677,0.7630252100840336,5,8,457.0540517081972
bPSO-TVT,Diabetes,19,0.2396827731092437,0.7616840675664205,3,8,444.74891158309765
bPSO-TVT,Diabetes,18,0.252468487394958,0.7512944571768101,5,8,462.99258516705595
bPSO-TVT,Diabetes,20,0.2420882352941176,0.7630421865715984,6,8,463.4901105409954
bPSO-TVT,Diabetes,21,0.25238025210084025,0.7539088362617775,7,8,473.51608562492765
bPSO-TVT,Diabetes,23,0.23959453781512607,0.7642984466513878,5,8,450.3031639580149
bPSO-TVT,Diabetes,22,0.24472899159663875,0.7591121297003649,5,8,473.0645058329683
bPSO-TVT,Diabetes,24,0.23185714285714293,0.7708513708513708,4,8,449.3492396250367
bPSO-TVT,Diabetes,25,0.24979201680672275,0.7565232153467447,7,8,464.8797969170846
bPSO-TVT,Diabetes,27,0.24087394957983194,0.761743485272897,4,8,452.25329604092985
bPSO-TVT,Diabetes,26,0.2433907563025211,0.7617265087853322,6,8,469.46081424993463
bPSO-TVT,Diabetes,28,0.2447983193277311,0.7577794754265342,4,8,447.497415458085
bPSO-TVT,Diabetes,29,0.24602941176470583,0.7590612002376709,6,8,461.92281708307564
bPSO-TVT,GermanCredit,0,0.2342,0.77,13,20,639.7823459580541
bPSO-TVT,GermanCredit,2,0.24064,0.764,14,20,646.3711452921852
bPSO-TVT,GermanCredit,5,0.24209999999999998,0.76,9,20,612.3048262498342
bPSO-TVT,GermanCredit,1,0.23271999999999998,0.772,14,20,656.8789255840238
bPSO-TVT,GermanCredit,4,0.23467,0.767,8,20,633.7745435410179
bPSO-TVT,GermanCredit,3,0.23173,0.773,14,20,689.7502329999115
bPSO-TVT,GermanCredit,6,0.23815,0.765,11,20,658.5334267499857
bPSO-TVT,GermanCredit,7,0.2336900000000001,0.7689999999999999,10,20,639.347960291896
bPSO-TVT,GermanCredit,8,0.22379999999999997,0.78,12,20,627.6062587499619
bPSO-TVT,GermanCredit,11,0.23023,0.773,11,20,622.5518424590118
bPSO-TVT,GermanCredit,9,0.22629,0.779,15,20,659.6426021668594
bPSO-TVT,GermanCredit,10,0.2347000000000001,0.7699999999999999,14,20,659.6957549999934
bPSO-TVT,GermanCredit,12,0.2421100000000001,0.7609999999999999,11,20,652.1472942500841
bPSO-TVT,GermanCredit,13,0.2347,0.77,14,20,660.2861599999014
bPSO-TVT,GermanCredit,14,0.22774999999999998,0.775,10,20,634.0262520420365
bPSO-TVT,GermanCredit,15,0.23171999999999998,0.772,12,20,664.5076345829293
bPSO-TVT,GermanCredit,16,0.2351900000000001,0.7689999999999999,13,20,647.0483523749281
bPSO-TVT,GermanCredit,17,0.23715999999999987,0.7660000000000001,11,20,648.7077690840233
bPSO-TVT,GermanCredit,18,0.23567,0.767,10,20,643.0068169580773
bPSO-TVT,GermanCredit,19,0.24015,0.765,15,20,679.7364316668827
bPSO-TVT,GermanCredit,20,0.23915,0.765,13,20,668.0508839581162
bPSO-TVT,GermanCredit,21,0.23518,0.768,11,20,644.1790413330309
bPSO-TVT,GermanCredit,22,0.23220999999999986,0.7710000000000001,11,20,624.668897167081
bPSO-TVT,GermanCredit,23,0.2292300000000001,0.7729999999999999,9,20,616.5453493748792
bPSO-TVT,GermanCredit,24,0.22973,0.773,10,20,600.8534793748986
bPSO-TVT,HeartDisease,0,0.15391225554106902,0.8484180790960453,5,13,244.76051016594283
bPSO-TVT,GermanCredit,25,0.23765999999999998,0.766,12,20,633.7354649170302
bPSO-TVT,GermanCredit,26,0.2332,0.77,11,20,619.0963054168969
bPSO-TVT,HeartDisease,1,0.1493402868318121,0.8553672316384182,8,13,251.54823900014162
bPSO-TVT,GermanCredit,27,0.24061,0.761,8,20,616.5324322909582
bPSO-TVT,GermanCredit,29,0.24159999999999998,0.76,8,20,592.0871736251283
bPSO-TVT,GermanCredit,28,0.23271999999999998,0.772,14,20,638.7266679580789
bPSO-TVT,HeartDisease,2,0.14262842242503268,0.8621468926553671,8,13,245.59968670806848
bPSO-TVT,HeartDisease,3,0.14967588005215132,0.8550282485875705,8,13,246.05878070904873
bPSO-TVT,HeartDisease,4,0.14851512385919174,0.8554237288135592,7,13,244.57263095793314
bPSO-TVT,HeartDisease,5,0.16364511082138206,0.8416949152542372,9,13,245.12164308317006
bPSO-TVT,HeartDisease,6,0.15055632333767915,0.8518079096045199,5,13,244.9113524169661
bPSO-TVT,HeartDisease,7,0.14714445893089956,0.8552542372881357,5,13,247.00066441716626
bPSO-TVT,HeartDisease,8,0.15753468057366374,0.8486440677966101,10,13,247.5218136671465
bPSO-TVT,HeartDisease,9,0.1570444589308997,0.8452542372881355,5,13,241.8152928329073
bPSO-TVT,HeartDisease,10,0.14780247718383305,0.8584745762711865,10,13,245.94622158398852
bPSO-TVT,HeartDisease,11,0.15884941329856592,0.8488700564971751,12,13,245.66453258297406
bPSO-TVT,HeartDisease,12,0.14774654498044323,0.8585310734463277,10,13,246.82236245810054
bPSO-TVT,HeartDisease,13,0.16672138200782266,0.8385875706214689,9,13,243.18997008400038
bPSO-TVT,HeartDisease,14,0.16028852672750982,0.8419774011299435,5,13,243.46954941703007
bPSO-TVT,HeartDisease,15,0.15044445893089953,0.8519209039548024,5,13,246.59937741584145
bPSO-TVT,HeartDisease,16,0.15858357235984347,0.848361581920904,11,13,247.813036916079
bPSO-TVT,HeartDisease,17,0.14615215123859188,0.858587570621469,8,13,245.94900066684932
bPSO-TVT,HeartDisease,18,0.15192698826597134,0.8519774011299435,7,13,251.42633287492208
bPSO-TVT,HeartDisease,19,0.16287588005215128,0.8416949152542372,8,13,250.0814319581259
bPSO-TVT,HeartDisease,20,0.15704511082138212,0.8483615819209038,9,13,251.10766025003977
bPSO-TVT,HeartDisease,21,0.15357666232073014,0.8487570621468926,5,13,251.13256825017743
bPSO-TVT,HeartDisease,22,0.15974367666232075,0.8448587570621469,8,13,255.31323754205368
bPSO-TVT,HeartDisease,23,0.16051225554106918,0.8417514124293785,5,13,252.20815095794387
bPSO-TVT,HeartDisease,24,0.15847105606258158,0.845367231638418,7,13,254.53413787507452
bPSO-TVT,HeartDisease,25,0.1583039113428945,0.8486440677966101,11,13,251.8714429589454
bPSO-TVT,HeartDisease,26,0.16358917861799224,0.8417514124293785,9,13,238.7286155829206
bPSO-TVT,HeartDisease,27,0.14802555410691015,0.855141242937853,6,13,233.11336683412082
bPSO-TVT,HeartDisease,28,0.16953181225554115,0.8349717514124293,8,13,222.25319362501614
bPSO-TVT,HeartDisease,29,0.1501654498044328,0.8553107344632769,9,13,223.6387747079134
bPSO-TVT,IonosphereEW,3,0.07540248550124279,0.9259154929577464,7,34,284.3131217909977
bPSO-TVT,IonosphereEW,2,0.07544232453544805,0.9258752515090543,7,34,314.1166896249633
bPSO-TVT,IonosphereEW,0,0.07591104272694978,0.9259959758551309,9,34,351.3767359170597
bPSO-TVT,IonosphereEW,1,0.08131390697123915,0.920241448692153,8,34,344.10988058289513
bPSO-TVT,IonosphereEW,4,0.08051123209847333,0.9201609657947685,5,34,333.3382450421341
bPSO-TVT,IonosphereEW,7,0.08451627411527997,0.9173038229376257,9,34,299.95793445804156
bPSO-TVT,IonosphereEW,6,0.08359408213989825,0.9173440643863179,6,34,309.6101526671555
bPSO-TVT,IonosphereEW,8,0.07777758314593446,0.9232193158953722,6,34,255.64152608299628
bPSO-TVT,IonosphereEW,5,0.09490145579358515,0.9088933601609657,16,34,413.16883204178885
bPSO-TVT,IonosphereEW,9,0.07803186175878801,0.9232595573440644,7,34,276.64630450005643
bPSO-TVT,IonosphereEW,11,0.07823105692981425,0.9230583501006036,7,34,312.4782195419539
bPSO-TVT,IonosphereEW,10,0.08722532844123551,0.9145674044265595,9,34,367.08962208312005
bPSO-TVT,IonosphereEW,14,0.08072567167712151,0.920241448692153,6,34,270.65469412505627
bPSO-TVT,IonosphereEW,12,0.08109946739259076,0.9201609657947687,7,34,346.6835597921163
bPSO-TVT,IonosphereEW,13,0.07173140016570023,0.928732394366197,4,34,328.60946987499483
bPSO-TVT,IonosphereEW,15,0.08164786365250323,0.9202012072434608,9,34,301.85118266684003
bPSO-TVT,IonosphereEW,16,0.07852517457687284,0.9230583501006038,8,34,313.3621431249194
bPSO-TVT,IonosphereEW,17,0.07265359214108164,0.9286921529175052,7,34,322.11837491602637
bPSO-TVT,IonosphereEW,18,0.07294770978814046,0.9286921529175052,8,34,326.7193627078086
bPSO-TVT,IonosphereEW,19,0.0791134098709905,0.9230583501006038,10,34,339.20975674991496
bPSO-TVT,IonosphereEW,20,0.07532280743283236,0.9259959758551307,7,34,300.7303384169936
bPSO-TVT,IonosphereEW,21,0.06986485974671566,0.9315090543259557,7,34,298.84768491704017
bPSO-TVT,IonosphereEW,24,0.06966566457568932,0.9317102615694166,7,34,282.47693766700104
bPSO-TVT,IonosphereEW,22,0.07607039886377086,0.9258350100603622,9,34,362.8737236659508
bPSO-TVT,IonosphereEW,23,0.07548216356965322,0.9258350100603622,7,34,327.35349633404985
bPSO-TVT,IonosphereEW,25,0.07418617587880222,0.9259557344064386,3,34,292.8180763751734
bPSO-TVT,IonosphereEW,26,0.07565676411409633,0.9259557344064386,8,34,296.14516449999064
bPSO-TVT,IonosphereEW,27,0.07257391407267132,0.9287726358148893,7,34,322.92680516606197
bPSO-TVT,IonosphereEW,28,0.06750500650964615,0.934486921529175,9,34,328.6920828751754
bPSO-TVT,IonosphereEW,29,0.07337658894543737,0.9288531187122736,10,34,330.6118780421093
bPSO-TVT,KrVsKpEW,2,0.04048319919517099,0.9640140845070423,17,35,1716.8489278748166
bPSO-TVT,KrVsKpEW,0,0.04050492328973855,0.9637035406885758,16,35,1756.084420582978
bPSO-TVT,KrVsKpEW,1,0.03893099849094572,0.9655819640062597,17,35,1764.0384116659407
bPSO-TVT,KrVsKpEW,3,0.03799900025150907,0.9665233763693271,17,35,1767.811416250188
bPSO-TVT,KrVsKpEW,4,0.04078773264587515,0.9637064749608765,17,35,1789.1907122919802
bPSO-TVT,KrVsKpEW,5,0.04166902037223346,0.9633934859154929,19,35,1798.9607030840125
bPSO-TVT,KrVsKpEW,6,0.048792391851106606,0.9561981611893584,19,35,1780.5811514998786
bPSO-TVT,KrVsKpEW,7,0.040742831991951736,0.9643290297339593,19,35,1784.75359462481
bPSO-TVT,KrVsKpEW,9,0.04109856011066405,0.9633925078247261,17,35,1805.364780667005
bPSO-TVT,KrVsKpEW,8,0.04295868335010074,0.9615135954616587,17,35,1815.4852940419223
bPSO-TVT,KrVsKpEW,10,0.0392171969315897,0.9655814749608762,18,35,1797.309532500105
bPSO-TVT,KrVsKpEW,11,0.03802605005030188,0.9662074530516431,16,35,1810.4632527921349
bPSO-TVT,KrVsKpEW,12,0.040811877515090494,0.963393485915493,16,35,1800.4976390830707
bPSO-TVT,KrVsKpEW,13,0.039597554074446595,0.9643314749608765,15,35,1770.7097947499715
bPSO-TVT,KrVsKpEW,15,0.042383865694164906,0.9615170187793428,15,35,1726.9664187501185
bPSO-TVT,KrVsKpEW,14,0.038287135311871244,0.96652093114241,18,35,1799.8425457500853
bPSO-TVT,KrVsKpEW,16,0.03854967303822934,0.9668329420970266,20,35,1790.8492070001084
bPSO-TVT,KrVsKpEW,18,0.03985912349094576,0.9646444640062597,17,35,1787.3930646248627
bPSO-TVT,KrVsKpEW,17,0.050628370221327955,0.9546322378716745,20,35,1805.8363653752021
bPSO-TVT,KrVsKpEW,20,0.04706122359154921,0.9565038145539907,14,35,1708.422851667041
bPSO-TVT,KrVsKpEW,19,0.042986701458752476,0.9611966940532082,16,35,1793.1447615420911
bPSO-TVT,KrVsKpEW,23,0.039192083752515094,0.9658954420970266,19,35,1742.3999379170127
bPSO-TVT,KrVsKpEW,21,0.03795409959758543,0.9671459311424101,19,35,1814.1795703750104
bPSO-TVT,KrVsKpEW,22,0.04512721327967799,0.9593231611893585,17,35,1810.2467839580495
bPSO-TVT,Leukemia,0,0.01798491819018277,0.9857142857142858,1372,3571,593.4436691249721
bPSO-TVT,Leukemia,1,0.017934512141456926,0.9857142857142858,1354,3571,589.539034874877
bPSO-TVT,Leukemia,2,0.01776369164299711,0.9857142857142858,1293,3571,585.747456750134
bPSO-TVT,Leukemia,3,0.016955250630075584,0.9866666666666667,1341,3571,583.0495738750324
bPSO-TVT,KrVsKpEW,25,0.037099377515090466,0.967143485915493,16,35,1726.0544860409573
bPSO-TVT,KrVsKpEW,26,0.04017043511066401,0.9643300078247261,17,35,1727.989417457953
bPSO-TVT,KrVsKpEW,24,0.052512638329979766,0.9524403364632239,19,35,1744.7981993330177
bPSO-TVT,KrVsKpEW,28,0.041720215040241385,0.9627645735524257,17,35,1714.4364347499795
bPSO-TVT,KrVsKpEW,27,0.04388777665995992,0.9605751173708919,17,35,1741.1928271669894
bPSO-TVT,KrVsKpEW,29,0.03919014713279689,0.9658973982785601,19,35,1717.1125032498967
bPSO-TVT,Leukemia,4,0.017777693323198732,0.9857142857142858,1298,3571,547.6431225000415
bPSO-TVT,Leukemia,5,0.016809633155978693,0.9866666666666667,1289,3571,543.7540285829455
bPSO-TVT,Leukemia,6,0.016806832819938368,0.9866666666666667,1288,3571,512.4328168749344
bPSO-TVT,Leukemia,7,0.01773568828259386,0.9857142857142858,1283,3571,510.0225047499407
bPSO-TVT,Leukemia,8,0.03097209265111806,0.9723809523809525,1296,3571,512.4349602079019
bPSO-TVT,Leukemia,9,0.017078465415849876,0.9866666666666667,1385,3571,508.68827670789324
bPSO-TVT,Leukemia,10,0.01694684962195461,0.9866666666666667,1338,3571,505.57231099996716
bPSO-TVT,Leukemia,11,0.017872904748569778,0.9857142857142858,1332,3571,498.73948745895177
bPSO-TVT,Leukemia,12,0.017858903068368154,0.9857142857142858,1327,3571,499.58795170788653
bPSO-TVT,Leukemia,13,0.016764827779333497,0.9866666666666667,1273,3571,496.18607474979945
bPSO-TVT,Leukemia,14,0.01801852222266667,0.9857142857142858,1384,3571,506.4508022919763
bPSO-TVT,Leukemia,15,0.01795971516581985,0.9857142857142858,1363,3571,505.64166937512346
bPSO-TVT,Leukemia,16,0.01686563987678519,0.9866666666666667,1309,3571,505.5822428748943
bPSO-TVT,Leukemia,17,0.01779169500340036,0.9857142857142858,1303,3571,504.7920955410227
bPSO-TVT,Leukemia,18,0.017867304076489128,0.9857142857142858,1330,3571,506.9803669170942
bPSO-TVT,Leukemia,19,0.01778889466736003,0.9857142857142858,1302,3571,504.4445563328918
bPSO-TVT,Leukemia,20,0.017830899707964906,0.9857142857142858,1317,3571,507.52190941688605
bPSO-TVT,Leukemia,21,0.01785050206024718,0.9857142857142858,1324,3571,504.6324436250143
bPSO-TVT,Leukemia,22,0.017674080889706713,0.9857142857142858,1261,3571,502.648811833933
bPSO-TVT,Leukemia,23,0.017047661719406304,0.9866666666666667,1374,3571,502.1690430829767
bPSO-TVT,Leukemia,24,0.017766491979037433,0.9857142857142858,1294,3571,502.9666586248204
bPSO-TVT,Leukemia,25,0.017870104412529453,0.9857142857142858,1331,3571,496.8489272079896
bPSO-TVT,Leukemia,26,0.017674080889706713,0.9857142857142858,1261,3571,493.17888691602275
bPSO-TVT,Leukemia,27,0.01786170340440848,0.9857142857142858,1328,3571,485.2626068328973
bPSO-TVT,Lymphography,0,0.11095478927203056,0.8924137931034484,8,18,154.51720633311197
bPSO-TVT,Lymphography,2,0.12438237547892705,0.8788505747126438,8,18,156.0018009999767
bPSO-TVT,Lymphography,1,0.13232107279693495,0.8719540229885057,10,18,164.67506712512113
bPSO-TVT,Leukemia,28,0.01790370844501335,0.9857142857142858,1343,3571,493.4558631670661
bPSO-TVT,Leukemia,29,0.017738488618634186,0.9857142857142858,1284,3571,490.33246962493286
bPSO-TVT,Lymphography,3,0.11428812260536389,0.8924137931034484,14,18,168.89295508386567
bPSO-TVT,Lymphography,4,0.12000459770114934,0.8855172413793104,12,18,171.73029875010252
bPSO-TVT,Lymphography,5,0.1254934865900384,0.8788505747126436,10,18,185.2631614159327
bPSO-TVT,Lymphography,6,0.1120927203065135,0.8912643678160919,8,18,185.49084995803423
bPSO-TVT,Lymphography,7,0.12562068965517229,0.87816091954023,9,18,186.97161837504245
bPSO-TVT,Lymphography,8,0.11811034482758616,0.8857471264367817,9,18,188.26224295818247
bPSO-TVT,Lymphography,9,0.13244827586206898,0.871264367816092,9,18,190.04673824994825
bPSO-TVT,Lymphography,10,0.15313180076628347,0.8514942528735633,11,18,187.3509090419393
bPSO-TVT,Lymphography,11,0.1267318007662834,0.87816091954023,11,18,188.31867683306336
bPSO-TVT,Lymphography,12,0.132776245210728,0.8714942528735632,10,18,190.62241316610016
bPSO-TVT,Lymphography,13,0.12997164750957838,0.8726436781609197,7,18,187.31349020800553
bPSO-TVT,Lymphography,14,0.12448275862068957,0.8793103448275863,9,18,187.97415212495252
bPSO-TVT,Lymphography,15,0.13242145593869736,0.8724137931034482,11,18,187.72163941687904
bPSO-TVT,Lymphography,16,0.13980459770114945,0.8655172413793103,12,18,188.43907108413987
bPSO-TVT,Lymphography,18,0.12415478927203075,0.8790804597701148,8,18,187.41271058283746
bPSO-TVT,Lymphography,17,0.1380375478927203,0.8650574712643678,8,18,189.11670329188928
bPSO-TVT,Lymphography,19,0.12539310344827576,0.8783908045977012,9,18,191.5222985839937
bPSO-TVT,Lymphography,20,0.1371540229885057,0.8648275862068966,6,18,188.89688474987634
bPSO-TVT,Lymphography,22,0.1318659003831418,0.8724137931034482,10,18,186.54129750002176
bPSO-TVT,Lymphography,21,0.11451570881226052,0.892183908045977,14,18,199.27615312486887
bPSO-TVT,Lymphography,23,0.11353180076628343,0.8914942528735633,11,18,187.94671637495048
bPSO-TVT,Lymphography,24,0.11732720306513407,0.8859770114942529,8,18,187.45942966686562
bPSO-TVT,Lymphography,25,0.13846590038314185,0.8657471264367815,10,18,187.51119233318605
bPSO-TVT,Lymphography,26,0.12819770114942525,0.8772413793103448,12,18,188.1206032920163
bPSO-TVT,Lymphography,27,0.14486513409961685,0.8581609195402299,8,18,187.00688233296387
bPSO-TVT,Lymphography,28,0.12078773946360143,0.8852873563218392,13,18,188.9007195418235
bPSO-TVT,Lymphography,29,0.12013180076628358,0.8848275862068965,11,18,187.054291583132
bPSO-TVT,M-of-n,0,0.004615384615384616,1.0,6,13,516.6516374999192
bPSO-TVT,M-of-n,1,0.004615384615384616,1.0,6,13,521.9479180420749
bPSO-TVT,M-of-n,2,0.004615384615384616,1.0,6,13,520.907425167039
bPSO-TVT,M-of-n,3,0.004615384615384616,1.0,6,13,519.5512186251581
bPSO-TVT,M-of-n,4,0.004615384615384616,1.0,6,13,518.7967195829842
bPSO-TVT,M-of-n,5,0.004615384615384616,1.0,6,13,537.684419499943
bPSO-TVT,M-of-n,6,0.004615384615384616,1.0,6,13,521.728222124977
bPSO-TVT,M-of-n,7,0.004615384615384616,1.0,6,13,520.3807218330912
bPSO-TVT,M-of-n,8,0.004615384615384616,1.0,6,13,513.7648787500802
bPSO-TVT,M-of-n,9,0.004615384615384616,1.0,6,13,512.9360916251317
bPSO-TVT,M-of-n,10,0.004615384615384616,1.0,6,13,516.9965641661547
bPSO-TVT,M-of-n,12,0.004615384615384616,1.0,6,13,514.4527267499361
bPSO-TVT,M-of-n,11,0.004615384615384616,1.0,6,13,527.4535880840849
bPSO-TVT,M-of-n,13,0.008575384615384509,0.9960000000000001,6,13,523.9018744169734
bPSO-TVT,M-of-n,14,0.004615384615384616,1.0,6,13,534.0453566249926
bPSO-TVT,M-of-n,15,0.004615384615384616,1.0,6,13,512.9795497918967
bPSO-TVT,M-of-n,16,0.004615384615384616,1.0,6,13,518.7206122500356
bPSO-TVT,M-of-n,17,0.004615384615384616,1.0,6,13,520.1138752498664
bPSO-TVT,M-of-n,18,0.004615384615384616,1.0,6,13,515.8807769590057
bPSO-TVT,M-of-n,19,0.004615384615384616,1.0,6,13,524.5971919160802
bPSO-TVT,M-of-n,20,0.004615384615384616,1.0,6,13,518.7506127078086
bPSO-TVT,M-of-n,21,0.004615384615384616,1.0,6,13,520.913239666028
bPSO-TVT,M-of-n,22,0.004615384615384616,1.0,6,13,536.1993198751006
bPSO-TVT,M-of-n,23,0.004615384615384616,1.0,6,13,526.6773742919322
bPSO-TVT,Parkinsons,0,0.03273426573426585,0.9692307692307691,5,22,211.4946864589583
bPSO-TVT,Parkinsons,1,0.04425174825174833,0.9589743589743589,8,22,206.89589612488635
bPSO-TVT,M-of-n,24,0.004615384615384616,1.0,6,13,518.7774354580324
bPSO-TVT,M-of-n,25,0.004615384615384616,1.0,6,13,526.2968319579959
bPSO-TVT,M-of-n,26,0.004615384615384616,1.0,6,13,524.2692394580226
bPSO-TVT,Parkinsons,2,0.06039160839160841,0.9435897435897436,10,22,212.15314549999312
bPSO-TVT,M-of-n,27,0.004615384615384616,1.0,6,13,526.2134826660622
bPSO-TVT,M-of-n,28,0.004615384615384616,1.0,6,13,521.3770952080376
bPSO-TVT,M-of-n,29,0.004615384615384616,1.0,6,13,528.0611093749758
bPSO-TVT,Parkinsons,3,0.05160139860139866,0.9538461538461538,13,22,225.26037541707046
bPSO-TVT,Parkinsons,4,0.03917482517482527,0.964102564102564,8,22,211.89220091607422
bPSO-TVT,Parkinsons,5,0.0331888111888113,0.9692307692307691,6,22,212.8465503330808
bPSO-TVT,Parkinsons,6,0.05766433566433568,0.9435897435897436,4,22,210.84265420911834
bPSO-TVT,Parkinsons,7,0.04516083916083924,0.9589743589743589,10,22,211.482671540929
bPSO-TVT,Parkinsons,8,0.02902097902097893,0.9743589743589745,8,22,209.78206129185855
bPSO-TVT,Parkinsons,9,0.03500699300699312,0.9692307692307691,10,22,211.94374704104848
bPSO-TVT,Parkinsons,11,0.02902097902097893,0.9743589743589745,8,22,209.49774833302945
bPSO-TVT,Parkinsons,10,0.04887412587412593,0.9538461538461538,7,22,230.70989908394404
bPSO-TVT,Parkinsons,12,0.03917482517482527,0.964102564102564,8,22,205.51683091698214
bPSO-TVT,Parkinsons,13,0.04470629370629378,0.9589743589743589,9,22,210.8182595409453
bPSO-TVT,Parkinsons,14,0.04516083916083924,0.9589743589743589,10,22,213.95683191693388
bPSO-TVT,Parkinsons,15,0.038265734265734354,0.964102564102564,6,22,211.1240009998437
bPSO-TVT,Parkinsons,16,0.03962937062937072,0.964102564102564,9,22,209.8821338750422
bPSO-TVT,Parkinsons,17,0.02068531468531463,0.9846153846153847,12,22,207.06536329188384
bPSO-TVT,Parkinsons,18,0.03409790209790199,0.9692307692307693,8,22,211.9711245840881
bPSO-TVT,Parkinsons,19,0.029475524475524387,0.9743589743589745,9,22,208.23477329104207
bPSO-TVT,Parkinsons,20,0.059482517482517504,0.9435897435897436,8,22,211.99981154105626
bPSO-TVT,Parkinsons,23,0.038720279720279596,0.9641025641025642,7,22,208.88378566713072
bPSO-TVT,Parkinsons,21,0.038265734265734354,0.964102564102564,6,22,215.82485083397478
bPSO-TVT,Parkinsons,22,0.033643356643356756,0.9692307692307691,7,22,216.62195950001478
bPSO-TVT,Parkinsons,24,0.033643356643356756,0.9692307692307691,7,22,209.69793266709894
bPSO-TVT,Parkinsons,25,0.039174825174825054,0.9641025641025642,8,22,211.90325408312492
bPSO-TVT,Parkinsons,26,0.028566433566433475,0.9743589743589745,7,22,197.93254541698843
bPSO-TVT,Parkinsons,27,0.034552447552447664,0.9692307692307691,9,22,200.15276908292435
bPSO-TVT,Parkinsons,28,0.03500699300699312,0.9692307692307691,10,22,176.5114996661432
bPSO-TVT,Parkinsons,29,0.033643356643356534,0.9692307692307693,7,22,254.53566208295524
bPSO-TVT,Sonar,0,0.10991579558652734,0.8941927990708478,31,60,309.2691707909107
bPSO-TVT,Sonar,1,0.10418989547038338,0.8993031358885016,27,60,306.35019579180516
bPSO-TVT,Sonar,2,0.08483275261324048,0.9183507549361207,24,60,300.4646662909072
bPSO-TVT,Sonar,3,0.08051509872241591,0.9228803716608593,25,60,298.56381604191847
bPSO-TVT,Sonar,4,0.11472183507549363,0.8900116144018583,35,60,300.33191308309324
bPSO-TVT,Sonar,5,0.11018583042973287,0.8944250871080139,34,60,299.60211874987
bPSO-TVT,Sonar,6,0.05188443670150981,0.9518002322880372,25,60,309.7245999998413
bPSO-TVT,Sonar,7,0.09297967479674797,0.9089430894308943,17,60,337.0817456250079
bPSO-TVT,Sonar,8,0.08172183507549365,0.9233449477351916,35,60,322.86053383280523
bPSO-TVT,Sonar,9,0.10544308943089424,0.8983739837398375,29,60,322.7257883332204
bPSO-TVT,Sonar,11,0.08982868757259008,0.9134727061556329,25,60,318.1359564999584
bPSO-TVT,Sonar,10,0.10464982578397221,0.8988385598141695,27,60,320.07931733410805
bPSO-TVT,Sonar,12,0.0893803716608595,0.913588850174216,23,60,316.5652161659673
bPSO-TVT,Sonar,13,0.10485656213704994,0.8993031358885017,31,60,316.56414191704243
bPSO-TVT,Sonar,14,0.07124157955865282,0.932752613240418,28,60,314.90106454188935
bPSO-TVT,Sonar,15,0.08610278745644602,0.9185830429732869,33,60,322.31158554088324
bPSO-TVT,Sonar,16,0.09410627177700358,0.908478513356562,21,60,323.1494349578861
bPSO-TVT,Sonar,17,0.08090011614401868,0.9229965156794424,28,60,324.25240212492645
bPSO-TVT,Sonar,18,0.07057491289198616,0.932752613240418,24,60,323.38162704207934
bPSO-TVT,Sonar,19,0.07555923344947739,0.9282229965156794,27,60,325.2585750420112
bPSO-TVT,Sonar,20,0.07595586527293852,0.9279907084785133,28,60,330.7479502079077
bPSO-TVT,Sonar,21,0.09510627177700358,0.908478513356562,27,60,332.24352720798925
bPSO-TVT,Sonar,22,0.09510627177700358,0.908478513356562,27,60,339.3864643750712
bPSO-TVT,SpectEW,0,0.13702001143510562,0.8652690426275333,8,22,154.97481770790182
bPSO-TVT,Sonar,23,0.09959059233449481,0.9039488966318234,27,60,359.3045598338358
bPSO-TVT,Sonar,24,0.10435656213704994,0.8993031358885017,28,60,367.2712174169719
bPSO-TVT,Sonar,25,0.07982520325203252,0.9235772357723577,25,60,367.3958311669994
bPSO-TVT,Sonar,26,0.07595586527293852,0.9279907084785133,28,60,367.8167059170082
bPSO-TVT,Sonar,27,0.08100348432055755,0.9232288037166085,30,60,371.3054532078095
bPSO-TVT,Sonar,28,0.09117363530778178,0.9131242740998837,31,60,375.55955766607076
bPSO-TVT,Sonar,29,0.09503135888501753,0.9090592334494773,30,60,383.5145790411625
bPSO-TVT,SpectEW,1,0.1425048599199543,0.8615653389238295,12,22,194.5149731670972
bPSO-TVT,SpectEW,2,0.13440080045740424,0.8688329839273236,10,22,194.41691683302633
bPSO-TVT,SpectEW,4,0.12301543739279586,0.879874213836478,9,22,228.08999612508342
bPSO-TVT,SpectEW,3,0.13761292166952538,0.8651292802236199,9,22,234.93978433310986
bPSO-TVT,SpectEW,5,0.1304574042309891,0.872816212438854,10,22,228.31885204208083
bPSO-TVT,SpectEW,6,0.13440080045740424,0.8688329839273236,10,22,231.46655279188417
bPSO-TVT,SpectEW,7,0.14107204116638086,0.8616352201257861,9,22,231.40949258301407
bPSO-TVT,SpectEW,8,0.13715837621497992,0.8651292802236199,8,22,234.88270254200324
bPSO-TVT,SpectEW,9,0.14494625500285874,0.8577218728162125,9,22,233.99067008402199
bPSO-TVT,SpectEW,10,0.13715837621497992,0.8651292802236199,8,22,239.96673729200847
bPSO-TVT,SpectEW,11,0.1308724985706117,0.872396925227114,10,22,235.65717250015587
bPSO-TVT,SpectEW,12,0.1403704974271011,0.8614255765199162,7,22,235.30139691685326
bPSO-TVT,SpectEW,13,0.1345786163522014,0.8691125087351501,11,22,235.648236582987
bPSO-TVT,SpectEW,14,0.13834419668381936,0.8648497554157931,10,22,241.7327972080093
bPSO-TVT,SpectEW,15,0.14389879931389363,0.8578616352201258,7,22,237.5316473338753
bPSO-TVT,SpectEW,16,0.1385220125786163,0.8651292802236199,11,22,236.22191537497565
bPSO-TVT,SpectEW,17,0.13474671240708969,0.8684835779175403,10,22,230.13520599994808
bPSO-TVT,SpectEW,18,0.1463098913664951,0.8577218728162125,12,22,235.0988139999099
bPSO-TVT,SpectEW,19,0.13740537449971402,0.86533892382949,9,22,231.97958633303642
bPSO-TVT,SpectEW,20,0.13667409948542028,0.8656184486373165,8,22,231.67679191590287
bPSO-TVT,SpectEW,21,0.14592452830188668,0.8576519916142559,11,22,234.90712412493303
bPSO-TVT,SpectEW,22,0.14417552887364213,0.857582110412299,7,22,240.50064700003713
bPSO-TVT,SpectEW,23,0.13073413379073762,0.8725366876310272,10,22,235.54288562503643
bPSO-TVT,SpectEW,24,0.14449170954831328,0.8577218728162125,8,22,237.49668029206805
bPSO-TVT,SpectEW,25,0.14221841052029732,0.8609364081062194,10,22,242.29307275009342
bPSO-TVT,SpectEW,26,0.1333533447684391,0.8689727463312369,8,22,238.94983291695826
bPSO-TVT,SpectEW,28,0.14166495140080052,0.8614954577218727,10,22,238.3007957909722
bPSO-TVT,SpectEW,27,0.13890737564322472,0.8651991614255765,12,22,247.4748941247817
bPSO-TVT,SpectEW,29,0.14093367638650656,0.8617749825296995,9,22,242.35743441688828
bPSO-TVT,TicTacToe,0,0.15672905759162287,0.8517888307155325,9,9,514.2492489579599
bPSO-TVT,TicTacToe,1,0.16090265052356026,0.8475730802792321,9,9,512.8587928330526
bPSO-TVT,TicTacToe,2,0.15777110602094235,0.8507362565445027,9,9,509.54484074981883
bPSO-TVT,TicTacToe,3,0.15987679973821992,0.8486092931937173,9,9,510.926868124865
bPSO-TVT,TicTacToe,4,0.15880775523560212,0.8496891361256544,9,9,515.4426630840171
bPSO-TVT,TicTacToe,6,0.16502225130890044,0.843411867364747,9,9,505.77221270813607
bPSO-TVT,TicTacToe,5,0.16502225130890044,0.843411867364747,9,9,514.636132792104
bPSO-TVT,TicTacToe,7,0.15880775523560212,0.8496891361256544,9,9,513.8675006669946
bPSO-TVT,TicTacToe,8,0.15987679973821992,0.8486092931937173,9,9,505.80142158293165
bPSO-TVT,TicTacToe,9,0.15880775523560212,0.8496891361256544,9,9,500.0326929590665
bPSO-TVT,TicTacToe,10,0.1660535013089006,0.8423702006980802,9,9,510.3514958329033
bPSO-TVT,TicTacToe,11,0.16089185209424073,0.8475839877835952,9,9,519.2547426249366
bPSO-TVT,TicTacToe,12,0.15571400523560205,0.8528141361256545,9,9,500.4233135001268
bPSO-TVT,TicTacToe,13,0.16911485602094248,0.8392779232111692,9,9,507.18698720796965
bPSO-TVT,TicTacToe,14,0.16398020287958118,0.8444644415357766,9,9,520.8410318340175
bPSO-TVT,TicTacToe,15,0.1536191099476439,0.8549301919720769,9,9,501.748386999825
bPSO-TVT,TicTacToe,16,0.16501685209424083,0.8434173211169285,9,9,503.3856104160659
bPSO-TVT,TicTacToe,17,0.16500605366492152,0.8434282286212914,9,9,508.01485237502493
bPSO-TVT,TicTacToe,18,0.16604270287958117,0.8423811082024433,9,9,502.85164733300917
bPSO-TVT,TicTacToe,19,0.1618745091623036,0.846591404886562,9,9,511.3431647911202
bPSO-TVT,TicTacToe,20,0.16393700916230358,0.8445080715532287,9,9,518.1124885000754
bPSO-TVT,TicTacToe,21,0.1577495091623036,0.8507580715532287,9,9,505.9367427499965
bPSO-TVT,TicTacToe,23,0.16915804973821985,0.8392342931937173,9,9,501.7077674169559
bPSO-TVT,TicTacToe,22,0.16916884816753916,0.8392233856893544,9,9,518.8152002911083
bPSO-TVT,Vote,0,0.027334759481961124,0.9742830712303423,3,16,213.86329120886512
bPSO-TVT,Vote,1,0.027609505087881583,0.9740055504162812,3,16,216.81502812495455
bPSO-TVT,TicTacToe,24,0.1567398560209424,0.8517779232111693,9,9,506.92037591687404
bPSO-TVT,TicTacToe,25,0.1526148560209423,0.8559445898778361,9,9,520.2489339590538
bPSO-TVT,TicTacToe,26,0.16602650523560225,0.8423974694589876,9,9,512.880408000201
bPSO-TVT,TicTacToe,27,0.1588023560209425,0.8496945898778359,9,9,506.4529856250156
bPSO-TVT,Vote,2,0.027517923219241354,0.9740980573543017,3,16,215.30128487502225
bPSO-TVT,TicTacToe,28,0.1526094568062827,0.8559500436300175,9,9,520.9010640410706
bPSO-TVT,Vote,3,0.027517923219241354,0.9740980573543017,3,16,219.22798758302815
bPSO-TVT,TicTacToe,29,0.16500065445026169,0.843433682373473,9,9,516.1135978340171
bPSO-TVT,Vote,4,0.027243177613321005,0.9743755781683626,3,16,217.45879062497988
bPSO-TVT,Vote,5,0.027517923219241354,0.9740980573543017,3,16,218.17957641696557
bPSO-TVT,Vote,6,0.027517923219241354,0.9740980573543017,3,16,214.2119638340082
bPSO-TVT,Vote,7,0.027426341350601458,0.9741905642923218,3,16,215.0837823750917
bPSO-TVT,Vote,8,0.027426341350601235,0.974190564292322,3,16,215.13912950013764
bPSO-TVT,Vote,9,0.027517923219241354,0.9740980573543017,3,16,218.66141070821323
bPSO-TVT,Vote,10,0.027334759481961124,0.9742830712303423,3,16,218.06953070918098
bPSO-TVT,Vote,11,0.027426341350601235,0.974190564292322,3,16,220.39158958289772
bPSO-TVT,Vote,12,0.027243177613321005,0.9743755781683626,3,16,217.27998458291404
bPSO-TVT,Vote,13,0.027426341350601235,0.974190564292322,3,16,217.38555487501435
bPSO-TVT,Vote,14,0.027517923219241354,0.9740980573543017,3,16,218.9613756670151
bPSO-TVT,Vote,15,0.027609505087881694,0.9740055504162811,3,16,214.3330125831999
bPSO-TVT,Vote,16,0.023396739130434767,0.9782608695652174,3,16,213.36359358299524
bPSO-TVT,Vote,17,0.030389107308048054,0.9699352451433858,1,16,216.1604524590075
bPSO-TVT,Vote,18,0.027517923219241354,0.9740980573543017,3,16,218.12375054205768
bPSO-TVT,Vote,19,0.027517923219241354,0.9740980573543017,3,16,216.0766992920544
bPSO-TVT,Vote,20,0.027243177613321005,0.9743755781683626,3,16,215.5310528750997
bPSO-TVT,Vote,21,0.027426341350601235,0.974190564292322,3,16,215.28089945809916
bPSO-TVT,Vote,22,0.027517923219241576,0.9740980573543014,3,16,216.17309220787138
bPSO-TVT,Vote,23,0.027334759481961124,0.9742830712303423,3,16,215.92640529200435
bPSO-TVT,Vote,24,0.027517923219241354,0.9740980573543017,3,16,216.74539129203185
bPSO-TVT,Vote,25,0.030663852913968625,0.9696577243293246,1,16,219.08339333417825
bPSO-TVT,Vote,26,0.027517923219241354,0.9740980573543017,3,16,215.17165383300744
bPSO-TVT,Vote,28,0.027609505087881694,0.9740055504162811,3,16,207.95556791615672
bPSO-TVT,Vote,27,0.027426341350601458,0.9741905642923218,3,16,209.16313370806165
bPSO-TVT,Vote,29,0.027334759481961124,0.9742830712303423,3,16,197.13351158285514
bPSO-TVT,WDBC,1,0.021368421052631523,0.9824561403508772,12,30,396.3139280001633
bPSO-TVT,WDBC,2,0.025221549448843382,0.9789007918025151,13,30,379.1958460838068
bPSO-TVT,WDBC,0,0.023802670392796006,0.9806707033069401,14,30,458.14734541694634
bPSO-TVT,WDBC,3,0.020050458003415626,0.9824406148113647,8,30,403.147027292056
bPSO-TVT,WDBC,6,0.02659431765253834,0.9771774569166279,12,30,355.4894675000105
bPSO-TVT,WDBC,5,0.02413600372612945,0.98067070330694,15,30,423.0504649588838
bPSO-TVT,WDBC,4,0.021368421052631523,0.9824561403508772,12,30,504.5264534158632
bPSO-TVT,WDBC,7,0.02142990218910116,0.9823940381928271,12,30,456.01066079200245
bPSO-TVT,WDBC,10,0.023469337059462785,0.98067070330694,13,30,360.42538708401844
bPSO-TVT,WDBC,11,0.02173249495419984,0.982425089271852,13,30,353.5814551669173
bPSO-TVT,WDBC,8,0.025206179164725836,0.9789163173420278,13,30,410.7049343751278
bPSO-TVT,WDBC,12,0.022368421052631742,0.982456140350877,15,30,386.2647625000682
bPSO-TVT,WDBC,9,0.021995652848936564,0.9841794752367644,19,30,451.1165855838917
bPSO-TVT,WDBC,13,0.021399161620866504,0.982425089271852,12,30,383.5457812920213
bPSO-TVT,WDBC,14,0.025175438596491073,0.9789473684210528,13,30,398.1745780829806
bPSO-TVT,WDBC,15,0.02343859649122813,0.9807017543859649,13,30,442.90947366598994
bPSO-TVT,WDBC,16,0.022732494954199836,0.982425089271852,16,30,428.40359541703947
bPSO-TVT,WDBC,18,0.024857475547275285,0.9789318428815401,12,30,408.1798565420322
bPSO-TVT,WDBC,17,0.024105263157894796,0.9807017543859649,15,30,432.2710595000535
bPSO-TVT,WDBC,19,0.020662319515603232,0.9841794752367644,15,30,437.08661095798016
bPSO-TVT,WDBC,20,0.019995652848936566,0.9841794752367644,13,30,444.03289445792325
bPSO-TVT,WDBC,21,0.022453966775345457,0.9806862288464524,10,30,393.86850787489675
bPSO-TVT,WDBC,22,0.030377270610153703,0.9753764943331781,18,30,489.38481912505813
bPSO-TVT,WDBC,23,0.022469337059462784,0.98067070330694,10,30,451.17310149990954
bPSO-TVT,WDBC,26,0.022787300108678788,0.9806862288464524,11,30,328.75350158289075
bPSO-TVT,WDBC,24,0.02208119857165028,0.9824095637323398,14,30,367.3827585000545
bPSO-TVT,WDBC,29,0.024206179164726165,0.9789163173420274,10,30,340.0694045419805
bPSO-TVT,WDBC,25,0.021383791336748958,0.9824406148113647,12,30,430.4366236659698
bPSO-TVT,WDBC,27,0.019344356466387335,0.9841639496972518,11,30,483.77631525020115
bPSO-TVT,WDBC,28,0.024453966775345455,0.9806862288464524,16,30,661.7297139998991
bPSO-TVT,WaveformEW,0,0.1652760000000001,0.8375999999999999,18,40,2709.0706261249725
bPSO-TVT,WaveformEW,1,0.16616199999999995,0.8362,16,40,2885.4835759589914
bPSO-TVT,WaveformEW,3,0.16284800000000002,0.8398,17,40,2884.8453454999253
bPSO-TVT,WaveformEW,6,0.16760000000000003,0.835,17,40,2752.132358666975
bPSO-TVT,WaveformEW,4,0.17236199999999985,0.8312000000000002,21,40,2902.7778606249485
bPSO-TVT,WaveformEW,5,0.165516,0.8366,15,40,3086.3070460839663
bPSO-TVT,WaveformEW,2,0.16611000000000004,0.836,15,40,3203.17305762507
bPSO-TVT,WaveformEW,7,0.16804800000000011,0.8347999999999999,18,40,2892.2740807079244
bPSO-TVT,WaveformEW,9,0.1751340000000001,0.8283999999999999,21,40,2762.6398343751207
bPSO-TVT,WaveformEW,8,0.16720400000000007,0.8353999999999999,17,40,2982.7898439590354
bPSO-TVT,WaveformEW,11,0.16259800000000002,0.8398,16,40,2766.194179082988
bPSO-TVT,WaveformEW,10,0.16636000000000004,0.836,16,40,2855.7899521249346
bPSO-TVT,WaveformEW,13,0.16760000000000003,0.835,17,40,2757.964627749985
bPSO-TVT,WaveformEW,14,0.16636000000000004,0.836,16,40,2804.2018170829397
bPSO-TVT,WaveformEW,12,0.165516,0.8366,15,40,3195.994299291866
bPSO-TVT,WaveformEW,15,0.16096200000000005,0.8412,15,40,3152.9518737921026
bPSO-TVT,WaveformEW,16,0.15968000000000004,0.843,17,40,2698.07509029191
bPSO-TVT,WaveformEW,17,0.1764679999999999,0.8268000000000001,20,40,2735.3059537920635
bPSO-TVT,WaveformEW,18,0.16814199999999996,0.8342,16,40,2823.0321955832187
bPSO-TVT,WaveformEW,19,0.16488000000000014,0.8379999999999999,18,40,2851.812718833098
bPSO-TVT,WaveformEW,20,0.1640360000000001,0.8385999999999999,17,40,2704.6093777918722
bPSO-TVT,WaveformEW,21,0.16646399999999997,0.8364,18,40,2716.929507917026
bPSO-TVT,WaveformEW,22,0.1640360000000001,0.8385999999999999,17,40,2725.801343041938
bPSO-TVT,Zoo,0,0.025424999999999906,0.9800000000000001,9,16,142.0607256249059
bPSO-TVT,Zoo,1,0.022924999999999907,0.9800000000000001,5,16,147.48332545883022
bPSO-TVT,Zoo,2,0.025578571428571513,0.9804761904761904,10,16,151.5903595839627
bPSO-TVT,Zoo,3,0.022453571428571403,0.9804761904761905,5,16,153.40893441601656
bPSO-TVT,WaveformEW,23,0.164328,0.8378,15,40,3145.990119874943
bPSO-TVT,Zoo,4,0.024953571428571512,0.9804761904761904,9,16,155.6837986658793
bPSO-TVT,Zoo,5,0.026049999999999907,0.9800000000000001,10,16,156.205377291888
bPSO-TVT,Zoo,6,0.022924999999999907,0.9800000000000001,5,16,155.13984570815228
bPSO-TVT,Zoo,7,0.01615000000000001,0.99,10,16,150.68522254098207
bPSO-TVT,Zoo,8,0.026049999999999907,0.9800000000000001,10,16,148.0078071251046
bPSO-TVT,Zoo,9,0.034853571428571525,0.9704761904761904,9,16,150.69284154195338
bPSO-TVT,Zoo,10,0.02479999999999991,0.9800000000000001,8,16,152.40171999996528
bPSO-TVT,Zoo,11,0.03407499999999992,0.9700000000000001,7,16,155.4036794579588
bPSO-TVT,Zoo,12,0.01615000000000001,0.99,10,16,155.39140891702846
bPSO-TVT,Zoo,13,0.025424999999999906,0.9800000000000001,9,16,148.4271776250098
bPSO-TVT,Zoo,14,0.022924999999999907,0.9800000000000001,5,16,149.32468904112466
bPSO-TVT,Zoo,15,0.025578571428571402,0.9804761904761905,10,16,149.65592970815487
bPSO-TVT,Zoo,16,0.02417499999999991,0.9800000000000001,7,16,150.655697457958
bPSO-TVT,Zoo,17,0.022924999999999907,0.9800000000000001,5,16,150.2141236658208
bPSO-TVT,Zoo,18,0.03282500000000003,0.97,5,16,152.52000291692093
bPSO-TVT,Zoo,19,0.0329785714285713,0.9704761904761906,6,16,152.08957591699436
bPSO-TVT,Zoo,20,0.0249535714285714,0.9804761904761905,9,16,153.59673120896332
bPSO-TVT,Zoo,21,0.04397500000000004,0.96,7,16,152.3111635830719
bPSO-TVT,Zoo,22,0.03469999999999992,0.9700000000000001,8,16,151.8001634159591
bPSO-TVT,Zoo,23,0.025424999999999906,0.9800000000000001,9,16,150.83134691696614
bPSO-TVT,Zoo,24,0.025424999999999906,0.9800000000000001,9,16,152.48976454185322
bPSO-TVT,Zoo,25,0.01615000000000001,0.99,10,16,149.98842066689394
bPSO-TVT,Zoo,26,0.02417499999999991,0.9800000000000001,7,16,152.31840520887636
bPSO-TVT,WaveformEW,24,0.16239999999999993,0.8400000000000001,16,40,3113.8585451249965
bPSO-TVT,Zoo,27,0.022453571428571403,0.9804761904761905,5,16,155.5408882079646
bPSO-TVT,Zoo,28,0.03469999999999992,0.9700000000000001,8,16,161.73704633279704
bPSO-TVT,WaveformEW,27,0.16953800000000013,0.8337999999999999,20,40,2899.811585500138
bPSO-TVT,WaveformEW,26,0.16829800000000011,0.8347999999999999,19,40,2959.8382716658525
bPSO-TVT,Zoo,29,0.022924999999999907,0.9800000000000001,5,16,171.23329529212788
bPSO-TVT,WaveformEW,25,0.166506,0.8356,15,40,3290.303831041092
bGWO-TVT,BreastEW,0,0.028764658174705374,0.9765564620008588,5,9,409.251586291939
bGWO-TVT,BreastEW,1,0.02799831830542443,0.9750858737655645,3,9,416.70397487515584
bGWO-TVT,BreastEW,2,0.031331651638757764,0.9750858737655645,6,9,417.77861812501214
bGWO-TVT,BreastEW,3,0.030565311769476605,0.9736152855302705,4,9,418.83739233296365
bPSO-TVT,WaveformEW,29,0.16061800000000012,0.8417999999999999,16,40,3242.6510983328335
bGWO-TVT,BreastEW,4,0.030178033013692027,0.975128810648347,5,9,420.7797463329043
bGWO-TVT,BreastEW,5,0.031310397881780395,0.9751073422069558,6,9,419.4734509589616
bPSO-TVT,WaveformEW,28,0.161358,0.8408,15,40,3403.4641418328974
bGWO-TVT,BreastEW,6,0.029454200658365494,0.9736152855302705,3,9,422.97769733308814
bGWO-TVT,BreastEW,7,0.029432946901388344,0.9736367539716616,3,9,429.54563029203564
bGWO-TVT,BreastEW,8,0.030533431134010882,0.9736474881923571,4,9,427.5188034588937
bGWO-TVT,BreastEW,9,0.030199286770669284,0.9751073422069558,5,9,427.93783125001937
bGWO-TVT,BreastEW,10,0.03087820237584083,0.9721768999570631,3,9,428.88433325011283
bGWO-TVT,BreastEW,11,0.031602034731167364,0.9736904250751396,5,9,424.391795292031
bGWO-TVT,BreastEW,12,0.028008945183912896,0.9750751395448691,3,9,424.5327823329717
bGWO-TVT,BreastEW,13,0.029390439387433825,0.973679690854444,3,9,423.5667338750791
bGWO-TVT,BreastEW,14,0.030512177377033513,0.9736689566337484,4,9,425.5945800419431
bGWO-TVT,BreastEW,15,0.030888829254329404,0.9721661657363676,3,9,427.6516697909683
bGWO-TVT,BreastEW,16,0.03164454224512199,0.9736474881923571,5,9,426.4648169160355
bGWO-TVT,BreastEW,17,0.029886396164305058,0.9765457277801632,6,9,426.34993549995124
bGWO-TVT,BreastEW,18,0.03053343113401066,0.9736474881923574,4,9,428.49488875013776
bGWO-TVT,BreastEW,19,0.030220540527646653,0.9750858737655645,5,9,425.13281187508255
bGWO-TVT,BreastEW,20,0.03166579600209903,0.9736260197509662,5,9,430.7034984580241
bGWO-TVT,BreastEW,21,0.03018865989218071,0.9751180764276514,5,9,431.6631181249395
bGWO-TVT,BreastEW,22,0.030856948618863574,0.9721983683984543,3,9,443.20050033414736
bGWO-TVT,BreastEW,23,0.02954162492247511,0.9780163160154572,7,9,446.01204516692087
bGWO-TVT,BreastEW,24,0.032421508992891396,0.9751073422069559,7,9,443.551327791065
bGWO-TVT,BreastEW,25,0.03015677925671477,0.9751502790897382,5,9,443.2558647498954
bGWO-TVT,BreastEW,27,0.0327981608701874,0.973604551309575,6,9,434.32908670883626
bGWO-TVT,BreastEW,26,0.03164454224512199,0.9736474881923571,5,9,439.21177966706455
bGWO-TVT,BreastEW,28,0.03227032345785023,0.9707707170459425,3,9,416.2638389579952
bGWO-TVT,BreastEW,29,0.0320105672439292,0.972155431515672,4,9,409.1880657081492
bGWO-TVT,ColonCancer,0,0.16597730769230767,0.8371794871794872,957,2000,486.1655280829873
bGWO-TVT,ColonCancer,1,0.196653846153846,0.8064102564102565,1000,2000,462.69809620897286
bGWO-TVT,ColonCancer,2,0.13316730769230778,0.8705128205128204,995,2000,460.2927145410795
bGWO-TVT,ColonCancer,3,0.17882461538461542,0.8243589743589743,988,2000,459.90200337488204
bGWO-TVT,ColonCancer,4,0.13322730769230778,0.8705128205128204,1007,2000,463.8525668750517
bGWO-TVT,ColonCancer,5,0.20941615384615378,0.7935897435897437,1014,2000,465.33163087489083
bGWO-TVT,ColonCancer,6,0.14942730769230772,0.8538461538461538,947,2000,467.4044314168859
bGWO-TVT,ColonCancer,7,0.13049384615384627,0.873076923076923,968,2000,466.25583924981765
bGWO-TVT,ColonCancer,8,0.14585461538461544,0.8576923076923076,994,2000,463.33982937503606
bGWO-TVT,ColonCancer,9,0.1939453846153846,0.808974358974359,966,2000,463.3174151668791
bGWO-TVT,ColonCancer,10,0.14970730769230772,0.8538461538461538,1003,2000,462.0200077081099
bGWO-TVT,ColonCancer,11,0.1470788461538462,0.8564102564102564,985,2000,461.87737520900555
bGWO-TVT,ColonCancer,12,0.16601230769230765,0.8371794871794872,964,2000,462.67923199990764
bGWO-TVT,ColonCancer,13,0.1786446153846153,0.8243589743589744,952,2000,463.1141468749847
bGWO-TVT,ColonCancer,14,0.1292796153846155,0.8743589743589743,979,2000,463.7111906670034
bGWO-TVT,ColonCancer,15,0.14823307692307697,0.8551282051282051,962,2000,459.94342695898376
bGWO-TVT,ColonCancer,16,0.16221461538461548,0.8410256410256409,966,2000,460.9851309999358
bGWO-TVT,ColonCancer,18,0.1788796153846153,0.8243589743589744,999,2000,463.2946510419715
bGWO-TVT,ColonCancer,17,0.16226961538461537,0.841025641025641,977,2000,464.53281308407895
bGWO-TVT,ColonCancer,19,0.18154807692307684,0.8217948717948719,1025,2000,463.04023104091175
bGWO-TVT,ColonCancer,20,0.14973730769230773,0.8538461538461538,1009,2000,465.0840700829867
bGWO-TVT,ColonCancer,21,0.11678730769230762,0.8871794871794872,1019,2000,465.73669212521054
bGWO-TVT,ColonCancer,22,0.1469838461538462,0.8564102564102564,966,2000,465.41956020891666
bGWO-TVT,ColonCancer,23,0.21284884615384608,0.7897435897435898,939,2000,462.76591949979775
bGWO-TVT,ColonCancer,24,0.14828307692307696,0.8551282051282051,972,2000,433.67844808404334
bGWO-TVT,ColonCancer,25,0.13184807692307682,0.8717948717948719,985,2000,425.32630329206586
bGWO-TVT,ColonCancer,26,0.13072884615384603,0.8730769230769232,1015,2000,425.69450454204343
bGWO-TVT,ColonCancer,27,0.16363384615384616,0.8397435897435898,996,2000,424.3482977091335
bGWO-TVT,Diabetes,0,0.24989705882352933,0.7538918597742128,5,8,337.7579656250309
bGWO-TVT,Diabetes,1,0.24352731092436963,0.7603259485612428,5,8,334.3768116668798
bGWO-TVT,ColonCancer,28,0.21424807692307693,0.7884615384615384,965,2000,441.22160366596654
bGWO-TVT,ColonCancer,29,0.16209961538461548,0.8410256410256409,943,2000,441.77507879096083
bGWO-TVT,Diabetes,2,0.2369411764705883,0.7657159833630421,4,8,443.03655058308505
bGWO-TVT,Diabetes,4,0.2396323529411764,0.7617349970291147,3,8,460.8786495421082
bGWO-TVT,Diabetes,3,0.238296218487395,0.7630846277905101,3,8,462.4084304589778
bGWO-TVT,Diabetes,5,0.2357836134453782,0.7656226126814362,3,8,460.87895225011744
bGWO-TVT,Diabetes,7,0.23440336134453796,0.7682794329853152,4,8,459.36369833303615
bGWO-TVT,Diabetes,6,0.25131302521008403,0.7499363381716323,3,8,464.3419454160612
bGWO-TVT,Diabetes,8,0.24346848739495797,0.7603853662677192,5,8,464.70119129214436
bGWO-TVT,Diabetes,9,0.24988025210084036,0.7539088362617774,5,8,471.97683808300644
bGWO-TVT,Diabetes,10,0.2435462184873949,0.7590442237501062,4,8,465.7667249168735
bGWO-TVT,Diabetes,12,0.24085924369747896,0.7604957134368899,3,8,465.23208487499505
bGWO-TVT,Diabetes,11,0.25133823529411753,0.7499108734402853,3,8,468.8373199168127
bGWO-TVT,Diabetes,13,0.2395861344537815,0.7643069348951702,5,8,466.5028547090478
bGWO-TVT,Diabetes,14,0.2458949579831933,0.7591970121381886,6,8,466.6280974170659
bGWO-TVT,Diabetes,15,0.2382773109243697,0.7643663526016468,4,8,468.2001827498898
bGWO-TVT,Diabetes,16,0.2511134453781513,0.7539258127493421,6,8,467.81483516679145
bGWO-TVT,Diabetes,17,0.24085504201680677,0.7630252100840336,5,8,469.5164508330636
bGWO-TVT,Diabetes,18,0.24867226890756297,0.7538663950428657,4,8,467.64354154188186
bGWO-TVT,Diabetes,19,0.2396827731092437,0.7616840675664205,3,8,469.95996720786206
bGWO-TVT,Diabetes,21,0.25238025210084025,0.7539088362617775,7,8,468.5591907079797
bGWO-TVT,Diabetes,22,0.24472899159663875,0.7591121297003649,5,8,468.36053941585124
bGWO-TVT,Diabetes,20,0.2420882352941176,0.7630421865715984,6,8,471.4334065001458
bGWO-TVT,Diabetes,23,0.23959453781512607,0.7642984466513878,5,8,472.37307995790616
bGWO-TVT,Diabetes,24,0.23185714285714293,0.7708513708513708,4,8,472.12855374999344
bGWO-TVT,Diabetes,25,0.24979201680672275,0.7565232153467447,7,8,476.3132821251638
bGWO-TVT,Diabetes,26,0.2433907563025211,0.7617265087853322,6,8,489.01269900007173
bGWO-TVT,Diabetes,27,0.24087394957983194,0.761743485272897,4,8,493.56499529094435
bGWO-TVT,Diabetes,28,0.2447983193277311,0.7577794754265342,4,8,493.9021208330523
bGWO-TVT,Diabetes,29,0.24602941176470583,0.7590612002376709,6,8,492.8150347501505
bGWO-TVT,GermanCredit,0,0.23519999999999988,0.7700000000000001,15,20,708.2840911659878
bGWO-TVT,GermanCredit,1,0.23815,0.765,11,20,707.3246966251172
bGWO-TVT,GermanCredit,2,0.2406100000000001,0.7609999999999999,8,20,699.6831133330707
bGWO-TVT,GermanCredit,3,0.23815,0.765,11,20,711.2884906248655
bGWO-TVT,GermanCredit,4,0.23023,0.773,11,20,692.0808819159865
bGWO-TVT,GermanCredit,7,0.2440800000000001,0.7579999999999999,9,20,682.2833658340387
bGWO-TVT,GermanCredit,5,0.24506999999999998,0.757,9,20,688.8645024169236
bGWO-TVT,GermanCredit,6,0.24308,0.758,7,20,689.7607144161593
bGWO-TVT,GermanCredit,8,0.2351900000000001,0.7689999999999999,13,20,678.4952839580365
bGWO-TVT,GermanCredit,9,0.24162999999999998,0.763,14,20,676.0273588339332
bGWO-TVT,GermanCredit,10,0.2411199999999999,0.7620000000000001,11,20,675.3911192091182
bGWO-TVT,GermanCredit,11,0.23517,0.767,9,20,681.8734095420223
bGWO-TVT,GermanCredit,12,0.23914,0.764,11,20,667.7982935421169
bGWO-TVT,GermanCredit,13,0.24459999999999998,0.76,14,20,673.5264075410087
bGWO-TVT,GermanCredit,15,0.23767,0.767,14,20,670.8000529999845
bGWO-TVT,GermanCredit,14,0.23765,0.765,10,20,679.3307648750488
bGWO-TVT,GermanCredit,16,0.23764,0.764,8,20,677.3252445410471
bGWO-TVT,GermanCredit,17,0.24309999999999998,0.76,11,20,677.5969133749604
bGWO-TVT,GermanCredit,18,0.24309999999999998,0.76,11,20,676.1982514171395
bGWO-TVT,GermanCredit,19,0.23518,0.768,11,20,683.445738249924
bGWO-TVT,GermanCredit,20,0.24162999999999998,0.763,14,20,674.3662907090038
bGWO-TVT,GermanCredit,21,0.23765999999999998,0.766,12,20,671.7840947499499
bGWO-TVT,GermanCredit,22,0.23567,0.767,10,20,673.6527345420327
bGWO-TVT,GermanCredit,23,0.24409,0.759,11,20,680.0058176671155
bGWO-TVT,GermanCredit,25,0.24456999999999998,0.757,8,20,677.420759125147
bGWO-TVT,GermanCredit,24,0.22776,0.776,12,20,680.6340212498326
bGWO-TVT,GermanCredit,26,0.23964,0.764,12,20,677.9649502080865
bGWO-TVT,HeartDisease,0,0.16205136897001307,0.8448587570621469,11,13,276.651337249903
bGWO-TVT,HeartDisease,1,0.1493402868318121,0.8553672316384182,8,13,279.4906624581199
bGWO-TVT,GermanCredit,27,0.2356700000000001,0.7669999999999999,10,20,677.6867941669188
bGWO-TVT,HeartDisease,3,0.14967588005215132,0.8550282485875705,8,13,270.3686196671333
bGWO-TVT,HeartDisease,2,0.14427874837027393,0.8620338983050846,10,13,271.53900970797986
bGWO-TVT,HeartDisease,4,0.14851512385919174,0.8554237288135592,7,13,268.07023258390836
bGWO-TVT,HeartDisease,5,0.16364511082138206,0.8416949152542372,9,13,269.45050812512636
bGWO-TVT,HeartDisease,6,0.15055632333767915,0.8518079096045199,5,13,268.31178237497807
bGWO-TVT,GermanCredit,28,0.23765,0.765,10,20,670.2382376668975
bGWO-TVT,HeartDisease,7,0.14714445893089956,0.8552542372881357,5,13,269.2002416669857
bGWO-TVT,GermanCredit,29,0.23864,0.764,10,20,660.7729263340589
bGWO-TVT,HeartDisease,8,0.15374445893089972,0.8485875706214688,5,13,269.8598107909784
bGWO-TVT,HeartDisease,9,0.1570444589308997,0.8452542372881355,5,13,270.4170595831238
bGWO-TVT,HeartDisease,10,0.14780247718383305,0.8584745762711865,10,13,271.88520879205316
bGWO-TVT,HeartDisease,11,0.15884941329856592,0.8488700564971751,12,13,271.0127807909157
bGWO-TVT,HeartDisease,12,0.14065632333767925,0.8618079096045198,5,13,273.94224249990657
bGWO-TVT,HeartDisease,13,0.15055632333767915,0.8518079096045199,5,13,271.23721908405423
bGWO-TVT,HeartDisease,14,0.16028852672750982,0.8419774011299435,5,13,274.0177697080653
bGWO-TVT,HeartDisease,15,0.15044445893089953,0.8519209039548024,5,13,270.957417084137
bGWO-TVT,HeartDisease,16,0.15858357235984347,0.848361581920904,11,13,273.7833725840319
bGWO-TVT,HeartDisease,17,0.14615215123859188,0.858587570621469,8,13,275.02729479107074
bGWO-TVT,HeartDisease,18,0.15192698826597134,0.8519774011299435,7,13,271.8601258341223
bGWO-TVT,HeartDisease,19,0.1513255541069099,0.8518079096045199,6,13,273.37418062496
bGWO-TVT,HeartDisease,20,0.14984367666232065,0.854858757062147,8,13,276.33671895810403
bGWO-TVT,HeartDisease,21,0.15357666232073014,0.8487570621468926,5,13,276.04088324983604
bGWO-TVT,HeartDisease,22,0.15072411994784868,0.8516384180790961,5,13,278.43166374997236
bGWO-TVT,HeartDisease,23,0.15824797913950459,0.8487005649717514,11,13,275.0552732918877
bGWO-TVT,HeartDisease,24,0.15847105606258158,0.845367231638418,7,13,268.20755708310753
bGWO-TVT,HeartDisease,25,0.13730039113428932,0.8651977401129944,5,13,266.69035679101944
bGWO-TVT,HeartDisease,26,0.15979895697522822,0.8416949152542372,4,13,257.13197241700254
bGWO-TVT,HeartDisease,27,0.14802555410691015,0.855141242937853,6,13,255.3104719580151
bGWO-TVT,HeartDisease,28,0.1462640156453715,0.8584745762711865,8,13,251.56057608313859
bGWO-TVT,HeartDisease,29,0.1501654498044328,0.8553107344632769,9,13,245.27399991708808
bGWO-TVT,IonosphereEW,0,0.10394247839981063,0.89738430583501,8,34,461.4205001248047
bGWO-TVT,IonosphereEW,1,0.09938212806249268,0.90317907444668,12,34,447.519794333959
bGWO-TVT,IonosphereEW,2,0.10166230323115155,0.9002816901408451,10,34,428.49980999995023
bGWO-TVT,IonosphereEW,3,0.0908014913007456,0.9115492957746479,11,34,429.5648238330614
bGWO-TVT,IonosphereEW,4,0.09233407503846618,0.9088128772635814,7,34,433.8334987501148
bGWO-TVT,IonosphereEW,5,0.1010740679370339,0.9002816901408451,8,34,443.9293217079248
bGWO-TVT,IonosphereEW,7,0.0927477097881407,0.9086921529175049,8,34,430.88591591687873
bGWO-TVT,IonosphereEW,6,0.10166230323115155,0.9002816901408451,10,34,438.6924094581045
bGWO-TVT,IonosphereEW,8,0.08975978222274827,0.9117102615694165,8,34,433.94862383278087
bGWO-TVT,IonosphereEW,9,0.09584580423718789,0.9061569416498994,10,34,435.4290017080493
bGWO-TVT,IonosphereEW,10,0.1006604331873595,0.9004024144869215,7,34,431.7391266671475
bGWO-TVT,IonosphereEW,11,0.10266417327494383,0.9001609657947686,13,34,436.71870487509295
bGWO-TVT,IonosphereEW,12,0.10461039176233872,0.8973038229376258,10,34,433.121114959009
bGWO-TVT,IonosphereEW,13,0.09781661735116576,0.9029778672032194,6,34,432.76790087483823
bGWO-TVT,IonosphereEW,14,0.10254465617232802,0.9002816901408451,13,34,426.83163324999623
bGWO-TVT,IonosphereEW,15,0.10545290566930991,0.897344064386318,13,34,427.2240210410673
bGWO-TVT,IonosphereEW,16,0.09317658894543727,0.9088531187122737,10,34,426.14199120900594
bGWO-TVT,IonosphereEW,17,0.10710500650964618,0.894486921529175,9,34,428.64396595791914
bGWO-TVT,IonosphereEW,18,0.10490450940939754,0.8973038229376258,11,34,423.44874024996534
bGWO-TVT,IonosphereEW,19,0.09962116226772397,0.9029376257545272,12,34,427.5473015829921
bGWO-TVT,IonosphereEW,20,0.10875019528938343,0.8946076458752514,15,34,427.43101725005545
bGWO-TVT,IonosphereEW,22,0.08946566457568945,0.9117102615694165,7,34,423.1018171249889
bGWO-TVT,IonosphereEW,21,0.10287861285359222,0.9002414486921528,14,34,427.82142845890485
bGWO-TVT,IonosphereEW,23,0.10449087465972312,0.8974245472837021,10,34,425.9775175829418
bGWO-TVT,IonosphereEW,24,0.10301337436382997,0.9004024144869216,15,34,463.8739479589276
bGWO-TVT,IonosphereEW,25,0.09896849331281805,0.9032997987927566,11,34,476.7748046249617
bGWO-TVT,IonosphereEW,26,0.09617976091845197,0.9061167002012072,11,34,485.5847243750468
bGWO-TVT,IonosphereEW,27,0.0900538998698071,0.9117102615694165,9,34,499.12177704204805
bGWO-TVT,IonosphereEW,28,0.10191658184400522,0.9003219315895372,11,34,520.0282800421119
bGWO-TVT,IonosphereEW,29,0.1050392709196355,0.8974647887323943,12,34,517.4633267919999
bGWO-TVT,KrVsKpEW,0,0.048867731388330095,0.9552562597809076,16,35,1785.9259613750037
bGWO-TVT,KrVsKpEW,1,0.054342806841046296,0.9508802816901408,20,35,1788.744748875033
bGWO-TVT,KrVsKpEW,2,0.05436985663983899,0.950564358372457,19,35,1853.028649542015
bGWO-TVT,KrVsKpEW,3,0.05467923163983904,0.950251858372457,19,35,1861.1667797090486
bGWO-TVT,KrVsKpEW,4,0.050007683601609544,0.9552591940532082,20,35,1877.1625607081223
bGWO-TVT,KrVsKpEW,5,0.0589887575452716,0.9461874021909233,20,35,1878.3168749578763
bGWO-TVT,KrVsKpEW,6,0.05220277917505036,0.9527533255086071,19,35,1877.9321115419734
bGWO-TVT,KrVsKpEW,7,0.05680140845070425,0.9486854460093896,21,35,1877.8310807079542
bGWO-TVT,KrVsKpEW,8,0.04853227489939628,0.9558837050078248,17,35,1832.1085512910504
bGWO-TVT,KrVsKpEW,9,0.05775222585513078,0.9474364241001565,20,35,1829.983540207846
bGWO-TVT,KrVsKpEW,10,0.052488977615694224,0.9527528364632237,20,35,1833.6105850420427
bGWO-TVT,KrVsKpEW,11,0.05158257671026153,0.9533797926447575,19,35,1829.9576913749333
bGWO-TVT,KrVsKpEW,12,0.05582015216297777,0.9502538145539907,23,35,1832.2528957088944
bGWO-TVT,KrVsKpEW,13,0.05775609909456741,0.9474325117370892,20,35,1833.0225844169036
bGWO-TVT,KrVsKpEW,14,0.050650094315895296,0.9543216940532082,19,35,1833.700830334099
bGWO-TVT,KrVsKpEW,15,0.056181690140845,0.9493114241001566,21,35,1828.5706204578746
bGWO-TVT,KrVsKpEW,16,0.049082947686116776,0.9561932707355242,20,35,1834.2560468751471
bGWO-TVT,KrVsKpEW,17,0.04879820171026164,0.9561922926447574,19,35,1840.2924875419121
bGWO-TVT,KrVsKpEW,18,0.05501178319919516,0.9496273474178404,18,35,1841.413039291976
bGWO-TVT,KrVsKpEW,19,0.05778266473843052,0.9471170774647888,19,35,1835.1339582090732
bGWO-TVT,KrVsKpEW,20,0.0587576270120724,0.9455550665101722,17,35,1836.6326654169243
bGWO-TVT,KrVsKpEW,21,0.056252672283702176,0.9483739241001565,18,35,1839.7101883750875
bGWO-TVT,KrVsKpEW,22,0.05346926559356134,0.9511854460093897,18,35,1838.5051067499444
bGWO-TVT,KrVsKpEW,23,0.04881944164989941,0.9558822378716745,18,35,1834.4520945828408
bGWO-TVT,Leukemia,1,0.01890342841140932,0.9857142857142858,1700,3571,585.8905707499944
bGWO-TVT,Leukemia,0,0.018923030763691593,0.9857142857142858,1707,3571,588.2334241250064
bGWO-TVT,Leukemia,2,0.018911829419530294,0.9857142857142858,1703,3571,589.8829620841425
bGWO-TVT,Leukemia,3,0.018078185382245846,0.9866666666666667,1742,3571,591.8737460828852
bGWO-TVT,KrVsKpEW,24,0.058612273641851106,0.947433489827856,23,35,1786.0694551658817
bGWO-TVT,KrVsKpEW,25,0.05284325326961769,0.9518177816901409,18,35,1789.2027717910241
bGWO-TVT,KrVsKpEW,26,0.05346636066398387,0.9511883802816902,18,35,1763.8802639588248
bGWO-TVT,KrVsKpEW,27,0.05005839411468822,0.9546307707355242,18,35,1753.758888832992
bGWO-TVT,KrVsKpEW,28,0.05503641222334008,0.9493138693270735,17,35,1738.0574225829914
bGWO-TVT,KrVsKpEW,29,0.05036970573440636,0.9543163145539907,18,35,1739.3295532499906
bGWO-TVT,Leukemia,4,0.018589790774892936,0.9857142857142858,1588,3571,548.2167308328208
bGWO-TVT,Leukemia,5,0.017820554466535958,0.9866666666666667,1650,3571,550.3449240829796
bGWO-TVT,Leukemia,6,0.017870960515261807,0.9866666666666667,1668,3571,549.7225429581013
bGWO-TVT,Leukemia,7,0.01865419850382041,0.9857142857142858,1611,3571,548.1770661659539
bGWO-TVT,Leukemia,8,0.018030579669560322,0.9866666666666667,1725,3571,527.7745146250818
bGWO-TVT,Leukemia,9,0.01795217026043123,0.9866666666666667,1697,3571,523.7354837080929
bGWO-TVT,Leukemia,10,0.01785415849901986,0.9866666666666667,1662,3571,526.3116640411317
bGWO-TVT,Leukemia,11,0.018911829419530294,0.9857142857142858,1703,3571,525.1172597501427
bGWO-TVT,Leukemia,12,0.01845257430891702,0.9857142857142858,1539,3571,522.2204592078924
bGWO-TVT,Leukemia,13,0.017868160179221482,0.9866666666666667,1667,3571,524.5236125409137
bGWO-TVT,Leukemia,14,0.018942633115973866,0.9857142857142858,1714,3571,524.0950408750214
bGWO-TVT,Leukemia,15,0.018861423370804445,0.9857142857142858,1685,3571,524.2425470838789
bGWO-TVT,Leukemia,16,0.017980173620834476,0.9866666666666667,1707,3571,524.8554252909962
bGWO-TVT,Leukemia,17,0.018953834460135165,0.9857142857142858,1718,3571,521.5807002920192
bGWO-TVT,Leukemia,18,0.018721406568788204,0.9857142857142858,1635,3571,522.1952567500994
bGWO-TVT,Leukemia,19,0.018878225387046393,0.9857142857142858,1691,3571,522.1811397909187
bGWO-TVT,Leukemia,20,0.018886626395167368,0.9857142857142858,1694,3571,518.9051252501085
bGWO-TVT,Leukemia,21,0.018942633115973866,0.9857142857142858,1714,3571,520.7927953749895
bGWO-TVT,Leukemia,22,0.018937032443893217,0.9857142857142858,1712,3571,520.8286517909728
bGWO-TVT,Leukemia,23,0.018024978997479672,0.9866666666666667,1723,3571,520.0271958340891
bGWO-TVT,Lymphography,0,0.13065440613026805,0.8719540229885059,7,18,159.61209962517023
bGWO-TVT,Lymphography,1,0.13937624521072794,0.8648275862068966,10,18,161.90633391705342
bGWO-TVT,Leukemia,24,0.018600992119054235,0.9857142857142858,1592,3571,494.30437716702
bGWO-TVT,Leukemia,25,0.01896223546825614,0.9857142857142858,1721,3571,488.46467608306557
bGWO-TVT,Lymphography,2,0.13793716475095788,0.8645977011494252,7,18,165.14558891602792
bGWO-TVT,Lymphography,3,0.12471034482758608,0.8790804597701151,9,18,174.65024466696195
bGWO-TVT,Leukemia,26,0.018634596151538133,0.9857142857142858,1604,3571,486.7672445839271
bGWO-TVT,Leukemia,27,0.01881661799415925,0.9857142857142858,1669,3571,486.87571983318776
bGWO-TVT,Lymphography,4,0.13892107279693489,0.8652873563218391,10,18,188.38398529193364
bGWO-TVT,Leukemia,28,0.018830619674360873,0.9857142857142858,1674,3571,488.76092704199255
bGWO-TVT,Leukemia,29,0.018682201864223657,0.9857142857142858,1621,3571,492.21418337500654
bGWO-TVT,Lymphography,5,0.1247103448275863,0.8790804597701148,9,18,195.36183858383447
bGWO-TVT,Lymphography,6,0.12839846743295028,0.8781609195402298,14,18,196.77286208281294
bGWO-TVT,Lymphography,7,0.1335593869731801,0.871264367816092,11,18,200.70232337503694
bGWO-TVT,Lymphography,8,0.137254406130268,0.8652873563218393,7,18,208.2545725000091
bGWO-TVT,Lymphography,9,0.13254865900383148,0.8717241379310344,10,18,212.30537262489088
bGWO-TVT,Lymphography,10,0.13353256704980845,0.8724137931034482,13,18,212.37038137507625
bGWO-TVT,Lymphography,11,0.13411494252873563,0.871264367816092,12,18,211.41503270785324
bGWO-TVT,Lymphography,12,0.132776245210728,0.8714942528735632,10,18,213.56203141692095
bGWO-TVT,Lymphography,13,0.12582145593869742,0.8790804597701148,11,18,210.67124633304775
bGWO-TVT,Lymphography,14,0.13735478927203074,0.8657471264367815,8,18,209.6260045839008
bGWO-TVT,Lymphography,15,0.14607662835249038,0.8586206896551725,11,18,213.88250887487084
bGWO-TVT,Lymphography,16,0.14774329501915703,0.8586206896551725,14,18,211.72068345919251
bGWO-TVT,Lymphography,17,0.13970421455938697,0.8650574712643678,11,18,213.2636729159858
bGWO-TVT,Lymphography,18,0.13823831417624521,0.8659770114942529,10,18,212.83625458390452
bGWO-TVT,Lymphography,19,0.13477088122605368,0.8717241379310344,14,18,213.15300699998625
bGWO-TVT,Lymphography,20,0.14385440613026815,0.8586206896551725,7,18,213.53738687490113
bGWO-TVT,Lymphography,21,0.13189272030651342,0.871264367816092,8,18,212.42716412479058
bGWO-TVT,Lymphography,22,0.13343218390804604,0.8719540229885057,12,18,213.02194529096596
bGWO-TVT,Lymphography,23,0.1275149425287357,0.8779310344827586,12,18,214.53393095801584
bGWO-TVT,Lymphography,24,0.13131034482758613,0.8724137931034484,9,18,212.63672429090366
bGWO-TVT,Lymphography,25,0.12604904214559373,0.8788505747126438,11,18,210.6041606250219
bGWO-TVT,Lymphography,26,0.14486513409961685,0.8581609195402299,8,18,211.90813520806842
bGWO-TVT,Lymphography,27,0.13836551724137933,0.8652873563218391,9,18,208.10337733384222
bGWO-TVT,Lymphography,28,0.1338873563218391,0.8714942528735632,12,18,209.20798329194076
bGWO-TVT,Lymphography,29,0.1268321839080459,0.8786206896551725,12,18,209.0431574168615
bGWO-TVT,M-of-n,0,0.004615384615384616,1.0,6,13,582.9972270829603
bGWO-TVT,M-of-n,1,0.004615384615384616,1.0,6,13,585.3303674580529
bGWO-TVT,M-of-n,2,0.004615384615384616,1.0,6,13,582.1612245840952
bGWO-TVT,M-of-n,3,0.007364615384615386,0.998,7,13,586.7315764999948
bGWO-TVT,M-of-n,4,0.01132461538461539,0.994,7,13,588.998129833024
bGWO-TVT,M-of-n,5,0.004615384615384616,1.0,6,13,583.6382944171783
bGWO-TVT,M-of-n,6,0.004615384615384616,1.0,6,13,582.182088540867
bGWO-TVT,M-of-n,7,0.004615384615384616,1.0,6,13,582.8375015000347
bGWO-TVT,M-of-n,8,0.004615384615384616,1.0,6,13,576.2852849171031
bGWO-TVT,M-of-n,9,0.01231461538461539,0.993,7,13,578.0780417080969
bGWO-TVT,M-of-n,10,0.004615384615384616,1.0,6,13,583.6032399998512
bGWO-TVT,M-of-n,11,0.004615384615384616,1.0,6,13,584.0376120000146
bGWO-TVT,M-of-n,13,0.014294615384615392,0.991,7,13,579.3885738328099
bGWO-TVT,M-of-n,12,0.004615384615384616,1.0,6,13,586.7650207090192
bGWO-TVT,M-of-n,14,0.004615384615384616,1.0,6,13,579.6565967081115
bGWO-TVT,M-of-n,15,0.010334615384615498,0.9949999999999999,7,13,580.8642199169844
bGWO-TVT,M-of-n,16,0.004615384615384616,1.0,6,13,581.6669922498986
bGWO-TVT,M-of-n,17,0.010334615384615498,0.9949999999999999,7,13,583.1936869169585
bGWO-TVT,M-of-n,18,0.010334615384615498,0.9949999999999999,7,13,583.0487649999559
bGWO-TVT,M-of-n,19,0.004615384615384616,1.0,6,13,579.1579634170048
bGWO-TVT,M-of-n,20,0.004615384615384616,1.0,6,13,574.103733957978
bGWO-TVT,M-of-n,21,0.004615384615384616,1.0,6,13,578.5897565840278
bGWO-TVT,M-of-n,22,0.004615384615384616,1.0,6,13,577.7769451250788
bGWO-TVT,M-of-n,23,0.004615384615384616,1.0,6,13,578.7080002499279
bGWO-TVT,Parkinsons,0,0.04887412587412593,0.9538461538461538,7,22,243.4246109169908
bGWO-TVT,Parkinsons,1,0.040993006993007085,0.964102564102564,12,22,241.93158787488937
bGWO-TVT,M-of-n,24,0.004615384615384616,1.0,6,13,584.26036608289
bGWO-TVT,M-of-n,25,0.004615384615384616,1.0,6,13,588.1218596659601
bGWO-TVT,Parkinsons,2,0.06130069930069932,0.9435897435897436,12,22,242.91584179201163
bGWO-TVT,Parkinsons,3,0.04606993006993015,0.9589743589743589,12,22,240.60265704221092
bGWO-TVT,M-of-n,26,0.004615384615384616,1.0,6,13,586.3508202079684
bGWO-TVT,M-of-n,27,0.004615384615384616,1.0,6,13,587.2192186659668
bGWO-TVT,M-of-n,28,0.01330461538461539,0.992,7,13,583.8564462498762
bGWO-TVT,M-of-n,29,0.014294615384615392,0.991,7,13,589.9041040420998
bGWO-TVT,Parkinsons,4,0.04008391608391618,0.964102564102564,10,22,241.5320047501009
bGWO-TVT,Parkinsons,5,0.039629370629370504,0.9641025641025642,9,22,244.78323783283122
bGWO-TVT,Parkinsons,6,0.056223776223776264,0.9487179487179487,12,22,242.09961812500842
bGWO-TVT,Parkinsons,7,0.050237762237762294,0.9538461538461538,10,22,243.01787524996325
bGWO-TVT,Parkinsons,8,0.03500699300699312,0.9692307692307691,10,22,243.32019295892678
bGWO-TVT,Parkinsons,9,0.024853146853146997,0.9794871794871793,10,22,241.95924662495963
bGWO-TVT,Parkinsons,10,0.0548601398601399,0.9487179487179487,9,22,240.246918666875
bGWO-TVT,Parkinsons,11,0.04053846153846141,0.9641025641025642,11,22,241.77509616594762
bGWO-TVT,Parkinsons,12,0.034552447552447664,0.9692307692307691,9,22,239.87734520807862
bGWO-TVT,Parkinsons,13,0.04516083916083924,0.9589743589743589,10,22,244.96863445802592
bGWO-TVT,Parkinsons,14,0.046524475524475604,0.9589743589743589,13,22,242.7064868339803
bGWO-TVT,Parkinsons,15,0.043797202797202874,0.9589743589743589,7,22,243.12511837505735
bGWO-TVT,Parkinsons,16,0.04425174825174833,0.9589743589743589,8,22,247.60369324986823
bGWO-TVT,Parkinsons,17,0.026216783216783144,0.9794871794871796,13,22,243.6813579578884
bGWO-TVT,Parkinsons,18,0.04561538461538469,0.9589743589743589,11,22,244.25773862493224
bGWO-TVT,Parkinsons,19,0.029930069930069837,0.9743589743589745,10,22,244.43399316701107
bGWO-TVT,Parkinsons,20,0.059027972027972046,0.9435897435897436,7,22,244.26769799995236
bGWO-TVT,Parkinsons,21,0.04053846153846163,0.964102564102564,11,22,247.34496929193847
bGWO-TVT,Parkinsons,22,0.04099300699300687,0.9641025641025642,12,22,250.64779654098675
bGWO-TVT,Parkinsons,23,0.039629370629370504,0.9641025641025642,9,22,246.35496558318846
bGWO-TVT,Parkinsons,24,0.049328671328671386,0.9538461538461538,8,22,247.93504524999298
bGWO-TVT,Parkinsons,25,0.03917482517482527,0.964102564102564,8,22,243.3923508329317
bGWO-TVT,Parkinsons,26,0.03500699300699312,0.9692307692307691,10,22,237.2225947091356
bGWO-TVT,Parkinsons,27,0.03872027972027981,0.964102564102564,7,22,238.57054279209115
bGWO-TVT,Parkinsons,28,0.04561538461538469,0.9589743589743589,11,22,216.36853108298965
bGWO-TVT,Parkinsons,29,0.04425174825174833,0.9589743589743589,8,22,204.39669600012712
bGWO-TVT,Sonar,0,0.12312195121951224,0.8796747967479674,24,60,385.44096679100767
bGWO-TVT,Sonar,1,0.10969744483159123,0.8940766550522647,29,60,373.3871787909884
bGWO-TVT,Sonar,2,0.11340011614401856,0.8896631823461092,25,60,374.3667533749249
bGWO-TVT,Sonar,3,0.10518989547038338,0.8993031358885016,33,60,367.5267755840905
bGWO-TVT,Sonar,4,0.12833623693379792,0.8749128919860627,27,60,365.5204110830091
bGWO-TVT,Sonar,5,0.123506968641115,0.8797909407665505,27,60,368.70890995883383
bGWO-TVT,Sonar,6,0.09925725900116147,0.9039488966318234,25,60,367.65747354202904
bGWO-TVT,Sonar,7,0.1368048780487805,0.8658536585365854,24,60,367.0573567908723
bGWO-TVT,Sonar,8,0.11340011614401856,0.8896631823461092,25,60,369.3619242499117
bGWO-TVT,Sonar,9,0.1175110336817654,0.8846689895470383,20,60,368.33648424991407
bGWO-TVT,Sonar,10,0.12371370499419283,0.8802555168408827,31,60,370.15298758400604
bGWO-TVT,Sonar,11,0.11917770034843207,0.8846689895470383,30,60,368.7222117919009
bGWO-TVT,Sonar,12,0.1238519163763067,0.8794425087108013,27,60,367.0958830420859
bGWO-TVT,Sonar,13,0.1287212543554007,0.8750290360046458,30,60,368.5358675830066
bGWO-TVT,Sonar,14,0.10795586527293839,0.8946573751451801,22,60,366.45402716705576
bGWO-TVT,Sonar,15,0.11406678281068522,0.8896631823461092,29,60,364.48900695797056
bGWO-TVT,Sonar,16,0.1285029036004646,0.8749128919860627,28,60,373.18718787492253
bGWO-TVT,Sonar,17,0.11917770034843207,0.8846689895470383,30,60,371.5352527501527
bGWO-TVT,Sonar,18,0.10946747967479677,0.8943089430894309,29,60,374.34739895910025
bGWO-TVT,Sonar,19,0.12827293844367013,0.8751451800232288,28,60,376.4516848339699
bGWO-TVT,Sonar,20,0.10931242740998846,0.8939605110336817,26,60,374.22998466715217
bGWO-TVT,Sonar,21,0.12896283391405353,0.8744483159117304,28,60,375.8862191669177
bGWO-TVT,Sonar,22,0.13349883855981418,0.8700348432055749,29,60,369.07260600011796
bGWO-TVT,Sonar,23,0.12889953542392574,0.8746806039488966,29,60,373.1814676669892
bGWO-TVT,Sonar,25,0.1142334494773519,0.8896631823461092,30,60,334.75741575006396
bGWO-TVT,Sonar,24,0.11363008130081304,0.8894308943089431,25,60,335.405525167007
bGWO-TVT,SpectEW,1,0.134193253287593,0.8690426275331935,10,22,195.6114072909113
bGWO-TVT,Sonar,26,0.09449128919860635,0.9085946573751451,24,60,336.18599329097196
bGWO-TVT,SpectEW,0,0.1454008004574042,0.8577218728162125,10,22,255.42579762497917
bGWO-TVT,Sonar,27,0.11962601626016263,0.8845528455284553,32,60,338.6989112079609
bGWO-TVT,Sonar,28,0.11884436701509873,0.8846689895470383,28,60,340.9504564171657
bGWO-TVT,Sonar,29,0.1331538908246226,0.870383275261324,29,60,360.11011491692625
bGWO-TVT,SpectEW,2,0.14180331618067463,0.8613556953179595,10,22,259.44354891590774
bGWO-TVT,SpectEW,3,0.14253459119496847,0.8610761705101329,11,22,259.5640768748708
bGWO-TVT,SpectEW,4,0.135240708976558,0.8689028651292803,12,22,261.3006073331926
bGWO-TVT,SpectEW,6,0.13440080045740424,0.8688329839273236,10,22,265.42729595815763
bGWO-TVT,SpectEW,5,0.14553916523727828,0.8575821104122993,10,22,269.5580295419786
bGWO-TVT,SpectEW,7,0.14250485991995407,0.8615653389238297,12,22,275.4178838750813
bGWO-TVT,SpectEW,8,0.14895883361921092,0.8536687631027254,9,22,273.9289009999484
bGWO-TVT,SpectEW,9,0.13768210405946243,0.8650593990216633,9,22,279.44094954198226
bGWO-TVT,SpectEW,11,0.1386603773584906,0.8649895178197065,11,22,275.18476116703823
bGWO-TVT,SpectEW,10,0.14180331618067463,0.8613556953179595,10,22,276.075310833985
bGWO-TVT,SpectEW,12,0.14211949685534586,0.8614954577218729,11,22,276.2494553751312
bGWO-TVT,SpectEW,13,0.1408942252715837,0.8613556953179595,8,22,272.0665296250954
bGWO-TVT,SpectEW,14,0.1484351057747284,0.853738644304682,8,22,273.08945499989204
bGWO-TVT,SpectEW,15,0.14770383076043445,0.8540181691125088,7,22,271.62773366691545
bGWO-TVT,SpectEW,16,0.14836592338479124,0.8538085255066388,8,22,271.3810813750606
bGWO-TVT,SpectEW,17,0.1451538021726701,0.8575122292103424,9,22,275.4471959169023
bGWO-TVT,SpectEW,18,0.1376129216695256,0.8651292802236197,9,22,273.3539376249537
bGWO-TVT,SpectEW,19,0.1381069182389937,0.8655485674353599,11,22,273.9630335001275
bGWO-TVT,SpectEW,20,0.14152658662092632,0.8616352201257861,10,22,273.7639402500354
bGWO-TVT,SpectEW,21,0.14519325328759294,0.8579315164220824,10,22,273.9033256669063
bGWO-TVT,SpectEW,22,0.1415563178959403,0.8611460517120897,9,22,274.49059008318
bGWO-TVT,SpectEW,23,0.1372275586049172,0.8650593990216631,8,22,275.68168095801957
bGWO-TVT,SpectEW,24,0.1427815894797028,0.8612858141160027,12,22,272.31040262500755
bGWO-TVT,SpectEW,25,0.14581589479702678,0.8573025856044725,10,22,278.3700555411633
bGWO-TVT,SpectEW,26,0.14201086335048596,0.8611460517120895,10,22,279.42490225005895
bGWO-TVT,SpectEW,27,0.14644825614636942,0.857582110412299,12,22,280.4157720829826
bGWO-TVT,SpectEW,28,0.14861292166952556,0.8540181691125086,9,22,279.75580050004646
bGWO-TVT,SpectEW,29,0.14079531160663236,0.8619147449336129,9,22,276.75433691684157
bGWO-TVT,TicTacToe,0,0.15672905759162287,0.8517888307155325,9,9,548.7281794578303
bGWO-TVT,TicTacToe,1,0.16090265052356026,0.8475730802792321,9,9,549.0228039580397
bGWO-TVT,TicTacToe,2,0.15777110602094235,0.8507362565445027,9,9,545.5145838749595
bGWO-TVT,TicTacToe,3,0.15987679973821992,0.8486092931937173,9,9,551.2180683750194
bGWO-TVT,TicTacToe,4,0.15880775523560212,0.8496891361256544,9,9,542.9888645000756
bGWO-TVT,TicTacToe,5,0.16502225130890044,0.843411867364747,9,9,543.5095333331265
bGWO-TVT,TicTacToe,6,0.16502225130890044,0.843411867364747,9,9,548.8661404170562
bGWO-TVT,TicTacToe,7,0.15880775523560212,0.8496891361256544,9,9,543.5274323751219
bGWO-TVT,TicTacToe,8,0.15987679973821992,0.8486092931937173,9,9,542.4241312090307
bGWO-TVT,TicTacToe,9,0.15880775523560212,0.8496891361256544,9,9,541.8270090830047
bGWO-TVT,TicTacToe,10,0.1660535013089006,0.8423702006980802,9,9,542.1048933328129
bGWO-TVT,TicTacToe,11,0.16089185209424073,0.8475839877835952,9,9,547.4489575829357
bGWO-TVT,TicTacToe,13,0.16911485602094248,0.8392779232111692,9,9,544.9442964170594
bGWO-TVT,TicTacToe,12,0.15571400523560205,0.8528141361256545,9,9,548.711570084095
bGWO-TVT,TicTacToe,14,0.16398020287958118,0.8444644415357766,9,9,548.9551348751411
bGWO-TVT,TicTacToe,15,0.1536191099476439,0.8549301919720769,9,9,550.1327680838294
bGWO-TVT,TicTacToe,16,0.16501685209424083,0.8434173211169285,9,9,549.6387433749624
bGWO-TVT,TicTacToe,18,0.16604270287958117,0.8423811082024433,9,9,544.5438438751735
bGWO-TVT,TicTacToe,17,0.16500605366492152,0.8434282286212914,9,9,547.8043351250235
bGWO-TVT,TicTacToe,19,0.1618745091623036,0.846591404886562,9,9,547.3341266249772
bGWO-TVT,TicTacToe,20,0.16393700916230358,0.8445080715532287,9,9,541.5889017500449
bGWO-TVT,TicTacToe,21,0.1577495091623036,0.8507580715532287,9,9,544.7813718749676
bGWO-TVT,TicTacToe,22,0.16916884816753916,0.8392233856893544,9,9,544.9077067088801
bGWO-TVT,TicTacToe,23,0.16915804973821985,0.8392342931937173,9,9,541.8635808329564
bGWO-TVT,Vote,0,0.027334759481961124,0.9742830712303423,3,16,252.74177241604775
bGWO-TVT,Vote,1,0.027701086956521702,0.9739130434782609,3,16,250.418046124978
bGWO-TVT,TicTacToe,24,0.1567398560209424,0.8517779232111693,9,9,551.779754916206
bGWO-TVT,TicTacToe,25,0.1526148560209423,0.8559445898778361,9,9,547.4441350828856
bGWO-TVT,TicTacToe,26,0.16602650523560225,0.8423974694589876,9,9,548.1169040829409
bGWO-TVT,TicTacToe,27,0.1588023560209425,0.8496945898778359,9,9,553.8636381248944
bGWO-TVT,Vote,2,0.030663852913968625,0.9696577243293246,1,16,247.52553070918657
bGWO-TVT,Vote,3,0.027426341350601235,0.974190564292322,3,16,246.01518100011162
bGWO-TVT,TicTacToe,28,0.1526094568062827,0.8559500436300175,9,9,545.899281334132
bGWO-TVT,TicTacToe,29,0.16500065445026169,0.843433682373473,9,9,548.629717834061
bGWO-TVT,Vote,4,0.027868177613321003,0.9743755781683626,4,16,246.92884012497962
bGWO-TVT,Vote,5,0.02823450508788158,0.9740055504162812,4,16,248.04578708298504
bGWO-TVT,Vote,6,0.027517923219241354,0.9740980573543017,3,16,247.2355949578341
bGWO-TVT,Vote,7,0.027426341350601458,0.9741905642923218,3,16,252.12882158299908
bGWO-TVT,Vote,8,0.03092252543940783,0.9700277520814062,2,16,252.4464088329114
bGWO-TVT,Vote,9,0.031014107308048055,0.9699352451433858,2,16,250.63517962489277
bGWO-TVT,Vote,10,0.03092252543940783,0.9700277520814062,2,16,250.7101023341529
bGWO-TVT,Vote,11,0.03048068917668817,0.9698427382053655,1,16,252.4315581251867
bGWO-TVT,Vote,12,0.027334759481961124,0.9742830712303423,3,16,252.38718566694297
bGWO-TVT,Vote,14,0.028142923219241354,0.9740980573543017,4,16,250.65225275000557
bGWO-TVT,Vote,13,0.03029752543940783,0.9700277520814062,1,16,251.29504429083318
bGWO-TVT,Vote,15,0.031822271045328504,0.9697502312673449,3,16,253.3249697079882
bGWO-TVT,Vote,17,0.031014107308048055,0.9699352451433858,2,16,253.1429621670395
bGWO-TVT,Vote,16,0.023396739130434767,0.9782608695652174,3,16,254.76330333389342
bGWO-TVT,Vote,18,0.028142923219241354,0.9740980573543017,4,16,251.641496083932
bGWO-TVT,Vote,19,0.027517923219241354,0.9740980573543017,3,16,252.55712300003506
bGWO-TVT,Vote,20,0.030297525439408047,0.970027752081406,1,16,254.12060066591948
bGWO-TVT,Vote,22,0.027517923219241576,0.9740980573543014,3,16,251.05187450000085
bGWO-TVT,Vote,21,0.031014107308048055,0.9699352451433858,2,16,252.58491979097016
bGWO-TVT,Vote,23,0.027334759481961124,0.9742830712303423,3,16,254.2695902909618
bGWO-TVT,Vote,24,0.027517923219241354,0.9740980573543017,3,16,244.06753216707148
bGWO-TVT,Vote,25,0.027609505087881694,0.9740055504162811,3,16,247.44169383286498
bGWO-TVT,Vote,26,0.027609505087881694,0.9740055504162811,3,16,241.62615124997683
bGWO-TVT,Vote,27,0.031822271045328504,0.9697502312673449,3,16,242.12498145899735
bGWO-TVT,Vote,28,0.031197271045328507,0.9697502312673449,2,16,242.52505870792083
bGWO-TVT,Vote,29,0.027334759481961124,0.9742830712303423,3,16,237.5962073339615
bGWO-TVT,WDBC,0,0.027346530041918938,0.9754075454122031,9,30,473.8408768340014
bGWO-TVT,WDBC,1,0.02652414221394195,0.9789318428815401,17,30,466.893190999981
bGWO-TVT,WDBC,3,0.026578947368421015,0.9771929824561404,12,30,448.6307968329638
bGWO-TVT,WDBC,4,0.029052631578947448,0.9736842105263157,9,30,437.41456383420154
bGWO-TVT,WDBC,2,0.026307095171557094,0.9771308802980905,11,30,510.27517791697755
bGWO-TVT,WDBC,5,0.025221549448843274,0.9789007918025152,13,30,490.05172162503004
bGWO-TVT,WDBC,7,0.028004502406458742,0.9770998292190652,16,30,484.732660042122
bGWO-TVT,WDBC,6,0.029028566992702932,0.9753920198726906,14,30,530.0534716669936
bGWO-TVT,WDBC,8,0.02759431765253856,0.9771774569166277,15,30,438.32878337497823
bGWO-TVT,WDBC,9,0.02622154944884338,0.9789007918025151,16,30,476.66378879197873
bGWO-TVT,WDBC,11,0.022802670392796334,0.9806707033069397,11,30,447.5976580409333
bGWO-TVT,WDBC,10,0.024500077627697545,0.9806396522279149,16,30,473.8164429171011
bGWO-TVT,WDBC,13,0.02413600372612945,0.98067070330694,15,30,428.6397824580781
bGWO-TVT,WDBC,12,0.026206179164726055,0.9789163173420276,16,30,459.54554975009523
bGWO-TVT,WDBC,14,0.027664493091134945,0.9754230709517155,10,30,447.7054831669666
bGWO-TVT,WDBC,15,0.026175438596491293,0.9789473684210526,16,30,464.2058726660907
bGWO-TVT,WDBC,16,0.025190808880608512,0.9789318428815402,13,30,511.7830247080419
bGWO-TVT,WDBC,17,0.026609687936655777,0.9771619313771154,12,30,427.0004140420351
bGWO-TVT,WDBC,19,0.025206179164725836,0.9789163173420278,13,30,441.77836908283643
bGWO-TVT,WDBC,18,0.02552414221394195,0.9789318428815401,14,30,466.17268520896323
bGWO-TVT,WDBC,20,0.024818040676913553,0.9806551777674274,17,30,447.18313000001945
bGWO-TVT,WDBC,21,0.027276354603322443,0.9771619313771154,14,30,453.77209075004794
bGWO-TVT,WDBC,22,0.027625058220773102,0.9771464058376029,15,30,472.57106137508526
bGWO-TVT,WDBC,23,0.025221549448843382,0.9789007918025151,13,30,515.643739834195
bGWO-TVT,WDBC,24,0.025570253066294152,0.9788852662630025,14,30,474.0070187919773
bGWO-TVT,WDBC,25,0.025554882782176713,0.9789007918025151,14,30,519.198101334041
bGWO-TVT,WDBC,27,0.025221549448843382,0.9789007918025151,13,30,508.8818956660107
bGWO-TVT,WDBC,26,0.024469337059462783,0.98067070330694,16,30,525.0881927500013
bGWO-TVT,WDBC,28,0.025206179164725836,0.9789163173420278,13,30,547.3614004580304
bGWO-TVT,WDBC,29,0.024802670392796336,0.9806707033069397,17,30,552.5948981249239
bGWO-TVT,WaveformEW,0,0.19086999999999996,0.812,19,40,3236.966305207927
bGWO-TVT,WaveformEW,1,0.19324600000000003,0.8096,19,40,3272.057658957783
bGWO-TVT,WaveformEW,2,0.19582999999999995,0.808,23,40,3325.698224749882
bGWO-TVT,WaveformEW,3,0.19601800000000005,0.8068,19,40,3365.9222920828033
bGWO-TVT,WaveformEW,4,0.19606999999999994,0.807,20,40,3388.134591333801
bGWO-TVT,WaveformEW,5,0.19909199999999996,0.8042,21,40,3383.631189541891
bGWO-TVT,WaveformEW,6,0.1922979999999999,0.8098000000000001,16,40,3400.8419312920887
bGWO-TVT,WaveformEW,7,0.18473199999999995,0.8182,19,40,3401.6558389170095
bGWO-TVT,WaveformEW,8,0.19432999999999995,0.808,17,40,3418.1064610411413
bGWO-TVT,WaveformEW,9,0.19265199999999996,0.8102,19,40,3434.9931599581614
bGWO-TVT,WaveformEW,10,0.18596199999999996,0.8162,16,40,3457.271143875085
bGWO-TVT,WaveformEW,11,0.1878060000000001,0.8155999999999999,21,40,3442.961034832988
bGWO-TVT,WaveformEW,12,0.191026,0.8126,22,40,3385.441751750186
bGWO-TVT,WaveformEW,13,0.19255799999999992,0.8108000000000001,21,40,3437.5727486661635
bGWO-TVT,WaveformEW,14,0.19829999999999995,0.805,21,40,3407.4109680838883
bGWO-TVT,WaveformEW,15,0.1933920000000001,0.8091999999999999,18,40,3446.5718024580274
bGWO-TVT,WaveformEW,16,0.196924,0.8074,25,40,3313.1169608340133
bGWO-TVT,WaveformEW,17,0.190474,0.8124,19,40,3270.956986707868
bGWO-TVT,WaveformEW,18,0.18833800000000003,0.8138,16,40,3270.371109624859
bGWO-TVT,WaveformEW,19,0.18923399999999999,0.8134,18,40,3247.868594333995
bGWO-TVT,WaveformEW,20,0.18844200000000008,0.8141999999999999,18,40,3254.6185317500494
bGWO-TVT,WaveformEW,21,0.191224,0.8124,22,40,3268.9645810420625
bGWO-TVT,WaveformEW,22,0.19260000000000005,0.8099999999999999,18,40,3239.285651125014
bGWO-TVT,WaveformEW,23,0.1981959999999999,0.8046000000000001,19,40,3221.924026041059
bGWO-TVT,Zoo,0,0.025424999999999906,0.9800000000000001,9,16,133.01016308413818
bGWO-TVT,Zoo,1,0.01615000000000001,0.99,10,16,134.45227837492712
bGWO-TVT,Zoo,2,0.023549999999999908,0.9800000000000001,6,16,133.59859108296223
bGWO-TVT,Zoo,3,0.024328571428571404,0.9804761904761905,8,16,130.67358150007203
bGWO-TVT,Zoo,4,0.026203571428571514,0.9804761904761904,11,16,132.35231208289042
bGWO-TVT,Zoo,5,0.026674999999999907,0.9800000000000001,11,16,131.8104305830784
bGWO-TVT,Zoo,6,0.025424999999999906,0.9800000000000001,9,16,133.93532316712663
bGWO-TVT,Zoo,7,0.023078571428571403,0.9804761904761905,6,16,134.55857400014065
bGWO-TVT,Zoo,8,0.022924999999999907,0.9800000000000001,5,16,132.0251627501566
bGWO-TVT,Zoo,9,0.03345000000000002,0.97,6,16,131.38408033293672
bGWO-TVT,Zoo,10,0.025424999999999906,0.9800000000000001,9,16,132.240501916036
bGWO-TVT,Zoo,11,0.022924999999999907,0.9800000000000001,5,16,130.75294112507254
bGWO-TVT,Zoo,12,0.023549999999999908,0.9800000000000001,6,16,130.14849470788613
bGWO-TVT,Zoo,13,0.025424999999999906,0.9800000000000001,9,16,133.02445254195482
bGWO-TVT,Zoo,14,0.03235357142857152,0.9704761904761904,5,16,132.80384762515314
bGWO-TVT,Zoo,15,0.025578571428571402,0.9804761904761905,10,16,130.90017300006002
bGWO-TVT,Zoo,16,0.026049999999999907,0.9800000000000001,10,16,130.29112975019962
bGWO-TVT,Zoo,17,0.02479999999999991,0.9800000000000001,8,16,131.15401433291845
bGWO-TVT,Zoo,18,0.025424999999999906,0.9800000000000001,9,16,130.45865908288397
bGWO-TVT,Zoo,19,0.03407500000000002,0.97,7,16,131.827332417015
bGWO-TVT,Zoo,20,0.01490000000000001,0.99,8,16,135.7228137499187
bGWO-TVT,Zoo,21,0.022924999999999907,0.9800000000000001,5,16,132.61008841590956
bGWO-TVT,Zoo,22,0.01615000000000001,0.99,10,16,128.73253341694362
bGWO-TVT,Zoo,23,0.03407499999999992,0.9700000000000001,7,16,128.92241245904006
bGWO-TVT,Zoo,24,0.025424999999999906,0.9800000000000001,9,16,128.31162695912644
bGWO-TVT,Zoo,25,0.01615000000000001,0.99,10,16,128.61841975012794
bGWO-TVT,Zoo,26,0.026674999999999907,0.9800000000000001,11,16,129.84350895811804
bGWO-TVT,Zoo,27,0.024328571428571404,0.9804761904761905,8,16,128.13810858293436
bGWO-TVT,Zoo,28,0.025424999999999906,0.9800000000000001,9,16,129.62664462509565
bGWO-TVT,Zoo,29,0.026049999999999907,0.9800000000000001,10,16,132.61523624998517
bPSO-V4,BreastEW,0,0.028764658174705374,0.9765564620008588,5,9,304.0104471249506
bPSO-V4,BreastEW,1,0.02799831830542443,0.9750858737655645,3,9,296.0665128750261
bGWO-TVT,WaveformEW,24,0.195184,0.8084,22,40,3096.24707912514
bPSO-V4,BreastEW,2,0.031331651638757764,0.9750858737655645,6,9,299.26250274991617
bPSO-V4,BreastEW,3,0.030565311769476605,0.9736152855302705,4,9,295.2205622920301
bGWO-TVT,WaveformEW,25,0.18845199999999987,0.8152000000000001,22,40,3111.218991542002
bPSO-V4,BreastEW,4,0.030178033013692027,0.975128810648347,5,9,309.851438957965
bGWO-TVT,WaveformEW,26,0.1830540000000001,0.8203999999999999,21,40,3075.951894041151
bPSO-V4,BreastEW,5,0.031310397881780395,0.9751073422069558,6,9,317.41005429206416
bPSO-V4,BreastEW,6,0.029454200658365494,0.9736152855302705,3,9,309.8715408751741
bGWO-TVT,WaveformEW,27,0.19330799999999992,0.8108000000000001,24,40,3093.705031957943
bPSO-V4,BreastEW,7,0.029432946901388344,0.9736367539716616,3,9,322.6919414170552
bGWO-TVT,WaveformEW,28,0.19780999999999996,0.806,23,40,3126.4535596249625
bGWO-TVT,WaveformEW,29,0.194684,0.8084,20,40,3180.4522157500032
bPSO-V4,BreastEW,8,0.030533431134010882,0.9736474881923571,4,9,348.0997203751467
bPSO-V4,BreastEW,9,0.030199286770669284,0.9751073422069558,5,9,357.13067408395
bPSO-V4,BreastEW,10,0.03087820237584083,0.9721768999570631,3,9,363.83147620782256
bPSO-V4,BreastEW,11,0.031602034731167364,0.9736904250751396,5,9,370.4242110000923
bPSO-V4,BreastEW,12,0.028008945183912896,0.9750751395448691,3,9,370.2183270419482
bPSO-V4,BreastEW,13,0.029390439387433825,0.973679690854444,3,9,374.12185283284634
bPSO-V4,BreastEW,14,0.030512177377033513,0.9736689566337484,4,9,374.6079494578298
bPSO-V4,BreastEW,15,0.030888829254329404,0.9721661657363676,3,9,377.4001255419571
bPSO-V4,BreastEW,16,0.03164454224512199,0.9736474881923571,5,9,379.2626801249571
bPSO-V4,BreastEW,17,0.029886396164305058,0.9765457277801632,6,9,384.50677266716957
bPSO-V4,BreastEW,18,0.03053343113401066,0.9736474881923574,4,9,376.6242461251095
bPSO-V4,BreastEW,19,0.030220540527646653,0.9750858737655645,5,9,376.001141540939
bPSO-V4,BreastEW,20,0.03166579600209903,0.9736260197509662,5,9,386.70533070899546
bPSO-V4,BreastEW,21,0.03018865989218071,0.9751180764276514,5,9,380.1892883749679
bPSO-V4,BreastEW,22,0.030856948618863574,0.9721983683984543,3,9,377.51339937513694
bPSO-V4,BreastEW,23,0.02954162492247511,0.9780163160154572,7,9,383.3748594170902
bPSO-V4,BreastEW,24,0.032421508992891396,0.9751073422069559,7,9,377.49923299998045
bPSO-V4,BreastEW,25,0.03015677925671477,0.9751502790897382,5,9,372.84658574988134
bPSO-V4,BreastEW,26,0.03164454224512199,0.9736474881923571,5,9,361.6751598750707
bPSO-V4,BreastEW,27,0.0327981608701874,0.973604551309575,6,9,352.8968838748988
bPSO-V4,BreastEW,28,0.03227032345785023,0.9707707170459425,3,9,339.479673165828
bPSO-V4,BreastEW,29,0.0320105672439292,0.972155431515672,4,9,335.7730999169871
bPSO-V4,ColonCancer,0,0.10039153846153845,0.9025641025641026,786,2000,468.4084519171156
bPSO-V4,ColonCancer,1,0.13223230769230776,0.8705128205128204,808,2000,430.2623738341499
bPSO-V4,ColonCancer,2,0.08487076923076928,0.9179487179487179,728,2000,427.9924486251548
bPSO-V4,ColonCancer,3,0.12955384615384624,0.873076923076923,780,2000,431.7587124169804
bPSO-V4,ColonCancer,4,0.08510576923076917,0.917948717948718,775,2000,433.29574087494984
bPSO-V4,ColonCancer,5,0.13216730769230778,0.8705128205128204,795,2000,436.82654591696337
bPSO-V4,ColonCancer,6,0.11660653846153839,0.885897435897436,729,2000,438.6540867090225
bPSO-V4,ColonCancer,7,0.08124307692307688,0.9217948717948719,764,2000,438.86968437512405
bPSO-V4,ColonCancer,8,0.11416307692307687,0.8884615384615385,748,2000,441.4194137498271
bPSO-V4,ColonCancer,9,0.10038153846153844,0.9025641025641026,784,2000,444.29845891706645
bPSO-V4,ColonCancer,10,0.10157576923076922,0.9012820512820513,769,2000,441.4215611249674
bPSO-V4,ColonCancer,11,0.12939884615384603,0.8730769230769232,749,2000,445.41975358407944
bPSO-V4,ColonCancer,12,0.13360653846153833,0.8692307692307694,829,2000,446.17456554202363
bPSO-V4,ColonCancer,13,0.13211730769230778,0.8705128205128204,785,2000,445.0429087080993
bPSO-V4,ColonCancer,14,0.11163961538461555,0.8910256410256409,751,2000,444.5290893330239
bPSO-V4,ColonCancer,15,0.10034153846153844,0.9025641025641026,776,2000,447.68569212500006
bPSO-V4,ColonCancer,16,0.0990423076923077,0.9038461538461539,770,2000,444.14683787501417
bPSO-V4,ColonCancer,17,0.09809307692307692,0.9051282051282051,834,2000,444.44133187504485
bPSO-V4,ColonCancer,18,0.13206230769230778,0.8705128205128204,774,2000,442.93698183307424
bPSO-V4,ColonCancer,19,0.14731307692307696,0.8551282051282051,778,2000,445.19352479092777
bPSO-V4,ColonCancer,20,0.13302653846153834,0.8692307692307694,713,2000,446.65928575000726
bPSO-V4,ColonCancer,21,0.0660173076923077,0.9371794871794872,765,2000,447.9695682080928
bPSO-V4,ColonCancer,22,0.09924730769230769,0.9038461538461539,811,2000,448.7358462919947
bPSO-V4,ColonCancer,23,0.13365153846153854,0.8692307692307691,838,2000,449.7506413748488
bPSO-V4,ColonCancer,24,0.06909076923076922,0.9346153846153846,872,2000,424.20717624993995
bPSO-V4,ColonCancer,25,0.09910730769230769,0.9038461538461539,783,2000,415.92922349995933
bPSO-V4,ColonCancer,26,0.09774307692307692,0.9051282051282051,764,2000,413.9155747918412
bPSO-V4,Diabetes,0,0.24989705882352933,0.7538918597742128,5,8,297.50476858299226
bPSO-V4,Diabetes,1,0.24352731092436963,0.7603259485612428,5,8,302.1244715419598
bPSO-V4,ColonCancer,27,0.10033653846153845,0.9025641025641026,775,2000,416.17906316695735
bPSO-V4,ColonCancer,28,0.16388307692307688,0.8384615384615385,792,2000,413.9903519579675
bPSO-V4,ColonCancer,29,0.10041153846153844,0.9025641025641026,790,2000,422.24989991704933
bPSO-V4,Diabetes,2,0.2369411764705883,0.7657159833630421,4,8,375.45924791600555
bPSO-V4,Diabetes,4,0.2396323529411764,0.7617349970291147,3,8,393.4786263331771
bPSO-V4,Diabetes,3,0.238296218487395,0.7630846277905101,3,8,401.294152708957
bPSO-V4,Diabetes,5,0.2357836134453782,0.7656226126814362,3,8,396.6419207090512
bPSO-V4,Diabetes,6,0.25131302521008403,0.7499363381716323,3,8,406.7596047499683
bPSO-V4,Diabetes,7,0.23440336134453796,0.7682794329853152,4,8,410.02865050011314
bPSO-V4,Diabetes,8,0.24346848739495797,0.7603853662677192,5,8,415.8972661248408
bPSO-V4,Diabetes,9,0.24988025210084036,0.7539088362617774,5,8,419.97375408303924
bPSO-V4,Diabetes,10,0.2435462184873949,0.7590442237501062,4,8,405.8018582079094
bPSO-V4,Diabetes,11,0.25133823529411753,0.7499108734402853,3,8,399.1731347499881
bPSO-V4,Diabetes,12,0.24085924369747896,0.7604957134368899,3,8,405.4740161248483
bPSO-V4,Diabetes,13,0.2395861344537815,0.7643069348951702,5,8,420.5185811659321
bPSO-V4,Diabetes,15,0.2382773109243697,0.7643663526016468,4,8,410.2187181247864
bPSO-V4,Diabetes,14,0.2458949579831933,0.7591970121381886,6,8,424.3843830411788
bPSO-V4,Diabetes,16,0.2511134453781513,0.7539258127493421,6,8,422.7313589588739
bPSO-V4,Diabetes,17,0.24085504201680677,0.7630252100840336,5,8,413.13194037484936
bPSO-V4,Diabetes,18,0.24867226890756297,0.7538663950428657,4,8,407.55325324996375
bPSO-V4,Diabetes,19,0.2396827731092437,0.7616840675664205,3,8,400.1589284581132
bPSO-V4,Diabetes,20,0.2420882352941176,0.7630421865715984,6,8,425.6258940419648
bPSO-V4,Diabetes,21,0.25238025210084025,0.7539088362617775,7,8,435.8602734170854
bPSO-V4,Diabetes,22,0.24472899159663875,0.7591121297003649,5,8,421.5710888330359
bPSO-V4,Diabetes,23,0.23959453781512607,0.7642984466513878,5,8,419.2112644580193
bPSO-V4,Diabetes,24,0.23185714285714293,0.7708513708513708,4,8,407.27827204205096
bPSO-V4,Diabetes,25,0.24979201680672275,0.7565232153467447,7,8,428.67103554098867
bPSO-V4,Diabetes,26,0.2433907563025211,0.7617265087853322,6,8,425.82713133399375
bPSO-V4,Diabetes,27,0.24087394957983194,0.761743485272897,4,8,407.4356126249768
bPSO-V4,Diabetes,28,0.2447983193277311,0.7577794754265342,4,8,407.97738237516023
bPSO-V4,Diabetes,29,0.24602941176470583,0.7590612002376709,6,8,425.46736833290197
bPSO-V4,GermanCredit,0,0.22479,0.779,12,20,598.5171499999706
bPSO-V4,GermanCredit,1,0.23123,0.773,13,20,607.1447525839321
bPSO-V4,GermanCredit,2,0.22576999999999997,0.777,10,20,574.8341665000189
bPSO-V4,GermanCredit,3,0.22378999999999988,0.7790000000000001,10,20,586.3604988330044
bPSO-V4,GermanCredit,4,0.23417,0.767,7,20,569.1827913748566
bPSO-V4,GermanCredit,5,0.2401200000000001,0.7619999999999999,9,20,556.5287684160285
bPSO-V4,GermanCredit,6,0.23271999999999998,0.772,14,20,612.2428955419455
bPSO-V4,GermanCredit,7,0.23121999999999998,0.772,11,20,587.9985862919129
bPSO-V4,GermanCredit,8,0.22576999999999997,0.777,10,20,565.3041567499749
bPSO-V4,GermanCredit,9,0.23418,0.768,9,20,565.3738848750945
bPSO-V4,GermanCredit,10,0.23418,0.768,9,20,578.8806581250392
bPSO-V4,GermanCredit,11,0.23320999999999997,0.771,13,20,599.9774484999944
bPSO-V4,GermanCredit,12,0.23170999999999997,0.771,10,20,594.2193870840129
bPSO-V4,GermanCredit,13,0.23270999999999997,0.771,12,20,601.1779483340215
bPSO-V4,GermanCredit,14,0.22724999999999998,0.775,9,20,573.8209906658158
bPSO-V4,GermanCredit,15,0.22379999999999997,0.78,12,20,602.20714795799
bPSO-V4,GermanCredit,17,0.2327,0.77,10,20,593.9588689999655
bPSO-V4,GermanCredit,16,0.2351900000000001,0.7689999999999999,13,20,605.6574317079503
bPSO-V4,GermanCredit,18,0.22923999999999997,0.774,11,20,586.2084477089811
bPSO-V4,GermanCredit,19,0.23021999999999998,0.772,9,20,584.5092179998755
bPSO-V4,GermanCredit,20,0.23618,0.768,13,20,610.5558808750939
bPSO-V4,GermanCredit,21,0.23418,0.768,9,20,573.8009417499416
bPSO-V4,GermanCredit,22,0.23418999999999998,0.769,11,20,600.7233378749806
bPSO-V4,GermanCredit,23,0.2292300000000001,0.7729999999999999,9,20,579.9952679169364
bPSO-V4,GermanCredit,26,0.22773999999999997,0.774,8,20,559.1322366669774
bPSO-V4,GermanCredit,24,0.2337,0.77,12,20,583.0929458749015
bPSO-V4,GermanCredit,25,0.23765999999999998,0.766,12,20,598.1686550409067
bPSO-V4,HeartDisease,0,0.15391225554106902,0.8484180790960453,5,13,237.36202629096806
bPSO-V4,HeartDisease,1,0.1493402868318121,0.8553672316384182,8,13,239.68587108282372
bPSO-V4,GermanCredit,27,0.23073999999999997,0.774,14,20,605.2408172921278
bPSO-V4,HeartDisease,2,0.14262842242503268,0.8621468926553671,8,13,241.11933087510988
bPSO-V4,HeartDisease,3,0.14967588005215132,0.8550282485875705,8,13,243.27997029107064
bPSO-V4,GermanCredit,28,0.23021999999999998,0.772,9,20,584.9141916660592
bPSO-V4,HeartDisease,4,0.14851512385919174,0.8554237288135592,7,13,243.53819054109044
bPSO-V4,GermanCredit,29,0.2326900000000001,0.7689999999999999,8,20,562.8645463748835
bPSO-V4,HeartDisease,5,0.16364511082138206,0.8416949152542372,9,13,244.64141629217193
bPSO-V4,HeartDisease,6,0.15055632333767915,0.8518079096045199,5,13,239.77040879195556
bPSO-V4,HeartDisease,7,0.14714445893089956,0.8552542372881357,5,13,241.17087354208343
bPSO-V4,HeartDisease,8,0.15374445893089972,0.8485875706214688,5,13,234.68505495903082
bPSO-V4,HeartDisease,9,0.1570444589308997,0.8452542372881355,5,13,235.67932395800017
bPSO-V4,HeartDisease,10,0.1505003911342893,0.8518644067796611,5,13,232.9017488330137
bPSO-V4,HeartDisease,11,0.15884941329856592,0.8488700564971751,12,13,239.4112004591152
bPSO-V4,HeartDisease,12,0.14065632333767925,0.8618079096045198,5,13,233.49673904199153
bPSO-V4,HeartDisease,13,0.15055632333767915,0.8518079096045199,5,13,236.84799733292311
bPSO-V4,HeartDisease,14,0.16028852672750982,0.8419774011299435,5,13,237.21875120908953
bPSO-V4,HeartDisease,15,0.15044445893089953,0.8519209039548024,5,13,233.95361374993809
bPSO-V4,HeartDisease,16,0.15858357235984347,0.848361581920904,11,13,237.22915925015695
bPSO-V4,HeartDisease,17,0.14615215123859188,0.858587570621469,8,13,236.68484779191203
bPSO-V4,HeartDisease,18,0.15192698826597134,0.8519774011299435,7,13,235.55996362492442
bPSO-V4,HeartDisease,19,0.1618276401564536,0.845084745762712,11,13,238.49266566708684
bPSO-V4,HeartDisease,20,0.15704511082138212,0.8483615819209038,9,13,238.05115066701546
bPSO-V4,HeartDisease,21,0.15357666232073014,0.8487570621468926,5,13,236.77005683304742
bPSO-V4,HeartDisease,22,0.15072411994784868,0.8516384180790961,5,13,239.82142933295108
bPSO-V4,HeartDisease,23,0.15824797913950459,0.8487005649717514,11,13,240.9956791670993
bPSO-V4,HeartDisease,24,0.15847105606258158,0.845367231638418,7,13,236.7932395420503
bPSO-V4,HeartDisease,25,0.13730039113428932,0.8651977401129944,5,13,233.6871309170965
bPSO-V4,HeartDisease,26,0.15979895697522822,0.8416949152542372,4,13,235.0631005000323
bPSO-V4,HeartDisease,27,0.14802555410691015,0.855141242937853,6,13,234.17955004097894
bPSO-V4,HeartDisease,28,0.1462640156453715,0.8584745762711865,8,13,232.8543224579189
bPSO-V4,HeartDisease,29,0.1501654498044328,0.8553107344632769,9,13,230.43497824994847
bPSO-V4,IonosphereEW,0,0.0693715469286305,0.9317102615694166,6,34,255.0852791669313
bPSO-V4,IonosphereEW,1,0.06420771688957273,0.9372233400402414,7,34,299.3870657091029
bPSO-V4,IonosphereEW,3,0.06953090306545158,0.9315492957746478,6,34,264.4541849999223
bPSO-V4,IonosphereEW,4,0.06750500650964604,0.9344869215291751,9,34,283.6319362500217
bPSO-V4,IonosphereEW,2,0.07430569298141793,0.9258350100603622,3,34,316.34876079205424
bPSO-V4,IonosphereEW,6,0.0776428216356966,0.9230583501006036,5,34,287.32720008306205
bPSO-V4,IonosphereEW,5,0.0640085217185465,0.9374245472837023,7,34,322.96507199993357
bPSO-V4,IonosphereEW,7,0.07628483844241904,0.9259154929577467,10,34,314.2042016668711
bPSO-V4,IonosphereEW,8,0.06954614747307374,0.931830985915493,7,34,300.25152054196224
bPSO-V4,IonosphereEW,9,0.07223995739140723,0.9288128772635815,6,34,310.47796558309346
bPSO-V4,IonosphereEW,10,0.07223995739140723,0.9288128772635815,6,34,281.23986137495376
bPSO-V4,IonosphereEW,11,0.06611409634276247,0.9344064386317907,4,34,255.68969916692004
bPSO-V4,IonosphereEW,14,0.07231963545981766,0.9287323943661973,6,34,238.97239179094322
bPSO-V4,IonosphereEW,12,0.07510836785418375,0.9259154929577467,6,34,299.8176528750919
bPSO-V4,IonosphereEW,13,0.07265359214108186,0.928692152917505,7,34,303.31463616597466
bPSO-V4,IonosphereEW,16,0.0698250207125104,0.9315492957746478,7,34,301.0373614579439
bPSO-V4,IonosphereEW,15,0.07265359214108186,0.928692152917505,7,34,344.36414112499915
bPSO-V4,IonosphereEW,17,0.07552200260385837,0.9257947686116701,7,34,278.37297983281314
bPSO-V4,IonosphereEW,18,0.06640821398982118,0.9344064386317908,5,34,288.62899133283645
bPSO-V4,IonosphereEW,19,0.06919694638418748,0.93158953722334,5,34,324.4653561669402
bPSO-V4,IonosphereEW,21,0.06986485974671566,0.9315090543259557,7,34,291.0286764581688
bPSO-V4,IonosphereEW,22,0.0670362883181441,0.9343661971830987,7,34,290.5866658340674
bPSO-V4,IonosphereEW,20,0.07003946029115857,0.9316297786720323,8,34,331.8293498749845
bPSO-V4,IonosphereEW,23,0.0782708959640193,0.9230181086519116,7,34,263.6681363750249
bPSO-V4,IonosphereEW,24,0.07432093738904008,0.9261167002012073,4,34,298.0735554161947
bPSO-V4,IonosphereEW,26,0.07186616167593797,0.9288933601609658,5,34,256.20235095801763
bPSO-V4,IonosphereEW,25,0.07811153982719866,0.9231790744466799,7,34,322.16291054082103
bPSO-V4,IonosphereEW,27,0.07290787075393552,0.928732394366197,8,34,298.98915929114446
bPSO-V4,IonosphereEW,28,0.06717104982838205,0.9345271629778672,8,34,303.72215958382003
bPSO-V4,IonosphereEW,29,0.06687693218132323,0.9345271629778672,7,34,305.9098893329501
bPSO-V4,KrVsKpEW,0,0.038932450955734346,0.9655804968701096,17,35,1763.3707091661636
bPSO-V4,KrVsKpEW,1,0.038311280181086475,0.9662079420970267,17,35,1730.68564791698
bPSO-V4,KrVsKpEW,2,0.04050492328973855,0.9637035406885758,16,35,1742.5492332500871
bPSO-V4,KrVsKpEW,4,0.04083360160965806,0.9630829420970265,15,35,1756.746205833042
bPSO-V4,KrVsKpEW,3,0.03802266096579483,0.966210876369327,16,35,1789.919474542141
bPSO-V4,KrVsKpEW,5,0.041689776156941645,0.9630839201877934,18,35,1779.2309735419694
bPSO-V4,KrVsKpEW,7,0.03928575829979877,0.9646464201877935,15,35,1765.2058243749198
bPSO-V4,KrVsKpEW,6,0.042645435110664064,0.961830007824726,17,35,1779.3896680418402
bPSO-V4,KrVsKpEW,8,0.03769204602615691,0.96683343114241,17,35,1720.2934003749397
bPSO-V4,KrVsKpEW,9,0.04047981011066395,0.9640175078247262,17,35,1727.4176714159548
bPSO-V4,KrVsKpEW,10,0.04198130030181086,0.9630780516431925,19,35,1728.9434482092038
bPSO-V4,KrVsKpEW,12,0.04114684984909451,0.9627665297339594,15,35,1682.4124828330241
bPSO-V4,KrVsKpEW,11,0.04021339914486923,0.9637094092331768,15,35,1734.8853339999914
bPSO-V4,KrVsKpEW,15,0.03954829602615698,0.96495843114241,17,35,1646.961337750079
bPSO-V4,KrVsKpEW,13,0.039597554074446595,0.9643314749608765,15,35,1739.2889995421283
bPSO-V4,KrVsKpEW,14,0.03867184984909456,0.9652665297339593,15,35,1723.499182458967
bPSO-V4,KrVsKpEW,16,0.03774227238430579,0.9662054968701096,15,35,1761.233630125178
bPSO-V4,KrVsKpEW,17,0.04300406815895373,0.9608905516431925,15,35,1755.6270430840086
bPSO-V4,KrVsKpEW,18,0.03804971076458764,0.9658949530516431,15,35,1747.9426810420118
bPSO-V4,KrVsKpEW,19,0.0411222208249497,0.9630800078247261,16,35,1751.0069757909514
bPSO-V4,KrVsKpEW,20,0.03895853244466811,0.9652655516431924,16,35,1760.0335101659875
bPSO-V4,KrVsKpEW,21,0.04038419894366196,0.965268485915493,21,35,1790.2880687080324
bPSO-V4,KrVsKpEW,23,0.04048029426559364,0.9640170187793426,17,35,1755.204942750046
bPSO-V4,KrVsKpEW,22,0.04078870095573442,0.9637054968701095,17,35,1769.96473879111
bPSO-V4,Leukemia,0,0.01782809937192458,0.9857142857142858,1316,3571,584.7114252089523
bPSO-V4,Leukemia,1,0.01770488458615029,0.9857142857142858,1272,3571,583.3853423749097
bPSO-V4,Leukemia,2,0.017710485258230938,0.9857142857142858,1274,3571,583.1619356248993
bPSO-V4,Leukemia,3,0.017019658359003056,0.9866666666666667,1364,3571,584.1684028750751
bPSO-V4,KrVsKpEW,24,0.04048029426559364,0.9640170187793426,17,35,1720.4211302080657
bPSO-V4,KrVsKpEW,25,0.037099377515090466,0.967143485915493,16,35,1726.3792757079937
bPSO-V4,KrVsKpEW,26,0.040789185110664,0.9637050078247261,17,35,1729.1943529159762
bPSO-V4,KrVsKpEW,27,0.037381218561368126,0.9671473982785603,17,35,1705.63462062506
bPSO-V4,KrVsKpEW,28,0.03864625251509048,0.965580985915493,16,35,1685.606138916919
bPSO-V4,KrVsKpEW,29,0.03959706991951724,0.9643319640062596,15,35,1696.8323095410597
bPSO-V4,Leukemia,4,0.017766491979037433,0.9857142857142858,1294,3571,530.2200927080121
bPSO-V4,Leukemia,5,0.016700420050406024,0.9866666666666667,1250,3571,530.305069167167
bPSO-V4,Leukemia,6,0.016792831139736744,0.9866666666666667,1283,3571,502.07207133388147
bPSO-V4,Leukemia,7,0.017690882905948665,0.9857142857142858,1267,3571,499.8931822499726
bPSO-V4,Leukemia,8,0.016966451974236886,0.9866666666666667,1345,3571,497.8433993330691
bPSO-V4,Leukemia,9,0.016840436852422265,0.9866666666666667,1300,3571,497.1567414170131
bPSO-V4,Leukemia,10,0.016857238868664217,0.9866666666666667,1306,3571,496.45201254216954
bPSO-V4,Leukemia,11,0.01783370004400523,0.9857142857142858,1318,3571,502.9244053750299
bPSO-V4,Leukemia,12,0.017679681561787362,0.9857142857142858,1263,3571,499.11854412499815
bPSO-V4,Leukemia,13,0.016764827779333497,0.9866666666666667,1273,3571,499.53951999987476
bPSO-V4,Leukemia,14,0.01798491819018277,0.9857142857142858,1372,3571,502.1223932080902
bPSO-V4,Leukemia,15,0.01783930071608588,0.9857142857142858,1320,3571,499.90907241706736
bPSO-V4,Leukemia,16,0.01694684962195461,0.9866666666666667,1338,3571,500.12637858395465
bPSO-V4,Leukemia,17,0.017676881225747038,0.9857142857142858,1262,3571,501.5304164579138
bPSO-V4,Leukemia,18,0.017783293995279382,0.9857142857142858,1300,3571,499.6006115830969
bPSO-V4,Leukemia,19,0.017766491979037433,0.9857142857142858,1294,3571,499.0480767500121
bPSO-V4,Leukemia,20,0.017646077529303465,0.9857142857142858,1251,3571,497.2827130830847
bPSO-V4,Leukemia,21,0.01773008761051321,0.9857142857142858,1281,3571,497.289583374979
bPSO-V4,Leukemia,22,0.017853302396287504,0.9857142857142858,1325,3571,501.0884166250471
bPSO-V4,Leukemia,23,0.01702245869504338,0.9866666666666667,1365,3571,501.3036354579963
bPSO-V4,Leukemia,24,0.017662879545545414,0.9857142857142858,1257,3571,496.56970358407125
bPSO-V4,Leukemia,25,0.017822498699843932,0.9857142857142858,1314,3571,489.18633304187097
bPSO-V4,Leukemia,26,0.01776369164299711,0.9857142857142858,1293,3571,485.8450627918355
bPSO-V4,Lymphography,0,0.11095478927203056,0.8924137931034484,8,18,136.8254183330573
bPSO-V4,Lymphography,1,0.13859310344827586,0.8650574712643678,9,18,139.5098502500914
bPSO-V4,Lymphography,2,0.12438237547892705,0.8788505747126438,8,18,145.8312427920755
bPSO-V4,Leukemia,27,0.01769368324198899,0.9857142857142858,1268,3571,486.2845199999865
bPSO-V4,Leukemia,28,0.017760891306956784,0.9857142857142858,1292,3571,484.6126537921373
bPSO-V4,Leukemia,29,0.017646077529303465,0.9857142857142858,1251,3571,488.5055597499013
bPSO-V4,Lymphography,3,0.1247103448275863,0.8790804597701148,9,18,167.37639220897108
bPSO-V4,Lymphography,4,0.11967662835249031,0.8852873563218392,11,18,170.91202820790932
bPSO-V4,Lymphography,5,0.11909425287356314,0.8864367816091955,12,18,171.59280462516472
bPSO-V4,Lymphography,6,0.1120927203065135,0.8912643678160919,8,18,173.87112629204057
bPSO-V4,Lymphography,7,0.12212643678160906,0.885057471264368,15,18,194.7993737498764
bPSO-V4,Lymphography,8,0.11811034482758616,0.8857471264367817,9,18,184.46042662509717
bPSO-V4,Lymphography,9,0.13254865900383148,0.8717241379310344,10,18,187.68617241596803
bPSO-V4,Lymphography,10,0.1328766283524905,0.8719540229885057,11,18,189.37040850007907
bPSO-V4,Lymphography,11,0.11474329501915703,0.8919540229885058,14,18,186.3926818340551
bPSO-V4,Lymphography,12,0.1307816091954023,0.871264367816092,6,18,184.76649966603145
bPSO-V4,Lymphography,13,0.12997164750957838,0.8726436781609197,7,18,184.52847254206426
bPSO-V4,Lymphography,14,0.12448275862068957,0.8793103448275863,9,18,187.18219370790757
bPSO-V4,Lymphography,15,0.1269325670498083,0.8790804597701151,13,18,185.61207520891912
bPSO-V4,Lymphography,16,0.13131034482758625,0.8724137931034482,9,18,181.62556937499903
bPSO-V4,Lymphography,17,0.1254934865900384,0.8788505747126436,10,18,182.9852318330668
bPSO-V4,Lymphography,18,0.13219386973180083,0.8726436781609195,11,18,183.5350916669704
bPSO-V4,Lymphography,19,0.12539310344827576,0.8783908045977012,9,18,185.1793344160542
bPSO-V4,Lymphography,20,0.13143754789272036,0.8717241379310344,8,18,188.03600675007328
bPSO-V4,Lymphography,21,0.11451570881226052,0.892183908045977,14,18,191.00701075000688
bPSO-V4,Lymphography,22,0.12660459770114948,0.8788505747126436,12,18,191.6832692080643
bPSO-V4,Lymphography,23,0.11353180076628343,0.8914942528735633,11,18,188.64321083412506
bPSO-V4,Lymphography,24,0.11732720306513407,0.8859770114942529,8,18,188.76218104199506
bPSO-V4,Lymphography,25,0.1254934865900384,0.8788505747126436,10,18,189.72715304186568
bPSO-V4,Lymphography,26,0.12058697318007673,0.8843678160919539,11,18,190.85005587502383
bPSO-V4,Lymphography,27,0.1312099616858236,0.8719540229885059,8,18,184.9727767498698
bPSO-V4,Lymphography,28,0.12000459770114934,0.8855172413793104,12,18,186.26451620901935
bPSO-V4,Lymphography,29,0.12013180076628358,0.8848275862068965,11,18,182.12677437486127
bPSO-V4,M-of-n,0,0.004615384615384616,1.0,6,13,508.18826204095967
bPSO-V4,M-of-n,1,0.004615384615384616,1.0,6,13,505.0452829590067
bPSO-V4,M-of-n,2,0.004615384615384616,1.0,6,13,500.57970595918596
bPSO-V4,M-of-n,3,0.004615384615384616,1.0,6,13,497.98039704188704
bPSO-V4,M-of-n,4,0.004615384615384616,1.0,6,13,497.28100900002755
bPSO-V4,M-of-n,5,0.004615384615384616,1.0,6,13,502.560289000161
bPSO-V4,M-of-n,6,0.004615384615384616,1.0,6,13,503.9608492080588
bPSO-V4,M-of-n,7,0.004615384615384616,1.0,6,13,508.1356916250661
bPSO-V4,M-of-n,8,0.004615384615384616,1.0,6,13,506.0267064999789
bPSO-V4,M-of-n,9,0.004615384615384616,1.0,6,13,500.2176890000701
bPSO-V4,M-of-n,10,0.004615384615384616,1.0,6,13,500.21474524983205
bPSO-V4,M-of-n,11,0.004615384615384616,1.0,6,13,502.56013245810755
bPSO-V4,M-of-n,12,0.004615384615384616,1.0,6,13,497.9263351659756
bPSO-V4,M-of-n,13,0.008575384615384509,0.9960000000000001,6,13,502.3921572910622
bPSO-V4,M-of-n,14,0.004615384615384616,1.0,6,13,505.1017203750089
bPSO-V4,M-of-n,15,0.004615384615384616,1.0,6,13,503.02392704202794
bPSO-V4,M-of-n,16,0.004615384615384616,1.0,6,13,501.2798156668432
bPSO-V4,M-of-n,18,0.004615384615384616,1.0,6,13,500.60096866614185
bPSO-V4,M-of-n,17,0.004615384615384616,1.0,6,13,503.877928749891
bPSO-V4,M-of-n,19,0.004615384615384616,1.0,6,13,500.93191158305854
bPSO-V4,M-of-n,20,0.004615384615384616,1.0,6,13,501.3670505830087
bPSO-V4,M-of-n,21,0.004615384615384616,1.0,6,13,500.38481483398937
bPSO-V4,M-of-n,22,0.004615384615384616,1.0,6,13,504.76592379179783
bPSO-V4,M-of-n,23,0.004615384615384616,1.0,6,13,501.9960451249499
bPSO-V4,Parkinsons,0,0.03273426573426585,0.9692307692307691,5,22,204.08868433302268
bPSO-V4,Parkinsons,1,0.04425174825174833,0.9589743589743589,8,22,202.4758884999901
bPSO-V4,M-of-n,24,0.004615384615384616,1.0,6,13,501.4854081661906
bPSO-V4,M-of-n,26,0.004615384615384616,1.0,6,13,500.428967458196
bPSO-V4,M-of-n,25,0.004615384615384616,1.0,6,13,502.16433325014077
bPSO-V4,Parkinsons,2,0.04425174825174833,0.9589743589743589,8,22,198.23397504212335
bPSO-V4,Parkinsons,3,0.04053846153846141,0.9641025641025642,11,22,201.9000259579625
bPSO-V4,M-of-n,27,0.004615384615384616,1.0,6,13,502.11649941583164
bPSO-V4,M-of-n,28,0.004615384615384616,1.0,6,13,501.1209566670004
bPSO-V4,M-of-n,29,0.004615384615384616,1.0,6,13,503.9312609999906
bPSO-V4,Parkinsons,4,0.03917482517482527,0.964102564102564,8,22,203.89484745799564
bPSO-V4,Parkinsons,6,0.04841958041958047,0.9538461538461538,6,22,202.97126666712575
bPSO-V4,Parkinsons,5,0.0331888111888113,0.9692307692307691,6,22,204.44121466600336
bPSO-V4,Parkinsons,7,0.039174825174825054,0.9641025641025642,8,22,204.8219887081068
bPSO-V4,Parkinsons,8,0.02394405594405609,0.9794871794871793,8,22,207.0210953329224
bPSO-V4,Parkinsons,10,0.04841958041958047,0.9538461538461538,6,22,206.23367216601036
bPSO-V4,Parkinsons,9,0.02159440559440554,0.9846153846153847,14,22,216.88732316717505
bPSO-V4,Parkinsons,11,0.03083916083916075,0.9743589743589745,12,22,206.69800158287399
bPSO-V4,Parkinsons,12,0.042888111888111966,0.9589743589743589,5,22,201.70424583298154
bPSO-V4,Parkinsons,13,0.03962937062937072,0.964102564102564,9,22,200.95803079218604
bPSO-V4,Parkinsons,14,0.04470629370629378,0.9589743589743589,9,22,202.7972575421445
bPSO-V4,Parkinsons,15,0.03409790209790199,0.9692307692307693,8,22,206.69269691593945
bPSO-V4,Parkinsons,16,0.03962937062937072,0.964102564102564,9,22,201.0058661249932
bPSO-V4,Parkinsons,18,0.03409790209790199,0.9692307692307693,8,22,201.49007704202086
bPSO-V4,Parkinsons,17,0.02068531468531463,0.9846153846153847,12,22,208.92155270813964
bPSO-V4,Parkinsons,19,0.029475524475524387,0.9743589743589745,9,22,208.99874033289962
bPSO-V4,Parkinsons,20,0.059027972027972046,0.9435897435897436,7,22,204.41105991695076
bPSO-V4,Parkinsons,21,0.03500699300699312,0.9692307692307691,10,22,208.2029312911909
bPSO-V4,Parkinsons,22,0.030384615384615513,0.9743589743589742,11,22,208.18592104199342
bPSO-V4,Parkinsons,23,0.03826573426573414,0.9641025641025642,6,22,208.1531212918926
bPSO-V4,Parkinsons,24,0.033643356643356756,0.9692307692307691,7,22,206.92708587506786
bPSO-V4,Parkinsons,25,0.03455244755244744,0.9692307692307693,9,22,199.52050037495792
bPSO-V4,Parkinsons,26,0.028566433566433475,0.9743589743589745,7,22,199.49069241597317
bPSO-V4,Parkinsons,27,0.034552447552447664,0.9692307692307691,9,22,191.34271420910954
bPSO-V4,Parkinsons,28,0.04425174825174833,0.9589743589743589,8,22,171.2385789998807
bPSO-V4,Parkinsons,29,0.033643356643356534,0.9692307692307693,7,22,147.74340608296916
bPSO-V4,Sonar,0,0.08556271777003495,0.9181184668989546,27,60,326.7503730831668
bPSO-V4,Sonar,1,0.08515447154471545,0.9186991869918699,28,60,322.7699620828498
bPSO-V4,Sonar,2,0.06657897793263655,0.9376306620209058,29,60,322.29252825002186
bPSO-V4,Sonar,3,0.05593205574912884,0.9470383275261325,21,60,315.5208106660284
bPSO-V4,Sonar,4,0.07095993031358892,0.9328687572590011,27,60,314.86399233411066
bPSO-V4,Sonar,5,0.05686875725900126,0.9472706155632984,28,60,315.53008079202846
bPSO-V4,Sonar,6,0.03745993031358881,0.9662020905923345,24,60,316.69519825000316
bPSO-V4,Sonar,7,0.06030139372822306,0.9426248548199767,21,60,310.50471079186536
bPSO-V4,Sonar,8,0.07124157955865282,0.932752613240418,28,60,329.4290942498483
bPSO-V4,Sonar,9,0.0566620209059233,0.9468060394889664,24,60,330.262654250022
bPSO-V4,Sonar,10,0.06634901277584208,0.937862950058072,29,60,329.98223708290607
bPSO-V4,Sonar,11,0.08040011614401868,0.9229965156794424,25,60,329.052542374935
bPSO-V4,Sonar,12,0.07669744483159113,0.9274099883855982,29,60,329.35027141706087
bPSO-V4,Sonar,13,0.07095993031358892,0.9328687572590011,27,60,327.5646972921677
bPSO-V4,Sonar,14,0.06136469221835086,0.9423925667828106,26,60,320.38599504181184
bPSO-V4,Sonar,15,0.06674564459930322,0.9376306620209058,30,60,321.0546277500689
bPSO-V4,Sonar,16,0.06647560975609769,0.9373983739837397,27,60,310.7421621668618
bPSO-V4,Sonar,18,0.06484901277584208,0.937862950058072,20,60,310.1141823329963
bPSO-V4,Sonar,17,0.07108652729384429,0.9324041811846691,25,60,310.7662656249013
bPSO-V4,Sonar,19,0.07051161440185835,0.9329849012775842,25,60,310.33637245814316
bPSO-V4,Sonar,20,0.07495586527293852,0.9279907084785133,22,60,309.50931004201993
bPSO-V4,Sonar,21,0.08483275261324048,0.9183507549361207,24,60,312.2033344169613
bPSO-V4,Sonar,22,0.08044018583042975,0.9234610917537747,28,60,318.1195658748038
bPSO-V4,Sonar,23,0.07995180023228811,0.9231126596980255,23,60,317.1557077919133
bPSO-V4,SpectEW,0,0.13740537449971402,0.86533892382949,9,22,158.279194541974
bPSO-V4,SpectEW,1,0.13098113207547182,0.8727463312368972,11,22,156.28674995782785
bPSO-V4,Sonar,24,0.07153484320557488,0.932288037166086,27,60,345.111028582789
bPSO-V4,Sonar,25,0.05137282229965144,0.9521486643437864,24,60,344.85748825012706
bPSO-V4,Sonar,26,0.06119802555168419,0.9423925667828106,25,60,345.3834257910494
bPSO-V4,Sonar,27,0.061991289198606234,0.9419279907084785,27,60,346.2007813330274
bPSO-V4,Sonar,28,0.060364692218350856,0.9423925667828106,20,60,346.52478324994445
bPSO-V4,Sonar,29,0.08505110336817658,0.9184668989547038,26,60,377.124133749865
bPSO-V4,SpectEW,2,0.13440080045740424,0.8688329839273236,10,22,183.8869685831014
bPSO-V4,SpectEW,3,0.13460834762721535,0.8686233403214537,10,22,195.41538929217495
bPSO-V4,SpectEW,4,0.12759119496855337,0.8761705101327744,11,22,221.6969852920156
bPSO-V4,SpectEW,6,0.13171240708976545,0.8724668064290707,12,22,222.93522699992172
bPSO-V4,SpectEW,5,0.1304574042309891,0.872816212438854,10,22,224.5546981249936
bPSO-V4,SpectEW,7,0.12710691823899373,0.876659678546471,11,22,226.01894416683353
bPSO-V4,SpectEW,8,0.13440080045740413,0.8688329839273237,10,22,224.7039296249859
bPSO-V4,SpectEW,9,0.1340154373927958,0.8687631027253669,9,22,229.2060952091124
bPSO-V4,SpectEW,10,0.12647455688965134,0.8763801537386442,9,22,231.2993577918969
bPSO-V4,SpectEW,11,0.13041795311606624,0.872396925227114,9,22,236.93594679096714
bPSO-V4,SpectEW,12,0.13792910234419675,0.8652690426275331,10,22,231.7544042498339
bPSO-V4,SpectEW,13,0.1300720411663807,0.8727463312368974,9,22,231.43454095814377
bPSO-V4,SpectEW,14,0.13775128644939968,0.8649895178197065,9,22,230.6940406661015
bPSO-V4,SpectEW,15,0.1300720411663807,0.8727463312368974,9,22,231.37234866712242
bPSO-V4,SpectEW,16,0.13642710120068607,0.8654088050314466,7,22,232.6548533749301
bPSO-V4,SpectEW,17,0.1233316180674671,0.8800139762403913,10,22,235.04596062516794
bPSO-V4,SpectEW,18,0.13754373927958813,0.8651991614255767,9,22,238.08160987496376
bPSO-V4,SpectEW,19,0.13740537449971402,0.86533892382949,9,22,235.53225258295424
bPSO-V4,SpectEW,20,0.1375831903945112,0.8656184486373165,10,22,232.17269879207015
bPSO-V4,SpectEW,21,0.13726700971983993,0.8654786862334032,9,22,233.94309295807034
bPSO-V4,SpectEW,22,0.13813664951400811,0.8650593990216631,10,22,236.65338054206222
bPSO-V4,SpectEW,23,0.13073413379073762,0.8725366876310272,10,22,232.03090424998663
bPSO-V4,SpectEW,24,0.1311194968553459,0.8726065688329839,11,22,232.66728420811705
bPSO-V4,SpectEW,25,0.13460834762721557,0.8686233403214535,10,22,234.8078454581555
bPSO-V4,SpectEW,26,0.1333533447684391,0.8689727463312369,8,22,231.06072395807132
bPSO-V4,SpectEW,27,0.1379982847341338,0.8651991614255765,10,22,234.47965679108165
bPSO-V4,SpectEW,28,0.1374745568896513,0.8652690426275331,9,22,229.97941570798866
bPSO-V4,SpectEW,29,0.12599028016009148,0.876869322152341,9,22,232.95680416701362
bPSO-V4,TicTacToe,0,0.15672905759162287,0.8517888307155325,9,9,498.69082845794037
bPSO-V4,TicTacToe,1,0.16090265052356026,0.8475730802792321,9,9,495.15976704191417
bPSO-V4,TicTacToe,2,0.15777110602094235,0.8507362565445027,9,9,495.61572862486355
bPSO-V4,TicTacToe,3,0.15987679973821992,0.8486092931937173,9,9,499.2388206250034
bPSO-V4,TicTacToe,4,0.15880775523560212,0.8496891361256544,9,9,496.2101304589305
bPSO-V4,TicTacToe,5,0.16502225130890044,0.843411867364747,9,9,497.6039098328911
bPSO-V4,TicTacToe,6,0.16502225130890044,0.843411867364747,9,9,493.8092803747859
bPSO-V4,TicTacToe,7,0.15880775523560212,0.8496891361256544,9,9,498.277488166932
bPSO-V4,TicTacToe,8,0.15987679973821992,0.8486092931937173,9,9,499.72227791603655
bPSO-V4,TicTacToe,9,0.15880775523560212,0.8496891361256544,9,9,495.8699299171567
bPSO-V4,TicTacToe,10,0.1660535013089006,0.8423702006980802,9,9,494.87043583393097
bPSO-V4,TicTacToe,11,0.16089185209424073,0.8475839877835952,9,9,505.57933791703545
bPSO-V4,TicTacToe,12,0.15571400523560205,0.8528141361256545,9,9,504.4931644999888
bPSO-V4,TicTacToe,13,0.16911485602094248,0.8392779232111692,9,9,497.4527900000103
bPSO-V4,TicTacToe,14,0.16398020287958118,0.8444644415357766,9,9,497.38220737478696
bPSO-V4,TicTacToe,15,0.1536191099476439,0.8549301919720769,9,9,490.5939497919753
bPSO-V4,TicTacToe,16,0.16501685209424083,0.8434173211169285,9,9,495.18919162498787
bPSO-V4,TicTacToe,17,0.16500605366492152,0.8434282286212914,9,9,489.14659083401784
bPSO-V4,TicTacToe,18,0.16604270287958117,0.8423811082024433,9,9,491.19954779185355
bPSO-V4,TicTacToe,19,0.1618745091623036,0.846591404886562,9,9,504.79392850003205
bPSO-V4,TicTacToe,20,0.16393700916230358,0.8445080715532287,9,9,508.86179241584614
bPSO-V4,TicTacToe,21,0.1577495091623036,0.8507580715532287,9,9,500.83973212493584
bPSO-V4,TicTacToe,23,0.16915804973821985,0.8392342931937173,9,9,499.94807733385824
bPSO-V4,TicTacToe,22,0.16916884816753916,0.8392233856893544,9,9,508.8235606660601
bPSO-V4,Vote,0,0.027334759481961124,0.9742830712303423,3,16,207.54136995901354
bPSO-V4,Vote,1,0.027609505087881583,0.9740055504162812,3,16,209.261808790965
bPSO-V4,TicTacToe,24,0.1567398560209424,0.8517779232111693,9,9,501.3528802918736
bPSO-V4,TicTacToe,25,0.1526148560209423,0.8559445898778361,9,9,505.2630921250675
bPSO-V4,TicTacToe,26,0.16602650523560225,0.8423974694589876,9,9,506.98929787497036
bPSO-V4,TicTacToe,27,0.1588023560209425,0.8496945898778359,9,9,497.3811735000927
bPSO-V4,TicTacToe,28,0.1526094568062827,0.8559500436300175,9,9,502.5178709588945
bPSO-V4,Vote,2,0.027517923219241354,0.9740980573543017,3,16,207.93902545794845
bPSO-V4,TicTacToe,29,0.16500065445026169,0.843433682373473,9,9,495.42646783287637
bPSO-V4,Vote,3,0.027426341350601235,0.974190564292322,3,16,210.42817520792596
bPSO-V4,Vote,4,0.027243177613321005,0.9743755781683626,3,16,211.78878929209895
bPSO-V4,Vote,5,0.027517923219241354,0.9740980573543017,3,16,210.04849566705525
bPSO-V4,Vote,6,0.027517923219241354,0.9740980573543017,3,16,208.48158633313142
bPSO-V4,Vote,7,0.027426341350601458,0.9741905642923218,3,16,213.49231266696006
bPSO-V4,Vote,8,0.027426341350601235,0.974190564292322,3,16,215.14254550007172
bPSO-V4,Vote,9,0.027517923219241354,0.9740980573543017,3,16,214.9031077090185
bPSO-V4,Vote,10,0.027334759481961124,0.9742830712303423,3,16,215.27679004101083
bPSO-V4,Vote,11,0.027426341350601235,0.974190564292322,3,16,215.43508304213174
bPSO-V4,Vote,12,0.027243177613321005,0.9743755781683626,3,16,210.77988416701555
bPSO-V4,Vote,13,0.027426341350601235,0.974190564292322,3,16,211.73702787514776
bPSO-V4,Vote,14,0.027517923219241354,0.9740980573543017,3,16,211.9538043749053
bPSO-V4,Vote,15,0.027609505087881694,0.9740055504162811,3,16,217.06577970902435
bPSO-V4,Vote,16,0.023396739130434767,0.9782608695652174,3,16,216.35804262501188
bPSO-V4,Vote,17,0.030389107308048054,0.9699352451433858,1,16,212.51338491681963
bPSO-V4,Vote,18,0.027517923219241354,0.9740980573543017,3,16,214.571284417063
bPSO-V4,Vote,19,0.027517923219241354,0.9740980573543017,3,16,216.74583074986003
bPSO-V4,Vote,20,0.027243177613321005,0.9743755781683626,3,16,215.93091962509789
bPSO-V4,Vote,21,0.027426341350601235,0.974190564292322,3,16,213.33693929202855
bPSO-V4,Vote,22,0.027517923219241354,0.9740980573543017,3,16,214.82019287510775
bPSO-V4,Vote,23,0.027334759481961124,0.9742830712303423,3,16,207.90365687501617
bPSO-V4,Vote,24,0.027517923219241354,0.9740980573543017,3,16,208.52882983302698
bPSO-V4,Vote,25,0.027609505087881694,0.9740055504162811,3,16,203.73224654095247
bPSO-V4,Vote,26,0.027517923219241354,0.9740980573543017,3,16,203.08412212505937
bPSO-V4,Vote,27,0.027426341350601458,0.9741905642923218,3,16,205.070502624847
bPSO-V4,Vote,28,0.027609505087881694,0.9740055504162811,3,16,188.4839154582005
bPSO-V4,Vote,29,0.027334759481961124,0.9742830712303423,3,16,186.23720316705294
bPSO-V4,WDBC,0,0.021011023133054002,0.9841639496972518,16,30,456.51188137498684
bPSO-V4,WDBC,1,0.02353951249805917,0.9789163173420278,8,30,396.4426277920138
bPSO-V4,WDBC,3,0.021701754385965076,0.982456140350877,13,30,381.7447037908714
bPSO-V4,WDBC,5,0.02413600372612945,0.98067070330694,15,30,388.3210897501558
bPSO-V4,WDBC,4,0.021035087719298188,0.9824561403508772,11,30,401.03435200010426
bPSO-V4,WDBC,2,0.021717124670082293,0.9824406148113647,13,30,474.7368234579917
bPSO-V4,WDBC,7,0.020344356466387114,0.9841639496972521,14,30,409.20471879211254
bPSO-V4,WDBC,6,0.02238379133674896,0.9824406148113647,15,30,422.51744358288124
bPSO-V4,WDBC,8,0.021717124670082293,0.9824406148113647,13,30,394.2125424579717
bPSO-V4,WDBC,9,0.019980282564819242,0.9841950007762769,13,30,395.5095884578768
bPSO-V4,WDBC,11,0.019328986182269896,0.9841794752367644,11,30,369.2575109999161
bPSO-V4,WDBC,12,0.023105263157894795,0.9807017543859649,12,30,369.44630850013345
bPSO-V4,WDBC,10,0.020313615898152573,0.9841950007762769,14,30,418.0484884160105
bPSO-V4,WDBC,13,0.021399161620866504,0.982425089271852,12,30,368.3751891250722
bPSO-V4,WDBC,14,0.017561403508771972,0.9859649122807017,11,30,365.15977499983273
bPSO-V4,WDBC,15,0.020646949231485908,0.9841950007762769,15,30,419.9005794171244
bPSO-V4,WDBC,17,0.021035087719298188,0.9824561403508772,11,30,317.5758037921041
bPSO-V4,WDBC,16,0.022399161620866505,0.982425089271852,15,30,404.84013479109854
bPSO-V4,WDBC,19,0.02348470734358022,0.9806551777674274,13,30,375.5502435830422
bPSO-V4,WDBC,20,0.02206582828753317,0.982425089271852,14,30,412.2678340000566
bPSO-V4,WDBC,23,0.021399161620866504,0.982425089271852,12,30,342.9199827089906
bPSO-V4,WDBC,18,0.021631578947368363,0.9842105263157895,18,30,480.7208177081775
bPSO-V4,WDBC,21,0.021717124670082293,0.9824406148113647,13,30,438.9670373329427
bPSO-V4,WDBC,22,0.024484707343580218,0.9806551777674274,16,30,436.97562979115173
bPSO-V4,WDBC,24,0.022802670392796334,0.9806707033069397,11,30,389.90667337505147
bPSO-V4,WDBC,25,0.018258810743673404,0.9859338612016767,13,30,415.71939633297734
bPSO-V4,WDBC,26,0.021383791336748958,0.9824406148113647,12,30,419.51993079087697
bPSO-V4,WDBC,27,0.019011023133054004,0.9841639496972518,10,30,380.46996579202823
bPSO-V4,WDBC,29,0.025206179164726058,0.9789163173420276,13,30,373.4743687501177
bPSO-V4,WDBC,28,0.021717124670082293,0.9824406148113647,13,30,487.03680495894514
bPSO-V4,WaveformEW,0,0.161608,0.8408,16,40,2894.394865375012
bPSO-V4,WaveformEW,3,0.15962800000000013,0.8427999999999999,16,40,2910.4581130000297
bPSO-V4,WaveformEW,2,0.16101400000000007,0.8413999999999999,16,40,3051.1222679580096
bPSO-V4,WaveformEW,4,0.165328,0.8378,19,40,3019.813476708019
bPSO-V4,WaveformEW,1,0.160566,0.8416,15,40,3353.3041747920215
bPSO-V4,WaveformEW,5,0.15858599999999998,0.8436,15,40,3259.5536918339785
bPSO-V4,WaveformEW,7,0.16017000000000003,0.842,15,40,3385.3260368749034
bPSO-V4,WaveformEW,6,0.166506,0.8356,15,40,3573.4958710421342
bPSO-V4,WaveformEW,8,0.16344200000000006,0.8392,17,40,3118.3152724169195
bPSO-V4,WaveformEW,11,0.16270200000000007,0.8402,18,40,2979.4129573751707
bPSO-V4,WaveformEW,9,0.16274399999999997,0.8394,15,40,3439.5243534171022
bPSO-V4,WaveformEW,12,0.16249399999999997,0.8394,14,40,3451.0509398749564
bPSO-V4,WaveformEW,10,0.161358,0.8408,15,40,3569.065358791966
bPSO-V4,WaveformEW,14,0.1608160000000001,0.8415999999999999,16,40,3080.5967762500513
bPSO-V4,WaveformEW,13,0.160566,0.8416,15,40,3602.712105457904
bPSO-V4,WaveformEW,15,0.16288999999999992,0.8390000000000001,14,40,3524.500650333008
bPSO-V4,WaveformEW,16,0.16141000000000003,0.841,16,40,3041.7498588750605
bPSO-V4,WaveformEW,17,0.16378599999999988,0.8386000000000001,16,40,3010.4709147498943
bPSO-V4,WaveformEW,18,0.16027400000000008,0.8423999999999999,17,40,3051.082837374881
bPSO-V4,WaveformEW,20,0.16338999999999992,0.8390000000000001,16,40,2991.816352541093
bPSO-V4,WaveformEW,21,0.16319200000000006,0.8392,16,40,3044.557853040984
bPSO-V4,WaveformEW,22,0.160076,0.8426,17,40,2905.239172291942
bPSO-V4,WaveformEW,19,0.164328,0.8378,15,40,3590.727056666976
bPSO-V4,Zoo,0,0.025424999999999906,0.9800000000000001,9,16,132.38708766712807
bPSO-V4,Zoo,1,0.01615000000000001,0.99,10,16,126.59223916591145
bPSO-V4,Zoo,2,0.01615000000000001,0.99,10,16,130.97800945793279
bPSO-V4,WaveformEW,23,0.1566060000000001,0.8455999999999999,15,40,3401.5541396250483
bPSO-V4,Zoo,3,0.024328571428571404,0.9804761904761905,8,16,128.06751516717486
bPSO-V4,Zoo,4,0.024953571428571512,0.9804761904761904,9,16,129.551249000011
bPSO-V4,Zoo,5,0.02417499999999991,0.9800000000000001,7,16,134.18912429199554
bPSO-V4,Zoo,6,0.022924999999999907,0.9800000000000001,5,16,135.42392712505534
bPSO-V4,Zoo,7,0.01615000000000001,0.99,10,16,131.4954359580297
bPSO-V4,Zoo,8,0.026049999999999907,0.9800000000000001,10,16,132.51336533296853
bPSO-V4,Zoo,9,0.03470000000000002,0.97,8,16,129.8324986670632
bPSO-V4,Zoo,10,0.02479999999999991,0.9800000000000001,8,16,131.7545720001217
bPSO-V4,Zoo,11,0.022924999999999907,0.9800000000000001,5,16,128.4331584579777
bPSO-V4,Zoo,12,0.01615000000000001,0.99,10,16,127.77008262486197
bPSO-V4,Zoo,13,0.025424999999999906,0.9800000000000001,9,16,125.51498695788905
bPSO-V4,Zoo,14,0.01615000000000001,0.99,10,16,128.9654855420813
bPSO-V4,Zoo,15,0.022453571428571403,0.9804761904761905,5,16,127.97890508407727
bPSO-V4,Zoo,16,0.02417499999999991,0.9800000000000001,7,16,129.38213095790707
bPSO-V4,Zoo,17,0.015678571428571396,0.9904761904761905,10,16,127.21967150014825
bPSO-V4,Zoo,18,0.024953571428571512,0.9804761904761904,9,16,128.16796799981967
bPSO-V4,Zoo,19,0.0329785714285713,0.9704761904761906,6,16,130.93227458302863
bPSO-V4,Zoo,20,0.01490000000000001,0.99,8,16,133.2410145411268
bPSO-V4,Zoo,21,0.0342285714285713,0.9704761904761906,8,16,127.69146825000644
bPSO-V4,Zoo,22,0.02479999999999991,0.9800000000000001,8,16,128.43376212497242
bPSO-V4,Zoo,23,0.025424999999999906,0.9800000000000001,9,16,128.231119915843
bPSO-V4,WaveformEW,24,0.157846,0.8446,16,40,3187.6798148329835
bPSO-V4,Zoo,24,0.022924999999999907,0.9800000000000001,5,16,134.68648758297786
bPSO-V4,Zoo,25,0.01615000000000001,0.99,10,16,137.73299466609024
bPSO-V4,Zoo,26,0.02417499999999991,0.9800000000000001,7,16,142.25790066714399
bPSO-V4,Zoo,27,0.022453571428571403,0.9804761904761905,5,16,141.45195183414035
bPSO-V4,Zoo,28,0.02417499999999991,0.9800000000000001,7,16,140.30008966615424
bPSO-V4,Zoo,29,0.01615000000000001,0.99,10,16,143.91490379185416
bPSO-V4,WaveformEW,26,0.15908599999999998,0.8436,17,40,2993.7204045001417
bPSO-V4,WaveformEW,25,0.1615560000000001,0.8405999999999999,15,40,3407.177211625036
bGWO-V4,BreastEW,0,0.028764658174705374,0.9765564620008588,5,9,333.6962121250108
bGWO-V4,BreastEW,1,0.02799831830542443,0.9750858737655645,3,9,335.36916979122907
bGWO-V4,BreastEW,2,0.031331651638757764,0.9750858737655645,6,9,345.06050820904784
bPSO-V4,WaveformEW,28,0.16101400000000007,0.8413999999999999,16,40,2971.4282286250964
bGWO-V4,BreastEW,3,0.030565311769476605,0.9736152855302705,4,9,356.09169512521476
bGWO-V4,BreastEW,4,0.030178033013692027,0.975128810648347,5,9,357.6214217499364
bGWO-V4,BreastEW,5,0.031310397881780395,0.9751073422069558,6,9,361.26083887484856
bPSO-V4,WaveformEW,29,0.1650260000000001,0.8375999999999999,17,40,3039.9677376248874
bPSO-V4,WaveformEW,27,0.15937800000000013,0.8427999999999999,15,40,3328.474220749922
bGWO-V4,BreastEW,6,0.029454200658365494,0.9736152855302705,3,9,365.37600745796226
bGWO-V4,BreastEW,7,0.029432946901388344,0.9736367539716616,3,9,369.71489358413965
bGWO-V4,BreastEW,8,0.030533431134010882,0.9736474881923571,4,9,373.42893529101275
bGWO-V4,BreastEW,9,0.030199286770669284,0.9751073422069558,5,9,374.421141250059
bGWO-V4,BreastEW,10,0.03087820237584083,0.9721768999570631,3,9,375.07021375000477
bGWO-V4,BreastEW,12,0.028008945183912896,0.9750751395448691,3,9,378.0578632920515
bGWO-V4,BreastEW,11,0.031602034731167364,0.9736904250751396,5,9,379.74350800015964
bGWO-V4,BreastEW,13,0.029390439387433825,0.973679690854444,3,9,378.9681158750318
bGWO-V4,BreastEW,14,0.030512177377033513,0.9736689566337484,4,9,373.96946758404374
bGWO-V4,BreastEW,15,0.030888829254329404,0.9721661657363676,3,9,378.9435223331675
bGWO-V4,BreastEW,16,0.03164454224512199,0.9736474881923571,5,9,376.7070972919464
bGWO-V4,BreastEW,17,0.029886396164305058,0.9765457277801632,6,9,379.696578708943
bGWO-V4,BreastEW,18,0.03053343113401066,0.9736474881923574,4,9,380.2667695840355
bGWO-V4,BreastEW,19,0.030220540527646653,0.9750858737655645,5,9,377.88310941681266
bGWO-V4,BreastEW,20,0.03166579600209903,0.9736260197509662,5,9,379.9717768339906
bGWO-V4,BreastEW,21,0.03018865989218071,0.9751180764276514,5,9,380.30768045806326
bGWO-V4,BreastEW,22,0.030856948618863574,0.9721983683984543,3,9,379.5538108749315
bGWO-V4,BreastEW,23,0.02954162492247511,0.9780163160154572,7,9,381.90856620809063
bGWO-V4,BreastEW,24,0.032421508992891396,0.9751073422069559,7,9,375.003348124912
bGWO-V4,BreastEW,25,0.03015677925671477,0.9751502790897382,5,9,354.5689199168701
bGWO-V4,BreastEW,26,0.03164454224512199,0.9736474881923571,5,9,348.38184662512504
bGWO-V4,BreastEW,27,0.0327981608701874,0.973604551309575,6,9,331.8149943749886
bGWO-V4,BreastEW,28,0.03227032345785023,0.9707707170459425,3,9,332.96869745803997
bGWO-V4,BreastEW,29,0.0320105672439292,0.972155431515672,4,9,329.78586483420804
bGWO-V4,ColonCancer,0,0.16496807692307688,0.8384615384615385,1009,2000,446.47413645894267
bGWO-V4,ColonCancer,1,0.196708846153846,0.8064102564102565,1011,2000,432.6206724999938
bGWO-V4,ColonCancer,2,0.10268076923076921,0.9012820512820513,990,2000,432.27276558289304
bGWO-V4,ColonCancer,3,0.16352384615384616,0.8397435897435898,974,2000,435.85916274995543
bGWO-V4,ColonCancer,4,0.13420153846153832,0.8692307692307694,948,2000,444.27780604199506
bGWO-V4,ColonCancer,5,0.19521461538461538,0.8076923076923077,966,2000,460.9193767909892
bGWO-V4,ColonCancer,6,0.14966730769230774,0.8538461538461538,995,2000,460.9715921250172
bGWO-V4,ColonCancer,7,0.13047384615384625,0.873076923076923,964,2000,461.7894521658309
bGWO-V4,ColonCancer,8,0.14707384615384597,0.8564102564102566,984,2000,455.64609558391385
bGWO-V4,ColonCancer,9,0.1789646153846153,0.8243589743589744,1016,2000,459.0081085418351
bGWO-V4,ColonCancer,10,0.16482807692307688,0.8384615384615385,981,2000,455.54615116585046
bGWO-V4,ColonCancer,11,0.1469638461538462,0.8564102564102564,962,2000,451.752928749891
bGWO-V4,ColonCancer,12,0.14962230769230772,0.8538461538461538,986,2000,452.59379175002687
bGWO-V4,ColonCancer,13,0.1787846153846154,0.8243589743589743,980,2000,440.1650152921211
bGWO-V4,ColonCancer,14,0.1292746153846155,0.8743589743589743,978,2000,441.52729666698724
bGWO-V4,ColonCancer,15,0.16347384615384614,0.8397435897435898,964,2000,443.3366594167892
bGWO-V4,ColonCancer,16,0.16221961538461538,0.841025641025641,967,2000,442.7665790000465
bGWO-V4,ColonCancer,17,0.1611953846153846,0.8423076923076923,1016,2000,445.178185749799
bGWO-V4,ColonCancer,18,0.18125307692307685,0.8217948717948719,966,2000,448.3824194171466
bGWO-V4,ColonCancer,19,0.18127807692307685,0.8217948717948719,971,2000,445.0398182501085
bGWO-V4,ColonCancer,20,0.14970230769230772,0.8538461538461538,1002,2000,448.6343307921197
bGWO-V4,ColonCancer,21,0.13301230769230757,0.8705128205128206,964,2000,451.1638051250484
bGWO-V4,ColonCancer,22,0.14714384615384618,0.8564102564102564,998,2000,451.3110404999461
bGWO-V4,ColonCancer,23,0.2143530769230768,0.7884615384615385,986,2000,452.4058274170384
bGWO-V4,ColonCancer,24,0.1647930769230769,0.8384615384615385,974,2000,435.62083691591397
bGWO-V4,ColonCancer,25,0.14601961538461544,0.8576923076923076,1027,2000,430.5642814170569
bGWO-V4,ColonCancer,26,0.13185807692307702,0.8717948717948717,987,2000,423.2585917499382
bGWO-V4,Diabetes,0,0.24989705882352933,0.7538918597742128,5,8,309.1288417081814
bGWO-V4,ColonCancer,27,0.14975230769230774,0.8538461538461538,1012,2000,415.8688622501213
bGWO-V4,Diabetes,1,0.24352731092436963,0.7603259485612428,5,8,312.9759162089322
bGWO-V4,ColonCancer,28,0.21446307692307692,0.7884615384615384,1008,2000,419.5759203748312
bGWO-V4,ColonCancer,29,0.16360384615384616,0.8397435897435898,990,2000,431.3054393338971
bGWO-V4,Diabetes,2,0.2369411764705883,0.7657159833630421,4,8,363.0462177081499
bGWO-V4,Diabetes,3,0.238296218487395,0.7630846277905101,3,8,384.59680170891806
bGWO-V4,Diabetes,4,0.2396323529411764,0.7617349970291147,3,8,393.9521600410808
bGWO-V4,Diabetes,5,0.2357836134453782,0.7656226126814362,3,8,408.42593012494035
bGWO-V4,Diabetes,6,0.25131302521008403,0.7499363381716323,3,8,407.81775366701186
bGWO-V4,Diabetes,7,0.23440336134453796,0.7682794329853152,4,8,409.5557172498666
bGWO-V4,Diabetes,8,0.24346848739495797,0.7603853662677192,5,8,411.718226792058
bGWO-V4,Diabetes,9,0.24988025210084036,0.7539088362617774,5,8,411.78495229105465
bGWO-V4,Diabetes,10,0.2435462184873949,0.7590442237501062,4,8,416.6810239171609
bGWO-V4,Diabetes,11,0.25133823529411753,0.7499108734402853,3,8,417.574226167053
bGWO-V4,Diabetes,12,0.24085924369747896,0.7604957134368899,3,8,416.59499154100195
bGWO-V4,Diabetes,13,0.2395861344537815,0.7643069348951702,5,8,418.14621758298017
bGWO-V4,Diabetes,14,0.2458949579831933,0.7591970121381886,6,8,413.2858232918661
bGWO-V4,Diabetes,15,0.2382773109243697,0.7643663526016468,4,8,415.51320708403364
bGWO-V4,Diabetes,16,0.2511134453781513,0.7539258127493421,6,8,413.4190646659117
bGWO-V4,Diabetes,17,0.24085504201680677,0.7630252100840336,5,8,415.68836329178885
bGWO-V4,Diabetes,18,0.24867226890756297,0.7538663950428657,4,8,413.79079054202884
bGWO-V4,Diabetes,19,0.2396827731092437,0.7616840675664205,3,8,416.995156042045
bGWO-V4,Diabetes,20,0.2420882352941176,0.7630421865715984,6,8,412.21248995908536
bGWO-V4,Diabetes,21,0.25238025210084025,0.7539088362617775,7,8,412.71497054211795
bGWO-V4,Diabetes,22,0.24472899159663875,0.7591121297003649,5,8,411.61822966695763
bGWO-V4,Diabetes,23,0.23959453781512607,0.7642984466513878,5,8,414.92653133394197
bGWO-V4,Diabetes,24,0.23185714285714293,0.7708513708513708,4,8,412.9275266251061
bGWO-V4,Diabetes,25,0.24979201680672275,0.7565232153467447,7,8,409.68261387501843
bGWO-V4,Diabetes,26,0.2433907563025211,0.7617265087853322,6,8,414.1715188329108
bGWO-V4,Diabetes,27,0.24087394957983194,0.761743485272897,4,8,416.9387650000863
bGWO-V4,Diabetes,28,0.2447983193277311,0.7577794754265342,4,8,417.48517033294775
bGWO-V4,Diabetes,29,0.24602941176470583,0.7590612002376709,6,8,417.69410745915957
bGWO-V4,GermanCredit,0,0.23715999999999998,0.766,11,20,590.6605076249689
bGWO-V4,GermanCredit,1,0.22626999999999997,0.777,11,20,589.7917010840029
bGWO-V4,GermanCredit,2,0.23518999999999998,0.769,13,20,590.3004950829782
bGWO-V4,GermanCredit,3,0.23368,0.768,8,20,588.4454812500626
bGWO-V4,GermanCredit,4,0.2406100000000001,0.7609999999999999,8,20,588.413278541062
bGWO-V4,GermanCredit,5,0.24109999999999998,0.76,7,20,592.007138957968
bGWO-V4,GermanCredit,6,0.24456999999999998,0.757,8,20,589.9120007909369
bGWO-V4,GermanCredit,7,0.23270999999999997,0.771,12,20,592.132779333042
bGWO-V4,GermanCredit,8,0.23765,0.765,10,20,596.0197702080477
bGWO-V4,GermanCredit,9,0.2431100000000001,0.7609999999999999,13,20,595.9742169578094
bGWO-V4,GermanCredit,10,0.23468999999999998,0.769,12,20,594.2347527500242
bGWO-V4,GermanCredit,11,0.23517,0.767,9,20,595.2353057919536
bGWO-V4,GermanCredit,12,0.2391600000000001,0.7659999999999999,15,20,593.4017185838893
bGWO-V4,GermanCredit,13,0.2386500000000001,0.7649999999999999,12,20,596.5212888331152
bGWO-V4,GermanCredit,14,0.23962999999999987,0.7630000000000001,10,20,591.0807056250051
bGWO-V4,GermanCredit,15,0.24014,0.764,13,20,594.799265707843
bGWO-V4,GermanCredit,16,0.23468,0.768,10,20,585.0810855841264
bGWO-V4,GermanCredit,17,0.23715999999999987,0.7660000000000001,11,20,585.0027214169968
bGWO-V4,GermanCredit,18,0.2421200000000001,0.7619999999999999,13,20,584.5348347499967
bGWO-V4,GermanCredit,19,0.23864,0.764,10,20,585.9734130420256
bGWO-V4,GermanCredit,20,0.24408,0.758,9,20,580.0762964161113
bGWO-V4,GermanCredit,21,0.23269999999999988,0.7700000000000001,10,20,595.9261155419517
bGWO-V4,GermanCredit,22,0.23815,0.765,11,20,592.2465695000719
bGWO-V4,GermanCredit,23,0.24059999999999998,0.76,6,20,592.2978098751046
bGWO-V4,HeartDisease,0,0.15391225554106902,0.8484180790960453,5,13,240.14057124988176
bGWO-V4,GermanCredit,24,0.2342,0.77,13,20,590.3236168338917
bGWO-V4,GermanCredit,25,0.23962,0.762,8,20,592.0286693749949
bGWO-V4,GermanCredit,26,0.23518,0.768,11,20,595.6207156248856
bGWO-V4,HeartDisease,1,0.1493402868318121,0.8553672316384182,8,13,243.996743042022
bGWO-V4,GermanCredit,27,0.2346900000000001,0.7689999999999999,12,20,591.8229762911797
bGWO-V4,GermanCredit,28,0.2327,0.77,10,20,594.6712511249352
bGWO-V4,HeartDisease,2,0.14262842242503268,0.8621468926553671,8,13,245.3773252919782
bGWO-V4,HeartDisease,3,0.14967588005215132,0.8550282485875705,8,13,245.24421791592613
bGWO-V4,HeartDisease,4,0.14851512385919174,0.8554237288135592,7,13,243.9678906670306
bGWO-V4,HeartDisease,5,0.16364511082138206,0.8416949152542372,9,13,244.0679993329104
bGWO-V4,GermanCredit,29,0.23864,0.764,10,20,599.9220482090022
bGWO-V4,HeartDisease,6,0.15055632333767915,0.8518079096045199,5,13,244.05098654096946
bGWO-V4,HeartDisease,7,0.15644302477183844,0.8450847457627118,4,13,244.8470954168588
bGWO-V4,HeartDisease,8,0.15374445893089972,0.8485875706214688,5,13,245.37618979183026
bGWO-V4,HeartDisease,9,0.1570444589308997,0.8452542372881355,5,13,246.0063246251084
bGWO-V4,HeartDisease,10,0.14780247718383305,0.8584745762711865,10,13,245.20923220808618
bGWO-V4,HeartDisease,11,0.15884941329856592,0.8488700564971751,12,13,246.6378198750317
bGWO-V4,HeartDisease,12,0.14065632333767925,0.8618079096045198,5,13,249.76623470918275
bGWO-V4,HeartDisease,13,0.16056818774445875,0.8416949152542375,5,13,252.28963049990125
bGWO-V4,HeartDisease,14,0.16441368970013023,0.838587570621469,6,13,250.83443466597237
bGWO-V4,HeartDisease,15,0.15044445893089953,0.8519209039548024,5,13,251.54556191712618
bGWO-V4,HeartDisease,16,0.15858357235984347,0.848361581920904,11,13,247.4890697079245
bGWO-V4,HeartDisease,17,0.14615215123859188,0.858587570621469,8,13,247.594214374898
bGWO-V4,HeartDisease,18,0.15192698826597134,0.8519774011299435,7,13,246.958189584082
bGWO-V4,HeartDisease,19,0.15209413298565844,0.8487005649717514,3,13,248.45120045822114
bGWO-V4,HeartDisease,20,0.14956466753585396,0.8582485875706215,12,13,243.86038366612047
bGWO-V4,HeartDisease,21,0.15357666232073014,0.8487570621468926,5,13,244.62155454210006
bGWO-V4,HeartDisease,22,0.15072411994784868,0.8516384180790961,5,13,243.45590737485327
bGWO-V4,HeartDisease,23,0.15824797913950459,0.8487005649717514,11,13,241.30907900002785
bGWO-V4,HeartDisease,24,0.15847105606258158,0.845367231638418,7,13,232.40580966696143
bGWO-V4,HeartDisease,25,0.13730039113428932,0.8651977401129944,5,13,227.1701432080008
bGWO-V4,HeartDisease,26,0.15979895697522822,0.8416949152542372,4,13,225.3010131670162
bGWO-V4,HeartDisease,27,0.14802555410691015,0.855141242937853,6,13,221.05548400012776
bGWO-V4,HeartDisease,28,0.1462640156453715,0.8584745762711865,8,13,210.35271379188634
bGWO-V4,HeartDisease,29,0.1501654498044328,0.8553107344632769,9,13,210.64409004105255
bGWO-V4,IonosphereEW,0,0.10170214226535672,0.9002414486921531,10,34,411.9397847908549
bGWO-V4,IonosphereEW,1,0.08987929932536397,0.91158953722334,8,34,413.86115733301267
bGWO-V4,IonosphereEW,2,0.10474515327257668,0.8974647887323943,11,34,412.34643149981275
bGWO-V4,IonosphereEW,3,0.10511894898804593,0.89738430583501,12,34,411.59360354184173
bGWO-V4,IonosphereEW,4,0.10170214226535693,0.9002414486921528,10,34,413.96779683302157
bGWO-V4,IonosphereEW,5,0.10411707894425386,0.8975050301810864,9,34,409.6622706670314
bGWO-V4,IonosphereEW,6,0.09541692507989108,0.9059959758551308,8,34,415.1904950409662
bGWO-V4,IonosphereEW,7,0.10457055272813344,0.897344064386318,10,34,414.448849249864
bGWO-V4,IonosphereEW,8,0.08989454373298612,0.9118712273641851,9,34,408.9025250421837
bGWO-V4,IonosphereEW,9,0.10209118238844833,0.9004426559356137,12,34,418.289645915851
bGWO-V4,IonosphereEW,10,0.0961399218842467,0.9061569416498994,11,34,417.7038960410282
bGWO-V4,IonosphereEW,11,0.08759912415670489,0.9144869215291751,10,34,416.45002829190344
bGWO-V4,IonosphereEW,12,0.09946180613090289,0.903098591549296,12,34,419.1731598749757
bGWO-V4,IonosphereEW,13,0.09021325600662794,0.9115492957746479,9,34,415.3144948328845
bGWO-V4,IonosphereEW,15,0.10453071369392829,0.89738430583501,10,34,412.56435720901936
bGWO-V4,IonosphereEW,14,0.10574702331636873,0.897344064386318,14,34,418.98501529102214
bGWO-V4,IonosphereEW,16,0.10411707894425386,0.8975050301810864,9,34,411.52773254108615
bGWO-V4,IonosphereEW,17,0.09987544088057775,0.9029778672032192,13,34,417.87992116692476
bGWO-V4,IonosphereEW,18,0.10469006983074924,0.8972233400402414,10,34,411.645125084091
bGWO-V4,IonosphereEW,19,0.08763896319091027,0.9144466800804828,10,34,415.1322798328474
bGWO-V4,IonosphereEW,20,0.09600516037400873,0.9059959758551308,10,34,413.86897562490776
bGWO-V4,IonosphereEW,21,0.10739912415670491,0.8944869215291751,10,34,412.4475402079988
bGWO-V4,IonosphereEW,22,0.09645863415788841,0.9058350100603623,11,34,416.2851170829963
bGWO-V4,IonosphereEW,23,0.09482868978577344,0.9059959758551308,6,34,419.2457002908923
bGWO-V4,IonosphereEW,24,0.09896849331281805,0.9032997987927566,11,34,441.70879224990495
bGWO-V4,IonosphereEW,25,0.0934707065924961,0.9088531187122737,11,34,456.01630225009285
bGWO-V4,IonosphereEW,26,0.09853961415552137,0.9031388329979879,9,34,457.1185322080273
bGWO-V4,IonosphereEW,27,0.09836501361107824,0.9030181086519115,8,34,473.28377962484956
bGWO-V4,IonosphereEW,28,0.09655355663392111,0.906036217303823,12,34,472.5005944580771
bGWO-V4,IonosphereEW,29,0.10499943188543033,0.8975050301810864,12,34,475.5472302909475
bGWO-V4,KrVsKpEW,0,0.053492926307847105,0.9508729460093897,17,35,1663.6769921670202
bGWO-V4,KrVsKpEW,1,0.052819592555331925,0.9521302816901409,19,35,1661.731949916808
bGWO-V4,KrVsKpEW,2,0.05602057344064382,0.9477425665101722,15,35,1731.9249628749676
bGWO-V4,KrVsKpEW,3,0.05276936619718315,0.9527582159624413,21,35,1745.3873567078263
bGWO-V4,KrVsKpEW,4,0.05596405306841054,0.9483768583724569,17,35,1753.9521796670742
bGWO-V4,KrVsKpEW,5,0.05406048163983894,0.9508768583724571,19,35,1768.1208930839784
bGWO-V4,KrVsKpEW,6,0.05701226735412474,0.949626858372457,25,35,1767.5009459999856
bGWO-V4,KrVsKpEW,7,0.05432350352112673,0.9511883802816902,21,35,1767.856253416976
bGWO-V4,KrVsKpEW,9,0.05744381916499,0.9477479460093896,20,35,1770.130125500029
bGWO-V4,KrVsKpEW,8,0.04695641348088547,0.9577640845070421,18,35,1773.07216912508
bGWO-V4,KrVsKpEW,10,0.055303791498993844,0.9496209898278561,19,35,1763.2301594170276
bGWO-V4,KrVsKpEW,11,0.05401703345070415,0.9514979460093898,21,35,1765.0878650830127
bGWO-V4,KrVsKpEW,12,0.057966473843058315,0.9483744131455399,24,35,1763.751000917051
bGWO-V4,KrVsKpEW,13,0.05253484657947691,0.952129303599374,18,35,1767.8306876670104
bGWO-V4,KrVsKpEW,14,0.048533727364185125,0.9558822378716745,17,35,1767.7399513749406
bGWO-V4,KrVsKpEW,15,0.055894039235412515,0.9493133802816901,20,35,1768.6351097500883
bGWO-V4,KrVsKpEW,16,0.049107576710261475,0.9558797926447575,19,35,1766.9761894580442
bGWO-V4,KrVsKpEW,17,0.05134612047283686,0.952752836463224,16,35,1771.309254333144
bGWO-V4,KrVsKpEW,18,0.054963493460764484,0.9502533255086073,20,35,1769.1344712087885
bGWO-V4,KrVsKpEW,19,0.0512002829476861,0.9546317488262911,22,35,1771.9583978338633
bGWO-V4,KrVsKpEW,20,0.055257438380281805,0.9502450117370891,21,35,1770.0639091250487
bGWO-V4,KrVsKpEW,21,0.057442366700201156,0.94774941314554,20,35,1773.3457347911317
bGWO-V4,KrVsKpEW,22,0.05098603495975857,0.9536937597809076,18,35,1770.1633484580088
bGWO-V4,KrVsKpEW,23,0.05873202967806843,0.9458695226917058,18,35,1773.2418105411343
bGWO-V4,Leukemia,0,0.01895663479617549,0.9857142857142858,1719,3571,573.5927424158435
bGWO-V4,Leukemia,1,0.01885862303476412,0.9857142857142858,1684,3571,574.9955346249044
bGWO-V4,Leukemia,2,0.018948233788054516,0.9857142857142858,1716,3571,578.4718350421172
bGWO-V4,Leukemia,3,0.018094987398487795,0.9866666666666667,1748,3571,581.3406272919383
bGWO-V4,KrVsKpEW,24,0.04965147132796788,0.9561962050078247,22,35,1716.3353971252218
bGWO-V4,KrVsKpEW,25,0.052272793008048275,0.951816803599374,16,35,1719.439202082809
bGWO-V4,KrVsKpEW,26,0.05775367831991963,0.9474349569640061,20,35,1688.719476125203
bGWO-V4,KrVsKpEW,27,0.05375062248490942,0.9511898474178404,19,35,1673.108190084109
bGWO-V4,KrVsKpEW,28,0.05336978118712262,0.9524403364632239,22,35,1668.0221184580587
bGWO-V4,KrVsKpEW,29,0.0550629778672032,0.9489984350547731,16,35,1658.7590087088756
bGWO-V4,Leukemia,4,0.018920230427651268,0.9857142857142858,1706,3571,544.09339141706
bGWO-V4,Leukemia,5,0.017898963875665055,0.9866666666666667,1678,3571,545.0876967499498
bGWO-V4,Leukemia,6,0.01792976757210863,0.9866666666666667,1689,3571,540.7580863749608
bGWO-V4,Leukemia,7,0.01884742169060282,0.9857142857142858,1680,3571,540.208854416851
bGWO-V4,Leukemia,8,0.018019378325399023,0.9866666666666667,1721,3571,524.7791548329405
bGWO-V4,Leukemia,9,0.017974572948753827,0.9866666666666667,1705,3571,522.1034279591404
bGWO-V4,Leukemia,10,0.01789056286754408,0.9866666666666667,1675,3571,512.7993902079761
bGWO-V4,Leukemia,11,0.019057446893627185,0.9857142857142858,1755,3571,512.9330715420656
bGWO-V4,Leukemia,12,0.01886982437892542,0.9857142857142858,1688,3571,509.4149757500272
bGWO-V4,Leukemia,13,0.017915765891907007,0.9866666666666667,1684,3571,513.4021737908479
bGWO-V4,Leukemia,14,0.019088250590070757,0.9857142857142858,1766,3571,511.6670812498778
bGWO-V4,Leukemia,15,0.018878225387046393,0.9857142857142858,1691,3571,512.4770573340356
bGWO-V4,Leukemia,16,0.01797737328479415,0.9866666666666667,1706,3571,586.6453162920661
bGWO-V4,Leukemia,17,0.018934232107852892,0.9857142857142858,1711,3571,587.0602847088594
bGWO-V4,Leukemia,18,0.018883826059127046,0.9857142857142858,1693,3571,585.7234690419864
bGWO-V4,Leukemia,19,0.018878225387046393,0.9857142857142858,1691,3571,588.1824155419599
bGWO-V4,Leukemia,20,0.01884742169060282,0.9857142857142858,1680,3571,585.5606776659843
bGWO-V4,Leukemia,21,0.018920230427651268,0.9857142857142858,1706,3571,588.0894776671194
bGWO-V4,Leukemia,22,0.018917430091610943,0.9857142857142858,1705,3571,587.7976715830155
bGWO-V4,Leukemia,23,0.017974572948753827,0.9866666666666667,1705,3571,587.3331295000389
bGWO-V4,Lymphography,0,0.1258214559386972,0.8790804597701151,11,18,131.42689433391206
bGWO-V4,Lymphography,1,0.13444291187739466,0.8714942528735632,13,18,131.2265656250529
bGWO-V4,Leukemia,24,0.018808216986038274,0.9857142857142858,1666,3571,488.27495712484233
bGWO-V4,Lymphography,2,0.12493793103448261,0.8788505747126438,9,18,135.7706384169869
bGWO-V4,Lymphography,3,0.1247103448275863,0.8790804597701148,9,18,137.41561962501146
bGWO-V4,Leukemia,25,0.01900144017282069,0.9857142857142858,1735,3571,482.6916246670298
bGWO-V4,Leukemia,26,0.018833420010401197,0.9857142857142858,1675,3571,478.7850000420585
bGWO-V4,Lymphography,4,0.13421532567049813,0.8717241379310344,13,18,150.89821195811965
bGWO-V4,Leukemia,27,0.01885862303476412,0.9857142857142858,1684,3571,478.671847834019
bGWO-V4,Lymphography,5,0.1206605363984674,0.8859770114942529,14,18,156.99981599999592
bGWO-V4,Lymphography,6,0.12496475095785443,0.8777011494252873,7,18,159.16551279090345
bGWO-V4,Lymphography,7,0.1335593869731801,0.871264367816092,11,18,160.74299637484364
bGWO-V4,Leukemia,28,0.018886626395167368,0.9857142857142858,1694,3571,486.67147416691296
bGWO-V4,Leukemia,29,0.018867024042885094,0.9857142857142858,1687,3571,498.77513379091397
bGWO-V4,Lymphography,8,0.14352643678160923,0.8583908045977011,6,18,172.7657106248662
bGWO-V4,Lymphography,9,0.14094252873563218,0.864367816091954,12,18,185.5777847499121
bGWO-V4,Lymphography,10,0.13836551724137933,0.8652873563218391,9,18,188.59100225009024
bGWO-V4,Lymphography,11,0.13143754789272036,0.8717241379310344,8,18,189.38019750011154
bGWO-V4,Lymphography,12,0.132776245210728,0.8714942528735632,10,18,191.87516824994236
bGWO-V4,Lymphography,13,0.12997164750957838,0.8726436781609197,7,18,192.36390174995176
bGWO-V4,Lymphography,14,0.1393494252873563,0.8659770114942529,12,18,191.44965191697702
bGWO-V4,Lymphography,15,0.14418237547892718,0.8588505747126437,8,18,192.63030804204755
bGWO-V4,Lymphography,16,0.13542681992337166,0.872183908045977,16,18,188.5886222908739
bGWO-V4,Lymphography,17,0.1254934865900384,0.8788505747126436,10,18,186.7342132080812
bGWO-V4,Lymphography,18,0.13947662835249044,0.8652873563218391,11,18,186.10431329207495
bGWO-V4,Lymphography,19,0.12738773946360146,0.8786206896551725,13,18,184.52124899998307
bGWO-V4,Lymphography,20,0.13836551724137933,0.8652873563218391,9,18,184.21451712492853
bGWO-V4,Lymphography,21,0.12594865900383143,0.8783908045977011,10,18,186.03173358389176
bGWO-V4,Lymphography,22,0.1381379310344828,0.8655172413793103,9,18,186.13108079205267
bGWO-V4,Lymphography,23,0.1316651340996169,0.8714942528735632,8,18,186.25206920783967
bGWO-V4,Lymphography,24,0.13176551724137917,0.8719540229885059,9,18,184.1551397079602
bGWO-V4,Lymphography,25,0.13153793103448277,0.872183908045977,9,18,184.98396066692658
bGWO-V4,Lymphography,26,0.1399318007662835,0.8648275862068966,11,18,186.60970425000414
bGWO-V4,Lymphography,27,0.14385440613026815,0.8586206896551725,7,18,184.43800141708925
bGWO-V4,Lymphography,28,0.13287662835249028,0.8719540229885059,11,18,184.3951401670929
bGWO-V4,Lymphography,29,0.12650421455938698,0.8783908045977011,11,18,187.67865729192272
bGWO-V4,M-of-n,0,0.004615384615384616,1.0,6,13,509.1633898750879
bGWO-V4,M-of-n,1,0.004615384615384616,1.0,6,13,511.27332637505606
bGWO-V4,M-of-n,2,0.004615384615384616,1.0,6,13,509.64795808284543
bGWO-V4,M-of-n,3,0.004615384615384616,1.0,6,13,518.0906255841255
bGWO-V4,M-of-n,4,0.01330461538461539,0.992,7,13,521.1959111248143
bGWO-V4,M-of-n,5,0.004615384615384616,1.0,6,13,517.92572766589
bGWO-V4,M-of-n,6,0.004615384615384616,1.0,6,13,518.7264126660302
bGWO-V4,M-of-n,7,0.004615384615384616,1.0,6,13,516.0376382078975
bGWO-V4,M-of-n,8,0.004615384615384616,1.0,6,13,517.4624492919538
bGWO-V4,M-of-n,9,0.004615384615384616,1.0,6,13,521.8599738751072
bGWO-V4,M-of-n,10,0.004615384615384616,1.0,6,13,516.2839446670841
bGWO-V4,M-of-n,11,0.004615384615384616,1.0,6,13,512.2618284160271
bGWO-V4,M-of-n,12,0.004615384615384616,1.0,6,13,514.5071343749296
bGWO-V4,M-of-n,13,0.008575384615384509,0.9960000000000001,6,13,510.300204457948
bGWO-V4,M-of-n,14,0.01330461538461539,0.992,7,13,512.8037924170494
bGWO-V4,M-of-n,15,0.004615384615384616,1.0,6,13,514.7773417090066
bGWO-V4,M-of-n,16,0.004615384615384616,1.0,6,13,517.8885724998545
bGWO-V4,M-of-n,17,0.004615384615384616,1.0,6,13,519.7526666249614
bGWO-V4,M-of-n,18,0.004615384615384616,1.0,6,13,517.2152959590312
bGWO-V4,M-of-n,19,0.004615384615384616,1.0,6,13,520.8487235829234
bGWO-V4,M-of-n,20,0.004615384615384616,1.0,6,13,522.8101110828575
bGWO-V4,M-of-n,21,0.004615384615384616,1.0,6,13,518.848421207862
bGWO-V4,M-of-n,22,0.004615384615384616,1.0,6,13,520.3921001250856
bGWO-V4,M-of-n,23,0.004615384615384616,1.0,6,13,518.3054349999875
bGWO-V4,Parkinsons,0,0.04887412587412593,0.9538461538461538,7,22,211.52871345798485
bGWO-V4,Parkinsons,1,0.04425174825174833,0.9589743589743589,8,22,213.1364070829004
bGWO-V4,M-of-n,24,0.004615384615384616,1.0,6,13,510.08299900009297
bGWO-V4,M-of-n,25,0.004615384615384616,1.0,6,13,511.6730943748262
bGWO-V4,M-of-n,26,0.009344615384615278,0.9960000000000001,7,13,509.7406570420135
bGWO-V4,Parkinsons,2,0.059937062937062954,0.9435897435897436,9,22,214.3319153750781
bGWO-V4,Parkinsons,3,0.05160139860139866,0.9538461538461538,13,22,214.54789041704498
bGWO-V4,M-of-n,27,0.004615384615384616,1.0,6,13,509.21443883306347
bGWO-V4,M-of-n,29,0.004615384615384616,1.0,6,13,510.5549569579307
bGWO-V4,M-of-n,28,0.004615384615384616,1.0,6,13,512.6679626670666
bGWO-V4,Parkinsons,4,0.04470629370629378,0.9589743589743589,9,22,211.03039670782164
bGWO-V4,Parkinsons,5,0.038265734265734354,0.964102564102564,6,22,213.01679087500088
bGWO-V4,Parkinsons,6,0.0511468531468532,0.9538461538461538,12,22,212.0272226249799
bGWO-V4,Parkinsons,7,0.049328671328671386,0.9538461538461538,8,22,211.59681899985299
bGWO-V4,Parkinsons,8,0.03872027972027981,0.964102564102564,7,22,213.7587160000112
bGWO-V4,Parkinsons,9,0.027580419580419506,0.9794871794871796,16,22,213.2147415408399
bGWO-V4,Parkinsons,10,0.04978321678321684,0.9538461538461538,9,22,214.94118000008166
bGWO-V4,Parkinsons,11,0.03409790209790199,0.9692307692307693,8,22,216.51522220810875
bGWO-V4,Parkinsons,12,0.043342657342657416,0.9589743589743589,6,22,217.03173550008796
bGWO-V4,Parkinsons,13,0.04516083916083924,0.9589743589743589,10,22,218.51102033280768
bGWO-V4,Parkinsons,14,0.04425174825174833,0.9589743589743589,8,22,218.477499416098
bGWO-V4,Parkinsons,15,0.03500699300699312,0.9692307692307691,10,22,218.23619200009853
bGWO-V4,Parkinsons,16,0.04008391608391618,0.964102564102564,10,22,217.23581862496212
bGWO-V4,Parkinsons,17,0.02576223776223769,0.9794871794871796,12,22,218.5645315409638
bGWO-V4,Parkinsons,18,0.04887412587412593,0.9538461538461538,7,22,210.54997983411886
bGWO-V4,Parkinsons,19,0.029930069930069837,0.9743589743589745,10,22,214.0106870830059
bGWO-V4,Parkinsons,20,0.06365034965034966,0.9384615384615385,6,22,214.30017725005746
bGWO-V4,Parkinsons,21,0.03682517482517494,0.9692307692307691,14,22,211.94516420806758
bGWO-V4,Parkinsons,22,0.040993006993007085,0.964102564102564,12,22,212.65234554186463
bGWO-V4,Parkinsons,23,0.04425174825174833,0.9589743589743589,8,22,211.33224304090254
bGWO-V4,Parkinsons,24,0.04841958041958047,0.9538461538461538,6,22,210.47218508389778
bGWO-V4,Parkinsons,25,0.043797202797202874,0.9589743589743589,7,22,208.23606600007042
bGWO-V4,Parkinsons,26,0.03409790209790199,0.9692307692307693,8,22,199.98285145801492
bGWO-V4,Parkinsons,27,0.04053846153846163,0.964102564102564,11,22,201.75340454210527
bGWO-V4,Parkinsons,28,0.04425174825174833,0.9589743589743589,8,22,179.71166116697714
bGWO-V4,Parkinsons,29,0.039629370629370504,0.9641025641025642,9,22,169.7532205840107
bGWO-V4,Sonar,0,0.11318176538908246,0.8895470383275261,23,60,364.36216183402576
bGWO-V4,Sonar,1,0.11895934959349597,0.8845528455284553,28,60,347.82005116692744
bGWO-V4,Sonar,2,0.10974912891986068,0.8941927990708478,30,60,340.0569173749536
bGWO-V4,Sonar,3,0.09987224157955871,0.9038327526132404,28,60,338.8996998341754
bGWO-V4,Sonar,4,0.1322688734030197,0.870267131242741,23,60,331.7623283751309
bGWO-V4,Sonar,5,0.1091457607433218,0.8939605110336817,25,60,331.08190391608514
bGWO-V4,Sonar,6,0.10931242740998846,0.8939605110336817,26,60,322.8428595829755
bGWO-V4,Sonar,7,0.14053077816492457,0.8607433217189314,16,60,318.39244012511335
bGWO-V4,Sonar,8,0.12262195121951223,0.8796747967479674,21,60,313.398609082913
bGWO-V4,Sonar,9,0.1146416957026714,0.8890824622531939,29,60,313.3456891251262
bGWO-V4,Sonar,10,0.1325905923344948,0.8706155632984901,27,60,313.6563819171861
bGWO-V4,Sonar,11,0.12373693379790947,0.8795586527293844,27,60,313.68956354097463
bGWO-V4,Sonar,12,0.1187926829268293,0.8845528455284553,27,60,314.0982906250283
bGWO-V4,Sonar,13,0.10835249709639953,0.8944250871080139,23,60,315.6271342909895
bGWO-V4,Sonar,14,0.09959059233449481,0.9039488966318234,27,60,313.8225775840692
bGWO-V4,Sonar,15,0.11856271777003494,0.8847851335656213,27,60,325.37085979105905
bGWO-V4,Sonar,16,0.12277700348432063,0.8800232288037165,24,60,338.86692695808597
bGWO-V4,Sonar,17,0.11463008130081304,0.8894308943089431,31,60,341.09825516701676
bGWO-V4,Sonar,18,0.10974912891986068,0.8941927990708478,30,60,341.86675512488
bGWO-V4,Sonar,19,0.13207897793263643,0.8709639953542393,26,60,342.1872692089528
bGWO-V4,Sonar,20,0.12017770034843207,0.8846689895470383,36,60,345.14549758285284
bGWO-V4,Sonar,21,0.1282845528455285,0.8747967479674796,26,60,346.09013554197736
bGWO-V4,Sonar,22,0.12877293844367013,0.8751451800232288,31,60,344.45820887503214
bGWO-V4,Sonar,23,0.13276887340301982,0.8702671312427409,26,60,342.60730616701767
bGWO-V4,SpectEW,0,0.13792910234419653,0.8652690426275333,10,22,160.23605716601014
bGWO-V4,SpectEW,1,0.1386306460834763,0.8654786862334032,12,22,160.64303979184479
bGWO-V4,Sonar,24,0.11867770034843207,0.8846689895470383,27,60,358.7324581670109
bGWO-V4,Sonar,25,0.10985249709639953,0.8944250871080139,32,60,360.533348958008
bGWO-V4,Sonar,26,0.10963414634146344,0.8943089430894309,30,60,362.30844604200684
bGWO-V4,Sonar,27,0.11447502903600473,0.8890824622531939,28,60,362.4990155000705
bGWO-V4,SpectEW,2,0.14599371069182396,0.857582110412299,11,22,170.72090929211117
bGWO-V4,Sonar,28,0.1147967479674797,0.8894308943089431,32,60,376.3023378329817
bGWO-V4,Sonar,29,0.1283130081300813,0.875609756097561,31,60,386.6784404590726
bGWO-V4,SpectEW,3,0.14285077186963985,0.8612159329140461,12,22,207.62658024998382
bGWO-V4,SpectEW,4,0.14096340766152074,0.8612858141160029,8,22,224.78359720902517
bGWO-V4,SpectEW,5,0.14159576901086338,0.8615653389238295,10,22,236.2669846669305
bGWO-V4,SpectEW,6,0.1313962264150942,0.8723270440251574,11,22,236.60123108304106
bGWO-V4,SpectEW,7,0.13129731275014297,0.8728860936408106,12,22,239.35813937499188
bGWO-V4,SpectEW,8,0.1451538021726702,0.8575122292103423,9,22,238.23873654194176
bGWO-V4,SpectEW,9,0.15063865065751852,0.8538085255066388,13,22,239.8208924580831
bGWO-V4,SpectEW,10,0.13754373927958835,0.8651991614255765,9,22,240.72808858403005
bGWO-V4,SpectEW,11,0.13415380217267012,0.8686233403214535,9,22,240.6154590419028
bGWO-V4,SpectEW,12,0.1466952544311035,0.8577917540181691,13,22,238.49149279203266
bGWO-V4,SpectEW,13,0.1431280731846769,0.8577218728162125,5,22,240.9066173748579
bGWO-V4,SpectEW,14,0.14483762149799884,0.8573724668064291,8,22,244.9367812499404
bGWO-V4,SpectEW,15,0.13740537449971402,0.86533892382949,9,22,244.37344283401035
bGWO-V4,SpectEW,16,0.13642710120068607,0.8654088050314466,7,22,240.34428212489001
bGWO-V4,SpectEW,17,0.14253459119496847,0.8610761705101329,11,22,240.50834287516773
bGWO-V4,SpectEW,18,0.13792910234419675,0.8652690426275331,10,22,243.02133091702126
bGWO-V4,SpectEW,19,0.14533161806746703,0.8577917540181692,10,22,244.10634924983606
bGWO-V4,SpectEW,20,0.14414579759862772,0.8580712788259959,8,22,238.69806837500073
bGWO-V4,SpectEW,21,0.13869982847341336,0.8654088050314466,12,22,241.7173472500872
bGWO-V4,SpectEW,22,0.14508461978273304,0.857582110412299,9,22,242.35602000006475
bGWO-V4,SpectEW,23,0.1386603773584906,0.8649895178197065,11,22,242.2512665418908
bGWO-V4,SpectEW,24,0.1412795883361921,0.8614255765199161,9,22,244.10771204088815
bGWO-V4,SpectEW,25,0.14902801600914795,0.8535988819007688,9,22,243.29467995790765
bGWO-V4,SpectEW,26,0.13464779874213822,0.8690426275331937,11,22,242.38485012482852
bGWO-V4,SpectEW,27,0.13845283018867927,0.8651991614255765,11,22,247.9692267079372
bGWO-V4,SpectEW,28,0.1416649514008004,0.8614954577218729,10,22,242.53049550019205
bGWO-V4,SpectEW,29,0.1377215551743854,0.8654786862334032,10,22,248.63425854197703
bGWO-V4,TicTacToe,0,0.15672905759162287,0.8517888307155325,9,9,481.40732504217885
bGWO-V4,TicTacToe,1,0.16090265052356026,0.8475730802792321,9,9,481.62912212498486
bGWO-V4,TicTacToe,2,0.15777110602094235,0.8507362565445027,9,9,479.8278786248993
bGWO-V4,TicTacToe,3,0.15987679973821992,0.8486092931937173,9,9,482.56747624999844
bGWO-V4,TicTacToe,4,0.15880775523560212,0.8496891361256544,9,9,480.6244092921261
bGWO-V4,TicTacToe,5,0.16502225130890044,0.843411867364747,9,9,481.9893369579222
bGWO-V4,TicTacToe,6,0.16502225130890044,0.843411867364747,9,9,479.3277580412105
bGWO-V4,TicTacToe,7,0.15880775523560212,0.8496891361256544,9,9,478.66658237506635
bGWO-V4,TicTacToe,8,0.15987679973821992,0.8486092931937173,9,9,479.484889625106
bGWO-V4,TicTacToe,9,0.15880775523560212,0.8496891361256544,9,9,477.64493425004184
bGWO-V4,TicTacToe,10,0.1660535013089006,0.8423702006980802,9,9,476.83579254196957
bGWO-V4,TicTacToe,11,0.16089185209424073,0.8475839877835952,9,9,479.11693562497385
bGWO-V4,TicTacToe,12,0.15571400523560205,0.8528141361256545,9,9,481.02332899998873
bGWO-V4,TicTacToe,13,0.16911485602094248,0.8392779232111692,9,9,480.322011084063
bGWO-V4,TicTacToe,14,0.16398020287958118,0.8444644415357766,9,9,485.53827008302324
bGWO-V4,TicTacToe,15,0.1536191099476439,0.8549301919720769,9,9,489.8598946661223
bGWO-V4,TicTacToe,17,0.16500605366492152,0.8434282286212914,9,9,483.7727289579343
bGWO-V4,TicTacToe,16,0.16501685209424083,0.8434173211169285,9,9,485.654294667067
bGWO-V4,TicTacToe,18,0.16604270287958117,0.8423811082024433,9,9,481.3778496668674
bGWO-V4,TicTacToe,19,0.1618745091623036,0.846591404886562,9,9,483.37287337495945
bGWO-V4,TicTacToe,20,0.16393700916230358,0.8445080715532287,9,9,488.06390091613866
bGWO-V4,TicTacToe,21,0.1577495091623036,0.8507580715532287,9,9,483.253480249783
bGWO-V4,TicTacToe,22,0.16916884816753916,0.8392233856893544,9,9,474.40917983301915
bGWO-V4,TicTacToe,23,0.16915804973821985,0.8392342931937173,9,9,483.055917291902
bGWO-V4,Vote,0,0.03163910730804805,0.9699352451433858,3,16,217.90044554090127
bGWO-V4,Vote,1,0.027609505087881583,0.9740055504162812,3,16,216.36573562514968
bGWO-V4,TicTacToe,25,0.1526148560209423,0.8559445898778361,9,9,477.8900580420159
bGWO-V4,TicTacToe,24,0.1567398560209424,0.8517779232111693,9,9,479.20049733296037
bGWO-V4,TicTacToe,26,0.16602650523560225,0.8423974694589876,9,9,477.5377668328583
bGWO-V4,TicTacToe,27,0.1588023560209425,0.8496945898778359,9,9,479.8494398749899
bGWO-V4,TicTacToe,28,0.1526094568062827,0.8559500436300175,9,9,486.07228050008416
bGWO-V4,TicTacToe,29,0.16500065445026169,0.843433682373473,9,9,488.10430237511173
bGWO-V4,Vote,2,0.03128885291396862,0.9696577243293246,2,16,221.75820949999616
bGWO-V4,Vote,3,0.03110568917668817,0.9698427382053655,2,16,224.0461049999576
bGWO-V4,Vote,4,0.027868177613321003,0.9743755781683626,4,16,221.64275750005618
bGWO-V4,Vote,5,0.03191385291396862,0.9696577243293246,3,16,223.85366516606882
bGWO-V4,Vote,6,0.027517923219241354,0.9740980573543017,3,16,221.11843524989672
bGWO-V4,Vote,7,0.027517923219241354,0.9740980573543017,3,16,221.04522091709077
bGWO-V4,Vote,8,0.027426341350601235,0.974190564292322,3,16,219.8588238330558
bGWO-V4,Vote,9,0.031014107308048055,0.9699352451433858,2,16,217.13680891715921
bGWO-V4,Vote,10,0.028051341350601236,0.974190564292322,4,16,216.43036341713741
bGWO-V4,Vote,11,0.03110568917668817,0.9698427382053655,2,16,215.42728429217823
bGWO-V4,Vote,12,0.031014107308048055,0.9699352451433858,2,16,216.80421708291396
bGWO-V4,Vote,13,0.027426341350601235,0.974190564292322,3,16,215.90808845800348
bGWO-V4,Vote,14,0.027609505087881583,0.9740055504162812,3,16,217.2178179579787
bGWO-V4,Vote,15,0.031822271045328504,0.9697502312673449,3,16,219.02218337496743
bGWO-V4,Vote,16,0.02885950508788158,0.9740055504162812,5,16,219.3456963750068
bGWO-V4,Vote,17,0.031014107308048055,0.9699352451433858,2,16,216.73211554205045
bGWO-V4,Vote,18,0.027609505087881583,0.9740055504162812,3,16,215.01587258419022
bGWO-V4,Vote,19,0.027517923219241354,0.9740980573543017,3,16,218.57456366694532
bGWO-V4,Vote,20,0.031547525439408045,0.970027752081406,3,16,216.2166701660026
bGWO-V4,Vote,21,0.031014107308048055,0.9699352451433858,2,16,217.185421125032
bGWO-V4,Vote,22,0.028767923219241355,0.9740980573543017,5,16,217.019062791951
bGWO-V4,Vote,23,0.03163910730804805,0.9699352451433858,3,16,215.56570279202424
bGWO-V4,Vote,24,0.027517923219241354,0.9740980573543017,3,16,213.3413709171582
bGWO-V4,Vote,25,0.027609505087881694,0.9740055504162811,3,16,210.7318929170724
bGWO-V4,Vote,26,0.031197271045328507,0.9697502312673449,2,16,207.11131408298388
bGWO-V4,Vote,27,0.027517923219241354,0.9740980573543017,3,16,200.6352740409784
bGWO-V4,Vote,28,0.031197271045328507,0.9697502312673449,2,16,194.335299000144
bGWO-V4,Vote,29,0.02795975948196112,0.9742830712303423,4,16,193.2183113328647
bGWO-V4,WDBC,0,0.026539512498059168,0.9789163173420278,17,30,424.92738795792684
bGWO-V4,WDBC,1,0.028276354603322444,0.9771619313771154,17,30,440.6650419998914
bGWO-V4,WDBC,2,0.026554882782176714,0.9789007918025151,17,30,435.9831638748292
bGWO-V4,WDBC,4,0.028361900326036266,0.9753920198726906,12,30,427.46771366591565
bGWO-V4,WDBC,3,0.02824561403508768,0.9771929824561404,17,30,467.29217541590333
bGWO-V4,WDBC,7,0.025872845831392724,0.9789163173420276,15,30,419.2696182921063
bGWO-V4,WDBC,5,0.026206179164726055,0.9789163173420276,16,30,441.51697654183954
bGWO-V4,WDBC,6,0.02652414221394195,0.9789318428815401,17,30,438.2726832081098
bGWO-V4,WDBC,8,0.029331159757801612,0.9754230709517155,15,30,414.96215679193847
bGWO-V4,WDBC,10,0.026291724887439766,0.9771464058376029,11,30,412.9530454578344
bGWO-V4,WDBC,9,0.025206179164726058,0.9789163173420276,13,30,455.0915279169567
bGWO-V4,WDBC,12,0.02691228070175435,0.9771929824561404,13,30,391.11295595788397
bGWO-V4,WDBC,11,0.025136003726129667,0.9806707033069397,18,30,426.36193141690455
bGWO-V4,WDBC,13,0.023065828287532952,0.9824250892718522,17,30,413.03527487511747
bGWO-V4,WDBC,15,0.026943021269989112,0.9771619313771154,13,30,397.3572809579782
bGWO-V4,WDBC,14,0.02452414221394195,0.9789318428815401,11,30,486.8975189169869
bGWO-V4,WDBC,16,0.026190808880608617,0.9789318428815401,16,30,417.31102645793
bGWO-V4,WDBC,17,0.027609687936655778,0.9771619313771154,15,30,408.19551091687754
bGWO-V4,WDBC,18,0.026190808880608617,0.9789318428815401,16,30,422.67314158403315
bGWO-V4,WDBC,19,0.025888216115510048,0.9789007918025151,15,30,414.6166704588104
bGWO-V4,WDBC,21,0.027664493091134945,0.9754230709517155,10,30,403.3850927921012
bGWO-V4,WDBC,20,0.025554882782176713,0.9789007918025151,14,30,460.9011056669988
bGWO-V4,WDBC,22,0.0283772706101537,0.9753764943331781,12,30,415.79290491715074
bGWO-V4,WDBC,23,0.024151374010246886,0.9806551777674274,15,30,423.4725333750248
bGWO-V4,WDBC,24,0.025570253066294152,0.9788852662630025,14,30,427.561369166011
bGWO-V4,WDBC,25,0.026609687936655777,0.9771619313771154,12,30,465.81133895902894
bGWO-V4,WDBC,26,0.026927650985871673,0.9771774569166279,13,30,460.0400399158243
bGWO-V4,WDBC,27,0.025973761838223763,0.9771308802980905,10,30,475.9398944999557
bGWO-V4,WDBC,28,0.023383791336748956,0.9824406148113647,18,30,488.0196869999636
bGWO-V4,WDBC,29,0.026888216115510045,0.9789007918025151,18,30,482.0396492499858
bGWO-V4,WaveformEW,0,0.18345000000000006,0.82,21,40,2997.568319000071
bGWO-V4,WaveformEW,1,0.19503799999999993,0.8088000000000001,23,40,3025.1884482919704
bGWO-V4,WaveformEW,2,0.19410000000000005,0.8099999999999999,24,40,3104.044670375064
bGWO-V4,WaveformEW,3,0.19482999999999995,0.808,19,40,3128.1838931250386
bGWO-V4,WaveformEW,4,0.18789999999999996,0.8150000000000001,19,40,3144.3622449161485
bGWO-V4,WaveformEW,5,0.19237000000000007,0.8119999999999999,25,40,3133.1165115418844
bGWO-V4,WaveformEW,7,0.19118200000000007,0.8131999999999999,25,40,3100.0311671660747
bGWO-V4,WaveformEW,6,0.20017600000000002,0.8026,19,40,3156.7585444578435
bGWO-V4,WaveformEW,8,0.189244,0.8144,22,40,3165.8481205829885
bGWO-V4,WaveformEW,9,0.19271399999999989,0.8114000000000001,24,40,3172.599501708988
bGWO-V4,WaveformEW,10,0.19532999999999984,0.8080000000000002,21,40,3146.95980741689
bGWO-V4,WaveformEW,11,0.19205800000000015,0.8107999999999999,19,40,3126.1908101660665
bGWO-V4,WaveformEW,12,0.18894200000000008,0.8141999999999999,20,40,3142.3281914168037
bGWO-V4,WaveformEW,13,0.18790999999999994,0.8160000000000001,23,40,3115.8755090001505
bGWO-V4,WaveformEW,14,0.19810200000000008,0.8051999999999999,21,40,3131.3263450420927
bGWO-V4,WaveformEW,15,0.19324600000000003,0.8096,19,40,3129.1582251251675
bGWO-V4,WaveformEW,16,0.1959759999999999,0.8076000000000001,22,40,3106.889640125213
bGWO-V4,WaveformEW,17,0.19621600000000014,0.8065999999999999,19,40,3124.273416417185
bGWO-V4,WaveformEW,18,0.19195399999999987,0.8104000000000001,17,40,3111.3264987089206
bGWO-V4,WaveformEW,19,0.19237000000000007,0.8119999999999999,25,40,3177.6802982499357
bGWO-V4,WaveformEW,21,0.19489199999999998,0.8092,24,40,3153.3617619168945
bGWO-V4,WaveformEW,20,0.19780999999999996,0.806,23,40,3164.470161125064
bGWO-V4,WaveformEW,22,0.1873579999999999,0.8158000000000001,20,40,3162.5197546659037
bGWO-V4,WaveformEW,23,0.1841379999999999,0.8188000000000001,19,40,3150.531938666012
bGWO-V4,Zoo,0,0.026049999999999907,0.9800000000000001,10,16,131.66194187500514
bGWO-V4,Zoo,1,0.023549999999999908,0.9800000000000001,6,16,131.2587619998958
bGWO-V4,Zoo,2,0.01677500000000001,0.99,11,16,129.22166899987496
bGWO-V4,Zoo,3,0.026203571428571402,0.9804761904761905,11,16,130.92223562509753
bGWO-V4,Zoo,4,0.023078571428571514,0.9804761904761904,6,16,128.93550420808606
bGWO-V4,Zoo,5,0.026049999999999907,0.9800000000000001,10,16,130.6210127910599
bGWO-V4,Zoo,6,0.03532499999999992,0.9700000000000001,9,16,130.64667308307253
bGWO-V4,Zoo,7,0.0249535714285714,0.9804761904761905,9,16,130.77305579092354
bGWO-V4,Zoo,8,0.023549999999999908,0.9800000000000001,6,16,129.78952087485231
bGWO-V4,Zoo,9,0.032978571428571524,0.9704761904761904,6,16,132.54384512500837
bGWO-V4,Zoo,10,0.026049999999999907,0.9800000000000001,10,16,134.16863541607745
bGWO-V4,Zoo,11,0.022924999999999907,0.9800000000000001,5,16,135.29560154187493
bGWO-V4,Zoo,12,0.025424999999999906,0.9800000000000001,9,16,128.92390837497078
bGWO-V4,Zoo,13,0.026049999999999907,0.9800000000000001,10,16,128.49502587504685
bGWO-V4,Zoo,14,0.02417499999999991,0.9800000000000001,7,16,128.65857574995607
bGWO-V4,Zoo,15,0.022453571428571403,0.9804761904761905,5,16,130.76303741708398
bGWO-V4,Zoo,16,0.02479999999999991,0.9800000000000001,8,16,129.04199866601266
bGWO-V4,Zoo,17,0.023549999999999908,0.9800000000000001,6,16,132.43970866594464
bGWO-V4,Zoo,18,0.026049999999999907,0.9800000000000001,10,16,132.70367645821534
bGWO-V4,Zoo,19,0.0348535714285713,0.9704761904761906,9,16,131.14758920809254
bGWO-V4,Zoo,20,0.024953571428571512,0.9804761904761904,9,16,129.689388750121
bGWO-V4,Zoo,21,0.0336035714285713,0.9704761904761906,7,16,131.1535427090712
bGWO-V4,Zoo,22,0.01677500000000001,0.99,11,16,127.66772133298218
bGWO-V4,Zoo,23,0.025424999999999906,0.9800000000000001,9,16,132.07555954204872
bGWO-V4,Zoo,24,0.026049999999999907,0.9800000000000001,10,16,135.19298345805146
bGWO-V4,Zoo,25,0.025424999999999906,0.9800000000000001,9,16,134.97348033403978
bGWO-V4,Zoo,26,0.026674999999999907,0.9800000000000001,11,16,131.41803141590208
bGWO-V4,Zoo,27,0.022453571428571403,0.9804761904761905,5,16,130.207981958054
bGWO-V4,Zoo,28,0.02479999999999991,0.9800000000000001,8,16,129.32030641683377
bGWO-V4,Zoo,29,0.026049999999999907,0.9800000000000001,10,16,129.49601337499917
bGWO-V4,WaveformEW,24,0.189984,0.8134,21,40,3038.6014120839536
bGWO-V4,WaveformEW,25,0.19026600000000002,0.8116,15,40,2984.571706124814
bGWO-V4,WaveformEW,26,0.19404800000000014,0.8097999999999999,23,40,2894.4153124580625
bGWO-V4,WaveformEW,27,0.1863060000000001,0.8155999999999999,15,40,2784.3768332090694
bGWO-V4,WaveformEW,28,0.19632999999999995,0.808,25,40,2750.3323888750747
bGWO-V4,WaveformEW,29,0.19067199999999998,0.8122,19,40,2758.9887730421033
