algorithm,dataset,run_id,fitness,accuracy,n_selected_features,n_total_features,runtime_seconds
SCSO,BreastEW,7,0.04757423309956584,0.9575568913696866,5,9,470.0696306250029
SCSO,BreastEW,1,0.03311105147655163,0.9721661657363676,5,9,471.11749554199923
SCSO,BreastEW,2,0.04792963121988458,0.9560755689136968,4,9,471.9641722910019
SCSO,BreastEW,3,0.03524584943466445,0.9677651352511807,3,9,472.84689058300137
SCSO,BreastEW,0,0.03455630695100433,0.9707063117217689,5,9,473.49875754200184
SCSO,BreastEW,4,0.03961590572968855,0.9678402747960497,7,9,474.52480391700374
SCSO,BreastEW,5,0.0569990697008731,0.9457921854873336,3,9,477.5844604169979
SCSO,BreastEW,6,0.035322646820285276,0.9721768999570631,7,9,482.78263662500103
SCSO,BreastEW,9,0.03308979771957437,0.9721876341777588,5,9,474.92604629099515
SCSO,BreastEW,8,0.042461499928438534,0.9604765993988836,3,9,475.8920037499993
SCSO,BreastEW,11,0.04429644339487618,0.9619901245169601,6,9,473.9286922500032
SCSO,BreastEW,10,0.05920003816611806,0.9458136539287247,5,9,475.00772758300445
SCSO,BreastEW,13,0.03852604837555459,0.9678188063546587,6,9,475.17476483299833
SCSO,BreastEW,14,0.03452442631553839,0.9707385143838557,5,9,472.3274315410017
SCSO,BreastEW,15,0.04214860932207431,0.961914984972091,4,9,468.4194105419956
SCSO,BreastEW,12,0.051586482038070834,0.9546264491197938,6,9,477.9513347920001
SCSO,BreastEW,16,0.04680789323028479,0.9560863031343925,3,9,368.958076541996
SCSO,BreastEW,19,0.06391245646677163,0.9399313009875483,4,9,368.06451966700115
SCSO,BreastEW,23,0.05087327656123265,0.953102189781022,4,9,364.988937874994
SCSO,BreastEW,18,0.04068210009064456,0.9633963074280807,4,9,371.37169958300365
SCSO,BreastEW,21,0.06099006488240061,0.9428832116788322,4,9,368.96400616699975
SCSO,BreastEW,17,0.031331651638757764,0.9750858737655645,6,9,373.8520842920043
SCSO,BreastEW,20,0.033455822718381795,0.9706955775010734,4,9,370.85232299999916
SCSO,BreastEW,22,0.05159710891655941,0.9546157148990982,6,9,372.12615574999654
SCSO,BreastEW,24,0.12248660607795422,0.8785208243881495,2,9,340.8059127910019
SCSO,BreastEW,25,0.031946805972997316,0.9722198368398456,4,9,344.5394277500018
SCSO,BreastEW,27,0.058433698296837124,0.9443430656934305,3,9,343.705508250001
SCSO,BreastEW,26,0.03676790229473787,0.9707170459424646,7,9,345.90279054200073
SCSO,BreastEW,28,0.04754235246410001,0.9575890940317733,5,9,343.8430127920001
SCSO,BreastEW,29,0.0447156027861267,0.9604443967367968,5,9,344.4098814579993
SCSO,ColonCancer,0,0.18259230769230772,0.8205128205128205,980,2000,438.9555712910005
SCSO,ColonCancer,1,0.2920411538461539,0.7102564102564102,1039,2000,439.6482037500027
SCSO,ColonCancer,2,0.18396153846153848,0.8192307692307692,1000,2000,479.4482555420036
SCSO,ColonCancer,6,0.22840961538461546,0.7743589743589743,1005,2000,476.8712946250016
SCSO,ColonCancer,3,0.22965384615384601,0.7730769230769232,1000,2000,480.27303587499773
SCSO,ColonCancer,5,0.25724692307692304,0.7448717948717949,934,2000,478.61027966599795
SCSO,ColonCancer,4,0.1978430769230769,0.8051282051282052,984,2000,479.6501194999946
SCSO,ColonCancer,7,0.17994884615384618,0.823076923076923,959,2000,478.8955076249986
SCSO,ColonCancer,8,0.17743538461538455,0.8256410256410257,964,2000,466.0261114579989
SCSO,ColonCancer,9,0.27398692307692313,0.7282051282051282,982,2000,467.4513645410043
SCSO,ColonCancer,10,0.19812807692307688,0.8051282051282052,1041,2000,447.3215639580012
SCSO,ColonCancer,11,0.1940903846153846,0.808974358974359,995,2000,447.1247627499979
SCSO,ColonCancer,13,0.22580615384615382,0.7769230769230769,992,2000,448.55749933399784
SCSO,ColonCancer,14,0.2270103846153845,0.7756410256410258,979,2000,448.48312254199845
SCSO,ColonCancer,12,0.19659384615384612,0.8064102564102564,988,2000,450.2499686670053
SCSO,ColonCancer,15,0.24501461538461541,0.7576923076923077,1026,2000,448.28547412499756
SCSO,ColonCancer,16,0.26019538461538455,0.7423076923076923,1016,2000,448.21783895800036
SCSO,ColonCancer,17,0.22451692307692306,0.7782051282051282,988,2000,449.9937171670026
SCSO,ColonCancer,18,0.24357038461538452,0.758974358974359,991,2000,458.56471891600086
SCSO,ColonCancer,19,0.26150961538461537,0.7410256410256411,1025,2000,456.5344074579989
SCSO,ColonCancer,20,0.16515807692307688,0.8384615384615385,1047,2000,458.9152357079947
SCSO,ColonCancer,21,0.16622230769230767,0.8371794871794872,1006,2000,458.6393631249957
SCSO,ColonCancer,23,0.2765453846153845,0.7256410256410257,986,2000,458.2694743749962
SCSO,ColonCancer,22,0.16353884615384615,0.8397435897435898,977,2000,460.0141417920022
SCSO,ColonCancer,24,0.21317884615384608,0.7897435897435898,1005,2000,446.06086312499974
SCSO,ColonCancer,25,0.19539961538461537,0.8076923076923077,1003,2000,445.4146675419979
SCSO,Diabetes,1,0.349186974789916,0.6510737628384686,3,8,321.7222890839985
SCSO,Diabetes,0,0.2552394957983193,0.7447075800016977,2,8,322.6205715420001
SCSO,ColonCancer,27,0.2779796153846154,0.7243589743589743,1019,2000,403.95137483299914
SCSO,ColonCancer,26,0.21049538461538453,0.7923076923076924,976,2000,406.3455705410015
SCSO,ColonCancer,29,0.19542961538461537,0.8076923076923077,1009,2000,407.32211066700256
SCSO,ColonCancer,28,0.3095453846153846,0.6923076923076923,986,2000,408.0928170420011
SCSO,Diabetes,2,0.2549768907563025,0.7512859689330278,7,8,340.084933750004
SCSO,Diabetes,3,0.2485189075630253,0.7552839317545199,5,8,341.1282214160019
SCSO,Diabetes,5,0.28988445378151256,0.7109752992105933,3,8,412.22879850000027
SCSO,Diabetes,4,0.3491512605042017,0.65237246413717,4,8,415.62991641699773
SCSO,Diabetes,6,0.26803571428571416,0.7330447330447332,3,8,437.81554320800205
SCSO,Diabetes,7,0.24985924369747914,0.7514048043459807,3,8,440.8932889580028
SCSO,Diabetes,8,0.36605462184873955,0.6327731092436975,2,8,437.3779441670049
SCSO,Diabetes,9,0.38018067226890756,0.6185043714455479,2,8,440.085464374999
SCSO,Diabetes,10,0.3376302521008404,0.6640098463627875,4,8,441.19759437499306
SCSO,Diabetes,11,0.2576701680672269,0.7460402342755283,5,8,438.6144078340003
SCSO,Diabetes,12,0.24085924369747896,0.7604957134368899,3,8,408.45738687500125
SCSO,Diabetes,13,0.27175210084033613,0.7330786860198625,6,8,415.93781737500103
SCSO,Diabetes,15,0.374890756302521,0.626372973431797,4,8,396.6268109169978
SCSO,Diabetes,14,0.2704663865546218,0.7343773873185638,6,8,401.82926854100515
SCSO,Diabetes,16,0.3492689075630253,0.6522536287242169,4,8,399.46289370800514
SCSO,Diabetes,17,0.34918487394957987,0.6523385111620406,4,8,396.85608570899785
SCSO,Diabetes,18,0.2911848739495798,0.7109243697478992,4,8,397.1510916250045
SCSO,Diabetes,19,0.24857773109243697,0.7552245140480435,5,8,399.8377543329989
SCSO,Diabetes,20,0.25124579831932775,0.7500042441218912,3,8,391.5806895409987
SCSO,Diabetes,21,0.36857983193277305,0.6327476445123504,4,8,391.7431462080058
SCSO,Diabetes,22,0.34150210084033616,0.6613615143026907,5,8,391.6248460830029
SCSO,Diabetes,23,0.28982983193277295,0.7135557253204313,5,8,392.83313158300007
SCSO,Diabetes,25,0.35175,0.6484848484848484,3,8,393.9083769170029
SCSO,Diabetes,24,0.3206428571428572,0.6836940836940837,6,8,395.7162382499955
SCSO,Diabetes,26,0.3466827731092437,0.6536032594856124,3,8,390.82356108300155
SCSO,Diabetes,27,0.2743424369747899,0.7291995586113234,5,8,393.803411957997
SCSO,Diabetes,28,0.35178991596638653,0.6497071555895085,4,8,392.7226030420061
SCSO,Diabetes,29,0.34795378151260503,0.651056786350904,2,8,386.3189206669995
SCSO,GermanCredit,1,0.3138600000000001,0.6859999999999999,6,20,721.1283304169992
SCSO,GermanCredit,0,0.30349000000000004,0.699,11,20,725.4519253750041
SCSO,GermanCredit,2,0.29904000000000003,0.704,12,20,738.7247821670026
SCSO,GermanCredit,5,0.28962000000000004,0.712,9,20,743.9894854169979
SCSO,GermanCredit,4,0.2827,0.72,11,20,758.050871624997
SCSO,GermanCredit,3,0.28717000000000004,0.717,14,20,759.9601027919998
SCSO,GermanCredit,6,0.28468000000000004,0.718,11,20,844.1065675419959
SCSO,GermanCredit,7,0.26934,0.734,12,20,849.259721167
SCSO,GermanCredit,9,0.3257400000000001,0.6739999999999999,6,20,675.695641792001
SCSO,GermanCredit,8,0.29012000000000004,0.712,10,20,681.3054698329943
SCSO,GermanCredit,10,0.34258999999999995,0.659,10,20,666.9655358749951
SCSO,GermanCredit,12,0.26686000000000004,0.736,11,20,656.5111302919977
SCSO,GermanCredit,11,0.25548,0.748,12,20,664.4567646669966
SCSO,GermanCredit,13,0.27282,0.732,15,20,663.6786003330053
SCSO,GermanCredit,14,0.2584500000000001,0.7449999999999999,12,20,570.0109321249984
SCSO,GermanCredit,15,0.25201999999999997,0.752,13,20,576.2182915829981
SCSO,GermanCredit,16,0.30100000000000005,0.7,8,20,558.8116946250011
SCSO,GermanCredit,17,0.33614000000000005,0.6639999999999999,7,20,570.9926390409964
SCSO,GermanCredit,18,0.3213,0.68,9,20,568.6236570000037
SCSO,GermanCredit,20,0.26191000000000003,0.741,11,20,566.4801553750003
SCSO,GermanCredit,21,0.32969999999999994,0.67,6,20,563.3668253329961
SCSO,GermanCredit,19,0.27627,0.727,12,20,577.2997654589999
SCSO,GermanCredit,22,0.30201000000000006,0.701,12,20,572.3773862079979
SCSO,GermanCredit,23,0.33170000000000005,0.6699999999999999,10,20,570.8407245420021
SCSO,HeartDisease,0,0.20809674054758803,0.7944632768361581,6,13,233.3123157079972
SCSO,GermanCredit,24,0.3034700000000001,0.697,7,20,564.1921572919964
SCSO,HeartDisease,1,0.19021290743155145,0.8148587570621469,9,13,232.96621604200482
SCSO,GermanCredit,28,0.27527,0.727,10,20,563.8296960829975
SCSO,GermanCredit,26,0.28865000000000013,0.7149999999999999,13,20,577.8871018340069
SCSO,GermanCredit,27,0.29062000000000004,0.712,11,20,566.9196204580003
SCSO,GermanCredit,25,0.2837,0.72,13,20,589.295008000001
SCSO,GermanCredit,29,0.27626,0.726,10,20,569.0048294589942
SCSO,HeartDisease,2,0.27102046936114743,0.7309039548022598,6,13,233.97004312500212
SCSO,HeartDisease,3,0.31470352020860504,0.6867796610169491,6,13,232.37089962499886
SCSO,HeartDisease,4,0.17926401564537162,0.8251412429378531,8,13,233.49637654200342
SCSO,HeartDisease,5,0.21381629726205983,0.7910169491525425,9,13,231.42804270800116
SCSO,HeartDisease,6,0.21887783572359845,0.7843502824858757,7,13,231.70913566699892
SCSO,HeartDisease,7,0.16529478487614085,0.8384745762711864,7,13,231.53734899999836
SCSO,HeartDisease,8,0.17283181225554112,0.831638418079096,8,13,233.83406908299366
SCSO,HeartDisease,9,0.20869817470664928,0.7946327683615819,7,13,233.07006516699767
SCSO,HeartDisease,10,0.2579882659713169,0.7440677966101694,6,13,232.25716845799616
SCSO,HeartDisease,11,0.17778148631029989,0.8250847457627118,6,13,232.31714329100214
SCSO,HeartDisease,12,0.23824419817470668,0.7640112994350282,6,13,233.5809428749999
SCSO,HeartDisease,13,0.2804308996088657,0.7206214689265537,5,13,231.20964404199913
SCSO,HeartDisease,14,0.22360443285528034,0.7811299435028248,9,13,231.65703137500532
SCSO,HeartDisease,15,0.21623455019556706,0.7846892655367232,4,13,232.3382602499987
SCSO,HeartDisease,16,0.20104993481095165,0.8046892655367233,10,13,233.911996584
SCSO,HeartDisease,17,0.21353598435462845,0.7881920903954802,5,13,232.4621095840048
SCSO,HeartDisease,18,0.325162190352021,0.6731073446327682,2,13,232.4531002080039
SCSO,HeartDisease,19,0.17931994784876143,0.8250847457627118,8,13,233.78976495799725
SCSO,HeartDisease,20,0.23449674054758798,0.7677966101694915,6,13,234.25506133299496
SCSO,HeartDisease,21,0.20077027379400272,0.8049717514124293,10,13,232.975761624999
SCSO,HeartDisease,22,0.20297926988265985,0.801186440677966,8,13,233.2476017500012
SCSO,HeartDisease,23,0.22206597131681868,0.7811299435028249,7,13,233.2169372089993
SCSO,HeartDisease,24,0.2893379400260756,0.7108474576271187,4,13,233.23582737499964
SCSO,HeartDisease,25,0.1800891786179922,0.8250847457627118,9,13,232.95773266700417
SCSO,HeartDisease,26,0.34759165580182527,0.6535593220338983,6,13,200.4339742910015
SCSO,HeartDisease,27,0.26635045632333787,0.7371751412429377,8,13,197.5103629160003
SCSO,HeartDisease,28,0.18917718383311596,0.8112429378531074,3,13,193.74415366599715
SCSO,HeartDisease,29,0.22195410691003917,0.7812429378531073,7,13,188.2250892919983
SCSO,IonosphereEW,2,0.150884649070896,0.8517505030181086,14,34,376.1368520420001
SCSO,IonosphereEW,1,0.13163304533080847,0.8717907444668007,16,34,385.4427314170025
SCSO,IonosphereEW,0,0.18659221209610594,0.8174647887323945,20,34,405.09844566600077
SCSO,IonosphereEW,3,0.13428701621493683,0.8688128772635814,15,34,400.21017449999636
SCSO,IonosphereEW,4,0.13703590957509773,0.8660362173038229,15,34,398.25904495800205
SCSO,IonosphereEW,5,0.1675948869688721,0.8375452716297787,23,34,420.8722214580048
SCSO,IonosphereEW,6,0.14865955734406447,0.8548893360160965,17,34,422.30006625000533
SCSO,IonosphereEW,7,0.15822681974198133,0.8461167002012072,20,34,443.116447417
SCSO,IonosphereEW,9,0.13172796780684107,0.8719919517102616,17,34,401.8731915409953
SCSO,IonosphereEW,8,0.17128812877263572,0.8320321931589538,17,34,408.29996708300314
SCSO,IonosphereEW,11,0.16979538406912073,0.8347283702213278,21,34,400.97709345800104
SCSO,IonosphereEW,10,0.1375046277665997,0.8661569416498993,17,34,411.393238208002
SCSO,IonosphereEW,13,0.10685072789679252,0.8944466800804829,8,34,270.1172487500007
SCSO,IonosphereEW,12,0.1686587525150906,0.8346881287726358,17,34,399.5162356669971
SCSO,IonosphereEW,14,0.11951608474375669,0.8831388329979879,13,34,388.6331955839996
SCSO,IonosphereEW,15,0.16421791928038812,0.8403621730382295,21,34,410.9916138330009
SCSO,IonosphereEW,16,0.1828566930997751,0.8206438631790745,18,34,399.76995125000394
SCSO,IonosphereEW,17,0.14394920108888637,0.8602414486921528,19,34,401.6257249590053
SCSO,IonosphereEW,18,0.13212635814889342,0.87158953722334,17,34,410.32677262499783
SCSO,IonosphereEW,19,0.19158144159072088,0.8118309859154929,18,34,408.2507680830022
SCSO,IonosphereEW,20,0.17981368209255538,0.823420523138833,17,34,410.51612229099555
SCSO,IonosphereEW,22,0.11729790507752406,0.8832997987927564,6,34,373.53097970800445
SCSO,IonosphereEW,21,0.18368396259912428,0.8204024144869214,20,34,409.8626188749986
SCSO,IonosphereEW,23,0.15488969108770273,0.8488933601609657,18,34,413.6547542920016
SCSO,IonosphereEW,25,0.12306765297668354,0.8804426559356138,16,34,395.806627416001
SCSO,IonosphereEW,24,0.2000824002840571,0.8035412474849096,19,34,422.0694352499995
SCSO,IonosphereEW,26,0.14169118238844838,0.8604426559356136,12,34,404.3617538749968
SCSO,IonosphereEW,27,0.1483103562551781,0.8546478873239437,15,34,439.68264199999976
SCSO,IonosphereEW,28,0.14827051722097284,0.8546881287726359,15,34,453.1439981250005
SCSO,IonosphereEW,29,0.1386412593206296,0.8661971830985916,21,34,510.02999183400243
SCSO,KrVsKpEW,0,0.08972901785714282,0.9142708333333334,17,35,1645.4501216670033
SCSO,KrVsKpEW,1,0.08408541247484903,0.9208372456964007,20,35,1676.9722146249987
SCSO,KrVsKpEW,2,0.11391878772635809,0.8895481220657278,16,35,1718.2275025830022
SCSO,KrVsKpEW,3,0.3283391976861168,0.672096048513302,13,35,1715.4833557090024
SCSO,KrVsKpEW,4,0.19872016473843068,0.8047559663536775,19,35,1727.4903915839968
SCSO,KrVsKpEW,5,0.23932665995975855,0.7634507042253521,18,35,1731.7215224160027
SCSO,KrVsKpEW,6,0.260959796277666,0.7421762519561815,20,35,1737.9939016660064
SCSO,KrVsKpEW,7,0.06974015342052307,0.9364818075117372,24,35,1786.9484352090003
SCSO,KrVsKpEW,8,0.1960096768108651,0.8066280320813772,16,35,1735.0102080420038
SCSO,KrVsKpEW,9,0.08165192404426558,0.9227181142410016,18,35,1744.6049877080004
SCSO,KrVsKpEW,10,0.1890647887323943,0.8150860719874805,21,35,1747.1013180419977
SCSO,KrVsKpEW,11,0.2814742203219315,0.7205888106416276,17,35,1738.0165611249977
SCSO,KrVsKpEW,12,0.09061127389336018,0.9139568661971831,19,35,1740.3572074580006
SCSO,KrVsKpEW,13,0.1680494341046277,0.8357365023474179,19,35,1731.932205291996
SCSO,KrVsKpEW,14,0.18129561745472836,0.8232223200312989,22,35,1742.0654001660005
SCSO,KrVsKpEW,15,0.21111259431589532,0.7922383607198749,19,35,1741.6710489999969
SCSO,KrVsKpEW,16,0.08968460135814876,0.914892899061033,19,35,1740.0746343749997
SCSO,KrVsKpEW,17,0.06773579602615687,0.9364862089201879,17,35,1740.5639058330053
SCSO,KrVsKpEW,18,0.16743019994969824,0.8363619913928012,19,35,1738.2593244169984
SCSO,KrVsKpEW,19,0.26650488556338026,0.7368637519561816,21,35,1736.9378772499986
SCSO,KrVsKpEW,20,0.25791336770623735,0.7446762519561816,18,35,1745.2548752499933
SCSO,KrVsKpEW,21,0.07450537600603624,0.9302254499217527,19,35,1748.3655017089986
SCSO,KrVsKpEW,22,0.39863758802816907,0.6013761737089202,14,35,1740.1777577079993
SCSO,KrVsKpEW,23,0.2697034456740441,0.73247848200313,17,35,1736.4122609999977
SCSO,Leukemia,0,0.05958910269232304,0.9447619047619048,1751,3571,579.5584747500034
SCSO,Leukemia,1,0.04632469496339559,0.9580952380952381,1728,3571,576.435219125
SCSO,Leukemia,2,0.07488484218106162,0.9295238095238096,1826,3571,569.2343051659991
SCSO,KrVsKpEW,24,0.08991863682092555,0.9155223004694836,22,35,1700.8153991660001
SCSO,Leukemia,3,0.05971511781413766,0.9447619047619048,1796,3571,570.9598369590021
SCSO,KrVsKpEW,25,0.16922127766599596,0.8354186228482003,22,35,1689.2229169589991
SCSO,KrVsKpEW,27,0.07700742580482889,0.927409526604069,18,35,1659.3652869170037
SCSO,KrVsKpEW,26,0.0700727049798792,0.9358572965571206,23,35,1670.7097828330006
SCSO,KrVsKpEW,28,0.0706436493963782,0.935857785602504,25,35,1663.2060427910037
SCSO,KrVsKpEW,29,0.3667332306338028,0.6336027973395931,14,35,1673.4384624999948
SCSO,Leukemia,4,0.01896783614033679,0.9857142857142858,1723,3571,537.9481284580033
SCSO,Leukemia,5,0.03260748889866776,0.9723809523809525,1880,3571,524.6745530000044
SCSO,Leukemia,6,0.04575428251390168,0.959047619047619,1861,3571,517.8857426659961
SCSO,Leukemia,7,0.047289954794575415,0.9571428571428571,1736,3571,513.2465643749965
SCSO,Leukemia,8,0.04543224386926432,0.959047619047619,1746,3571,499.5082360410015
SCSO,Leukemia,9,0.058699451934232094,0.9457142857142857,1770,3571,498.71898258299916
SCSO,Leukemia,10,0.046540320838500605,0.9580952380952381,1805,3571,498.0970243750053
SCSO,Leukemia,11,0.0616680401648198,0.9428571428571428,1820,3571,498.3908230419984
SCSO,Leukemia,12,0.04750558066968043,0.9571428571428571,1813,3571,496.7339776669978
SCSO,Leukemia,13,0.045527455294635366,0.959047619047619,1780,3571,496.7770314579975
SCSO,Leukemia,14,0.07481203344401338,0.9295238095238094,1800,3571,502.60913133300346
SCSO,Leukemia,15,0.033194703364403624,0.9714285714285715,1753,3571,500.4711191669994
SCSO,Leukemia,16,0.032386262351482106,0.9723809523809525,1801,3571,501.2795067920015
SCSO,Leukemia,17,0.03223784454134489,0.9723809523809525,1748,3571,499.8834757500008
SCSO,Leukemia,18,0.03220984118094164,0.9723809523809525,1738,3571,499.6628732079989
SCSO,Leukemia,19,0.05971231747809733,0.9447619047619048,1795,3571,502.5947682919941
SCSO,Leukemia,20,0.0323414569748369,0.9723809523809525,1785,3571,501.63868945799913
SCSO,Leukemia,21,0.03312189462735518,0.9714285714285715,1727,3571,501.44106604199624
SCSO,Leukemia,22,0.019186262351482127,0.9857142857142858,1801,3571,505.3472005000003
SCSO,Leukemia,23,0.03242546705604665,0.9723809523809525,1815,3571,502.368194374998
SCSO,Lymphography,0,0.1649931034482758,0.8383908045977012,9,18,127.41152770900226
SCSO,Leukemia,25,0.05972071848621831,0.9447619047619048,1798,3571,482.43779787499807
SCSO,Leukemia,24,0.04561986638396608,0.959047619047619,1813,3571,483.073891
SCSO,Lymphography,1,0.4194613026819923,0.5802298850574713,7,18,128.37506516699796
SCSO,Leukemia,26,0.018987438492619066,0.9857142857142858,1730,3571,476.2728617920002
SCSO,Leukemia,27,0.04646471176541184,0.9580952380952381,1778,3571,470.6080982079948
SCSO,Leukemia,28,0.019074248909869133,0.9857142857142858,1761,3571,462.59293404100026
SCSO,Lymphography,2,0.30531340996168566,0.6960919540229886,8,18,154.96874054199725
SCSO,Lymphography,4,0.3020467432950192,0.7027586206896551,14,18,158.88396420799836
SCSO,Lymphography,3,0.27185823754789273,0.7298850574712643,8,18,159.494711542
SCSO,Lymphography,5,0.19149348659003837,0.812183908045977,10,18,160.98075024999707
SCSO,Lymphography,6,0.45805057471264365,0.5406896551724139,6,18,163.65614895799808
SCSO,Leukemia,29,0.019085450254030432,0.9857142857142858,1765,3571,475.4207288749967
SCSO,Lymphography,7,0.21255862068965523,0.7903448275862068,9,18,166.35509358400304
SCSO,Lymphography,8,0.2060590038314176,0.7974712643678161,10,18,171.0106212909959
SCSO,Lymphography,9,0.2201693486590039,0.7832183908045977,10,18,172.59747333400446
SCSO,Lymphography,10,0.1587210727969348,0.8452873563218392,10,18,172.36064762499882
SCSO,Lymphography,11,0.35242375478927196,0.6485057471264368,8,18,172.96296458399593
SCSO,Lymphography,12,0.22520306513409966,0.7770114942528735,8,18,172.64194462500018
SCSO,Lymphography,13,0.24118084291187739,0.7636781609195402,13,18,174.2669356250044
SCSO,Lymphography,14,0.20570421455938706,0.7983908045977011,11,18,173.99077787499846
SCSO,Lymphography,15,0.1784206896551724,0.8248275862068966,9,18,174.0344258749974
SCSO,Lymphography,16,0.21599233716475097,0.7908045977011494,16,18,174.36763437500485
SCSO,Lymphography,17,0.21837547892720297,0.7839080459770116,8,18,175.11004991699883
SCSO,Lymphography,18,0.2380750957854407,0.7634482758620689,7,18,175.3900333749989
SCSO,Lymphography,19,0.23873103448275867,0.7639080459770115,9,18,175.24232433300494
SCSO,Lymphography,20,0.21837547892720308,0.7839080459770115,8,18,176.07745987499948
SCSO,Lymphography,21,0.2511747126436781,0.7496551724137932,6,18,174.45152429200243
SCSO,Lymphography,23,0.30541379310344824,0.6965517241379311,9,18,174.83555791599792
SCSO,Lymphography,22,0.1978927203065134,0.8045977011494253,8,18,175.94595370799652
SCSO,Lymphography,24,0.2519310344827587,0.750574712643678,9,18,174.62242087499908
SCSO,Lymphography,25,0.2519310344827585,0.7505747126436783,9,18,176.76718724999955
SCSO,Lymphography,26,0.2010252873563219,0.8036781609195401,12,18,175.27313312500337
SCSO,Lymphography,27,0.24353716475095802,0.7579310344827584,7,18,177.23548100000335
SCSO,Lymphography,28,0.1473149425287356,0.8579310344827586,12,18,175.87064970799838
SCSO,Lymphography,29,0.18681455938697314,0.8174712643678161,11,18,175.6856637910023
SCSO,M-of-n,0,0.23957307692307692,0.765,9,13,495.1611902920049
SCSO,M-of-n,1,0.20019384615384622,0.8039999999999999,8,13,497.00722962500004
SCSO,M-of-n,2,0.19447461538461544,0.8089999999999999,7,13,493.2152210419954
SCSO,M-of-n,3,0.09459153846153844,0.913,11,13,501.9924987080012
SCSO,M-of-n,4,0.12253230769230769,0.884,10,13,497.6769992499976
SCSO,M-of-n,6,0.3444061538461538,0.656,5,13,490.8967968750003
SCSO,M-of-n,5,0.11538153846153845,0.892,11,13,502.082421541003
SCSO,M-of-n,7,0.06654384615384609,0.9390000000000001,8,13,496.7394419159973
SCSO,M-of-n,8,0.4392253846153846,0.561,6,13,514.4282452080006
SCSO,M-of-n,9,0.29402307692307694,0.71,9,13,525.1965475830002
SCSO,M-of-n,10,0.1846815384615384,0.8220000000000001,11,13,520.6681639590024
SCSO,M-of-n,11,0.1538846153846154,0.85,7,13,526.0035466670015
SCSO,M-of-n,12,0.34099461538461534,0.661,7,13,526.1020741250031
SCSO,M-of-n,13,0.32669307692307686,0.677,9,13,525.8662676670065
SCSO,M-of-n,14,0.34099461538461534,0.661,7,13,524.5694287919978
SCSO,M-of-n,15,0.1876515384615385,0.819,11,13,526.1674783749986
SCSO,M-of-n,16,0.3125053846153847,0.689,6,13,561.9820374999981
SCSO,M-of-n,17,0.17016615384615397,0.8319999999999999,5,13,557.4390131669934
SCSO,M-of-n,18,0.18875538461538455,0.8140000000000001,6,13,590.3365603330021
SCSO,M-of-n,19,0.19106307692307686,0.8140000000000001,9,13,603.4628242920007
SCSO,M-of-n,21,0.29908692307692314,0.701,4,13,596.7123472920066
SCSO,M-of-n,20,0.017264615384615503,0.9879999999999999,7,13,600.6712110840017
SCSO,M-of-n,22,0.30876615384615386,0.692,5,13,599.0828835410066
SCSO,M-of-n,23,0.1764338461538462,0.828,8,13,616.6920547919945
SCSO,Parkinsons,0,0.14025874125874133,0.8615384615384615,7,22,260.3802561249977
SCSO,Parkinsons,1,0.18595104895104894,0.8153846153846154,7,22,242.76418445799936
SCSO,M-of-n,24,0.33670692307692307,0.663,4,13,589.8958057080017
SCSO,M-of-n,25,0.2766446153846154,0.726,7,13,593.391267250001
SCSO,Parkinsons,2,0.11206993006993002,0.8923076923076924,12,22,226.05154149999726
SCSO,M-of-n,26,0.33472692307692303,0.665,4,13,558.363846666005
SCSO,Parkinsons,3,0.0848671328671329,0.9179487179487179,8,22,222.83244762499817
SCSO,M-of-n,27,0.38873538461538465,0.612,6,13,551.8799900000013
SCSO,M-of-n,28,0.15443307692307695,0.851,9,13,548.4308379169961
SCSO,M-of-n,29,0.20987307692307688,0.795,9,13,549.3451134159986
SCSO,Parkinsons,4,0.1273006993006992,0.876923076923077,12,22,216.92191220899986
SCSO,Parkinsons,5,0.06175524475524478,0.9435897435897436,13,22,218.99169174999406
SCSO,Parkinsons,6,0.10100699300699299,0.9025641025641026,10,22,213.13225133400556
SCSO,Parkinsons,8,0.11623776223776239,0.887179487179487,10,22,212.97282458299742
SCSO,Parkinsons,7,0.11714685314685307,0.8871794871794872,12,22,218.9231999170006
SCSO,Parkinsons,9,0.09130769230769234,0.9128205128205128,11,22,216.114288165998
SCSO,Parkinsons,10,0.10100699300699288,0.9025641025641027,10,22,216.39563145799912
SCSO,Parkinsons,11,0.12176923076923069,0.8820512820512821,11,22,216.51747770800284
SCSO,Parkinsons,12,0.07698601398601405,0.9282051282051281,13,22,218.0166501249987
SCSO,Parkinsons,13,0.08532167832167836,0.9179487179487179,9,22,217.3927792500035
SCSO,Parkinsons,14,0.08623076923076928,0.9179487179487179,11,22,215.93786741599615
SCSO,Parkinsons,15,0.12502797202797214,0.8769230769230768,7,22,218.9343047910006
SCSO,Parkinsons,16,0.11714685314685307,0.8871794871794872,12,22,218.81689304199972
SCSO,Parkinsons,17,0.13654545454545441,0.8666666666666668,10,22,216.63256812500185
SCSO,Parkinsons,19,0.12502797202797192,0.876923076923077,7,22,214.56683595800132
SCSO,Parkinsons,18,0.06175524475524478,0.9435897435897436,13,22,220.0460609590009
SCSO,Parkinsons,20,0.1180559440559442,0.887179487179487,14,22,217.49113541699626
SCSO,Parkinsons,21,0.1416223776223777,0.8615384615384615,10,22,217.84690895799577
SCSO,Parkinsons,22,0.08160839160839155,0.9230769230769231,12,22,220.11755704200186
SCSO,Parkinsons,23,0.07009090909090908,0.9333333333333333,9,22,209.84658774999843
SCSO,Parkinsons,24,0.06130069930069932,0.9435897435897436,12,22,218.1505321250006
SCSO,Parkinsons,25,0.10237062937062924,0.9025641025641027,13,22,208.07083579200116
SCSO,Parkinsons,26,0.13237762237762227,0.8717948717948719,12,22,206.79175312499865
SCSO,Parkinsons,27,0.12222377622377613,0.8820512820512821,12,22,207.0634510000018
SCSO,Parkinsons,28,0.09130769230769223,0.9128205128205129,11,22,162.23181200000545
SCSO,Parkinsons,29,0.06501398601398602,0.9384615384615385,9,22,158.3188445420019
SCSO,Sonar,0,0.16149128919860622,0.8419279907084786,30,60,354.0265032499956
SCSO,Sonar,1,0.18480429732868756,0.8175377468060395,25,60,343.3022933329994
SCSO,Sonar,2,0.17770905923344948,0.827061556329849,39,60,344.5813630000048
SCSO,Sonar,3,0.23718466898954718,0.7644599303135887,24,60,343.2882228340022
SCSO,Sonar,4,0.19530778164924512,0.8074332171893147,28,60,341.69907420800155
SCSO,Sonar,5,0.1908751451800233,0.8120789779326364,29,60,341.12609966700256
SCSO,Sonar,6,0.17290301974448316,0.8312427409988385,35,60,334.54013008400216
SCSO,Sonar,7,0.23418873403019758,0.7693379790940765,35,60,332.6211283750017
SCSO,Sonar,8,0.16722880371660864,0.8364692218350754,32,60,326.1151929159969
SCSO,Sonar,9,0.20513298490127763,0.7976771196283391,29,60,325.92671574999986
SCSO,Sonar,10,0.23800638792102213,0.7648083623693379,31,60,325.59320720899996
SCSO,Sonar,11,0.21539488966318235,0.7881533101045296,34,60,324.3203026659976
SCSO,Sonar,12,0.1625261324041812,0.8408826945412311,30,60,323.74887083399517
SCSO,Sonar,13,0.20905400696864107,0.7933797909407666,27,60,323.5340669579964
SCSO,Sonar,14,0.20505807200929146,0.7982578397212544,32,60,323.87811941600376
SCSO,Sonar,15,0.18702264808362365,0.8176538908246226,39,60,324.9110419580029
SCSO,Sonar,16,0.2326771196283392,0.7696864111498257,28,60,321.6605499169964
SCSO,Sonar,17,0.21987921022067358,0.783623693379791,34,60,320.56827579100354
SCSO,Sonar,18,0.17520905923344948,0.827061556329849,24,60,322.66505070800486
SCSO,Sonar,19,0.2271811846689896,0.7745644599303135,24,60,321.4402689589988
SCSO,Sonar,20,0.1961811846689895,0.807897793263647,36,60,322.03394312500313
SCSO,Sonar,21,0.1715813008130082,0.8308943089430894,25,60,323.06970325000293
SCSO,Sonar,22,0.14865331010452965,0.8554006968641115,33,60,326.4074130000008
SCSO,Sonar,23,0.18632752613240428,0.8168408826945411,30,60,329.04045825000503
SCSO,SpectEW,0,0.17849971412235552,0.8238294898672258,9,22,153.83294141700026
SCSO,SpectEW,1,0.21544311034877076,0.786512928022362,9,22,155.27636424999946
SCSO,Sonar,24,0.19557781649245065,0.8076655052264808,31,60,352.23276295899996
SCSO,Sonar,25,0.17593902439024395,0.8268292682926829,27,60,353.82700337500137
SCSO,Sonar,26,0.14746341463414636,0.8560975609756097,30,60,354.61787295800605
SCSO,Sonar,27,0.18604587688734037,0.8169570267131242,29,60,357.8120509579967
SCSO,Sonar,28,0.1575586527293844,0.8465737514518002,34,60,357.21651683300297
SCSO,Sonar,29,0.16689547038327532,0.8364692218350754,30,60,358.5131375830024
SCSO,SpectEW,2,0.22661120640365934,0.7747728860936407,8,22,176.6837842909954
SCSO,SpectEW,3,0.19710977701543736,0.8050314465408805,9,22,180.18360362500243
SCSO,SpectEW,4,0.20888050314465412,0.7940600978336827,11,22,227.2474141249986
SCSO,SpectEW,5,0.1792012578616351,0.8240391334730959,11,22,232.52870066700416
SCSO,SpectEW,6,0.18412292738707817,0.8199860237596088,13,22,238.83441233300255
SCSO,SpectEW,8,0.1818502001143511,0.8199860237596086,8,22,233.91582912500598
SCSO,SpectEW,7,0.19903659233847928,0.8053808525506637,14,22,240.7137237920033
SCSO,SpectEW,9,0.23178959405374497,0.7718378756114606,13,22,243.45252616599464
SCSO,SpectEW,10,0.19054716981132083,0.8125786163522012,11,22,235.18392883399792
SCSO,SpectEW,11,0.20070726129216693,0.8013976240391335,9,22,237.96143999999913
SCSO,SpectEW,12,0.21628301886792453,0.7865828092243187,11,22,239.42374062499584
SCSO,SpectEW,13,0.1686558033161808,0.8351502445842067,12,22,238.561184416998
SCSO,SpectEW,14,0.19184162378502004,0.8126484975541579,14,22,245.78549595799996
SCSO,SpectEW,15,0.16792452830188662,0.8354297693920337,11,22,237.76277054199454
SCSO,SpectEW,16,0.2161446540880503,0.786722571628232,11,22,240.66647750000266
SCSO,SpectEW,17,0.23503144654088054,0.7676450034940601,11,22,241.61048033300176
SCSO,SpectEW,18,0.23154259576901076,0.7716282320055906,12,22,234.75409583299916
SCSO,SpectEW,19,0.23946883933676377,0.7640810621942699,13,22,244.97914137499902
SCSO,SpectEW,20,0.23035677530017154,0.7719077568134172,10,22,241.07004054199933
SCSO,SpectEW,21,0.20022298456260726,0.8018867924528301,9,22,236.4007167499949
SCSO,SpectEW,22,0.21307089765580348,0.7902865129280222,12,22,239.96288591600023
SCSO,SpectEW,23,0.20587592910234423,0.7975541579315164,12,22,239.91857437499857
SCSO,SpectEW,24,0.16649113779302463,0.8387141858839972,15,22,240.0009277499994
SCSO,SpectEW,25,0.21303144654088052,0.7898672257162823,11,22,240.73484116699547
SCSO,SpectEW,26,0.21369411092052598,0.7864430468204053,5,22,238.44337675000133
SCSO,SpectEW,27,0.19047798742138367,0.8126484975541579,11,22,240.13627254199673
SCSO,SpectEW,28,0.23063350485991985,0.7716282320055906,10,22,241.6325584590013
SCSO,SpectEW,29,0.17211492281303595,0.8316561844863732,12,22,240.32624558299722
SCSO,TicTacToe,1,0.2679369182664339,0.7338459860383945,4,9,480.04145945799974
SCSO,TicTacToe,0,0.20720856966259465,0.7985547556719022,7,9,489.21158841700526
SCSO,TicTacToe,2,0.3392875399941826,0.6617746509598604,4,9,482.1656780420017
SCSO,TicTacToe,3,0.34530991855730075,0.6534467713787085,2,9,474.36948216600285
SCSO,TicTacToe,4,0.3526193280977313,0.6471858638743455,3,9,480.7113357499984
SCSO,TicTacToe,5,0.34530991855730075,0.6534467713787085,2,9,482.34476133299904
SCSO,TicTacToe,6,0.3495309773123911,0.6503054101221639,3,9,479.486054042005
SCSO,TicTacToe,7,0.1949026323443862,0.812107329842932,8,9,489.88319337500434
SCSO,TicTacToe,8,1.0,0.0,0,9,465.75595041699853
SCSO,TicTacToe,9,0.22167846495055266,0.7839386998254799,7,9,484.8495415419966
SCSO,TicTacToe,11,0.3186463423502036,0.6826243455497382,4,9,480.61042279200046
SCSO,TicTacToe,10,0.2280106166375799,0.7786649214659687,8,9,488.1535811670037
SCSO,TicTacToe,12,0.20729382998836532,0.7995909685863875,8,9,490.054989749995
SCSO,TicTacToe,13,0.34530991855730075,0.6534467713787085,2,9,481.9819580839976
SCSO,TicTacToe,14,0.3093057009889471,0.6920593368237347,4,9,481.7684419590005
SCSO,TicTacToe,15,0.2455310682082606,0.7609674956369983,8,9,490.47404062499845
SCSO,TicTacToe,16,0.22464488801628854,0.7786976439790576,5,9,478.38119995799934
SCSO,TicTacToe,18,0.34132844313554384,0.6597131326352531,4,9,480.7218670000002
SCSO,TicTacToe,19,0.32901170738801633,0.6732766143106457,5,9,479.5772964170028
SCSO,TicTacToe,17,0.20408782358929614,0.8017070244328097,7,9,485.07862095799646
SCSO,TicTacToe,20,0.2412625436300174,0.7630344677137871,6,9,483.05297625000094
SCSO,TicTacToe,21,0.34530991855730075,0.6534467713787085,2,9,476.1588660839989
SCSO,TicTacToe,22,0.32912936300174517,0.6742801047120419,6,9,483.5483631669995
SCSO,TicTacToe,23,0.28966875727166963,0.7118946335078533,4,9,477.31750762499723
SCSO,Vote,0,0.10201734505087871,0.9007400555041629,6,16,218.87483541700203
SCSO,Vote,1,0.1295352682701203,0.8748381128584644,9,16,217.1083314589996
SCSO,TicTacToe,24,0.21966455788248973,0.7859729493891798,7,9,482.69914387500467
SCSO,TicTacToe,26,1.0,0.0,0,9,473.712099999997
SCSO,TicTacToe,27,0.34530991855730075,0.6534467713787085,2,9,479.17342241599545
SCSO,TicTacToe,25,0.3083369873472949,0.6952825043630018,6,9,487.90129375000106
SCSO,TicTacToe,28,0.2557162412739966,0.7484347731239092,6,9,480.4190062919952
SCSO,TicTacToe,29,0.3156637216404885,0.6878817626527052,6,9,489.43735274999926
SCSO,Vote,2,0.17966269657724343,0.822941720629047,7,16,220.02531895800348
SCSO,Vote,3,0.06820756244218304,0.9355226641998151,7,16,218.47647425000469
SCSO,Vote,4,0.14441975023126732,0.8579093432007401,6,16,220.50136179199762
SCSO,Vote,5,0.1438654024051804,0.8622571692876966,12,16,219.81675091699435
SCSO,Vote,6,0.036035037002775216,0.9654949121184089,3,16,217.6382428750003
SCSO,Vote,7,0.12164315448658665,0.8834412580943569,10,16,218.3924882909996
SCSO,Vote,8,0.06767414431082337,0.9354301572617946,6,16,217.50872700000036
SCSO,Vote,9,0.10199641535615167,0.9051803885291397,13,16,219.98329679100425
SCSO,Vote,10,0.08595837187789088,0.9182238667900092,8,16,214.44310445899464
SCSO,Vote,11,0.09482574005550405,0.9098982423681777,9,16,212.20591637500183
SCSO,Vote,12,0.040689639222941686,0.9614246068455135,4,16,212.5487614579979
SCSO,Vote,13,0.3100479879740981,0.6887141535615171,3,16,213.3651479170003
SCSO,Vote,14,0.12819368640148016,0.8749306197964847,7,16,213.34917120799946
SCSO,Vote,15,0.07806625809435702,0.926827012025902,9,16,212.7453400000013
SCSO,Vote,16,0.16413714153561526,0.8405180388529139,10,16,212.62127020800108
SCSO,Vote,17,0.13240645235892687,0.8706753006475486,7,16,212.8438771250003
SCSO,Vote,18,0.10863852913968552,0.896577243293247,10,16,213.1704382079988
SCSO,Vote,19,0.10623011100832563,0.8964847363552266,6,16,212.29984100000001
SCSO,Vote,20,0.04015622109158202,0.9613320999074929,3,16,212.37443850000273
SCSO,Vote,21,0.09260048566142462,0.9096207215541166,5,16,213.6839151669992
SCSO,Vote,22,0.09537523126734508,0.9093432007400555,9,16,213.82196370900056
SCSO,Vote,23,0.08595837187789088,0.9182238667900092,8,16,214.05215562500234
SCSO,Vote,24,0.17929636910268262,0.8233117483811286,7,16,211.1280585420027
SCSO,Vote,25,0.08095351526364475,0.9220166512488437,6,16,209.63728562500182
SCSO,Vote,26,0.07385349213691031,0.9310823311748381,9,16,200.8814714159962
SCSO,Vote,27,0.04992333487511566,0.9527289546716003,5,16,197.85974287499994
SCSO,Vote,28,0.14397791396854753,0.8577243293246994,5,16,192.30241445799766
SCSO,Vote,29,0.12773577705827946,0.8753931544865864,7,16,187.03196683300484
SCSO,WDBC,1,0.030750038813848767,0.9736531594472908,14,30,396.94153145900054
SCSO,WDBC,0,0.0314474460487502,0.9736221083682658,16,30,405.255517916994
SCSO,WDBC,2,0.05796506753609679,0.9454898307716194,12,30,372.9551397499963
SCSO,WDBC,3,0.03943424934016448,0.9648812296227295,14,30,397.4378356660018
SCSO,WDBC,4,0.037030740568234646,0.9666356155876418,12,30,388.8408527920037
SCSO,WDBC,5,0.04150442477876108,0.9631268436578171,15,30,395.310674417
SCSO,WDBC,6,0.05920617916472605,0.9455829840086942,16,30,394.15563804200065
SCSO,WDBC,7,0.04362071106970967,0.9613258810743673,16,30,394.7364102499996
SCSO,WDBC,10,0.035975935413755586,0.9683744760130415,14,30,373.5485801659961
SCSO,WDBC,9,0.031432075764632875,0.9736376339077782,16,30,395.63971554199816
SCSO,WDBC,12,0.048133830150597724,0.9560937742586555,14,30,386.34814904200175
SCSO,WDBC,11,0.039348703617450756,0.9666511411271541,19,30,451.9293733329978
SCSO,WDBC,13,0.05439046731873931,0.9507840397453812,17,30,388.6880394580003
SCSO,WDBC,14,0.04985530197174334,0.9543549138332559,14,30,385.53780254199955
SCSO,WDBC,8,0.065215028722248,0.9385033379909953,13,30,543.5675181250044
SCSO,WDBC,15,0.032168917869896035,0.971883247942866,13,30,379.3872221250058
SCSO,WDBC,16,0.03669740723490131,0.9666356155876418,11,30,370.59611174999736
SCSO,WDBC,17,0.03774351808725362,0.9665890389691041,14,30,379.2512723750042
SCSO,WDBC,18,0.04987067225586089,0.9543393882937432,14,30,380.16338729100244
SCSO,WDBC,19,0.04046498990839924,0.9648501785437045,17,30,394.04522816700046
SCSO,WDBC,20,0.038425555038037615,0.9665735134295916,16,30,394.27190620899637
SCSO,WDBC,21,0.039100916006831146,0.9648812296227295,13,30,381.00982737499726
SCSO,WDBC,22,0.05754618848004974,0.947259742276044,16,30,391.0102641249978
SCSO,WDBC,25,0.033921130259276414,0.9701133364384413,13,30,353.0541081670017
SCSO,WDBC,23,0.033168917869896036,0.971883247942866,16,30,586.6418807500013
SCSO,WDBC,24,0.04751327433628315,0.956047197640118,12,30,401.7300832920009
SCSO,WDBC,26,0.029331159757801612,0.9754230709517155,15,30,455.924195874999
SCSO,WDBC,27,0.04600884955752217,0.9595870206489675,18,30,473.4799212500002
SCSO,WDBC,28,0.04926548672566375,0.9542772861356932,12,30,461.01871299999766
SCSO,WDBC,29,0.0402018320136624,0.9630957925787922,11,30,493.0858700420067
SCSO,WaveformEW,0,0.25517799999999996,0.7478,22,40,2874.125071124996
SCSO,WaveformEW,1,0.19651799999999983,0.8068000000000002,21,40,2860.838239292003
SCSO,WaveformEW,2,0.22502999999999998,0.778,21,40,2922.363112333005
SCSO,WaveformEW,3,0.43668199999999996,0.5632,17,40,2973.532035874996
SCSO,WaveformEW,7,0.198644,0.8044,20,40,2936.055966790991
SCSO,WaveformEW,5,0.26913200000000015,0.7331999999999999,20,40,2998.2642376669974
SCSO,WaveformEW,4,0.22798999999999997,0.774,17,40,3061.521830125006
SCSO,WaveformEW,6,0.2331900000000001,0.7689999999999999,18,40,3080.602684874997
SCSO,WaveformEW,8,0.30021799999999993,0.7018000000000001,20,40,3043.5331355000017
SCSO,WaveformEW,11,0.24781,0.756,25,40,2891.1772278339995
SCSO,WaveformEW,10,0.30557399999999996,0.6974,24,40,3015.8123877079925
SCSO,WaveformEW,9,0.229522,0.7722,16,40,3294.6532844579997
SCSO,WaveformEW,13,0.472374,0.5274,18,40,3055.6385189580033
SCSO,WaveformEW,14,0.2275519999999999,0.7752000000000001,20,40,3042.6198511250113
SCSO,WaveformEW,12,0.25734599999999996,0.7446,18,40,3150.6234975410043
SCSO,WaveformEW,15,0.317236,0.6836,16,40,3057.4186737089913
SCSO,WaveformEW,16,0.32842799999999983,0.6728000000000002,18,40,3026.428458333001
SCSO,WaveformEW,17,0.236962,0.7662,22,40,2940.629850333993
SCSO,WaveformEW,18,0.22963599999999995,0.7736000000000001,22,40,2938.1936268749996
SCSO,WaveformEW,19,0.3557619999999999,0.6462000000000001,22,40,2969.5987237910012
SCSO,WaveformEW,20,0.277896,0.7246,21,40,3004.67510629099
SCSO,WaveformEW,21,0.23369999999999988,0.7700000000000001,24,40,3017.540943375003
SCSO,WaveformEW,23,0.21037799999999995,0.7928000000000001,21,40,2997.6192793329974
SCSO,WaveformEW,22,0.42901200000000006,0.5711999999999999,18,40,3086.863697749999
SCSO,Zoo,0,0.13166071428571438,0.8714285714285713,7,16,139.41480187499837
SCSO,Zoo,1,0.12442499999999988,0.8800000000000001,9,16,137.1234825829888
SCSO,Zoo,2,0.17251071428571418,0.8314285714285715,9,16,136.5521218329959
SCSO,Zoo,3,0.24889285714285717,0.7523809523809524,6,16,138.12378058400645
SCSO,Zoo,4,0.11467857142857138,0.8904761904761905,10,16,138.54970449999382
SCSO,Zoo,5,0.04397500000000004,0.96,7,16,138.5906309580023
SCSO,Zoo,6,0.17016428571428568,0.8319047619047619,6,16,139.44977429199207
SCSO,Zoo,7,0.3372035714285715,0.6638095238095237,7,16,138.4620447079942
SCSO,Zoo,8,0.12176071428571437,0.8814285714285713,7,16,139.68561012498685
SCSO,Zoo,9,0.03407500000000002,0.97,7,16,138.80523083399748
SCSO,Zoo,10,0.09253214285714285,0.910952380952381,7,16,136.6075090420054
SCSO,Zoo,11,0.15271071428571428,0.8514285714285714,9,16,136.95861641599913
SCSO,Zoo,12,0.04475357142857142,0.9604761904761905,9,16,137.64920816700032
SCSO,Zoo,13,0.13463214285714287,0.8709523809523809,11,16,137.50156333300401
SCSO,Zoo,14,0.36612500000000003,0.6333333333333333,5,16,138.13143016699178
SCSO,Zoo,15,0.13228571428571417,0.8714285714285716,8,16,139.1180530829879
SCSO,Zoo,16,0.11358214285714287,0.8909523809523809,9,16,138.61666099999275
SCSO,Zoo,17,0.17016428571428568,0.8319047619047619,6,16,139.0219820409984
SCSO,Zoo,18,0.11373571428571426,0.8914285714285715,10,16,138.19695641699946
SCSO,Zoo,19,0.21872142857142862,0.7828571428571428,6,16,138.77323104099196
SCSO,Zoo,20,0.026203571428571402,0.9804761904761905,11,16,138.8742341670004
SCSO,Zoo,21,0.054653571428571426,0.9504761904761905,9,16,138.34183450001
SCSO,Zoo,22,0.08310357142857146,0.9204761904761904,7,16,138.65058366699668
SCSO,Zoo,23,0.35685,0.6433333333333333,6,16,138.8256955830002
SCSO,Zoo,24,0.1927821428571427,0.8109523809523811,9,16,137.73081170899968
SCSO,Zoo,25,0.11358214285714287,0.8909523809523809,9,16,137.41600237500097
SCSO,Zoo,26,0.1417142857142858,0.8619047619047618,8,16,136.90380654198816
SCSO,Zoo,27,0.07288571428571444,0.9314285714285713,8,16,137.67135670800053
SCSO,Zoo,28,0.05652857142857143,0.9504761904761905,12,16,137.6381844580028
SCSO,Zoo,29,0.04397500000000004,0.96,7,16,138.79243337499793
SCSO,WaveformEW,25,0.215984,0.7884,26,40,2884.8535525000043
SCSO,WaveformEW,24,0.22612400000000002,0.7774,23,40,3062.503005666993
ECL-SCSO,BreastEW,0,0.045071000906445224,0.9589630742808073,4,9,427.52811745800136
ECL-SCSO,BreastEW,1,0.06528332379180377,0.9385465865178189,4,9,435.1819698749896
SCSO,WaveformEW,26,0.45162599999999997,0.5476,15,40,3119.417926250011
ECL-SCSO,BreastEW,2,0.06599412003244115,0.9355839416058395,2,9,446.5094056670059
SCSO,WaveformEW,27,0.27492599999999995,0.7276,21,40,3119.7469887089974
SCSO,WaveformEW,29,0.24667399999999992,0.7574000000000001,26,40,2923.823350167004
ECL-SCSO,BreastEW,3,0.04327034731167399,0.9619042507513955,5,9,462.54516416699335
ECL-SCSO,BreastEW,4,0.05013059968512955,0.956097037355088,6,9,475.41808795799443
SCSO,WaveformEW,28,0.417726,0.5826,18,40,3099.3194850829896
ECL-SCSO,BreastEW,5,0.05049662468393698,0.9546049806784026,5,9,502.67957633399055
ECL-SCSO,BreastEW,6,0.03634633366728688,0.9677758694718763,4,9,521.4630862920021
ECL-SCSO,BreastEW,7,0.04469434902914933,0.9604658651781881,5,9,560.4383271250117
ECL-SCSO,BreastEW,8,0.0534083893898191,0.9516638042078146,5,9,588.9139295000059
ECL-SCSO,BreastEW,9,0.03422216258766274,0.9721661657363676,6,9,592.5544234999979
ECL-SCSO,BreastEW,10,0.04404731405944384,0.9633641047659939,7,9,596.1886091670021
ECL-SCSO,BreastEW,11,0.06093693048995741,0.9429368827823101,4,9,609.0860081249994
ECL-SCSO,BreastEW,12,0.03565679118362676,0.9707170459424646,6,9,609.1999775410077
ECL-SCSO,BreastEW,13,0.05223351700777632,0.951728209531988,4,9,604.2118533750036
ECL-SCSO,BreastEW,14,0.05549005295548862,0.9473164448261058,3,9,605.616317041
ECL-SCSO,BreastEW,15,0.05270822002767041,0.9546157148990984,7,9,610.9038520830072
ECL-SCSO,BreastEW,16,0.1793132364868089,0.8199978531558608,1,9,599.3029654159909
ECL-SCSO,BreastEW,17,0.049040742330995694,0.9560755689136968,5,9,611.287473208009
ECL-SCSO,BreastEW,18,0.04390675540289113,0.959016745384285,3,9,606.4702213749988
ECL-SCSO,BreastEW,19,0.03602281618243397,0.9692249892657794,5,9,606.9631286250078
ECL-SCSO,BreastEW,20,0.049740911693144284,0.9531236582224132,3,9,607.8267941670056
ECL-SCSO,BreastEW,21,0.036335706788798196,0.967786603692572,4,9,602.6147276669944
ECL-SCSO,BreastEW,22,0.07437401602976954,0.9282417346500644,3,9,609.9679792919924
ECL-SCSO,BreastEW,23,0.031633915366633306,0.9736582224130528,5,9,611.5634397499962
ECL-SCSO,BreastEW,24,0.03925809837316922,0.9648346930012881,4,9,597.9351880830072
ECL-SCSO,BreastEW,25,0.03308979771957437,0.9721876341777588,5,9,601.9118562090007
ECL-SCSO,BreastEW,26,0.13108375077524922,0.8698368398454273,2,9,590.5879456669936
ECL-SCSO,BreastEW,27,0.05307424502647783,0.953123658222413,6,9,576.1184100829996
ECL-SCSO,BreastEW,28,0.09202997232956439,0.9092851009016746,2,9,566.021785792007
ECL-SCSO,BreastEW,29,0.037468071656886676,0.9677651352511807,5,9,548.0123607089918
ECL-SCSO,ColonCancer,0,0.19939230769230767,0.8038461538461539,1040,2000,616.4164867090003
ECL-SCSO,ColonCancer,1,0.2765603846153846,0.7256410256410256,989,2000,607.4870558750117
ECL-SCSO,ColonCancer,2,0.1978080769230769,0.8051282051282052,977,2000,595.8420916670002
ECL-SCSO,ColonCancer,3,0.22873961538461535,0.7743589743589744,1071,2000,594.5830298330111
ECL-SCSO,ColonCancer,4,0.19860230769230766,0.8038461538461539,882,2000,594.4997715000063
ECL-SCSO,ColonCancer,5,0.25863615384615396,0.7435897435897435,958,2000,597.1049422920041
ECL-SCSO,ColonCancer,6,0.2612446153846154,0.741025641025641,972,2000,598.3082434590033
ECL-SCSO,ColonCancer,7,0.1802438461538462,0.823076923076923,1018,2000,599.3375454159977
ECL-SCSO,ColonCancer,8,0.22445692307692305,0.7782051282051282,976,2000,603.0571203330037
ECL-SCSO,ColonCancer,9,0.30697192307692306,0.6948717948717948,979,2000,601.2222387499933
ECL-SCSO,ColonCancer,10,0.24500461538461543,0.7576923076923077,1024,2000,602.4643498750083
ECL-SCSO,ColonCancer,11,0.2271703846153845,0.7756410256410258,1011,2000,600.9300944580027
ECL-SCSO,ColonCancer,12,0.21311884615384608,0.7897435897435898,993,2000,602.3727935420029
ECL-SCSO,ColonCancer,13,0.25878115384615386,0.7435897435897436,987,2000,601.3603367500036
ECL-SCSO,ColonCancer,14,0.21049038461538452,0.7923076923076924,975,2000,602.2839360840007
ECL-SCSO,ColonCancer,15,0.24495961538461541,0.7576923076923077,1015,2000,602.6327695840009
ECL-SCSO,ColonCancer,16,0.24373538461538455,0.758974358974359,1024,2000,604.8470592499943
ECL-SCSO,ColonCancer,17,0.2260011538461537,0.776923076923077,1031,2000,601.6707232079934
ECL-SCSO,ColonCancer,18,0.22798961538461535,0.7743589743589744,921,2000,600.2943080410041
ECL-SCSO,ColonCancer,19,0.24608384615384604,0.7564102564102565,986,2000,599.9635572090046
ECL-SCSO,ColonCancer,20,0.2117746153846153,0.7910256410256411,978,2000,602.3523802080017
ECL-SCSO,ColonCancer,21,0.21470307692307683,0.7884615384615385,1056,2000,599.7345631660137
ECL-SCSO,ColonCancer,22,0.21306884615384608,0.7897435897435898,983,2000,601.3934519999893
ECL-SCSO,ColonCancer,23,0.2763403846153845,0.7256410256410257,945,2000,600.095313791986
ECL-SCSO,ColonCancer,24,0.18118807692307684,0.8217948717948719,953,2000,593.045322082995
ECL-SCSO,ColonCancer,25,0.22820461538461534,0.7743589743589744,964,2000,579.1037675420084
ECL-SCSO,ColonCancer,26,0.19531961538461537,0.8076923076923077,987,2000,577.7385169160116
ECL-SCSO,ColonCancer,27,0.229538846153846,0.7730769230769232,977,2000,575.8146835420048
ECL-SCSO,ColonCancer,28,0.2627788461538461,0.7397435897435898,1025,2000,577.4800982500019
ECL-SCSO,Diabetes,0,0.38928991596638657,0.6093031151854681,2,8,519.7410299159965
ECL-SCSO,ColonCancer,29,0.21068038461538452,0.7923076923076924,1013,2000,578.6984217080026
ECL-SCSO,Diabetes,1,0.2743214285714285,0.7317460317460318,7,8,549.0892407909996
ECL-SCSO,Diabetes,2,0.2731848739495799,0.7291061879297173,4,8,600.3952657920017
ECL-SCSO,Diabetes,3,0.26929621848739493,0.7317714964773788,3,8,632.0290301670029
ECL-SCSO,Diabetes,4,0.26542226890756293,0.7356845768610475,3,8,643.5991642079898
ECL-SCSO,Diabetes,5,0.25244327731092436,0.7513199219081572,5,8,665.3468513749976
ECL-SCSO,Diabetes,6,0.28592226890756295,0.7175027586792293,5,8,664.3955822090065
ECL-SCSO,Diabetes,7,0.2898130252100839,0.713572701807996,5,8,668.0844890829903
ECL-SCSO,Diabetes,8,0.27950840336134447,0.725244037008743,6,8,662.9751126670017
ECL-SCSO,Diabetes,9,0.32719957983193276,0.6758085052202699,5,8,657.174453249987
ECL-SCSO,Diabetes,10,0.3157100840336135,0.6886766827943298,6,8,668.5491342080059
ECL-SCSO,Diabetes,11,0.34398109243697467,0.6588574823868942,5,8,661.891175583005
ECL-SCSO,Diabetes,12,0.27565336134453783,0.7278753925812749,5,8,650.4650485419988
ECL-SCSO,Diabetes,13,0.31432983193277303,0.686282998047704,3,8,656.0303435420064
ECL-SCSO,Diabetes,14,0.3143529411764707,0.6875222816399286,4,8,652.8034772499959
ECL-SCSO,Diabetes,15,0.2652983193277311,0.739597657244716,6,8,660.5010868329991
ECL-SCSO,Diabetes,16,0.2705294117647059,0.7317884729649435,4,8,666.9833661250013
ECL-SCSO,Diabetes,17,0.27184873949579824,0.7304558186911129,4,8,653.977810832992
ECL-SCSO,Diabetes,18,0.2589390756302521,0.7447585094643918,5,8,659.5423331670027
ECL-SCSO,Diabetes,19,0.2538235294117647,0.7486631016042781,4,8,658.5407036249962
ECL-SCSO,Diabetes,20,0.2730735294117647,0.7304812834224599,5,8,658.6264672079997
ECL-SCSO,Diabetes,21,0.2614600840336134,0.7422120363296834,5,8,661.7994382499892
ECL-SCSO,Diabetes,22,0.4047436974789917,0.5936932348697054,2,8,655.4974037909997
ECL-SCSO,Diabetes,24,0.36346008403361335,0.6341312282488754,1,8,637.7003242500068
ECL-SCSO,Diabetes,23,0.3388214285714286,0.664069264069264,5,8,665.9323880000011
ECL-SCSO,Diabetes,25,0.280796218487395,0.7226805873864697,5,8,657.132042665995
ECL-SCSO,Diabetes,26,0.24728151260504205,0.757796451914099,6,8,669.8610426670057
ECL-SCSO,Diabetes,27,0.27950210084033605,0.7239877769289534,5,8,662.6966580839944
ECL-SCSO,Diabetes,28,0.2550210084033614,0.749978779390544,6,8,670.9965321250056
ECL-SCSO,Diabetes,29,0.29378151260504204,0.7083015024191495,4,8,664.0723189589917
ECL-SCSO,GermanCredit,0,0.2931099999999999,0.7110000000000001,14,20,994.8248540000059
ECL-SCSO,GermanCredit,2,0.28367000000000003,0.717,7,20,941.3647859579942
ECL-SCSO,GermanCredit,1,0.3094299999999999,0.6930000000000001,11,20,949.3953210840118
ECL-SCSO,GermanCredit,3,0.32128999999999996,0.679,7,20,929.7522964590025
ECL-SCSO,GermanCredit,4,0.3044700000000001,0.697,9,20,943.8716128750093
ECL-SCSO,GermanCredit,5,0.27875,0.725,13,20,946.5832747500099
ECL-SCSO,GermanCredit,6,0.31089999999999995,0.6900000000000001,8,20,928.0991943749978
ECL-SCSO,GermanCredit,7,0.32724,0.674,9,20,936.6382227909926
ECL-SCSO,GermanCredit,8,0.2678300000000001,0.7329999999999999,7,20,927.4062987920042
ECL-SCSO,GermanCredit,10,0.28812000000000004,0.712,6,20,924.2045948750019
ECL-SCSO,GermanCredit,9,0.2787299999999999,0.7230000000000001,9,20,943.970043082998
ECL-SCSO,GermanCredit,11,0.29606000000000005,0.706,10,20,940.9993221670011
ECL-SCSO,GermanCredit,12,0.28271,0.721,13,20,956.857931999999
ECL-SCSO,GermanCredit,13,0.28022000000000014,0.7219999999999999,10,20,936.9576494590001
ECL-SCSO,GermanCredit,14,0.28566,0.716,9,20,935.273226749996
ECL-SCSO,GermanCredit,15,0.29705000000000004,0.705,10,20,942.4775379579951
ECL-SCSO,GermanCredit,16,0.26786000000000004,0.736,13,20,1019.8540684159962
ECL-SCSO,GermanCredit,17,0.29556999999999994,0.7070000000000001,11,20,997.9770802909916
ECL-SCSO,GermanCredit,19,0.25745,0.745,10,20,1000.112593791011
ECL-SCSO,GermanCredit,18,0.28372,0.722,17,20,1024.8505641660013
ECL-SCSO,GermanCredit,20,0.2728099999999999,0.7310000000000001,13,20,1038.7511738329922
ECL-SCSO,GermanCredit,21,0.28219000000000005,0.719,8,20,1049.3298587089957
ECL-SCSO,GermanCredit,22,0.32724,0.674,9,20,1068.6538448339998
ECL-SCSO,GermanCredit,23,0.30004000000000003,0.704,14,20,1103.058488124996
ECL-SCSO,HeartDisease,0,0.2023219035202086,0.8010734463276836,7,13,436.21034858400526
ECL-SCSO,GermanCredit,24,0.28764,0.714,9,20,1056.5748193750042
ECL-SCSO,GermanCredit,25,0.29506999999999994,0.7070000000000001,10,20,1062.4668179169967
ECL-SCSO,GermanCredit,26,0.29405999999999993,0.7060000000000001,6,20,1027.3481103750091
ECL-SCSO,GermanCredit,27,0.30696000000000007,0.696,12,20,1057.2220127499895
ECL-SCSO,HeartDisease,1,0.21375971316818765,0.7879661016949153,5,13,435.2664857910131
ECL-SCSO,GermanCredit,28,0.3297300000000001,0.6729999999999999,12,20,1095.6567248749925
ECL-SCSO,HeartDisease,2,0.2206953063885267,0.7809604519774012,5,13,434.89728029099933
ECL-SCSO,HeartDisease,3,0.19197444589308976,0.8115254237288138,7,13,436.1401062500081
ECL-SCSO,HeartDisease,4,0.2409848761408084,0.7612429378531073,6,13,435.29993912500504
ECL-SCSO,HeartDisease,5,0.21199817470664914,0.7912994350282487,7,13,437.2105863339966
ECL-SCSO,HeartDisease,6,0.27152385919165584,0.7303954802259887,6,13,439.23801912499766
ECL-SCSO,GermanCredit,29,0.27923000000000014,0.7229999999999999,10,20,1043.8850748749974
ECL-SCSO,HeartDisease,7,0.2321890482398957,0.7677966101694915,3,13,438.12427775000106
ECL-SCSO,HeartDisease,8,0.2846113428943937,0.7140677966101695,2,13,406.94233987500775
ECL-SCSO,HeartDisease,9,0.19604367666232073,0.8081920903954802,8,13,402.5891416250088
ECL-SCSO,HeartDisease,10,0.19632268578878742,0.8048022598870057,4,13,403.40864870799123
ECL-SCSO,HeartDisease,11,0.28054276401564543,0.7205084745762711,5,13,404.93170941699645
ECL-SCSO,HeartDisease,12,0.2687693611473273,0.733954802259887,7,13,404.11011249999865
ECL-SCSO,HeartDisease,13,0.24032750977835715,0.7611299435028249,5,13,404.20095983300416
ECL-SCSO,HeartDisease,14,0.24615893089960902,0.7575706214689264,8,13,401.2159102500009
ECL-SCSO,HeartDisease,15,0.2404393741851369,0.7610169491525424,5,13,404.9727379160031
ECL-SCSO,HeartDisease,16,0.20710378096479792,0.7946892655367231,5,13,404.83985279100307
ECL-SCSO,HeartDisease,17,0.28196936114732724,0.7206214689265537,7,13,400.91357604198856
ECL-SCSO,HeartDisease,18,0.21441707953063882,0.7880790960451978,6,13,407.73778916700394
ECL-SCSO,HeartDisease,19,0.2585337679269883,0.7442937853107344,7,13,403.94515954199596
ECL-SCSO,HeartDisease,20,0.2538071707953064,0.7475141242937853,5,13,404.994785457995
ECL-SCSO,HeartDisease,21,0.18586401564537153,0.8184745762711865,8,13,406.3080864999938
ECL-SCSO,HeartDisease,22,0.22311486310299872,0.7808474576271186,8,13,401.99923599998874
ECL-SCSO,HeartDisease,23,0.27069869621903514,0.73045197740113,5,13,406.5815246669954
ECL-SCSO,HeartDisease,24,0.29676310299869624,0.7041242937853107,5,13,378.5676536670071
ECL-SCSO,HeartDisease,25,0.21304706649282917,0.7910169491525424,8,13,372.1547212909936
ECL-SCSO,HeartDisease,26,0.2045170795306388,0.7980790960451978,6,13,368.4511404999939
ECL-SCSO,HeartDisease,27,0.22255554106910028,0.7814124293785312,8,13,362.78802516699943
ECL-SCSO,HeartDisease,28,0.19148487614080847,0.8112429378531072,6,13,358.84098212500976
ECL-SCSO,HeartDisease,29,0.2704749674054759,0.7306779661016949,5,13,346.93881120800506
ECL-SCSO,IonosphereEW,0,0.11981020239081551,0.8831388329979879,14,34,826.1435618749965
ECL-SCSO,IonosphereEW,1,0.1345014557935852,0.8688933601609656,16,34,849.7342754579877
ECL-SCSO,IonosphereEW,3,0.14239893478518162,0.8603219315895373,14,34,656.5373954160023
ECL-SCSO,IonosphereEW,2,0.15329958574979283,0.8490140845070423,13,34,707.4167481250042
ECL-SCSO,IonosphereEW,5,0.12817639957391408,0.8746881287726358,14,34,671.1178368750116
ECL-SCSO,IonosphereEW,4,0.16197758314593444,0.8432193158953722,23,34,721.4547028340021
ECL-SCSO,IonosphereEW,7,0.18769591667652974,0.8145674044265594,14,34,716.6836489579873
ECL-SCSO,IonosphereEW,6,0.1716220854538999,0.8319919517102615,18,34,742.7620901659975
ECL-SCSO,IonosphereEW,8,0.14410611906734522,0.8577062374245473,11,34,585.8757469170087
ECL-SCSO,IonosphereEW,9,0.14329653213398033,0.8606036217303823,18,34,766.2359169160045
ECL-SCSO,IonosphereEW,10,0.17694527162977863,0.826317907444668,17,34,789.0321162909968
ECL-SCSO,IonosphereEW,11,0.1741167002012074,0.8291750503018107,17,34,791.6692864579963
ECL-SCSO,IonosphereEW,12,0.1448537104982839,0.8575452716297786,13,34,781.382181042005
ECL-SCSO,IonosphereEW,15,0.1853360634394602,0.8175452716297787,16,34,777.2320843329944
ECL-SCSO,IonosphereEW,13,0.15551776541602558,0.8488531187122736,20,34,819.034410541004
ECL-SCSO,IonosphereEW,14,0.1523552373061901,0.8517505030181086,19,34,799.669126000008
ECL-SCSO,IonosphereEW,16,0.1566367144040715,0.8462374245472837,15,34,723.4075183749956
ECL-SCSO,IonosphereEW,17,0.16219893478518174,0.8403219315895372,14,34,725.9693815000064
ECL-SCSO,IonosphereEW,18,0.154951686590129,0.8461569416498994,9,34,754.8910383749899
ECL-SCSO,IonosphereEW,20,0.17963908154811223,0.8232997987927565,16,34,747.0811272089923
ECL-SCSO,IonosphereEW,19,0.15139320629660322,0.8518309859154929,16,34,773.8082941250032
ECL-SCSO,IonosphereEW,22,0.15143304533080837,0.8517907444668008,16,34,772.2624358750036
ECL-SCSO,IonosphereEW,21,0.15983908154811233,0.8432997987927564,16,34,778.0336836249917
ECL-SCSO,IonosphereEW,23,0.1853360634394602,0.8175452716297787,16,34,772.1128232089977
ECL-SCSO,IonosphereEW,24,0.15681131494851475,0.84635814889336,16,34,756.9001553750131
ECL-SCSO,IonosphereEW,25,0.1623336962954196,0.8404828973843058,15,34,765.887906916003
ECL-SCSO,IonosphereEW,27,0.12792212096106054,0.8746478873239436,13,34,761.7591136249976
ECL-SCSO,IonosphereEW,26,0.16242861877145218,0.8406841046277667,16,34,802.8571630829974
ECL-SCSO,IonosphereEW,28,0.1382123801633329,0.866036217303823,19,34,779.6023037919949
ECL-SCSO,IonosphereEW,29,0.17411670020120718,0.8291750503018109,17,34,827.782606541994
ECL-SCSO,KrVsKpEW,0,0.19536145623742443,0.8075714006259782,17,35,2843.8289665829943
ECL-SCSO,KrVsKpEW,1,0.08313072183098588,0.9220901799687011,21,35,2837.8608310830023
ECL-SCSO,KrVsKpEW,2,0.2222839222837022,0.7806655907668232,18,35,2871.370549540996
ECL-SCSO,KrVsKpEW,3,0.32463057092555336,0.6758421361502347,13,35,2903.366711124996
ECL-SCSO,KrVsKpEW,4,0.33689259305835006,0.6648992566510172,18,35,2927.6819556249975
ECL-SCSO,KrVsKpEW,5,0.19276670020120715,0.8116353677621284,22,35,2921.8069022089912
ECL-SCSO,KrVsKpEW,6,0.36911165115694144,0.6323547535211269,18,35,2921.1958065419894
ECL-SCSO,KrVsKpEW,7,0.23185621227364184,0.7712852112676056,19,35,2926.594159916989
ECL-SCSO,KrVsKpEW,8,0.26203230633802815,0.7393613067292645,14,35,2615.8759407499892
ECL-SCSO,KrVsKpEW,9,0.18158956237424545,0.8232140062597809,23,35,2628.2997997919883
ECL-SCSO,KrVsKpEW,10,0.27096847962776655,0.7309120696400626,16,35,2639.7959249169944
ECL-SCSO,KrVsKpEW,11,0.32602918762575456,0.6761609937402191,19,35,2653.313717500001
ECL-SCSO,KrVsKpEW,12,0.08182030306841041,0.9242796361502348,24,35,2653.7950297500065
ECL-SCSO,KrVsKpEW,13,0.1942185990945675,0.807571400625978,13,35,2646.4221433330094
ECL-SCSO,KrVsKpEW,14,0.18947703722334,0.8135152582159625,17,35,2645.4515073749935
ECL-SCSO,KrVsKpEW,15,0.1915707117706238,0.8122662363067292,20,35,2658.918134499996
ECL-SCSO,KrVsKpEW,17,0.07550690392354123,0.9283480046948357,16,35,2799.0276940839976
ECL-SCSO,KrVsKpEW,16,0.08470174170020124,0.9202146909233176,20,35,2849.039731666009
ECL-SCSO,KrVsKpEW,18,0.19946157570422535,0.8025640649452269,14,35,2811.3406084580056
ECL-SCSO,KrVsKpEW,19,0.10066582620724344,0.9020691510172144,13,35,2845.4546723329986
ECL-SCSO,KrVsKpEW,21,0.3059738493460765,0.6955531103286384,16,35,2845.922841833002
ECL-SCSO,KrVsKpEW,20,0.29543718561368215,0.7061962050078247,16,35,2849.1426650420035
ECL-SCSO,KrVsKpEW,22,0.07636307847082494,0.9283489827856025,19,35,2859.7443965419952
ECL-SCSO,KrVsKpEW,23,0.07612904300804826,0.9277195813771518,16,35,2841.2482991659926
ECL-SCSO,Leukemia,0,0.04756158739048692,0.9571428571428571,1833,3571,852.7488381659932
ECL-SCSO,Leukemia,1,0.03334592151058139,0.9714285714285713,1807,3571,844.1862566250056
ECL-SCSO,Leukemia,2,0.0320026163139576,0.9723809523809525,1664,3571,810.2137413330056
ECL-SCSO,KrVsKpEW,24,0.08539486292756544,0.9186487676056337,17,35,2535.1244519589964
ECL-SCSO,KrVsKpEW,25,0.17985064763581482,0.8235274843505478,18,35,2536.0115769580007
ECL-SCSO,Leukemia,3,0.060232323878865394,0.9438095238095239,1644,3571,806.315093208992
ECL-SCSO,KrVsKpEW,26,0.1887819793762576,0.8150831377151799,20,35,2489.1824217500107
ECL-SCSO,KrVsKpEW,27,0.31733866951710255,0.6852278951486699,20,35,2430.659463667005
ECL-SCSO,KrVsKpEW,29,0.1708690895372233,0.832599765258216,18,35,2404.724942749992
ECL-SCSO,KrVsKpEW,28,0.2259805080482897,0.7772202660406886,19,35,2411.805905250003
ECL-SCSO,Leukemia,4,0.0466075289034684,0.9580952380952381,1829,3571,765.6979226249969
ECL-SCSO,Leukemia,5,0.018044581349761946,0.9866666666666667,1730,3571,758.3041492910124
ECL-SCSO,Leukemia,6,0.030970148417810088,0.9733333333333334,1632,3571,753.3236540409998
ECL-SCSO,Leukemia,7,0.01915265831899823,0.9857142857142858,1789,3571,757.9365254170116
ECL-SCSO,Leukemia,8,0.059499491939032645,0.9447619047619048,1719,3571,763.3823435410013
ECL-SCSO,Leukemia,9,0.05761657798935873,0.9466666666666667,1720,3571,767.0544419170037
ECL-SCSO,Leukemia,10,0.032372260671280476,0.9723809523809525,1796,3571,758.7262338329892
ECL-SCSO,Leukemia,11,0.03316389966796005,0.9714285714285715,1742,3571,759.4912137920037
ECL-SCSO,Leukemia,12,0.030680857702924277,0.9723809523809525,1192,3571,761.9161160840013
ECL-SCSO,Leukemia,13,0.045337032443893276,0.959047619047619,1712,3571,770.9420459579997
ECL-SCSO,Leukemia,14,0.047365563867663975,0.9571428571428573,1763,3571,769.8134011669899
ECL-SCSO,Leukemia,15,0.018281753810457206,0.9857142857142858,1478,3571,755.4871335409989
ECL-SCSO,Leukemia,16,0.031518158178981404,0.9723809523809525,1491,3571,729.18980516601
ECL-SCSO,Leukemia,17,0.04559466335960316,0.959047619047619,1804,3571,698.8216453329951
ECL-SCSO,Leukemia,19,0.045504196503580306,0.9580952380952382,1435,3571,699.7871016249992
ECL-SCSO,Leukemia,18,0.04645351042125043,0.9580952380952382,1774,3571,704.7990288330038
ECL-SCSO,Leukemia,20,0.06038914269712359,0.9438095238095239,1700,3571,695.256968792004
ECL-SCSO,Leukemia,21,0.046361099331919814,0.9580952380952381,1741,3571,693.4097311670048
ECL-SCSO,Leukemia,22,0.01895663479617549,0.9857142857142858,1719,3571,692.3511612500006
ECL-SCSO,Leukemia,23,0.04633029563547624,0.9580952380952381,1730,3571,696.7348107909929
ECL-SCSO,Leukemia,24,0.019191863023562777,0.9857142857142858,1803,3571,707.3950924160017
ECL-SCSO,Lymphography,0,0.18041532567049798,0.8250574712643679,13,18,235.09487400000216
ECL-SCSO,Lymphography,1,0.1729318007662836,0.8314942528735632,11,18,237.07172508300573
ECL-SCSO,Leukemia,25,0.04647871344561346,0.9580952380952381,1783,3571,717.7772738330095
ECL-SCSO,Lymphography,2,0.20024214559386963,0.8039080459770116,11,18,253.36894637500518
ECL-SCSO,Lymphography,3,0.23749272030651342,0.7645977011494253,8,18,254.4965570839995
ECL-SCSO,Lymphography,4,0.2186030651340995,0.7836781609195403,8,18,293.03643824999745
ECL-SCSO,Leukemia,27,0.0439472096651598,0.9580952380952381,879,3571,690.3530962920049
ECL-SCSO,Leukemia,26,0.01899583950074004,0.9857142857142858,1733,3571,708.0747892920044
ECL-SCSO,Leukemia,28,0.03306868824258901,0.9714285714285715,1708,3571,718.8590914580127
ECL-SCSO,Leukemia,29,0.03142014641757003,0.9723809523809525,1456,3571,718.9067033750034
ECL-SCSO,Lymphography,5,0.3438022988505748,0.6560919540229885,6,18,270.25010195799405
ECL-SCSO,Lymphography,6,0.22598620689655174,0.7767816091954023,9,18,272.73701262500254
ECL-SCSO,Lymphography,7,0.2643747126436782,0.7363218390804598,6,18,276.5364224590012
ECL-SCSO,Lymphography,8,0.26581379310344827,0.736551724137931,9,18,293.8255293330003
ECL-SCSO,Lymphography,9,0.23787432950191567,0.7625287356321839,5,18,294.4292216670001
ECL-SCSO,Lymphography,10,0.15983218390804588,0.8452873563218392,12,18,297.93535162499757
ECL-SCSO,Lymphography,11,0.24679693486590035,0.7563218390804598,10,18,300.7936967919959
ECL-SCSO,Lymphography,12,0.27175785440613026,0.7294252873563218,7,18,301.0399035839946
ECL-SCSO,Lymphography,13,0.24611417624521068,0.7570114942528736,10,18,301.2131344169902
ECL-SCSO,Lymphography,14,0.16610421455938693,0.8383908045977012,11,18,300.00647583299724
ECL-SCSO,Lymphography,15,0.31279693486590043,0.689655172413793,10,18,303.4058699999878
ECL-SCSO,Lymphography,16,0.20661455938697315,0.7974712643678161,11,18,307.7841427499952
ECL-SCSO,Lymphography,17,0.28505823754789283,0.7165517241379309,8,18,308.3085168749967
ECL-SCSO,Lymphography,18,0.185248275862069,0.8179310344827586,9,18,310.20158758400066
ECL-SCSO,Lymphography,19,0.3308298850574713,0.6691954022988506,6,18,312.11833212499914
ECL-SCSO,Lymphography,20,0.21210344827586208,0.7908045977011494,9,18,312.3412593749963
ECL-SCSO,Lymphography,21,0.22631417624521077,0.7770114942528735,10,18,312.14371075000963
ECL-SCSO,Lymphography,22,0.2525869731800767,0.7510344827586206,11,18,312.5051565419999
ECL-SCSO,Lymphography,23,0.17975938697318017,0.8245977011494252,11,18,311.14164566699765
ECL-SCSO,Lymphography,24,0.25830344827586205,0.7441379310344828,9,18,308.06582491699373
ECL-SCSO,Lymphography,25,0.24768045977011505,0.7565517241379309,12,18,308.3606957919983
ECL-SCSO,Lymphography,26,0.2536245210727969,0.7494252873563219,10,18,308.21756570799334
ECL-SCSO,Lymphography,27,0.21265900383141753,0.7908045977011495,10,18,306.2724130409915
ECL-SCSO,Lymphography,28,0.16107049808429114,0.8445977011494253,13,18,307.6912141669891
ECL-SCSO,Lymphography,29,0.2571187739463602,0.7425287356321839,4,18,306.7732662500057
ECL-SCSO,M-of-n,0,0.31591692307692315,0.6839999999999999,4,13,823.8374686669995
ECL-SCSO,M-of-n,1,0.21702384615384612,0.787,8,13,838.0748682910053
ECL-SCSO,M-of-n,2,0.2653130769230768,0.7390000000000001,9,13,835.7149004999956
ECL-SCSO,M-of-n,3,0.09107307692307688,0.915,9,13,834.2763850000047
ECL-SCSO,M-of-n,4,0.09921384615384612,0.906,8,13,826.4463101669971
ECL-SCSO,M-of-n,5,0.34396461538461537,0.658,7,13,832.4076177089883
ECL-SCSO,M-of-n,6,0.28379538461538467,0.718,6,13,835.4281467090041
ECL-SCSO,M-of-n,7,0.2677346153846153,0.7350000000000001,7,13,823.1914447500021
ECL-SCSO,M-of-n,8,0.3008461538461539,0.7,5,13,843.7678314170043
ECL-SCSO,M-of-n,9,0.16378461538461553,0.8399999999999999,7,13,846.2969405829936
ECL-SCSO,M-of-n,11,0.17786538461538443,0.8250000000000002,6,13,842.2447875830112
ECL-SCSO,M-of-n,10,0.26476461538461527,0.7380000000000001,7,13,848.4288739580079
ECL-SCSO,M-of-n,12,0.26597538461538467,0.736,6,13,845.2253707499913
ECL-SCSO,M-of-n,13,0.3184453846153846,0.683,6,13,844.5027029589983
ECL-SCSO,M-of-n,14,0.26894538461538464,0.733,6,13,853.3656828749954
ECL-SCSO,M-of-n,15,0.25211538461538463,0.75,6,13,842.2038375419943
ECL-SCSO,M-of-n,16,0.22120461538461533,0.782,7,13,813.0109798750054
ECL-SCSO,M-of-n,17,0.20833461538461545,0.7949999999999999,7,13,816.1331700420124
ECL-SCSO,M-of-n,19,0.171376923076923,0.8300000000000001,4,13,820.5523950420029
ECL-SCSO,M-of-n,18,0.2501353846153846,0.752,6,13,826.5420016669959
ECL-SCSO,M-of-n,20,0.18952461538461554,0.8139999999999998,7,13,828.1050255409937
ECL-SCSO,M-of-n,21,0.32779692307692315,0.6719999999999999,4,13,836.188708792004
ECL-SCSO,M-of-n,22,0.25211538461538474,0.7499999999999999,6,13,844.4421496669966
ECL-SCSO,M-of-n,23,0.21779307692307678,0.7870000000000001,9,13,843.5228352089907
ECL-SCSO,Parkinsons,0,0.11578321678321671,0.8871794871794872,9,22,365.7102567080001
ECL-SCSO,Parkinsons,1,0.09312587412587416,0.9128205128205128,15,22,372.2829001670034
ECL-SCSO,M-of-n,24,0.2554130769230769,0.749,9,13,872.7173012920102
ECL-SCSO,M-of-n,25,0.21526461538461533,0.788,7,13,882.5602192499937
ECL-SCSO,M-of-n,27,0.2466169230769232,0.7539999999999999,4,13,869.7766292500019
ECL-SCSO,M-of-n,26,0.180286923076923,0.8210000000000001,4,13,871.9011147919955
ECL-SCSO,M-of-n,28,0.2922638461538461,0.7110000000000001,8,13,867.9498214589985
ECL-SCSO,Parkinsons,2,0.12820979020979012,0.876923076923077,14,22,372.03239108300477
ECL-SCSO,Parkinsons,3,0.09683916083916083,0.9076923076923077,12,22,368.2594250419934
ECL-SCSO,M-of-n,29,0.2991938461538462,0.704,8,13,877.0013991660089
ECL-SCSO,Parkinsons,4,0.13609090909090918,0.8666666666666666,9,22,359.3251979170018
ECL-SCSO,Parkinsons,5,0.09774825174825175,0.9076923076923077,14,22,362.69659545899776
ECL-SCSO,Parkinsons,6,0.11070629370629366,0.8923076923076924,9,22,351.1937382920005
ECL-SCSO,Parkinsons,7,0.18686013986013986,0.8153846153846154,9,22,361.55383874999825
ECL-SCSO,Parkinsons,9,0.1056293706293706,0.8974358974358975,9,22,364.40313424999476
ECL-SCSO,Parkinsons,8,0.06683216783216783,0.9384615384615385,13,22,366.29208383300283
ECL-SCSO,Parkinsons,10,0.10237062937062935,0.9025641025641026,13,22,370.5389323749987
ECL-SCSO,Parkinsons,11,0.07009090909090919,0.9333333333333332,9,22,364.05435512500117
ECL-SCSO,Parkinsons,12,0.10009790209790208,0.9025641025641026,8,22,362.6073571250017
ECL-SCSO,Parkinsons,13,0.18776923076923077,0.8153846153846154,11,22,360.2701295410079
ECL-SCSO,Parkinsons,14,0.13745454545454555,0.8666666666666666,12,22,359.5956635420007
ECL-SCSO,Parkinsons,15,0.13836363636363647,0.8666666666666666,14,22,361.8831937500072
ECL-SCSO,Parkinsons,16,0.08668531468531472,0.9179487179487179,12,22,363.0024673750013
ECL-SCSO,Parkinsons,17,0.1093426573426573,0.8923076923076924,6,22,362.1551324589964
ECL-SCSO,Parkinsons,18,0.15965734265734263,0.841025641025641,5,22,351.2833069579938
ECL-SCSO,Parkinsons,19,0.23209790209790215,0.7692307692307692,8,22,361.6641031670006
ECL-SCSO,Parkinsons,20,0.15912587412587412,0.8461538461538461,15,22,391.3873139169882
ECL-SCSO,Parkinsons,21,0.09039860139860142,0.9128205128205128,9,22,355.41548533299647
ECL-SCSO,Parkinsons,22,0.11252447552447548,0.8923076923076924,13,22,361.8906411659991
ECL-SCSO,Parkinsons,23,0.071,0.9333333333333333,11,22,355.7563959580002
ECL-SCSO,Parkinsons,24,0.10100699300699299,0.9025641025641026,10,22,350.973467792006
ECL-SCSO,Parkinsons,25,0.10237062937062935,0.9025641025641026,13,22,357.8941423329961
ECL-SCSO,Parkinsons,26,0.11623776223776217,0.8871794871794872,10,22,346.9678968750086
ECL-SCSO,Parkinsons,27,0.09547552447552447,0.9076923076923077,9,22,325.81937962499796
ECL-SCSO,Parkinsons,28,0.2062587412587412,0.7948717948717949,7,22,278.75251024999307
ECL-SCSO,Parkinsons,29,0.11995104895104887,0.8820512820512821,7,22,272.3887177919969
ECL-SCSO,Sonar,0,0.19158188153310104,0.8125435540069686,36,60,491.96584512499976
ECL-SCSO,Sonar,1,0.16644715447154476,0.8365853658536585,28,60,489.5893754580029
ECL-SCSO,Sonar,2,0.148130081300813,0.8560975609756097,34,60,483.8505294170027
ECL-SCSO,Sonar,3,0.15730023228803724,0.8459930313588849,29,60,481.3306092499988
ECL-SCSO,Sonar,4,0.2368914053426249,0.764924506387921,25,60,481.3189762499969
ECL-SCSO,Sonar,5,0.18576422764227649,0.8170731707317073,28,60,477.9522368330072
ECL-SCSO,Sonar,6,0.15304587688734037,0.8502903600464575,29,60,469.71916358399903
ECL-SCSO,Sonar,7,0.2467166085946574,0.7551684088269454,26,60,470.837196959008
ECL-SCSO,Sonar,8,0.16195121951219515,0.8414634146341463,30,60,462.9284829579992
ECL-SCSO,Sonar,9,0.20097038327526137,0.8025551684088269,33,60,463.0051184580079
ECL-SCSO,Sonar,10,0.19961382113821152,0.8032520325203251,29,60,463.7592878330033
ECL-SCSO,Sonar,11,0.2050180023228804,0.7977932636469222,29,60,463.56755449999764
ECL-SCSO,Sonar,12,0.20961730545876886,0.7931475029036005,29,60,463.80168295800104
ECL-SCSO,Sonar,13,0.2036097560975609,0.7983739837398375,24,60,466.13361929099483
ECL-SCSO,Sonar,14,0.1802566782810685,0.8222996515679443,26,60,470.8582498339965
ECL-SCSO,Sonar,15,0.19860220673635315,0.8036004645760743,25,60,470.473864708998
ECL-SCSO,Sonar,16,0.16734378629500588,0.8363530778164924,32,60,476.4272972079925
ECL-SCSO,Sonar,17,0.1766689895470384,0.8265969802555168,30,60,479.23579279199475
ECL-SCSO,Sonar,18,0.19557781649245065,0.8076655052264808,31,60,480.51937741700385
ECL-SCSO,Sonar,19,0.1850110336817655,0.8180023228803716,29,60,478.07488112499414
ECL-SCSO,Sonar,20,0.19092682926829274,0.8121951219512195,30,60,478.2285550000088
ECL-SCSO,Sonar,21,0.19114518002322883,0.8123112659698025,32,60,479.7839749170089
ECL-SCSO,Sonar,22,0.21006562137049944,0.7930313588850174,31,60,481.50605283399636
ECL-SCSO,Sonar,23,0.1426457607433217,0.8606271777003485,28,60,481.98917954199715
ECL-SCSO,SpectEW,0,0.22539508290451685,0.7787561146051712,14,22,257.75183079099224
ECL-SCSO,SpectEW,1,0.20685420240137228,0.7974842767295597,14,22,252.02372512500733
ECL-SCSO,Sonar,24,0.20772067363530775,0.7933797909407666,19,60,511.12247537499934
ECL-SCSO,Sonar,25,0.19496283391405342,0.8077816492450639,28,60,512.424463125004
ECL-SCSO,Sonar,26,0.19069686411149828,0.8124274099883856,30,60,512.5358333339973
ECL-SCSO,Sonar,28,0.18081997677119632,0.8220673635307781,28,60,512.4339496249886
ECL-SCSO,Sonar,27,0.21477990708478514,0.7882694541231127,31,60,513.4173096250015
ECL-SCSO,Sonar,29,0.23341869918699193,0.7691056910569105,29,60,557.6879814590066
ECL-SCSO,SpectEW,3,0.19396683819325333,0.8086652690426275,10,22,336.47157870800584
ECL-SCSO,SpectEW,2,0.20699313893653515,0.7941299790356394,7,22,344.00426516598964
ECL-SCSO,SpectEW,4,0.20685477415666084,0.7942697414395529,7,22,425.1354217909975
ECL-SCSO,SpectEW,5,0.21924814179531169,0.7826694619147448,9,22,432.44802224999876
ECL-SCSO,SpectEW,6,0.22357690108633502,0.7787561146051712,10,22,443.46809954199125
ECL-SCSO,SpectEW,8,0.2709965694682677,0.7303983228511529,9,22,443.65053425000224
ECL-SCSO,SpectEW,7,0.1808810748999428,0.8241788958770091,15,22,477.03755141599686
ECL-SCSO,SpectEW,9,0.20968096054888516,0.7937106918238993,12,22,459.5816577499936
ECL-SCSO,SpectEW,11,0.2517541452258434,0.7489168413696715,7,22,438.1287240829988
ECL-SCSO,SpectEW,10,0.18831332189822753,0.8162124388539483,14,22,456.5376399579982
ECL-SCSO,SpectEW,12,0.2169845626072042,0.7867924528301886,13,22,438.6480902500043
ECL-SCSO,SpectEW,13,0.1790926243567753,0.8236897274633124,10,22,428.68140970800596
ECL-SCSO,SpectEW,15,0.2264431103487707,0.7754018169112509,9,22,426.40969612498884
ECL-SCSO,SpectEW,14,0.19421383647798746,0.8088749126484975,11,22,440.17380920800497
ECL-SCSO,SpectEW,16,0.3007747284162379,0.6998602375960866,8,22,438.9518792079907
ECL-SCSO,SpectEW,17,0.20954259576901083,0.7938504542278128,12,22,445.47518124998896
ECL-SCSO,SpectEW,18,0.19047798742138367,0.8126484975541579,11,22,441.17680287500843
ECL-SCSO,SpectEW,19,0.21261635220125802,0.7902865129280222,11,22,440.6083702080068
ECL-SCSO,SpectEW,20,0.18562550028587763,0.8166317260656883,9,22,421.8601273329987
ECL-SCSO,SpectEW,21,0.18255174385363057,0.8201956673654788,10,22,430.31910120899556
ECL-SCSO,SpectEW,22,0.19934362492853056,0.8013976240391335,6,22,413.2123570830008
ECL-SCSO,SpectEW,23,0.21746883933676384,0.786303284416492,13,22,452.11100562498905
ECL-SCSO,SpectEW,24,0.22423899371069184,0.7785464709993012,11,22,425.0246672080102
ECL-SCSO,SpectEW,25,0.25828644939965695,0.7450733752620545,13,22,437.40904075000435
ECL-SCSO,SpectEW,26,0.18178101772441385,0.8200559049615654,8,22,424.40874350001104
ECL-SCSO,SpectEW,27,0.240724413950829,0.7605171208944794,8,22,429.35931962500035
ECL-SCSO,SpectEW,28,0.22899256718124641,0.7751222921034242,14,22,433.38198316600756
ECL-SCSO,SpectEW,29,0.2182401372212692,0.7832285115303984,8,22,425.0126478339953
ECL-SCSO,TicTacToe,0,0.30514830570098905,0.6962587260034903,4,9,803.4098473749909
ECL-SCSO,TicTacToe,1,0.2465515197789412,0.7599367364746946,8,9,823.2686593749968
ECL-SCSO,TicTacToe,2,0.24136827370564284,0.7651723385689354,8,9,817.0616496670118
ECL-SCSO,TicTacToe,3,0.30216141288539844,0.7003981239092496,5,9,820.9590483750071
ECL-SCSO,TicTacToe,4,0.28774978184991273,0.7160776614310645,6,9,817.943014250006
ECL-SCSO,TicTacToe,5,0.36810427574171023,0.6315445026178012,3,9,810.388767832992
ECL-SCSO,TicTacToe,7,0.3629858202443281,0.6367146596858639,3,9,823.9040789999999
ECL-SCSO,TicTacToe,6,0.3270927319662593,0.677459642233857,7,9,835.0576907089999
ECL-SCSO,TicTacToe,8,0.25055459205933683,0.7536485602094241,6,9,858.4614485000056
ECL-SCSO,TicTacToe,9,0.29393728184991275,0.7098276614310646,6,9,852.3090320830088
ECL-SCSO,TicTacToe,10,0.3135850239965096,0.6899814572425829,6,9,853.6515598330006
ECL-SCSO,TicTacToe,11,0.34530991855730075,0.6534467713787085,2,9,829.2236285419931
ECL-SCSO,TicTacToe,12,0.28569268106457235,0.7181555410122165,6,9,833.6523679170059
ECL-SCSO,TicTacToe,13,0.2339477348749273,0.7693008289703316,5,9,826.451572541002
ECL-SCSO,TicTacToe,14,0.32076058027923215,0.6827334205933682,6,9,809.5465222500061
ECL-SCSO,TicTacToe,15,0.26397703970331576,0.740090532286213,6,9,822.0007180420071
ECL-SCSO,TicTacToe,16,0.25696660485747536,0.7494164485165793,8,9,787.9278433339932
ECL-SCSO,TicTacToe,17,0.3558404050319954,0.6461769197207679,5,9,787.097777374991
ECL-SCSO,TicTacToe,18,0.30019497164048864,0.7035067626527051,6,9,790.8981515409978
ECL-SCSO,TicTacToe,19,0.3311648669284468,0.672224040139616,6,9,786.9752049160015
ECL-SCSO,TicTacToe,20,0.34530991855730075,0.6534467713787085,2,9,777.1984682500042
ECL-SCSO,TicTacToe,21,0.24230999127399647,0.7619764397905759,6,9,777.4960335829965
ECL-SCSO,TicTacToe,22,0.30928410413030827,0.6920811518324608,4,9,780.7812764169939
ECL-SCSO,TicTacToe,23,0.28046196916812094,0.7223167539267016,5,9,780.9355783749925
ECL-SCSO,Vote,0,0.08577520814061053,0.91840888066605,8,16,387.3528098329989
ECL-SCSO,Vote,1,0.06632770582793703,0.9393154486586495,10,16,388.5272174579877
ECL-SCSO,TicTacToe,24,0.2360738983420593,0.7682755235602095,6,9,814.3505472079996
ECL-SCSO,TicTacToe,25,0.269048029377545,0.7338459860383945,5,9,813.5272384160053
ECL-SCSO,TicTacToe,26,0.23822705788248977,0.7672229493891798,7,9,817.6440558339964
ECL-SCSO,TicTacToe,27,0.25155884598603845,0.7526341623036649,6,9,816.430990791996
ECL-SCSO,TicTacToe,28,0.21032931573589303,0.7954024869109947,7,9,826.8958092079993
ECL-SCSO,TicTacToe,29,0.23307620709714946,0.7724258289703316,7,9,831.7127156670031
ECL-SCSO,Vote,2,0.0453603145235893,0.9567067530064755,4,16,366.16522829199675
ECL-SCSO,Vote,3,0.08156244218316361,0.9226641998149863,8,16,363.29060983301315
ECL-SCSO,Vote,4,0.14712384366327458,0.8532839962997226,3,16,367.1786525409989
ECL-SCSO,Vote,5,0.08623311748381123,0.9179463459759483,8,16,365.3752114169911
ECL-SCSO,Vote,6,0.15679937557816845,0.84477335800185,5,16,367.8464521670103
ECL-SCSO,Vote,7,0.09780457909343213,0.9049953746530989,6,16,365.598773375008
ECL-SCSO,Vote,8,0.08074942183163736,0.9266419981498613,13,16,355.6303391249967
ECL-SCSO,Vote,9,0.2799930619796484,0.719703977798335,4,16,357.3088757499936
ECL-SCSO,Vote,10,0.11671380666049962,0.8877890841813135,9,16,354.01067004200013
ECL-SCSO,Vote,11,0.11410615171137835,0.8885291396854764,6,16,353.5475687080034
ECL-SCSO,Vote,12,0.07806625809435702,0.926827012025902,9,16,351.02006041600544
ECL-SCSO,Vote,13,0.07940783996299713,0.9267345050878817,11,16,352.8318904589978
ECL-SCSO,Vote,14,0.1354608001850139,0.866327474560592,5,16,350.00879583299684
ECL-SCSO,Vote,15,0.1437031683626272,0.8580018501387604,5,16,351.2318120840064
ECL-SCSO,Vote,16,0.13062303422756721,0.8705827937095281,4,16,348.72922991600353
ECL-SCSO,Vote,17,0.07179532839962996,0.9312673450508788,6,16,350.36640250000346
ECL-SCSO,Vote,18,0.09852116096207213,0.9049028677150787,7,16,347.0135585829994
ECL-SCSO,Vote,19,0.08866246530989837,0.9135985198889915,5,16,346.99441937499796
ECL-SCSO,Vote,20,0.09195455596669747,0.9140610545790935,11,16,350.3506703329913
ECL-SCSO,Vote,21,0.1779547872340425,0.823404255319149,5,16,347.4011773329985
ECL-SCSO,Vote,22,0.0725119102682702,0.9311748381128584,7,16,347.89864249998936
ECL-SCSO,Vote,23,0.2712927844588344,0.7284921369102683,4,16,352.192294959008
ECL-SCSO,Vote,24,0.11509747918593903,0.8881591119333949,7,16,350.7346151660022
ECL-SCSO,Vote,25,0.08866246530989837,0.9135985198889915,5,16,349.721991790997
ECL-SCSO,Vote,26,0.1711455827937096,0.8315448658649398,7,16,341.2535029999999
ECL-SCSO,Vote,27,0.15006567992599448,0.8534690101757632,8,16,339.29460962499434
ECL-SCSO,Vote,28,0.0900040471785385,0.9135060129509712,7,16,331.28008712499286
ECL-SCSO,Vote,29,0.07098716466234974,0.9314523589269195,5,16,317.62492529199517
ECL-SCSO,WDBC,0,0.04606365471200134,0.9578481602235677,13,30,633.2952148329932
ECL-SCSO,WDBC,3,0.05477860580655181,0.9490451793199813,13,30,598.5040002500027
ECL-SCSO,WDBC,1,0.055096568855767705,0.9490607048594939,14,30,688.4865887920023
ECL-SCSO,WDBC,2,0.03493650054339385,0.9700978108989288,16,30,633.1236992920021
ECL-SCSO,WDBC,5,0.0558247166589039,0.9489986027014439,16,30,583.6676884169865
ECL-SCSO,WDBC,6,0.05011845986648051,0.9561092997981678,20,30,597.6072541670001
ECL-SCSO,WDBC,4,0.05404176370128876,0.9507995652848935,16,30,639.0402790829976
ECL-SCSO,WDBC,7,0.05691026238161783,0.947228691197019,14,30,727.5860920830019
ECL-SCSO,WDBC,8,0.03943424934016448,0.9648812296227295,14,30,578.464133083995
ECL-SCSO,WDBC,11,0.03871277751901886,0.9666200900481291,17,30,577.6033732500073
ECL-SCSO,WDBC,12,0.05656155876416696,0.9472442167365317,13,30,565.189316834003
ECL-SCSO,WDBC,10,0.06145412203074055,0.9419655333022823,12,30,630.8842234170006
ECL-SCSO,WDBC,9,0.03872814780313619,0.9666045645086166,17,30,656.1226515839953
ECL-SCSO,WDBC,13,0.03974351808725362,0.9665890389691041,20,30,586.1775969999871
ECL-SCSO,WDBC,14,0.03833333333333322,0.9666666666666668,16,30,651.2636356250005
ECL-SCSO,WDBC,15,0.05342120788697407,0.9507529886663562,14,30,645.9474415000004
ECL-SCSO,WDBC,16,0.030346530041918937,0.9754075454122031,18,30,589.0172572500014
ECL-SCSO,WDBC,18,0.04464477565595407,0.9596180717279925,14,30,621.6632266249944
ECL-SCSO,WDBC,21,0.05442990218910104,0.9490607048594939,12,30,663.6674794169958
ECL-SCSO,WDBC,20,0.07296072038503335,0.9296693060083838,10,30,699.729504834002
ECL-SCSO,WDBC,17,0.04949790405216582,0.9560627231796305,18,30,870.8701537500019
ECL-SCSO,WDBC,22,0.07779180251513741,0.9244527247321844,9,30,727.8182967920002
ECL-SCSO,WDBC,19,0.053708430367955425,0.9507995652848935,15,30,945.109934166001
ECL-SCSO,WDBC,23,0.04330274802049377,0.9613103555348548,15,30,789.9978464169981
ECL-SCSO,WDBC,24,0.04328737773637633,0.9613258810743673,15,30,855.7857799999911
ECL-SCSO,WDBC,27,0.060756714795839224,0.9419965843813072,10,30,770.2076605000038
ECL-SCSO,WDBC,26,0.0310833721471821,0.9736531594472908,15,30,802.7766777080105
ECL-SCSO,WDBC,25,0.051552709206644995,0.9543238627542306,19,30,916.1711060840025
ECL-SCSO,WDBC,28,0.05577860580655181,0.9490451793199813,16,30,742.1474472080008
ECL-SCSO,WDBC,29,0.04325663716814157,0.9613569321533924,15,30,751.8464026250003
ECL-SCSO,WaveformEW,0,0.25166599999999995,0.7516,23,40,4496.548151209005
ECL-SCSO,WaveformEW,2,0.26404599999999995,0.7396,25,40,4571.239865916999
ECL-SCSO,WaveformEW,1,0.35862799999999995,0.6428,20,40,4775.0406268750085
ECL-SCSO,WaveformEW,5,0.21314999999999998,0.79,21,40,4758.361638959002
ECL-SCSO,WaveformEW,3,0.298436,0.7036,20,40,4963.643553458998
ECL-SCSO,WaveformEW,4,0.2664019999999999,0.7352000000000001,17,40,5002.841427625011
ECL-SCSO,WaveformEW,7,0.34194399999999997,0.6594,19,40,4962.522370374994
ECL-SCSO,WaveformEW,6,0.230762,0.7712,17,40,5060.534891584
ECL-SCSO,WaveformEW,8,0.251124,0.7524,24,40,5058.039605209007
ECL-SCSO,WaveformEW,9,0.281126,0.7226,26,40,4930.739737042008
ECL-SCSO,WaveformEW,10,0.26488,0.738,22,40,4987.060637500006
ECL-SCSO,WaveformEW,12,0.23706600000000005,0.7666,24,40,4881.727360458011
ECL-SCSO,WaveformEW,13,0.23558599999999993,0.7686000000000001,26,40,4871.009267417001
ECL-SCSO,WaveformEW,11,0.29531,0.706,17,40,5221.402475625
ECL-SCSO,WaveformEW,14,0.31636999999999993,0.687,26,40,5032.378773458011
ECL-SCSO,WaveformEW,15,0.272696,0.7296,20,40,5048.004899042004
ECL-SCSO,WaveformEW,16,0.21102400000000002,0.7924,22,40,9327.66814308401
ECL-SCSO,WaveformEW,17,0.23350200000000002,0.7702,24,40,9268.91068125001
ECL-SCSO,WaveformEW,18,0.23745200000000002,0.7652,20,40,9700.80714158299
ECL-SCSO,WaveformEW,19,0.23462799999999998,0.7678,19,40,10696.586618165995
ECL-SCSO,WaveformEW,22,0.24192200000000003,0.7622,26,40,10515.86143562499
ECL-SCSO,WaveformEW,20,0.24996799999999997,0.7518,17,40,10831.386371
ECL-SCSO,WaveformEW,21,0.27230000000000015,0.7299999999999999,20,40,10798.494768458986
ECL-SCSO,Zoo,0,0.06345714285714282,0.940952380952381,8,16,269.97590725001646
ECL-SCSO,WaveformEW,23,0.35748199999999997,0.6432,17,40,10910.078924000016
ECL-SCSO,Zoo,1,0.07430000000000006,0.9299999999999999,8,16,189.2263596249977
ECL-SCSO,Zoo,2,0.13118928571428576,0.8719047619047618,7,16,184.44695908299764
ECL-SCSO,Zoo,3,0.13291071428571438,0.8714285714285713,9,16,192.59988695799257
ECL-SCSO,Zoo,4,0.13056428571428566,0.871904761904762,6,16,193.9834639170149
ECL-SCSO,Zoo,5,0.07460714285714284,0.930952380952381,10,16,194.95458737498848
ECL-SCSO,Zoo,6,0.12332857142857138,0.8804761904761905,8,16,192.36876854099683
ECL-SCSO,Zoo,7,0.11201428571428565,0.891904761904762,8,16,182.1711329999962
ECL-SCSO,Zoo,8,0.2284571428571428,0.7742857142857144,8,16,178.9381027079944
ECL-SCSO,Zoo,9,0.09237857142857146,0.9104761904761904,6,16,168.79924275001395
ECL-SCSO,Zoo,10,0.1806892857142858,0.8219047619047618,7,16,169.3506505000114
ECL-SCSO,Zoo,11,0.10305714285714286,0.900952380952381,8,16,214.04682091699215
ECL-SCSO,Zoo,12,0.24056071428571424,0.7614285714285715,7,16,213.179605250014
ECL-SCSO,Zoo,13,0.08435357142857146,0.9204761904761904,9,16,174.38912304199766
ECL-SCSO,Zoo,14,0.07507857142857156,0.9304761904761903,10,16,173.7900687920046
ECL-SCSO,Zoo,15,0.18068928571428558,0.821904761904762,7,16,185.9831607909873
ECL-SCSO,Zoo,16,0.1808428571428572,0.8223809523809523,8,16,185.84117245898233
ECL-SCSO,Zoo,17,0.09331071428571436,0.9114285714285714,9,16,216.36048083301284
ECL-SCSO,Zoo,18,0.1624571428571428,0.840952380952381,8,16,217.22869733299012
ECL-SCSO,Zoo,19,0.10305714285714286,0.900952380952381,8,16,179.36592549999477
ECL-SCSO,Zoo,20,0.15129642857142855,0.8528571428571429,9,16,179.4847413749958
ECL-SCSO,Zoo,21,0.06330357142857145,0.9404761904761905,7,16,176.9608867909992
ECL-SCSO,Zoo,22,0.1894928571428572,0.8123809523809523,6,16,177.2232049999875
ECL-SCSO,Zoo,23,0.15365357142857128,0.8504761904761906,9,16,184.7206240830128
ECL-SCSO,Zoo,24,0.16073571428571432,0.8414285714285714,6,16,184.97446337499423
ECL-SCSO,Zoo,25,0.08497857142857146,0.9204761904761904,10,16,234.82353925000643
ECL-SCSO,Zoo,26,0.06502499999999994,0.9400000000000001,9,16,231.91201395899407
ECL-SCSO,Zoo,27,0.08388214285714274,0.9209523809523811,9,16,174.82218737498624
ECL-SCSO,Zoo,28,0.13243928571428565,0.871904761904762,9,16,175.10960925000836
GA,BreastEW,0,0.06389120270979437,0.9399527694289395,4,9,0.6369352920155507
GA,BreastEW,1,0.060979438003912034,0.9428939458995277,4,9,0.6259837910183705
GA,BreastEW,2,0.04971965793616713,0.9531451266638042,3,9,0.7283998750208411
GA,BreastEW,3,0.06067717427603638,0.9443215972520396,5,9,0.6897877920127939
GA,BreastEW,4,0.053689399360717385,0.950257621296694,4,9,0.7329230420000385
GA,BreastEW,5,0.05157585515958215,0.9546371833404894,6,9,0.6998688750027213
GA,BreastEW,6,0.10082902771814319,0.9003971661657364,2,9,0.5851152919931337
GA,BreastEW,7,0.10249153189256228,0.8975955345641907,1,9,0.7241132499766536
GA,BreastEW,8,0.0566649253375314,0.9472520395019324,4,9,0.6841340840037446
GA,BreastEW,9,0.06966159772911597,0.9341240875912409,4,9,0.702575125003932
GA,BreastEW,10,0.05920003816611806,0.9458136539287247,5,9,0.8840072079910897
GA,BreastEW,11,0.046150231382090505,0.958995276942894,5,9,0.6814089579856955
GA,BreastEW,12,0.051586482038070834,0.9546264491197938,6,9,0.7613087920180988
GA,BreastEW,13,0.050809515290300984,0.9531665951051954,4,9,0.6723260419967119
GA,BreastEW,14,0.05372127999618333,0.9502254186346072,4,9,0.7689121250004973
GA,BreastEW,15,0.06533645818424698,0.9384929154143409,4,9,0.6613852909940761
GA,BreastEW,16,0.07730703449262925,0.9252790897380849,3,9,0.6509708749945275
GA,BreastEW,17,0.08161092028052098,0.9209317303563761,3,9,0.5873139580071438
GA,BreastEW,18,0.05914690377367486,0.9458673250322027,5,9,0.7096988749981392
GA,BreastEW,19,0.06391245646677163,0.9399313009875483,4,9,0.6502652500057593
GA,BreastEW,20,0.0621118028720004,0.9428724774581365,5,9,0.704414915991947
GA,BreastEW,21,0.05082014216878967,0.9531558608844998,4,9,0.6518156669917516
GA,BreastEW,22,0.06243532035685332,0.9414233576642335,4,9,0.7195155840017833
GA,BreastEW,23,0.05087327656123265,0.953102189781022,4,9,0.7097186250030063
GA,BreastEW,24,0.12248660607795422,0.8785208243881495,2,9,0.5433043329976499
GA,BreastEW,25,0.0548111373503174,0.9502468870759981,5,9,0.5048392910102848
GA,BreastEW,26,0.05951292877248207,0.9443752683555175,4,9,0.6284022910112981
GA,BreastEW,27,0.058433698296837124,0.9443430656934305,3,9,0.6323936250119004
GA,BreastEW,28,0.04754235246410001,0.9575890940317733,5,9,0.66454845800763
GA,BreastEW,29,0.07003824960641186,0.9326212966938601,3,9,0.6978560000134166
GA,ColonCancer,0,0.26152461538461536,0.7410256410256411,1028,2000,1.936484499979997
GA,ColonCancer,1,0.2920161538461539,0.7102564102564102,1034,2000,1.7808460830128752
GA,ColonCancer,2,0.22962884615384624,0.773076923076923,995,2000,1.9537936249980703
GA,ColonCancer,3,0.2449596153846153,0.7576923076923078,1015,2000,1.8827953329891898
GA,ColonCancer,4,0.2294738461538461,0.7730769230769231,964,2000,2.0627225000062026
GA,ColonCancer,5,0.29062692307692317,0.7115384615384615,1010,2000,1.71901433300809
GA,ColonCancer,6,0.2765853846153846,0.7256410256410256,994,2000,1.9907819169748109
GA,ColonCancer,7,0.19561961538461536,0.8076923076923077,1047,2000,2.0376606670033652
GA,ColonCancer,8,0.2094861538461538,0.7935897435897437,1028,2000,1.9440653750207275
GA,ColonCancer,9,0.2739819230769231,0.7282051282051282,981,2000,1.8757390000100713
GA,ColonCancer,10,0.21345884615384608,0.7897435897435898,1061,2000,1.8188384170061909
GA,ColonCancer,11,0.2450346153846154,0.7576923076923077,1030,2000,1.8454722920141649
GA,ColonCancer,12,0.24490961538461542,0.7576923076923077,1005,2000,1.848536667006556
GA,ColonCancer,13,0.24367038461538454,0.758974358974359,1011,2000,1.995916291984031
GA,ColonCancer,14,0.21067538461538454,0.7923076923076924,1012,2000,1.9532952920126263
GA,ColonCancer,15,0.22965884615384613,0.7730769230769231,1001,2000,1.898678999976255
GA,ColonCancer,16,0.2754011538461538,0.7269230769230769,1011,2000,1.9733812089834828
GA,ColonCancer,17,0.2587311538461538,0.7435897435897436,977,2000,1.807435125025222
GA,ColonCancer,18,0.24345038461538454,0.758974358974359,967,2000,1.9352237499842886
GA,ColonCancer,19,0.2945296153846155,0.7076923076923076,1029,2000,1.8935633749933913
GA,ColonCancer,20,0.2598803846153846,0.7423076923076923,953,2000,1.7821736249898095
GA,ColonCancer,21,0.2780746153846154,0.7243589743589743,1038,2000,2.036147750011878
GA,ColonCancer,22,0.2449946153846153,0.7576923076923078,1022,2000,1.9258125410124194
GA,ColonCancer,23,0.30843615384615386,0.6935897435897436,1018,2000,2.001607915997738
GA,ColonCancer,24,0.2625738461538461,0.7397435897435898,984,2000,2.0797740000125486
GA,ColonCancer,25,0.24607384615384617,0.7564102564102564,984,2000,2.0044883329828735
GA,ColonCancer,26,0.21047538461538454,0.7923076923076924,972,2000,1.8981254170066677
GA,ColonCancer,27,0.2778896153846154,0.7243589743589743,1001,2000,1.7633912499877624
GA,ColonCancer,28,0.3095553846153846,0.6923076923076923,988,2000,1.9099501669988967
GA,ColonCancer,29,0.24357538461538464,0.7589743589743589,992,2000,2.051693792018341
GA,Diabetes,0,0.3349789915966387,0.6692131398013751,6,8,0.6575599999923725
GA,Diabetes,1,0.3543109243697479,0.6471606824548001,4,8,0.7233351659961045
GA,Diabetes,2,0.35951890756302524,0.6381122145828028,1,8,0.6335299169877544
GA,Diabetes,3,0.35818697478991596,0.6419828537475596,3,8,0.7581790830008686
GA,Diabetes,4,0.3491512605042017,0.65237246413717,4,8,0.685975000000326
GA,Diabetes,5,0.3762983193277311,0.6224259400729989,2,8,0.5563107499910984
GA,Diabetes,6,0.37757142857142856,0.6236652236652237,4,8,0.5626989999727812
GA,Diabetes,7,0.3503928571428571,0.6523809523809524,5,8,0.7026640830154065
GA,Diabetes,8,0.36605462184873955,0.6327731092436975,2,8,0.6465218749945052
GA,Diabetes,9,0.4176533613445378,0.5793905440964264,1,8,0.7304390829813201
GA,Diabetes,10,0.3376302521008404,0.6640098463627875,4,8,0.6245594999927562
GA,Diabetes,11,0.3839516806722689,0.6159578983108395,3,8,0.7333711670071352
GA,Diabetes,12,0.3427247899159664,0.6576012223071046,3,8,0.579524583008606
GA,Diabetes,13,0.4175609243697479,0.5794839147780324,1,8,0.5736556659976486
GA,Diabetes,14,0.3543718487394958,0.6458365164247517,3,8,0.6366990829992574
GA,Diabetes,15,0.3363193277310924,0.665334012392836,4,8,0.60419675000594
GA,Diabetes,16,0.3492689075630253,0.6522536287242169,4,8,0.6654510829830542
GA,Diabetes,17,0.34918487394957987,0.6523385111620406,4,8,0.7533019580005202
GA,Diabetes,18,0.3492521008403361,0.6522706052117817,4,8,0.767227834003279
GA,Diabetes,19,0.3544558823529411,0.6457516339869281,3,8,0.6801687910046894
GA,Diabetes,20,0.32978781512605027,0.6731941261353027,5,8,0.6261875409982167
GA,Diabetes,21,0.36857983193277305,0.6327476445123504,4,8,0.654251459025545
GA,Diabetes,22,0.36332773109243693,0.6380527968763263,4,8,0.6101383750210516
GA,Diabetes,23,0.3478571428571429,0.6536796536796536,4,8,0.8645481669809669
GA,Diabetes,24,0.3492626050420168,0.6509973686444275,3,8,0.9248324999934994
GA,Diabetes,25,0.33122899159663854,0.6692131398013752,3,8,0.8622085000097286
GA,Diabetes,26,0.3466827731092437,0.6536032594856124,3,8,0.8220768749888521
GA,Diabetes,27,0.3388655462184874,0.6627620745267804,4,8,0.6790460830088705
GA,Diabetes,28,0.35178991596638653,0.6497071555895085,4,8,0.6832412499934435
GA,Diabetes,29,0.34795378151260503,0.651056786350904,2,8,0.8552453750162385
GA,GermanCredit,0,0.32377999999999996,0.678,10,20,1.0491305830073543
GA,GermanCredit,1,0.31533999999999995,0.684,5,20,1.2127709159976803
GA,GermanCredit,2,0.33465999999999985,0.6660000000000001,8,20,1.1112503339827526
GA,GermanCredit,3,0.3153500000000001,0.6849999999999999,7,20,1.0325599170173518
GA,GermanCredit,4,0.33020999999999995,0.671,9,20,1.106143917015288
GA,GermanCredit,5,0.32080999999999993,0.681,10,20,1.1050820410018787
GA,GermanCredit,6,0.34009999999999996,0.66,7,20,1.2664675409905612
GA,GermanCredit,7,0.32227999999999996,0.678,7,20,0.9832215000060387
GA,GermanCredit,8,0.3173500000000001,0.6849999999999999,11,20,1.1403176670137327
GA,GermanCredit,9,0.3158500000000001,0.6849999999999999,8,20,1.079268667002907
GA,GermanCredit,10,0.31882999999999995,0.683,10,20,0.9224069580086507
GA,GermanCredit,11,0.31339999999999996,0.6900000000000001,13,20,1.156841499992879
GA,GermanCredit,12,0.33465999999999985,0.6660000000000001,8,20,1.027461541001685
GA,GermanCredit,13,0.3188000000000001,0.6799999999999999,4,20,0.9016462500148918
GA,GermanCredit,14,0.35,0.65,7,20,1.0709465839900076
GA,GermanCredit,15,0.34554999999999997,0.655,8,20,1.1921788750041742
GA,GermanCredit,16,0.37623,0.623,6,20,1.040736958006164
GA,GermanCredit,17,0.3291999999999998,0.6700000000000002,5,20,1.0816402499913238
GA,GermanCredit,18,0.31784000000000007,0.6839999999999999,10,20,0.9723219590086956
GA,GermanCredit,19,0.34753999999999996,0.654,10,20,0.978316916996846
GA,GermanCredit,20,0.34852999999999995,0.653,10,20,0.8439707499928772
GA,GermanCredit,21,0.32969999999999994,0.67,6,20,0.8790630419971421
GA,GermanCredit,22,0.34851,0.651,6,20,0.9558575420232955
GA,GermanCredit,23,0.34456,0.656,8,20,0.9277759169926867
GA,GermanCredit,24,0.32128999999999996,0.679,7,20,1.0128085000033025
GA,GermanCredit,25,0.34702999999999995,0.653,7,20,0.8724688329966739
GA,GermanCredit,26,0.31928999999999996,0.679,3,20,1.1406699159997515
GA,GermanCredit,27,0.31289000000000006,0.689,10,20,0.983225375006441
GA,GermanCredit,28,0.36286999999999997,0.637,7,20,1.0403477500076406
GA,GermanCredit,29,0.31784000000000007,0.6839999999999999,10,20,0.8664289169828407
GA,HeartDisease,0,0.39832151238591923,0.5992090395480225,2,13,0.39110229100333527
GA,HeartDisease,1,0.2972105606258148,0.7036723163841808,5,13,0.5236110420082696
GA,HeartDisease,2,0.2984693611473273,0.7039548022598869,7,13,0.41753849998349324
GA,HeartDisease,3,0.31470352020860504,0.6867796610169491,6,13,0.38742775001446716
GA,HeartDisease,4,0.23053937418513687,0.7710169491525424,5,13,0.554633083025692
GA,HeartDisease,5,0.3814859191655802,0.6162146892655367,2,13,0.49188237500493415
GA,HeartDisease,6,0.2302044328552804,0.7744632768361581,9,13,0.41374366701347753
GA,HeartDisease,7,0.2580441981747068,0.7440112994350281,6,13,0.36865566699998453
GA,HeartDisease,8,0.3138783572359844,0.6868361581920903,5,13,0.46497270799591206
GA,HeartDisease,9,0.3373139504563234,0.6631638418079095,5,13,0.3360859160020482
GA,HeartDisease,10,0.2385100391134288,0.7645197740112996,7,13,0.33480012498330325
GA,HeartDisease,11,0.32201681877444577,0.6801694915254238,7,13,0.34271620798972435
GA,HeartDisease,12,0.2732294654498045,0.7271186440677966,4,13,0.46860754198860377
GA,HeartDisease,13,0.318883963494133,0.6802259887005649,3,13,0.4984323339886032
GA,HeartDisease,14,0.29638539765319427,0.703728813559322,4,13,0.4691540000203531
GA,HeartDisease,15,0.5108149934810952,0.4848022598870057,1,13,0.5035393330035731
GA,HeartDisease,16,0.32124758800521513,0.6801694915254237,6,13,0.4838782919978257
GA,HeartDisease,17,0.2284981747066493,0.7746327683615819,7,13,0.43544349999865517
GA,HeartDisease,18,0.325162190352021,0.6731073446327682,2,13,0.4560266669723205
GA,HeartDisease,19,0.3811647979139504,0.6188700564971752,5,13,0.32656720900558867
GA,HeartDisease,20,0.29462385919165585,0.7070621468926553,6,13,0.32579324999824166
GA,HeartDisease,21,0.3629447196870926,0.6364971751412429,4,13,0.3961988340015523
GA,HeartDisease,22,0.3606936114732724,0.6395480225988701,5,13,0.38404079200699925
GA,HeartDisease,23,0.3176679269882661,0.6837853107344631,6,13,0.3294075420126319
GA,HeartDisease,24,0.33114758800521504,0.6701694915254238,6,13,0.32703683400177397
GA,HeartDisease,25,0.34556362451108213,0.6532768361581921,3,13,0.36239095899509266
GA,HeartDisease,26,0.27707496740547594,0.7240112994350282,5,13,0.4128928339923732
GA,HeartDisease,27,0.24428487614080827,0.7579096045197741,6,13,0.3477920419827569
GA,HeartDisease,28,0.22118552803129077,0.7843502824858757,10,13,0.38717599998926744
GA,HeartDisease,29,0.3320846153846154,0.6699999999999999,7,13,0.4778031669848133
GA,IonosphereEW,0,0.18659221209610594,0.8174647887323945,20,34,1.6588905839889776
GA,IonosphereEW,1,0.1801077997396142,0.823420523138833,18,34,1.4371065000013914
GA,IonosphereEW,2,0.189181749319446,0.8148490945674045,20,34,1.67701008397853
GA,IonosphereEW,3,0.16003136465853943,0.8460764587525151,26,34,1.5453958750003949
GA,IonosphereEW,4,0.18323048881524437,0.8205633802816902,19,34,1.6681165829941165
GA,IonosphereEW,5,0.1791236122618061,0.8261971830985916,24,34,1.5185599999967963
GA,IonosphereEW,6,0.1779471416735708,0.8261971830985916,20,34,1.7784613329858985
GA,IonosphereEW,7,0.16832479583382662,0.8347283702213278,16,34,1.3885946670197882
GA,IonosphereEW,8,0.15806746360516047,0.8462776659959758,20,34,1.7181296669878066
GA,IonosphereEW,9,0.17213064267960715,0.8320724346076458,20,34,1.91791537500103
GA,IonosphereEW,10,0.1914619244881051,0.8119517102615694,18,34,1.582712207979057
GA,IonosphereEW,11,0.1475007693218131,0.8575452716297788,22,34,1.4667013750004116
GA,IonosphereEW,12,0.17390226062255879,0.8290945674044267,16,34,1.4922366659739055
GA,IonosphereEW,13,0.17987120369274473,0.8260362173038229,26,34,1.5528477909974754
ECL-SCSO,Zoo,29,0.17251071428571418,0.8314285714285715,9,16,181.42172162499628
GA,IonosphereEW,14,0.16995474020594156,0.8345674044265593,21,34,1.4138507499883417
GA,IonosphereEW,15,0.19116780684104628,0.8119517102615694,17,34,1.3817083750036545
GA,IonosphereEW,16,0.16946142738785652,0.8347686116700201,20,34,1.3790817499975674
GA,IonosphereEW,17,0.15168732394366205,0.8518309859154929,17,34,2.0487794580112677
GA,IonosphereEW,18,0.17844045449165585,0.8259959758551307,21,34,1.8904834169952665
GA,IonosphereEW,19,0.19158144159072088,0.8118309859154929,18,34,1.6559354590135626
GA,IonosphereEW,20,0.16325588827080142,0.8404426559356135,18,34,1.42413954201038
GA,IonosphereEW,21,0.1839382412119778,0.8204426559356136,21,34,1.3088278750074096
GA,IonosphereEW,22,0.19136008995147358,0.8147283702213279,27,34,1.548616584012052
GA,IonosphereEW,23,0.19452953012190793,0.8088531187122736,18,34,1.6221085419820156
GA,IonosphereEW,24,0.18976998461356365,0.8148490945674045,22,34,1.6647816250042524
GA,IonosphereEW,25,0.17154240738548948,0.8320724346076458,18,34,1.3650924999965355
GA,IonosphereEW,26,0.17796238608119294,0.8264788732394367,21,34,1.4542199579882436
GA,IonosphereEW,27,0.1678890046159309,0.8375452716297787,24,34,1.6197431669861544
GA,IonosphereEW,28,0.15151272339921878,0.8517102615694165,16,34,1.8873149999999441
GA,IonosphereEW,29,0.1696758669665049,0.8348490945674044,21,34,1.5167670410010032
GA,KrVsKpEW,0,0.33287604376257535,0.6689563771517998,18,35,4.672571666014846
GA,KrVsKpEW,1,0.3582757796780684,0.6433000782472613,18,35,4.67137470797752
GA,KrVsKpEW,2,0.4131975792253522,0.5866691118935836,14,35,4.110193041007733
GA,KrVsKpEW,3,0.37261522887323945,0.6276613849765258,14,35,3.90232449999894
GA,KrVsKpEW,4,0.4166480256539235,0.5826066118935838,12,35,4.711376375023974
GA,KrVsKpEW,5,0.4263034016599598,0.5722765062597809,10,35,4.2647873329988215
GA,KrVsKpEW,6,0.35315207494969814,0.6467439358372458,12,35,4.13179258297896
GA,KrVsKpEW,7,0.4448674170020121,0.5538135758998435,11,35,4.183848750020843
GA,KrVsKpEW,8,0.42561076458752517,0.5738419405320814,13,35,4.067236000002595
GA,KrVsKpEW,9,0.37971929703219315,0.6207741588419405,15,35,4.035798375000013
GA,KrVsKpEW,10,0.46354731514084513,0.5337905907668231,7,35,4.108233375009149
GA,KrVsKpEW,11,0.39616355633802813,0.6038751956181534,14,35,4.16273199999705
GA,KrVsKpEW,12,0.4209426056338027,0.5788458528951488,14,35,4.261449833982624
GA,KrVsKpEW,13,0.38497770372233403,0.6154626369327073,15,35,4.353319499990903
GA,KrVsKpEW,14,0.3679407759054326,0.6326716549295774,15,35,4.456782499997644
GA,KrVsKpEW,15,0.3278729124748491,0.6745872456964006,20,35,4.250512750004418
GA,KrVsKpEW,16,0.40136356891348085,0.5994884585289515,17,35,4.257397291017696
GA,KrVsKpEW,17,0.3557959381287726,0.6458049687010955,18,35,4.225476249994244
GA,KrVsKpEW,19,0.39462969064386316,0.6051359546165884,13,35,3.9748622920014895
GA,KrVsKpEW,18,0.35111809607645883,0.6508186619718309,19,35,4.01799774999381
GA,KrVsKpEW,20,0.3371575515593562,0.6652088223787167,20,35,3.9850334160146303
GA,KrVsKpEW,21,0.37290530055331983,0.6276569835680752,15,35,4.1360341669933405
GA,KrVsKpEW,22,0.39863758802816907,0.6013761737089202,14,35,4.329027041996596
GA,KrVsKpEW,23,0.26653193536217307,0.7365478286384977,20,35,4.502083500003209
GA,KrVsKpEW,24,0.37142262952716304,0.6282888302034428,12,35,4.583347457984928
GA,KrVsKpEW,25,0.3113302879778672,0.6889881651017215,12,35,4.5218234170170035
GA,KrVsKpEW,26,0.43118677691146895,0.5682096048513301,13,35,4.526847166009247
GA,KrVsKpEW,27,0.33668124999999993,0.6639583333333334,14,35,4.33263975000591
GA,KrVsKpEW,29,0.35147527665995976,0.6498806729264476,17,35,3.9886695409950335
GA,KrVsKpEW,28,0.44183932344064386,0.556006455399061,8,35,4.210298707999755
GA,Leukemia,0,0.07494084890186811,0.9295238095238096,1846,3571,2.1387845000135712
GA,Leukemia,1,0.047497179661559454,0.9571428571428571,1810,3571,2.139873792009894
GA,Leukemia,2,0.07491564587750518,0.9295238095238096,1837,3571,2.5292419170145877
GA,Leukemia,3,0.046481513781653674,0.9580952380952382,1784,3571,2.5034285410074517
GA,Leukemia,5,0.03260748889866776,0.9723809523809525,1880,3571,2.2717360419919714
GA,Leukemia,4,0.04666073528823458,0.9580952380952381,1848,3571,2.3052728330076206
GA,Leukemia,6,0.04574308116974038,0.959047619047619,1857,3571,2.2829696250264533
GA,Leukemia,7,0.0324870744489338,0.9723809523809525,1837,3571,2.294312499987427
GA,Leukemia,8,0.060719582349881916,0.9438095238095239,1818,3571,2.495367666997481
GA,Leukemia,9,0.058693851262151445,0.9457142857142857,1768,3571,2.5013686250022147
GA,Leukemia,10,0.04662713125575067,0.9580952380952381,1836,3571,2.079723834001925
GA,Leukemia,11,0.06167644117294077,0.9428571428571428,1823,3571,2.08159283400164
GA,Leukemia,12,0.033373924870984416,0.9714285714285715,1817,3571,2.604189875011798
GA,Leukemia,13,0.04562826739208706,0.959047619047619,1816,3571,2.6294757499999832
GA,Leukemia,14,0.047376765211825274,0.9571428571428573,1767,3571,2.1943194170016795
GA,Leukemia,15,0.06064677361283347,0.9438095238095239,1792,3571,2.1932277920132037
GA,Leukemia,16,0.0720618714245709,0.9323809523809524,1828,3571,2.188887167023495
GA,Leukemia,17,0.04570667680121616,0.959047619047619,1844,3571,2.189841042010812
GA,Leukemia,18,0.046618730247629594,0.9580952380952382,1833,3571,2.3706884580024052
GA,Leukemia,19,0.059748721846621555,0.9447619047619048,1808,3571,2.384815166995395
GA,Leukemia,20,0.05972911949433928,0.9447619047619048,1801,3571,2.4119317079894245
GA,Leukemia,21,0.08808764251710213,0.9161904761904761,1827,3571,2.4277598749904428
GA,Leukemia,22,0.060554362523502755,0.9438095238095239,1759,3571,2.517334750009468
GA,Leukemia,23,0.03250107612913542,0.9723809523809525,1842,3571,2.550832792010624
GA,Leukemia,24,0.045650670080409655,0.959047619047619,1824,3571,2.189854667027248
GA,Leukemia,25,0.08695716285954325,0.917142857142857,1760,3571,2.1680431670101825
GA,Leukemia,26,0.01930387646517577,0.9857142857142858,1843,3571,2.291197167010978
GA,Leukemia,27,0.019278673440812848,0.9857142857142858,1834,3571,2.289756625017617
GA,Leukemia,28,0.06155882705924713,0.9428571428571428,1781,3571,2.379875707993051
GA,Leukemia,29,0.046593527223266665,0.9580952380952382,1824,3571,2.345227707992308
GA,Lymphography,0,0.25369808429118773,0.7510344827586207,13,18,0.2849569590180181
GA,Lymphography,1,0.4194613026819923,0.5802298850574713,7,18,0.30252058399491943
GA,Lymphography,2,0.31080229885057475,0.6894252873563218,6,18,0.31954850000329316
GA,Lymphography,3,0.3262245210727969,0.6760919540229885,10,18,0.3147977920016274
GA,Lymphography,4,0.2990413793103448,0.7029885057471265,9,18,0.38972220799769275
GA,Lymphography,5,0.31201379310344834,0.6898850574712643,9,18,0.3973313749884255
GA,Lymphography,6,0.4248229885057471,0.5742528735632184,6,18,0.28078445899882354
GA,Lymphography,7,0.24558544061302684,0.7558620689655172,7,18,0.2767504579969682
GA,Lymphography,9,0.31305134099616855,0.6882758620689655,8,18,0.2696602499927394
GA,Lymphography,8,0.2989409961685824,0.7025287356321839,8,18,0.32458058299380355
GA,Lymphography,10,0.37199616858237544,0.628735632183908,8,18,0.31764620798639953
GA,Lymphography,11,0.35242375478927196,0.6485057471264368,8,18,0.3168042089964729
GA,Lymphography,12,0.30453026819923373,0.6963218390804597,7,18,0.30364820797694847
GA,Lymphography,13,0.24118084291187739,0.7636781609195402,13,18,0.28751858399482444
GA,Lymphography,14,0.28460306513409955,0.7170114942528736,8,18,0.3281206249957904
GA,Lymphography,15,0.35844137931034487,0.6429885057471264,9,18,0.30365300000994466
GA,Lymphography,17,0.23873103448275867,0.7639080459770115,9,18,0.2650997919845395
GA,Lymphography,16,0.3225363984674329,0.6770114942528735,5,18,0.2749750000075437
GA,Lymphography,18,0.2370643678160919,0.7639080459770116,6,18,0.37549704097909853
GA,Lymphography,19,0.19857547892720295,0.8039080459770116,8,18,0.37920633298926987
GA,Lymphography,20,0.2329141762452107,0.7703448275862069,10,18,0.37054170898045413
GA,Lymphography,21,0.3124689655172414,0.6894252873563218,9,18,0.39060454099671915
GA,Lymphography,22,0.2915310344827586,0.7105747126436782,9,18,0.2777472500165459
GA,Lymphography,23,0.29805747126436793,0.7022988505747125,6,18,0.26587737500085495
GA,Lymphography,24,0.2860689655172415,0.7160919540229884,9,18,0.3364837080007419
GA,Lymphography,25,0.2256314176245211,0.7777011494252873,10,18,0.34409079200122505
GA,Lymphography,26,0.2794421455938697,0.7239080459770115,11,18,0.28975316701689735
GA,Lymphography,27,0.2984858237547892,0.7029885057471265,8,18,0.29619004199048504
GA,Lymphography,28,0.4389333333333334,0.5599999999999999,6,18,0.3420190420001745
GA,Lymphography,29,0.3176298850574713,0.6825287356321839,6,18,0.3496135830064304
GA,M-of-n,0,0.39269538461538467,0.608,6,13,0.8148432080051862
GA,M-of-n,1,0.41293692307692315,0.586,4,13,0.8619769999932032
GA,M-of-n,2,0.3622261538461537,0.6380000000000001,5,13,0.7856000000028871
GA,M-of-n,3,0.4509984615384615,0.546,2,13,0.8477165839867666
GA,M-of-n,4,0.43592769230769224,0.562,3,13,0.7953167910163756
GA,M-of-n,5,0.5064384615384615,0.49000000000000005,2,13,0.7495561669929884
GA,M-of-n,6,0.4321884615384616,0.565,2,13,0.7006108339992352
GA,M-of-n,7,0.33868692307692316,0.6609999999999999,4,13,0.7434670410002582
GA,M-of-n,8,0.4392253846153846,0.561,6,13,0.8933115839899983
GA,M-of-n,9,0.40457538461538467,0.596,6,13,0.8324660829966888
GA,M-of-n,10,0.4552861538461539,0.5439999999999999,5,13,0.966980124998372
GA,M-of-n,11,0.42140538461538457,0.5790000000000001,6,13,0.9940361249900889
GA,M-of-n,12,0.39269538461538467,0.608,6,13,0.9015681250020862
GA,M-of-n,13,0.42239538461538456,0.5780000000000001,6,13,0.9011734579980839
GA,M-of-n,14,0.37289538461538463,0.628,6,13,0.8982947090116795
GA,M-of-n,15,0.4363692307692308,0.5599999999999999,1,13,0.8578054999816231
GA,M-of-n,16,0.3083246153846154,0.694,7,13,0.6846525419969112
GA,M-of-n,17,0.34000461538461535,0.662,7,13,0.7088787090033293
GA,M-of-n,18,0.35573769230769225,0.643,3,13,0.7813116250035819
GA,M-of-n,19,0.3736646153846155,0.6279999999999999,7,13,0.7846774579957128
GA,M-of-n,20,0.4402153846153847,0.5599999999999999,6,13,0.9816518330189865
GA,M-of-n,21,0.5571492307692308,0.438,1,13,1.0242969999962952
GA,M-of-n,22,0.4144753846153846,0.5860000000000001,6,13,0.995070917007979
GA,M-of-n,23,0.38697615384615375,0.6130000000000001,5,13,1.0631769169995096
GA,M-of-n,24,0.35386461538461544,0.6479999999999999,7,13,0.9937045419937931
GA,M-of-n,25,0.3313153846153847,0.6699999999999999,6,13,0.9098652079992462
GA,M-of-n,26,0.4171176923076923,0.581,3,13,0.9048749580106232
GA,M-of-n,27,0.39390615384615374,0.6060000000000001,5,13,0.8816733749990817
GA,M-of-n,28,0.4804776923076923,0.517,3,13,0.9696165419882163
GA,M-of-n,29,0.41315769230769234,0.585,3,13,1.0028878749872092
GA,Parkinsons,0,0.137909090909091,0.8666666666666666,13,22,0.4458588340203278
GA,Parkinsons,1,0.18595104895104894,0.8153846153846154,7,22,0.4703518750029616
GA,Parkinsons,2,0.12176923076923069,0.8820512820512821,11,22,0.6433082910079975
GA,Parkinsons,3,0.1189650349650349,0.8871794871794872,16,22,0.6373535830061883
GA,Parkinsons,5,0.14624475524475528,0.8564102564102564,9,22,0.5161362499929965
GA,Parkinsons,4,0.11578321678321693,0.887179487179487,9,22,0.857032750005601
GA,Parkinsons,6,0.08115384615384622,0.923076923076923,11,22,0.522259874996962
GA,Parkinsons,7,0.1319230769230768,0.8717948717948719,11,22,0.7847657079983037
GA,Parkinsons,8,0.08623076923076928,0.9179487179487179,11,22,0.47671383299166337
GA,Parkinsons,10,0.1310139860139859,0.8717948717948719,9,22,0.4551272090175189
GA,Parkinsons,9,0.11714685314685307,0.8871794871794872,12,22,0.7264970830001403
GA,Parkinsons,11,0.1019160839160839,0.9025641025641026,12,22,0.4973160839872435
GA,Parkinsons,13,0.08532167832167836,0.9179487179487179,9,22,0.43239229198661633
GA,Parkinsons,12,0.15086713286713288,0.8512820512820513,8,22,0.7324525419971906
GA,Parkinsons,14,0.10146153846153845,0.9025641025641026,11,22,0.4808210839983076
GA,Parkinsons,15,0.10744755244755241,0.8974358974358975,13,22,0.7636641249991953
GA,Parkinsons,16,0.1319230769230768,0.8717948717948719,11,22,0.4651310830086004
GA,Parkinsons,18,0.1416223776223777,0.8615384615384615,10,22,0.4239327920076903
GA,Parkinsons,17,0.11116083916083933,0.8923076923076921,10,22,0.7671614160062745
GA,Parkinsons,19,0.18686013986013986,0.8153846153846154,9,22,0.4568755000072997
GA,Parkinsons,21,0.11760139860139852,0.8871794871794872,13,22,0.5241824999975506
GA,Parkinsons,20,0.15223076923076925,0.8512820512820513,11,22,0.7967537920048926
GA,Parkinsons,22,0.1725384615384616,0.8307692307692307,11,22,0.39756437501637265
GA,Parkinsons,23,0.11760139860139852,0.8871794871794872,13,22,0.38567520800279453
GA,Parkinsons,24,0.12131468531468523,0.8820512820512821,10,22,0.4034352920134552
GA,Parkinsons,25,0.13518181818181826,0.8666666666666666,7,22,0.4392905830172822
GA,Parkinsons,27,0.12222377622377613,0.8820512820512821,12,22,0.2852397919923533
GA,Parkinsons,26,0.11070629370629366,0.8923076923076924,9,22,0.42378300000564195
GA,Parkinsons,28,0.09130769230769223,0.9128205128205129,11,22,0.5178712079941761
GA,Parkinsons,29,0.13745454545454533,0.8666666666666668,12,22,0.45438716700300574
GA,Sonar,0,0.2522241579558654,0.7499419279907084,28,60,1.3174720410024747
GA,Sonar,1,0.19922880371660853,0.8031358885017422,26,60,1.4230610000086017
GA,Sonar,2,0.19612950058072007,0.8077816492450639,35,60,1.221261416998459
GA,Sonar,3,0.16699883855981418,0.8367015098722416,32,60,1.2869610829802696
GA,Sonar,4,0.22853774680603947,0.7738675958188154,28,60,1.2111501669860445
GA,Sonar,5,0.18636759581881535,0.8173054587688734,33,60,1.2704095840163063
GA,Sonar,6,0.18632752613240428,0.8168408826945411,30,60,1.1942802090197802
GA,Sonar,7,0.23777642276422767,0.765040650406504,31,60,1.0964075829833746
GA,Sonar,8,0.2137049941927992,0.7888501742160278,28,60,1.1304302500211634
GA,Sonar,9,0.19591114982578398,0.8076655052264808,33,60,1.1950027080019936
GA,Sonar,10,0.1993954703832752,0.8031358885017422,27,60,1.1075217080069706
GA,Sonar,11,0.2252200929152149,0.778397212543554,35,60,1.113198208011454
GA,Sonar,12,0.16195121951219515,0.8414634146341463,30,60,1.104642040998442
GA,Sonar,13,0.2482799070847852,0.7549361207897792,34,60,1.1046194579976145
GA,Sonar,14,0.17199477351916378,0.8318234610917538,33,60,1.1301032500050496
GA,Sonar,15,0.2081056910569105,0.7934959349593497,22,60,1.135255542001687
GA,Sonar,16,0.19519279907084788,0.8075493612078978,28,60,1.111292040994158
GA,Sonar,17,0.20140708478513358,0.802787456445993,37,60,1.1242862500075717
GA,Sonar,18,0.2098873403019744,0.7933797909407666,32,60,1.1424046249885578
GA,Sonar,19,0.2099790940766551,0.7939605110336817,36,60,1.1470346249989234
GA,Sonar,20,0.23835133565621386,0.7644599303135887,31,60,1.129169624997303
GA,Sonar,21,0.22948606271776992,0.7737514518002324,33,60,1.1234879579860717
GA,Sonar,22,0.2053629500580721,0.797444831591173,29,60,1.0996192909951787
GA,Sonar,23,0.24256562137049953,0.759698025551684,28,60,1.1472699580190238
GA,Sonar,24,0.22862950058072015,0.7744483159117305,32,60,1.216402707999805
GA,Sonar,25,0.20928397212543554,0.7931475029036005,27,60,1.227217749983538
GA,Sonar,26,0.20057375145180023,0.802787456445993,32,60,1.1374898749927524
GA,Sonar,27,0.21498664343786308,0.7887340301974447,35,60,1.1207666249829344
GA,Sonar,28,0.17154645760743323,0.8319396051103368,31,60,1.2606349580164533
GA,Sonar,29,0.2418240418118467,0.7602787456445993,27,60,1.2870357909996528
GA,SpectEW,0,0.21345626072041177,0.7903563941299789,13,22,0.39393225000821985
GA,SpectEW,1,0.24767238421955404,0.7530398322851153,7,22,0.41941333399154246
GA,SpectEW,2,0.22022641509433977,0.7825995807127881,11,22,0.48235537501750514
GA,SpectEW,3,0.2265117209834191,0.7785464709993012,16,22,0.6083388330007438
GA,SpectEW,4,0.19749514008004576,0.8051013277428372,10,22,0.46780266700079665
GA,SpectEW,6,0.2005688965122927,0.8015373864430468,9,22,0.49726074998034164
GA,SpectEW,5,0.20514465408805013,0.7978336827393433,11,22,0.5236809169873595
GA,SpectEW,7,0.22270726129216684,0.7791754018169114,9,22,0.4627245420124382
GA,SpectEW,8,0.19972898799313896,0.8014675052410901,7,22,0.4564911669876892
GA,SpectEW,9,0.21705374499714122,0.786722571628232,13,22,0.5679098330147099
GA,SpectEW,10,0.19906632361349327,0.8048916841369673,13,22,0.5985944999847561
GA,SpectEW,11,0.23443853630646078,0.7677847658979735,10,22,0.5136095419875346
GA,SpectEW,12,0.21307089765580325,0.7902865129280224,12,22,0.5046795840025879
GA,SpectEW,13,0.19382847341337925,0.8088050314465407,10,22,0.5174019580008462
GA,SpectEW,14,0.246555174385363,0.7564640111809924,12,22,0.5092186249967199
GA,SpectEW,15,0.21974213836477988,0.783088749126485,11,22,0.3965428750088904
GA,SpectEW,16,0.2241400800457405,0.7791055206149545,12,22,0.4578056249883957
GA,SpectEW,17,0.20569811320754705,0.7972746331236898,11,22,0.5364113339746837
GA,SpectEW,18,0.2014088050314466,0.8016072676450035,11,22,0.48696712497621775
GA,SpectEW,19,0.2087421383647798,0.7941998602375961,11,22,0.5158914169878699
GA,SpectEW,20,0.23035677530017154,0.7719077568134172,10,22,0.547367041988764
GA,SpectEW,21,0.2536117781589479,0.7493361285814116,12,22,0.4558066249883268
GA,SpectEW,22,0.18391538021726694,0.8201956673654788,13,22,0.4255443329748232
GA,SpectEW,23,0.2594036592338479,0.7416491963661775,8,22,0.5306304999976419
GA,SpectEW,24,0.18216638078902225,0.820125786163522,9,22,0.5458573330251966
GA,SpectEW,25,0.24546826758147514,0.7561844863731656,9,22,0.5637996659788769
GA,SpectEW,26,0.21282389937106916,0.7900768693221524,11,22,0.5898127499967813
GA,SpectEW,27,0.24990566037735848,0.7526205450733753,11,22,0.5686349580064416
GA,SpectEW,28,0.21502744425385925,0.7901467505241091,16,22,0.625179291004315
GA,SpectEW,29,0.2170537449971411,0.7867225716282321,13,22,0.5131595420243684
GA,TicTacToe,0,0.34530991855730075,0.6534467713787085,2,9,0.9497710000141524
GA,TicTacToe,1,0.34530991855730075,0.6534467713787085,2,9,0.952374290995067
GA,TicTacToe,2,0.3577971749563701,0.6419557155322861,3,9,0.8384612500085495
GA,TicTacToe,3,0.34530991855730075,0.6534467713787085,2,9,0.7360308750066906
GA,TicTacToe,4,0.34419880744618964,0.6534467713787085,1,9,0.8586810420092661
GA,TicTacToe,5,0.3216807009889471,0.6795593368237347,4,9,0.8733520839887206
GA,TicTacToe,6,0.34530991855730075,0.6534467713787085,2,9,0.824422916979529
GA,TicTacToe,7,0.34419880744618964,0.6534467713787085,1,9,0.7319368339958601
GA,TicTacToe,8,1.0,0.0,0,9,0.8721590829954948
GA,TicTacToe,9,0.3525286685573007,0.646155104712042,2,9,0.9649077919893898
GA,TicTacToe,10,0.34530991855730075,0.6534467713787085,2,9,0.904246707999846
GA,TicTacToe,11,0.3186463423502036,0.6826243455497382,4,9,0.7692082500143442
GA,TicTacToe,12,0.346463096276905,0.6545266143106458,4,9,0.8242584170075133
GA,TicTacToe,13,0.3165460478475858,0.6847458551483421,4,9,0.7723426249867771
GA,TicTacToe,14,0.34530991855730075,0.6534467713787085,2,9,0.9156916670035571
GA,TicTacToe,15,0.34530991855730075,0.6534467713787085,2,9,0.9105078749998938
GA,TicTacToe,16,0.3392065517742873,0.6618564572425829,4,9,0.7028301249956712
GA,TicTacToe,17,0.34943491855730063,0.649280104712042,2,9,0.7058270410052501
GA,TicTacToe,18,0.34132844313554384,0.6597131326352531,4,9,0.8587018750258721
GA,TicTacToe,19,0.3391968804537521,0.6607438917975568,3,9,0.957214666006621
GA,TicTacToe,20,0.35152981384525894,0.6471640488656195,2,9,0.9153305829968303
GA,TicTacToe,21,0.34419880744618964,0.6534467713787085,1,9,0.877274166996358
GA,TicTacToe,22,0.3537088423502035,0.6472076788830716,4,9,0.655384084006073
GA,TicTacToe,23,0.3403241892088422,0.6607275305410123,4,9,0.7092197920137551
GA,TicTacToe,24,0.34530991855730075,0.6534467713787085,2,9,0.808498459024122
GA,TicTacToe,25,0.34419880744618964,0.6534467713787085,1,9,0.8486650840204675
GA,TicTacToe,26,1.0,0.0,0,9,0.8255045420082752
GA,TicTacToe,27,0.34530991855730075,0.6534467713787085,2,9,0.86879370798124
GA,TicTacToe,28,0.34419880744618964,0.6534467713787085,1,9,0.832602707989281
GA,TicTacToe,29,0.34530991855730075,0.6534467713787085,2,9,0.845741041994188
GA,Vote,0,0.1269227567067529,0.8793709528214617,12,16,0.4205153750081081
GA,Vote,1,0.1256727567067529,0.8793709528214617,10,16,0.3167874170176219
GA,Vote,2,0.16764939870490278,0.8357076780758558,8,16,0.3254167080158368
GA,Vote,3,0.14638633209990742,0.8578168362627198,9,16,0.3259245000081137
GA,Vote,4,0.14925751618871425,0.8536540240518038,7,16,0.37853820898453705
GA,Vote,5,0.1438654024051804,0.8622571692876966,12,16,0.4969095840060618
GA,Vote,6,0.12763933857539322,0.8792784458834412,13,16,0.45175279199611396
GA,Vote,7,0.13751896392229404,0.8661424606845515,8,16,0.44273308297852054
GA,Vote,8,0.10935511100832564,0.8964847363552266,11,16,0.42848324999795295
GA,Vote,9,0.10199641535615167,0.9051803885291397,13,16,0.41692362498724833
GA,Vote,10,0.134373034227567,0.8705827937095283,10,16,0.3534560409898404
GA,Vote,11,0.1087140379278445,0.8971322849213692,11,16,0.3629043330147397
GA,Vote,12,0.12710592044403324,0.879185938945421,12,16,0.3568256250000559
GA,Vote,13,0.08729995374653099,0.9181313598519889,10,16,0.3578365409921389
GA,Vote,14,0.11069669287696576,0.8963922294172063,13,16,0.3454732079990208
GA,Vote,15,0.10836378353376507,0.896854764107308,10,16,0.46426008400158025
GA,Vote,16,0.1562450277520814,0.8491211840888067,11,16,0.46802499998011626
GA,Vote,17,0.15929937557816834,0.8447733580018502,9,16,0.43450525001389906
GA,Vote,18,0.10863852913968552,0.896577243293247,10,16,0.4710724170145113
GA,Vote,19,0.12226815448658644,0.8834412580943571,11,16,0.36068924999563023
GA,Vote,20,0.1223436632747456,0.8839962997224792,12,16,0.3126895840105135
GA,Vote,21,0.12576433857539324,0.8792784458834412,10,16,0.4143570419983007
GA,Vote,22,0.1420819842738206,0.8621646623496761,9,16,0.44105650001438335
GA,Vote,23,0.16110372340425516,0.8404255319148938,5,16,0.3517619580088649
GA,Vote,24,0.14189882053654027,0.8623496762257169,9,16,0.36841095800627954
GA,Vote,25,0.16549965309898254,0.8359851988899166,5,16,0.30020437500206754
GA,Vote,26,0.13446461609620733,0.8704902867715077,10,16,0.29956987500190735
GA,Vote,27,0.11759747918593903,0.8881591119333949,11,16,0.37685783399501815
GA,Vote,28,0.11849722479185948,0.8878815911193338,12,16,0.3889237089897506
GA,Vote,29,0.1052178538390379,0.901295097132285,12,16,0.4397874580172356
GA,WDBC,0,0.053359726750504544,0.9508150908244062,14,30,1.3584615830041002
GA,WDBC,1,0.060989132122341194,0.9437820214252446,16,30,1.3927453750220593
GA,WDBC,2,0.0558247166589039,0.9489986027014439,16,30,1.557807875011349
GA,WDBC,3,0.04745846918180398,0.9577860580655179,17,30,1.2014171250048093
GA,WDBC,4,0.07289054494643686,0.9314236919732961,15,30,1.2165855419880245
GA,WDBC,5,0.050592144077006615,0.9526005278683435,11,30,1.129798416979611
GA,WDBC,6,0.062074677845055125,0.9420121099208197,14,30,1.23280245802016
GA,WDBC,7,0.04363608135382711,0.9613103555348548,16,30,1.274756291997619
GA,WDBC,8,0.065215028722248,0.9385033379909953,13,30,1.2401062090066262
GA,WDBC,9,0.05340583760285663,0.9507685142058687,14,30,1.3345847080054227
GA,WDBC,11,0.05442990218910104,0.9490607048594939,12,30,1.000898958009202
GA,WDBC,10,0.06826983387672718,0.9367644775655954,17,30,1.254816665983526
GA,WDBC,12,0.048133830150597724,0.9560937742586555,14,30,1.00813020800706
GA,WDBC,13,0.054855457227138665,0.9489675516224189,13,30,1.2958062080142554
GA,WDBC,14,0.03943424934016448,0.9648812296227295,14,30,1.103122083004564
GA,WDBC,15,0.04534218289085551,0.9595870206489675,16,30,1.0864111250266433
GA,WDBC,16,0.03876758267349781,0.9648812296227295,12,30,1.0989986659842543
GA,WDBC,17,0.06838612016767588,0.9349635149821456,12,30,1.4517291249940172
GA,WDBC,18,0.04987067225586089,0.9543393882937432,14,30,1.228857208014233
GA,WDBC,19,0.04817994100294982,0.956047197640118,14,30,1.2261010829824954
GA,WDBC,20,0.04607902499611878,0.9578326346840551,13,30,1.0690997499914374
GA,WDBC,21,0.06378077938208342,0.9402887750349326,14,30,1.1191935839888174
GA,WDBC,22,0.05091678310821309,0.9542928116752056,17,30,1.2480150420160498
GA,WDBC,23,0.054096568855767704,0.9490607048594939,11,30,1.182506832992658
GA,WDBC,24,0.05023474615742898,0.9543083372147182,15,30,1.1153439579939004
GA,WDBC,25,0.049133830150597725,0.9560937742586555,17,30,1.2028085000056308
GA,WDBC,26,0.05858562335041158,0.9455364073901567,14,30,1.2104021249979269
GA,WDBC,27,0.049886042539978324,0.9543238627542306,14,30,1.227315958996769
GA,WDBC,28,0.06241468716037881,0.9436888681881695,20,30,1.3321580839983653
GA,WDBC,29,0.05579397609066914,0.9490296537804689,16,30,1.0969634579960257
GA,WaveformEW,1,0.43064799999999986,0.5698000000000001,19,40,5.33498366700951
GA,WaveformEW,0,0.32723999999999986,0.6740000000000002,18,40,6.423127374990145
GA,WaveformEW,2,0.393612,0.6062,15,40,5.3667799580143765
GA,WaveformEW,3,0.34817600000000004,0.6526,17,40,6.17559374999837
GA,WaveformEW,4,0.3545739999999999,0.6474000000000001,22,40,5.68025145799038
GA,WaveformEW,5,0.3431319999999999,0.6582000000000001,19,40,6.635624082991853
GA,WaveformEW,6,0.38094,0.619,15,40,5.92774716601707
GA,WaveformEW,7,0.42901200000000006,0.5711999999999999,18,40,6.37845279200701
GA,WaveformEW,8,0.34115199999999996,0.6602,19,40,6.697399458003929
GA,WaveformEW,9,0.314484,0.6884,24,40,5.359229666006286
GA,WaveformEW,10,0.3455600000000001,0.6559999999999999,20,40,5.93152437498793
GA,WaveformEW,11,0.3721439999999999,0.6294000000000001,21,40,5.932667457993375
GA,WaveformEW,12,0.39420599999999995,0.6056,15,40,5.9669312500045635
GA,WaveformEW,13,0.472374,0.5274,18,40,6.212719457980711
GA,WaveformEW,14,0.35273999999999994,0.649,21,40,6.264835624984698
GA,WaveformEW,15,0.4043560000000001,0.5955999999999999,16,40,6.70775408402551
GA,WaveformEW,16,0.3840139999999999,0.6164000000000001,17,40,6.313461999990977
GA,WaveformEW,17,0.36257799999999996,0.6378,16,40,5.4710673749796115
GA,WaveformEW,18,0.3845139999999999,0.6164000000000001,19,40,5.861360875016544
GA,WaveformEW,19,0.33590999999999993,0.666,21,40,5.73851774999639
GA,WaveformEW,20,0.32066399999999995,0.6814,21,40,6.115444833994843
GA,WaveformEW,21,0.4510319999999998,0.5482000000000001,15,40,6.3574727500090376
GA,WaveformEW,22,0.42901200000000006,0.5711999999999999,18,40,6.051262291002786
GA,WaveformEW,23,0.4162980000000001,0.5847999999999999,21,40,5.717525249987375
GA,WaveformEW,24,0.4609739999999999,0.5374000000000001,12,40,6.616630000004079
GA,WaveformEW,25,0.5169139999999999,0.4814,14,40,6.175976999977138
GA,WaveformEW,26,0.458504,0.5404,14,40,5.891874875000212
GA,WaveformEW,27,0.34604999999999997,0.655,18,40,6.095102583989501
GA,WaveformEW,29,0.43533800000000006,0.5638,14,40,6.337972249981249
GA,WaveformEW,28,0.417726,0.5826,18,40,6.812547917012125
GA,Zoo,0,0.13166071428571438,0.8714285714285713,7,16,0.27808312501292676
GA,Zoo,1,0.23946428571428566,0.761904761904762,6,16,0.23999004199868068
GA,Zoo,2,0.3570035714285714,0.6438095238095238,7,16,0.25060954099171795
GA,Zoo,3,0.27624642857142867,0.7228571428571428,3,16,0.24668829201254994
GA,Zoo,4,0.16104285714285707,0.8423809523809525,8,16,0.23956637500668876
GA,Zoo,5,0.15271071428571428,0.8514285714285714,9,16,0.24435774999437854
GA,Zoo,6,0.3284000000000001,0.6733333333333332,8,16,0.2560240830061957
GA,Zoo,7,0.3372035714285715,0.6638095238095237,7,16,0.27415350000956096
GA,Zoo,8,0.5207642857142857,0.47523809523809524,2,16,0.3429611249885056
GA,Zoo,9,0.1709428571428573,0.8323809523809522,8,16,0.31266187501023524
GA,Zoo,10,0.16198571428571432,0.8414285714285714,8,16,0.23637570801656693
GA,Zoo,11,0.1893392857142856,0.811904761904762,5,16,0.26268449999042787
GA,Zoo,12,0.13213214285714286,0.8709523809523809,7,16,0.30331991700222716
GA,Zoo,13,0.19293571428571432,0.8114285714285714,10,16,0.31420608301414177
GA,Zoo,14,0.36612500000000003,0.6333333333333333,5,16,0.28391470800852403
GA,Zoo,15,0.23993571428571436,0.7614285714285713,6,16,0.25742999999783933
GA,Zoo,16,0.38388571428571433,0.6147619047619047,4,16,0.2526157910178881
GA,Zoo,17,0.17016428571428568,0.8319047619047619,6,16,0.23713487497298047
GA,Zoo,18,0.16213928571428568,0.8419047619047619,9,16,0.23523250001017004
GA,Zoo,19,0.2688464285714286,0.7328571428571429,7,16,0.242864624975482
GA,Zoo,20,0.34836428571428574,0.6519047619047619,6,16,0.2783202499849722
GA,Zoo,21,0.2594178571428572,0.7423809523809524,7,16,0.32183312499546446
GA,Zoo,22,0.21086071428571423,0.7914285714285715,7,16,0.2850635000213515
GA,Zoo,23,0.35685,0.6433333333333333,6,16,0.2657058339973446
GA,Zoo,24,0.2004892857142857,0.8019047619047619,7,16,0.25064562499755993
GA,Zoo,25,0.35685,0.6433333333333333,6,16,0.2942374170233961
GA,Zoo,26,0.1426571428571429,0.8609523809523809,8,16,0.3687532909971196
GA,Zoo,27,0.2190392857142856,0.781904761904762,5,16,0.36372933301026933
GA,Zoo,28,0.28802142857142854,0.7128571428571429,6,16,0.32084450000547804
GA,Zoo,29,0.1901178571428572,0.8123809523809523,7,16,0.24846979201538488
ECL-SCSO,WaveformEW,24,0.28502399999999994,0.7174,21,40,6036.585879999999
ECL-SCSO,WaveformEW,25,0.22959400000000002,0.7744,25,40,5883.909734292014
PSO,BreastEW,0,0.1942865082772769,0.8048733361957922,1,9,302.59807566701784
PSO,BreastEW,1,0.0475954868565431,0.9575354229282954,5,9,309.065314166015
ECL-SCSO,WaveformEW,26,0.235482,0.7682,24,40,5616.380336416012
PSO,BreastEW,2,0.045017866514002025,0.9590167453842853,4,9,320.43503212500946
PSO,BreastEW,3,0.06094755736844609,0.9429261485616145,4,9,330.95727275000536
PSO,BreastEW,4,0.04244024617146128,0.9604980678402748,3,9,345.0393349590013
PSO,BreastEW,5,0.05157585515958215,0.9546371833404894,6,9,348.1307006670104
PSO,BreastEW,6,0.06388057583130591,0.9399635036496349,4,9,350.60188429200207
ECL-SCSO,WaveformEW,27,0.22860399999999992,0.7754000000000001,25,40,4497.556565499981
PSO,BreastEW,7,0.03598030866847967,0.9692679261485615,5,9,351.9144128749904
PSO,BreastEW,8,0.052673930156003884,0.9501610133104338,3,9,353.4492908339889
ECL-SCSO,WaveformEW,29,0.22472799999999996,0.7778,19,40,4457.961765500018
PSO,BreastEW,9,0.054455739229998544,0.951728209531988,6,9,365.35288504199707
PSO,BreastEW,10,0.048749105481608726,0.9574924860455131,6,9,365.4267894169898
PSO,BreastEW,11,0.06819508849768612,0.9356054100472306,4,9,369.25352137500886
PSO,BreastEW,12,0.051586482038070834,0.9546264491197938,6,9,373.6976212920272
PSO,BreastEW,13,0.03306854396259733,0.9722091026191497,5,9,370.42288549998193
ECL-SCSO,WaveformEW,28,0.24199599999999996,0.7596,16,40,4853.356172208994
PSO,BreastEW,14,0.05115428653213094,0.9516960068699014,3,9,368.7764266250015
PSO,BreastEW,15,0.0642040933161586,0.938514383855732,3,9,369.08126787500805
PSO,BreastEW,16,0.048242521826248594,0.9546371833404896,3,9,368.6032960000157
PSO,BreastEW,17,0.051618362673536554,0.9545942464577072,6,9,372.2974486250023
PSO,BreastEW,18,0.06093693048995763,0.9429368827823099,4,9,375.0139689159987
PSO,BreastEW,19,0.06391245646677163,0.9399313009875483,4,9,371.9093258329958
PSO,BreastEW,20,0.064668169457564,0.941412623443538,6,9,377.25555262502166
PSO,BreastEW,21,0.040671473212155876,0.9634070416487763,4,9,371.441296666977
PSO,BreastEW,22,0.07147287820237588,0.931172176899957,3,9,373.6377385840169
PSO,BreastEW,23,0.05377441438862642,0.9501717475311293,4,9,366.18487329100026
PSO,BreastEW,24,0.12248660607795422,0.8785208243881495,2,9,360.55215483301436
PSO,BreastEW,25,0.053689399360717385,0.950257621296694,4,9,359.05857670799014
PSO,BreastEW,26,0.049353632937359705,0.9546371833404896,4,9,338.5723831670184
PSO,BreastEW,27,0.058433698296837124,0.9443430656934305,3,9,344.8499496250006
PSO,BreastEW,28,0.03675727541624919,0.9707277801631602,7,9,366.40041591698537
PSO,BreastEW,29,0.07003824960641186,0.9326212966938601,3,9,347.87146675001713
PSO,ColonCancer,0,0.24647384615384604,0.7564102564102565,1064,2000,459.2768866250117
PSO,ColonCancer,1,0.2602953846153846,0.7423076923076923,1036,2000,493.49086958297994
PSO,ColonCancer,2,0.20040153846153844,0.8025641025641026,988,2000,501.6771880000015
PSO,ColonCancer,3,0.22824961538461536,0.7743589743589744,973,2000,503.9362893340003
PSO,ColonCancer,4,0.18140807692307684,0.8217948717948719,997,2000,521.54220562501
PSO,ColonCancer,5,0.25862615384615395,0.7435897435897435,956,2000,519.8006828330108
PSO,ColonCancer,6,0.2601903846153847,0.7423076923076922,1015,2000,519.4687195419974
PSO,ColonCancer,7,0.1802638461538462,0.823076923076923,1022,2000,520.2723696249886
PSO,ColonCancer,8,0.21061538461538454,0.7923076923076924,1000,2000,492.57274725000025
PSO,ColonCancer,9,0.3221026923076923,0.6794871794871795,959,2000,448.07681629198487
PSO,ColonCancer,10,0.18148307692307686,0.8217948717948719,1012,2000,447.29673066700343
PSO,ColonCancer,11,0.2270353846153845,0.7756410256410258,984,2000,449.10669262500596
PSO,ColonCancer,12,0.24372038461538453,0.758974358974359,1021,2000,451.15937670800486
PSO,ColonCancer,13,0.19529961538461538,0.8076923076923077,983,2000,450.5671407080081
PSO,ColonCancer,14,0.22579115384615384,0.7769230769230769,989,2000,452.7931049159961
PSO,ColonCancer,15,0.1976680769230769,0.8051282051282052,949,2000,450.2948931249848
PSO,ColonCancer,16,0.27513115384615383,0.7269230769230769,957,2000,447.807147332991
PSO,ColonCancer,17,0.22693038461538462,0.7756410256410257,963,2000,450.96192670901655
PSO,ColonCancer,18,0.24355038461538453,0.758974358974359,987,2000,452.0524330420012
PSO,ColonCancer,19,0.2791538461538462,0.7230769230769231,1000,2000,455.0147097079898
PSO,ColonCancer,20,0.22701538461538448,0.7756410256410258,980,2000,460.2023803330085
PSO,ColonCancer,21,0.19657384615384602,0.8064102564102565,984,2000,459.86024283300503
PSO,ColonCancer,22,0.196723846153846,0.8064102564102565,1014,2000,460.5070512079983
PSO,ColonCancer,23,0.323546923076923,0.6782051282051282,994,2000,457.45907766601886
PSO,ColonCancer,24,0.26271384615384613,0.7397435897435898,1012,2000,447.0211155830184
PSO,ColonCancer,25,0.21204461538461541,0.791025641025641,1032,2000,438.088928415993
PSO,ColonCancer,26,0.24347038461538453,0.758974358974359,971,2000,424.6531137500133
PSO,ColonCancer,27,0.22828961538461534,0.7743589743589744,981,2000,421.5974492499954
PSO,Diabetes,0,0.3349789915966387,0.6692131398013751,6,8,330.70400079200044
PSO,ColonCancer,28,0.2627188461538462,0.7397435897435897,1013,2000,412.9036878749903
PSO,Diabetes,1,0.4343424369747898,0.5625328919446567,1,8,328.1190979160019
PSO,ColonCancer,29,0.2131838461538462,0.7897435897435897,1006,2000,413.3811047920026
PSO,Diabetes,2,0.3286596638655463,0.6705457940752058,2,8,361.3822136250092
PSO,Diabetes,3,0.3389327731092436,0.6626941685765216,4,8,378.2685742909962
PSO,Diabetes,4,0.2654558823529412,0.735650623885918,3,8,386.0821787909954
PSO,Diabetes,5,0.25244327731092436,0.7513199219081572,5,8,396.44520474999445
PSO,Diabetes,6,0.34271638655462183,0.657609710550887,3,8,405.13096712500555
PSO,Diabetes,7,0.3698235294117647,0.6314913844325609,4,8,409.25602320901817
PSO,Diabetes,8,0.26027731092436973,0.7421441303794245,4,8,407.7674470419879
PSO,Diabetes,9,0.3608340336134453,0.6393090569561158,3,8,402.98310516698984
PSO,Diabetes,10,0.3376302521008404,0.6640098463627875,4,8,413.1956085420097
PSO,Diabetes,11,0.2962899159663865,0.7082930141753672,6,8,417.4636715000088
PSO,Diabetes,12,0.28728151260504187,0.7123419064595536,2,8,407.03450579202035
PSO,Diabetes,13,0.2525210084033614,0.749978779390544,4,8,419.49585158299305
PSO,Diabetes,14,0.32595588235294126,0.6770647653000593,5,8,415.9076205420133
PSO,Diabetes,15,0.3298298319327731,0.6731516849163908,5,8,414.68568954098737
PSO,Diabetes,16,0.3517626050420168,0.6509973686444275,5,8,412.8886056659976
PSO,Diabetes,17,0.2936869747899159,0.7096596214243274,5,8,406.8831135419896
PSO,Diabetes,18,0.38671008403361345,0.6119090060266531,2,8,402.5439100409858
PSO,Diabetes,19,0.3544558823529411,0.6457516339869281,3,8,400.47728470899165
PSO,Diabetes,20,0.34144327731092433,0.6614209320091673,5,8,408.4560579590034
PSO,Diabetes,21,0.36857983193277305,0.6327476445123504,4,8,400.94927787501365
PSO,Diabetes,22,0.25364285714285717,0.7513708513708514,6,8,408.1439489579934
PSO,Diabetes,24,0.3247605042016807,0.6744843391902215,2,8,398.0158044170239
PSO,Diabetes,23,0.2937457983193277,0.7096002037178508,5,8,404.8671838749724
PSO,Diabetes,25,0.3620840336134453,0.6393090569561158,4,8,401.95691245800117
PSO,Diabetes,26,0.37755042016806717,0.6211611917494271,2,8,398.3789456250088
PSO,Diabetes,27,0.2897773109243698,0.7148714031066972,6,8,411.11383983297856
PSO,Diabetes,28,0.37100840336134455,0.630294542059248,4,8,404.42891662498005
PSO,Diabetes,29,0.34795378151260503,0.651056786350904,2,8,398.5884836670011
PSO,GermanCredit,0,0.3044799999999999,0.6980000000000001,11,20,604.471910082997
PSO,GermanCredit,2,0.26488,0.738,11,20,598.9171635420062
PSO,GermanCredit,1,0.25994,0.744,13,20,605.3378681670001
PSO,GermanCredit,3,0.29112000000000005,0.712,12,20,601.7116758330085
PSO,GermanCredit,4,0.28369000000000005,0.719,11,20,604.1278334579838
PSO,GermanCredit,5,0.30943000000000004,0.693,11,20,611.1932153330126
PSO,GermanCredit,6,0.2837,0.72,13,20,606.2767923750216
PSO,GermanCredit,7,0.28813000000000016,0.7129999999999999,8,20,601.0408988340059
PSO,GermanCredit,8,0.28962000000000004,0.712,9,20,570.7717806669825
PSO,GermanCredit,9,0.33910999999999997,0.661,7,20,576.1909418750147
PSO,GermanCredit,11,0.3049700000000002,0.6969999999999998,10,20,580.4242640830053
PSO,GermanCredit,10,0.26688,0.738,15,20,597.3523010839999
PSO,GermanCredit,12,0.29161000000000004,0.711,11,20,570.7251837079821
PSO,GermanCredit,13,0.29408000000000006,0.708,10,20,571.483784333017
PSO,GermanCredit,14,0.25301,0.751,13,20,576.9986809999973
PSO,GermanCredit,15,0.28568000000000005,0.718,13,20,577.2605865829973
PSO,GermanCredit,16,0.30546000000000006,0.696,9,20,568.1501142079942
PSO,GermanCredit,17,0.25795,0.745,11,20,576.4981287080154
PSO,GermanCredit,19,0.27378,0.728,9,20,567.0119230829878
PSO,GermanCredit,18,0.28221,0.721,12,20,571.6398930829891
PSO,GermanCredit,20,0.3163500000000001,0.6849999999999999,9,20,571.8317449579772
PSO,GermanCredit,21,0.29309,0.709,10,20,584.8289028339786
PSO,GermanCredit,22,0.31786,0.686,14,20,594.7508290419937
PSO,GermanCredit,23,0.33613999999999994,0.664,7,20,580.9132402919931
PSO,HeartDisease,0,0.27669726205997397,0.7236158192090395,4,13,245.28147462499328
PSO,HeartDisease,1,0.24357157757496745,0.7578531073446327,5,13,245.7569483749976
PSO,GermanCredit,24,0.2861499999999999,0.7150000000000001,8,20,591.9298423340078
PSO,GermanCredit,25,0.27329000000000014,0.7289999999999999,10,20,598.942906042008
PSO,GermanCredit,26,0.31732999999999995,0.683,7,20,589.7333782079804
PSO,GermanCredit,27,0.29112000000000005,0.712,12,20,594.0390752920066
PSO,GermanCredit,28,0.3515,0.65,10,20,591.3274529579794
PSO,HeartDisease,2,0.2644764015645372,0.7375141242937853,6,13,238.8359981669928
PSO,HeartDisease,3,0.2238840938722294,0.7808474576271187,9,13,238.085869292001
PSO,GermanCredit,29,0.28616,0.716,10,20,591.932096375007
PSO,HeartDisease,4,0.23944706649282924,0.7643502824858757,8,13,239.8179955840169
PSO,HeartDisease,5,0.24109674054758792,0.7611299435028249,6,13,241.41033841701574
PSO,HeartDisease,6,0.2730623207301174,0.7303954802259887,8,13,238.6395234579977
PSO,HeartDisease,7,0.26387496740547584,0.7373446327683616,5,13,238.66522995900596
PSO,HeartDisease,8,0.2838427640156454,0.7171751412429378,5,13,241.38435300000128
PSO,HeartDisease,9,0.23174224250325945,0.7713559322033898,7,13,237.4412110419944
PSO,HeartDisease,10,0.20050378096479787,0.8013559322033899,5,13,234.9029734999931
PSO,HeartDisease,11,0.22662477183833113,0.7780790960451978,9,13,236.7372069590201
PSO,HeartDisease,12,0.19879817470664926,0.8046327683615819,7,13,235.83300379099092
PSO,HeartDisease,14,0.2424805736636245,0.7574011299435028,3,13,232.23481141700177
PSO,HeartDisease,13,0.3271342894393742,0.6734463276836158,5,13,235.47585687498213
PSO,HeartDisease,15,0.21106114732724904,0.7914689265536723,6,13,234.54831370801548
PSO,HeartDisease,16,0.20963520208604958,0.7944632768361581,8,13,235.0612791670137
PSO,HeartDisease,17,0.21458487614080823,0.7879096045197741,6,13,233.48183829098707
PSO,HeartDisease,18,0.25601616688396345,0.7437288135593221,3,13,232.69731587500428
PSO,HeartDisease,19,0.34919921773142104,0.6496045197740113,3,13,233.6221100000257
PSO,HeartDisease,20,0.2422574967405476,0.7607344632768361,7,13,237.6019185000041
PSO,HeartDisease,21,0.26766453715775745,0.7342937853107345,6,13,235.19858212501276
PSO,HeartDisease,22,0.24979452411994785,0.7538983050847458,8,13,237.33510274998844
PSO,HeartDisease,23,0.2653574967405476,0.7374011299435028,7,13,235.1621969170228
PSO,HeartDisease,24,0.260183441981747,0.7410734463276837,5,13,242.4602110410051
PSO,HeartDisease,25,0.2644764015645372,0.7375141242937853,6,13,238.56011966700316
PSO,HeartDisease,26,0.2467597131681878,0.7546327683615819,5,13,237.4249520000012
PSO,HeartDisease,27,0.2062792698826597,0.7978531073446328,8,13,228.68250387502485
PSO,HeartDisease,28,0.24990573663624513,0.7506779661016949,4,13,226.7644123749924
PSO,HeartDisease,29,0.21595554106910037,0.7880790960451978,8,13,220.485182000004
PSO,IonosphereEW,1,0.14269305243224045,0.8603219315895373,15,34,435.95270162500674
PSO,IonosphereEW,0,0.1797984376849332,0.8231388329979878,16,34,460.3906927090138
PSO,IonosphereEW,2,0.15895672860693563,0.8432997987927566,13,34,412.31060741702095
PSO,IonosphereEW,3,0.1461496981891348,0.8574245472837022,17,34,417.87044112500735
PSO,IonosphereEW,4,0.16046715587643512,0.8432595573440643,18,34,433.89233375000185
PSO,IonosphereEW,6,0.15642227482542312,0.8461569416498994,14,34,405.1659597500111
PSO,IonosphereEW,7,0.1458157415078706,0.8574647887323945,16,34,407.2177697920124
PSO,IonosphereEW,5,0.15282395549769207,0.8518712273641851,21,34,464.4167702909908
PSO,IonosphereEW,9,0.14123770860456858,0.8606036217303823,11,34,389.47176229098113
PSO,IonosphereEW,8,0.15997384305835008,0.8434607645875252,17,34,409.69031391697354
PSO,IonosphereEW,10,0.13357926381820334,0.8689336016096579,13,34,421.6088088749966
PSO,IonosphereEW,12,0.14852479583382647,0.854728370221328,16,34,441.5424510000157
PSO,IonosphereEW,11,0.14125539117055289,0.8632595573440642,20,34,474.0000036249985
PSO,IonosphereEW,14,0.16253289146644584,0.840281690140845,15,34,442.9463040420087
PSO,IonosphereEW,15,0.1795594034797018,0.8233802816901408,16,34,445.3541199580068
PSO,IonosphereEW,13,0.17987120369274473,0.8260362173038229,26,34,511.417227708007
PSO,IonosphereEW,16,0.14938946620901886,0.8520724346076458,10,34,407.3704110000108
PSO,IonosphereEW,17,0.15944312936442176,0.8460764587525151,24,34,476.12070695799775
PSO,IonosphereEW,18,0.1653614628950173,0.8374245472837021,15,34,419.9661393330025
PSO,IonosphereEW,20,0.15862277192567178,0.8433400402414486,12,34,407.9061749999819
PSO,IonosphereEW,19,0.16076127352349395,0.8432595573440643,19,34,439.2099280419934
PSO,IonosphereEW,21,0.12238449520653331,0.8802414486921529,13,34,407.3178126660059
PSO,IonosphereEW,22,0.15655703633566098,0.8463179074446681,15,34,420.1125868340023
PSO,IonosphereEW,23,0.15070313646585407,0.8546076458752514,23,34,449.10387049999554
PSO,IonosphereEW,24,0.17319450822582555,0.829215291750503,14,34,385.3212677919946
PSO,IonosphereEW,25,0.1516076458752516,0.8519114688128772,17,34,450.2975042909966
PSO,IonosphereEW,26,0.15946528583264288,0.8433802816901409,15,34,454.42073366598925
PSO,IonosphereEW,27,0.15147288436501363,0.8517505030181086,16,34,506.3008424580039
PSO,IonosphereEW,28,0.13104481003669083,0.8717907444668007,14,34,498.26547804201255
PSO,IonosphereEW,29,0.15822681974198133,0.8461167002012072,20,34,507.10190041700844
PSO,KrVsKpEW,0,0.18134874874245482,0.8225914514866979,20,35,1754.568884334003
PSO,KrVsKpEW,1,0.07136285211267594,0.9339769170579031,21,35,1767.2963382920134
PSO,KrVsKpEW,2,0.22071193410462778,0.7825420579029734,19,35,1794.4219161669898
PSO,KrVsKpEW,3,0.3763542945171026,0.6235959507042254,13,35,1794.8882102080097
PSO,KrVsKpEW,4,0.22598099220321938,0.7772197769953051,19,35,1805.8588967910036
PSO,KrVsKpEW,5,0.30785133928571423,0.6933680555555556,15,35,1779.9204750829958
PSO,KrVsKpEW,7,0.18511583249496982,0.8182091158059468,18,35,1778.712063708983
PSO,KrVsKpEW,6,0.2093215165995976,0.7931817292644757,16,35,1810.074256833992
PSO,KrVsKpEW,8,0.29133609783702213,0.7112045187793428,19,35,1845.422097542003
PSO,KrVsKpEW,9,0.18239324069416502,0.8200934076682316,15,35,1830.154825582984
PSO,KrVsKpEW,10,0.401686921529175,0.5988732394366197,16,35,1826.2468833330204
PSO,KrVsKpEW,11,0.3892940077967807,0.6113913341158059,16,35,1847.671620625013
PSO,KrVsKpEW,12,0.2959641976861167,0.7068182707355243,20,35,1841.9846982920135
PSO,KrVsKpEW,14,0.3471889273138831,0.6536331181533648,15,35,1786.6931967500132
PSO,KrVsKpEW,13,0.09454431589537225,0.9111384976525821,23,35,1861.1420320420002
PSO,KrVsKpEW,15,0.17579446051307848,0.8279132433489828,19,35,1860.4145404169976
PSO,KrVsKpEW,16,0.18995382293762572,0.8147652582159625,23,35,1854.8661721670069
PSO,KrVsKpEW,17,0.3861833752515091,0.6148219874804381,17,35,1844.5465427500021
PSO,KrVsKpEW,18,0.36851075201207256,0.6326731220657276,17,35,1850.8070873339893
PSO,KrVsKpEW,20,0.19884137323943674,0.803190532081377,14,35,1800.525907082978
PSO,KrVsKpEW,19,0.3013496227364186,0.6999354460093896,15,35,1832.8469617920055
PSO,KrVsKpEW,21,0.1658567593058351,0.8382399256651016,20,35,1843.5240642919962
PSO,KrVsKpEW,22,0.28023672032193153,0.7218388106416276,17,35,1818.9716107500135
PSO,KrVsKpEW,23,0.0940472585513079,0.9101975743348982,18,35,1838.1223996659974
PSO,Leukemia,0,0.05960870504460532,0.9447619047619048,1758,3571,601.937536500016
PSO,Leukemia,1,0.03224064487738521,0.9723809523809525,1749,3571,605.0410119580047
PSO,Leukemia,2,0.04647871344561346,0.9580952380952381,1783,3571,649.5600248330156
PSO,Leukemia,3,0.04636950034004068,0.9580952380952382,1744,3571,654.1600619999808
PSO,KrVsKpEW,24,0.16960115065392348,0.8341691118935838,19,35,1796.9555267920077
PSO,KrVsKpEW,25,0.25490409330985914,0.7465615219092332,14,35,1778.769540542009
PSO,KrVsKpEW,26,0.3946287223340039,0.6051369327073554,13,35,1782.4230666250223
PSO,KrVsKpEW,28,0.1740067718812876,0.8288531885759,16,35,1824.97352637499
PSO,KrVsKpEW,27,0.20955797283702216,0.7938086854460094,19,35,1842.6798220000055
PSO,KrVsKpEW,29,0.27213209255533205,0.730602503912363,19,35,1827.9030711669766
PSO,Leukemia,4,0.04666073528823458,0.9580952380952381,1848,3571,633.8698511670227
PSO,Leukemia,5,0.03260748889866776,0.9723809523809525,1880,3571,621.1858198330156
PSO,Leukemia,6,0.04570667680121616,0.959047619047619,1844,3571,614.915509457991
PSO,Leukemia,7,0.019063047565707834,0.9857142857142858,1757,3571,614.4368485419836
PSO,Leukemia,8,0.07379356722806728,0.9304761904761906,1773,3571,592.5132162079972
PSO,Leukemia,9,0.046481513781653785,0.9580952380952381,1784,3571,531.1348349159816
PSO,Leukemia,10,0.04636389966796014,0.9580952380952381,1742,3571,527.3372647499782
PSO,Leukemia,11,0.06065517462095445,0.9438095238095239,1795,3571,536.987854166975
PSO,Leukemia,12,0.03335432251870214,0.9714285714285715,1810,3571,548.393031042011
PSO,Leukemia,13,0.01823220386446371,0.9866666666666667,1797,3571,558.8938822920027
PSO,Leukemia,14,0.06041994639356716,0.9438095238095239,1711,3571,564.2080838340044
PSO,Leukemia,15,0.0331695003400407,0.9714285714285715,1744,3571,566.4514632910141
PSO,Leukemia,16,0.03243666840020795,0.9723809523809525,1819,3571,571.777297749999
PSO,Leukemia,17,0.04560026403168381,0.959047619047619,1806,3571,565.0642803329974
PSO,Leukemia,18,0.03229385126215138,0.9723809523809525,1768,3571,559.1695611249888
PSO,Leukemia,19,0.032330255630675604,0.9723809523809525,1781,3571,545.8302842919948
PSO,Leukemia,20,0.04635829899587938,0.9580952380952382,1740,3571,532.5916522920015
PSO,Leukemia,21,0.06152242269072291,0.9428571428571428,1768,3571,525.5446861670061
PSO,Leukemia,22,0.03310229227507291,0.9714285714285715,1720,3571,520.6301413330075
PSO,Leukemia,23,0.04646471176541184,0.9580952380952381,1778,3571,519.4317840420117
PSO,Leukemia,24,0.019040644877385236,0.9857142857142858,1749,3571,510.12598591600545
PSO,Lymphography,0,0.23860383141762453,0.7645977011494253,10,18,144.4912341250165
PSO,Lymphography,1,0.29100229885057477,0.7094252873563218,6,18,145.83065966700087
PSO,Leukemia,25,0.059569500340040764,0.9447619047619048,1744,3571,500.442577290989
PSO,Leukemia,26,0.01899023882865939,0.9857142857142858,1731,3571,498.4563107909926
PSO,Lymphography,2,0.2504919540229884,0.750344827586207,6,18,148.49491775000934
PSO,Lymphography,3,0.26009731800766284,0.743448275862069,11,18,182.54819608299294
PSO,Lymphography,4,0.17874865900383144,0.8250574712643678,10,18,190.40956124998047
PSO,Leukemia,27,0.03335152218266204,0.9714285714285713,1809,3571,565.349781958008
PSO,Lymphography,5,0.29656475095785434,0.7043678160919541,7,18,200.66066349999164
PSO,Lymphography,6,0.2700911877394636,0.7294252873563218,4,18,202.22071554101421
PSO,Lymphography,7,0.19255785440613019,0.8094252873563219,7,18,205.04568812501384
PSO,Leukemia,28,0.07478963075569078,0.9295238095238094,1792,3571,566.1960987909988
PSO,Lymphography,8,0.2636919540229886,0.7370114942528735,6,18,181.63578670899733
PSO,Lymphography,9,0.25208505747126436,0.748735632183908,6,18,185.6354696250055
PSO,Leukemia,29,0.019105052606312706,0.9857142857142858,1772,3571,586.0173119170067
PSO,Lymphography,10,0.2765639846743295,0.723448275862069,5,18,211.44068504098686
PSO,Lymphography,11,0.23741915708812264,0.7629885057471264,5,18,213.72464775000117
PSO,Lymphography,12,0.16645900383141757,0.8374712643678162,10,18,215.05548262500088
PSO,Lymphography,13,0.21298697318007667,0.7910344827586206,11,18,219.98155054199742
PSO,Lymphography,14,0.2260597701149426,0.778390804597701,12,18,224.3854114160058
PSO,Lymphography,15,0.2042651340996169,0.7981609195402298,8,18,234.35934741600067
PSO,Lymphography,16,0.24699770114942524,0.7572413793103449,12,18,232.92883741599508
PSO,Lymphography,17,0.2608804597701149,0.7432183908045977,12,18,230.83851875000983
PSO,Lymphography,18,0.23850344827586215,0.7641379310344827,9,18,221.01103200000944
PSO,Lymphography,19,0.19655402298850574,0.8048275862068965,6,18,217.57874349999474
PSO,Lymphography,20,0.2664697318007663,0.7370114942528736,11,18,223.66493183301645
PSO,Lymphography,21,0.2405517241379312,0.7620689655172412,9,18,225.25751324999146
PSO,Lymphography,22,0.2278536398467433,0.7777011494252873,14,18,235.3755547089968
PSO,Lymphography,23,0.1980199233716474,0.8039080459770116,7,18,229.18498537500273
PSO,Lymphography,24,0.19766513409961686,0.8048275862068965,8,18,227.13307570799952
PSO,Lymphography,25,0.15345977011494247,0.8517241379310345,12,18,228.32477158299298
PSO,Lymphography,26,0.2602245210727969,0.7427586206896551,10,18,226.17447579099098
PSO,Lymphography,27,0.23895862068965518,0.7636781609195402,9,18,225.41120583401062
PSO,Lymphography,28,0.40567892720306514,0.5947126436781609,8,18,223.2970247080084
PSO,Lymphography,29,0.2388582375478928,0.7632183908045976,8,18,220.12230204200023
PSO,M-of-n,0,0.21405384615384612,0.79,8,13,542.5944659170054
PSO,M-of-n,1,0.36761769230769226,0.631,3,13,531.1301462080155
PSO,M-of-n,2,0.25640307692307696,0.748,9,13,546.8246687499923
PSO,M-of-n,3,0.25233615384615393,0.7489999999999999,5,13,549.4664171249897
PSO,M-of-n,4,0.4549584615384615,0.542,2,13,543.969358708011
PSO,M-of-n,5,0.29809692307692304,0.7020000000000001,4,13,545.2803039999853
PSO,M-of-n,6,0.285226923076923,0.7150000000000001,4,13,538.9217496250058
PSO,M-of-n,7,0.10174230769230766,0.905,10,13,552.0525295830157
PSO,M-of-n,8,0.2603630769230769,0.744,9,13,572.2604864999885
PSO,M-of-n,9,0.35287461538461545,0.6489999999999999,7,13,573.3184850830003
PSO,M-of-n,10,0.29490615384615376,0.7060000000000001,5,13,562.9282113749941
PSO,M-of-n,11,0.2825846153846154,0.72,7,13,554.2932260420057
PSO,M-of-n,12,0.3744338461538463,0.6279999999999999,8,13,548.4441107919847
PSO,M-of-n,13,0.3521053846153846,0.649,6,13,548.9258577920264
PSO,M-of-n,14,0.20140461538461543,0.8019999999999999,7,13,553.4872686659801
PSO,M-of-n,15,0.31415769230769236,0.6849999999999999,3,13,560.0291244170221
PSO,M-of-n,16,0.2828053846153847,0.719,6,13,563.2589295840007
PSO,M-of-n,17,0.21350538461538468,0.7889999999999999,6,13,562.5184897090076
PSO,M-of-n,18,0.27213615384615397,0.7289999999999999,5,13,573.9200072499807
PSO,M-of-n,19,0.3243853846153847,0.6769999999999999,6,13,574.8261362090125
PSO,M-of-n,20,0.4402153846153847,0.5599999999999999,6,13,574.5574289999786
PSO,M-of-n,21,0.3100838461538462,0.693,8,13,572.0810949169972
PSO,M-of-n,22,0.2461753846153846,0.756,6,13,572.3947393750132
PSO,M-of-n,23,0.2415530769230769,0.763,9,13,569.8201580420136
PSO,Parkinsons,0,0.11760139860139852,0.8871794871794872,13,22,220.89990079202107
PSO,Parkinsons,1,0.09130769230769234,0.9128205128205128,11,22,218.91037854200113
PSO,M-of-n,24,0.18292230769230763,0.8230000000000001,10,13,559.463241999998
PSO,M-of-n,25,0.28302615384615387,0.718,5,13,550.8767010419979
PSO,Parkinsons,2,0.12684615384615375,0.876923076923077,11,22,236.8009007500077
PSO,M-of-n,26,0.2693869230769231,0.731,4,13,539.3313295000116
PSO,M-of-n,27,0.19865538461538468,0.8039999999999999,6,13,546.2342777500162
PSO,M-of-n,28,0.33670692307692307,0.663,4,13,542.232051790983
PSO,Parkinsons,3,0.12222377622377635,0.8820512820512819,12,22,247.5653337080148
PSO,M-of-n,29,0.23451615384615382,0.767,5,13,544.4250562080124
PSO,Parkinsons,6,0.13146853146853135,0.8717948717948719,10,22,256.21689591699396
PSO,Parkinsons,5,0.10790209790209787,0.8974358974358975,14,22,268.88479870799347
PSO,Parkinsons,4,0.10282517482517481,0.9025641025641026,14,22,282.6925678749976
PSO,Parkinsons,7,0.08623076923076928,0.9179487179487179,11,22,264.50072616600664
PSO,Parkinsons,8,0.10608391608391605,0.8974358974358975,10,22,265.5606365840067
PSO,Parkinsons,10,0.09547552447552436,0.9076923076923078,9,22,261.89310320900404
PSO,Parkinsons,9,0.10699300699300696,0.8974358974358975,12,22,270.40641504200175
PSO,Parkinsons,11,0.11161538461538457,0.8923076923076924,11,22,264.70644879201427
PSO,Parkinsons,12,0.12775524475524466,0.876923076923077,13,22,220.41939241599175
PSO,Parkinsons,14,0.07145454545454555,0.9333333333333332,12,22,216.60909645800712
PSO,Parkinsons,15,0.11578321678321671,0.8871794871794872,9,22,207.33844254200812
PSO,Parkinsons,13,0.10282517482517481,0.9025641025641026,14,22,231.73891399998683
PSO,Parkinsons,16,0.10608391608391605,0.8974358974358975,10,22,207.67142391600646
PSO,Parkinsons,17,0.06501398601398602,0.9384615384615385,9,22,209.75849099998595
PSO,Parkinsons,18,0.15223076923076925,0.8512820512820513,11,22,208.01677820898476
PSO,Parkinsons,19,0.12176923076923069,0.8820512820512821,11,22,212.36459745900356
PSO,Parkinsons,20,0.13745454545454555,0.8666666666666666,12,22,232.0903397090151
PSO,Parkinsons,21,0.10237062937062935,0.9025641025641026,13,22,228.0313991669973
PSO,Parkinsons,23,0.12176923076923091,0.8820512820512819,11,22,224.05752241698792
PSO,Parkinsons,22,0.11760139860139852,0.8871794871794872,13,22,229.81047745898832
PSO,Parkinsons,24,0.17208391608391616,0.8307692307692307,10,22,216.13573937499314
PSO,Parkinsons,26,0.11487412587412581,0.8871794871794872,7,22,209.5618447920133
PSO,Parkinsons,25,0.1019160839160839,0.9025641025641026,12,22,216.01913283299655
PSO,Parkinsons,27,0.12267832167832159,0.8820512820512821,13,22,215.2157627090055
PSO,Parkinsons,28,0.09638461538461539,0.9076923076923077,11,22,156.58057141699828
PSO,Parkinsons,29,0.11297902097902093,0.8923076923076924,14,22,217.0192260420008
PSO,Sonar,0,0.19962543554006967,0.8029036004645761,27,60,320.9250968330016
PSO,Sonar,1,0.1766974448315911,0.8274099883855982,35,60,319.13247679101187
PSO,Sonar,2,0.18741927990708476,0.8174216027874565,40,60,310.6580553340027
PSO,Sonar,3,0.15707026713124278,0.8462253193960511,29,60,306.0002535409876
PSO,Sonar,4,0.20304645760743334,0.7986062717770034,22,60,306.31558066699654
PSO,Sonar,5,0.22037921022067358,0.783623693379791,37,60,306.7231152500026
PSO,Sonar,6,0.13760975609756101,0.865040650406504,24,60,319.59055491699837
PSO,Sonar,7,0.22841114982578406,0.7743321718931474,30,60,364.579220249987
PSO,Sonar,8,0.18508594657375144,0.8174216027874565,26,60,371.34354699999676
PSO,Sonar,9,0.16651045296167255,0.8363530778164924,27,60,372.86175383400405
PSO,Sonar,10,0.19384785133565618,0.807897793263647,22,60,374.0701843749848
PSO,Sonar,11,0.1852526132404181,0.8174216027874565,27,60,372.4172230840195
PSO,Sonar,12,0.16651045296167255,0.8363530778164924,27,60,372.0740815419995
PSO,Sonar,13,0.17559407665505225,0.8271777003484321,27,60,369.89549704201636
PSO,Sonar,14,0.13388385598141694,0.870150987224158,32,60,392.6838752920157
PSO,Sonar,15,0.17993495934959355,0.8219512195121951,22,60,385.88078383298125
PSO,Sonar,16,0.17066144018583046,0.8318234610917538,25,60,380.52262558299117
PSO,Sonar,17,0.20047038327526137,0.8025551684088269,30,60,380.46805295799277
PSO,Sonar,18,0.19208188153310105,0.8125435540069686,39,60,378.3351861250121
PSO,Sonar,19,0.17974506387921016,0.8226480836236935,25,60,375.5894057499827
PSO,Sonar,20,0.13737979094076655,0.8652729384436701,24,60,374.08358087501256
PSO,Sonar,21,0.2011486643437864,0.8022067363530777,32,60,375.5131758339994
PSO,Sonar,22,0.1817282229965157,0.8214866434378629,30,60,343.0245639999921
PSO,Sonar,23,0.21534320557491293,0.7880371660859465,33,60,349.4839167500031
PSO,SpectEW,0,0.1792012578616351,0.8240391334730959,11,22,158.10048358299537
PSO,Sonar,24,0.16633217189314753,0.8367015098722416,28,60,358.95133937499486
PSO,Sonar,25,0.18131997677119632,0.8220673635307781,31,60,361.4931222079904
PSO,Sonar,26,0.2189825783972127,0.7838559814169569,30,60,361.9159554579819
PSO,Sonar,27,0.19092682926829274,0.8121951219512195,30,60,374.0431842080143
PSO,Sonar,28,0.17160975609756102,0.8317073170731707,30,60,373.9739111249801
PSO,SpectEW,1,0.23726529445397362,0.7640111809923131,8,22,166.20964787498815
PSO,Sonar,29,0.18917363530778178,0.8131242740998837,25,60,377.42292208300205
PSO,SpectEW,2,0.19763350485991985,0.8049615653389239,10,22,198.4654873330146
PSO,SpectEW,4,0.23446826758147507,0.7672955974842768,9,22,235.47754762502154
PSO,SpectEW,3,0.22099714122355615,0.7827393431167018,13,22,242.5490298329969
PSO,SpectEW,5,0.23880674671240718,0.7642907058001397,12,22,234.67955433300813
PSO,SpectEW,6,0.16652144082332762,0.8350104821802935,7,22,237.52264325000579
PSO,SpectEW,7,0.2483739279588337,0.7532494758909852,9,22,239.86534762501833
PSO,SpectEW,8,0.1703956546598057,0.8310971348707197,7,22,237.08782291700481
PSO,SpectEW,9,0.19878959405374497,0.8051712089447939,13,22,257.1447721669974
PSO,SpectEW,10,0.19878959405374497,0.8051712089447939,13,22,249.99518991701188
PSO,SpectEW,11,0.2157890222984563,0.7861635220125786,9,22,302.56435579198296
PSO,SpectEW,12,0.18681132075471685,0.8163522012578618,11,22,305.14350687499973
PSO,SpectEW,13,0.20465065751858205,0.7974143955276031,9,22,299.6724650420074
PSO,SpectEW,14,0.19738650657518597,0.8047519217330537,9,22,312.6225432920037
PSO,SpectEW,15,0.1975345911949686,0.8055206149545772,11,22,310.1762364580063
PSO,SpectEW,16,0.2431355060034306,0.760377358490566,13,22,307.3880263750034
PSO,SpectEW,17,0.20241680960548886,0.8010482180293501,12,22,313.91191579197766
PSO,SpectEW,18,0.16722298456260717,0.8352201257861636,9,22,309.2819378330023
PSO,SpectEW,19,0.18297655803316182,0.8206848357791754,12,22,254.64346150000347
PSO,SpectEW,21,0.20898913664951402,0.7944095038434661,12,22,253.04890749999322
PSO,SpectEW,20,0.24219668381932527,0.7608665269042628,12,22,253.38842679202207
PSO,SpectEW,22,0.18478559176672388,0.8165618448637316,7,22,244.81706295799813
PSO,SpectEW,23,0.18628759291023433,0.8164220824598184,10,22,247.27935379202245
PSO,SpectEW,24,0.18635677530017158,0.8163522012578616,10,22,246.4231493329862
PSO,SpectEW,25,0.19969868496283585,0.8051712089447939,15,22,261.63647774999845
PSO,SpectEW,26,0.22518753573470549,0.7789657582110413,14,22,260.4718981250189
PSO,SpectEW,28,0.20398856489422512,0.7976240391334732,8,22,247.13344891599263
PSO,SpectEW,27,0.20553001715265856,0.7979035639412999,12,22,251.69814125000266
PSO,SpectEW,29,0.19386792452830187,0.8092243186582809,11,22,253.41837662499165
PSO,TicTacToe,0,0.32994689863292603,0.6712096422338569,4,9,523.2654567499994
PSO,TicTacToe,1,0.35255026541593953,0.6461332897033158,2,9,523.1363183750072
PSO,TicTacToe,2,0.29289636052937756,0.709756762652705,5,9,529.021208916005
PSO,TicTacToe,3,0.34125938045375226,0.6586605584642233,3,9,524.2301708750019
PSO,TicTacToe,4,0.33720884235020354,0.6638743455497382,4,9,533.1386115409841
PSO,TicTacToe,7,0.34530991855730075,0.6534467713787085,2,9,533.58870724999
PSO,TicTacToe,6,0.3300267597440372,0.6722513089005235,5,9,539.8381852079765
PSO,TicTacToe,5,0.30431457242582904,0.6993455497382198,6,9,545.3786212500127
PSO,TicTacToe,8,1.0,0.0,0,9,521.4257219590072
PSO,TicTacToe,9,0.3093531668121,0.6931337260034904,5,9,545.2075807079964
PSO,TicTacToe,10,0.24536594677137874,0.7588896160558464,6,9,543.8350395000016
PSO,TicTacToe,11,0.34557649796393247,0.6565445026178011,5,9,536.2691922920058
PSO,TicTacToe,12,0.35286970986038385,0.6502999563699826,6,9,537.3718692919938
PSO,TicTacToe,13,0.25874092859220477,0.7442571989528796,5,9,539.4499944169947
PSO,TicTacToe,14,0.28965795884235007,0.7119055410122165,4,9,542.4723656249989
PSO,TicTacToe,15,0.2681452334205933,0.7358802356020943,6,9,541.9687572920229
PSO,TicTacToe,16,0.1999358275159976,0.805900959860384,7,9,573.6703766669962
PSO,TicTacToe,17,0.30920964223385694,0.6910340314136125,3,9,567.6427089999779
PSO,TicTacToe,18,0.3300321589586968,0.6722458551483421,5,9,567.5461556660011
PSO,TicTacToe,19,0.2433412412739965,0.7609347731239092,6,9,571.5974275000044
PSO,TicTacToe,20,0.348467332024433,0.6513797993019196,3,9,576.8632228340139
PSO,TicTacToe,21,0.34538977966841194,0.6544884380453752,3,9,575.1692378330044
PSO,TicTacToe,23,0.3247852494182664,0.6764234293193717,4,9,577.0138040839811
PSO,TicTacToe,22,0.3485471931355439,0.6524214659685864,4,9,581.0423130000127
PSO,Vote,0,0.06794888991674385,0.9351526364477335,6,16,283.8150913329737
PSO,Vote,1,0.18262546253469014,0.818686401480111,5,16,287.1703369170136
PSO,TicTacToe,24,0.21431506326352523,0.790254144851658,6,9,585.5313732089999
PSO,TicTacToe,26,1.0,0.0,0,9,586.5082417920057
PSO,TicTacToe,25,0.2195943680919138,0.7860438481675394,7,9,612.5829444170231
PSO,TicTacToe,27,0.34419880744618964,0.6534467713787085,1,9,605.4525682500098
PSO,TicTacToe,28,0.3311174011052938,0.6711496509598603,5,9,832.852166208002
PSO,Vote,2,0.12030157261794631,0.8835337650323775,8,16,570.8896118339908
PSO,Vote,3,0.15481186401480115,0.8493061979648473,9,16,587.5023056250066
PSO,TicTacToe,29,0.3692003163176266,0.6304373909249563,3,9,984.0066986249876
PSO,Vote,4,0.08533337187789088,0.9182238667900092,7,16,666.6734124590002
PSO,Vote,5,0.09644206753006462,0.9095282146160963,11,16,685.0262660419976
PSO,Vote,6,0.08926653561517109,0.9180388529139686,13,16,701.7512317920045
PSO,Vote,7,0.09053746530989837,0.9135985198889915,8,16,731.1173326249991
PSO,Vote,8,0.13626896392229404,0.8661424606845515,6,16,657.1169959169929
PSO,Vote,9,0.10199641535615167,0.9051803885291397,13,16,651.7886598749901
PSO,Vote,10,0.08542495374653099,0.9181313598519889,7,16,644.5000189589919
PSO,Vote,11,0.10405943570767802,0.9012025901942646,10,16,623.6774092080013
PSO,Vote,12,0.16441188714153562,0.8402405180388529,10,16,621.9454337079951
PSO,Vote,13,0.13581105457909334,0.8666049953746532,6,16,619.3327973330161
PSO,Vote,14,0.07341165587419055,0.9308973172987974,8,16,621.714038666978
PSO,Vote,15,0.13706105457909334,0.8666049953746532,8,16,611.6544312080077
PSO,Vote,16,0.11421380666049961,0.8877890841813135,5,16,599.6198380420101
PSO,Vote,17,0.11231787696577235,0.8922294172062906,9,16,529.3643781249993
PSO,Vote,18,0.0848915356151711,0.9180388529139686,6,16,519.5224964170193
PSO,Vote,19,0.12576433857539313,0.8792784458834413,10,16,473.5475273329939
PSO,Vote,20,0.12171866327474562,0.8839962997224792,11,16,463.04519404200255
PSO,Vote,21,0.09132955596669769,0.9140610545790933,10,16,437.03352579200873
PSO,Vote,22,0.05987361239592974,0.9439407955596669,7,16,411.2294135830016
PSO,Vote,23,0.08174560592044405,0.9224791859389454,8,16,376.24274141699425
PSO,Vote,24,0.046427150786309074,0.9568917668825161,6,16,227.0135335419909
PSO,Vote,25,0.06623612395929691,0.9394079555966698,10,16,206.6937767920026
PSO,Vote,26,0.0943839037927845,0.9097132284921369,8,16,205.103336708009
PSO,Vote,27,0.13930723866790015,0.8624421831637372,5,16,196.19747754198033
PSO,Vote,28,0.12513933857539322,0.8792784458834412,9,16,195.44477304202155
PSO,Vote,29,0.07536216466234974,0.9314523589269195,12,16,189.96257254199008
PSO,WDBC,0,0.05446064275733581,0.9490296537804689,12,30,455.2484102919989
PSO,WDBC,1,0.048467163483931056,0.9560937742586555,15,30,443.1353387910058
PSO,WDBC,2,0.04158127619934804,0.9630492159602545,15,30,379.63052916698507
PSO,WDBC,3,0.05228955131190805,0.9525694767893185,16,30,390.7600747910037
PSO,WDBC,4,0.051607514361124165,0.9525850023288308,14,30,406.56842600001255
PSO,WDBC,5,0.03804611085235219,0.9666200900481291,15,30,387.2810217080114
PSO,WDBC,7,0.038394814469802856,0.9666045645086166,16,30,380.6457747920067
PSO,WDBC,6,0.05085530197174379,0.9543549138332554,17,30,399.3119273329794
PSO,WDBC,8,0.04153516534699573,0.9630957925787922,15,30,399.92949533401406
PSO,WDBC,10,0.05339046731873931,0.9507840397453812,14,30,404.09181366697885
PSO,WDBC,9,0.04218646172954508,0.9631113181183046,17,30,452.5964160419826
PSO,WDBC,12,0.04987067225586089,0.9543393882937432,14,30,379.60995920799905
PSO,WDBC,14,0.045366247477099914,0.9578792113025927,11,30,376.384174915991
PSO,WDBC,13,0.059600993634528684,0.9455208818506444,17,30,391.4714601250016
PSO,WDBC,11,0.05477860580655181,0.9490451793199813,13,30,416.3784964160004
PSO,WDBC,15,0.03803074056823475,0.9666356155876417,15,30,469.66203887501615
PSO,WDBC,16,0.03976758267349781,0.9648812296227295,15,30,391.77869595898665
PSO,WDBC,19,0.04155053563111317,0.9630802670392796,15,30,368.05796545901103
PSO,WDBC,17,0.05716674429436431,0.9473063188945815,15,30,422.8259309170244
PSO,WDBC,20,0.04816457071883249,0.9560627231796305,14,30,376.5764472919982
PSO,WDBC,21,0.04011628629094869,0.9648657040832168,16,30,397.5315032500075
PSO,WDBC,23,0.04607902499611878,0.9578326346840551,13,30,386.3241232080036
PSO,WDBC,22,0.03841018475392029,0.9665890389691041,16,30,497.3588083749928
PSO,WDBC,18,0.04532681260673818,0.95960254618848,16,30,616.1779521249991
PSO,WDBC,24,0.04155053563111317,0.9630802670392796,15,30,406.7305316670099
PSO,WDBC,26,0.04716457071883249,0.9560627231796305,11,30,397.9163493749802
PSO,WDBC,25,0.05372380065207264,0.9507840397453812,15,30,438.40591016598046
PSO,WDBC,27,0.05405713398540598,0.9507840397453812,16,30,440.59417962501175
PSO,WDBC,28,0.0432018320136624,0.9630957925787922,20,30,481.75811058300314
PSO,WDBC,29,0.04707902499611878,0.9578326346840551,16,30,526.2007344579906
PSO,WaveformEW,0,0.29492399999999996,0.7074,21,40,3182.608326540998
PSO,WaveformEW,1,0.22418600000000005,0.7786,20,40,3241.582003083022
PSO,WaveformEW,5,0.3222379999999999,0.6788000000000001,17,40,3290.5026017499913
PSO,WaveformEW,3,0.20042600000000002,0.8026,20,40,3359.703403958003
PSO,WaveformEW,4,0.23783799999999997,0.7638,16,40,3364.392721041979
PSO,WaveformEW,2,0.45627399999999996,0.5424,13,40,3500.0722225840145
PSO,WaveformEW,7,0.26670399999999994,0.7354,19,40,3380.8579617910145
PSO,WaveformEW,6,0.348322,0.6522,16,40,3548.1812612090143
PSO,WaveformEW,8,0.28373199999999993,0.7182000000000001,19,40,3142.455564667005
PSO,WaveformEW,9,0.248738,0.7538,20,40,3125.242613999988
PSO,WaveformEW,10,0.3148699999999999,0.687,20,40,3131.6257891250134
PSO,WaveformEW,12,0.22670800000000008,0.7757999999999999,19,40,3135.119337083015
PSO,WaveformEW,11,0.25388600000000006,0.7485999999999999,20,40,3211.3669221249875
PSO,WaveformEW,14,0.3139219999999999,0.6872,17,40,3158.8609369999904
PSO,WaveformEW,13,0.4092120000000001,0.5912,18,40,3396.9343652090174
PSO,WaveformEW,15,0.31164000000000003,0.689,15,40,3238.6912448340154
PSO,WaveformEW,17,0.23358600000000004,0.7686,18,40,3545.7271995409974
PSO,WaveformEW,16,0.46617399999999987,0.5324000000000001,13,40,3868.468498208007
PSO,WaveformEW,18,0.31480800000000003,0.6858,15,40,3561.9517960000085
PSO,WaveformEW,19,0.277302,0.7252,21,40,3527.1605015000096
PSO,WaveformEW,21,0.25122800000000006,0.7527999999999999,26,40,3441.0761566250003
PSO,WaveformEW,20,0.254918,0.7468,17,40,3707.3272360840056
PSO,WaveformEW,23,0.29834200000000005,0.7041999999999999,22,40,3477.6994020410057
PSO,WaveformEW,22,0.31042000000000003,0.692,22,40,3642.4921308750054
PSO,Zoo,0,0.12128928571428566,0.881904761904762,7,16,118.80013158399379
PSO,Zoo,1,0.11577499999999999,0.89,11,16,123.40444683399983
PSO,Zoo,2,0.20694642857142848,0.7928571428571429,3,16,122.95124212501105
PSO,Zoo,3,0.11420714285714287,0.8909523809523809,10,16,118.91841387498425
PSO,Zoo,4,0.14156071428571426,0.8614285714285714,7,16,119.34524137500557
PSO,Zoo,5,0.14343571428571428,0.8614285714285714,10,16,121.34931541699916
PSO,Zoo,6,0.1414071428571429,0.8609523809523809,6,16,120.19126087499899
PSO,Zoo,7,0.23789642857142862,0.7628571428571428,5,16,121.66215758398175
PSO,Zoo,8,0.20647499999999988,0.7933333333333334,3,16,122.32343679200858
PSO,Zoo,9,0.17360714285714282,0.830952380952381,10,16,121.13384220801527
PSO,Zoo,10,0.18021785714285707,0.8223809523809524,7,16,120.47588379200897
PSO,Zoo,11,0.11295714285714287,0.8909523809523809,8,16,122.98917133299983
PSO,Zoo,12,0.1987678571428571,0.8023809523809524,5,16,123.15485416699084
PSO,Zoo,13,0.05371071428571431,0.9514285714285714,9,16,123.38984708298813
PSO,Zoo,14,0.12348214285714278,0.880952380952381,9,16,123.4076403749932
PSO,Zoo,15,0.06392857142857145,0.9404761904761905,8,16,119.24651466700016
PSO,Zoo,16,0.14973928571428566,0.8519047619047619,5,16,119.65540462499484
PSO,Zoo,17,0.06470714285714282,0.940952380952381,10,16,120.85203087498667
PSO,Zoo,18,0.16198571428571432,0.8414285714285714,8,16,121.28955937499995
PSO,Zoo,19,0.21054285714285723,0.7923809523809523,8,16,120.42632633299218
PSO,Zoo,20,0.07210714285714284,0.930952380952381,6,16,120.27644945800421
PSO,Zoo,21,0.1811607142857143,0.8214285714285714,7,16,119.88253862501006
PSO,Zoo,22,0.09315714285714286,0.910952380952381,8,16,119.93579529202543
PSO,Zoo,23,0.1626107142857143,0.8414285714285714,9,16,120.88761441601673
PSO,Zoo,24,0.13338214285714287,0.8709523809523809,9,16,121.59068925000611
PSO,Zoo,25,0.23836785714285713,0.7623809523809524,5,16,118.6368391669821
PSO,Zoo,26,0.11545714285714287,0.8909523809523809,12,16,118.45096291700611
PSO,Zoo,27,0.1706357142857142,0.8314285714285715,6,16,118.16497212499962
PSO,Zoo,28,0.11311071428571426,0.8914285714285715,9,16,118.56067562499084
PSO,Zoo,29,0.19939285714285712,0.8023809523809524,6,16,121.18539562501246
GWO,BreastEW,0,0.03893458088831631,0.9662838127951912,5,9,279.41969016598887
GWO,BreastEW,1,0.042493380563904476,0.9604443967367968,3,9,275.94579345799866
GWO,BreastEW,2,0.09936251848671333,0.9018784886217261,2,9,272.99176249999437
GWO,BreastEW,3,0.0603430299126949,0.9457814512666382,6,9,280.15064395801164
PSO,WaveformEW,24,0.25640799999999997,0.7458,19,40,3124.2212619580096
GWO,BreastEW,4,0.11134372167358418,0.8886539287247747,1,9,281.2662533339753
PSO,WaveformEW,26,0.2509159999999999,0.7516,20,40,3035.6559087920177
GWO,BreastEW,5,0.04901948857401844,0.956097037355088,5,9,292.4382781669847
GWO,BreastEW,6,0.03892395400982774,0.9662945470158867,5,9,288.65160816698335
PSO,WaveformEW,27,0.311838,0.6888,15,40,3122.183315375005
PSO,WaveformEW,25,0.32514599999999994,0.6746000000000001,12,40,3285.3259142499883
PSO,WaveformEW,28,0.23640999999999998,0.766,19,40,3046.5464639170095
GWO,BreastEW,7,0.0656918563045656,0.9370115929583512,3,9,316.7491929589887
PSO,WaveformEW,29,0.3258019999999999,0.6752,17,40,3079.2150624170026
GWO,BreastEW,8,0.045826713897237595,0.960444396736797,6,9,328.66121045901673
GWO,BreastEW,9,0.06529395067029245,0.9385358522971232,4,9,347.739783625002
GWO,BreastEW,10,0.060364283669672156,0.945759982825247,6,9,348.8555120830133
GWO,BreastEW,11,0.04967715042221284,0.9531880635465864,3,9,347.8360992910166
GWO,BreastEW,12,0.051586482038070834,0.9546264491197938,6,9,357.01024458298343
GWO,BreastEW,13,0.04290432231286678,0.9633963074280807,6,9,359.3798609160003
GWO,BreastEW,14,0.04319595916225375,0.9619793902962644,5,9,361.6124949590012
GWO,BreastEW,15,0.07361830303897707,0.9267604121940748,1,9,354.26018704098533
GWO,BreastEW,16,0.10974968990029099,0.8902640618291112,1,9,356.84324687501066
GWO,BreastEW,17,0.0447156027861267,0.9604443967367968,5,9,359.65329970800667
GWO,BreastEW,18,0.06171389723772725,0.9443967367969085,6,9,360.5335798749875
GWO,BreastEW,19,0.06391245646677163,0.9399313009875483,4,9,360.80017216701526
GWO,BreastEW,20,0.04433895090883059,0.9619471876341779,6,9,361.81077312500565
GWO,BreastEW,21,0.05628827346023572,0.948754830399313,5,9,360.0569573749963
GWO,BreastEW,22,0.05159710891655941,0.9546157148990982,6,9,361.76515270897653
GWO,BreastEW,23,0.04729322312866745,0.9589630742808073,6,9,361.3086617499939
GWO,BreastEW,24,0.12248660607795422,0.8785208243881495,2,9,356.37505887498264
GWO,BreastEW,25,0.07543199274843768,0.9282954057535422,4,9,343.16408820901415
GWO,BreastEW,26,0.04467309527217207,0.9604873336195793,5,9,342.2948452499986
GWO,BreastEW,27,0.058433698296837124,0.9443430656934305,3,9,338.0915942499996
GWO,BreastEW,28,0.08155778588807779,0.9209854014598541,3,9,322.89728449998074
GWO,BreastEW,29,0.0631461165974907,0.9384607127522541,2,9,306.5269280000066
GWO,ColonCancer,0,0.2614696153846154,0.7410256410256411,1017,2000,419.2636302500032
GWO,ColonCancer,1,0.2602203846153846,0.7423076923076923,1021,2000,417.6572584999958
GWO,ColonCancer,2,0.2625988461538461,0.7397435897435898,989,2000,425.06583266699454
GWO,ColonCancer,3,0.229708846153846,0.7730769230769232,1011,2000,444.71195799999987
GWO,ColonCancer,4,0.22949884615384622,0.773076923076923,969,2000,445.95544225000776
GWO,ColonCancer,5,0.275391153846154,0.7269230769230768,1009,2000,447.61856833301135
GWO,ColonCancer,6,0.26123961538461543,0.741025641025641,971,2000,451.6298522920115
GWO,ColonCancer,7,0.16350884615384614,0.8397435897435898,971,2000,452.43427925001015
GWO,ColonCancer,8,0.16267461538461536,0.841025641025641,1058,2000,452.2168632080138
GWO,ColonCancer,9,0.2561976923076923,0.7461538461538462,978,2000,450.52073358302005
GWO,ColonCancer,10,0.22850961538461534,0.7743589743589744,1025,2000,452.5154287919868
GWO,ColonCancer,11,0.17748538461538457,0.8256410256410257,974,2000,454.77249875001144
GWO,ColonCancer,12,0.21320384615384608,0.7897435897435898,1010,2000,456.18851687500137
GWO,ColonCancer,13,0.22838461538461535,0.7743589743589744,1000,2000,458.294040333014
GWO,ColonCancer,14,0.16218461538461537,0.841025641025641,960,2000,454.98384137501125
GWO,ColonCancer,15,0.2448996153846154,0.7576923076923077,1003,2000,454.4941684999794
GWO,ColonCancer,17,0.22585615384615382,0.7769230769230769,1002,2000,452.2269895419886
GWO,ColonCancer,16,0.24356538461538454,0.758974358974359,990,2000,453.2834357919928
GWO,ColonCancer,18,0.24377038461538453,0.758974358974359,1031,2000,452.4266189170012
GWO,ColonCancer,19,0.26277384615384614,0.7397435897435898,1024,2000,451.0981748329941
GWO,ColonCancer,20,0.24351038461538455,0.758974358974359,979,2000,450.9804890420055
GWO,ColonCancer,21,0.22839461538461533,0.7743589743589744,1002,2000,453.3793725829746
GWO,ColonCancer,22,0.24366038461538453,0.758974358974359,1009,2000,454.81415720799123
GWO,ColonCancer,23,0.27664038461538454,0.7256410256410257,1005,2000,451.62632541698986
GWO,ColonCancer,25,0.25990038461538456,0.7423076923076923,957,2000,428.84849991698866
GWO,ColonCancer,24,0.2613596153846154,0.7410256410256411,995,2000,429.1732402500056
GWO,ColonCancer,26,0.22825961538461534,0.7743589743589744,975,2000,417.9290390840033
GWO,Diabetes,0,0.3220882352941177,0.6822341057635175,6,8,302.8978665829927
GWO,ColonCancer,27,0.26251884615384613,0.7397435897435898,973,2000,399.6345472500252
GWO,Diabetes,1,0.3221323529411765,0.6809269162210339,5,8,303.92671495801187
GWO,ColonCancer,28,0.2803930769230769,0.7217948717948718,994,2000,399.1213612499996
GWO,ColonCancer,29,0.2601003846153847,0.7423076923076922,997,2000,401.9205533750064
GWO,Diabetes,3,0.26930462184873943,0.7317630082335965,3,8,362.1540139160061
GWO,Diabetes,2,0.2524705882352941,0.7500297088532383,4,8,364.6086005420075
GWO,Diabetes,4,0.29372478991596646,0.7070961718020541,3,8,376.54157224998926
GWO,Diabetes,5,0.34011344537815125,0.6589763177998472,2,8,367.55396708400804
GWO,Diabetes,8,0.2925567226890757,0.7082760376878023,3,8,379.8183369170001
GWO,Diabetes,7,0.3273235294117646,0.6718954248366014,2,8,384.11714379198384
GWO,Diabetes,6,0.3440420168067227,0.6575333163568458,4,8,390.3736085410055
GWO,Diabetes,9,1.0,0.0,0,8,379.4990232080163
GWO,Diabetes,10,0.3376302521008404,0.6640098463627875,4,8,386.64210333299707
GWO,Diabetes,11,0.3015042016806721,0.7005008063831595,4,8,393.46989616699284
GWO,Diabetes,12,0.3530525210084033,0.6471691706985825,3,8,389.1157554590027
GWO,Diabetes,13,0.36332983193277313,0.6367880485527544,3,8,390.3157931670139
GWO,Diabetes,14,0.323483193277311,0.6757745522451404,2,8,391.7537550829875
GWO,Diabetes,15,0.33368067226890746,0.6679993209404975,4,8,390.80597041599685
GWO,Diabetes,16,0.28855252100840345,0.71484593837535,5,8,400.05866804200923
GWO,Diabetes,17,0.2936869747899159,0.7096596214243274,5,8,396.92148729099426
GWO,Diabetes,18,0.28485294117647064,0.7147950089126559,2,8,390.66120229198714
GWO,Diabetes,19,0.36867647058823527,0.6301247771836007,2,8,392.03312775000813
GWO,Diabetes,20,0.2730966386554621,0.7317205670146848,6,8,404.16941704199417
GWO,Diabetes,21,0.35563865546218487,0.645819539937187,4,8,394.93383737499244
GWO,Diabetes,23,0.35698529411764707,0.6431966726084373,3,8,393.414777833008
GWO,Diabetes,22,0.3607394957983193,0.6406671759612936,4,8,397.003315207985
GWO,Diabetes,24,0.3298256302521008,0.6706306765130294,3,8,394.6360977499862
GWO,Diabetes,25,0.2524516806722689,0.7513114336643748,5,8,396.34958366598585
GWO,Diabetes,27,0.3788844537815125,0.6210763093116035,3,8,381.4668354160094
GWO,Diabetes,26,0.3530252100840336,0.6484593837535014,4,8,394.73265833299956
GWO,Diabetes,28,0.3261470588235294,0.6730837789661319,2,8,388.90214962500613
GWO,Diabetes,29,0.34795378151260503,0.651056786350904,2,8,383.39999791700393
GWO,GermanCredit,0,0.31882000000000005,0.6819999999999999,8,20,544.7944916250126
GWO,GermanCredit,1,0.2644,0.74,14,20,552.9848417500034
GWO,GermanCredit,2,0.34060999999999997,0.661,10,20,564.1720196669921
GWO,GermanCredit,3,0.31782999999999995,0.683,8,20,547.1675556669943
GWO,GermanCredit,4,0.29161000000000004,0.711,11,20,541.5236605840037
GWO,GermanCredit,5,0.3208,0.68,8,20,548.346628875006
GWO,GermanCredit,6,0.2638899999999999,0.7390000000000001,11,20,549.2622361250105
GWO,GermanCredit,7,0.29408000000000006,0.708,10,20,549.1839241249836
GWO,GermanCredit,8,0.29656999999999994,0.7070000000000001,13,20,559.0917118339858
GWO,GermanCredit,9,0.30992000000000003,0.692,10,20,557.1691209579876
GWO,GermanCredit,10,0.31832999999999995,0.683,9,20,553.8246407090046
GWO,GermanCredit,11,0.26241000000000003,0.741,12,20,554.4935968340142
GWO,GermanCredit,12,0.31487000000000004,0.6869999999999999,10,20,551.421017916
GWO,GermanCredit,13,0.3034700000000001,0.697,7,20,546.9039428330143
GWO,GermanCredit,14,0.31488000000000005,0.688,12,20,555.5709940000088
GWO,GermanCredit,15,0.27971,0.721,7,20,543.2098262920044
GWO,GermanCredit,16,0.30842,0.692,7,20,541.4470324169961
GWO,GermanCredit,17,0.27824000000000004,0.724,10,20,552.539888542
GWO,GermanCredit,18,0.30350000000000005,0.7,13,20,555.0952572919778
GWO,GermanCredit,19,0.2812299999999999,0.7230000000000001,14,20,574.3189222500077
GWO,GermanCredit,20,0.34108,0.658,5,20,541.9438258330047
GWO,GermanCredit,21,0.28962000000000004,0.712,9,20,544.4897094159969
GWO,GermanCredit,22,0.29951999999999995,0.7020000000000001,9,20,546.0927480419923
GWO,GermanCredit,23,0.27528,0.728,12,20,560.7621034159965
GWO,HeartDisease,0,0.2653574967405476,0.7374011299435028,7,13,226.39749520798796
GWO,GermanCredit,24,0.27774000000000004,0.724,9,20,550.5916993749852
GWO,HeartDisease,1,0.26023937418513704,0.7410169491525422,5,13,225.32322395799565
GWO,GermanCredit,26,0.33515000000000006,0.6649999999999999,7,20,537.3580066669965
GWO,GermanCredit,25,0.31240999999999997,0.6910000000000001,13,20,568.9892034579825
GWO,GermanCredit,27,0.3292300000000001,0.6729999999999999,11,20,555.5085122500022
GWO,HeartDisease,2,0.26018409387222935,0.7441807909604521,9,13,226.76963429199532
GWO,GermanCredit,29,0.32178999999999996,0.679,8,20,539.3911269590026
GWO,GermanCredit,28,0.30743999999999994,0.6940000000000001,9,20,548.8837639160047
GWO,HeartDisease,3,0.224596740547588,0.7777966101694915,6,13,227.93251454201527
GWO,HeartDisease,4,0.24649387222946564,0.7541242937853105,4,13,226.96474787499756
GWO,HeartDisease,5,0.20369191655801822,0.798135593220339,5,13,227.49150541698327
GWO,HeartDisease,6,0.21805267275097776,0.784406779661017,6,13,228.76072566697258
GWO,HeartDisease,7,0.2720693611473274,0.7306214689265536,7,13,229.05714062499464
GWO,HeartDisease,8,0.1972037809647978,0.8046892655367233,5,13,227.89849837499787
GWO,HeartDisease,9,0.3373139504563234,0.6631638418079095,5,13,228.22893754098914
GWO,HeartDisease,10,0.2763057366362452,0.7240112994350282,4,13,228.7603349580022
GWO,HeartDisease,11,0.24422894393741856,0.7579661016949152,6,13,229.02118187499582
GWO,HeartDisease,12,0.2614001303780966,0.7406214689265536,6,13,226.82775170900277
GWO,HeartDisease,13,0.30238396349413293,0.6968926553672317,3,13,227.62579212500714
GWO,HeartDisease,14,0.24737496740547593,0.7540112994350282,5,13,228.1754559999972
GWO,HeartDisease,15,0.24362750977835723,0.7577966101694915,5,13,229.3427330420236
GWO,HeartDisease,16,0.25275893089960894,0.7509039548022598,8,13,227.59097020799527
GWO,HeartDisease,17,0.2190877444589309,0.7849152542372881,8,13,229.55855295900255
GWO,HeartDisease,18,0.25303794002607566,0.7475141242937853,4,13,228.18265375000192
GWO,HeartDisease,19,0.2607986962190351,0.74045197740113,5,13,229.94894120798563
GWO,HeartDisease,20,0.22866597131681884,0.7744632768361581,7,13,228.43284208301338
GWO,HeartDisease,21,0.24450860495436774,0.757683615819209,6,13,228.90428154100664
GWO,HeartDisease,22,0.3681187744458931,0.6328248587570622,6,13,227.3618093749974
GWO,HeartDisease,23,0.21331290743155143,0.7915254237288136,9,13,228.0985041249951
GWO,HeartDisease,24,0.20847444589308992,0.7948587570621469,7,13,217.01684029199532
GWO,HeartDisease,25,0.3715299869621904,0.6262711864406779,2,13,214.59027149999747
GWO,HeartDisease,26,0.30039869621903514,0.70045197740113,5,13,215.27314887501416
GWO,HeartDisease,27,0.2353778357235985,0.767683615819209,7,13,211.77575408297707
GWO,HeartDisease,28,0.231910039113429,0.771186440677966,7,13,208.53457112499746
GWO,HeartDisease,29,0.19868631029986952,0.8047457627118645,7,13,205.04099666597904
GWO,IonosphereEW,1,0.1519416025565156,0.8518712273641851,18,34,378.18708708300255
GWO,IonosphereEW,0,0.19495840927920452,0.8090140845070424,20,34,412.622644166986
GWO,IonosphereEW,4,0.1574241448692153,0.846036217303823,17,34,380.2344173330057
GWO,IonosphereEW,2,0.180067960705409,0.823460764587525,18,34,398.88695800001733
GWO,IonosphereEW,3,0.18040191738667302,0.823420523138833,19,34,412.4699959999998
GWO,IonosphereEW,6,0.17901100721978933,0.8233400402414487,14,34,396.1284834999824
GWO,IonosphereEW,7,0.1767706710853355,0.8261971830985916,16,34,421.34235812499537
GWO,IonosphereEW,5,0.14944698780920823,0.8546881287726358,19,34,442.1517988749838
GWO,IonosphereEW,8,0.13624847910995383,0.8662374245472837,13,34,368.62131012498867
GWO,IonosphereEW,9,0.14693469049591656,0.8548490945674045,11,34,380.24777858299785
GWO,IonosphereEW,11,0.17019133625281105,0.8319517102615693,13,34,364.7124656669912
GWO,IonosphereEW,10,0.16930207125103547,0.8349295774647889,20,34,410.98357724997913
GWO,IonosphereEW,12,0.1410011125576991,0.8632193158953723,19,34,396.41206400000374
GWO,IonosphereEW,15,0.1770249496981892,0.8262374245472837,17,34,395.27496849998715
GWO,IonosphereEW,14,0.14931222629897034,0.8545271629778671,18,34,423.0200267500186
GWO,IonosphereEW,13,0.17987120369274473,0.8260362173038229,26,34,466.95960625002044
GWO,IonosphereEW,17,0.1412224641969463,0.8603219315895373,10,34,350.3617356250179
GWO,IonosphereEW,16,0.16300160965794766,0.8404024144869215,17,34,410.59385795801063
GWO,IonosphereEW,18,0.15734446680080486,0.8461167002012072,17,34,408.50744283301174
GWO,IonosphereEW,20,0.16258797490827315,0.840523138832998,16,34,368.90243533300236
GWO,IonosphereEW,19,0.1529833116345129,0.8517102615694165,21,34,418.2942033750005
GWO,IonosphereEW,21,0.13454129482779012,0.8688531187122738,16,34,405.7862728329783
GWO,IonosphereEW,23,0.16932666587761866,0.8346076458752515,19,34,427.4237647500122
GWO,IonosphereEW,22,0.17295791217895606,0.831830985915493,22,34,447.19120683299843
GWO,IonosphereEW,25,0.14764244289265,0.854728370221328,13,34,421.7600410830055
GWO,IonosphereEW,24,0.173426630370458,0.8319517102615694,24,34,472.7261442920135
GWO,IonosphereEW,27,0.14290749201088881,0.8604024144869216,16,34,454.3209610829945
GWO,IonosphereEW,28,0.15101941058113397,0.8519114688128772,15,34,434.5683226249821
GWO,IonosphereEW,26,0.1772792283110427,0.8262776659959759,18,34,496.71271900000283
GWO,IonosphereEW,29,0.16571066398390333,0.8376659959758552,17,34,517.4799363329948
GWO,KrVsKpEW,0,0.34868944919517103,0.6526946400625978,17,35,1652.5937641249911
GWO,KrVsKpEW,1,0.1716982142857144,0.8329166666666665,22,35,1652.5241537920083
GWO,KrVsKpEW,3,0.41574598214285713,0.5832291666666667,11,35,1658.0967555000097
GWO,KrVsKpEW,2,0.3074202716297786,0.6952464788732395,20,35,1683.705841499992
GWO,KrVsKpEW,4,0.31394177565392367,0.6883705007824725,19,35,1708.096917457995
GWO,KrVsKpEW,6,0.39064835890342064,0.6085803012519561,11,35,1684.092809875001
GWO,KrVsKpEW,5,0.31869302062374233,0.6824168622848201,15,35,1706.587679792021
GWO,KrVsKpEW,7,0.36446473214285713,0.6370486111111111,18,35,1697.6876797910081
GWO,KrVsKpEW,8,0.26913492203219325,0.7324755477308293,15,35,1693.8449319170031
GWO,KrVsKpEW,9,0.3828352552816901,0.6173381259780908,14,35,1707.1419096660102
GWO,KrVsKpEW,10,0.34352229627766595,0.656759585289515,13,35,1648.8909414999944
GWO,KrVsKpEW,11,0.28642325201207247,0.7155897887323943,17,35,1722.0390701669967
GWO,KrVsKpEW,14,0.3620365694164989,0.6389241001564946,16,35,1699.388428834005
GWO,KrVsKpEW,12,0.3902723591549295,0.6098258998435055,14,35,1712.5341513329768
GWO,KrVsKpEW,13,0.18477262952716297,0.8188443857589984,19,35,1713.4390499169822
GWO,KrVsKpEW,15,0.31056860538229375,0.6914891431924882,18,35,1747.620827540988
GWO,KrVsKpEW,16,0.24023644994969828,0.7628203247261345,19,35,1758.5108260410198
GWO,KrVsKpEW,17,0.3560816524144868,0.6458049687010956,19,35,1745.925718167011
GWO,KrVsKpEW,18,0.4029978244466801,0.5966832942097027,13,35,1716.9691654999915
GWO,KrVsKpEW,19,0.41383418008048284,0.5857374804381847,13,35,1708.2278490419849
GWO,KrVsKpEW,20,0.34623326836016094,0.6548870305164319,16,35,1740.4026003339968
GWO,KrVsKpEW,22,0.34938450704225354,0.6511267605633803,14,35,1739.591016958002
GWO,KrVsKpEW,21,0.30004452967806833,0.7021195226917059,18,35,1748.0132341249846
GWO,KrVsKpEW,23,0.2601746038732394,0.7412377738654148,14,35,1714.3929303330078
GWO,Leukemia,0,0.0737963675641076,0.9304761904761906,1774,3571,564.7473134169995
GWO,Leukemia,1,0.04734036084330126,0.9571428571428571,1754,3571,567.8368340420129
GWO,Leukemia,2,0.04647871344561346,0.9580952380952381,1783,3571,569.0186277089815
GWO,KrVsKpEW,24,0.4517012009557344,0.5466221635367762,10,35,1621.683340165997
GWO,Leukemia,3,0.046534720166419845,0.9580952380952382,1803,3571,564.8248832500249
GWO,KrVsKpEW,25,0.19938962525150913,0.8035025430359937,17,35,1643.4687363329867
GWO,KrVsKpEW,26,0.2585765342052313,0.7434291862284821,16,35,1638.4228695419733
GWO,KrVsKpEW,27,0.17515447057344066,0.8288482981220657,20,35,1646.3108543340059
GWO,KrVsKpEW,28,0.3673766096579477,0.6326643192488263,13,35,1593.6919436249882
GWO,KrVsKpEW,29,0.30715579728370224,0.6949364241001564,18,35,1602.0857586250058
GWO,Leukemia,4,0.0598439332719926,0.9447619047619048,1842,3571,531.0837194169872
GWO,Leukemia,5,0.03260748889866776,0.9723809523809525,1880,3571,523.5969816250145
GWO,Leukemia,6,0.031507812937552455,0.9733333333333334,1824,3571,520.0196532910049
GWO,Leukemia,7,0.03234705764691755,0.9723809523809525,1787,3571,518.3725504169997
GWO,Leukemia,8,0.0606383726047125,0.9438095238095239,1789,3571,515.9784076669894
GWO,Leukemia,9,0.05861264151698202,0.9457142857142857,1739,3571,514.947067000001
GWO,Leukemia,10,0.0465627235268232,0.9580952380952381,1813,3571,514.6834731249837
GWO,Leukemia,11,0.033457934952194165,0.9714285714285715,1847,3571,513.6468852919934
GWO,Leukemia,12,0.019079849581949783,0.9857142857142858,1763,3571,513.6552842500096
GWO,Leukemia,13,0.04639750370044404,0.9580952380952381,1754,3571,515.1886285830115
GWO,Leukemia,15,0.04725915109813163,0.9571428571428573,1725,3571,513.7377691250003
GWO,Leukemia,14,0.05966191142937149,0.9447619047619048,1777,3571,515.3577867500135
GWO,Leukemia,16,0.05880866503980476,0.9457142857142857,1809,3571,514.4641479589918
GWO,Leukemia,17,0.04557506100732089,0.959047619047619,1797,3571,516.0922109159874
GWO,Leukemia,18,0.032389062687522424,0.9723809523809525,1802,3571,508.9548001670046
GWO,Leukemia,19,0.04637790134816176,0.9580952380952381,1747,3571,507.6313242499891
GWO,Leukemia,20,0.03233305596671593,0.9723809523809525,1782,3571,510.07045741702314
GWO,Leukemia,21,0.07471962235468245,0.9295238095238096,1767,3571,514.1800107499876
GWO,Leukemia,22,0.03224344521342554,0.9723809523809525,1750,3571,512.4458922079939
GWO,Leukemia,23,0.03242266672000633,0.9723809523809525,1814,3571,514.3708527499984
GWO,Leukemia,24,0.03228825059007073,0.9723809523809525,1766,3571,511.11893225001404
GWO,Leukemia,25,0.04549945193423212,0.959047619047619,1770,3571,496.56987995799864
GWO,Lymphography,0,0.2277532567049809,0.7772413793103448,13,18,136.6960955420218
GWO,Lymphography,1,0.3702291187739463,0.6282758620689656,4,18,136.64377358398633
GWO,Lymphography,2,0.21255862068965511,0.7903448275862069,9,18,142.80561379200662
GWO,Leukemia,26,0.03322830739688753,0.9714285714285715,1765,3571,468.8231054999924
GWO,Leukemia,27,0.032408665039804704,0.9723809523809525,1809,3571,467.3345984170155
GWO,Lymphography,3,0.23673639846743294,0.7636781609195402,5,18,148.81565162498737
GWO,Lymphography,4,0.23873103448275856,0.7639080459770116,9,18,149.55272333300672
GWO,Lymphography,5,0.29110268199233724,0.7098850574712643,7,18,150.16172420899966
GWO,Leukemia,28,0.0747028203384405,0.9295238095238096,1761,3571,464.9011257090024
GWO,Lymphography,6,0.2227532567049809,0.7772413793103448,4,18,155.33349637500942
GWO,Lymphography,7,0.21301379310344828,0.7898850574712644,9,18,165.74494816700462
GWO,Lymphography,8,0.2848574712643678,0.7156321839080461,6,18,166.39972562500043
GWO,Lymphography,9,0.3052130268199234,0.6956321839080459,7,18,166.63902566602337
GWO,Lymphography,10,0.27891340996168573,0.7227586206896552,8,18,168.9472484580183
GWO,Lymphography,11,0.29949655172413797,0.7025287356321839,9,18,166.9874848749896
GWO,Leukemia,29,0.019082649917990108,0.9857142857142858,1764,3571,485.5684844169882
GWO,Lymphography,12,0.3245578544061303,0.6760919540229885,7,18,172.02413758300827
GWO,Lymphography,13,0.19452567049808428,0.8108045977011494,13,18,171.22082666598726
GWO,Lymphography,14,0.22631417624521077,0.7770114942528735,10,18,174.60032666599727
GWO,Lymphography,15,0.23794789272030648,0.7641379310344828,8,18,174.97743758300203
GWO,Lymphography,16,0.19824750957854403,0.8036781609195403,7,18,175.62196724998648
GWO,Lymphography,17,0.2963639846743295,0.7034482758620689,5,18,175.1721332500165
GWO,Lymphography,18,0.23782068965517247,0.7648275862068965,9,18,174.47378866700456
GWO,Lymphography,19,0.23336934865900386,0.7698850574712643,10,18,175.62140779200126
GWO,Lymphography,20,0.1721486590038313,0.8317241379310346,10,18,174.91336612502346
GWO,Lymphography,21,0.2531961685823755,0.748735632183908,8,18,175.13959712497308
GWO,Lymphography,22,0.250719540229885,0.7501149425287357,6,18,174.95586083398666
GWO,Lymphography,23,0.39976168582375465,0.6006896551724139,8,18,174.69016916601686
GWO,Lymphography,24,0.2505923371647511,0.7508045977011493,7,18,175.2433687080047
GWO,Lymphography,25,0.29861302681992324,0.7022988505747128,7,18,175.33504766601254
GWO,Lymphography,26,0.27185823754789273,0.7298850574712643,8,18,175.5750037500111
GWO,Lymphography,27,0.23157547892720307,0.7705747126436782,8,18,174.9916716250009
GWO,Lymphography,28,0.4389333333333334,0.5599999999999999,6,18,174.0331293749914
GWO,Lymphography,29,0.2914574712643678,0.7089655172413794,6,18,174.41927774998476
GWO,M-of-n,0,0.2644369230769231,0.736,4,13,480.93271758398623
GWO,M-of-n,1,0.21845538461538458,0.784,6,13,480.59833375000744
GWO,M-of-n,2,0.2590453846153846,0.743,6,13,481.72279066598276
GWO,M-of-n,3,0.1949161538461538,0.807,5,13,477.84599291699124
GWO,M-of-n,5,0.2795076923076923,0.72,3,13,477.85075487499125
GWO,M-of-n,4,0.1813838461538461,0.8230000000000001,8,13,486.07306108399644
GWO,M-of-n,6,0.32504769230769226,0.674,3,13,476.45179241601727
GWO,M-of-n,7,0.2286830769230769,0.776,9,13,483.42063762500766
GWO,M-of-n,8,0.40061538461538465,0.6,6,13,485.9698170420015
GWO,M-of-n,10,0.4490184615384615,0.548,2,13,486.6534223330091
GWO,M-of-n,9,0.19777230769230764,0.808,10,13,491.4148025420145
GWO,M-of-n,11,0.31591692307692315,0.6839999999999999,4,13,489.9289242090017
GWO,M-of-n,12,0.2625638461538463,0.7409999999999999,8,13,489.7842546669999
GWO,M-of-n,13,0.2461753846153846,0.756,6,13,488.09227691599517
GWO,M-of-n,14,0.2523361538461538,0.749,5,13,485.7818557089777
GWO,M-of-n,15,0.2733469230769231,0.727,4,13,485.6457143329899
GWO,M-of-n,16,0.2806046153846153,0.7220000000000001,7,13,483.77901070800726
GWO,M-of-n,18,0.4228369230769232,0.5759999999999998,4,13,480.7397017920157
GWO,M-of-n,17,0.24936615384615385,0.752,5,13,482.38796337501844
GWO,M-of-n,19,0.42932538461538466,0.571,6,13,485.930441583012
GWO,M-of-n,20,0.4073246153846154,0.594,7,13,482.3784404580074
GWO,M-of-n,21,0.33725538461538457,0.664,6,13,481.2269586669863
GWO,M-of-n,22,0.3265861538461538,0.674,5,13,481.22427700000117
GWO,M-of-n,23,0.1794038461538462,0.825,8,13,482.0881102910207
GWO,Parkinsons,0,0.12775524475524466,0.876923076923077,13,22,198.3112607090152
GWO,Parkinsons,1,0.1263916083916085,0.8769230769230768,10,22,194.55438816698734
GWO,Parkinsons,2,0.1370000000000001,0.8666666666666666,11,22,198.90953225002158
GWO,M-of-n,24,0.20932461538461522,0.7940000000000002,7,13,484.1637338340224
GWO,Parkinsons,3,0.11388811188811185,0.8923076923076924,16,22,206.30005625000922
GWO,M-of-n,26,0.2998561538461539,0.701,5,13,483.1794105420122
GWO,M-of-n,25,0.1873238461538462,0.817,8,13,485.80980145800277
GWO,M-of-n,29,0.397096923076923,0.6020000000000001,4,13,481.75049712500186
GWO,M-of-n,28,0.3763069230769231,0.623,4,13,482.0650706659944
GWO,M-of-n,27,0.2538746153846155,0.7489999999999999,7,13,488.2354357079894
GWO,Parkinsons,4,0.16655244755244752,0.8358974358974359,9,22,205.72250695800176
GWO,Parkinsons,5,0.08532167832167836,0.9179487179487179,9,22,198.10411391602247
GWO,Parkinsons,6,0.1263916083916083,0.876923076923077,10,22,202.49162745798822
GWO,Parkinsons,8,0.09085314685314688,0.9128205128205128,10,22,209.2473305000167
GWO,Parkinsons,7,0.11760139860139852,0.8871794871794872,13,22,212.3358799169946
GWO,Parkinsons,10,0.09593006993006993,0.9076923076923077,10,22,197.28684479199
GWO,Parkinsons,11,0.11714685314685307,0.8871794871794872,12,22,197.85322608298156
GWO,Parkinsons,9,0.11161538461538457,0.8923076923076924,11,22,205.35398562499904
GWO,Parkinsons,12,0.12548251748251738,0.876923076923077,8,22,194.8989862909948
GWO,Parkinsons,13,0.11252447552447548,0.8923076923076924,13,22,201.51696950002224
GWO,Parkinsons,14,0.13699999999999987,0.8666666666666668,11,22,198.26684958400438
GWO,Parkinsons,16,0.16609790209790207,0.8358974358974359,8,22,196.37631658400642
GWO,Parkinsons,15,0.11532867132867125,0.8871794871794872,8,22,199.88451433301088
GWO,Parkinsons,17,0.10100699300699299,0.9025641025641026,10,22,197.88214220901136
GWO,Parkinsons,18,0.1563986013986014,0.8461538461538461,9,22,196.7777389580151
GWO,Parkinsons,19,0.13699999999999987,0.8666666666666668,11,22,199.41454225001507
GWO,Parkinsons,20,0.15685314685314686,0.8461538461538461,10,22,198.33348729097634
GWO,Parkinsons,21,0.10055244755244754,0.9025641025641026,9,22,197.84404737499426
GWO,Parkinsons,22,0.11161538461538457,0.8923076923076924,11,22,199.98428499998408
GWO,Parkinsons,23,0.071,0.9333333333333333,11,22,197.92668762500398
GWO,Parkinsons,24,0.11714685314685307,0.8871794871794872,12,22,197.74306854201132
GWO,Parkinsons,25,0.11623776223776217,0.8871794871794872,10,22,194.40304345899494
GWO,Parkinsons,26,0.11487412587412581,0.8871794871794872,7,22,194.68917649998912
GWO,Parkinsons,27,0.08115384615384622,0.923076923076923,11,22,195.19466770798317
GWO,Parkinsons,28,0.09130769230769234,0.9128205128205128,11,22,151.64627591599128
GWO,Parkinsons,29,0.1457902097902096,0.8564102564102566,8,22,143.94639683299465
GWO,Sonar,0,0.198958768873403,0.8029036004645761,23,60,335.74119191701175
GWO,Sonar,1,0.17199477351916378,0.8318234610917538,33,60,330.36917129097856
GWO,Sonar,2,0.18159001161440183,0.8222996515679443,34,60,329.33468083298067
GWO,Sonar,3,0.1800383275261324,0.8221835075493612,24,60,328.4793751249963
GWO,Sonar,4,0.20950232288037163,0.7932636469221835,29,60,326.8388619580073
GWO,Sonar,5,0.2524425087108015,0.7500580720092914,30,60,325.99211804100196
GWO,Sonar,6,0.19069686411149828,0.8124274099883856,30,60,299.20388087499305
GWO,Sonar,7,0.22314518002322895,0.7789779326364691,26,60,298.2106872500153
GWO,Sonar,8,0.1909668989547038,0.8126596980255517,33,60,292.506113542011
GWO,Sonar,9,0.19070847851335665,0.8120789779326364,28,60,296.6452319579839
GWO,Sonar,10,0.237609756097561,0.765040650406504,30,60,296.5376244999934
GWO,Sonar,11,0.22802613240418132,0.7742160278745643,27,60,298.61081629100954
GWO,Sonar,12,0.16251451800232294,0.8412311265969802,32,60,299.6444004579971
GWO,Sonar,13,0.20456968641114984,0.7979094076655052,27,60,301.6941725409997
GWO,Sonar,14,0.19972880371660875,0.803135888501742,29,60,301.9832363750029
GWO,Sonar,15,0.17610569105691062,0.8268292682926829,28,60,301.7509538329905
GWO,Sonar,16,0.19023693379790935,0.8128919860627178,30,60,288.44465983400005
GWO,Sonar,17,0.1867526132404181,0.8174216027874565,36,60,284.1201152910071
GWO,Sonar,18,0.19597444831591176,0.8074332171893147,32,60,283.72925433400087
GWO,Sonar,19,0.18934030197444843,0.8131242740998837,26,60,281.8330970420211
GWO,Sonar,20,0.1910301974448316,0.8124274099883856,32,60,280.7772284169914
GWO,Sonar,21,0.2210058072009292,0.7831591173054587,38,60,278.90154312501545
GWO,Sonar,22,0.19548606271777014,0.8070847851335655,27,60,294.70805824999115
GWO,Sonar,23,0.23184378629500585,0.7696864111498257,23,60,295.5989063330053
GWO,SpectEW,0,0.18332246998284737,0.820335429769392,12,22,158.43123300001025
GWO,SpectEW,1,0.21411835334476836,0.7901467505241091,14,22,164.170495458995
GWO,Sonar,24,0.15667363530778167,0.8464576074332172,28,60,358.97763029197813
GWO,Sonar,26,0.1868792102206737,0.8169570267131242,34,60,361.7546503340127
GWO,Sonar,25,0.22488675958188145,0.7783972125435541,33,60,362.9885395419842
GWO,Sonar,27,0.21533159117305456,0.7883855981416957,35,60,363.0021574579878
GWO,Sonar,28,0.21376829268292677,0.7886178861788619,27,60,362.90404500000295
GWO,Sonar,29,0.23347038327526126,0.7692218350754937,30,60,369.09633174998453
GWO,SpectEW,2,0.19435220125786176,0.8087351502445841,11,22,184.23333208300755
GWO,SpectEW,3,0.1946683819325329,0.8088749126484975,12,22,187.1236487919814
GWO,SpectEW,4,0.21464265294453985,0.7868623340321452,8,22,214.29532062500948
GWO,SpectEW,6,0.20070726129216693,0.8013976240391335,9,22,219.21755579099408
GWO,SpectEW,5,0.2131400800457403,0.7902166317260658,12,22,224.1700133330014
GWO,SpectEW,7,0.20605374499714116,0.7978336827393432,13,22,221.66045916700386
GWO,SpectEW,8,0.22389308176100628,0.7788958770090846,11,22,227.3280357909971
GWO,SpectEW,9,0.19432246998284733,0.8092243186582809,12,22,226.36665650000214
GWO,SpectEW,10,0.1807724413950828,0.8238294898672258,14,22,223.6743995420111
GWO,SpectEW,11,0.1659977129788451,0.8350803633822501,6,22,218.86759466602234
GWO,SpectEW,12,0.22909205260148652,0.7713487071977638,6,22,219.8401654580084
GWO,SpectEW,13,0.2675374499714122,0.7338923829489867,9,22,218.55369170801714
GWO,SpectEW,14,0.19260320182961696,0.8086652690426275,7,22,219.6357922909956
GWO,SpectEW,16,0.22040423098913658,0.782879105520615,12,22,229.2185599579825
GWO,SpectEW,15,0.2220840480274442,0.7830188679245284,16,22,243.47200954100117
GWO,SpectEW,17,0.1971789594053744,0.8049615653389239,9,22,225.24292299998342
GWO,SpectEW,18,0.21635220125786167,0.786512928022362,11,22,229.09662399999797
GWO,SpectEW,19,0.22218353344768432,0.779245283018868,8,22,225.31459558400093
GWO,SpectEW,20,0.20151743853630638,0.801956673654787,12,22,230.3687433330051
GWO,SpectEW,21,0.2045517438536307,0.7979734451432564,10,22,231.15146108399495
GWO,SpectEW,22,0.17598913664951404,0.8277428371767994,12,22,231.62644791600178
GWO,SpectEW,24,0.22699656946826752,0.7748427672955975,9,22,217.17903337499592
GWO,SpectEW,23,0.1888673527730131,0.812438853948288,7,22,228.41124179097824
GWO,SpectEW,25,0.2212046883933677,0.7825296995108315,13,22,223.1524617499963
GWO,SpectEW,26,0.18241337907375646,0.820335429769392,10,22,225.93580070798635
GWO,SpectEW,27,0.21901029159519725,0.7865828092243187,17,22,232.04809091700008
GWO,SpectEW,28,0.23869811320754716,0.7639412997903564,11,22,228.6404515420145
GWO,SpectEW,29,0.21254716981132085,0.7903563941299789,11,22,226.2683877919917
GWO,TicTacToe,0,0.3353222622164048,0.6680246509598604,6,9,451.21890883301967
GWO,TicTacToe,3,0.3577647796684119,0.6419884380453752,3,9,442.26062783398083
GWO,TicTacToe,1,0.27222703970331585,0.7317571989528796,6,9,451.26596641598735
GWO,TicTacToe,2,0.28866337623618377,0.7140325043630018,5,9,450.6416575840267
GWO,TicTacToe,4,0.24749323734729506,0.7567408376963349,6,9,448.80767941699014
GWO,TicTacToe,5,0.26392844677137867,0.7401396160558464,6,9,451.4207847499929
GWO,TicTacToe,6,0.2638647833042465,0.7390815881326354,5,9,445.6758267499972
GWO,TicTacToe,7,0.34530991855730075,0.6534467713787085,2,9,442.115103832999
GWO,TicTacToe,8,1.0,0.0,0,9,441.4251002079982
GWO,TicTacToe,10,0.35149741855730077,0.6471967713787086,2,9,441.6450701249996
GWO,TicTacToe,9,0.34538438045375236,0.6544938917975566,3,9,447.6182121250022
GWO,TicTacToe,11,0.2329380817335661,0.7703206806282722,5,9,455.5049958330055
GWO,TicTacToe,12,0.32576790648632914,0.6754308464223386,4,9,456.51678591698874
GWO,TicTacToe,13,0.24118268251890634,0.7619928010471204,5,9,449.75324250000995
GWO,TicTacToe,14,0.34530991855730075,0.6534467713787085,2,9,445.297401000018
GWO,TicTacToe,15,0.30312247309482254,0.6994273560209424,5,9,458.63240850000875
GWO,TicTacToe,16,0.2805202334205934,0.7233802356020942,6,9,461.6204821249994
GWO,TicTacToe,17,0.2834434627690518,0.7181828097731239,4,9,450.97008170801564
GWO,TicTacToe,18,0.3207725058173357,0.681599040139616,5,9,457.5248743330012
GWO,TicTacToe,19,0.24233698734729492,0.7619491710296684,6,9,463.3795370000007
GWO,TicTacToe,20,0.35152981384525894,0.6471640488656195,2,9,449.2557166670158
GWO,TicTacToe,21,0.3310375399941826,0.6701079842931937,4,9,451.2846227499831
GWO,TicTacToe,22,0.3652879035776614,0.6377563263525305,6,9,456.88885658301297
GWO,TicTacToe,23,0.32893184627690514,0.6722349476439791,4,9,453.930969958019
GWO,Vote,0,0.12002682701202597,0.8838112858464384,8,16,205.03465987500385
GWO,Vote,1,0.14164014801110086,0.8619796484736355,8,16,206.65798195797834
GWO,TicTacToe,24,0.37432417102966836,0.6252617801047121,3,9,450.76067729099304
GWO,TicTacToe,26,1.0,0.0,0,9,446.9729035839846
GWO,TicTacToe,25,0.26516261271087843,0.741137652705061,8,9,458.5972057080071
GWO,TicTacToe,27,0.23906619037230945,0.7641306719022688,5,9,455.626599249983
GWO,TicTacToe,28,0.28357191681210014,0.719175392670157,5,9,456.5702585830004
GWO,TicTacToe,29,0.3599449352821408,0.640908595113438,4,9,454.81349216698436
GWO,Vote,2,0.0648945420906568,0.9395004625346901,8,16,206.72328391700285
GWO,Vote,3,0.15347028214616093,0.8493987049028677,7,16,207.75368845800404
GWO,Vote,4,0.10595536540240517,0.8967622571692877,6,16,206.64901724999072
GWO,Vote,5,0.1291689407955597,0.8752081406105457,9,16,206.97866008299752
GWO,Vote,6,0.12638933857539322,0.8792784458834412,11,16,206.30417737501557
GWO,Vote,7,0.2025148011100832,0.7979648473635523,4,16,206.73727645800682
GWO,Vote,8,0.12398092044403325,0.879185938945421,7,16,205.74642933398718
GWO,Vote,9,0.10199641535615167,0.9051803885291397,13,16,206.8194773340074
GWO,Vote,10,0.07762442183163736,0.9266419981498613,8,16,205.66730620802264
GWO,Vote,11,0.14879960684551333,0.8541165587419057,7,16,205.8454631670029
GWO,Vote,12,0.17292900092506946,0.8316373728029601,10,16,206.398843959003
GWO,Vote,13,0.06945756244218304,0.9355226641998151,9,16,204.51550866599428
GWO,Vote,14,0.1261306660499536,0.87890841813136,10,16,206.23738104201038
GWO,Vote,15,0.1285439407955597,0.8752081406105457,8,16,205.8667415829841
GWO,Vote,16,0.15814095744680845,0.8446808510638298,7,16,206.40746045901324
GWO,Vote,17,0.16413714153561526,0.8405180388529139,10,16,205.78106883299188
GWO,Vote,18,0.08972930157261792,0.9137835337650324,7,16,205.0498557499959
GWO,Vote,19,0.12863552266419984,0.8751156336725254,8,16,205.02924491700833
GWO,Vote,20,0.13076919518963936,0.8754856614246067,12,16,206.28192604100332
GWO,Vote,21,0.058440448658649405,0.9441258094357077,5,16,205.0184175829927
GWO,Vote,22,0.17580018501387606,0.8274745605920444,8,16,203.78857899998548
GWO,Vote,23,0.08479995374653099,0.9181313598519889,6,16,205.5363891670131
GWO,Vote,24,0.1491659343200741,0.8537465309898241,7,16,202.43411966701387
GWO,Vote,25,0.07190298334875111,0.930527289546716,5,16,201.57734416698804
GWO,Vote,26,0.09447548566142462,0.9096207215541166,8,16,194.6760890840087
GWO,Vote,27,0.08352902405180383,0.9225716928769658,11,16,192.57167162498808
GWO,Vote,28,0.0838037696577244,0.9222941720629046,11,16,185.50483004099806
GWO,Vote,29,0.17937187789084183,0.8238667900092507,8,16,184.15368562500225
GWO,WDBC,0,0.05719748486259885,0.9472752678155567,15,30,461.48266745900037
GWO,WDBC,5,0.05577860580655181,0.9490451793199813,16,30,334.03800529098953
GWO,WDBC,6,0.04324126688402424,0.9613724576929048,15,30,333.31320412500645
GWO,WDBC,4,0.044272007452259,0.9613414066138798,18,30,375.25507712500985
GWO,WDBC,1,0.06133783573979196,0.943766495885732,17,30,487.11770454098587
GWO,WDBC,7,0.04537292345909027,0.9595559695699425,16,30,344.13225841600797
GWO,WDBC,2,0.06453966775345436,0.9401956217978575,16,30,482.01355395797873
GWO,WDBC,3,0.03487501940692433,0.9701599130569788,16,30,487.8292157500109
GWO,WDBC,12,0.038464989908399236,0.9648501785437045,11,30,350.3721550840128
GWO,WDBC,8,0.058267660301195574,0.9455208818506442,13,30,416.2237812920066
GWO,WDBC,10,0.04227200745225901,0.9613414066138798,12,30,379.9474131659954
GWO,WDBC,9,0.04286849868032906,0.9630957925787922,19,30,436.72008245802135
GWO,WDBC,13,0.031432075764632875,0.9736376339077782,16,30,407.9870376670151
GWO,WDBC,14,0.039131656575065905,0.9648501785437045,13,30,373.54818258300656
GWO,WDBC,11,0.054848781245148304,0.947290793355069,8,30,442.9863410000107
GWO,WDBC,15,0.06556373233969878,0.9384878124514827,14,30,417.10990566699184
GWO,WDBC,16,0.04011628629094869,0.9648657040832168,16,30,397.3199547500117
GWO,WDBC,17,0.0554606427573358,0.9490296537804689,15,30,394.67359170800773
GWO,WDBC,18,0.048467163483931056,0.9560937742586555,15,30,382.08634320800775
GWO,WDBC,19,0.0402018320136624,0.9630957925787922,11,30,384.0987510830164
GWO,WDBC,20,0.05690358639962748,0.9455519329296692,9,30,393.9646346660156
GWO,WDBC,22,0.036006675981990345,0.9683434249340165,14,30,409.26170216701576
GWO,WDBC,23,0.040131656575065906,0.9648501785437045,16,30,412.01461054198444
GWO,WDBC,21,0.05929172488743987,0.9438130725042695,11,30,625.3749686249939
GWO,WDBC,24,0.04437292345909005,0.9595559695699427,13,30,411.235410416004
GWO,WDBC,26,0.050638254929358924,0.9525539512498058,11,30,411.4215540830046
GWO,WDBC,25,0.05750007762769765,0.9473063188945815,16,30,436.917198457988
GWO,WDBC,27,0.04334218289085551,0.9595870206489675,10,30,410.61800745798973
GWO,WDBC,29,0.04816457071883249,0.9560627231796305,14,30,449.96199787498335
GWO,WDBC,28,0.06692780624126687,0.9384567613724577,18,30,537.8858627500013
GWO,WaveformEW,0,0.30071800000000004,0.7018,22,40,2999.1991260000214
GWO,WaveformEW,1,0.250624,0.7524,22,40,3077.5355553750123
GWO,WaveformEW,5,0.30200000000000016,0.6999999999999998,20,40,3210.7684712499904
GWO,WaveformEW,3,0.3397659999999999,0.6616000000000001,19,40,3275.6971581249963
GWO,WaveformEW,7,0.33837999999999996,0.663,19,40,3225.3885899999877
GWO,WaveformEW,4,0.3069819999999999,0.6932,13,40,3455.586400500004
GWO,WaveformEW,2,0.425146,0.5746,16,40,3502.2008410000126
GWO,WaveformEW,6,0.364694,0.6344,11,40,3667.5488025000086
GWO,WaveformEW,8,0.28403399999999995,0.7184,21,40,3209.3894761659903
GWO,WaveformEW,9,0.26057600000000003,0.7425999999999999,23,40,3045.113557665987
GWO,WaveformEW,10,0.31110800000000005,0.6908,20,40,3063.1094139589986
GWO,WaveformEW,11,0.26532800000000006,0.7377999999999999,23,40,3115.3627853340004
GWO,WaveformEW,12,0.2731860000000001,0.7285999999999999,18,40,3043.6276084999845
GWO,WaveformEW,14,0.29245400000000005,0.7103999999999999,23,40,3041.1322834580205
GWO,WaveformEW,13,0.539038,0.4588,13,40,3312.2348587499873
GWO,WaveformEW,15,0.398416,0.6016,16,40,3208.2323052080174
GWO,WaveformEW,16,0.24259999999999998,0.76,20,40,3121.574872832978
GWO,WaveformEW,17,0.25086400000000003,0.7514,19,40,3216.5317070420133
GWO,WaveformEW,19,0.307346,0.6946,20,40,3092.952511750016
GWO,WaveformEW,20,0.22774999999999998,0.775,20,40,3196.156054583
GWO,WaveformEW,18,0.37965799999999994,0.6208,17,40,3360.1348220419895
GWO,WaveformEW,21,0.33243999999999996,0.669,19,40,3240.617397875001
GWO,WaveformEW,23,0.28423199999999993,0.7182000000000001,21,40,3085.363368166989
GWO,WaveformEW,22,0.3741139999999999,0.6264000000000001,17,40,3321.193625832995
GWO,Zoo,0,0.11373571428571426,0.8914285714285715,10,16,118.99527687500813
GWO,Zoo,1,0.22013571428571424,0.7814285714285715,6,16,118.91131183301331
GWO,Zoo,2,0.14156071428571426,0.8614285714285714,7,16,120.41404950001743
GWO,Zoo,3,0.08325714285714296,0.9209523809523809,8,16,120.96601237502182
GWO,Zoo,4,0.10258571428571425,0.9014285714285715,8,16,121.9051012500131
GWO,Zoo,5,0.11233214285714287,0.8909523809523809,7,16,120.12240545797977
GWO,Zoo,6,0.25061428571428573,0.7519047619047619,8,16,120.54383420798695
GWO,Zoo,7,0.19074285714285721,0.8123809523809523,8,16,121.29450004099635
GWO,Zoo,8,0.11342857142857138,0.8904761904761905,8,16,122.71373662500991
GWO,Zoo,9,0.13306428571428566,0.871904761904762,10,16,122.45671025000047
GWO,Zoo,10,0.1824107142857142,0.8214285714285715,9,16,120.14942758300458
GWO,Zoo,11,0.12113571428571437,0.8814285714285713,6,16,119.5190987920214
GWO,Zoo,12,0.25816785714285717,0.7423809523809524,5,16,119.91034662502352
GWO,Zoo,13,0.1322857142857144,0.8714285714285713,8,16,119.95460983397788
GWO,Zoo,14,0.1828821428571429,0.8209523809523809,9,16,120.69326295799692
GWO,Zoo,15,0.1913678571428572,0.8123809523809523,9,16,119.28394329099683
GWO,Zoo,16,0.15146071428571428,0.8514285714285714,7,16,120.93411141599063
GWO,Zoo,17,0.21038928571428572,0.7919047619047619,7,16,120.84778866599663
GWO,Zoo,18,0.13400714285714288,0.8709523809523809,10,16,121.20992108300561
GWO,Zoo,19,0.13400714285714277,0.870952380952381,10,16,120.64759812501143
GWO,Zoo,20,0.3368964285714286,0.6628571428571428,5,16,123.20624137501
GWO,Zoo,21,0.1426571428571429,0.8609523809523809,8,16,122.84931404099916
GWO,Zoo,22,0.1918392857142856,0.811904761904762,9,16,121.50568945799023
GWO,Zoo,23,0.4432857142857143,0.5547619047619048,4,16,120.84434683300788
GWO,Zoo,24,0.07570357142857156,0.9304761904761903,11,16,121.860770416999
GWO,Zoo,25,0.1714142857142858,0.8319047619047618,8,16,121.40449299998
GWO,Zoo,26,0.09550357142857147,0.9104761904761904,11,16,120.8822584580048
GWO,Zoo,27,0.26602857142857134,0.7338095238095239,4,16,120.24758704201668
GWO,Zoo,28,0.18241071428571431,0.8214285714285714,9,16,123.62996337498771
GWO,Zoo,29,0.15380714285714292,0.8509523809523809,10,16,122.75928395800292
WOA,BreastEW,0,0.06389120270979437,0.9399527694289395,4,9,283.60986283398233
GWO,WaveformEW,24,0.3222379999999999,0.6788000000000001,17,40,3153.372950666002
WOA,BreastEW,1,0.0483830804828013,0.9589845427221985,7,9,286.02590683399467
GWO,WaveformEW,25,0.3404020000000001,0.6601999999999999,16,40,3070.5197753749962
WOA,BreastEW,3,0.06853985973951628,0.9341348218119364,3,9,294.63158033401123
WOA,BreastEW,2,0.034988502456943786,0.9736367539716617,8,9,306.0837393749971
WOA,BreastEW,4,0.03888144649587333,0.9663374838986689,5,9,299.99975079199066
WOA,BreastEW,5,0.04366003530365915,0.9648776298840704,8,9,312.09712137500173
GWO,WaveformEW,26,0.300166,0.7016,19,40,3190.6740550000104
GWO,WaveformEW,28,0.28992200000000007,0.7121999999999999,20,40,3063.2455195840157
GWO,WaveformEW,27,0.2611600000000001,0.7409999999999999,19,40,3137.639310708997
WOA,BreastEW,6,0.10082902771814319,0.9003971661657364,2,9,312.16960837499937
WOA,BreastEW,7,0.05405542435952481,0.9487655646200086,3,9,311.73306770800264
WOA,BreastEW,8,0.09249163923476941,0.907696436238729,1,9,307.24034533300437
WOA,BreastEW,9,0.05557747721959845,0.9517174753112922,7,9,341.1298337080225
GWO,WaveformEW,29,0.3681219999999999,0.6322000000000001,16,40,3176.8599872080085
WOA,BreastEW,10,0.16053554219741414,0.8389652211249464,1,9,337.2882409169979
WOA,BreastEW,11,0.04540755450598729,0.9619901245169601,7,9,368.2505292079877
WOA,BreastEW,12,0.051586482038070834,0.9546264491197938,6,9,368.7947287079878
WOA,BreastEW,15,0.09240662420686038,0.9077823100042937,1,9,355.91844520898303
WOA,BreastEW,14,0.06561746815514526,0.9370867325032203,3,9,363.804137041996
WOA,BreastEW,13,0.03924747149468054,0.9648454272219837,4,9,369.1902660000196
WOA,BreastEW,16,0.0475954868565431,0.9575354229282954,5,9,368.9066452909901
WOA,BreastEW,17,0.03823441152616762,0.9692357234864749,7,9,382.0741093749821
WOA,BreastEW,18,0.07357579552502265,0.926803349076857,1,9,358.79485504102195
WOA,BreastEW,19,0.06391245646677163,0.9399313009875483,4,9,373.30474174997653
WOA,BreastEW,20,0.0621118028720004,0.9428724774581365,5,9,374.9691843340115
WOA,BreastEW,22,0.06243532035685332,0.9414233576642335,4,9,372.3473673329863
WOA,BreastEW,21,0.0433046371833403,0.9663589523400603,9,9,376.74001949999365
WOA,BreastEW,23,0.038990124516960094,0.9707170459424646,9,9,374.48476941601257
WOA,BreastEW,24,0.12248660607795422,0.8785208243881495,2,9,356.705519457988
WOA,BreastEW,25,0.040727016840799664,0.9678402747960497,8,9,364.43232441702276
WOA,BreastEW,26,0.06204804160106874,0.9429368827823099,5,9,351.53951854098705
WOA,BreastEW,27,0.058433698296837124,0.9443430656934305,3,9,318.8857506249915
WOA,BreastEW,28,1.0,0.0,0,9,294.90658337500645
WOA,BreastEW,29,0.0631461165974907,0.9384607127522541,2,9,293.9061252909887
WOA,ColonCancer,0,1.0,0.0,0,2000,384.28168441701564
WOA,ColonCancer,1,1.0,0.0,0,2000,381.5896942089894
WOA,ColonCancer,2,0.16174730769230766,0.8371794871794872,111,2000,386.11190529199666
WOA,ColonCancer,3,1.0,0.0,0,2000,384.48785408301046
WOA,ColonCancer,4,1.0,0.0,0,2000,390.25089416699484
WOA,ColonCancer,5,0.2869361538461539,0.7102564102564102,18,2000,402.58167879100074
WOA,ColonCancer,6,1.0,0.0,0,2000,396.6335012089985
WOA,ColonCancer,7,1.0,0.0,0,2000,396.42133208399173
WOA,ColonCancer,9,1.0,0.0,0,2000,397.6731243749964
WOA,ColonCancer,8,0.28506769230769224,0.7128205128205128,152,2000,401.78120641599526
WOA,ColonCancer,10,0.35032269230769225,0.6461538461538462,3,2000,405.18838670800324
WOA,ColonCancer,11,0.32118038461538456,0.6756410256410257,13,2000,406.61345112501294
WOA,ColonCancer,12,1.0,0.0,0,2000,404.22890370798996
WOA,ColonCancer,13,0.24117884615384605,0.7564102564102565,5,2000,408.7089437499817
WOA,ColonCancer,14,1.0,0.0,0,2000,411.3613216250087
WOA,ColonCancer,15,1.0,0.0,0,2000,413.1176057920093
WOA,ColonCancer,16,1.0,0.0,0,2000,417.90875487498124
WOA,ColonCancer,17,0.2563896153846154,0.741025641025641,1,2000,419.76142666701344
WOA,ColonCancer,18,1.0,0.0,0,2000,412.64217199999257
WOA,ColonCancer,19,1.0,0.0,0,2000,417.029729041009
WOA,ColonCancer,20,0.3821584615384616,0.614102564102564,24,2000,414.7989520840056
WOA,ColonCancer,21,1.0,0.0,0,2000,419.502696459007
WOA,ColonCancer,22,1.0,0.0,0,2000,419.6458938329888
WOA,ColonCancer,23,1.0,0.0,0,2000,416.5831916249881
WOA,ColonCancer,24,1.0,0.0,0,2000,407.09211766699445
WOA,ColonCancer,25,0.20816884615384607,0.7897435897435898,3,2000,406.88670600001933
WOA,ColonCancer,26,0.20582038461538454,0.7923076923076924,41,2000,388.52591945801396
WOA,ColonCancer,27,1.0,0.0,0,2000,381.18025579099776
WOA,ColonCancer,28,0.30409115384615387,0.6935897435897436,149,2000,380.95559412500006
WOA,Diabetes,0,0.2692331932773108,0.7343604108309991,5,8,320.929174082994
WOA,Diabetes,1,0.2768739495798318,0.7304303539597659,8,8,335.9106160830124
WOA,ColonCancer,29,0.43027423076923077,0.5653846153846154,1,2000,409.26531770802103
WOA,Diabetes,3,0.26660504201680674,0.7357524828113063,4,8,359.83621145799407
WOA,Diabetes,2,0.25112815126050414,0.7551735845853493,7,8,368.98326604199247
WOA,Diabetes,4,0.38018277310924364,0.6172396231219761,1,8,362.6535826670006
WOA,Diabetes,5,0.26261344537815123,0.7448349036584331,8,8,408.12040700000944
WOA,Diabetes,6,0.26918697478991604,0.7369323486970545,7,8,403.49406041702605
WOA,Diabetes,7,0.2703718487394959,0.7357355063237415,7,8,403.14231441597803
WOA,Diabetes,8,0.346655462184874,0.6548934725405313,4,8,392.08871012498275
WOA,Diabetes,9,0.2600609243697479,0.746150581444699,7,8,407.568895000004
WOA,Diabetes,10,0.3376302521008404,0.6640098463627875,4,8,393.49593954198644
WOA,Diabetes,11,0.2846953781512604,0.7187420422714541,5,8,396.1439483750146
WOA,Diabetes,12,0.3583256302521008,0.6393175451998981,1,8,382.74237891600933
WOA,Diabetes,13,0.2678067226890757,0.7395891690009336,8,8,412.87595325001166
WOA,Diabetes,14,0.25747899159663856,0.750021220609456,8,8,409.928706332983
WOA,Diabetes,15,0.26517857142857143,0.740981240981241,7,8,410.53958733400214
WOA,Diabetes,16,0.27682352941176475,0.7304812834224599,8,8,411.63858104200335
WOA,Diabetes,17,0.263890756302521,0.7435446906035141,8,8,411.65507666699705
WOA,Diabetes,18,1.0,0.0,0,8,369.41626291599823
WOA,Diabetes,19,0.3336953781512605,0.6692470927765045,5,8,401.0846430840029
WOA,Diabetes,20,0.2691344537815127,0.7382480264833206,8,8,406.74532520899083
WOA,Diabetes,22,0.4215021008403361,0.5755029284441049,1,8,378.00415829202393
WOA,Diabetes,21,0.2793865546218487,0.7278923690688397,8,8,413.67503166600363
WOA,Diabetes,23,0.3478571428571429,0.6536796536796536,4,8,395.9668750000128
WOA,Diabetes,24,0.26521218487394965,0.7409472880061114,7,8,407.29944062497816
WOA,Diabetes,25,0.2716638655462185,0.7356930651048298,8,8,416.3830097920145
WOA,Diabetes,26,0.25620168067226895,0.7513114336643748,8,8,412.06191870800103
WOA,Diabetes,27,0.2806470588235294,0.7266191325014855,8,8,405.95642025000416
WOA,Diabetes,28,0.24853991596638653,0.7577879636703166,7,8,405.75619637500495
WOA,Diabetes,29,0.34795378151260503,0.651056786350904,2,8,375.85258100001374
WOA,GermanCredit,1,0.39551000000000003,0.601,1,20,501.9359101659793
WOA,GermanCredit,0,0.26542,0.742,20,20,608.7437090829771
WOA,GermanCredit,2,0.2674,0.74,20,20,611.0241637080035
WOA,GermanCredit,4,0.27333000000000013,0.7329999999999999,18,20,574.182023833011
WOA,GermanCredit,3,0.26245,0.745,20,20,610.3977564579982
WOA,GermanCredit,5,0.26591000000000004,0.741,19,20,582.8040410419926
WOA,GermanCredit,6,0.2674,0.74,20,20,605.4212862920249
WOA,GermanCredit,7,0.27729000000000004,0.729,18,20,558.974599499983
WOA,GermanCredit,8,0.34602999999999995,0.653,5,20,518.6170469580102
WOA,GermanCredit,9,0.2644299999999999,0.7430000000000001,20,20,604.5099912919977
WOA,GermanCredit,11,0.28368999999999994,0.7190000000000001,11,20,558.3572365420114
WOA,GermanCredit,12,0.30151000000000006,0.701,11,20,557.3879244170093
WOA,GermanCredit,10,0.2634399999999999,0.7440000000000001,20,20,617.4922871250019
WOA,GermanCredit,13,0.3069700000000001,0.697,14,20,543.7546472920221
WOA,GermanCredit,14,0.2604599999999999,0.7460000000000001,18,20,571.3385766659922
WOA,GermanCredit,15,0.29660000000000003,0.71,19,20,593.3454863330116
WOA,GermanCredit,16,0.29709000000000013,0.7089999999999999,18,20,553.0499949580117
WOA,GermanCredit,17,0.2857,0.72,17,20,587.1758493749949
WOA,GermanCredit,19,1.0,0.0,0,20,510.2969760419801
WOA,GermanCredit,18,0.2693799999999999,0.7380000000000001,20,20,554.4126427499868
WOA,GermanCredit,21,0.2758099999999999,0.7310000000000001,19,20,576.4388739159913
WOA,GermanCredit,20,0.26987,0.737,19,20,601.0113526250061
WOA,GermanCredit,22,0.34504999999999997,0.655,7,20,525.6358930830029
WOA,GermanCredit,23,0.2674,0.74,20,20,603.5946189170063
WOA,HeartDisease,0,0.19340169491525427,0.8147457627118644,13,13,214.94975462500588
WOA,GermanCredit,24,0.2644299999999999,0.7430000000000001,20,20,595.7673233750102
WOA,HeartDisease,1,0.2054968709256844,0.8017514124293786,12,13,221.3222400410159
WOA,GermanCredit,25,0.27877,0.727,17,20,570.1540069590264
WOA,GermanCredit,26,0.27135000000000004,0.735,18,20,581.1473267500114
WOA,HeartDisease,2,0.15247314211212523,0.8553107344632768,12,13,224.06497720899642
WOA,GermanCredit,27,0.27234,0.734,18,20,582.9751710829732
WOA,HeartDisease,3,0.232902998696219,0.7709604519774012,8,13,221.7903677500144
WOA,GermanCredit,28,0.25948,0.748,20,20,590.3518949169957
WOA,GermanCredit,29,0.2683899999999999,0.7390000000000001,20,20,600.8736074999906
WOA,HeartDisease,4,0.2540861799217732,0.7441242937853106,1,13,223.53623429100844
WOA,HeartDisease,5,0.18938839634941335,0.8180225988700565,12,13,231.61120470799506
WOA,HeartDisease,6,0.34413702737940016,0.6531638418079097,1,13,227.63879020899185
WOA,HeartDisease,7,0.2580441981747068,0.7440112994350281,6,13,230.35875237500295
WOA,HeartDisease,8,0.18998983050847457,0.8181920903954802,13,13,231.79764462498133
WOA,HeartDisease,9,0.3412153846153847,0.6599999999999999,6,13,231.17451379200793
WOA,HeartDisease,10,0.19928839634941323,0.8080225988700566,12,13,232.40852329100017
WOA,HeartDisease,11,0.20544093872229457,0.8018079096045199,12,13,235.0432986250089
WOA,HeartDisease,12,0.25391838331160366,0.7442937853107344,1,13,225.3693522909889
WOA,HeartDisease,13,0.18311016949152548,0.8251412429378531,13,13,234.35221833299147
WOA,HeartDisease,14,1.0,0.0,0,13,227.40879595800652
WOA,HeartDisease,15,0.2695379400260756,0.7308474576271187,4,13,229.18975720799062
WOA,HeartDisease,16,0.20523102998696213,0.8012429378531074,11,13,232.01446466700872
WOA,HeartDisease,17,0.18322203389830488,0.8250282485875708,13,13,234.16489037498832
WOA,HeartDisease,18,0.1681479791395046,0.8387005649717514,11,13,232.8334834589914
WOA,HeartDisease,19,0.2914916558018253,0.710225988700565,6,13,232.2904532919929
WOA,HeartDisease,20,0.1635898305084745,0.844858757062147,13,13,233.5196032919921
WOA,HeartDisease,21,0.2114954367666232,0.7949152542372881,11,13,234.45630095800152
WOA,HeartDisease,22,0.3243370273794003,0.6731638418079096,1,13,230.6775177080126
WOA,HeartDisease,23,0.1798101694915254,0.8284745762711865,13,13,233.41608949998044
WOA,HeartDisease,25,1.0,0.0,0,13,226.77105579100316
WOA,HeartDisease,24,0.1982395045632333,0.8083050847457628,11,13,233.51886733301217
WOA,HeartDisease,26,0.18663389830508478,0.8215819209039548,13,13,227.62115216598613
WOA,HeartDisease,27,0.2698176010430249,0.7305649717514123,4,13,224.57309237497975
WOA,HeartDisease,28,0.18338983050847463,0.8248587570621468,13,13,224.9764537080191
WOA,HeartDisease,29,0.20313389830508474,0.8049152542372882,13,13,218.42016695800703
WOA,IonosphereEW,2,1.0,0.0,0,34,254.87212508299854
WOA,IonosphereEW,0,1.0,0.0,0,34,304.2886794169899
WOA,IonosphereEW,1,1.0,0.0,0,34,276.83323458299856
WOA,IonosphereEW,3,0.22893033495088175,0.7690543259557344,1,34,271.188023374998
WOA,IonosphereEW,4,1.0,0.0,0,34,257.92895545900683
WOA,IonosphereEW,5,1.0,0.0,0,34,267.0555866659852
WOA,IonosphereEW,6,1.0,0.0,0,34,284.5715957499924
WOA,IonosphereEW,7,1.0,0.0,0,34,266.588188624999
WOA,IonosphereEW,9,1.0,0.0,0,34,253.33540387501125
WOA,IonosphereEW,8,1.0,0.0,0,34,268.158011291991
WOA,IonosphereEW,10,1.0,0.0,0,34,265.6884652909939
WOA,IonosphereEW,11,1.0,0.0,0,34,265.94045399999595
WOA,IonosphereEW,12,1.0,0.0,0,34,269.5874913749867
WOA,IonosphereEW,13,1.0,0.0,0,34,321.1534335830074
WOA,IonosphereEW,14,0.17573587406793711,0.8233802816901408,3,34,307.11102633402334
WOA,IonosphereEW,15,0.15673854894070302,0.8434607645875252,6,34,307.44938258299953
WOA,IonosphereEW,17,1.0,0.0,0,34,250.87245925000752
WOA,IonosphereEW,16,1.0,0.0,0,34,266.74199874998885
WOA,IonosphereEW,18,0.13604095159190427,0.8631790744466802,2,34,266.8174408329942
WOA,IonosphereEW,19,1.0,0.0,0,34,266.8611845000123
WOA,IonosphereEW,20,1.0,0.0,0,34,262.21359349999693
WOA,IonosphereEW,21,1.0,0.0,0,34,267.56343583299895
WOA,IonosphereEW,22,1.0,0.0,0,34,292.0926164579869
WOA,IonosphereEW,23,1.0,0.0,0,34,282.2468671669776
WOA,IonosphereEW,24,0.24008526452834664,0.7577867203219315,1,34,262.27067766699474
WOA,IonosphereEW,25,1.0,0.0,0,34,262.3411064170068
WOA,IonosphereEW,26,0.13859064978103916,0.8606036217303823,2,34,263.8440271249856
WOA,IonosphereEW,27,0.1613785773464316,0.8375855130784707,2,34,262.0974714999902
WOA,IonosphereEW,28,1.0,0.0,0,34,255.60263908302295
WOA,IonosphereEW,29,1.0,0.0,0,34,261.7239720420039
WOA,KrVsKpEW,2,0.34731739813883294,0.652060348200313,10,35,1695.6797158330155
WOA,KrVsKpEW,0,0.07661917127766601,0.9324193075117371,34,35,1895.845882624999
WOA,KrVsKpEW,1,0.06964551056338025,0.9377318075117371,28,35,1892.8865946249862
WOA,KrVsKpEW,3,0.07876404049295761,0.9305413732394368,35,35,1914.1184843750088
WOA,KrVsKpEW,4,0.07290570296780693,0.9361702856025038,34,35,1914.4173699580133
WOA,KrVsKpEW,5,0.07443472711267612,0.9349144170579029,35,35,1922.158283708006
WOA,KrVsKpEW,6,0.22711949195171022,0.7772241784037559,23,35,1890.3649614170135
WOA,KrVsKpEW,7,0.07164115316901415,0.9377362089201877,35,35,1915.3995175829914
WOA,KrVsKpEW,8,0.1556592743963783,0.8520036189358372,32,35,1905.5578603330068
WOA,KrVsKpEW,14,0.30494091423541253,0.6977508802816901,20,35,1801.3815753749805
WOA,KrVsKpEW,9,0.08062464788732387,0.928661971830986,35,35,1917.192579249997
WOA,KrVsKpEW,10,0.1885139650402415,0.8185284624413145,31,35,1907.843832499988
WOA,KrVsKpEW,11,0.1782953910965795,0.8288502543035994,31,35,1922.656246958999
WOA,KrVsKpEW,12,0.07016671277665994,0.9383597417840376,32,35,1917.2055569580116
WOA,KrVsKpEW,13,0.07969168133802818,0.92960436228482,35,35,1905.498846625007
WOA,KrVsKpEW,15,0.07600284205231381,0.9330418622848201,34,35,1918.0753039999981
WOA,KrVsKpEW,16,0.07845805457746483,0.9308504499217527,35,35,1895.2294339580112
WOA,KrVsKpEW,17,0.08093305457746466,0.9283504499217529,35,35,1888.2085058749944
WOA,KrVsKpEW,19,0.08031866197183109,0.9289710485133019,35,35,1886.2168635000126
WOA,KrVsKpEW,18,0.07474071302816891,0.934605340375587,35,35,1893.5206586249988
WOA,KrVsKpEW,23,0.4316376320422535,0.5660225938967136,7,35,1701.1498831250065
WOA,KrVsKpEW,20,0.07695656438631802,0.9317899061032863,33,35,1894.655973416986
WOA,KrVsKpEW,22,0.075840272887324,0.9314744718309859,28,35,1882.1656412910088
WOA,KrVsKpEW,21,0.07600381036217307,0.9330408841940532,34,35,1889.0643718749925
WOA,Leukemia,0,0.4686028003360404,0.5266666666666666,1,3571,596.2722626659961
WOA,Leukemia,1,1.0,0.0,0,3571,593.7251612080145
WOA,Leukemia,2,1.0,0.0,0,3571,562.7291502089938
WOA,Leukemia,3,1.0,0.0,0,3571,561.0933709579986
WOA,KrVsKpEW,24,0.08093983274647885,0.928343603286385,35,35,1783.152500791999
WOA,KrVsKpEW,25,0.06987906187122746,0.9383616979655711,31,35,1771.732040999981
WOA,KrVsKpEW,26,0.07567029049295779,0.9336663732394366,35,35,1771.7354130000167
WOA,KrVsKpEW,27,0.07845757042253525,0.9308509389671361,35,35,1774.9601615410065
WOA,KrVsKpEW,28,0.16192840794768606,0.8448053599374022,29,35,1761.3220418749843
WOA,Leukemia,4,0.3988313717646117,0.5971428571428572,1,3571,555.7610435840033
WOA,Leukemia,5,1.0,0.0,0,3571,553.7725166249729
WOA,KrVsKpEW,29,0.15908848088531197,0.8482511737089201,31,35,1753.5457710839983
WOA,Leukemia,6,1.0,0.0,0,3571,489.56740999998874
WOA,Leukemia,7,0.3865798295795496,0.6095238095238095,3,3571,469.67038070902345
WOA,Leukemia,8,1.0,0.0,0,3571,466.80192962498404
WOA,Leukemia,9,1.0,0.0,0,3571,465.77694266699837
WOA,Leukemia,10,0.2611770292435093,0.7361904761904762,2,3571,464.82482391700614
WOA,Leukemia,12,1.0,0.0,0,3571,463.5715486250119
WOA,Leukemia,11,1.0,0.0,0,3571,465.1719792079821
WOA,Leukemia,13,1.0,0.0,0,3571,465.654454500007
WOA,Leukemia,14,1.0,0.0,0,3571,464.4286161250202
WOA,Leukemia,15,0.4563456574788975,0.539047619047619,1,3571,464.8413864590111
WOA,Leukemia,16,1.0,0.0,0,3571,465.00049970898544
WOA,Leukemia,17,1.0,0.0,0,3571,463.4390322089894
WOA,Leukemia,18,1.0,0.0,0,3571,464.5156938750006
WOA,Leukemia,19,1.0,0.0,0,3571,464.0431625409983
WOA,Leukemia,20,1.0,0.0,0,3571,466.545888542023
WOA,Leukemia,21,1.0,0.0,0,3571,468.10025908297393
WOA,Leukemia,22,1.0,0.0,0,3571,466.3054208329995
WOA,Leukemia,23,1.0,0.0,0,3571,465.3394968339999
WOA,Leukemia,24,1.0,0.0,0,3571,464.1454942910059
WOA,Leukemia,25,1.0,0.0,0,3571,463.00401233299635
WOA,Lymphography,0,0.19606513409961684,0.8114942528735632,17,18,139.66097500000615
WOA,Leukemia,26,1.0,0.0,0,3571,462.21574858299573
WOA,Leukemia,27,1.0,0.0,0,3571,461.6717013329908
WOA,Leukemia,28,0.17727674520942496,0.8209523809523811,7,3571,463.56938345797244
WOA,Leukemia,29,0.33000280033604024,0.6666666666666667,1,3571,467.0385499999975
WOA,Lymphography,2,0.31080229885057475,0.6894252873563218,6,18,161.4210909579997
WOA,Lymphography,3,0.19596475095785443,0.8110344827586207,16,18,167.46114445797866
WOA,Lymphography,1,0.1975310344827586,0.8105747126436782,18,18,179.04938587499782
WOA,Lymphography,4,0.2162199233716475,0.7905747126436782,16,18,182.69379499999923
WOA,Lymphography,6,0.2048137931034484,0.8032183908045976,18,18,179.3749187500216
WOA,Lymphography,5,0.16215478927203064,0.8457471264367816,17,18,186.98135783401085
WOA,Lymphography,7,0.17044827586206907,0.8379310344827585,18,18,187.9675306249992
WOA,Lymphography,8,0.2171034482758621,0.7908045977011494,18,18,189.50301758397836
WOA,Lymphography,10,0.18868199233716482,0.8183908045977011,16,18,172.56362070899922
WOA,Lymphography,9,0.17717547892720312,0.8305747126436781,17,18,194.26430879198597
WOA,Lymphography,11,0.28907432950191564,0.7158620689655173,14,18,184.16489124999498
WOA,Lymphography,12,0.18400306513409959,0.8236781609195403,17,18,182.46963070798665
WOA,Lymphography,14,0.20972030651341006,0.7977011494252872,17,18,177.27850245899754
WOA,Lymphography,13,0.20367586206896549,0.8043678160919541,18,18,187.3883417909965
WOA,Lymphography,15,0.2351095785440613,0.7714942528735632,16,18,185.5428475420049
WOA,Lymphography,16,0.21004827586206912,0.7979310344827585,18,18,201.27208162500756
WOA,Lymphography,17,0.23053103448275858,0.7772413793103449,18,18,177.59492083397345
WOA,Lymphography,18,0.1963931034482761,0.8117241379310343,18,18,185.2014086660056
WOA,Lymphography,19,0.2100482758620689,0.7979310344827587,18,18,185.48703800002113
WOA,Lymphography,20,0.18198160919540238,0.8245977011494252,15,18,176.93426783400355
WOA,Lymphography,21,0.22899157088122601,0.776551724137931,14,18,176.96534087500186
WOA,Lymphography,22,0.21687586206896556,0.7910344827586206,18,18,192.10966020901105
WOA,Lymphography,23,0.20367586206896549,0.8043678160919541,18,18,201.52457637499901
WOA,Lymphography,24,0.20135325670498072,0.8039080459770116,13,18,173.73914195899852
WOA,Lymphography,25,0.22393103448275864,0.7839080459770115,18,18,189.91221283300547
WOA,Lymphography,27,0.1904758620689655,0.8177011494252874,18,18,190.435907667008
WOA,Lymphography,26,0.21164137931034477,0.7963218390804598,18,18,197.3818697920069
WOA,Lymphography,28,0.15087586206896547,0.8577011494252874,18,18,180.83919570801663
WOA,Lymphography,29,0.19697547892720305,0.8105747126436782,17,18,195.52455920900684
WOA,M-of-n,0,0.17324307692307686,0.8320000000000001,9,13,493.4715338329843
WOA,M-of-n,1,0.41293692307692315,0.586,4,13,484.3478327499761
WOA,M-of-n,2,0.2326430769230769,0.772,9,13,497.3313913329912
WOA,M-of-n,3,0.12978999999999988,0.8790000000000001,13,13,514.3232802080165
WOA,M-of-n,5,0.2725776923076922,0.7270000000000001,3,13,493.9943328749796
WOA,M-of-n,6,0.2161407692307692,0.791,12,13,501.36394516698783
WOA,M-of-n,4,0.14365000000000003,0.865,13,13,510.3671619160159
WOA,M-of-n,7,0.16400538461538453,0.8390000000000001,6,13,493.2818895410164
WOA,M-of-n,8,0.11736153846153845,0.89,11,13,499.0186223339988
WOA,M-of-n,9,0.10350153846153833,0.9040000000000001,11,13,499.17448075002176
WOA,M-of-n,10,0.2177930769230769,0.787,9,13,503.37076737501775
WOA,M-of-n,11,0.36387846153846154,0.634,2,13,492.1528885420121
WOA,M-of-n,12,1.0,0.0,0,13,487.6529607499833
WOA,M-of-n,13,0.1787415384615385,0.828,11,13,503.92205220798496
WOA,M-of-n,15,0.11538153846153845,0.892,11,13,500.3323305840022
WOA,M-of-n,14,0.13177,0.877,13,13,511.0771391669987
WOA,M-of-n,17,0.19986615384615392,0.8019999999999999,5,13,489.82694704199093
WOA,M-of-n,16,0.18589230769230775,0.82,10,13,504.19573341700016
WOA,M-of-n,18,1.0,0.0,0,13,479.4936648340081
WOA,M-of-n,19,0.40743846153846147,0.5900000000000001,2,13,490.8902731249982
WOA,M-of-n,20,0.4402153846153847,0.5599999999999999,6,13,499.3509662919969
WOA,M-of-n,22,0.35364384615384614,0.649,8,13,499.7098420000111
WOA,M-of-n,21,0.14387076923076914,0.8640000000000001,12,13,510.5864947089867
WOA,M-of-n,23,0.1307799999999999,0.8780000000000001,13,13,510.0038900829968
WOA,Parkinsons,0,1.0,0.0,0,22,206.87742795801023
WOA,Parkinsons,1,0.09774825174825164,0.9076923076923078,14,22,224.24284808398806
WOA,M-of-n,25,0.11790999999999997,0.891,13,13,498.95910983299837
WOA,M-of-n,24,0.11736153846153845,0.89,11,13,506.9939555419842
WOA,M-of-n,26,0.2481553846153846,0.754,6,13,491.72869587500463
WOA,Parkinsons,2,1.0,0.0,0,22,193.28229199998896
WOA,M-of-n,27,0.19084230769230764,0.8150000000000001,10,13,489.3437394159846
WOA,M-of-n,28,0.13199076923076922,0.876,12,13,498.9848800000036
WOA,Parkinsons,3,0.10093006993006993,0.9076923076923077,21,22,248.70957791697583
WOA,M-of-n,29,0.11142153846153834,0.8960000000000001,11,13,490.4335032500094
WOA,Parkinsons,4,0.11578321678321671,0.8871794871794872,9,22,198.21845379201113
WOA,Parkinsons,5,0.19845454545454552,0.7999999999999999,1,22,194.77114587498363
WOA,Parkinsons,6,0.13518181818181804,0.8666666666666668,7,22,193.96572079200996
WOA,Parkinsons,7,0.19337762237762235,0.8051282051282052,1,22,185.74183908302803
WOA,Parkinsons,8,0.06865034965034965,0.9384615384615385,17,22,213.24744304199703
WOA,Parkinsons,10,0.14904895104895108,0.8512820512820513,4,22,189.56037699998706
WOA,Parkinsons,9,0.0926713286713287,0.9128205128205128,14,22,211.61432670798968
WOA,Parkinsons,13,0.22429370629370637,0.7743589743589743,2,22,181.12215333298082
WOA,Parkinsons,11,0.10464335664335662,0.9025641025641026,18,22,231.95691508299205
WOA,Parkinsons,14,0.2746083916083916,0.7230769230769231,1,22,194.69240324999555
WOA,Parkinsons,12,0.08895804195804188,0.917948717948718,17,22,232.18526233301964
WOA,Parkinsons,15,0.1901188811188811,0.8102564102564103,5,22,184.1701994589821
WOA,Parkinsons,20,1.0,0.0,0,22,158.45986645901576
WOA,Parkinsons,16,0.09865734265734255,0.9076923076923078,16,22,246.81544183302321
WOA,Parkinsons,21,0.08160839160839155,0.9230769230769231,12,22,198.3135334159888
WOA,Parkinsons,17,0.10047552447552437,0.9076923076923078,20,22,272.7540199159994
WOA,Parkinsons,19,0.09630769230769233,0.9128205128205128,22,22,244.43178541699308
WOA,Parkinsons,18,0.09630769230769222,0.9128205128205129,22,22,279.7809210830019
WOA,Parkinsons,23,0.11813286713286704,0.8820512820512821,3,22,195.00430524998228
WOA,Parkinsons,22,0.09448951048951051,0.9128205128205128,18,22,227.70412174999365
WOA,Parkinsons,24,0.25430069930069926,0.7435897435897436,1,22,163.07293279201258
WOA,Parkinsons,29,1.0,0.0,0,22,161.35035391701967
WOA,Parkinsons,26,0.09638461538461539,0.9076923076923077,11,22,178.31310741699417
WOA,Parkinsons,25,0.13336363636363646,0.8666666666666666,3,22,226.9815967080067
WOA,Parkinsons,28,0.2902937062937064,0.7076923076923076,2,22,191.79048679198604
WOA,Parkinsons,27,0.0852447552447553,0.923076923076923,20,22,216.3846531670133
WOA,Sonar,1,1.0,0.0,0,60,319.4138595420227
WOA,Sonar,0,0.1981811846689895,0.807897793263647,48,60,348.17014400000335
WOA,Sonar,2,0.33354123112659695,0.6637630662020906,4,60,357.86012337499415
WOA,Sonar,4,1.0,0.0,0,60,331.11583766699187
WOA,Sonar,7,1.0,0.0,0,60,326.5708989169798
WOA,Sonar,3,0.18813763066202088,0.8175377468060395,45,60,386.3359601669945
WOA,Sonar,5,0.18082404181184672,0.826945412311266,57,60,385.90303074999247
WOA,Sonar,6,0.21373983739837396,0.7878048780487805,22,60,376.33577966701705
WOA,Sonar,8,0.19473693379790935,0.8128919860627178,57,60,375.62689445799333
WOA,Sonar,9,0.16412543554006967,0.8362369337979094,12,60,382.66412066601333
WOA,Sonar,10,0.43841695702671307,0.5574912891986064,2,60,353.24781649999204
WOA,Sonar,11,1.0,0.0,0,60,337.4744867499976
WOA,Sonar,13,1.0,0.0,0,60,322.8851893749961
WOA,Sonar,12,0.3910325203252032,0.6056910569105691,4,60,342.72577195899794
WOA,Sonar,15,0.18263763066202088,0.8175377468060395,12,60,387.275473332993
WOA,Sonar,14,0.19075261324041812,0.8174216027874565,60,60,399.1532857079874
WOA,Sonar,16,0.24454994192799076,0.7551684088269454,13,60,384.28979108299245
WOA,Sonar,17,0.18635598141695697,0.8176538908246226,35,60,401.48463487499976
WOA,Sonar,18,0.4142706155632985,0.5818815331010453,2,60,379.1565320829977
WOA,Sonar,21,1.0,0.0,0,60,317.7971849589958
WOA,Sonar,19,0.49516666666666664,0.5,1,60,368.056223749998
WOA,Sonar,20,0.3288786295005807,0.6686411149825784,5,60,381.4250832919788
WOA,Sonar,23,1.0,0.0,0,60,352.06357166700764
WOA,Sonar,22,0.3438263646922184,0.6535423925667828,5,60,388.0813842089847
WOA,Sonar,24,1.0,0.0,0,60,328.26873066599364
WOA,Sonar,25,0.33911207897793255,0.6583042973286877,5,60,351.9314812500088
WOA,SpectEW,0,0.20117095483133213,0.8055206149545773,19,22,199.20094833397889
WOA,Sonar,27,0.4615917537746806,0.5339140534262485,1,60,323.00542325002607
WOA,Sonar,26,0.199458768873403,0.8029036004645761,26,60,361.1484701249865
WOA,Sonar,28,0.19076422764227646,0.8170731707317073,58,60,358.81308379099937
WOA,SpectEW,1,0.193975986277873,0.8127882599580714,19,22,256.44552325000404
WOA,Sonar,29,0.2325894308943091,0.7739837398373982,53,60,359.4355005839898
WOA,SpectEW,3,0.20531332189822743,0.7939902166317262,3,22,194.02060749998782
WOA,SpectEW,2,0.24823499142367061,0.7566037735849057,16,22,263.8251732499921
WOA,SpectEW,4,0.2970097198399085,0.7009084556254368,2,22,198.05186845801654
WOA,SpectEW,5,1.0,0.0,0,22,198.1843804169912
WOA,SpectEW,7,0.20598456260720402,0.7979035639412999,13,22,222.83317699999316
WOA,SpectEW,6,0.25294911377930246,0.7527603074772886,18,22,259.66460829100106
WOA,SpectEW,8,0.42873299028016004,0.5678546470999302,2,22,213.81947704200866
WOA,SpectEW,9,0.20440423098913652,0.7939902166317262,1,22,213.7715953750012
WOA,SpectEW,11,0.23443853630646078,0.7677847658979735,10,22,222.44723812499433
WOA,SpectEW,12,0.20440423098913652,0.7939902166317262,1,22,215.5310712910141
WOA,SpectEW,13,0.2742778730703259,0.7266247379454926,8,22,235.18603874999098
WOA,SpectEW,10,0.20734819897084036,0.7979035639412999,16,22,262.29074708299595
WOA,SpectEW,14,0.2112132647226987,0.7898672257162823,7,22,224.32333587500034
WOA,SpectEW,15,0.29406460834762715,0.703424178895877,1,22,219.4277304999996
WOA,SpectEW,16,0.23591080617495705,0.7681341719077569,14,22,221.46622237499105
WOA,SpectEW,17,0.29406460834762715,0.703424178895877,1,22,233.4335729579907
WOA,SpectEW,18,1.0,0.0,0,22,218.5058516660065
WOA,SpectEW,19,0.20440423098913652,0.7939902166317262,1,22,220.299252042023
WOA,SpectEW,21,1.0,0.0,0,22,219.28857512501418
WOA,SpectEW,20,0.23709719839908525,0.7646401118099231,9,22,223.84893887501676
WOA,SpectEW,22,0.23038707833047442,0.7682040531097136,2,22,212.5147586670064
WOA,SpectEW,23,0.23251172098341905,0.7674353598881901,5,22,219.7402485840139
WOA,SpectEW,25,0.2217975986277874,0.7823899371069182,14,22,238.77340508400812
WOA,SpectEW,24,0.18028759291023438,0.8275331935709295,21,22,306.54901658400195
WOA,SpectEW,27,1.0,0.0,0,22,208.5423368329939
WOA,SpectEW,28,0.17940880503144643,0.8238294898672258,11,22,225.03112462497666
WOA,SpectEW,26,0.2575940537449971,0.7489867225716282,20,22,257.84402266700636
WOA,SpectEW,29,0.19362092624356766,0.809014675052411,10,22,244.53748629099573
WOA,TicTacToe,0,0.15672905759162287,0.8517888307155325,9,9,467.04327366600046
WOA,TicTacToe,1,0.3104060136707388,0.6920702443280977,5,9,454.28576633299235
WOA,TicTacToe,2,0.24863561663758005,0.7578315881326352,8,9,475.5081754999992
WOA,TicTacToe,3,0.2517401650668993,0.7546956806282723,8,9,467.06291054200847
WOA,TicTacToe,4,0.2527390197789413,0.7536867364746945,8,9,480.3135551669984
WOA,TicTacToe,5,0.22066341259453173,0.7849640052356021,7,9,471.4357320830168
WOA,TicTacToe,6,0.208346676847004,0.7985274869109948,8,9,478.4783591250016
WOA,TicTacToe,7,0.15880775523560212,0.8496891361256544,9,9,481.02733533401624
WOA,TicTacToe,8,1.0,0.0,0,9,446.2694826670049
WOA,TicTacToe,9,0.2259265197789413,0.7807700698080279,8,9,470.38719599999604
WOA,TicTacToe,10,0.264120564281559,0.7421902268760908,8,9,474.0568822909845
WOA,TicTacToe,11,0.22277337841768463,0.7839550610820245,8,9,469.30427283301833
WOA,TicTacToe,12,0.21453417684700407,0.7922774869109948,8,9,474.4241969170107
WOA,TicTacToe,13,0.16911485602094248,0.8392779232111692,9,9,476.254695666983
WOA,TicTacToe,14,0.2640989674229202,0.7422120418848168,8,9,473.1318762919982
WOA,TicTacToe,15,0.22883355148342063,0.775589005235602,6,9,460.6753759160056
WOA,TicTacToe,16,0.32089443353694,0.6837205497382199,7,9,471.8670201659843
WOA,TicTacToe,17,0.21449638234438642,0.7923156631762651,8,9,474.65796162499464
WOA,TicTacToe,18,0.16604270287958117,0.8423811082024433,9,9,476.20978595799534
WOA,TicTacToe,19,0.1618745091623036,0.846591404886562,9,9,478.54682829100057
WOA,TicTacToe,20,0.24964526977894125,0.7568117364746946,8,9,467.90204395900946
WOA,TicTacToe,21,0.2382691244909832,0.7683027923211169,8,9,469.279534833011
WOA,TicTacToe,22,0.32714672411285634,0.6774051047120419,7,9,469.9374804169929
WOA,TicTacToe,23,0.16915804973821985,0.8392342931937173,9,9,478.4755652919994
WOA,Vote,0,1.0,0.0,0,16,206.2040756670176
WOA,Vote,1,1.0,0.0,0,16,207.44043754198356
WOA,TicTacToe,24,0.2507251127108784,0.7557209860383944,8,9,472.0169972089934
WOA,TicTacToe,25,0.22375716259453166,0.7818390052356021,7,9,473.0103304160002
WOA,TicTacToe,26,1.0,0.0,0,9,454.91474287500023
WOA,TicTacToe,27,0.2869160485747527,0.7191644851657941,8,9,477.35110962501494
WOA,Vote,2,0.29496912580943574,0.7026827012025901,1,16,205.14150804199744
WOA,Vote,3,1.0,0.0,0,16,203.8448008330015
WOA,TicTacToe,28,0.1526094568062827,0.8559500436300175,9,9,479.8534892500029
WOA,Vote,4,1.0,0.0,0,16,205.2280991670268
WOA,TicTacToe,29,0.16500065445026169,0.843433682373473,9,9,479.7162396660133
WOA,Vote,5,1.0,0.0,0,16,204.84799666699837
WOA,Vote,6,1.0,0.0,0,16,205.72834983299254
WOA,Vote,7,1.0,0.0,0,16,204.35883933401783
WOA,Vote,8,1.0,0.0,0,16,206.66261670802487
WOA,Vote,10,1.0,0.0,0,16,205.6078081660089
WOA,Vote,9,0.10199641535615167,0.9051803885291397,13,16,210.32773408299545
WOA,Vote,11,0.03048068917668817,0.9698427382053655,1,16,207.43887675000587
WOA,Vote,12,1.0,0.0,0,16,205.01105804101098
WOA,Vote,13,1.0,0.0,0,16,205.7930219580012
WOA,Vote,14,1.0,0.0,0,16,207.4867987089965
WOA,Vote,15,1.0,0.0,0,16,205.90616962499917
WOA,Vote,16,1.0,0.0,0,16,205.62192216698895
WOA,Vote,17,1.0,0.0,0,16,206.04077683301875
WOA,Vote,18,1.0,0.0,0,16,206.13481629098533
WOA,Vote,19,0.4614649629972248,0.5345050878815911,1,16,207.4216491249972
WOA,Vote,20,1.0,0.0,0,16,206.72229050000897
WOA,Vote,21,1.0,0.0,0,16,205.86900379200233
WOA,Vote,22,1.0,0.0,0,16,204.77844816699508
WOA,Vote,23,1.0,0.0,0,16,203.59739741601516
WOA,Vote,24,1.0,0.0,0,16,203.3078789159772
WOA,Vote,25,1.0,0.0,0,16,201.38539470898104
WOA,Vote,26,1.0,0.0,0,16,203.06073895900045
WOA,Vote,27,0.1771466234967623,0.8235892691951896,4,16,200.42437024999526
WOA,Vote,28,0.3509256475485661,0.6461609620721555,1,16,196.78320899998653
WOA,Vote,29,1.0,0.0,0,16,191.83916025000508
WOA,WDBC,0,1.0,0.0,0,30,296.48100970798987
WOA,WDBC,2,0.04337292345909005,0.9595559695699427,10,30,353.1443286660069
WOA,WDBC,3,0.06040801117838846,0.9420121099208197,9,30,336.63969066599384
WOA,WDBC,6,0.14470641204781867,0.8541686073591057,1,30,324.37882025001454
WOA,WDBC,7,1.0,0.0,0,30,327.0465893749788
WOA,WDBC,1,0.050149200434715054,0.956078248719143,20,30,433.1220109999995
WOA,WDBC,4,0.08687952181338295,0.9139264089427108,5,30,429.7113077499962
WOA,WDBC,5,0.044449619624282025,0.9648657040832168,29,30,483.2913336670026
WOA,WDBC,10,0.057717279925477386,0.9437199192671946,6,30,303.1950092499901
WOA,WDBC,8,0.040627231796304925,0.968390001552554,28,30,484.6763638329867
WOA,WDBC,12,0.3151474926253686,0.6820058997050149,1,30,335.68109079101123
WOA,WDBC,9,0.03582021425244537,0.9718987734823784,24,30,424.7488872499962
WOA,WDBC,11,0.039627231796304924,0.968390001552554,25,30,482.3703456670046
WOA,WDBC,13,0.03967334264865723,0.9683434249340163,25,30,453.1631008750119
WOA,WDBC,14,1.0,0.0,0,30,444.08252616701066
WOA,WDBC,15,0.05696506753609701,0.9454898307716192,9,30,384.99545899999794
WOA,WDBC,16,0.049451793199813736,0.9561092997981679,18,30,402.6434584170056
WOA,WDBC,19,1.0,0.0,0,30,314.4617270420131
WOA,WDBC,18,0.09070190964136005,0.9104021114733737,6,30,373.3928632499883
WOA,WDBC,20,0.1573206023909331,0.8417637012886198,2,30,290.14480820897734
WOA,WDBC,17,0.09947834187238015,0.9015370284117372,6,30,432.2408455420227
WOA,WDBC,21,0.36041297935103245,0.636283185840708,1,30,290.1832854170061
WOA,WDBC,22,0.04074351808725362,0.9665890389691041,23,30,474.34410029198625
WOA,WDBC,23,0.04174351808725362,0.9665890389691041,26,30,478.1016780829814
WOA,WDBC,27,0.05344527247321848,0.9490451793199813,9,30,338.06466220799484
WOA,WDBC,25,0.06171060394348703,0.9420431609998448,13,30,417.63419516701833
WOA,WDBC,24,0.047357553174972936,0.9595714951094549,22,30,476.6220998329809
WOA,WDBC,29,0.06677425865548837,0.9332246545567457,2,30,403.87788995800656
WOA,WDBC,26,0.042364073901568086,0.9666356155876417,28,30,598.8423498329939
WOA,WDBC,28,0.04976106194690255,0.9578171091445429,24,30,556.58338133301
WOA,WaveformEW,0,0.238242,0.7692,39,40,2735.334354666993
WOA,WaveformEW,3,0.23512599999999995,0.7726000000000001,40,40,2789.1991213330184
WOA,WaveformEW,1,0.23235399999999992,0.7754000000000001,40,40,2907.702865582978
WOA,WaveformEW,4,0.23170799999999997,0.7758,39,40,2786.700329083018
WOA,WaveformEW,5,0.23151,0.776,39,40,2814.4128294170077
WOA,WaveformEW,7,0.23274999999999987,0.7750000000000001,40,40,2850.543596125004
WOA,WaveformEW,6,0.24308799999999997,0.7638,37,40,2937.846931874985
WOA,WaveformEW,2,0.5063479999999999,0.48979999999999996,5,40,3835.6560709170008
WOA,WaveformEW,10,0.22274600000000006,0.7846,38,40,2850.8021301249973
WOA,WaveformEW,11,0.23590799999999998,0.7708,36,40,2854.6636349159817
WOA,WaveformEW,9,0.21144000000000007,0.7939999999999999,30,40,2912.623639041005
WOA,WaveformEW,12,0.22888400000000003,0.7784,38,40,2843.366841457988
WOA,WaveformEW,13,0.23314599999999994,0.7746000000000001,40,40,2876.0680068749934
WOA,WaveformEW,8,0.23443,0.768,19,40,3606.2266130410135
WOA,WaveformEW,15,0.22819599999999993,0.7796000000000001,40,40,2833.295799415995
WOA,WaveformEW,14,0.4179460000000001,0.5795999999999999,7,40,4142.3182560419955
WOA,WaveformEW,18,0.23535599999999995,0.7706000000000001,33,40,2813.9254217080015
WOA,WaveformEW,17,0.23043799999999995,0.7738,26,40,2860.6665661669977
WOA,WaveformEW,16,0.220912,0.7862,37,40,2886.513284457993
WOA,WaveformEW,19,0.220912,0.7862,37,40,2814.544209125015
WOA,WaveformEW,20,0.22150600000000004,0.7856,37,40,2809.928905415989
WOA,WaveformEW,21,0.23115600000000006,0.7756,36,40,2823.2394725420163
WOA,WaveformEW,23,0.23705399999999993,0.7704000000000001,39,40,2842.391536958021
WOA,Zoo,0,0.06845714285714283,0.940952380952381,16,16,146.4160313749744
WOA,Zoo,1,0.09785000000000008,0.9099999999999999,14,16,146.35490687499987
WOA,Zoo,2,0.1970464285714286,0.8028571428571428,3,16,145.99086258400348
WOA,Zoo,3,0.3347035714285714,0.6638095238095238,3,16,147.12054608299513
WOA,Zoo,4,0.08638214285714296,0.9209523809523809,13,16,150.2481312500022
WOA,WaveformEW,22,0.308754,0.6904,9,40,4269.220412249997
WOA,Zoo,5,0.08872857142857145,0.9204761904761904,16,16,147.90973149999627
WOA,Zoo,6,0.3071964285714286,0.6928571428571428,5,16,147.62023845798103
WOA,Zoo,7,0.09346428571428562,0.911904761904762,10,16,149.17044662500848
WOA,Zoo,8,0.10555714285714285,0.900952380952381,12,16,150.7418181669782
WOA,Zoo,9,0.07882857142857133,0.9304761904761906,16,16,185.32542612502584
WOA,WaveformEW,24,0.23739799999999997,0.7698,38,40,2832.242323333019
WOA,WaveformEW,25,0.22769599999999993,0.7796000000000001,38,40,2821.523123666004
WOA,Zoo,10,0.11670714285714287,0.8909523809523809,14,16,149.8078322079964
WOA,WaveformEW,27,0.24110799999999985,0.7658000000000001,37,40,2833.3267613750068
WOA,WaveformEW,26,0.226602,0.7802,36,40,2850.720477459021
WOA,Zoo,11,0.09690714285714286,0.910952380952381,14,16,152.44849112501834
WOA,Zoo,12,0.1624571428571428,0.840952380952381,8,16,152.3901071670116
WOA,Zoo,13,0.08825714285714295,0.9209523809523809,16,16,153.95022450003307
WOA,Zoo,14,0.06767857142857145,0.9404761904761905,14,16,156.12446179101244
WOA,Zoo,15,0.06892857142857144,0.9404761904761905,16,16,157.5995189580135
WOA,Zoo,16,0.10477857142857148,0.9004761904761904,10,16,157.69346408295678
WOA,WaveformEW,28,0.24378600000000006,0.7636,39,40,2870.0090768750233
WOA,Zoo,17,0.09753214285714285,0.910952380952381,15,16,166.25178320804844
WOA,Zoo,18,0.06892857142857144,0.9404761904761905,16,16,165.81306987500284
WOA,Zoo,19,0.28442500000000004,0.7133333333333333,1,16,163.70883675001096
WOA,Zoo,20,0.048503571428571424,0.9604761904761905,15,16,165.88992720801616
WOA,Zoo,21,0.08622857142857146,0.9204761904761904,12,16,164.99759304197505
WOA,Zoo,22,0.07882857142857155,0.9304761904761903,16,16,166.42916629096726
WOA,Zoo,23,0.07882857142857155,0.9304761904761903,16,16,163.47842329199193
WOA,Zoo,24,0.08497857142857146,0.9204761904761904,10,16,159.23711445799563
WOA,Zoo,25,1.0,0.0,0,16,157.60310466698138
WOA,Zoo,26,0.10727857142857147,0.9004761904761904,14,16,158.03286158299306
WOA,Zoo,27,0.06830357142857144,0.9404761904761905,15,16,158.1063703330001
WOA,Zoo,28,0.1533357142857143,0.8514285714285714,10,16,157.25253491598414
WOA,Zoo,29,0.06877499999999993,0.9400000000000001,15,16,158.44190241699107
WOA,WaveformEW,29,0.235522,0.7722,40,40,3255.632579833007
HHO,BreastEW,0,0.054432076236820705,0.9472627737226278,2,9,694.7943102089921
HHO,BreastEW,1,0.04905136920948438,0.9560648346930012,5,9,701.8984192919452
HHO,BreastEW,2,0.04792963121988458,0.9560755689136968,4,9,702.2263143340242
HHO,BreastEW,3,0.04081203186870858,0.9677544010304852,8,9,711.6041837499943
HHO,BreastEW,6,0.1142236057440008,0.885744954916273,1,9,686.8636294169701
HHO,BreastEW,4,0.04329401030485183,0.9663696865607557,9,9,707.392641540966
HHO,BreastEW,5,0.052276024521730954,0.9516852726492055,4,9,702.320143458026
HHO,BreastEW,7,0.10249153189256228,0.8975955345641907,1,9,662.7778409579769
HHO,BreastEW,8,0.1562847908019654,0.8432589094031775,1,9,663.9251216250123
HHO,BreastEW,9,0.06534708506273544,0.9384821811936455,4,9,657.4021918340004
HHO,BreastEW,13,1.0,0.0,0,9,636.2796512499917
HHO,BreastEW,10,0.03457756070798159,0.9706848432803777,5,9,672.3035565000027
HHO,BreastEW,14,0.05695656218691858,0.9458351223701159,3,9,660.4101657920401
HHO,BreastEW,11,0.04395167215304623,0.9634607127522541,7,9,678.0365358330309
HHO,BreastEW,12,0.051586482038070834,0.9546264491197938,6,9,673.239847958961
HHO,BreastEW,15,0.04370254281761367,0.9648346930012881,8,9,677.7282744999975
HHO,BreastEW,16,0.03889207337436201,0.9663267496779733,5,9,665.5593689589878
HHO,BreastEW,17,0.03644438480988496,0.9721661657363676,8,9,672.6350173749961
HHO,BreastEW,19,0.06391245646677163,0.9399313009875483,4,9,664.5689322500257
HHO,BreastEW,18,0.04721883497924699,0.9590382138256764,6,9,674.7606755829765
HHO,BreastEW,21,0.05082014216878967,0.9531558608844998,4,9,665.1374279159936
HHO,BreastEW,20,0.0621118028720004,0.9428724774581365,5,9,670.0291283330298
HHO,BreastEW,22,0.12988291350603492,0.8710498067840275,2,9,664.7690067919903
HHO,BreastEW,23,0.048393707361289985,0.9589738085015028,7,9,661.697825249983
HHO,BreastEW,24,0.12248660607795422,0.8785208243881495,2,9,638.6166050000465
HHO,BreastEW,25,0.04329401030485183,0.9663696865607557,9,9,635.218063791981
HHO,BreastEW,27,0.058433698296837124,0.9443430656934305,3,9,623.9077213749988
HHO,BreastEW,26,0.04865346357521112,0.9575890940317733,6,9,628.6269209160237
HHO,BreastEW,29,0.04334714469729493,0.9663160154572779,9,9,626.0808845830034
HHO,BreastEW,28,0.05078826153332373,0.9531880635465866,4,9,630.1706102910102
HHO,ColonCancer,0,1.0,0.0,0,2000,859.9724138340098
HHO,ColonCancer,1,0.335181923076923,0.6615384615384616,21,2000,747.2957929999684
HHO,ColonCancer,2,0.21060807692307681,0.7884615384615385,237,2000,773.940077999956
HHO,ColonCancer,3,1.0,0.0,0,2000,775.0301676670206
HHO,ColonCancer,5,0.49374076923076915,0.5012820512820514,2,2000,770.2527164589847
HHO,ColonCancer,4,0.22466384615384613,0.7730769230769231,2,2000,774.7698926670128
HHO,ColonCancer,7,1.0,0.0,0,2000,776.602951458015
HHO,ColonCancer,6,1.0,0.0,0,2000,785.6545549579896
HHO,ColonCancer,8,0.25525615384615397,0.7435897435897435,282,2000,780.4874091669917
HHO,ColonCancer,9,0.47726076923076916,0.517948717948718,6,2000,756.4810515419813
HHO,ColonCancer,10,0.2109573076923077,0.7871794871794872,53,2000,753.4684350420139
HHO,ColonCancer,12,1.0,0.0,0,2000,746.4910798330093
HHO,ColonCancer,11,0.16210730769230766,0.8371794871794872,183,2000,752.3536107089603
HHO,ColonCancer,13,0.4315434615384615,0.5641025641025641,1,2000,748.734803792031
HHO,ColonCancer,14,1.0,0.0,0,2000,747.2844579159864
HHO,ColonCancer,15,1.0,0.0,0,2000,745.9002788329963
HHO,ColonCancer,16,0.3998126923076923,0.5961538461538461,1,2000,748.4667991249589
HHO,ColonCancer,17,0.22343961538461524,0.7743589743589745,11,2000,754.2555930000381
HHO,ColonCancer,18,1.0,0.0,0,2000,746.1762774999952
HHO,ColonCancer,19,0.22470384615384612,0.7730769230769231,10,2000,757.2564589579706
HHO,ColonCancer,20,0.318701923076923,0.6782051282051282,25,2000,762.1715199999744
HHO,ColonCancer,21,1.0,0.0,0,2000,760.2832713749958
HHO,ColonCancer,22,0.351626923076923,0.6448717948717949,10,2000,764.9002726250328
HHO,ColonCancer,23,1.0,0.0,0,2000,769.0650237089721
HHO,ColonCancer,24,0.3225696153846154,0.6743589743589743,37,2000,758.5214002080029
HHO,ColonCancer,25,1.0,0.0,0,2000,721.4717355000321
HHO,Diabetes,1,0.3222142857142856,0.6770562770562771,2,8,514.3293340840028
HHO,Diabetes,0,0.2743214285714285,0.7317460317460318,7,8,535.0337371670175
HHO,ColonCancer,26,1.0,0.0,0,2000,690.6471937079914
HHO,ColonCancer,27,0.19434230769230768,0.8038461538461539,30,2000,684.0915145830368
HHO,ColonCancer,28,0.4163276923076924,0.5794871794871794,4,2000,681.9525392919895
HHO,ColonCancer,29,1.0,0.0,0,2000,684.7283281669952
HHO,Diabetes,2,0.39560924369747896,0.6029199558611323,2,8,583.2480150409974
HHO,Diabetes,3,0.35818697478991596,0.6419828537475596,3,8,668.6757531250478
HHO,Diabetes,4,0.33882563025210066,0.6615397674221205,3,8,677.1194722079672
HHO,Diabetes,5,0.38915546218487396,0.6094389270859859,2,8,672.9194107080111
HHO,Diabetes,6,0.34271638655462183,0.657609710550887,3,8,703.95856804098
HHO,Diabetes,7,0.342827731092437,0.6562346150581444,2,8,719.1914910410414
HHO,Diabetes,8,0.36605462184873955,0.6327731092436975,2,8,716.4896398340352
HHO,Diabetes,9,0.2730735294117647,0.7304812834224599,5,8,725.3736689999932
HHO,Diabetes,10,0.3376302521008404,0.6640098463627875,4,8,721.2254892920027
HHO,Diabetes,11,0.2537962184873949,0.749953314659197,5,8,711.2050686249859
HHO,Diabetes,12,0.27683193277310936,0.7254222901281724,4,8,715.6035284999525
HHO,Diabetes,13,0.2588802521008403,0.7448179271708684,5,8,721.2861542089959
HHO,Diabetes,14,0.2768529411764706,0.7279263220439691,6,8,725.5693561250228
HHO,Diabetes,15,0.3363193277310924,0.665334012392836,4,8,719.4975482079899
HHO,Diabetes,16,0.26921638655462177,0.7343773873185638,5,8,719.5855417090352
HHO,Diabetes,17,0.3607899159663865,0.6406162464985995,4,8,711.6879299579887
HHO,Diabetes,18,0.2627605042016807,0.7421611068669892,6,8,719.4384979170281
HHO,Diabetes,19,0.27434663865546216,0.7317205670146847,7,8,724.0107672919985
HHO,Diabetes,21,0.42540126050420163,0.5715643833290892,1,8,706.017202041985
HHO,Diabetes,20,0.2563235294117646,0.7486631016042782,6,8,733.2272332499851
HHO,Diabetes,22,0.36211134453781507,0.6380188439011969,3,8,714.6226769579807
HHO,Diabetes,24,0.4240567226890756,0.572922502334267,1,8,699.5201571669895
HHO,Diabetes,23,0.3361911764705882,0.6667260843731432,5,8,722.6260445420048
HHO,Diabetes,25,0.24979201680672275,0.7565232153467447,7,8,741.3099094170029
HHO,Diabetes,26,1.0,0.0,0,8,722.3243853340391
HHO,Diabetes,27,0.36083613445378154,0.6380443086325439,2,8,696.5534884590306
HHO,Diabetes,28,0.27696638655462186,0.7252864782276547,4,8,716.1264402910019
HHO,Diabetes,29,0.34795378151260503,0.651056786350904,2,8,703.4063178329961
HHO,GermanCredit,0,0.3010299999999999,0.7030000000000001,14,20,1033.9122569589526
HHO,GermanCredit,1,0.2921,0.71,10,20,1011.7328245420358
HHO,GermanCredit,3,0.26244,0.744,18,20,1030.7379962920095
HHO,GermanCredit,2,0.2674,0.74,20,20,1084.4366220830125
HHO,GermanCredit,4,0.29801999999999995,0.7020000000000001,6,20,1027.7179145420087
HHO,GermanCredit,5,0.28323000000000004,0.723,18,20,1028.0513235420221
HHO,GermanCredit,6,0.2832,0.72,12,20,1029.4278929579887
HHO,GermanCredit,7,0.26641000000000004,0.741,20,20,1080.3138216250227
HHO,GermanCredit,9,1.0,0.0,0,20,957.5410717499908
HHO,GermanCredit,8,0.3762199999999999,0.6220000000000001,4,20,1003.3407475840067
HHO,GermanCredit,11,0.2921,0.71,10,20,1001.4422819999745
HHO,GermanCredit,10,0.2634399999999999,0.7440000000000001,20,20,1057.961996708007
HHO,GermanCredit,12,0.2847,0.72,15,20,1000.938992624986
HHO,GermanCredit,13,0.30992000000000003,0.692,10,20,1041.6297072500456
HHO,GermanCredit,14,0.28368000000000004,0.718,9,20,1010.018491416995
HHO,GermanCredit,15,0.3069700000000001,0.697,14,20,1049.6147339590243
HHO,GermanCredit,16,0.27676,0.726,11,20,1013.8163316249847
HHO,GermanCredit,17,0.3193,0.68,5,20,989.1349821670447
HHO,GermanCredit,19,1.0,0.0,0,20,986.6202830420225
HHO,GermanCredit,18,0.2693799999999999,0.7380000000000001,20,20,1046.9023302919813
HHO,GermanCredit,20,0.26936000000000004,0.736,16,20,1069.845319584012
HHO,GermanCredit,21,0.29853,0.703,9,20,1011.4140883330256
HHO,GermanCredit,22,0.28861000000000003,0.711,5,20,1068.6032565410133
HHO,GermanCredit,23,0.27234,0.734,18,20,1046.9027394999866
HHO,GermanCredit,25,0.33269,0.669,10,20,1018.0063755830051
HHO,GermanCredit,24,0.2644299999999999,0.7430000000000001,20,20,1038.661782665993
HHO,HeartDisease,0,0.19340169491525427,0.8147457627118644,13,13,414.6941355000017
HHO,GermanCredit,26,0.29405999999999993,0.7060000000000001,6,20,987.7019337080419
HHO,GermanCredit,27,0.26542,0.742,20,20,989.4266509590088
HHO,HeartDisease,1,0.24115267275097785,0.7610734463276836,6,13,412.64572437497554
HHO,GermanCredit,28,0.25948,0.748,20,20,1112.5624301669886
HHO,HeartDisease,2,0.179264667535854,0.8282485875706215,12,13,420.02135541598545
HHO,HeartDisease,3,0.1833898305084744,0.8248587570621471,13,13,413.444113540987
HHO,HeartDisease,4,0.30980912646675357,0.6901694915254237,4,13,410.7981267499854
HHO,HeartDisease,5,0.3120049543676662,0.6902824858757063,7,13,412.935638541996
HHO,HeartDisease,6,1.0,0.0,0,13,411.98259579204023
HHO,HeartDisease,7,0.2580441981747068,0.7440112994350281,6,13,416.7545234580175
HHO,GermanCredit,29,0.2683899999999999,0.7390000000000001,20,20,1067.0278273340082
HHO,HeartDisease,8,0.18998983050847457,0.8181920903954802,13,13,420.83524408302037
HHO,HeartDisease,9,0.22607926988265972,0.7778531073446328,8,13,421.80877987499116
HHO,HeartDisease,10,1.0,0.0,0,13,420.76687662495533
HHO,HeartDisease,11,0.2067688396349413,0.798135593220339,9,13,420.4887037089793
HHO,HeartDisease,12,0.325596479791395,0.6765536723163842,7,13,418.11045612505404
HHO,HeartDisease,13,0.2969868318122555,0.7038983050847458,5,13,417.60646816698136
HHO,HeartDisease,14,0.300621773142112,0.6971186440677967,1,13,414.7318806250114
HHO,HeartDisease,15,1.0,0.0,0,13,415.14746029197704
HHO,HeartDisease,16,0.17332203389830497,0.8350282485875707,13,13,426.7377917919657
HHO,HeartDisease,17,0.35551955671447194,0.6432203389830509,3,13,420.6123948749737
HHO,HeartDisease,18,1.0,0.0,0,13,415.66886150004575
HHO,HeartDisease,19,0.20253246414602338,0.8047457627118645,12,13,419.11707833304536
HHO,HeartDisease,20,0.1635898305084745,0.844858757062147,13,13,423.3659630409675
HHO,HeartDisease,21,1.0,0.0,0,13,413.91520683304407
HHO,HeartDisease,22,0.21255684485006524,0.7876271186440678,3,13,415.4903441670467
HHO,HeartDisease,23,0.1798101694915254,0.8284745762711865,13,13,422.6882778330473
HHO,HeartDisease,24,0.2984693611473272,0.703954802259887,7,13,413.2041327919578
HHO,HeartDisease,26,1.0,0.0,0,13,410.65491245803423
HHO,HeartDisease,25,0.1866898305084746,0.8215254237288135,13,13,417.12881645798916
HHO,HeartDisease,27,1.0,0.0,0,13,397.96830441697966
HHO,HeartDisease,28,0.30127979139504557,0.7003389830508475,6,13,400.69752304203575
HHO,HeartDisease,29,0.20313389830508474,0.8049152542372882,13,13,397.5621302079526
HHO,IonosphereEW,0,0.15330649781039166,0.8460362173038231,3,34,587.2074442500016
HHO,IonosphereEW,1,1.0,0.0,0,34,541.3349884999916
HHO,IonosphereEW,2,1.0,0.0,0,34,470.1540250830003
HHO,IonosphereEW,4,1.0,0.0,0,34,472.0834774589748
HHO,IonosphereEW,3,1.0,0.0,0,34,481.4481104580336
HHO,IonosphereEW,6,1.0,0.0,0,34,481.1136688339757
HHO,IonosphereEW,5,1.0,0.0,0,34,540.0864497079747
HHO,IonosphereEW,7,1.0,0.0,0,34,501.2958751670085
HHO,IonosphereEW,9,1.0,0.0,0,34,581.422357082949
HHO,IonosphereEW,10,1.0,0.0,0,34,478.78557958302554
HHO,IonosphereEW,8,1.0,0.0,0,34,625.8564764590119
HHO,IonosphereEW,11,1.0,0.0,0,34,507.6299009589711
HHO,IonosphereEW,13,1.0,0.0,0,34,468.5423767080065
HHO,IonosphereEW,14,1.0,0.0,0,34,471.66524641698925
HHO,IonosphereEW,12,0.19753717599715934,0.800764587525151,1,34,603.2729461250128
HHO,IonosphereEW,15,1.0,0.0,0,34,485.9106457910384
HHO,IonosphereEW,16,1.0,0.0,0,34,503.51595475000795
HHO,IonosphereEW,17,1.0,0.0,0,34,527.8775115839671
HHO,IonosphereEW,18,1.0,0.0,0,34,534.3926088339649
HHO,IonosphereEW,20,1.0,0.0,0,34,481.8116600420326
HHO,IonosphereEW,19,1.0,0.0,0,34,546.4354228749871
HHO,IonosphereEW,21,1.0,0.0,0,34,493.6525700420025
HHO,IonosphereEW,22,1.0,0.0,0,34,482.33657416701317
HHO,IonosphereEW,23,1.0,0.0,0,34,496.9146216669469
HHO,IonosphereEW,24,1.0,0.0,0,34,473.18201529199723
HHO,IonosphereEW,26,1.0,0.0,0,34,471.7993701249943
HHO,IonosphereEW,25,1.0,0.0,0,34,559.0686541670002
HHO,IonosphereEW,29,1.0,0.0,0,34,528.1401024169754
HHO,IonosphereEW,28,1.0,0.0,0,34,571.8661548750242
HHO,IonosphereEW,27,0.11888801041543377,0.8831790744466801,11,34,644.8303646249697
HHO,KrVsKpEW,0,0.44903222459758546,0.5478750978090767,5,35,2955.4200026670005
HHO,KrVsKpEW,1,0.19365298038229364,0.8075655320813773,11,35,3104.999355708016
HHO,KrVsKpEW,4,0.07254770497987927,0.9333572965571205,23,35,3101.5666283750325
HHO,KrVsKpEW,2,0.08906085890342048,0.9192747456964007,32,35,3269.9276315000025
HHO,KrVsKpEW,3,0.1112143800301811,0.8948772496087637,25,35,3212.985192082997
HHO,KrVsKpEW,7,1.0,0.0,0,35,3108.670369709027
HHO,KrVsKpEW,5,0.07383866951710252,0.9352278951486699,34,35,3246.283723707951
HHO,KrVsKpEW,6,0.07685723088531193,0.9292928403755868,24,35,3267.8963470419985
HHO,KrVsKpEW,8,0.08550672157947692,0.9208445813771517,25,35,3314.621251375007
HHO,KrVsKpEW,9,0.14664839662977885,0.8576423122065726,20,35,3221.5265426250407
HHO,KrVsKpEW,10,0.2681073126257545,0.7346679381846636,19,35,3316.387639208988
HHO,KrVsKpEW,11,0.0756250565895373,0.9305374608763692,24,35,3308.8511936250143
HHO,KrVsKpEW,12,0.08212774144869205,0.9239690923317685,24,35,3377.861074250017
HHO,KrVsKpEW,14,0.08012178068410461,0.927726917057903,30,35,3336.5556627920014
HHO,KrVsKpEW,13,0.17395639461770623,0.833233079029734,31,35,3410.8646737500094
HHO,KrVsKpEW,15,0.0775275088028168,0.9317903951486699,35,35,3366.16298170801
HHO,KrVsKpEW,16,0.07845805457746483,0.9308504499217527,35,35,3445.460291708994
HHO,KrVsKpEW,17,0.19353564512072452,0.8091270539906101,16,35,3385.3050646249903
HHO,KrVsKpEW,18,0.22586187122736415,0.7750312989045384,11,35,3021.6799771249644
HHO,KrVsKpEW,19,0.07426683224346063,0.9333524061032865,29,35,3392.837843999965
HHO,KrVsKpEW,20,0.08355824949698201,0.9239671361502346,29,35,3362.522535832948
HHO,KrVsKpEW,22,0.09001506539235428,0.9180223004694834,31,35,3354.563741583028
HHO,KrVsKpEW,21,0.07664670523138839,0.9321028951486697,33,35,3460.594195750018
HHO,KrVsKpEW,23,0.08756614688128755,0.9202073552425667,30,35,3442.6267465000274
HHO,Leukemia,0,1.0,0.0,0,3571,1072.645864333026
HHO,Leukemia,1,1.0,0.0,0,3571,1071.3780224170187
HHO,Leukemia,2,1.0,0.0,0,3571,1074.9152686249581
HHO,Leukemia,3,1.0,0.0,0,3571,1082.804135665996
HHO,KrVsKpEW,24,0.08093983274647885,0.928343603286385,35,35,3294.6729587499867
HHO,KrVsKpEW,25,0.07271608400402421,0.9349188184663536,29,35,3340.3186540829483
HHO,KrVsKpEW,26,0.3273598780181087,0.6736624608763693,15,35,3299.7903967080056
HHO,KrVsKpEW,27,0.09308660714285708,0.9152083333333334,32,35,3194.8464922499843
HHO,KrVsKpEW,28,0.20241287726358148,0.8013145539906104,20,35,3157.5982622089796
HHO,KrVsKpEW,29,0.0688514524647887,0.9405540884194054,35,35,3179.6107431669952
HHO,Leukemia,4,1.0,0.0,0,3571,992.4493966670125
HHO,Leukemia,5,1.0,0.0,0,3571,980.5932685839944
HHO,Leukemia,6,1.0,0.0,0,3571,926.7334457499674
HHO,Leukemia,7,1.0,0.0,0,3571,926.4364292499959
HHO,Leukemia,8,1.0,0.0,0,3571,915.5217480420251
HHO,Leukemia,9,0.16606607192863138,0.8323809523809524,44,3571,882.6917410839815
HHO,Leukemia,10,1.0,0.0,0,3571,883.1760552499909
HHO,Leukemia,11,1.0,0.0,0,3571,875.0696352919913
HHO,Leukemia,12,1.0,0.0,0,3571,864.667942125001
HHO,Leukemia,13,1.0,0.0,0,3571,863.7821968749631
HHO,Leukemia,14,1.0,0.0,0,3571,859.0886061249766
HHO,Leukemia,15,1.0,0.0,0,3571,864.0933825000538
HHO,Leukemia,16,1.0,0.0,0,3571,864.9856238340144
HHO,Leukemia,17,1.0,0.0,0,3571,859.2628820840036
HHO,Leukemia,18,1.0,0.0,0,3571,861.3680869590025
HHO,Leukemia,19,1.0,0.0,0,3571,857.7427518750192
HHO,Leukemia,20,1.0,0.0,0,3571,861.1941283329506
HHO,Leukemia,21,0.4686028003360404,0.5266666666666666,1,3571,855.9772182090092
HHO,Leukemia,22,1.0,0.0,0,3571,858.0280042919912
HHO,Leukemia,23,1.0,0.0,0,3571,865.6772420000052
HHO,Leukemia,24,1.0,0.0,0,3571,849.7255265830318
HHO,Lymphography,0,1.0,0.0,0,18,234.72990983404452
HHO,Lymphography,1,0.4427287356321839,0.5544827586206896,3,18,242.81874725001398
HHO,Leukemia,25,1.0,0.0,0,3571,808.3054081670125
HHO,Leukemia,26,1.0,0.0,0,3571,813.1775588750024
HHO,Lymphography,2,0.21187586206896555,0.7910344827586206,9,18,252.09654858300928
HHO,Lymphography,3,0.5019279693486589,0.49356321839080464,1,18,260.6382450830424
HHO,Leukemia,27,1.0,0.0,0,3571,791.3117897500051
HHO,Leukemia,28,1.0,0.0,0,3571,801.3714415000286
HHO,Leukemia,29,1.0,0.0,0,3571,804.9964849589742
HHO,Lymphography,4,0.19070344827586203,0.8174712643678161,18,18,301.8426505829557
HHO,Lymphography,6,0.2484636015325671,0.7563218390804597,13,18,294.50333124998724
HHO,Lymphography,5,0.15499923371647503,0.8524137931034483,16,18,312.26557170803426
HHO,Lymphography,7,0.17044827586206907,0.8379310344827585,18,18,306.6083593330113
HHO,Lymphography,8,0.24300842911877385,0.7567816091954024,4,18,308.4262850000523
HHO,Lymphography,9,0.21157471264367814,0.7896551724137931,6,18,313.9328073330107
HHO,Lymphography,10,0.1784206896551724,0.8248275862068966,9,18,320.8794045000104
HHO,Lymphography,11,1.0,0.0,0,18,322.3185625830083
HHO,Lymphography,12,0.20435862068965516,0.8036781609195403,18,18,324.2596744589973
HHO,Lymphography,13,0.18969272030651343,0.8179310344827586,17,18,340.0248687500134
HHO,Lymphography,14,0.20344827586206896,0.8045977011494253,18,18,339.0757650840096
HHO,Lymphography,15,0.19002068965517246,0.8181609195402298,18,18,324.26675645797513
HHO,Lymphography,16,0.21004827586206912,0.7979310344827585,18,18,340.2046904169838
HHO,Lymphography,17,0.26447509578544065,0.7367816091954023,7,18,320.2627838749904
HHO,Lymphography,18,1.0,0.0,0,18,324.6904952080222
HHO,Lymphography,19,0.2100482758620689,0.7979310344827587,18,18,323.74455533298897
HHO,Lymphography,20,0.2277532567049809,0.7772413793103448,13,18,323.0879205830279
HHO,Lymphography,22,0.24062528735632183,0.7636781609195402,12,18,324.030435667024
HHO,Lymphography,21,0.1699931034482758,0.8383908045977012,18,18,333.5771317080362
HHO,Lymphography,23,0.20334789272030646,0.8041379310344828,17,18,321.7758903329959
HHO,Lymphography,24,0.1918482758620689,0.811264367816092,9,18,323.66166333301226
HHO,Lymphography,25,0.25137547892720297,0.7505747126436783,8,18,323.5220041249995
HHO,Lymphography,26,0.344384674329502,0.6549425287356321,5,18,321.9626835419913
HHO,Lymphography,27,0.24268045977011507,0.7565517241379309,3,18,321.713772875024
HHO,Lymphography,28,0.15087586206896547,0.8577011494252874,18,18,325.1384851250332
HHO,Lymphography,29,0.14999233716475088,0.8574712643678162,16,18,325.0030585420318
HHO,M-of-n,1,0.3537576923076923,0.645,3,13,892.1431628330029
HHO,M-of-n,0,0.27246384615384617,0.731,8,13,912.4587677079835
HHO,M-of-n,3,0.21724461538461534,0.786,7,13,896.0824062500033
HHO,M-of-n,2,0.1853438461538462,0.819,8,13,904.374164082983
HHO,M-of-n,4,0.14783076923076924,0.86,12,13,903.6664014999988
HHO,M-of-n,6,0.36761769230769226,0.631,3,13,890.8700896669761
HHO,M-of-n,5,0.1797315384615385,0.827,11,13,911.1862471670029
HHO,M-of-n,7,0.1637846153846153,0.8400000000000001,7,13,905.7518442090368
HHO,M-of-n,8,1.0,0.0,0,13,888.7702840420534
HHO,M-of-n,9,0.27081846153846156,0.728,2,13,899.3619669160107
HHO,M-of-n,11,0.13969,0.869,13,13,908.3229521249887
HHO,M-of-n,10,0.13474,0.874,13,13,926.012964084046
HHO,M-of-n,12,0.33406461538461535,0.668,7,13,899.9444998750114
HHO,M-of-n,13,0.13199076923076922,0.876,12,13,906.9446145420079
HHO,M-of-n,14,0.17599230769230784,0.8299999999999998,10,13,910.8672465420095
HHO,M-of-n,15,0.18237384615384608,0.8220000000000001,8,13,906.7306782499654
HHO,M-of-n,16,0.13474,0.874,13,13,917.8438284170115
HHO,M-of-n,17,1.0,0.0,0,13,905.9973404579796
HHO,M-of-n,18,0.19007307692307687,0.8150000000000001,9,13,911.3818751669605
HHO,M-of-n,19,1.0,0.0,0,13,896.645427084004
HHO,M-of-n,20,0.3411084615384615,0.657,2,13,895.0477968750056
HHO,M-of-n,21,0.27785538461538467,0.724,6,13,899.3477515419945
HHO,M-of-n,22,1.0,0.0,0,13,894.9561335000326
HHO,M-of-n,23,0.1307799999999999,0.8780000000000001,13,13,910.0622565409867
HHO,Parkinsons,0,0.1883006993006993,0.8102564102564103,1,22,360.33888283302076
HHO,Parkinsons,1,0.10138461538461538,0.9076923076923077,22,22,442.56877108302433
HHO,M-of-n,24,0.17390538461538466,0.829,6,13,884.0992850839975
HHO,M-of-n,25,0.24793461538461536,0.755,7,13,893.3249335419969
HHO,M-of-n,26,0.32009769230769225,0.679,3,13,874.6010280830087
HHO,Parkinsons,2,0.07236363636363635,0.9333333333333333,14,22,406.5615287920227
HHO,M-of-n,27,0.17742384615384618,0.827,8,13,877.4696701659705
HHO,M-of-n,28,0.1770961538461539,0.825,5,13,890.9084586249664
HHO,M-of-n,29,0.46639692307692304,0.532,4,13,879.3209282910102
HHO,Parkinsons,3,0.11252447552447548,0.8923076923076924,13,22,390.3706985829631
HHO,Parkinsons,4,0.0719090909090909,0.9333333333333333,13,22,368.89632537501166
HHO,Parkinsons,5,0.09123076923076916,0.917948717948718,22,22,386.69263837498147
HHO,Parkinsons,6,1.0,0.0,0,22,355.44556899997406
HHO,Parkinsons,7,1.0,0.0,0,22,357.77993329201126
HHO,Parkinsons,8,0.11206993006993002,0.8923076923076924,12,22,360.9984572500107
HHO,Parkinsons,9,0.09130769230769234,0.9128205128205128,11,22,376.51876208302565
HHO,Parkinsons,10,0.11161538461538457,0.8923076923076924,11,22,362.13696654199157
HHO,Parkinsons,11,0.05857342657342659,0.9435897435897436,6,22,356.40969004202634
HHO,Parkinsons,12,0.0861538461538461,0.9230769230769231,22,22,436.7598029579967
HHO,Parkinsons,14,0.07607692307692315,0.9282051282051281,11,22,349.4743749999907
HHO,Parkinsons,15,0.10100699300699299,0.9025641025641026,10,22,355.69622745900415
HHO,Parkinsons,13,0.10646153846153844,0.9025641025641026,22,22,431.5602982499986
HHO,Parkinsons,16,0.1495034965034965,0.8512820512820513,5,22,358.5658607080113
HHO,Parkinsons,17,1.0,0.0,0,22,356.3129445419763
HHO,Parkinsons,18,0.13844055944055952,0.8615384615384615,3,22,355.2074162919889
HHO,Parkinsons,19,0.082062937062937,0.9230769230769231,13,22,371.01948516705306
HHO,Parkinsons,20,0.2552097902097902,0.7435897435897436,3,22,356.46040800004266
HHO,Parkinsons,21,0.07979020979020973,0.9230769230769231,8,22,365.0279188749846
HHO,Parkinsons,23,1.0,0.0,0,22,352.2000390829635
HHO,Parkinsons,24,0.16890209790209798,0.8307692307692307,3,22,352.67918041697703
HHO,Parkinsons,22,0.10047552447552448,0.9076923076923077,20,22,393.3576073329896
HHO,Parkinsons,25,0.12965034965034974,0.8717948717948717,6,22,348.52921591699123
HHO,Parkinsons,26,0.11578321678321671,0.8871794871794872,9,22,356.2665205830126
HHO,Parkinsons,27,0.09585314685314689,0.9128205128205128,21,22,421.4178913329961
HHO,Parkinsons,28,0.12965034965034952,0.8717948717948719,6,22,286.92945495800814
HHO,Parkinsons,29,0.31014685314685314,0.6871794871794872,1,22,270.31412070803344
HHO,Sonar,0,0.22890708478513366,0.7694541231126596,4,60,638.3432400409947
HHO,Sonar,1,1.0,0.0,0,60,650.0861680840026
HHO,Sonar,2,0.481368757259001,0.5139372822299653,1,60,647.4556823329767
HHO,Sonar,3,0.17181649245063874,0.832171893147503,34,60,656.1389152500196
HHO,Sonar,4,0.2295737514518003,0.7694541231126596,8,60,650.4853374580271
HHO,Sonar,7,0.3484372822299652,0.6485481997677119,3,60,637.030256166996
HHO,Sonar,5,0.18187166085946574,0.8221835075493612,35,60,671.1206837500213
HHO,Sonar,6,0.18304587688734036,0.8169570267131242,11,60,669.7373418749776
HHO,Sonar,8,1.0,0.0,0,60,645.487171042012
HHO,Sonar,9,0.20689895470383277,0.7930313588850174,12,60,645.5412136670202
HHO,Sonar,10,0.2913426248548198,0.7063879210220675,4,60,624.2582107910421
HHO,Sonar,11,0.2121649245063879,0.7883855981416957,16,60,643.076838375011
HHO,Sonar,12,1.0,0.0,0,60,624.267997500021
HHO,Sonar,13,0.3867264808362369,0.6098722415795587,3,60,631.5448172920151
HHO,Sonar,14,0.13045121951219515,0.8747967479674796,39,60,667.8860207910184
HHO,Sonar,15,0.17309814169570265,0.8320557491289199,41,60,675.7562547500129
HHO,Sonar,16,0.2824140534262484,0.715911730545877,7,60,675.3717040829943
HHO,Sonar,17,0.19722880371660853,0.8031358885017422,14,60,701.239660791005
HHO,Sonar,18,0.18393495934959353,0.8219512195121951,46,60,698.7000116250128
HHO,Sonar,19,0.1819076655052264,0.8177700348432057,9,60,691.8574814159656
HHO,Sonar,20,0.2829024390243902,0.7162601626016261,12,60,700.8705030410201
HHO,Sonar,21,1.0,0.0,0,60,624.6119995830231
HHO,Sonar,22,1.0,0.0,0,60,639.9779366669827
HHO,Sonar,23,0.3205249709639953,0.6775842044134728,8,60,709.9341799580143
HHO,SpectEW,0,1.0,0.0,0,22,298.763298166974
HHO,SpectEW,1,0.1768290451686679,0.827812718378756,14,22,288.48182133299997
HHO,Sonar,24,1.0,0.0,0,60,684.6410428339732
HHO,Sonar,25,0.18220499419279906,0.8221835075493612,37,60,691.937880292011
HHO,Sonar,26,0.15618524970964,0.846109175377468,23,60,690.8377589160227
HHO,Sonar,27,1.0,0.0,0,60,680.7447607910144
HHO,Sonar,28,0.17887166085946574,0.8221835075493612,17,60,691.9445054160315
HHO,SpectEW,2,1.0,0.0,0,22,312.4504840419977
HHO,Sonar,29,0.23135540069686425,0.7693379790940765,18,60,719.4675800420227
HHO,SpectEW,3,0.22040365923384803,0.7860936408106218,19,22,384.0436601250549
HHO,SpectEW,4,1.0,0.0,0,22,373.4009591670474
HHO,SpectEW,6,0.34837278444825603,0.6485674353598883,1,22,378.4077556670527
HHO,SpectEW,5,1.0,0.0,0,22,388.92570399999386
HHO,SpectEW,8,0.21558147512864484,0.7863731656184487,9,22,415.8938527919818
HHO,SpectEW,7,0.19331389365351617,0.8129979035639414,18,22,453.5633910839679
HHO,SpectEW,9,0.25451172098341907,0.7452131376659679,5,22,394.7070030410541
HHO,SpectEW,10,0.20143853630646077,0.8011180992313068,10,22,418.57158804201754
HHO,SpectEW,11,0.2583167524299599,0.7413696715583509,5,22,406.19785754196346
HHO,SpectEW,12,0.20238707833047465,0.8015373864430467,13,22,437.3450095829903
HHO,SpectEW,13,0.19749514008004565,0.8051013277428373,10,22,405.75077262497507
HHO,SpectEW,14,0.23960720411663808,0.7639412997903564,13,22,413.8633840420516
HHO,SpectEW,15,1.0,0.0,0,22,406.3591207090067
HHO,SpectEW,16,0.24722641509433968,0.760377358490566,22,22,437.9991385419853
HHO,SpectEW,17,0.16107547169811326,0.8423480083857442,11,22,435.69785387499724
HHO,SpectEW,18,0.19285020011435108,0.8088749126484975,8,22,405.29024133301573
HHO,SpectEW,19,0.20539165237278445,0.7980433263452131,12,22,444.1346875000163
HHO,SpectEW,20,0.23709719839908525,0.7646401118099231,9,22,410.68367162504
HHO,SpectEW,21,1.0,0.0,0,22,408.29890587500995
HHO,SpectEW,22,0.21770668953687816,0.7823899371069183,5,22,405.9903054580209
HHO,SpectEW,23,0.20259462550028579,0.8013277428371769,13,22,433.3936035420047
HHO,SpectEW,25,1.0,0.0,0,22,411.90563733299496
HHO,SpectEW,24,0.19013150371640933,0.8162124388539483,18,22,436.50604470900726
HHO,SpectEW,26,0.2501137793024585,0.7491963661774983,4,22,412.12540620804066
HHO,SpectEW,27,1.0,0.0,0,22,409.7192418340128
HHO,SpectEW,28,1.0,0.0,0,22,405.9470721249818
HHO,SpectEW,29,0.24735620354488277,0.752900069881202,6,22,417.67359779198887
HHO,TicTacToe,0,0.25574323734729504,0.7484075043630016,6,9,841.2467180840322
HHO,TicTacToe,1,0.34530991855730075,0.6534467713787085,2,9,829.9914383750292
HHO,TicTacToe,3,0.34745767888307155,0.6523996509598604,3,9,834.8637450829847
HHO,TicTacToe,2,0.15777110602094235,0.8507362565445027,9,9,872.1751554579823
HHO,TicTacToe,4,0.15880775523560212,0.8496891361256544,9,9,870.8229982079938
HHO,TicTacToe,5,0.16502225130890044,0.843411867364747,9,9,868.4598476249957
HHO,TicTacToe,6,0.208346676847004,0.7985274869109948,8,9,861.4757415420027
HHO,TicTacToe,7,0.2268455133798721,0.7787194589877835,7,9,852.6069532500114
HHO,TicTacToe,8,1.0,0.0,0,9,820.0206069169799
HHO,TicTacToe,9,0.2555457206224549,0.7463623472949389,4,9,847.7858869159827
HHO,TicTacToe,10,0.31863441681210003,0.6837587260034904,5,9,854.7234611249878
HHO,TicTacToe,11,0.2826409976730656,0.7223603839441537,7,9,856.9187735840096
HHO,TicTacToe,12,0.3022250763525305,0.7014561518324608,6,9,855.0808717920445
HHO,TicTacToe,13,0.16911485602094248,0.8392779232111692,9,9,861.8260178340133
HHO,TicTacToe,14,0.2507197134962187,0.755726439790576,8,9,862.1507954999688
HHO,TicTacToe,15,0.1536191099476439,0.8549301919720769,9,9,864.6479618750163
HHO,TicTacToe,16,0.31144806210005815,0.691017670157068,5,9,841.7395641670446
HHO,TicTacToe,17,0.16500605366492152,0.8434282286212914,9,9,857.3659438750474
HHO,TicTacToe,18,0.16604270287958117,0.8423811082024433,9,9,873.4689307500375
HHO,TicTacToe,19,0.1618745091623036,0.846591404886562,9,9,859.8573872920242
HHO,TicTacToe,20,0.16393700916230358,0.8445080715532287,9,9,880.1119351660018
HHO,TicTacToe,21,0.22772244037230954,0.775589005235602,5,9,849.4975052499794
HHO,TicTacToe,22,0.16916884816753916,0.8392233856893544,9,9,855.3959295829991
HHO,TicTacToe,23,0.16915804973821985,0.8392342931937173,9,9,867.1670683330158
HHO,Vote,0,1.0,0.0,0,16,372.76679174997844
HHO,TicTacToe,24,0.2393435682082606,0.7672174956369983,8,9,857.0416576660355
HHO,Vote,1,0.2913974329324699,0.706290471785384,1,16,379.2397877909825
HHO,TicTacToe,25,0.22488447134962192,0.7818226439790575,8,9,848.0615856249933
HHO,TicTacToe,26,1.0,0.0,0,9,822.7414390419726
HHO,TicTacToe,27,0.1588023560209425,0.8496945898778359,9,9,859.7136163329706
HHO,TicTacToe,28,0.1526094568062827,0.8559500436300175,9,9,870.5788801249582
HHO,Vote,2,1.0,0.0,0,16,376.1871527910116
HHO,Vote,3,1.0,0.0,0,16,376.8166672500083
HHO,Vote,4,1.0,0.0,0,16,377.1458802910056
HHO,TicTacToe,29,0.16500065445026169,0.843433682373473,9,9,845.4878622919787
HHO,Vote,5,1.0,0.0,0,16,376.5319574169698
HHO,Vote,6,0.258654486586494,0.7412580943570768,4,16,379.26982283295365
HHO,Vote,7,1.0,0.0,0,16,381.9010080000153
HHO,Vote,8,1.0,0.0,0,16,377.8196977080079
HHO,Vote,9,0.10199641535615167,0.9051803885291397,13,16,383.60070000000997
HHO,Vote,10,1.0,0.0,0,16,380.7586272920016
HHO,Vote,11,1.0,0.0,0,16,382.51482970803045
HHO,Vote,12,0.2787430619796484,0.719703977798335,2,16,378.5200626659789
HHO,Vote,13,0.4614649629972248,0.5345050878815911,1,16,380.74712708301377
HHO,Vote,14,1.0,0.0,0,16,373.93585000000894
HHO,Vote,15,1.0,0.0,0,16,376.69062470895005
HHO,Vote,16,1.0,0.0,0,16,376.05049379199045
HHO,Vote,17,1.0,0.0,0,16,372.80208875000244
HHO,Vote,18,1.0,0.0,0,16,377.35862679197453
HHO,Vote,19,1.0,0.0,0,16,375.21622641704744
HHO,Vote,20,1.0,0.0,0,16,378.86385866603814
HHO,Vote,21,0.22683221554116556,0.7715078630897317,1,16,379.0135740840342
HHO,Vote,22,1.0,0.0,0,16,376.72070199996233
HHO,Vote,23,1.0,0.0,0,16,373.10745870898245
HHO,Vote,24,1.0,0.0,0,16,370.4486907910323
HHO,Vote,25,1.0,0.0,0,16,369.6913396670134
HHO,Vote,26,1.0,0.0,0,16,369.6301364169922
HHO,Vote,27,1.0,0.0,0,16,367.7802252920228
HHO,Vote,28,1.0,0.0,0,16,363.7271535000182
HHO,Vote,29,1.0,0.0,0,16,333.8920484580449
HHO,WDBC,1,0.04492330383480824,0.9613569321533924,20,30,654.3966467500431
HHO,WDBC,6,0.054747865238317046,0.9490762303990063,13,30,618.9541211670148
HHO,WDBC,5,0.044782952957615356,0.9648657040832168,30,30,669.9047250830336
HHO,WDBC,3,0.043030740568234645,0.9666356155876418,30,30,745.776435000007
HHO,WDBC,7,0.04479832324173257,0.9648501785437045,30,30,667.1248497499619
HHO,WDBC,0,0.06844092532215505,0.9332246545567457,7,30,999.5477576249978
HHO,WDBC,4,1.0,0.0,0,30,889.970010708028
HHO,WDBC,2,0.031517621487346804,0.9718677224033534,11,30,1085.4167512499844
HHO,WDBC,8,0.04959882005899709,0.9542772861356932,13,30,584.0956820829888
HHO,WDBC,9,0.0395877969259433,0.9701133364384411,30,30,764.1644671249669
HHO,WDBC,11,1.0,0.0,0,30,714.6648265839904
HHO,WDBC,10,0.04844309889768666,0.9578015836050303,20,30,801.9711334169842
HHO,WDBC,13,1.0,0.0,0,30,659.1955241670366
HHO,WDBC,12,0.04431144232262074,0.9596180717279925,13,30,733.8506965829874
HHO,WDBC,15,0.04990141282409565,0.9543083372147182,14,30,696.8980313329957
HHO,WDBC,16,0.04257460021735758,0.9613724576929048,13,30,686.3992233329918
HHO,WDBC,14,1.0,0.0,0,30,941.5240940839867
HHO,WDBC,17,0.043008849557522176,0.9595870206489675,9,30,570.2486709580407
HHO,WDBC,18,0.04096056512963826,0.968390001552554,29,30,786.6678398340009
HHO,WDBC,20,0.03792113025927642,0.9701133364384413,25,30,834.9009946250007
HHO,WDBC,19,0.08484008694302134,0.915649743828598,4,30,851.1187812919961
HHO,WDBC,21,0.04997810898928741,0.9596180717279925,30,30,865.3311519580311
HHO,WDBC,22,0.04825011644154643,0.9542928116752056,9,30,674.9192621670081
HHO,WDBC,23,0.036642602080422255,0.9683744760130415,16,30,699.0918298750184
HHO,WDBC,24,0.04434218289085551,0.9595870206489675,13,30,700.4737869169912
HHO,WDBC,25,0.04006148113646941,0.9666045645086168,21,30,803.7956154590356
HHO,WDBC,26,1.0,0.0,0,30,729.2213727909839
HHO,WDBC,28,0.0649431765253842,0.9384412358329453,12,30,784.8362015839666
HHO,WDBC,27,0.029710603943487034,0.9753764943331781,16,30,846.7383125839988
HHO,WDBC,29,0.048342182890855505,0.9595870206489675,25,30,1131.676985875005
HHO,WaveformEW,2,0.27740599999999993,0.7256,23,40,5830.963108333992
HHO,WaveformEW,4,0.23411599999999994,0.7716000000000001,32,40,5961.957985542016
HHO,WaveformEW,0,0.23750200000000002,0.7702,40,40,6631.754982957966
HHO,WaveformEW,6,0.3415579999999999,0.6608,23,40,6177.0547737500165
HHO,WaveformEW,5,0.2424,0.765,39,40,6261.0765834580525
HHO,WaveformEW,3,0.25318799999999997,0.7488,18,40,6617.4843622909975
HHO,WaveformEW,7,0.233512,0.7712,28,40,6222.220171875029
HHO,WaveformEW,1,0.2575759999999999,0.7426,11,40,7715.8576677499805
HHO,WaveformEW,8,0.217484,0.7884,32,40,5549.874365375028
HHO,WaveformEW,10,0.225592,0.7792,28,40,5577.9095225420315
HHO,WaveformEW,12,0.23492800000000008,0.7727999999999999,40,40,5450.564124999975
HHO,WaveformEW,9,0.3166520000000001,0.6851999999999999,20,40,5934.934508167033
HHO,WaveformEW,11,0.23519999999999988,0.7700000000000001,30,40,5543.845095500001
HHO,WaveformEW,13,0.21173199999999998,0.7932,28,40,5535.19057258399
HHO,WaveformEW,14,0.35985799999999996,0.6408,17,40,6212.375465582998
HHO,WaveformEW,15,0.27270800000000006,0.7257999999999999,5,40,7024.776850875001
HHO,WaveformEW,20,0.23849200000000012,0.7691999999999999,40,40,5745.852643500024
HHO,WaveformEW,18,0.22809400000000002,0.7744,19,40,5922.909887875023
HHO,WaveformEW,19,0.26413,0.738,19,40,6047.949644416978
HHO,WaveformEW,21,0.42622000000000004,0.572,10,40,6033.128941959003
HHO,WaveformEW,16,1.0,0.0,0,40,7178.352015916957
HHO,WaveformEW,17,0.662018,0.3318,2,40,6799.539092541963
HHO,WaveformEW,22,0.21786000000000008,0.7859999999999999,24,40,6186.232986999967
HHO,Zoo,0,0.06845714285714283,0.940952380952381,16,16,214.82693337503588
HHO,Zoo,1,0.19200357142857144,0.8104761904761905,7,16,215.3064362499863
HHO,Zoo,2,0.08653571428571422,0.9214285714285715,14,16,215.67556179099483
HHO,Zoo,3,0.27624642857142867,0.7228571428571428,3,16,215.2445220410009
HHO,Zoo,4,0.06845714285714283,0.940952380952381,16,16,213.54203366598813
HHO,Zoo,5,0.08872857142857145,0.9204761904761904,16,16,213.18829287501285
HHO,Zoo,6,0.19387857142857146,0.8104761904761905,10,16,211.50817687500967
HHO,WaveformEW,23,0.2472380000000001,0.7537999999999999,14,40,6485.32450841699
HHO,Zoo,7,0.08466071428571423,0.9214285714285715,11,16,217.51119599997764
HHO,Zoo,8,0.2666535714285713,0.7338095238095239,5,16,215.2859784999746
HHO,Zoo,9,0.12488571428571427,0.8814285714285715,12,16,213.0699712909991
HHO,Zoo,10,0.046474999999999815,0.9600000000000002,11,16,212.80880441702902
HHO,Zoo,11,0.08810357142857145,0.9204761904761904,15,16,214.01944166701287
HHO,Zoo,12,1.0,0.0,0,16,210.40129741700366
HHO,Zoo,13,0.13353571428571417,0.8714285714285716,10,16,213.08589816599851
HHO,Zoo,14,0.06892857142857144,0.9404761904761905,16,16,213.5009492089739
HHO,Zoo,15,0.3540321428571429,0.6442857142857142,3,16,210.84693779202644
HHO,Zoo,16,0.2000178571428571,0.8023809523809524,7,16,209.8542382500018
HHO,Zoo,17,1.0,0.0,0,16,208.39834058302222
HHO,Zoo,18,0.08388214285714274,0.9209523809523811,9,16,209.47599245799938
HHO,Zoo,19,1.0,0.0,0,16,208.15388216701103
HHO,Zoo,20,0.05902857142857143,0.9504761904761905,16,16,208.9922477089567
HHO,Zoo,21,0.06642857142857145,0.9404761904761905,12,16,209.842810458038
HHO,Zoo,22,0.08435357142857146,0.9204761904761904,9,16,209.7859333329834
HHO,Zoo,23,0.12410714285714278,0.880952380952381,10,16,209.02984712499892
HHO,Zoo,24,0.08700714285714295,0.9209523809523809,14,16,209.90629533299943
HHO,Zoo,25,0.11295714285714287,0.8909523809523809,8,16,208.75988425000105
HHO,Zoo,26,1.0,0.0,0,16,207.72264529200038
HHO,Zoo,27,0.10476785714285713,0.9023809523809524,13,16,209.3020763330278
HHO,Zoo,28,0.08810357142857145,0.9204761904761904,15,16,211.151108207996
HHO,Zoo,29,0.31709642857142867,0.6828571428571427,5,16,209.1289475839585
HHO,WaveformEW,24,0.23096800000000006,0.7767999999999999,40,40,5611.067536999995
SSA,BreastEW,0,0.06389120270979437,0.9399527694289395,4,9,507.0976293749991
SSA,BreastEW,1,0.03569929869758117,0.9706741090596823,6,9,515.5363041659584
SSA,BreastEW,2,0.04720579886455805,0.9545620437956204,2,9,519.9048929580022
HHO,WaveformEW,26,0.29581,0.706,19,40,6021.044654625002
HHO,WaveformEW,28,0.315152,0.6852,14,40,5930.713973834005
SSA,BreastEW,3,0.08487808310672197,0.9165092314297982,2,9,549.8681077910005
HHO,WaveformEW,25,1.0,0.0,0,40,6414.274780749984
SSA,BreastEW,4,0.04329401030485183,0.9663696865607557,9,9,589.9381462080055
HHO,WaveformEW,29,0.235522,0.7722,40,40,5859.631414207979
SSA,BreastEW,5,0.04366003530365915,0.9648776298840704,8,9,614.7247844579979
SSA,BreastEW,6,0.038913327131339055,0.9663052812365823,5,9,649.2377187500242
SSA,BreastEW,7,1.0,0.0,0,9,667.4264493329683
SSA,BreastEW,8,0.03857918276799779,0.9677651352511807,6,9,690.2640159169678
SSA,BreastEW,9,0.12696052192166402,0.8740017174753113,2,9,693.729559333995
HHO,WaveformEW,27,0.39780199999999993,0.6002000000000001,8,40,6901.803984709026
SSA,BreastEW,10,0.09971791660703207,0.9003971661657364,1,9,702.4023649159935
SSA,BreastEW,11,0.041082414961118294,0.9663589523400601,7,9,711.475946208986
SSA,BreastEW,12,0.051586482038070834,0.9546264491197938,6,9,715.826895999955
SSA,BreastEW,13,1.0,0.0,0,9,712.5345217919676
SSA,BreastEW,14,0.038547302132531845,0.9677973379132675,6,9,728.4789186670096
SSA,BreastEW,15,1.0,0.0,0,9,720.0921924160211
SSA,BreastEW,16,0.07730703449262925,0.9252790897380849,3,9,739.9051364170155
SSA,BreastEW,17,0.04045663374838984,0.9692357234864749,9,9,746.0020171249635
SSA,BreastEW,18,0.05379807738180437,0.9546371833404894,8,9,739.4709467499633
SSA,BreastEW,19,0.06391245646677163,0.9399313009875483,4,9,731.1883798749768
SSA,BreastEW,20,1.0,0.0,0,9,722.1242712920066
SSA,BreastEW,21,0.0433046371833403,0.9663589523400603,9,9,743.2106746669742
SSA,BreastEW,22,0.04189126234435375,0.967786603692572,9,9,739.2808392500156
SSA,BreastEW,23,0.05408730499499065,0.9487333619579219,3,9,762.3321889580111
SSA,BreastEW,24,0.12248660607795422,0.8785208243881495,2,9,792.6428537500324
SSA,BreastEW,25,0.04577357950479461,0.9604980678402748,6,9,817.2133914169972
SSA,BreastEW,26,0.05078826153332373,0.9531880635465866,4,9,852.94476987503
SSA,BreastEW,27,0.058433698296837124,0.9443430656934305,3,9,851.4551887920243
SSA,BreastEW,28,0.048987607938552495,0.9561292400171748,5,9,901.7659561249893
SSA,BreastEW,29,0.03744681789990931,0.967786603692572,5,9,976.857310625026
SSA,ColonCancer,0,0.2224203846153846,0.7756410256410257,61,2000,6651.011672625027
SSA,ColonCancer,1,1.0,0.0,0,2000,6913.357054749969
SSA,ColonCancer,2,1.0,0.0,0,2000,7008.588135833037
SSA,ColonCancer,3,0.2870161538461539,0.7102564102564102,34,2000,7043.4417033750215
SSA,ColonCancer,4,1.0,0.0,0,2000,7080.286559125001
SSA,ColonCancer,5,1.0,0.0,0,2000,7086.211377875006
SSA,ColonCancer,6,1.0,0.0,0,2000,7093.945902334002
SSA,ColonCancer,7,0.4975434615384615,0.49743589743589745,1,2000,7112.5841652079835
SSA,ColonCancer,8,1.0,0.0,0,2000,7180.179177666025
SSA,ColonCancer,9,0.1273830769230768,0.8717948717948719,92,2000,7181.704833291005
SSA,ColonCancer,10,0.16444730769230767,0.8371794871794872,651,2000,7201.822195124987
SSA,ColonCancer,11,0.1783196153846154,0.8243589743589743,887,2000,7236.674338874989
SSA,ColonCancer,13,1.0,0.0,0,2000,7196.389462416992
SSA,ColonCancer,12,0.1977780769230769,0.8051282051282052,971,2000,7228.511711458967
SSA,ColonCancer,14,1.0,0.0,0,2000,7173.103840666008
SSA,ColonCancer,15,1.0,0.0,0,2000,7215.882553459029
SSA,ColonCancer,16,0.25338192307692314,0.7448717948717948,161,2000,7135.593428625027
SSA,ColonCancer,17,1.0,0.0,0,2000,7105.625594832993
SSA,ColonCancer,18,1.0,0.0,0,2000,7114.894257291977
SSA,ColonCancer,19,1.0,0.0,0,2000,7135.7888362079975
SSA,ColonCancer,20,1.0,0.0,0,2000,7125.046107458009
SSA,ColonCancer,21,1.0,0.0,0,2000,7123.163312875025
SSA,ColonCancer,22,0.3652442307692307,0.6320512820512821,195,2000,7142.98737466702
SSA,ColonCancer,23,1.0,0.0,0,2000,7148.873935582989
SSA,Diabetes,0,0.27820378151260494,0.7278244631185808,7,8,1129.255597667012
SSA,Diabetes,1,1.0,0.0,0,8,1139.8924875840312
SSA,Diabetes,2,0.2677899159663865,0.7396061454884985,8,8,1148.3359562910045
SSA,Diabetes,3,0.3091344537815125,0.6927934810287752,4,8,1103.7281339169713
SSA,Diabetes,4,1.0,0.0,0,8,1228.5523289170233
SSA,Diabetes,5,0.24200210084033616,0.7643918173329938,7,8,1269.6065032500192
SSA,Diabetes,6,0.34912394957983195,0.6536626771920889,5,8,1249.8446651250124
SSA,ColonCancer,24,0.4011969230769232,0.5948717948717948,24,2000,6121.4183770829695
SSA,Diabetes,7,0.2833823529411765,0.7213309566250743,6,8,1294.146027041017
SSA,ColonCancer,25,1.0,0.0,0,2000,5961.054248375003
SSA,ColonCancer,26,1.0,0.0,0,2000,5831.1855387079995
SSA,ColonCancer,27,0.38458692307692316,0.6115384615384615,2,2000,5762.062881583988
SSA,ColonCancer,28,0.40134192307692307,0.5948717948717949,53,2000,5702.757049166015
SSA,ColonCancer,29,1.0,0.0,0,2000,5691.960460958013
SSA,Diabetes,8,0.2589369747899159,0.7460232577879637,6,8,1100.4584507499821
SSA,Diabetes,9,0.29489285714285707,0.710966810966811,7,8,946.3473894579802
SSA,Diabetes,10,0.3376302521008404,0.6640098463627875,4,8,924.5596612500376
SSA,Diabetes,11,0.27554621848739497,0.7317714964773788,8,8,853.6253303330159
SSA,Diabetes,12,0.27430252100840347,0.7330277565571682,8,8,802.2867699580383
SSA,Diabetes,13,0.2678067226890757,0.7395891690009336,8,8,785.4040544169839
SSA,Diabetes,15,0.34789915966386553,0.6536372124607419,4,8,744.5109681670438
SSA,Diabetes,14,0.25747899159663856,0.750021220609456,8,8,755.0779216670198
SSA,Diabetes,16,0.27682352941176475,0.7304812834224599,8,8,755.3486730409786
SSA,Diabetes,18,0.3466386554621849,0.654910449028096,4,8,741.1069280419615
SSA,Diabetes,17,0.263890756302521,0.7435446906035141,8,8,744.3665932500153
SSA,Diabetes,19,0.293720588235294,0.7096256684491979,5,8,742.8005561250029
SSA,Diabetes,20,0.31173319327731075,0.6939563704269588,7,8,752.294058792002
SSA,Diabetes,21,0.2614537815126051,0.7409557762498938,4,8,749.6222123330226
SSA,Diabetes,23,0.35698529411764707,0.6431966726084373,3,8,737.0374207500136
SSA,Diabetes,22,0.2807268907563025,0.7240132416603005,6,8,752.6087221670314
SSA,Diabetes,24,0.44336764705882353,0.5534165181224004,1,8,734.2048420420033
SSA,Diabetes,26,0.2562710084033613,0.7499787793905441,7,8,752.7834875420085
SSA,Diabetes,25,0.2716638655462185,0.7356930651048298,8,8,763.8196595830377
SSA,Diabetes,27,0.2806470588235294,0.7266191325014855,8,8,748.3734552920214
SSA,Diabetes,28,0.278172268907563,0.7265936677701383,6,8,754.0675863340148
SSA,Diabetes,29,0.34795378151260503,0.651056786350904,2,8,743.2662362920237
SSA,GermanCredit,0,0.3306900000000001,0.6689999999999999,6,20,1053.6767501659924
SSA,GermanCredit,1,0.32971999999999985,0.6720000000000002,10,20,1060.3597976249876
SSA,GermanCredit,2,0.29655000000000004,0.705,9,20,1065.9921666250448
SSA,GermanCredit,3,0.27626,0.726,10,20,1062.6819437920349
SSA,GermanCredit,4,0.28618000000000005,0.718,14,20,1077.3483105000341
SSA,GermanCredit,5,0.29753,0.703,7,20,1041.2940776250325
SSA,GermanCredit,6,0.28619000000000006,0.719,16,20,1075.9248839999782
SSA,GermanCredit,7,0.26584,0.734,5,20,1038.2325267089764
SSA,GermanCredit,8,0.33465999999999996,0.666,8,20,1082.1453257919638
SSA,GermanCredit,9,0.27234,0.734,18,20,1068.7638394169626
SSA,GermanCredit,10,0.2921099999999999,0.7110000000000001,12,20,1059.0624411670142
SSA,GermanCredit,12,0.30742,0.692,5,20,1034.4017295829835
SSA,GermanCredit,11,0.33958,0.658,2,20,1073.506336749997
SSA,GermanCredit,13,1.0,0.0,0,20,1058.0313699999824
SSA,GermanCredit,15,0.26143,0.743,14,20,1077.4727298750076
SSA,GermanCredit,14,0.2644299999999999,0.7430000000000001,20,20,1107.8714462500066
SSA,GermanCredit,16,0.28367999999999993,0.7180000000000001,9,20,1042.8844796670019
SSA,GermanCredit,17,0.24556999999999998,0.757,10,20,1058.9811267919722
SSA,GermanCredit,18,0.2693799999999999,0.7380000000000001,20,20,1094.1094781249994
SSA,GermanCredit,20,0.35345,0.645,4,20,1033.7188351670047
SSA,GermanCredit,19,0.27728,0.728,16,20,1076.8797565409914
SSA,GermanCredit,21,0.27479000000000003,0.729,13,20,1060.1853720829822
SSA,GermanCredit,22,0.31339999999999996,0.6900000000000001,13,20,1065.0641180420062
SSA,GermanCredit,23,0.2544699999999999,0.7470000000000001,8,20,1059.1280499580316
SSA,GermanCredit,24,0.25599,0.749,15,20,1073.3775673750206
SSA,GermanCredit,25,0.2852,0.72,16,20,1065.1979294579942
SSA,HeartDisease,0,0.2237715775749674,0.7778531073446328,5,13,434.4379037920153
SSA,HeartDisease,1,0.19647796610169488,0.8116384180790961,13,13,434.9260444579995
SSA,GermanCredit,26,0.29262000000000005,0.712,15,20,1050.8529161249753
SSA,HeartDisease,2,0.15247314211212523,0.8553107344632768,12,13,432.6503437079955
SSA,HeartDisease,3,0.23179882659713175,0.7744067796610169,11,13,434.5382995000109
SSA,GermanCredit,28,0.29655999999999993,0.7060000000000001,11,20,1053.7858356670476
SSA,HeartDisease,4,0.1633654498044329,0.8419774011299435,9,13,432.80207529099425
SSA,GermanCredit,27,0.26542,0.742,20,20,1089.7107990410295
SSA,HeartDisease,5,0.19582059973924373,0.8115254237288136,12,13,436.5252585419803
SSA,GermanCredit,29,0.27529000000000015,0.7289999999999999,14,20,1065.8194850410218
SSA,HeartDisease,6,0.18543037809647975,0.818135593220339,7,13,432.21262883394957
SSA,HeartDisease,7,1.0,0.0,0,13,430.3341471659951
SSA,HeartDisease,8,0.17574093872229465,0.8318079096045198,12,13,435.7063877910259
SSA,HeartDisease,9,0.25187718383311597,0.7479096045197741,3,13,431.298820541997
SSA,HeartDisease,10,0.2586456323337679,0.744180790960452,7,13,434.1560604579863
SSA,HeartDisease,11,0.19295423728813554,0.8151977401129944,13,13,434.4594274580013
SSA,HeartDisease,12,0.20517444589308995,0.7981920903954802,7,13,433.623162999982
SSA,HeartDisease,13,0.18311016949152548,0.8251412429378531,13,13,435.6081476670224
SSA,HeartDisease,14,1.0,0.0,0,13,430.18846770800883
SSA,HeartDisease,15,0.23460860495436772,0.767683615819209,6,13,432.60943483299343
SSA,HeartDisease,16,0.17332203389830497,0.8350282485875707,13,13,438.26680441602366
SSA,HeartDisease,17,0.18333324641460236,0.8218079096045198,9,13,434.1890721670352
SSA,HeartDisease,19,1.0,0.0,0,13,432.27232025004923
SSA,HeartDisease,18,1.0,0.0,0,13,435.88384304201463
SSA,HeartDisease,20,0.1635898305084745,0.844858757062147,13,13,439.16336533398135
SSA,HeartDisease,21,0.2209058670143416,0.7846327683615819,10,13,435.6854547090479
SSA,HeartDisease,22,0.21238970013037814,0.7909039548022598,7,13,437.2324956249795
SSA,HeartDisease,23,0.18421434159061273,0.8216949152542373,10,13,438.36463137500687
SSA,HeartDisease,24,0.20016883963494125,0.8048022598870057,9,13,436.182784500008
SSA,HeartDisease,25,1.0,0.0,0,13,426.0365035419818
SSA,HeartDisease,27,1.0,0.0,0,13,427.36988654197194
SSA,HeartDisease,26,0.21826323337679268,0.7880790960451978,11,13,429.6641718329629
SSA,HeartDisease,28,1.0,0.0,0,13,420.47485120903
SSA,HeartDisease,29,0.22112894393741847,0.7812994350282486,6,13,408.5158885419951
SSA,IonosphereEW,0,1.0,0.0,0,34,559.7973832080024
SSA,IonosphereEW,1,0.17856444549650857,0.8205231388329979,3,34,617.5481485410128
SSA,IonosphereEW,2,1.0,0.0,0,34,612.0413926249603
SSA,IonosphereEW,4,1.0,0.0,0,34,558.8185584169696
SSA,IonosphereEW,3,1.0,0.0,0,34,620.8688050000346
SSA,IonosphereEW,7,0.16454110545626707,0.8346881287726358,3,34,564.0218262090348
SSA,IonosphereEW,6,1.0,0.0,0,34,602.2355724590016
SSA,IonosphereEW,5,0.3220341578885074,0.6750100603621731,1,34,658.6877449169988
SSA,IonosphereEW,8,0.13346665877618658,0.866076458752515,3,34,645.2349325839896
SSA,IonosphereEW,9,1.0,0.0,0,34,539.8099587080069
SSA,IonosphereEW,11,1.0,0.0,0,34,521.7349116250407
SSA,IonosphereEW,12,1.0,0.0,0,34,531.4663091249531
SSA,IonosphereEW,15,1.0,0.0,0,34,540.0255957919871
SSA,IonosphereEW,14,1.0,0.0,0,34,608.0162057499983
SSA,IonosphereEW,10,0.13636799621256943,0.8661167002012073,13,34,703.8898821659968
SSA,IonosphereEW,13,1.0,0.0,0,34,767.641198749945
SSA,IonosphereEW,16,1.0,0.0,0,34,556.0631128340028
SSA,IonosphereEW,17,1.0,0.0,0,34,542.6015872500138
SSA,IonosphereEW,18,1.0,0.0,0,34,600.005684208998
SSA,IonosphereEW,19,1.0,0.0,0,34,621.4278065420222
SSA,IonosphereEW,20,1.0,0.0,0,34,600.0216192919761
SSA,IonosphereEW,22,0.11999171499585755,0.880281690140845,5,34,550.9873152080108
SSA,IonosphereEW,21,1.0,0.0,0,34,586.8972659999854
SSA,IonosphereEW,23,1.0,0.0,0,34,565.1178816659958
SSA,IonosphereEW,25,0.08854347260030782,0.9117505030181086,4,34,620.4126167090144
SSA,IonosphereEW,24,0.18954477452953009,0.8091348088531187,2,34,740.6627781250281
SSA,IonosphereEW,26,1.0,0.0,0,34,629.3172187919845
SSA,IonosphereEW,29,1.0,0.0,0,34,631.0522792499978
SSA,IonosphereEW,27,1.0,0.0,0,34,676.4770961250179
SSA,IonosphereEW,28,0.08925122499704106,0.9116297786720322,6,34,641.6075703329989
SSA,KrVsKpEW,0,0.09005851358148896,0.9174012128325508,29,35,3256.856353082985
SSA,KrVsKpEW,1,0.07536091549295773,0.9339788732394366,35,35,3256.880282416998
SSA,KrVsKpEW,2,0.08093499119718309,0.9283484937402191,35,35,3382.5030252920114
SSA,KrVsKpEW,3,0.0798636003521127,0.9274105046948357,28,35,3340.6812804589863
SSA,KrVsKpEW,4,0.07536139964788731,0.9339783841940532,35,35,3348.3527038340108
SSA,KrVsKpEW,6,1.0,0.0,0,35,3271.0208012090297
SSA,KrVsKpEW,7,0.16240679703219305,0.8423019366197184,22,35,3312.0493334999774
SSA,KrVsKpEW,5,0.07533885814889334,0.9305379499217528,23,35,3373.260367083014
SSA,KrVsKpEW,8,0.07597627640845069,0.9333572965571205,35,35,3429.3089790840168
SSA,KrVsKpEW,9,0.08062464788732387,0.928661971830986,35,35,3440.344315041031
SSA,KrVsKpEW,10,0.11603418636820934,0.8879885563380281,18,35,3365.6927980419714
SSA,KrVsKpEW,11,0.30167636443661966,0.6993168035993741,14,35,3425.021919791994
SSA,KrVsKpEW,13,0.07969168133802818,0.92960436228482,35,35,3420.866839000024
SSA,KrVsKpEW,14,0.30320103118712266,0.6980653364632239,15,35,3389.1616503329715
SSA,KrVsKpEW,12,0.08910881539235421,0.9148973004694835,17,35,3486.4240724160336
SSA,KrVsKpEW,15,0.18452171151911476,0.8185206377151799,17,35,3483.300429957977
SSA,KrVsKpEW,16,0.07845805457746483,0.9308504499217527,35,35,3527.178099749959
SSA,KrVsKpEW,17,0.15182862173038233,0.8535641627543036,24,35,3500.133024208015
SSA,KrVsKpEW,18,0.07474071302816891,0.934605340375587,35,35,3500.9807656659978
SSA,KrVsKpEW,19,0.08031866197183109,0.9289710485133019,35,35,3526.8280262500048
SSA,KrVsKpEW,20,0.08279124119718315,0.926473493740219,35,35,3503.0747677080217
SSA,KrVsKpEW,22,0.0905900339537223,0.9142669209702661,20,35,3521.693328458001
SSA,KrVsKpEW,21,0.07088688380281685,0.9364778951486699,28,35,3535.7567272089655
SSA,KrVsKpEW,23,0.18018513581488937,0.8229010172143975,17,35,3522.880264541949
SSA,Leukemia,0,1.0,0.0,0,3571,3090.4428053749725
SSA,Leukemia,1,1.0,0.0,0,3571,3122.151092541986
SSA,Leukemia,2,1.0,0.0,0,3571,3281.817700250016
SSA,Leukemia,3,1.0,0.0,0,3571,3295.878325042024
SSA,KrVsKpEW,24,0.1698636883802817,0.8344811228482003,21,35,7890.035464542045
SSA,KrVsKpEW,25,0.15926136820925563,0.8460563380281689,24,35,8181.337613584008
SSA,KrVsKpEW,26,0.08710721202213274,0.9186507237871675,23,35,8956.976739625039
SSA,KrVsKpEW,27,0.15971367580482895,0.8438678599374022,18,35,9514.819624124968
SSA,KrVsKpEW,28,0.3025793762575453,0.6986932707355242,15,35,9562.542952958029
SSA,KrVsKpEW,29,0.0688514524647887,0.9405540884194054,35,35,10191.58355654095
SSA,Leukemia,4,0.12554841781013726,0.8733333333333333,53,3571,4342.013438666996
SSA,Leukemia,5,1.0,0.0,0,3571,4470.4755992499995
SSA,Leukemia,6,1.0,0.0,0,3571,4976.805262707989
SSA,Leukemia,7,1.0,0.0,0,3571,5250.409768124984
SSA,Leukemia,8,1.0,0.0,0,3571,5623.947460583004
SSA,Leukemia,9,1.0,0.0,0,3571,5724.920524166955
SSA,Leukemia,10,1.0,0.0,0,3571,5700.0457595830085
SSA,Leukemia,11,1.0,0.0,0,3571,5744.921480791003
SSA,Leukemia,12,1.0,0.0,0,3571,5812.47700350004
SSA,Leukemia,13,1.0,0.0,0,3571,5823.015213250008
SSA,Leukemia,14,1.0,0.0,0,3571,5852.533460417006
SSA,Leukemia,15,1.0,0.0,0,3571,5738.29184429202
SSA,Leukemia,16,1.0,0.0,0,3571,5781.121807000018
SSA,Leukemia,17,0.20463080369644368,0.7933333333333332,11,3571,5820.417715542018
SSA,Leukemia,18,1.0,0.0,0,3571,5816.444418083993
SSA,Leukemia,19,1.0,0.0,0,3571,5811.571303542005
SSA,Leukemia,20,1.0,0.0,0,3571,5723.256860291993
SSA,Leukemia,21,1.0,0.0,0,3571,5711.701500541007
SSA,Leukemia,22,1.0,0.0,0,3571,5690.609497792029
SSA,Leukemia,23,1.0,0.0,0,3571,5628.699809542042
SSA,Lymphography,0,1.0,0.0,0,18,638.0949873329955
SSA,Lymphography,1,0.3063241379310345,0.6956321839080459,9,18,614.465253041999
SSA,Lymphography,2,0.2132145593869733,0.7908045977011493,11,18,603.9724078750005
SSA,Leukemia,24,1.0,0.0,0,3571,5384.147192417004
SSA,Lymphography,3,0.20145363984674325,0.8043678160919541,14,18,694.118544958008
SSA,Lymphography,4,0.18603141762452105,0.8177011494252874,10,18,591.00054691697
SSA,Lymphography,5,0.160816091954023,0.8459770114942529,15,18,571.1506117079989
SSA,Lymphography,6,0.2048137931034484,0.8032183908045976,18,18,602.9112463750062
SSA,Lymphography,7,0.17044827586206907,0.8379310344827585,18,18,639.7868265840225
SSA,Leukemia,25,1.0,0.0,0,3571,5299.491040292021
SSA,Leukemia,26,1.0,0.0,0,3571,5282.353017874993
SSA,Lymphography,8,0.22474789272030649,0.7774712643678161,8,18,535.8818280830164
SSA,Lymphography,9,0.2914574712643678,0.7089655172413794,6,18,525.545186708041
SSA,Lymphography,10,0.2234758620689656,0.7843678160919539,18,18,547.538858749962
SSA,Lymphography,11,0.20435862068965527,0.8036781609195401,18,18,511.36395225004526
SSA,Leukemia,27,1.0,0.0,0,3571,5111.117129208986
SSA,Lymphography,12,0.20435862068965516,0.8036781609195403,18,18,548.3683423329494
SSA,Lymphography,13,0.2719586206896552,0.7303448275862069,9,18,483.88242400001036
SSA,Lymphography,14,0.19429808429118775,0.8110344827586207,13,18,484.0985472910106
SSA,Leukemia,28,1.0,0.0,0,3571,4948.860387499968
SSA,Lymphography,15,0.18812643678160926,0.8183908045977011,15,18,480.53821883298224
SSA,Lymphography,16,0.21004827586206912,0.7979310344827585,18,18,486.67051374999573
SSA,Lymphography,17,0.2677080459770115,0.7363218390804598,12,18,473.9745692080469
SSA,Leukemia,29,1.0,0.0,0,3571,4766.71611345798
SSA,Lymphography,18,0.20527586206896561,0.7977011494252872,9,18,467.3446758330101
SSA,Lymphography,19,0.2100482758620689,0.7979310344827587,18,18,381.64573500002734
SSA,Lymphography,20,0.21311417624521078,0.7903448275862068,10,18,367.3475635830546
SSA,Lymphography,21,0.1699931034482758,0.8383908045977012,18,18,378.15556566696614
SSA,Lymphography,22,0.21687586206896556,0.7910344827586206,18,18,357.7098403329728
SSA,Lymphography,23,0.20367586206896549,0.8043678160919541,18,18,350.43584866600577
SSA,Lymphography,25,0.21132030651341,0.7910344827586206,8,18,336.78856608399656
SSA,Lymphography,24,0.1968482758620689,0.811264367816092,18,18,343.3809545839904
SSA,Lymphography,26,0.21164137931034477,0.7963218390804598,18,18,344.54618633398786
SSA,Lymphography,27,0.16018697318007677,0.8443678160919539,11,18,336.61322724999627
SSA,Lymphography,28,0.1350988505747125,0.8719540229885059,15,18,338.45644804200856
SSA,Lymphography,29,0.243336398467433,0.7570114942528735,5,18,338.7999994169804
SSA,M-of-n,1,0.17489538461538465,0.828,6,13,930.8789235830191
SSA,M-of-n,0,0.13870000000000013,0.8699999999999999,13,13,939.7882908339961
SSA,M-of-n,2,0.1687346153846154,0.835,7,13,934.8744436659617
SSA,M-of-n,3,0.32405769230769227,0.675,3,13,937.9912154999911
SSA,M-of-n,4,0.14365000000000003,0.865,13,13,943.7586479579913
SSA,M-of-n,5,0.26102538461538466,0.741,6,13,930.0631742089754
SSA,M-of-n,6,0.18853461538461533,0.8150000000000001,7,13,934.8096543750144
SSA,M-of-n,7,0.10746153846153844,0.9,11,13,948.6306584159611
SSA,M-of-n,8,0.203933076923077,0.8009999999999999,9,13,939.7417935829726
SSA,M-of-n,9,1.0,0.0,0,13,937.8697038340033
SSA,M-of-n,10,0.32042538461538467,0.6809999999999999,6,13,936.246612582996
SSA,M-of-n,11,0.21328461538461535,0.79,7,13,940.0810997079825
SSA,M-of-n,12,1.0,0.0,0,13,929.5121011250303
SSA,M-of-n,13,0.12748230769230756,0.8790000000000001,10,13,940.6433532499941
SSA,M-of-n,14,0.1677446153846154,0.836,7,13,939.2980660839821
SSA,M-of-n,15,0.33648615384615377,0.664,5,13,941.0570355840027
SSA,M-of-n,16,0.19447461538461544,0.8089999999999999,7,13,933.5952760410146
SSA,M-of-n,17,0.3559584615384615,0.642,2,13,934.3706049589673
SSA,M-of-n,18,0.1647746153846153,0.8390000000000001,7,13,936.923902917013
SSA,M-of-n,19,0.2854476923076923,0.714,3,13,937.2344688749872
SSA,M-of-n,20,0.14068000000000003,0.868,13,13,944.011883041996
SSA,M-of-n,21,0.2698215384615384,0.7360000000000001,11,13,938.1739020829555
SSA,M-of-n,22,0.2148230769230769,0.79,9,13,933.9707048329874
SSA,M-of-n,23,0.1307799999999999,0.8780000000000001,13,13,936.11494429101
SSA,Parkinsons,0,0.07797202797202803,0.923076923076923,4,22,395.2661026670248
SSA,Parkinsons,1,0.10138461538461538,0.9076923076923077,22,22,498.9690336250351
SSA,M-of-n,24,0.2614669230769231,0.739,4,13,924.2060093330219
SSA,M-of-n,25,0.09085230769230766,0.916,10,13,944.4316176660359
SSA,M-of-n,26,0.10251153846153854,0.9049999999999999,11,13,935.1988477919949
SSA,M-of-n,27,0.11263230769230778,0.8939999999999999,10,13,934.8905809580465
SSA,M-of-n,28,0.19700307692307686,0.808,9,13,933.9698847079999
SSA,Parkinsons,2,0.14579020979020982,0.8564102564102564,8,22,394.80247500003316
SSA,M-of-n,29,0.13177,0.877,13,13,926.8258272500243
SSA,Parkinsons,3,0.11851048951048944,0.8871794871794872,15,22,400.1444645409938
SSA,Parkinsons,4,0.09123076923076916,0.917948717948718,22,22,393.00259950000327
SSA,Parkinsons,7,1.0,0.0,0,22,379.49959458300145
SSA,Parkinsons,6,0.09683916083916083,0.9076923076923077,12,22,389.20648774999427
SSA,Parkinsons,8,0.12040559440559453,0.8820512820512819,8,22,377.5384977090289
SSA,Parkinsons,5,0.09123076923076916,0.917948717948718,22,22,428.9848700829898
SSA,Parkinsons,9,0.08107692307692314,0.9282051282051281,22,22,417.3974113750155
SSA,Parkinsons,10,0.09638461538461539,0.9076923076923077,11,22,377.2418435830041
SSA,Parkinsons,11,0.07054545454545454,0.9333333333333333,10,22,381.19640449999133
SSA,Parkinsons,14,0.13798601398601407,0.8615384615384615,2,22,369.4722936669714
SSA,Parkinsons,12,0.0861538461538461,0.9230769230769231,22,22,420.0823470829637
SSA,Parkinsons,13,0.1291958041958043,0.8717948717948717,5,22,377.13769012497505
SSA,Parkinsons,16,0.1771608391608391,0.8256410256410257,10,22,379.348050999979
SSA,Parkinsons,15,0.10517482517482514,0.8974358974358975,8,22,383.1079058749601
SSA,Parkinsons,17,1.0,0.0,0,22,389.613067667
SSA,Parkinsons,18,0.3253776223776223,0.6717948717948719,1,22,372.1223299999838
SSA,Parkinsons,19,0.09539860139860143,0.9128205128205128,20,22,442.98366704100044
SSA,Parkinsons,20,1.0,0.0,0,22,387.9712298329687
SSA,Parkinsons,21,0.06402797202797204,0.9435897435897436,18,22,389.69166849995963
SSA,Parkinsons,23,0.13980419580419565,0.8615384615384617,6,22,375.7001950419508
SSA,Parkinsons,24,1.0,0.0,0,22,375.5391028750455
SSA,Parkinsons,22,0.11343356643356639,0.8923076923076924,15,22,403.272703958035
SSA,Parkinsons,25,0.08532167832167836,0.9179487179487179,9,22,362.31133083300665
SSA,Parkinsons,26,1.0,0.0,0,22,398.23673416598467
SSA,Parkinsons,29,0.1019160839160839,0.9025641025641026,12,22,292.45187912503025
SSA,Parkinsons,28,0.10055244755244754,0.9025641025641026,9,22,295.27816779201385
SSA,Parkinsons,27,0.15503496503496503,0.8461538461538461,6,22,385.49383408302674
SSA,Sonar,1,0.17759407665505225,0.8271777003484321,39,60,648.7539483750006
SSA,Sonar,0,0.18626829268292688,0.8219512195121951,60,60,649.6708835000172
SSA,Sonar,2,0.1666138211382114,0.8365853658536585,29,60,645.5273452500114
SSA,Sonar,3,0.20887572590011627,0.7937282229965156,28,60,661.8680618749931
SSA,Sonar,4,0.2158792102206736,0.783623693379791,10,60,690.890956541989
SSA,Sonar,5,1.0,0.0,0,60,660.88642729196
SSA,Sonar,7,0.309561556329849,0.6881533101045296,5,60,672.5016768330242
SSA,Sonar,6,0.13451045296167255,0.8696864111498257,33,60,675.971214374993
SSA,Sonar,8,0.19385946573751453,0.8075493612078978,20,60,683.8595512500033
SSA,Sonar,9,0.19592276422764235,0.8073170731707316,31,60,684.743302916002
SSA,Sonar,10,0.3672427409988385,0.6293844367015099,2,60,676.8101462080376
SSA,Sonar,11,1.0,0.0,0,60,673.7440620839479
SSA,Sonar,12,0.17411730545876897,0.8264808362369337,14,60,679.6981183750322
SSA,Sonar,13,0.20700232288037163,0.7932636469221835,14,60,688.1513560830499
SSA,Sonar,14,0.17597909407665502,0.8272938443670151,30,60,686.769888165989
SSA,Sonar,15,0.18740360046457602,0.8128919860627178,13,60,686.2342090830207
SSA,Sonar,16,0.2246968641114984,0.7790940766550521,36,60,654.5262667500065
SSA,Sonar,17,0.21685598141695706,0.7843205574912891,20,60,657.0783295000438
SSA,Sonar,18,0.17727235772357727,0.8268292682926829,35,60,662.1355667909957
SSA,Sonar,19,0.18293089430894313,0.8170731707317073,11,60,657.2583432919928
SSA,Sonar,20,1.0,0.0,0,60,668.1129874579492
SSA,Sonar,21,1.0,0.0,0,60,644.5184788330225
SSA,Sonar,22,0.297493612078978,0.7018583042973287,14,60,694.1913304589689
SSA,Sonar,23,0.20018873403019746,0.80267131242741,29,60,693.4716069580172
SSA,Sonar,24,1.0,0.0,0,60,655.9750665000174
SSA,Sonar,25,0.16999477351916378,0.8318234610917538,21,60,656.5055901249871
SSA,Sonar,26,1.0,0.0,0,60,654.2822075419826
SSA,SpectEW,0,1.0,0.0,0,22,323.99422595795477
SSA,Sonar,27,0.1888118466898955,0.8123112659698025,18,60,639.0484286249848
SSA,SpectEW,1,0.18255174385363065,0.8201956673654787,10,22,479.3330747500295
SSA,Sonar,28,1.0,0.0,0,60,608.9741599169793
SSA,Sonar,29,0.19380778164924511,0.8074332171893147,19,60,616.0689781670226
SSA,SpectEW,3,0.20594511149228126,0.7974842767295598,12,22,406.1536612919881
SSA,SpectEW,4,0.23154259576901087,0.7716282320055905,12,22,403.38884633401176
SSA,SpectEW,5,0.22930874785591754,0.7752620545073377,15,22,411.42121150001185
SSA,SpectEW,2,0.19167295597484274,0.816491963661775,22,22,454.34906441695057
SSA,SpectEW,6,0.18088050314465415,0.827393431167016,22,22,436.29418700002134
SSA,SpectEW,7,0.2569233847913092,0.7418588399720476,3,22,410.25897033402
SSA,SpectEW,8,1.0,0.0,0,22,419.7030572089716
SSA,SpectEW,9,0.1966552315608919,0.8050314465408805,8,22,420.1582945419941
SSA,SpectEW,10,0.23234362492853042,0.7680642907058003,6,22,428.3171281669638
SSA,SpectEW,11,0.20929559748427684,0.7936408106219426,11,22,431.96269245800795
SSA,SpectEW,12,0.19180274442538583,0.809014675052411,6,22,426.27115754201077
SSA,SpectEW,13,1.0,0.0,0,22,423.0267367079505
SSA,SpectEW,14,0.2029496855345911,0.8051013277428373,22,22,431.3468784170109
SSA,SpectEW,15,0.22532647226986846,0.7756114605171209,7,22,425.97269633295946
SSA,SpectEW,16,1.0,0.0,0,22,438.2467256250093
SSA,SpectEW,17,1.0,0.0,0,22,429.9159210830112
SSA,SpectEW,18,0.17054373927958844,0.8318658280922431,9,22,424.3666574580129
SSA,SpectEW,19,0.1966255002858777,0.8055206149545772,9,22,431.4969341249671
SSA,SpectEW,20,0.21143053173241858,0.790566037735849,9,22,426.2531120420317
SSA,SpectEW,21,1.0,0.0,0,22,422.63151558302343
SSA,SpectEW,22,0.20276329331046306,0.7974842767295598,5,22,425.20052604103694
SSA,SpectEW,23,0.18443910806174954,0.820125786163522,14,22,436.487524208962
SSA,SpectEW,24,0.18814465408805023,0.8200559049615654,22,22,436.9345588340075
SSA,SpectEW,25,1.0,0.0,0,22,424.3802034590044
SSA,SpectEW,26,0.1743093196112064,0.8276030747728861,8,22,428.3256229580147
SSA,SpectEW,28,1.0,0.0,0,22,424.24474920902867
SSA,SpectEW,27,0.21722241280731838,0.782879105520615,5,22,442.42517937504454
SSA,SpectEW,29,0.20965122927387073,0.7941998602375961,13,22,431.9174701249576
SSA,TicTacToe,0,0.15672905759162287,0.8517888307155325,9,9,856.7831662500394
SSA,TicTacToe,1,0.16090265052356026,0.8475730802792321,9,9,865.9964060830534
SSA,TicTacToe,2,0.15777110602094235,0.8507362565445027,9,9,866.8555514169857
SSA,TicTacToe,3,0.31770462478185,0.6858202443280976,6,9,852.5629517080379
SSA,TicTacToe,4,0.15880775523560212,0.8496891361256544,9,9,865.1448801250081
SSA,TicTacToe,5,0.16502225130890044,0.843411867364747,9,9,868.6138584999717
SSA,TicTacToe,6,0.2599739674229202,0.7463787085514835,8,9,862.7971312910086
SSA,TicTacToe,7,0.15880775523560212,0.8496891361256544,9,9,869.2205539169954
SSA,TicTacToe,8,1.0,0.0,0,9,841.2236485410249
SSA,TicTacToe,9,0.15880775523560212,0.8496891361256544,9,9,874.3909071669914
SSA,TicTacToe,10,0.3340988947062245,0.6670157068062827,4,9,848.2663773339591
SSA,TicTacToe,11,0.16089185209424073,0.8475839877835952,9,9,866.7996803750284
SSA,TicTacToe,12,0.15571400523560205,0.8528141361256545,9,9,868.200243041967
SSA,TicTacToe,14,0.3238813263525304,0.6795811518324608,6,9,856.7100992079941
SSA,TicTacToe,13,0.33329642961023853,0.6711932809773123,7,9,857.9213855409762
SSA,TicTacToe,15,0.1536191099476439,0.8549301919720769,9,9,869.4418115419685
SSA,TicTacToe,16,0.16501685209424083,0.8434173211169285,9,9,876.2199328339775
SSA,TicTacToe,17,0.16500605366492152,0.8434282286212914,9,9,872.120476540993
SSA,TicTacToe,18,0.16604270287958117,0.8423811082024433,9,9,870.3250338329817
SSA,TicTacToe,19,0.1618745091623036,0.846591404886562,9,9,870.6075161669869
SSA,TicTacToe,20,0.21448018470040717,0.7923320244328098,8,9,876.8199643749977
SSA,TicTacToe,22,0.16916884816753916,0.8392233856893544,9,9,870.2810478329775
SSA,TicTacToe,21,0.1577495091623036,0.8507580715532287,9,9,878.4638845419977
SSA,TicTacToe,23,0.2165600094531704,0.7891088568935428,7,9,858.1035440000123
SSA,Vote,0,0.11474722479185928,0.8878815911193341,6,16,388.77100462501403
SSA,Vote,1,1.0,0.0,0,16,384.75566941697616
SSA,TicTacToe,24,0.1567398560209424,0.8517779232111693,9,9,869.5546395829879
SSA,TicTacToe,26,1.0,0.0,0,9,849.2434801660129
SSA,TicTacToe,25,0.26516261271087843,0.741137652705061,8,9,867.6488874169881
SSA,TicTacToe,27,0.1588023560209425,0.8496945898778359,9,9,856.1759134170134
SSA,Vote,2,1.0,0.0,0,16,387.3578726659762
SSA,Vote,3,1.0,0.0,0,16,385.79827999998815
SSA,TicTacToe,29,0.24449981820826053,0.762009162303665,8,9,870.98788375
SSA,TicTacToe,28,0.1526094568062827,0.8559500436300175,9,9,878.1502177079674
SSA,Vote,4,1.0,0.0,0,16,388.06483462505275
SSA,Vote,5,1.0,0.0,0,16,388.9111231670249
SSA,Vote,6,0.18110071692876956,0.8189639222941721,3,16,388.8656536669587
SSA,Vote,7,1.0,0.0,0,16,389.0091564169852
SSA,Vote,8,0.478316026827012,0.5174838112858464,1,16,390.6283300840296
SSA,Vote,9,0.10199641535615167,0.9051803885291397,13,16,388.59006299998146
SSA,Vote,10,1.0,0.0,0,16,387.7581300419988
SSA,Vote,11,1.0,0.0,0,16,386.827434042003
SSA,Vote,12,0.07519507400555044,0.9309898242368178,11,16,388.09061870898586
SSA,Vote,13,1.0,0.0,0,16,384.42605991702294
SSA,Vote,14,1.0,0.0,0,16,386.01069179101614
SSA,Vote,15,0.031197271045328507,0.9697502312673449,2,16,386.18825679196743
SSA,Vote,16,0.03128885291396862,0.9696577243293246,2,16,387.1542350840173
SSA,Vote,17,1.0,0.0,0,16,383.88649804197485
SSA,Vote,18,0.1464072617946347,0.8533765032377427,2,16,386.2451442920137
SSA,Vote,19,1.0,0.0,0,16,387.79370962496614
SSA,Vote,20,1.0,0.0,0,16,388.0519227909972
SSA,Vote,21,1.0,0.0,0,16,385.7412392499973
SSA,Vote,22,0.0359434551341351,0.9655874190564292,3,16,386.40186675003497
SSA,Vote,23,1.0,0.0,0,16,383.6088785000029
SSA,Vote,24,1.0,0.0,0,16,379.5453593750135
SSA,Vote,25,0.11474722479185949,0.8878815911193338,6,16,378.07302191702183
SSA,Vote,26,1.0,0.0,0,16,366.3502489590319
SSA,Vote,27,1.0,0.0,0,16,369.1045324159786
SSA,Vote,28,0.2270153792784458,0.7713228492136911,1,16,362.2328004160081
SSA,Vote,29,1.0,0.0,0,16,339.5117279170081
SSA,WDBC,1,0.053081198571650376,0.9490762303990063,8,30,704.4763832919998
SSA,WDBC,0,0.046535165346995734,0.9630957925787922,30,30,887.6303883749642
SSA,WDBC,3,0.043030740568234645,0.9666356155876418,30,30,741.4295095420093
SSA,WDBC,2,0.05201769911504435,0.9525073746312683,15,30,761.4451360829989
SSA,WDBC,4,0.05454618848004974,0.947259742276044,7,30,710.6439104999881
SSA,WDBC,5,0.03799130569787302,0.9683589504735289,20,30,774.7229921250255
SSA,WDBC,7,0.0558948920975004,0.9472442167365316,11,30,696.8144567919662
SSA,WDBC,6,0.048451793199813735,0.9561092997981679,15,30,765.2851114589721
SSA,WDBC,8,0.04358997050147491,0.9613569321533924,16,30,809.9273582079913
SSA,WDBC,9,1.0,0.0,0,30,687.1271378750098
SSA,WDBC,10,0.04891678310821309,0.9542928116752056,11,30,700.0950679579983
SSA,WDBC,11,0.03837944418568553,0.9666200900481291,16,30,765.7362624999951
SSA,WDBC,15,0.048133830150597724,0.9560937742586555,14,30,736.7935374170193
SSA,WDBC,14,0.03730926874708892,0.9683744760130415,18,30,739.9564970419742
SSA,WDBC,12,0.03173466852973144,0.9736686849868033,17,30,905.4124839169672
SSA,WDBC,13,0.05028085700978108,0.9542617605961807,15,30,946.6471801250009
SSA,WDBC,17,1.0,0.0,0,30,688.3596625829814
SSA,WDBC,18,0.04041887905604715,0.9648967551622419,17,30,759.5881100830156
SSA,WDBC,16,0.04068203695078388,0.9666511411271543,23,30,816.5291798750404
SSA,WDBC,19,0.06670408321689189,0.934979040521658,7,30,757.6377710410161
SSA,WDBC,20,1.0,0.0,0,30,764.7745974579593
SSA,WDBC,22,0.03425446359260997,0.9701133364384411,14,30,740.3914852910093
SSA,WDBC,21,0.0968970656730321,0.9051544791181494,9,30,1070.2895787089947
SSA,WDBC,24,0.04158997050147491,0.9613569321533924,10,30,661.1513139999588
SSA,WDBC,23,1.0,0.0,0,30,996.3213654999854
SSA,WDBC,25,0.043046110852352194,0.9666200900481291,30,30,785.5175315839588
SSA,WDBC,27,1.0,0.0,0,30,855.9031615839922
SSA,WDBC,28,0.05279397609066914,0.9490296537804689,7,30,783.1168826249777
SSA,WDBC,26,0.04269740723490131,0.9666356155876418,29,30,1009.2374041669536
SSA,WDBC,29,0.05002421984163961,0.9595714951094549,30,30,1144.7237899579923
SSA,WaveformEW,0,0.2297920000000001,0.7741999999999999,25,40,5648.152592208004
SSA,WaveformEW,1,0.22184999999999996,0.785,36,40,5647.923219125019
SSA,WaveformEW,3,0.23512599999999995,0.7726000000000001,40,40,5766.160595875001
SSA,WaveformEW,5,0.20152999999999985,0.8030000000000002,26,40,5816.836572041968
SSA,WaveformEW,4,0.23355399999999993,0.7704000000000001,25,40,5927.670690291969
SSA,WaveformEW,6,0.2652439999999999,0.7394000000000001,29,40,5891.069212000002
SSA,WaveformEW,2,0.35751400000000005,0.6414,10,40,6331.374185000022
SSA,WaveformEW,7,0.23274999999999987,0.7750000000000001,40,40,6215.900336040999
SSA,WaveformEW,8,0.2935380000000001,0.7087999999999999,21,40,6056.743731207971
SSA,WaveformEW,10,0.235242,0.7692,27,40,5960.666007624997
SSA,WaveformEW,9,0.2389520000000001,0.7651999999999999,26,40,6417.996464458003
SSA,WaveformEW,14,0.22475800000000007,0.7807999999999999,31,40,5890.558444666036
SSA,WaveformEW,11,0.274332,0.7282,21,40,6075.081491582969
SSA,WaveformEW,13,0.24741400000000005,0.7564,25,40,5929.479069166991
SSA,WaveformEW,12,0.31867399999999996,0.6824,17,40,6371.598015833006
SSA,WaveformEW,15,0.23856599999999994,0.7666000000000001,30,40,6197.243615874962
SSA,WaveformEW,16,0.23536799999999997,0.7668,18,40,5971.685380999988
SSA,WaveformEW,17,0.249738,0.7538,24,40,5885.804599875002
SSA,WaveformEW,18,0.2548439999999999,0.7494000000000001,27,40,5811.153384916019
SSA,WaveformEW,20,0.22299599999999994,0.7846000000000001,39,40,5891.302908541984
SSA,WaveformEW,21,0.23784799999999998,0.7648,20,40,5959.4708888329915
SSA,WaveformEW,19,0.25531400000000004,0.7464,17,40,6396.229245416995
SSA,WaveformEW,22,0.2354619999999999,0.7662000000000001,16,40,6254.445842750021
SSA,Zoo,0,0.20976428571428574,0.7919047619047619,6,16,231.47806250001304
SSA,WaveformEW,23,0.23230400000000004,0.7704,20,40,6085.266412124969
SSA,Zoo,1,0.09362857142857146,0.9104761904761904,8,16,232.337090624962
SSA,Zoo,2,0.11436071428571426,0.8914285714285715,11,16,230.48886425001547
SSA,Zoo,3,0.07788571428571443,0.9314285714285713,16,16,229.02422525000293
SSA,Zoo,4,0.06845714285714283,0.940952380952381,16,16,231.72430479194736
SSA,Zoo,5,0.08872857142857145,0.9204761904761904,16,16,231.78523649997078
SSA,Zoo,6,0.22076071428571423,0.7814285714285715,7,16,230.96925520902732
SSA,Zoo,7,0.06361071428571421,0.9414285714285715,9,16,231.16524841601495
SSA,Zoo,8,0.11988571428571437,0.8814285714285713,4,16,229.86595254199347
SSA,Zoo,9,0.05575000000000004,0.95,10,16,230.57609587500338
SSA,Zoo,10,0.1803714285714285,0.822857142857143,8,16,228.89532029099064
SSA,Zoo,11,1.0,0.0,0,16,230.34187079203548
SSA,Zoo,12,0.07492499999999995,0.93,9,16,233.69790204102173
SSA,Zoo,13,0.08716071428571433,0.9214285714285714,15,16,234.18159620900406
SSA,Zoo,14,0.06892857142857144,0.9404761904761905,16,16,229.86613570799818
SSA,Zoo,15,0.18918571428571432,0.8114285714285714,4,16,228.40411787497578
SSA,Zoo,16,0.11623571428571425,0.8914285714285715,14,16,229.99036016699392
SSA,Zoo,17,0.1519321428571429,0.8509523809523809,7,16,231.34717341599753
SSA,Zoo,18,0.06892857142857144,0.9404761904761905,16,16,231.80289920803625
SSA,Zoo,19,1.0,0.0,0,16,231.935331124987
SSA,Zoo,20,0.05777857142857143,0.9504761904761905,14,16,235.02003620797768
SSA,Zoo,21,0.12332857142857138,0.8804761904761905,8,16,233.79017754201777
SSA,Zoo,22,0.07882857142857155,0.9304761904761903,16,16,230.97854104096768
SSA,Zoo,23,0.07882857142857155,0.9304761904761903,16,16,231.93779224995524
SSA,Zoo,24,1.0,0.0,0,16,232.45096574997297
SSA,Zoo,25,0.05902857142857143,0.9504761904761905,16,16,232.61567866697442
SSA,Zoo,26,0.11483214285714287,0.8909523809523809,11,16,229.8731873750221
SSA,Zoo,27,0.1880892857142857,0.8119047619047619,3,16,232.0875856250059
SSA,Zoo,28,0.1520857142857143,0.8514285714285714,8,16,232.0932382500032
SSA,Zoo,29,1.0,0.0,0,16,230.40849420800805
AOA,BreastEW,0,0.04045663374838984,0.9692357234864749,9,9,274.9706267080037
AOA,BreastEW,1,0.04803830924097135,0.9604551309574925,8,9,276.8282074999879
AOA,BreastEW,2,0.04511591765660032,0.9634070416487763,8,9,279.3397305830149
AOA,BreastEW,3,0.05095007394685369,0.9575139544869042,8,9,276.7196818750235
AOA,BreastEW,4,0.04329401030485183,0.9663696865607557,9,9,279.54718975001015
SSA,WaveformEW,24,0.24216200000000002,0.7612,23,40,5825.645164749993
AOA,BreastEW,5,0.038968870759982836,0.9707385143838557,9,9,282.55066166602774
AOA,BreastEW,6,0.04625890940317727,0.9633748389866896,9,9,290.18316654098453
AOA,BreastEW,7,0.04222540670769535,0.9663267496779733,8,9,287.79794212494744
AOA,BreastEW,8,0.039032632030914505,0.9706741090596823,9,9,291.23327595798764
SSA,WaveformEW,25,0.23413599999999996,0.7736000000000001,40,40,5982.4948933750275
SSA,WaveformEW,27,0.2375019999999999,0.7702000000000001,40,40,5706.953942125023
AOA,BreastEW,9,0.03897949763847141,0.9707277801631602,9,9,307.8666819999926
AOA,BreastEW,10,0.04481365392872478,0.9648346930012881,9,9,312.1205602909904
AOA,BreastEW,11,0.04041412623443543,0.9692786603692571,9,9,322.48916724999435
AOA,BreastEW,12,0.051586482038070834,0.9546264491197938,6,9,331.1078719170182
AOA,BreastEW,13,0.0375448690425075,0.9721768999570631,9,9,331.4731441659969
AOA,BreastEW,14,0.044771146414770265,0.9648776298840704,9,9,333.1942230000277
AOA,BreastEW,15,0.04333651781880646,0.9663267496779733,9,9,329.93711462494684
SSA,WaveformEW,28,0.27372799999999997,0.7278,17,40,6103.380218082981
AOA,BreastEW,16,0.040467260626878415,0.9692249892657794,9,9,336.07245924999006
AOA,BreastEW,17,0.04045663374838984,0.9692357234864749,9,9,337.21047133300453
SSA,WaveformEW,26,0.378242,0.6192,5,40,6624.38295829203
AOA,BreastEW,18,0.0505734220695578,0.959016745384285,9,9,340.54573341598734
AOA,BreastEW,19,0.06391245646677163,0.9399313009875483,4,9,348.12478462501895
AOA,BreastEW,21,0.0433046371833403,0.9663589523400603,9,9,348.4318028750131
AOA,BreastEW,20,0.04626953628166584,0.9633641047659941,9,9,351.36279254202964
AOA,BreastEW,22,0.039313642001813004,0.9692679261485615,8,9,352.9537150419783
SSA,WaveformEW,29,1.0,0.0,0,40,6186.132812541036
AOA,BreastEW,23,0.038990124516960094,0.9707170459424646,9,9,354.0418337910087
AOA,BreastEW,24,0.12248660607795422,0.8785208243881495,2,9,353.44152049999684
AOA,BreastEW,25,0.04329401030485183,0.9663696865607557,9,9,348.2865874999552
AOA,BreastEW,26,0.04799580172701683,0.9604980678402748,8,9,333.9082653330406
AOA,BreastEW,27,0.058433698296837124,0.9443430656934305,3,9,326.3709714580327
AOA,BreastEW,28,0.03751298840704177,0.9722091026191497,9,9,325.95971895899856
AOA,BreastEW,29,0.04334714469729493,0.9663160154572779,9,9,308.1972117500263
AOA,ColonCancer,0,0.2206523076923076,0.7871794871794873,1992,2000,462.0289389160462
AOA,ColonCancer,1,0.28149038461538467,0.7256410256410256,1975,2000,457.04636141704395
AOA,ColonCancer,2,0.18769230769230774,0.8205128205128205,2000,2000,463.72023941599764
AOA,ColonCancer,3,0.2496296153846153,0.7576923076923078,1949,2000,466.2547454170417
AOA,ColonCancer,4,0.2181538461538462,0.7897435897435897,2000,2000,481.2421345420298
AOA,ColonCancer,5,0.29557192307692315,0.7115384615384615,1999,2000,483.9491367500159
AOA,ColonCancer,6,0.25115384615384617,0.7564102564102564,2000,2000,485.4704996669898
AOA,ColonCancer,7,0.1851538461538462,0.823076923076923,2000,2000,490.8233186660218
AOA,ColonCancer,9,0.29430769230769227,0.7128205128205128,2000,2000,495.3281522500329
AOA,ColonCancer,8,0.1836946153846153,0.8243589743589744,1962,2000,499.69164075003937
AOA,ColonCancer,10,0.21814884615384608,0.7897435897435898,1999,2000,494.2739572910359
AOA,ColonCancer,11,0.2320903846153845,0.7756410256410258,1995,2000,494.2737101659877
AOA,ColonCancer,12,0.21688461538461531,0.7910256410256411,2000,2000,494.75050674995873
AOA,ColonCancer,13,0.2321153846153845,0.7756410256410258,2000,2000,493.36270187504124
AOA,ColonCancer,14,0.21561538461538454,0.7923076923076924,2000,2000,494.70406341698254
AOA,ColonCancer,15,0.2498396153846154,0.7576923076923077,1991,2000,497.8739071250311
AOA,ColonCancer,17,0.23084115384615383,0.7769230769230769,1999,2000,486.2931368330028
AOA,ColonCancer,16,0.26509538461538457,0.7423076923076923,1996,2000,486.9352245000191
AOA,ColonCancer,18,0.26382115384615384,0.7435897435897436,1995,2000,485.66847995796707
AOA,ColonCancer,19,0.26636961538461545,0.741025641025641,1997,2000,486.29622000001837
AOA,ColonCancer,20,0.2317603846153845,0.7756410256410258,1929,2000,487.46686662500724
AOA,ColonCancer,21,0.20290807692307689,0.8051282051282052,1997,2000,484.7480674160179
AOA,ColonCancer,22,0.20162884615384613,0.8064102564102564,1995,2000,486.2812008749461
AOA,ColonCancer,23,0.28161538461538455,0.7256410256410257,2000,2000,484.1807780840318
AOA,ColonCancer,24,0.23459884615384613,0.7730769230769231,1989,2000,461.8761260830215
AOA,ColonCancer,25,0.23337961538461535,0.7743589743589744,1999,2000,461.8459391250508
AOA,ColonCancer,26,0.20036961538461537,0.8076923076923077,1997,2000,457.2353590410203
AOA,Diabetes,0,0.27945378151260497,0.7278244631185808,8,8,292.46888683299767
AOA,ColonCancer,27,0.23327461538461536,0.7743589743589744,1978,2000,452.3351043749717
AOA,Diabetes,1,0.2744138655462185,0.7316526610644257,7,8,313.672839707986
AOA,ColonCancer,28,0.29938461538461547,0.7076923076923076,2000,2000,440.55174974998226
AOA,ColonCancer,29,0.24859038461538466,0.7589743589743589,1995,2000,439.8320866249851
AOA,Diabetes,3,0.28071638655462183,0.7252864782276547,7,8,374.4249209999689
AOA,Diabetes,2,0.2677899159663865,0.7396061454884985,8,8,377.1820686249994
AOA,Diabetes,4,0.3091281512605041,0.6965877259994908,7,8,380.32319733302575
AOA,Diabetes,5,0.26261344537815123,0.7448349036584331,8,8,380.0089169580024
AOA,Diabetes,6,0.270420168067227,0.7369493251846192,8,8,382.4222649160074
AOA,Diabetes,7,0.27291596638655463,0.734428316781258,8,8,391.27324579202104
AOA,Diabetes,8,0.26518487394957985,0.7422375010610305,8,8,391.3300046660006
AOA,Diabetes,9,0.2742710084033614,0.7317969612087258,7,8,391.0965720830136
AOA,Diabetes,10,0.3376302521008404,0.6640098463627875,4,8,387.92572141601704
AOA,Diabetes,11,0.27554621848739497,0.7317714964773788,8,8,391.1608912079828
AOA,Diabetes,12,0.27430252100840347,0.7330277565571682,8,8,390.90300683298847
AOA,Diabetes,13,0.24592647058823536,0.760427807486631,7,8,389.4792735000374
AOA,Diabetes,14,0.25747899159663856,0.750021220609456,8,8,391.05905599996913
AOA,Diabetes,15,0.2651932773109244,0.7422290128172481,8,8,392.3546297500143
AOA,Diabetes,16,0.27682352941176475,0.7304812834224599,8,8,389.85016391595127
AOA,Diabetes,17,0.263890756302521,0.7435446906035141,8,8,389.54857645800803
AOA,Diabetes,18,0.2665798319327731,0.7408284525931584,8,8,389.27065299998503
AOA,Diabetes,19,0.2652689075630252,0.7421526186232069,8,8,391.5591753750341
AOA,Diabetes,20,0.31173319327731075,0.6939563704269588,7,8,392.88744370802306
AOA,Diabetes,21,0.2793865546218487,0.7278923690688397,8,8,390.4448234169977
AOA,Diabetes,22,0.2742773109243697,0.7330532212885155,8,8,391.4269670830108
AOA,Diabetes,23,0.2704558823529411,0.7356506238859181,7,8,392.25447404099395
AOA,Diabetes,24,0.2715882352941177,0.735769459298871,8,8,392.53390462498646
AOA,Diabetes,25,0.2716638655462185,0.7356930651048298,8,8,390.4457437910023
AOA,Diabetes,26,0.25620168067226895,0.7513114336643748,8,8,390.29675516701536
AOA,Diabetes,27,0.2806470588235294,0.7266191325014855,8,8,391.7896975830081
AOA,Diabetes,28,0.27302731092436966,0.7330532212885155,7,8,389.8243817500188
AOA,Diabetes,29,0.34795378151260503,0.651056786350904,2,8,384.8122901250026
AOA,GermanCredit,0,0.26542,0.742,20,20,556.4834359579836
AOA,GermanCredit,1,0.27235000000000004,0.735,20,20,557.3775521669886
AOA,GermanCredit,2,0.2674,0.74,20,20,555.5164658330032
AOA,GermanCredit,3,0.26245,0.745,20,20,554.8024342919816
AOA,GermanCredit,4,0.27532,0.732,20,20,556.141578291019
AOA,GermanCredit,5,0.2763099999999999,0.7310000000000001,20,20,557.4533353750012
AOA,GermanCredit,6,0.2674,0.74,20,20,557.7121983339894
AOA,GermanCredit,7,0.26641000000000004,0.741,20,20,554.8372819170472
AOA,GermanCredit,8,0.27235000000000004,0.735,20,20,556.326186500024
AOA,GermanCredit,9,0.2644299999999999,0.7430000000000001,20,20,556.9644670829875
AOA,GermanCredit,10,0.2634399999999999,0.7440000000000001,20,20,559.1519839169923
AOA,GermanCredit,11,0.25551999999999997,0.752,20,20,555.9395713749691
AOA,GermanCredit,12,0.25304,0.754,19,20,552.0886806250201
AOA,GermanCredit,13,0.2674,0.74,20,20,556.7624336660374
AOA,GermanCredit,14,0.2644299999999999,0.7430000000000001,20,20,555.0419619170134
AOA,GermanCredit,15,0.2609599999999999,0.7460000000000001,19,20,550.1507263340172
AOA,GermanCredit,16,0.27383,0.733,19,20,552.9951277499786
AOA,GermanCredit,17,0.25453,0.753,20,20,557.2210968750296
AOA,GermanCredit,18,0.2693799999999999,0.7380000000000001,20,20,557.2180090000038
AOA,GermanCredit,19,0.2693799999999999,0.7380000000000001,20,20,554.9090283749974
AOA,GermanCredit,20,0.26938,0.738,20,20,553.5018671249854
AOA,GermanCredit,21,0.26542,0.742,20,20,558.1116661250126
AOA,GermanCredit,23,0.2674,0.74,20,20,555.8595943329856
AOA,GermanCredit,22,0.2574999999999999,0.7500000000000001,20,20,557.9761633340386
AOA,GermanCredit,24,0.2644299999999999,0.7430000000000001,20,20,556.3905494170031
AOA,HeartDisease,0,0.19340169491525427,0.8147457627118644,13,13,227.81079591601156
AOA,HeartDisease,1,0.19647796610169488,0.8116384180790961,13,13,229.08654791599838
AOA,GermanCredit,25,0.27532,0.732,20,20,558.4113500000094
AOA,GermanCredit,26,0.2683899999999999,0.7390000000000001,20,20,558.9865591250127
AOA,GermanCredit,27,0.26542,0.742,20,20,556.743715833989
AOA,HeartDisease,2,0.17007796610169482,0.8383050847457628,13,13,226.80686616705498
AOA,HeartDisease,3,0.1833898305084744,0.8248587570621471,13,13,227.1851465840009
AOA,HeartDisease,4,0.19983389830508466,0.8082485875706216,13,13,227.52341058297316
AOA,HeartDisease,5,0.200057627118644,0.8080225988700566,13,13,229.61981770797865
AOA,GermanCredit,28,0.25948,0.748,20,20,559.4131077089696
AOA,GermanCredit,29,0.2683899999999999,0.7390000000000001,20,20,557.4164598750067
AOA,HeartDisease,6,0.1866898305084746,0.8215254237288135,13,13,229.39629516599234
AOA,HeartDisease,7,0.19653389830508491,0.8115819209039546,13,13,226.73993204103317
AOA,HeartDisease,8,0.18998983050847457,0.8181920903954802,13,13,228.7484359999653
AOA,HeartDisease,9,0.1998898305084746,0.8081920903954802,13,13,229.31755270803114
AOA,HeartDisease,10,0.1931779661016949,0.8149717514124294,13,13,228.53768750000745
AOA,HeartDisease,11,0.19295423728813554,0.8151977401129944,13,13,230.75215099996421
AOA,HeartDisease,12,0.20335762711864397,0.8046892655367233,13,13,229.08860474999528
AOA,HeartDisease,13,0.18311016949152548,0.8251412429378531,13,13,229.58618716604542
AOA,HeartDisease,14,0.18322203389830488,0.8250282485875708,13,13,230.37536791700404
AOA,HeartDisease,15,0.18641016949152545,0.8218079096045198,13,13,229.32971937500406
AOA,HeartDisease,16,0.17332203389830497,0.8350282485875707,13,13,232.59364774997812
AOA,HeartDisease,17,0.18322203389830488,0.8250282485875708,13,13,232.73316291702213
AOA,HeartDisease,18,0.19642203389830507,0.8116949152542373,13,13,232.7668690419523
AOA,HeartDisease,20,0.1635898305084745,0.844858757062147,13,13,230.7395639999886
AOA,HeartDisease,19,0.20330169491525416,0.8047457627118645,13,13,232.63812487496762
AOA,HeartDisease,21,0.177558409387223,0.8284180790960451,10,13,233.2789442499634
AOA,HeartDisease,22,0.1934576271186441,0.8146892655367232,13,13,232.93417766597122
AOA,HeartDisease,23,0.1798101694915254,0.8284745762711865,13,13,231.67465075000655
AOA,HeartDisease,24,0.18299830508474574,0.8252542372881356,13,13,222.2080351249897
AOA,HeartDisease,25,0.1866898305084746,0.8215254237288135,13,13,217.78362458298216
AOA,HeartDisease,26,0.18663389830508478,0.8215819209039548,13,13,218.2246511670528
AOA,HeartDisease,27,0.17986610169491532,0.8284180790960451,13,13,202.26739799999632
AOA,HeartDisease,28,0.18338983050847463,0.8248587570621468,13,13,203.32765204203315
AOA,HeartDisease,29,0.20313389830508474,0.8049152542372882,13,13,196.80544612498488
AOA,IonosphereEW,0,0.16800160965794766,0.8404024144869215,34,34,390.51364845898934
AOA,IonosphereEW,1,0.16788209255533199,0.840523138832998,34,34,389.01369204197545
AOA,IonosphereEW,2,0.1650933601609659,0.8433400402414486,34,34,400.04617937502917
AOA,IonosphereEW,4,0.17927605633802804,0.8290140845070424,34,34,396.62922083301237
AOA,IonosphereEW,3,0.16246398390342046,0.8459959758551309,34,34,399.36637941602385
AOA,IonosphereEW,5,0.16513319919517117,0.8432997987927564,34,34,411.58605637500295
AOA,IonosphereEW,6,0.16788209255533199,0.840523138832998,34,34,410.6051943330094
AOA,IonosphereEW,7,0.16209018818795118,0.8460764587525151,33,34,409.08037420903565
AOA,IonosphereEW,8,0.16501368209255524,0.8434205231388331,34,34,409.7098999580485
AOA,IonosphereEW,9,0.16493400402414482,0.8435010060362174,34,34,407.73126741696615
AOA,IonosphereEW,10,0.17357907444668005,0.8347686116700201,34,34,412.3789304589736
AOA,IonosphereEW,12,0.1764474849094567,0.8318712273641852,34,34,402.2666494589648
AOA,IonosphereEW,11,0.17369859154929587,0.8346478873239436,34,34,405.86413775000256
AOA,IonosphereEW,14,0.17083018108651915,0.8375452716297787,34,34,409.8306456670398
AOA,IonosphereEW,15,0.16796177062374262,0.8404426559356135,34,34,414.35749995795777
AOA,IonosphereEW,13,0.17987120369274473,0.8260362173038229,26,34,456.30775683303364
AOA,IonosphereEW,16,0.16238430583501,0.8460764587525151,34,34,408.69667299999855
AOA,IonosphereEW,17,0.16766765297668357,0.8404426559356137,33,34,412.4187006249558
AOA,IonosphereEW,18,0.17664668008048293,0.8316700201207243,34,34,409.8540073329932
AOA,IonosphereEW,19,0.17648732394366196,0.831830985915493,34,34,407.76264054200146
AOA,IonosphereEW,20,0.15935653923541243,0.8491348088531188,34,34,409.3863467500196
AOA,IonosphereEW,21,0.16792193158953725,0.8404828973843058,34,34,411.5668093339773
AOA,IonosphereEW,22,0.1652128772635815,0.8432193158953722,34,34,412.4206093750545
AOA,IonosphereEW,23,0.1567271629778672,0.8517907444668008,34,34,415.1570799999754
AOA,IonosphereEW,24,0.15369939637826974,0.8548490945674043,34,34,428.7733121670317
AOA,IonosphereEW,25,0.17071066398390333,0.8376659959758552,34,34,433.67898124997737
AOA,IonosphereEW,26,0.17349939637826964,0.8348490945674044,34,34,457.08838987501804
AOA,IonosphereEW,27,0.16234446680080486,0.8461167002012072,34,34,451.66504983301274
AOA,IonosphereEW,28,0.15947605633802814,0.8490140845070423,34,34,455.57183133397484
AOA,IonosphereEW,29,0.16784225352112683,0.8405633802816901,34,34,491.53233358397847
AOA,KrVsKpEW,0,0.07566544894366212,0.9336712636932706,35,35,1637.4062565830536
AOA,KrVsKpEW,1,0.07536091549295773,0.9339788732394366,35,35,1645.5192892089835
AOA,KrVsKpEW,2,0.08093499119718309,0.9283484937402191,35,35,1703.9433119999594
AOA,KrVsKpEW,3,0.07876404049295761,0.9305413732394368,35,35,1703.1130981250317
AOA,KrVsKpEW,4,0.07536139964788731,0.9339783841940532,35,35,1726.8926883749664
AOA,KrVsKpEW,5,0.07443472711267612,0.9349144170579029,35,35,1724.79954024998
AOA,KrVsKpEW,6,0.0821715228873239,0.927099471830986,35,35,1728.7016421669978
AOA,KrVsKpEW,7,0.07164115316901415,0.9377362089201877,35,35,1737.4839033340104
AOA,KrVsKpEW,8,0.07597627640845069,0.9333572965571205,35,35,1740.6511535409954
AOA,KrVsKpEW,9,0.12653783953722333,0.8814192097026604,32,35,1739.4374571249937
AOA,KrVsKpEW,10,0.07907486795774639,0.9302274061032865,35,35,1741.3135891669663
AOA,KrVsKpEW,11,0.07256540492957735,0.9368026212832552,35,35,1739.4159800420166
AOA,KrVsKpEW,12,0.07628807218309873,0.9330423513302033,35,35,1736.5538951250492
AOA,KrVsKpEW,13,0.07969168133802818,0.92960436228482,35,35,1733.729559874977
AOA,KrVsKpEW,14,0.07630834381287724,0.9327332746478874,34,35,1733.9265799999703
AOA,KrVsKpEW,15,0.0775275088028168,0.9317903951486699,35,35,1739.8029917499516
AOA,KrVsKpEW,16,0.07845805457746483,0.9308504499217527,35,35,1732.3811539580347
AOA,KrVsKpEW,17,0.08093305457746466,0.9283504499217529,35,35,1737.4854714170215
AOA,KrVsKpEW,18,0.07474071302816891,0.934605340375587,35,35,1741.3546284579788
AOA,KrVsKpEW,19,0.08031866197183109,0.9289710485133019,35,35,1739.6868033339852
AOA,KrVsKpEW,21,0.08031527288732405,0.9289744718309858,35,35,1742.8565651249955
AOA,KrVsKpEW,20,0.08279124119718315,0.926473493740219,35,35,1747.8536351250368
AOA,KrVsKpEW,22,0.07938714788732401,0.9299119718309858,35,35,1745.7628177079605
AOA,KrVsKpEW,23,0.07877130281690138,0.9305340375586855,35,35,1746.3635197909898
AOA,Leukemia,0,0.07882857142857133,0.9304761904761906,3571,3571,649.097775125003
AOA,Leukemia,1,0.051485714285714274,0.9580952380952381,3571,3571,650.2465308330138
AOA,KrVsKpEW,24,0.08093983274647885,0.928343603286385,35,35,1689.7790415000054
AOA,KrVsKpEW,25,0.07752654049295775,0.9317913732394366,35,35,1691.3647237920086
AOA,Leukemia,2,0.06562857142857136,0.9438095238095239,3571,3571,642.7389873749926
AOA,Leukemia,3,0.05148291394967384,0.9580952380952382,3570,3571,637.9809721249621
AOA,KrVsKpEW,26,0.07567029049295779,0.9336663732394366,35,35,1665.3388503339957
AOA,KrVsKpEW,27,0.07845757042253525,0.9308509389671361,35,35,1660.1033646659926
AOA,KrVsKpEW,28,0.08248283450704237,0.9267850156494521,35,35,1632.7205791249871
AOA,KrVsKpEW,29,0.0688514524647887,0.9405540884194054,35,35,1634.840597332979
AOA,Leukemia,4,0.06343676441172937,0.9447619047619048,3125,3571,595.4016540409648
AOA,Leukemia,5,0.021250966115933887,0.9866666666666667,2875,3571,591.3183969590464
AOA,Leukemia,6,0.03626278353402403,0.9733333333333334,3522,3571,586.747407332994
AOA,Leukemia,7,0.03734005680681674,0.9723809523809525,3570,3571,580.5334229170112
AOA,Leukemia,8,0.03733445613473609,0.9723809523809525,3568,3571,573.0813547080033
AOA,Leukemia,9,0.07689525143017158,0.9323809523809524,3554,3571,570.7469254590105
AOA,Leukemia,10,0.03734005680681674,0.9723809523809525,3570,3571,566.5612309999997
AOA,Leukemia,11,0.05242297075649063,0.9571428571428573,3569,3571,566.1446832499932
AOA,Leukemia,12,0.02414285714285709,0.9857142857142858,3571,3571,564.331475999963
AOA,Leukemia,13,0.023197199663959653,0.9866666666666667,3570,3571,564.7424288750044
AOA,Leukemia,14,0.06562857142857136,0.9438095238095239,3571,3571,562.8622744999593
AOA,Leukemia,15,0.05146051126135124,0.9580952380952382,3562,3571,566.4687977919821
AOA,Leukemia,17,0.03734285714285707,0.9723809523809525,3571,3571,561.851476959011
AOA,Leukemia,16,0.03734285714285707,0.9723809523809525,3571,3571,564.3068443329539
AOA,Leukemia,18,0.05054285714285715,0.959047619047619,3571,3571,562.9931246250053
AOA,Leukemia,19,0.05054285714285715,0.959047619047619,3571,3571,563.0131405830034
AOA,Leukemia,20,0.03734285714285707,0.9723809523809525,3571,3571,562.7526791249984
AOA,Leukemia,21,0.0656229707564907,0.9438095238095239,3569,3571,564.0462540409644
AOA,Leukemia,22,0.051474512941552863,0.9580952380952382,3567,3571,561.512906042044
AOA,Leukemia,23,0.05046444773372806,0.959047619047619,3543,3571,561.146072249976
AOA,Lymphography,0,0.20344827586206896,0.8045977011494253,18,18,130.57207241596188
AOA,Leukemia,24,0.03734285714285707,0.9723809523809525,3571,3571,554.3919480830082
AOA,Leukemia,25,0.0646353082369884,0.9447619047619048,3553,3571,555.6788203329779
AOA,Lymphography,1,0.1563647509578544,0.8510344827586207,16,18,148.0257023749873
AOA,Lymphography,2,0.18979310344827593,0.8183908045977011,18,18,151.77301229099976
AOA,Leukemia,26,0.03827731327759321,0.9714285714285715,3568,3571,547.3853542910074
AOA,Leukemia,27,0.03733725647077642,0.9723809523809525,3569,3571,546.8434973750263
AOA,Lymphography,3,0.19707586206896555,0.8110344827586207,18,18,158.75803095800802
AOA,Lymphography,4,0.19070344827586203,0.8174712643678161,18,18,158.38784062495688
AOA,Lymphography,5,0.18273793103448285,0.8255172413793103,18,18,166.62098191602854
AOA,Lymphography,6,0.2048137931034484,0.8032183908045976,18,18,167.9473778330139
AOA,Lymphography,7,0.17044827586206907,0.8379310344827585,18,18,167.86239387502428
AOA,Lymphography,8,0.2171034482758621,0.7908045977011494,18,18,168.79217891703593
AOA,Leukemia,28,0.0524285714285715,0.9571428571428571,3571,3571,548.6573294170084
AOA,Lymphography,9,0.19093103448275867,0.8172413793103448,18,18,168.20116466697073
AOA,Lymphography,10,0.2234758620689656,0.7843678160919539,18,18,169.7007784579764
AOA,Leukemia,29,0.02414285714285709,0.9857142857142858,3571,3571,586.4073723750189
AOA,Lymphography,11,0.20435862068965527,0.8036781609195401,18,18,174.01235554198502
AOA,Lymphography,12,0.20435862068965516,0.8036781609195403,18,18,174.32631270796992
AOA,Lymphography,13,0.20367586206896549,0.8043678160919541,18,18,175.05624962499132
AOA,Lymphography,14,0.20344827586206896,0.8045977011494253,18,18,174.6043320420431
AOA,Lymphography,15,0.19002068965517246,0.8181609195402298,18,18,177.08638895797776
AOA,Lymphography,16,0.21004827586206912,0.7979310344827585,18,18,177.25352224998642
AOA,Lymphography,17,0.23053103448275858,0.7772413793103449,18,18,176.06425708299503
AOA,Lymphography,18,0.1963931034482761,0.8117241379310343,18,18,177.10718183399877
AOA,Lymphography,19,0.2100482758620689,0.7979310344827587,18,18,177.8694641670445
AOA,Lymphography,20,0.2171034482758622,0.7908045977011493,18,18,177.67147554201074
AOA,Lymphography,21,0.1699931034482758,0.8383908045977012,18,18,177.23324108304223
AOA,Lymphography,22,0.21687586206896556,0.7910344827586206,18,18,178.35270749998745
AOA,Lymphography,23,0.20367586206896549,0.8043678160919541,18,18,178.47684774996014
AOA,Lymphography,24,0.1968482758620689,0.811264367816092,18,18,177.5007153750048
AOA,Lymphography,25,0.22393103448275864,0.7839080459770115,18,18,178.79005612496985
AOA,Lymphography,26,0.21164137931034477,0.7963218390804598,18,18,176.60510808299296
AOA,Lymphography,27,0.1904758620689655,0.8177011494252874,18,18,177.7982491669827
AOA,Lymphography,28,0.20403065134099613,0.803448275862069,17,18,178.55391691601835
AOA,Lymphography,29,0.170903448275862,0.8374712643678162,18,18,177.56453858298482
AOA,M-of-n,0,0.13870000000000013,0.8699999999999999,13,13,494.8941068749991
AOA,M-of-n,1,0.16048000000000015,0.8479999999999999,13,13,498.1544080830063
AOA,M-of-n,2,0.13969,0.869,13,13,493.9870617080014
AOA,M-of-n,3,0.12978999999999988,0.8790000000000001,13,13,495.43452887499006
AOA,M-of-n,4,0.14365000000000003,0.865,13,13,495.27664754196303
AOA,M-of-n,5,0.09756153846153855,0.9099999999999999,11,13,494.9473856249824
AOA,M-of-n,6,0.1456299999999999,0.8630000000000001,13,13,495.3307266670163
AOA,M-of-n,7,0.13474,0.874,13,13,495.34933395899134
AOA,M-of-n,8,0.13991076923076926,0.868,12,13,497.4838937080349
AOA,M-of-n,9,0.15255999999999992,0.8560000000000001,13,13,501.55039762496017
AOA,M-of-n,10,0.29303307692307695,0.711,9,13,497.71960945799947
AOA,M-of-n,11,0.13969,0.869,13,13,500.5445061670034
AOA,M-of-n,12,0.2062407692307691,0.8010000000000002,12,13,499.44339962495724
AOA,M-of-n,13,0.13870000000000013,0.8699999999999999,13,13,501.0948249590001
AOA,M-of-n,14,0.13177,0.877,13,13,498.79028545797337
AOA,M-of-n,15,0.12704076923076923,0.881,12,13,496.245625792013
AOA,M-of-n,16,0.13474,0.874,13,13,495.92185112502193
AOA,M-of-n,18,0.14464000000000013,0.8639999999999999,13,13,496.3482693749829
AOA,M-of-n,17,0.15157,0.857,13,13,498.71316787501564
AOA,M-of-n,19,0.15751000000000004,0.851,13,13,498.41705154196825
AOA,M-of-n,20,0.12110076923076933,0.8869999999999999,12,13,494.9175392079633
AOA,M-of-n,21,0.1486,0.86,13,13,496.22826395800803
AOA,M-of-n,22,0.13177,0.877,13,13,495.5524489580421
AOA,M-of-n,23,0.1307799999999999,0.8780000000000001,13,13,493.23508133302676
AOA,Parkinsons,0,0.11661538461538457,0.8923076923076924,22,22,202.37457879201975
AOA,Parkinsons,1,0.10138461538461538,0.9076923076923077,22,22,202.59281879197806
AOA,M-of-n,24,0.14662000000000014,0.8619999999999999,13,13,492.4908791669877
AOA,M-of-n,25,0.11790999999999997,0.891,13,13,493.18261104199337
AOA,M-of-n,26,0.14662000000000014,0.8619999999999999,13,13,494.9484531249618
AOA,M-of-n,27,0.13276,0.876,13,13,493.68218200001866
AOA,Parkinsons,2,0.13646853146853136,0.8717948717948719,21,22,202.41243666695664
AOA,Parkinsons,3,0.09630769230769222,0.9128205128205129,22,22,203.52904479095014
AOA,M-of-n,28,0.17896230769230773,0.827,10,13,492.552314999979
AOA,M-of-n,29,0.13177,0.877,13,13,493.9063658749801
AOA,Parkinsons,4,0.09123076923076916,0.917948717948718,22,22,202.15461987495655
AOA,Parkinsons,5,0.09123076923076916,0.917948717948718,22,22,203.28965950000565
AOA,Parkinsons,6,0.11661538461538457,0.8923076923076924,22,22,204.21308354201028
AOA,Parkinsons,7,0.14707692307692316,0.8615384615384615,22,22,203.81429775001016
AOA,Parkinsons,8,0.09123076923076927,0.9179487179487179,22,22,204.54754549998324
AOA,Parkinsons,9,0.08107692307692314,0.9282051282051281,22,22,202.57186979200924
AOA,Parkinsons,10,0.11661538461538457,0.8923076923076924,22,22,201.52819687500596
AOA,Parkinsons,11,0.08107692307692314,0.9282051282051281,22,22,202.58876354194945
AOA,Parkinsons,12,0.0861538461538461,0.9230769230769231,22,22,203.62187520903535
AOA,Parkinsons,13,0.10646153846153844,0.9025641025641026,22,22,202.6569972920115
AOA,Parkinsons,14,0.09123076923076927,0.9179487179487179,22,22,203.05224549997365
AOA,Parkinsons,15,0.10646153846153844,0.9025641025641026,22,22,203.05285341700073
AOA,Parkinsons,16,0.1267692307692307,0.8820512820512821,22,22,203.6935417089844
AOA,Parkinsons,17,0.09630769230769222,0.9128205128205129,22,22,201.7202078749542
AOA,Parkinsons,18,0.09630769230769222,0.9128205128205129,22,22,203.14564129099017
AOA,Parkinsons,19,0.09630769230769233,0.9128205128205128,22,22,204.40135999995982
AOA,Parkinsons,20,0.12169230769230761,0.8871794871794872,22,22,204.57100358395837
AOA,Parkinsons,21,0.09630769230769233,0.9128205128205128,22,22,200.55494741699658
AOA,Parkinsons,22,0.09630769230769222,0.9128205128205129,22,22,203.31424129201332
AOA,Parkinsons,23,0.11661538461538457,0.8923076923076924,22,22,202.65638216701336
AOA,Parkinsons,24,0.11661538461538457,0.8923076923076924,22,22,198.59236716700252
AOA,Parkinsons,25,0.11616083916083912,0.8923076923076924,21,22,197.55123050004477
AOA,Parkinsons,26,0.10138461538461538,0.9076923076923077,22,22,215.91618112497963
AOA,Parkinsons,28,0.0861538461538461,0.9230769230769231,22,22,165.35684199997922
AOA,Parkinsons,27,0.0861538461538462,0.923076923076923,22,22,242.47942887496902
AOA,Parkinsons,29,0.09123076923076927,0.9179487179487179,22,22,201.53978929197183
AOA,Sonar,0,0.19951451800232284,0.807897793263647,56,60,253.19684291700833
AOA,Sonar,1,0.1812090592334495,0.827061556329849,60,60,253.05769016605336
AOA,Sonar,2,0.20041114982578398,0.8076655052264808,60,60,247.17260354204336
AOA,Sonar,3,0.17660975609756102,0.8317073170731707,60,60,247.79591908300063
AOA,Sonar,4,0.20501045296167245,0.8030197444831592,60,60,331.25202983396593
AOA,Sonar,5,0.20018118466898951,0.807897793263647,60,60,336.11845941696083
AOA,Sonar,6,0.18189895470383277,0.8263646922183507,60,60,380.65391225001076
AOA,Sonar,7,0.21892334494773527,0.7889663182346108,60,60,369.26960254099686
AOA,Sonar,8,0.20006620209059228,0.80801393728223,60,60,382.2768390420242
AOA,Sonar,9,0.21455400696864108,0.7933797909407666,60,60,381.6645051660016
AOA,Sonar,10,0.20443554006968648,0.8036004645760743,60,60,384.9620064580231
AOA,Sonar,11,0.18626829268292688,0.8219512195121951,60,60,385.0841978749959
AOA,Sonar,12,0.19132752613240428,0.8168408826945411,60,60,352.18678470898885
AOA,Sonar,13,0.19546689895470382,0.8126596980255517,60,60,334.69127412495436
AOA,Sonar,14,0.19075261324041812,0.8174216027874565,60,60,326.87478383397684
AOA,Sonar,15,0.17138385598141695,0.8368176538908246,59,60,326.4579817079939
AOA,Sonar,16,0.21915331010452954,0.7887340301974449,60,60,321.88468254200416
AOA,Sonar,17,0.1958118466898955,0.8123112659698025,60,60,321.7517020829837
AOA,Sonar,18,0.20001451800232284,0.807897793263647,59,60,314.9777586249984
AOA,Sonar,19,0.20914982578397218,0.7988385598141695,60,60,314.1359364169766
AOA,Sonar,20,0.20972473867595837,0.7982578397212542,60,60,318.11300520802615
AOA,Sonar,21,0.21967653890824615,0.7880371660859466,59,60,327.263819875021
AOA,Sonar,22,0.2295017421602788,0.7782810685249709,60,60,319.9349360000342
AOA,Sonar,23,0.2102996515679442,0.7976771196283392,60,60,323.2815605829819
AOA,Sonar,24,0.21461730545876886,0.7931475029036005,59,60,334.5252472499851
AOA,Sonar,25,0.2146689895470383,0.7932636469221835,60,60,336.7448579170159
AOA,Sonar,26,0.2052404181184669,0.802787456445993,60,60,342.63533749995986
AOA,Sonar,27,0.19592682926829275,0.8121951219512195,60,60,342.85834458400495
AOA,SpectEW,0,0.23982389937106918,0.7678546470999301,22,22,163.58626116701635
AOA,SpectEW,1,0.198867924528302,0.8092243186582808,22,22,174.14168929104926
AOA,Sonar,28,0.18504994192799076,0.821835075493612,52,60,367.67637220799224
AOA,Sonar,29,0.20535540069686414,0.80267131242741,60,60,377.3407482079929
AOA,SpectEW,3,0.21816981132075472,0.789727463312369,22,22,203.69823312497465
AOA,SpectEW,2,0.19167295597484274,0.816491963661775,22,22,211.4533711670083
AOA,SpectEW,4,0.1990062893081761,0.8090845562543676,22,22,211.3242371250526
AOA,SpectEW,5,0.22149056603773576,0.7863731656184487,22,22,212.14540520799346
AOA,SpectEW,6,0.18088050314465415,0.827393431167016,22,22,214.31996870896546
AOA,SpectEW,7,0.19513207547169822,0.8129979035639412,22,22,221.65619616705226
AOA,SpectEW,8,0.20668553459119487,0.8013277428371769,22,22,226.21457574999658
AOA,SpectEW,9,0.2136729559748428,0.7942697414395528,22,22,230.55400337500032
AOA,SpectEW,10,0.19561635220125786,0.8125087351502446,22,22,230.32625874999212
AOA,SpectEW,11,0.19568553459119492,0.812438853948288,22,22,232.00384662498254
AOA,SpectEW,12,0.20288050314465406,0.8051712089447939,22,22,232.55299445800483
AOA,SpectEW,13,0.20647798742138362,0.8015373864430468,22,22,232.30191558401566
AOA,SpectEW,14,0.2029496855345911,0.8051013277428373,22,22,232.05813466600375
AOA,SpectEW,15,0.20633962264150954,0.8016771488469601,22,22,229.10576666600537
AOA,SpectEW,16,0.24722641509433968,0.760377358490566,22,22,226.6994170830003
AOA,SpectEW,17,0.22916981132075467,0.7786163522012579,22,22,228.83218545798445
AOA,SpectEW,18,0.2174779874213836,0.7904262753319358,22,22,230.74224279099144
AOA,SpectEW,19,0.20993710691823889,0.7980433263452132,22,22,230.09556725004222
AOA,SpectEW,20,0.24467695826186378,0.7606568832983929,17,22,229.09285845799604
AOA,SpectEW,21,0.1991446540880504,0.8089447938504541,22,22,230.28491233399836
AOA,SpectEW,22,0.21042138364779867,0.7975541579315165,22,22,230.45037537504686
AOA,SpectEW,23,0.21310977701543732,0.7939203354297695,20,22,226.9682017500163
AOA,SpectEW,24,0.18814465408805023,0.8200559049615654,22,22,227.9611410839716
AOA,SpectEW,25,0.2216289308176102,0.7862334032145352,22,22,228.18730158300605
AOA,SpectEW,26,0.22121383647798737,0.7866526904262754,22,22,230.62772524997126
AOA,SpectEW,27,0.19921383647798724,0.8088749126484978,22,22,229.98913145897677
AOA,SpectEW,28,0.21401886792452823,0.7939203354297695,22,22,232.37834649998695
AOA,SpectEW,29,0.20260377358490567,0.8054507337526206,22,22,231.1784792499966
AOA,TicTacToe,0,0.15672905759162287,0.8517888307155325,9,9,460.30377158295596
AOA,TicTacToe,1,0.2506236547411286,0.7547011343804537,7,9,458.45957633299986
AOA,TicTacToe,2,0.15777110602094235,0.8507362565445027,9,9,457.942637250002
AOA,TicTacToe,3,0.15987679973821992,0.8486092931937173,9,9,460.53301312500844
AOA,TicTacToe,4,0.15880775523560212,0.8496891361256544,9,9,461.1090391249745
AOA,TicTacToe,5,0.16502225130890044,0.843411867364747,9,9,462.4714625000488
AOA,TicTacToe,6,0.16502225130890044,0.843411867364747,9,9,459.08797300001606
AOA,TicTacToe,7,0.15880775523560212,0.8496891361256544,9,9,458.5102387079969
AOA,TicTacToe,8,1.0,0.0,0,9,452.595434457995
AOA,TicTacToe,9,0.28894075407213493,0.7171193280977313,8,9,456.8735544589581
AOA,TicTacToe,10,0.1660535013089006,0.8423702006980802,9,9,455.8896406670101
AOA,TicTacToe,11,0.16089185209424073,0.8475839877835952,9,9,457.10663283400936
AOA,TicTacToe,12,0.2496722658522397,0.756784467713787,8,9,459.21117033303017
AOA,TicTacToe,13,0.16911485602094248,0.8392779232111692,9,9,459.6543876659707
AOA,TicTacToe,15,0.1536191099476439,0.8549301919720769,9,9,457.48707770899637
AOA,TicTacToe,14,0.16398020287958118,0.8444644415357766,9,9,458.3159965000232
AOA,TicTacToe,16,0.16501685209424083,0.8434173211169285,9,9,459.828970667033
AOA,TicTacToe,17,0.16500605366492152,0.8434282286212914,9,9,458.1112540419563
AOA,TicTacToe,18,0.16604270287958117,0.8423811082024433,9,9,457.3572992910049
AOA,TicTacToe,19,0.1618745091623036,0.846591404886562,9,9,458.4095527079771
AOA,TicTacToe,20,0.16393700916230358,0.8445080715532287,9,9,461.43540237500565
AOA,TicTacToe,21,0.1577495091623036,0.8507580715532287,9,9,460.1708555840305
AOA,TicTacToe,22,0.16916884816753916,0.8392233856893544,9,9,457.16985887498595
AOA,TicTacToe,23,0.2775808064281559,0.7285940226876091,8,9,458.67322120798053
AOA,Vote,0,0.08234967622571689,0.9269195189639223,16,16,207.5910041250172
AOA,Vote,1,0.07850323774283065,0.9308048103607771,16,16,207.97423516697017
AOA,TicTacToe,24,0.1567398560209424,0.8517779232111693,9,9,459.1635808330029
AOA,TicTacToe,25,0.1526148560209423,0.8559445898778361,9,9,457.7500324579887
AOA,TicTacToe,26,1.0,0.0,0,9,450.587158374954
AOA,Vote,2,0.08683718778908428,0.922386679000925,16,16,207.36362208297942
AOA,Vote,3,0.0865624421831636,0.9226641998149863,16,16,207.52962033305084
AOA,TicTacToe,27,0.24959240474112854,0.7557428010471204,7,9,456.4130274580093
AOA,TicTacToe,28,0.1526094568062827,0.8559500436300175,9,9,460.4492535829777
AOA,TicTacToe,29,0.16500065445026169,0.843433682373473,9,9,459.8329881669488
AOA,Vote,4,0.09544588344125803,0.9136910268270121,16,16,209.88254075002624
AOA,Vote,5,0.0870203515263643,0.9222016651248846,16,16,208.07641445897752
AOA,Vote,6,0.0870203515263645,0.9222016651248843,16,16,208.098635250004
AOA,Vote,7,0.07841165587419054,0.9308973172987974,16,16,209.41195637499914
AOA,Vote,8,0.08674560592044404,0.9224791859389454,16,16,209.73776133399224
AOA,Vote,9,0.10199641535615167,0.9051803885291397,13,16,208.71241287502926
AOA,Vote,10,0.08253283996299735,0.9267345050878815,16,16,209.40730775002157
AOA,Vote,11,0.08637927844588336,0.9228492136910269,16,16,209.55671887495555
AOA,Vote,12,0.10377983348751153,0.90527289546716,16,16,209.49143266596366
AOA,Vote,13,0.08234967622571689,0.9269195189639223,16,16,207.59381079202285
AOA,Vote,14,0.0870203515263645,0.9222016651248843,16,16,208.14701091701863
AOA,Vote,15,0.09517113783533757,0.9139685476410732,16,16,207.21389220800484
AOA,Vote,17,0.08244125809435701,0.926827012025902,16,16,207.7111442500027
AOA,Vote,16,0.0828075855689178,0.9264569842738204,16,16,209.35325304197613
AOA,Vote,18,0.08280758556891758,0.9264569842738206,16,16,208.28495629201643
AOA,Vote,19,0.09132469935245144,0.9178538390379278,16,16,209.18346924998332
AOA,Vote,20,0.09077520814061052,0.91840888066605,16,16,209.78752708400134
AOA,Vote,21,0.09517113783533757,0.9139685476410732,16,16,206.91651108302176
AOA,Vote,22,0.09104995374653098,0.9181313598519889,16,16,207.44976854103152
AOA,Vote,23,0.08674560592044404,0.9224791859389454,16,16,206.09231691603782
AOA,Vote,24,0.09104995374653098,0.9181313598519889,16,16,207.30554654198932
AOA,Vote,25,0.07850323774283065,0.9308048103607771,16,16,206.8063082920271
AOA,Vote,26,0.08262442183163735,0.9266419981498613,16,16,205.9642357910052
AOA,Vote,27,0.09104995374653098,0.9181313598519889,16,16,205.4710392500274
AOA,Vote,28,0.09114153561517109,0.9180388529139686,16,16,203.00185162498383
AOA,Vote,29,0.08234967622571689,0.9269195189639223,16,16,191.0874967079726
AOA,WDBC,0,0.046535165346995734,0.9630957925787922,30,30,393.1570924160187
AOA,WDBC,3,0.040945194845520935,0.9684055270920664,29,30,385.7764712079661
AOA,WDBC,1,0.043782952957615355,0.9648657040832168,27,30,394.9630028330139
AOA,WDBC,4,0.05177643223101999,0.9578015836050303,30,30,389.69473245798144
AOA,WDBC,5,0.044782952957615356,0.9648657040832168,30,30,388.6396184170153
AOA,WDBC,2,0.042758888371370735,0.9665735134295919,29,30,410.48652925004717
AOA,WDBC,6,0.04790793355069091,0.9613724576929048,29,30,400.3519707089872
AOA,WDBC,7,0.04479832324173257,0.9648501785437045,30,30,389.15746558399405
AOA,WDBC,8,0.04824126688402425,0.9613724576929048,30,30,391.8044258329901
AOA,WDBC,10,0.050039590125756934,0.9595559695699425,30,30,389.9806885420112
AOA,WDBC,12,0.044449619624281914,0.9648657040832169,29,30,390.2938764170394
AOA,WDBC,11,0.04476758267349781,0.9648812296227295,30,30,391.6918482919573
AOA,WDBC,13,0.04132463903120635,0.9683589504735289,30,30,430.781312874984
AOA,WDBC,15,0.041293898462971594,0.968390001552554,30,30,390.501398042019
AOA,WDBC,14,0.04476758267349781,0.9648812296227295,30,30,444.2051344590145
AOA,WDBC,9,0.037502251203229364,0.971883247942866,29,30,557.3930257500033
AOA,WDBC,16,0.041293898462971594,0.968390001552554,30,30,397.0863375829649
AOA,WDBC,17,0.04476758267349781,0.9648812296227295,30,30,389.49538695800584
AOA,WDBC,18,0.037486880919112044,0.9718987734823784,29,30,389.4581037919852
AOA,WDBC,19,0.046519795062878413,0.9631113181183046,30,30,394.03258970798925
AOA,WDBC,20,0.04306148113646952,0.9666045645086166,30,30,396.198317625036
AOA,WDBC,21,0.04997810898928741,0.9596180717279925,30,30,395.8603175000171
AOA,WDBC,22,0.043076851420586953,0.9665890389691041,30,30,558.388875500008
AOA,WDBC,23,0.04481369352585012,0.9648346530041918,30,30,501.04514770797687
AOA,WDBC,24,0.04134000931532368,0.9683434249340165,30,30,405.2886214160244
AOA,WDBC,25,0.043046110852352194,0.9666200900481291,30,30,416.42570762499236
AOA,WDBC,26,0.04476758267349781,0.9648812296227295,30,30,419.8994267079979
AOA,WDBC,27,0.04132463903120635,0.9683589504735289,30,30,420.31103583297227
AOA,WDBC,28,0.04827200745225901,0.9613414066138798,30,30,449.62985149997985
AOA,WDBC,29,0.05002421984163961,0.9595714951094549,30,30,545.9654433749965
AOA,WaveformEW,0,0.23750200000000002,0.7702,40,40,3089.105351709004
AOA,WaveformEW,1,0.23235399999999992,0.7754000000000001,40,40,3104.7704608750064
AOA,WaveformEW,2,0.22977999999999998,0.778,40,40,3106.2477158750407
AOA,WaveformEW,3,0.23512599999999995,0.7726000000000001,40,40,3135.8021660420345
AOA,WaveformEW,4,0.230572,0.7772,40,40,3163.810596958967
AOA,WaveformEW,5,0.23453200000000013,0.7731999999999999,40,40,3165.103563459008
AOA,WaveformEW,6,0.24027400000000004,0.7674,40,40,3159.2932172499713
AOA,WaveformEW,7,0.23274999999999987,0.7750000000000001,40,40,3137.8125999170006
AOA,WaveformEW,8,0.23809600000000006,0.7696,40,40,3159.6682602500077
AOA,WaveformEW,9,0.227602,0.7802,40,40,3148.9376727079507
AOA,WaveformEW,10,0.22997799999999996,0.7778,40,40,3155.615910042019
AOA,WaveformEW,11,0.23532399999999992,0.7724000000000001,40,40,3149.209490999987
AOA,WaveformEW,12,0.23492800000000008,0.7727999999999999,40,40,3144.569990332995
AOA,WaveformEW,13,0.25071600000000005,0.7565999999999999,39,40,3160.2122089160257
AOA,WaveformEW,14,0.23908600000000005,0.7686,40,40,3162.941756666987
AOA,WaveformEW,15,0.22819599999999993,0.7796000000000001,40,40,3155.6240215420257
AOA,WaveformEW,16,0.23274999999999998,0.775,40,40,3138.5351569170016
AOA,WaveformEW,17,0.23314599999999994,0.7746000000000001,40,40,3137.8650636249804
AOA,WaveformEW,18,0.2335419999999999,0.7742000000000001,40,40,3138.7356950410176
AOA,WaveformEW,19,0.24027399999999993,0.7674000000000001,40,40,3147.323898417002
AOA,WaveformEW,20,0.23849200000000012,0.7691999999999999,40,40,3147.3829572499963
AOA,WaveformEW,21,0.2414619999999999,0.7662000000000001,40,40,3134.3685772499884
AOA,WaveformEW,22,0.23908599999999994,0.7686000000000001,40,40,3151.129201999982
AOA,WaveformEW,23,0.23532400000000003,0.7724,40,40,3094.562708084006
AOA,Zoo,0,0.06845714285714283,0.940952380952381,16,16,124.45069991599303
AOA,Zoo,1,0.06940000000000016,0.9399999999999998,16,16,121.21755454101367
AOA,Zoo,2,0.0679857142857142,0.9414285714285715,16,16,120.23085758299567
AOA,Zoo,3,0.07788571428571443,0.9314285714285713,16,16,120.5835231670062
AOA,Zoo,4,0.06845714285714283,0.940952380952381,16,16,119.7324680419988
AOA,Zoo,5,0.08872857142857145,0.9204761904761904,16,16,119.24184729199624
AOA,Zoo,6,0.08920000000000007,0.9199999999999999,16,16,121.31217175000347
AOA,Zoo,7,0.06845714285714283,0.940952380952381,16,16,122.25606724998215
AOA,Zoo,8,0.10758571428571424,0.9014285714285715,16,16,120.45619837497361
AOA,Zoo,9,0.07882857142857133,0.9304761904761906,16,16,119.30194562498946
AOA,Zoo,10,0.08872857142857145,0.9204761904761904,16,16,120.90871154202614
AOA,Zoo,11,0.07882857142857155,0.9304761904761903,16,16,120.41280679096235
AOA,Zoo,12,0.09862857142857145,0.9104761904761904,16,16,124.4983339169994
AOA,Zoo,13,0.08825714285714295,0.9209523809523809,16,16,123.87002187501639
AOA,Zoo,14,0.06892857142857144,0.9404761904761905,16,16,123.5398373749922
AOA,Zoo,15,0.06892857142857144,0.9404761904761905,16,16,122.71667820803123
AOA,Zoo,16,0.09815714285714285,0.910952380952381,16,16,123.80844662501477
AOA,Zoo,17,0.07882857142857133,0.9304761904761906,16,16,125.00147662498057
AOA,Zoo,18,0.06892857142857144,0.9404761904761905,16,16,121.02394079201622
AOA,Zoo,19,0.06892857142857144,0.9404761904761905,16,16,118.5403559160186
AOA,Zoo,20,0.05902857142857143,0.9504761904761905,16,16,121.61449058400467
AOA,Zoo,21,0.07882857142857133,0.9304761904761906,16,16,121.14648408297217
AOA,Zoo,22,0.07882857142857155,0.9304761904761903,16,16,119.7431381670176
AOA,Zoo,23,0.07882857142857155,0.9304761904761903,16,16,118.91331533394987
AOA,Zoo,24,0.07882857142857155,0.9304761904761903,16,16,121.05499516701093
AOA,Zoo,25,0.11780357142857137,0.8904761904761905,15,16,120.53200516599463
AOA,Zoo,26,0.06940000000000016,0.9399999999999998,16,16,122.03730558400275
AOA,Zoo,27,0.06892857142857144,0.9404761904761905,16,16,121.46332991699455
AOA,Zoo,28,0.08872857142857145,0.9204761904761904,16,16,121.72589858301217
AOA,Zoo,29,0.06939999999999993,0.9400000000000001,16,16,121.28080325003248
COA,BreastEW,0,0.0374999522923524,0.9677329325890941,5,9,700.6224091250333
COA,BreastEW,1,0.06419346643766992,0.9385251180764277,3,9,700.9308450000244
AOA,WaveformEW,25,0.23413599999999996,0.7736000000000001,40,40,3031.4033102500252
AOA,WaveformEW,24,0.23096800000000006,0.7767999999999999,40,40,3056.704930542037
AOA,WaveformEW,26,0.23591799999999996,0.7718,40,40,3050.243550208048
AOA,WaveformEW,27,0.2375019999999999,0.7702000000000001,40,40,3060.7938156670425
AOA,WaveformEW,28,0.236512,0.7712,40,40,3036.245171375049
AOA,WaveformEW,29,0.23026,0.776,34,40,3100.954859166988
COA,BreastEW,2,0.059878953771289496,0.9428832116788322,3,9,825.8767376250471
COA,BreastEW,3,0.0385685558895091,0.9677758694718763,6,9,833.6306205000146
COA,BreastEW,4,0.04358323791803822,0.9604658651781881,4,9,885.0394320840132
COA,BreastEW,5,0.05157585515958215,0.9546371833404894,6,9,894.0452310839901
COA,BreastEW,6,0.1177529340203235,0.884424645770717,3,9,906.6178865830298
COA,BreastEW,7,0.05373190687467201,0.9502146844139115,4,9,918.6126496669604
COA,BreastEW,8,0.04072460760459908,0.9633533705452983,4,9,929.3410916670109
COA,BreastEW,9,0.04143781308143693,0.9648776298840704,6,9,932.973657666007
COA,BreastEW,10,0.04762736749200904,0.9575032202662086,5,9,931.4485406249878
COA,BreastEW,11,0.04720820810075852,0.9590489480463719,6,9,932.9169879579567
COA,BreastEW,12,0.051586482038070834,0.9546264491197938,6,9,937.6407764159958
COA,BreastEW,13,0.036303826153332365,0.9678188063546587,4,9,933.5737800839706
COA,BreastEW,14,0.0406608463336673,0.9634177758694719,4,9,933.3325641670381
COA,BreastEW,15,0.04080140499022001,0.9677651352511807,8,9,937.4376354169799
COA,BreastEW,16,0.03922621773770328,0.9648668956633749,4,9,933.6924881250015
COA,BreastEW,17,0.0396028696149994,0.9633641047659939,3,9,937.6419452500413
COA,BreastEW,18,0.07757741758503886,0.92388364104766,2,9,931.7961633750238
COA,BreastEW,19,0.06391245646677163,0.9399313009875483,4,9,934.6947115419898
COA,BreastEW,20,0.06967222460760443,0.9341133533705455,4,9,937.0730009999825
COA,BreastEW,21,0.040671473212155876,0.9634070416487763,4,9,935.4533965000301
COA,BreastEW,22,0.10255529316349417,0.8975311292400171,1,9,922.728169042035
COA,BreastEW,23,0.045071000906445224,0.9589630742808073,4,9,925.1960271660355
COA,BreastEW,24,0.12248660607795422,0.8785208243881495,2,9,926.9104238749715
COA,BreastEW,25,0.0362931992748439,0.9678295405753541,4,9,912.0829485840513
COA,BreastEW,26,0.056256392824769776,0.9487870330613998,5,9,847.0408813750255
COA,BreastEW,27,0.058433698296837124,0.9443430656934305,3,9,843.1314454580424
COA,BreastEW,28,0.04754235246410001,0.9575890940317733,5,9,777.3800073750317
COA,BreastEW,29,0.04794025809837305,0.9560648346930014,4,9,773.1240047920146
COA,ColonCancer,0,0.21020807692307694,0.7884615384615384,157,2000,1038.3857474999968
COA,ColonCancer,1,0.27364038461538465,0.7256410256410256,405,2000,1019.1578032089747
COA,ColonCancer,2,0.1968880769230769,0.8051282051282052,793,2000,1024.500113166985
COA,ColonCancer,3,0.2235253846153846,0.7756410256410257,282,2000,1034.4589527909993
COA,ColonCancer,4,0.24614884615384616,0.7564102564102564,999,2000,1096.9797397090006
COA,ColonCancer,5,0.2571003846153847,0.7423076923076922,397,2000,1094.737701584003
COA,ColonCancer,6,0.21336384615384618,0.7897435897435897,1042,2000,1114.3404914169805
COA,ColonCancer,7,0.17630961538461531,0.8243589743589744,485,2000,1118.1594855840085
COA,ColonCancer,8,0.17766538461538456,0.8256410256410257,1010,2000,1123.4439736669883
COA,ColonCancer,9,0.1943938461538461,0.8064102564102564,548,2000,1116.1549197089626
COA,ColonCancer,10,0.21257807692307681,0.7884615384615385,631,2000,1118.4646117499797
COA,ColonCancer,11,0.27207038461538463,0.7256410256410256,91,2000,1115.511293166026
COA,ColonCancer,12,0.2094446153846153,0.7910256410256411,512,2000,1113.770997042011
COA,ColonCancer,13,0.24008538461538453,0.758974358974359,294,2000,1107.567728916998
COA,ColonCancer,14,0.16153461538461536,0.841025641025641,830,2000,1114.392963042017
COA,ColonCancer,15,0.24624884615384615,0.7564102564102564,1019,2000,1125.1418080420117
COA,ColonCancer,16,0.27527115384615386,0.7269230769230769,985,2000,1114.2511024999549
COA,ColonCancer,17,0.25765961538461546,0.741025641025641,255,2000,1109.2296514160116
COA,ColonCancer,18,0.2094046153846153,0.7910256410256411,504,2000,1109.7177750830306
COA,ColonCancer,19,0.3211461538461538,0.676923076923077,260,2000,1112.1355233750073
COA,ColonCancer,20,0.24112538461538455,0.758974358974359,502,2000,1114.0512532080174
COA,ColonCancer,21,0.1962380769230769,0.8051282051282052,663,2000,1112.2730515410076
COA,ColonCancer,22,0.1953646153846154,0.8076923076923077,996,2000,1117.1922570840106
COA,ColonCancer,23,0.2754388461538462,0.7230769230769231,257,2000,1121.6048239580123
COA,ColonCancer,24,0.22650384615384622,0.773076923076923,370,2000,1083.0846743329894
COA,ColonCancer,25,0.21064461538461532,0.7910256410256411,752,2000,1071.6339479589951
COA,ColonCancer,26,0.14517884615384619,0.8564102564102564,605,2000,1063.3535395839717
COA,ColonCancer,27,0.21142807692307683,0.7884615384615385,401,2000,1061.9588934169733
COA,Diabetes,0,0.27570378151260494,0.7278244631185808,5,8,796.6953358749743
COA,ColonCancer,29,0.17641461538461542,0.8243589743589743,506,2000,997.4602594579919
COA,ColonCancer,28,0.2767988461538462,0.7230769230769231,529,2000,1006.5223495839746
COA,Diabetes,1,0.2678592436974789,0.7382734912146678,7,8,811.4299417909933
COA,Diabetes,2,0.2614789915966386,0.7409303115185468,4,8,930.8635246670456
COA,Diabetes,3,0.33764075630252105,0.6627366097954333,3,8,963.8987839999609
COA,Diabetes,4,0.2717205882352941,0.7318478906714201,5,8,974.3983031670214
COA,Diabetes,5,0.3504705882352942,0.6510398098633392,4,8,975.9900509160361
COA,Diabetes,7,0.3710840336134454,0.6302181478652067,4,8,1000.5962892500102
COA,Diabetes,6,0.3350084033613445,0.6666581784228843,4,8,1004.377638874983
COA,Diabetes,8,0.36605462184873955,0.6327731092436975,2,8,999.3224200840341
COA,Diabetes,9,0.28615546218487387,0.7134793311263901,2,8,1000.9922052079928
COA,Diabetes,10,0.3376302521008404,0.6640098463627875,4,8,1003.1920829589944
COA,Diabetes,11,0.4201491596638655,0.5768695356930651,1,8,996.0091514579835
COA,Diabetes,12,0.33883823529411766,0.6640522875816993,5,8,1009.2463476250414
COA,Diabetes,13,0.24592647058823536,0.760427807486631,7,8,1014.7539752500015
COA,Diabetes,14,0.31558403361344545,0.6888040064510652,6,8,1003.265646875021
COA,Diabetes,15,0.26792226890756293,0.7356845768610475,5,8,1004.5273499579635
COA,Diabetes,16,0.2690546218487394,0.7358034122740006,6,8,1009.5241825830308
COA,Diabetes,17,0.32080042016806715,0.6797470503352857,3,8,1004.9640572500066
COA,Diabetes,18,0.26146638655462184,0.7434682964094729,6,8,1004.5881263749907
COA,Diabetes,19,0.2396827731092437,0.7616840675664205,3,8,996.3896688749664
COA,Diabetes,20,0.3286050420168068,0.6731262201850436,4,8,1007.8195597500307
COA,Diabetes,21,0.25366806722689067,0.7513453866395043,6,8,1016.4682953750016
COA,Diabetes,22,0.371203781512605,0.6288345641286818,3,8,1004.9323882919853
COA,Diabetes,23,0.3544264705882353,0.6432560903149138,1,8,1003.7039014170296
COA,Diabetes,24,0.2652920168067226,0.7383413971649266,5,8,1009.4622868330334
COA,Diabetes,25,0.28077941176470583,0.7226975638740345,5,8,1021.0759499589913
COA,Diabetes,26,0.25253361344537817,0.7524912995501231,6,8,1012.1051886250498
COA,Diabetes,27,0.2511596638655462,0.7513538748832866,4,8,1008.409947749984
COA,Diabetes,28,0.25251260504201684,0.7499872676343264,4,8,1014.7208333750023
COA,Diabetes,29,0.34795378151260503,0.651056786350904,2,8,1004.8731167499791
COA,GermanCredit,0,0.30596000000000007,0.696,10,20,1434.0527835829998
COA,GermanCredit,1,0.25201999999999997,0.752,13,20,1434.8375079999678
COA,GermanCredit,2,0.3074700000000001,0.697,15,20,1432.2222292920342
COA,GermanCredit,3,0.27528,0.728,12,20,1447.8459875839762
COA,GermanCredit,4,0.31734000000000007,0.6839999999999999,9,20,1433.668849083013
COA,GermanCredit,5,0.2847,0.72,15,20,1440.3883694999968
COA,GermanCredit,6,0.29460000000000003,0.71,15,20,1448.3255593749927
COA,GermanCredit,7,0.26932,0.732,8,20,1428.746952666028
COA,GermanCredit,8,0.26735000000000003,0.735,10,20,1432.4388009159593
COA,GermanCredit,9,0.29954000000000003,0.704,13,20,1439.629033833975
COA,GermanCredit,10,0.2634399999999999,0.7440000000000001,20,20,1446.4222568749683
COA,GermanCredit,11,0.3024899999999999,0.6990000000000001,9,20,1429.1044375420315
COA,GermanCredit,12,0.27924000000000004,0.724,12,20,1424.6343686250038
COA,GermanCredit,13,0.2525099999999999,0.7510000000000001,12,20,1415.4748133749817
COA,GermanCredit,14,0.32872000000000007,0.6719999999999999,8,20,1431.3296123330365
COA,GermanCredit,15,0.2896099999999999,0.7110000000000001,7,20,1433.5312124579796
COA,GermanCredit,16,0.30992999999999993,0.6930000000000001,12,20,1437.9231458330178
COA,GermanCredit,17,0.29406999999999994,0.7070000000000001,8,20,1431.0508768329746
COA,GermanCredit,18,0.31586,0.686,10,20,1447.8242122500087
COA,GermanCredit,19,0.32078999999999996,0.679,6,20,1432.5828195000067
COA,GermanCredit,20,0.27972,0.722,9,20,1431.2829258329584
COA,GermanCredit,21,0.30842,0.692,7,20,1436.3047497920343
COA,GermanCredit,22,0.3089299999999999,0.6930000000000001,10,20,1427.204799500003
COA,GermanCredit,23,0.35297999999999996,0.648,9,20,1437.2590661669965
COA,HeartDisease,0,0.27454419817470677,0.7273446327683615,6,13,588.7689099589479
COA,HeartDisease,1,0.2512204693611474,0.7509039548022598,6,13,586.9693152920227
COA,GermanCredit,24,0.2629,0.74,11,20,1429.4571662920061
COA,GermanCredit,25,0.2881400000000001,0.7139999999999999,10,20,1435.2414078339934
COA,GermanCredit,26,0.32970999999999995,0.671,8,20,1435.5194168329472
COA,GermanCredit,27,0.29308000000000006,0.708,8,20,1436.709613959014
COA,HeartDisease,2,0.194561147327249,0.808135593220339,6,13,586.4982412089594
COA,GermanCredit,28,0.29506999999999994,0.7070000000000001,10,20,1430.8533014580025
COA,HeartDisease,3,0.21211003911342885,0.7911864406779662,7,13,586.0339252079721
COA,GermanCredit,29,0.27874000000000004,0.724,11,20,1426.779221542005
COA,HeartDisease,4,0.2011052151238591,0.8015254237288136,6,13,582.3212457500049
COA,HeartDisease,5,0.19098213820078222,0.8148587570621469,10,13,584.9982231659815
COA,HeartDisease,6,0.21216597131681866,0.791129943502825,7,13,583.1058032499859
COA,HeartDisease,7,0.23042816166883962,0.7742372881355932,9,13,583.1613116249791
COA,HeartDisease,8,0.21546597131681874,0.7877966101694915,7,13,585.579581750033
COA,HeartDisease,9,0.25902333767927005,0.7445762711864405,8,13,582.3119531249977
COA,HeartDisease,10,0.2477526727509778,0.754406779661017,6,13,582.7084572919994
COA,HeartDisease,11,0.2217303780964797,0.7814689265536724,7,13,581.029078542022
COA,HeartDisease,12,0.19362411994784867,0.8083050847457628,5,13,583.7793382090167
COA,HeartDisease,13,0.20446114732724888,0.7981355932203391,6,13,584.7404987090267
COA,HeartDisease,14,0.26079804432855264,0.7373446327683617,1,13,580.6506558330148
COA,HeartDisease,15,0.2673427640156454,0.7338418079096045,5,13,583.2333902079845
COA,HeartDisease,16,0.19142894393741866,0.8112994350282484,6,13,585.4715004159953
COA,HeartDisease,17,0.22591147327249028,0.7780225988700564,8,13,583.5980289999861
COA,HeartDisease,18,0.23404993481095177,0.7713559322033898,10,13,585.7291698750341
COA,HeartDisease,19,0.22240091264667533,0.7776836158192091,3,13,584.4354868750088
COA,HeartDisease,20,0.17635554106910042,0.8280790960451977,8,13,586.8071605829755
COA,HeartDisease,21,0.24362750977835723,0.7577966101694915,5,13,586.9518145420006
COA,HeartDisease,22,0.20132894393741846,0.8012994350282486,6,13,587.6951478339615
COA,HeartDisease,23,0.25881342894393744,0.7440112994350282,7,13,589.1176762499963
COA,HeartDisease,24,0.24846597131681875,0.7544632768361582,7,13,565.9667842920171
COA,HeartDisease,25,0.15841577574967414,0.8485310734463276,11,13,558.4672569580143
COA,HeartDisease,26,0.27707496740547594,0.7240112994350282,5,13,559.4143129159929
COA,HeartDisease,27,0.23719530638852676,0.7642937853107344,5,13,536.7917500000331
COA,HeartDisease,28,0.23708409387222948,0.7675141242937853,9,13,530.2458620839752
COA,HeartDisease,29,0.21424993481095186,0.7913559322033897,10,13,527.1266100410139
COA,IonosphereEW,0,1.0,0.0,0,34,866.5972751660156
COA,IonosphereEW,1,0.15329958574979283,0.8490140845070423,13,34,959.4000482500414
COA,IonosphereEW,2,0.12703976801988406,0.8746478873239436,10,34,925.8673425830202
COA,IonosphereEW,3,0.09254851461711457,0.9088933601609657,8,34,949.5458834579913
COA,IonosphereEW,4,0.15178915848029356,0.8490543259557344,8,34,986.349286749959
COA,IonosphereEW,7,0.1521629541957627,0.8489738430583502,9,34,944.6092172089848
COA,IonosphereEW,5,0.1767706710853355,0.8261971830985916,16,34,988.9548696670099
COA,IonosphereEW,6,0.15123385015978236,0.8519919517102614,16,34,1000.1547798339743
COA,IonosphereEW,8,0.12294813587406794,0.8805633802816901,16,34,985.8150677910307
COA,IonosphereEW,9,0.12831807314475074,0.8718712273641852,5,34,869.8107538750046
COA,IonosphereEW,11,0.10551490117173637,0.8946076458752514,4,34,861.1649036669987
COA,IonosphereEW,10,0.141651343354243,0.860482897384306,12,34,943.0589152920293
COA,IonosphereEW,12,0.1405943898686235,0.8603621730382294,8,34,914.8561900419882
COA,IonosphereEW,14,0.12649137175997158,0.8746076458752515,8,34,880.6130818750244
COA,IonosphereEW,13,0.12649137175997158,0.8746076458752515,8,34,919.3843352500116
COA,IonosphereEW,15,0.14227941768256602,0.8604426559356136,14,34,1004.4352324579959
COA,IonosphereEW,16,0.1346032903302167,0.8661167002012071,7,34,923.6590166669921
COA,IonosphereEW,17,0.12073930642679606,0.8801207243460765,7,34,949.0103229590459
COA,IonosphereEW,19,0.111800118357202,0.8888531187122737,6,34,890.8060966660269
COA,IonosphereEW,18,0.14868415197064733,0.8545674044265594,16,34,944.8248761669965
COA,IonosphereEW,20,0.17970107705053848,0.8205633802816902,7,34,896.3412700420013
COA,IonosphereEW,21,0.13091004852645285,0.8716297786720322,13,34,945.0627931669587
COA,IonosphereEW,22,0.13071085335542662,0.871830985915493,13,34,992.2285817500087
COA,IonosphereEW,23,0.1788585631435674,0.8205231388329979,4,34,869.6706264580134
COA,IonosphereEW,24,0.12214546100130191,0.8804828973843059,13,34,961.2601049589575
COA,IonosphereEW,25,0.12030107705053854,0.8805633802816901,7,34,1026.4128292499809
COA,IonosphereEW,27,0.22586272931707901,0.7721529175050301,1,34,905.9839347919915
COA,IonosphereEW,26,0.13037689667416263,0.8718712273641851,12,34,1058.7033493330237
COA,IonosphereEW,28,0.1507252929340749,0.8519114688128774,14,34,1158.1374659590074
COA,IonosphereEW,29,0.1494691442774292,0.8519919517102617,10,34,1110.523650749994
COA,KrVsKpEW,1,0.23804087022132803,0.7653266823161189,20,35,4204.130015584
COA,KrVsKpEW,0,0.18594834632796786,0.8185225938967136,22,35,4217.465425959032
COA,KrVsKpEW,2,0.07562650905432593,0.9305359937402191,24,35,4312.564077709045
COA,KrVsKpEW,3,0.22807321428571434,0.7759722222222222,22,35,4370.997973999998
COA,KrVsKpEW,4,0.07662706866197189,0.9286595266040688,21,35,4389.810484000016
COA,KrVsKpEW,5,0.15661702087525145,0.8469957942097027,18,35,4378.734275625029
COA,KrVsKpEW,6,0.4598261003521126,0.5375493935837247,7,35,4392.485883916961
COA,KrVsKpEW,7,0.06952091297786714,0.9393006651017215,33,35,4442.6073746249895
COA,KrVsKpEW,9,0.10395500503018114,0.9001897496087636,18,35,4423.091516582994
COA,KrVsKpEW,8,0.1550440643863181,0.8488732394366195,19,35,4455.474794458016
COA,KrVsKpEW,10,0.07502803068410456,0.930851917057903,23,35,4451.112492166983
COA,KrVsKpEW,11,0.07649956614688141,0.9302313184663535,26,35,4494.39544820803
COA,KrVsKpEW,12,0.08132034079476849,0.9233416471048514,19,35,4398.446331540996
COA,KrVsKpEW,13,0.1509647007042255,0.8535710093896712,21,35,4443.01624937501
COA,KrVsKpEW,14,0.07783993963782693,0.9277230046948357,22,35,4448.259115291992
COA,KrVsKpEW,15,0.21487822560362171,0.7878574921752739,17,35,4443.768915458
COA,KrVsKpEW,16,0.1759160022635815,0.8300992762128325,27,35,4378.704349000007
COA,KrVsKpEW,17,0.05844728370221319,0.945868544600939,17,35,4362.692261375021
COA,KrVsKpEW,18,0.17793884557344064,0.8260357981220657,20,35,4407.068929624977
COA,KrVsKpEW,19,0.277414644114688,0.7249779929577466,18,35,4400.736362457974
COA,KrVsKpEW,20,0.20674848465794768,0.7969351525821596,20,35,4364.151876624965
COA,KrVsKpEW,21,0.06635826836016097,0.9396092527386541,23,35,4398.387823541998
COA,KrVsKpEW,22,0.32586613430583494,0.6745940923317685,13,35,4368.189916834002
COA,KrVsKpEW,23,0.0662154866700202,0.9377332746478872,16,35,4361.883272999956
COA,Leukemia,0,0.04267025643077168,0.9580952380952381,423,3571,1455.974933624966
COA,Leukemia,1,0.08623296395567473,0.9152380952380952,828,3571,1454.3716465410544
COA,Leukemia,2,0.04449521942633123,0.9571428571428571,738,3571,1449.7820274160476
COA,Leukemia,3,0.044412065447853616,0.9580952380952382,1045,3571,1447.5979173340602
COA,KrVsKpEW,24,0.19595460890342056,0.8072608568075117,18,35,4283.787792457966
COA,KrVsKpEW,25,0.2523817718812877,0.7496865219092332,16,35,4304.510116582969
COA,KrVsKpEW,26,0.09866228621730377,0.905824530516432,19,35,4236.865820792038
COA,KrVsKpEW,27,0.0683761192152918,0.939302621283255,29,35,4260.355901250034
COA,KrVsKpEW,28,0.07738681463782707,0.9261605046948356,15,35,4223.686198416981
COA,KrVsKpEW,29,0.06814208375251501,0.9386732198748045,26,35,4196.645383624942
COA,Leukemia,4,0.032365803896467475,0.9714285714285715,1457,3571,1354.1851152089657
COA,Leukemia,5,0.014600168020162394,0.9866666666666667,500,3571,1329.6387242909987
COA,Leukemia,6,0.05498986278353403,0.9466666666666667,782,3571,1309.6626057079993
COA,Leukemia,7,0.07107272872744727,0.9285714285714286,128,3571,1297.2435763749527
COA,Leukemia,8,0.042111045325439064,0.959047619047619,560,3571,1258.8860975420102
COA,Leukemia,9,0.07088012961555382,0.9323809523809524,1406,3571,1263.8131916250568
COA,Leukemia,10,0.030204800576069054,0.9723809523809525,1022,3571,1248.64117595891
COA,Leukemia,11,0.043907148857862795,0.9571428571428573,528,3571,1238.615220165928
COA,Leukemia,12,0.029946313557626815,0.9714285714285715,593,3571,1246.1195834999671
COA,Leukemia,13,0.07055723486818412,0.9314285714285715,954,3571,1249.9669912090758
COA,Leukemia,14,0.05897777333279987,0.9438095238095239,1196,3571,1254.7047329159686
COA,Leukemia,15,0.017016001920230377,0.9857142857142858,1026,3571,1241.6315130409785
COA,Leukemia,16,0.02969793975277026,0.9723809523809525,841,3571,1245.0089238330256
COA,Leukemia,17,0.043599967996159415,0.9580952380952382,755,3571,1241.4548220830038
COA,Leukemia,18,0.09740552066247953,0.9019047619047619,104,3571,1239.931589792017
COA,Leukemia,19,0.055847853742449056,0.9447619047619048,415,3571,1229.0388290830888
COA,Leukemia,20,0.029921110533263892,0.9714285714285715,584,3571,1232.7000539579894
COA,Leukemia,21,0.09715434652158265,0.9028571428571428,351,3571,1234.1171063330257
COA,Leukemia,23,0.08224699763971687,0.917142857142857,78,3571,1225.1002304159338
COA,Leukemia,22,0.05889010681281756,0.9428571428571428,828,3571,1233.679423624999
COA,Lymphography,0,0.1937425287356322,0.8110344827586207,12,18,318.0606518329587
COA,Lymphography,1,0.23112030651341,0.7710344827586206,8,18,319.58976866700687
COA,Leukemia,24,0.04280661679401535,0.9571428571428571,135,3571,1180.6404675419908
COA,Leukemia,25,0.044624890986918415,0.9580952380952381,1121,3571,1166.3613002500497
COA,Leukemia,26,0.19251087730527663,0.8057142857142857,60,3571,1147.6469468330033
COA,Lymphography,2,0.21703678160919535,0.7841379310344828,6,18,344.20923770894296
COA,Lymphography,3,0.2050750957854405,0.7967816091954024,7,18,347.2034495000262
COA,Lymphography,4,0.1997869731800766,0.8043678160919541,11,18,356.89088337495923
COA,Leukemia,27,0.05822168260191216,0.9438095238095239,926,3571,1145.4061877909116
COA,Leukemia,28,0.04359071088530609,0.9571428571428573,415,3571,1120.4660803750157
COA,Lymphography,5,0.21913180076628355,0.7848275862068965,11,18,396.7979700830765
COA,Lymphography,6,0.24130804597701153,0.7629885057471264,12,18,399.44495229201857
COA,Leukemia,29,0.02994911389366714,0.9714285714285715,594,3571,1132.5731965840096
COA,Lymphography,7,0.21667509578544053,0.7901149425287357,16,18,405.5020450829761
COA,Lymphography,8,0.23357011494252874,0.7708045977011494,12,18,405.70250095799565
COA,Lymphography,9,0.18210881226053638,0.8239080459770115,14,18,418.3029659590684
COA,Lymphography,10,0.2206980842911878,0.7843678160919539,13,18,416.6729214170482
COA,Lymphography,11,0.21958697318007672,0.7843678160919539,11,18,433.09319074999075
COA,Lymphography,12,0.2206980842911878,0.7843678160919539,13,18,434.91625183296856
COA,Lymphography,13,0.21109272030651335,0.791264367816092,8,18,435.2639645000454
COA,Lymphography,14,0.17897624521072797,0.8248275862068966,10,18,437.43543341604527
COA,Lymphography,15,0.20044291187739474,0.8048275862068964,13,18,436.5340783750871
COA,Lymphography,16,0.2512750957854406,0.7501149425287357,7,18,438.6806563750142
COA,Lymphography,17,0.22631417624521077,0.7770114942528735,10,18,438.6695051669376
COA,Lymphography,18,0.1934145593869732,0.8108045977011494,11,18,437.4109267919557
COA,Lymphography,19,0.2460137931034484,0.7565517241379309,9,18,440.6134805419715
COA,Lymphography,20,0.21566436781609205,0.7905747126436781,15,18,441.3891901250463
COA,Lymphography,21,0.20178160919540228,0.8045977011494253,15,18,438.6731520839967
COA,Lymphography,22,0.2923141762452107,0.7103448275862069,10,18,440.0111467910465
COA,Lymphography,23,0.1937425287356322,0.8110344827586207,12,18,440.0504352909047
COA,Lymphography,24,0.23066513409961686,0.7714942528735632,8,18,439.49372187501285
COA,Lymphography,25,0.2908015325670498,0.7085057471264368,4,18,441.49877687497064
COA,Lymphography,26,0.2187302681992336,0.7829885057471265,7,18,439.75115266710054
COA,Lymphography,27,0.24578620689655165,0.7567816091954024,9,18,443.057139749988
COA,Lymphography,28,0.18188122605363985,0.8241379310344827,14,18,442.37146845902316
COA,Lymphography,29,0.20694252873563207,0.7977011494252875,12,18,448.2156852079788
COA,M-of-n,0,0.26795538461538465,0.734,6,13,1211.6470455409726
COA,M-of-n,1,0.2568446153846154,0.746,7,13,1215.5309220830677
COA,M-of-n,2,0.2117461538461538,0.79,5,13,1215.4466012079502
COA,M-of-n,3,0.17632692307692313,0.825,4,13,1214.0013076249743
COA,M-of-n,4,0.26124615384615385,0.74,5,13,1216.045648625004
COA,M-of-n,5,0.17401230769230763,0.8320000000000001,10,13,1209.1047042079736
COA,M-of-n,6,0.2324223076923078,0.7729999999999999,10,13,1213.6889776670141
COA,M-of-n,7,0.3224053846153846,0.679,6,13,1206.1968516249908
COA,M-of-n,8,0.2841230769230769,0.72,9,13,1206.0059354170226
COA,M-of-n,9,0.17445384615384607,0.8300000000000001,8,13,1204.1685400420101
COA,M-of-n,10,0.19546461538461532,0.808,7,13,1201.2237710839836
COA,M-of-n,11,0.17720307692307696,0.828,9,13,1204.0014257919975
COA,M-of-n,12,0.26575461538461526,0.7370000000000001,7,13,1210.6845452080015
COA,M-of-n,13,0.15179076923076937,0.8559999999999999,12,13,1213.6603443329223
COA,M-of-n,14,0.12902076923076933,0.8789999999999999,12,13,1208.5960938750068
COA,M-of-n,15,0.18281538461538455,0.8200000000000001,6,13,1205.129662209074
COA,M-of-n,16,0.19106307692307686,0.8140000000000001,9,13,1206.7548352499725
COA,M-of-n,17,0.213063846153846,0.7910000000000001,8,13,1198.330732250004
COA,M-of-n,18,0.1687346153846154,0.835,7,13,1201.109161957982
COA,M-of-n,19,0.028154615384615403,0.977,7,13,1200.7238470839802
COA,M-of-n,20,0.18985230769230763,0.8160000000000001,10,13,1209.659739207942
COA,M-of-n,21,0.21823461538461533,0.785,7,13,1203.0999554999871
COA,M-of-n,22,0.25563384615384616,0.748,8,13,1208.9048149581067
COA,M-of-n,23,0.1687346153846154,0.835,7,13,1199.3082596670138
COA,Parkinsons,0,0.13101398601398612,0.8717948717948717,9,22,492.07995758391917
COA,Parkinsons,1,0.0848671328671328,0.917948717948718,8,22,485.63618633302394
COA,M-of-n,24,0.29908692307692314,0.701,4,13,1198.0312921250006
COA,M-of-n,25,0.285226923076923,0.7150000000000001,4,13,1205.3464139170246
COA,M-of-n,26,0.1088930769230769,0.897,9,13,1206.6675889589824
COA,M-of-n,27,0.1662061538461539,0.836,5,13,1203.8369899590034
COA,M-of-n,28,0.18853461538461555,0.8149999999999998,7,13,1207.5473960830132
COA,Parkinsons,2,0.11116083916083912,0.8923076923076924,10,22,492.98778216692153
COA,Parkinsons,3,0.09130769230769234,0.9128205128205128,11,22,494.23884512495715
COA,M-of-n,29,0.1813838461538463,0.8229999999999998,8,13,1204.956839999999
COA,Parkinsons,4,0.08759440559440564,0.9179487179487179,14,22,496.88046625000425
COA,Parkinsons,5,0.12548251748251738,0.876923076923077,8,22,488.6965350829996
COA,Parkinsons,6,0.13055944055944066,0.8717948717948717,8,22,500.92424079205375
COA,Parkinsons,7,0.13745454545454555,0.8666666666666666,12,22,503.6985718749929
COA,Parkinsons,8,0.12040559440559431,0.8820512820512821,8,22,506.3244735839544
COA,Parkinsons,9,0.0880489510489511,0.9179487179487179,15,22,508.6351035409607
COA,Parkinsons,10,0.12176923076923069,0.8820512820512821,11,22,495.52467762492597
COA,Parkinsons,11,0.050237762237762294,0.9538461538461538,10,22,488.7262530409498
COA,Parkinsons,13,0.09039860139860142,0.9128205128205128,9,22,489.635501333978
COA,Parkinsons,12,0.0691048951048951,0.9384615384615385,18,22,517.0417164170649
COA,Parkinsons,14,0.14207692307692316,0.8615384615384615,11,22,493.3415006248979
COA,Parkinsons,15,0.10653846153846151,0.8974358974358975,11,22,495.8042948329821
COA,Parkinsons,16,0.0710000000000001,0.9333333333333332,11,22,494.78111374995206
COA,Parkinsons,18,0.09964335664335663,0.9025641025641026,7,22,487.66624645807315
COA,Parkinsons,17,0.054783216783216834,0.9538461538461538,20,22,514.1933682920644
COA,Parkinsons,19,0.10055244755244754,0.9025641025641026,9,22,510.89473283302505
COA,Parkinsons,20,0.27551748251748254,0.7230769230769231,3,22,483.1330509999534
COA,Parkinsons,21,0.11297902097902093,0.8923076923076924,14,22,504.22941124998033
COA,Parkinsons,22,0.07653146853146849,0.9282051282051282,12,22,493.73747949989047
COA,Parkinsons,23,0.13980419580419587,0.8615384615384615,6,22,492.23236875003204
COA,Parkinsons,24,0.13055944055944044,0.8717948717948719,8,22,478.4897589170141
COA,Parkinsons,25,0.07653146853146849,0.9282051282051282,12,22,483.34420937497634
COA,Parkinsons,26,0.06865034965034965,0.9384615384615385,17,22,476.08636858395766
COA,Parkinsons,28,0.08160839160839166,0.923076923076923,12,22,414.43647954205517
COA,Parkinsons,29,0.13654545454545441,0.8666666666666668,10,22,391.46947029209696
COA,Parkinsons,27,0.08251748251748257,0.923076923076923,14,22,533.3933415830834
COA,Sonar,0,0.16690708478513358,0.8361207897793264,28,60,771.0116720000515
COA,Sonar,1,0.1799117305458768,0.8226480836236935,26,60,738.2847190409666
COA,Sonar,2,0.23152206736353093,0.7693379790940765,19,60,735.880318584037
COA,Sonar,3,0.1957444831591173,0.8076655052264808,32,60,724.3071794590214
COA,Sonar,4,0.23298199767711963,0.7688734030197445,25,60,721.3232302910183
COA,Sonar,5,0.18493089430894313,0.8170731707317073,23,60,699.1976934999693
COA,Sonar,6,0.17233972125435548,0.8314750290360046,33,60,696.7046225829981
COA,Sonar,7,0.21554994192799065,0.7885017421602788,37,60,696.0608665419277
COA,Sonar,8,0.19595121951219527,0.8081300813008129,36,60,693.2252884580521
COA,Sonar,9,0.17432404181184671,0.826945412311266,18,60,693.2465938329697
COA,Sonar,10,0.19562950058072007,0.8077816492450639,32,60,693.6432514170883
COA,Sonar,11,0.19325609756097556,0.8073170731707318,15,60,692.5542805830482
COA,Sonar,12,0.1764907084785134,0.826945412311266,31,60,693.2346542919986
COA,Sonar,13,0.18037166085946574,0.8221835075493612,26,60,727.9629469169304
COA,Sonar,14,0.167062137049942,0.8364692218350754,31,60,732.152189791901
COA,Sonar,15,0.14291579558652734,0.8608594657375145,31,60,733.4866884580115
COA,Sonar,16,0.17797502903600462,0.8224157955865273,13,60,762.1978793749586
COA,Sonar,17,0.18171660859465744,0.821835075493612,32,60,764.8292457920033
COA,Sonar,18,0.16679210220673646,0.8362369337979093,28,60,765.9183042499935
COA,Sonar,19,0.17176480836236932,0.8320557491289199,33,60,765.0233619170031
COA,Sonar,20,0.19451451800232283,0.807897793263647,26,60,765.5212298750412
COA,Sonar,21,0.16954645760743323,0.8319396051103368,19,60,726.9409237919608
COA,Sonar,22,0.16588385598141694,0.8368176538908246,26,60,725.890617750003
COA,Sonar,23,0.23831126596980257,0.7639953542392567,28,60,726.9655474999454
COA,Sonar,24,0.17659407665505225,0.8271777003484321,33,60,732.6763357920572
COA,SpectEW,1,0.16746998284734138,0.8354297693920335,10,22,423.5907049169764
COA,Sonar,25,0.17145470383275271,0.8313588850174215,27,60,745.5237926249392
COA,Sonar,26,0.12832462253193966,0.8752613240418118,29,60,749.611865999992
COA,Sonar,27,0.1696771196283392,0.8363530778164924,46,60,750.8928213330219
COA,Sonar,28,0.18177990708478525,0.8216027874564459,31,60,749.2890203329735
COA,SpectEW,0,0.19453001715265858,0.809014675052411,12,22,562.7225005839719
COA,Sonar,29,0.18502264808362365,0.8176538908246226,27,60,877.4095713749994
COA,SpectEW,2,0.17109719839908513,0.8313067784765898,9,22,496.63346341694705
COA,SpectEW,3,0.1766815323041739,0.8238294898672256,5,22,524.5970004169503
COA,SpectEW,4,0.19788050314465405,0.8051712089447939,11,22,530.6056831669994
COA,SpectEW,5,0.17990280160091476,0.8242487770789658,13,22,530.6338590419618
COA,SpectEW,6,0.19721841052029723,0.8053808525506639,10,22,540.6311512920074
COA,SpectEW,7,0.23705774728416237,0.7642208245981831,8,22,533.8142457079375
COA,SpectEW,8,0.18000171526586622,0.8236897274633124,12,22,544.2464027500246
COA,SpectEW,10,0.17658204688393359,0.8276030747728862,13,22,558.6482589578955
COA,SpectEW,9,0.22955574614065186,0.7754716981132075,16,22,605.2172447920311
COA,SpectEW,11,0.24487535734705548,0.7563242487770789,8,22,564.4343186669284
COA,SpectEW,12,0.19869068038879373,0.8057302585604471,14,22,556.1939490829827
COA,SpectEW,13,0.20419611206403648,0.7974143955276032,8,22,556.6983416250441
COA,SpectEW,14,0.178707261292167,0.8236198462613556,9,22,550.4406862499891
COA,SpectEW,15,0.1953007432818754,0.8091544374563242,14,22,580.9701597499661
COA,SpectEW,16,0.17874671240708964,0.8240391334730959,10,22,561.9492023750208
COA,SpectEW,18,0.19309719839908518,0.8090845562543676,9,22,553.1093471669592
COA,SpectEW,17,0.2700480274442538,0.729979035639413,6,22,559.9904614159605
COA,SpectEW,19,0.1947770154373928,0.8092243186582809,13,22,561.8076015829574
COA,SpectEW,20,0.17441795311606653,0.8279524807826693,9,22,556.4313201670302
COA,SpectEW,21,0.21949514008004567,0.782879105520615,10,22,567.6484716250561
COA,SpectEW,22,0.19512292738707837,0.8088749126484975,13,22,553.5478189580608
COA,SpectEW,23,0.21296226415094335,0.789937106918239,11,22,559.6764299580827
COA,SpectEW,24,0.1724608347627215,0.8313067784765898,12,22,571.9272668330232
COA,SpectEW,25,0.1878198970840481,0.8125786163522012,5,22,564.7837787079625
COA,SpectEW,26,0.156084619782733,0.846470999301188,9,22,562.2175464159809
COA,SpectEW,27,0.2102441395082905,0.7940600978336827,14,22,570.3666120839771
COA,SpectEW,28,0.1988890794739851,0.8013976240391335,5,22,556.594278958044
COA,SpectEW,29,0.19079416809605482,0.8127882599580714,12,22,585.8972873340826
COA,TicTacToe,0,0.33517761052937756,0.6670484293193717,5,9,1118.7715325830504
COA,TicTacToe,1,0.3495147796684118,0.6503217713787086,3,9,1113.1237296670442
COA,TicTacToe,2,0.22066881180919135,0.7849585514834206,7,9,1123.5192010831088
COA,TicTacToe,4,0.2339369364456081,0.7693117364746944,5,9,1114.6219192920253
COA,TicTacToe,3,0.3672759416812099,0.6346258726003491,5,9,1119.4611735839862
COA,TicTacToe,5,0.2568802174229203,0.7495037085514834,8,9,1124.8490230420139
COA,TicTacToe,6,0.23512250945317043,0.7703588568935428,7,9,1114.869673624984
COA,TicTacToe,7,0.23002992292030253,0.7766252181500872,8,9,1126.051731167012
COA,TicTacToe,8,1.0,0.0,0,9,1112.7915954579366
COA,TicTacToe,9,0.15880775523560212,0.8496891361256544,9,9,1131.6289130409714
COA,TicTacToe,10,0.1660535013089006,0.8423702006980802,9,9,1129.6363218340557
COA,TicTacToe,12,0.27227563263525306,0.7317081151832461,6,9,1113.8539017500589
COA,TicTacToe,11,0.24963987056428155,0.7568171902268761,8,9,1128.438431708957
COA,TicTacToe,13,0.2217367292030251,0.7850021815008725,8,9,1124.6867531659082
COA,TicTacToe,14,0.3238813263525304,0.6795811518324608,6,9,1116.1809281669557
COA,TicTacToe,15,0.20934013234438628,0.7975239965095986,8,9,1133.518399749999
COA,TicTacToe,16,0.3579299011052937,0.6440663176265271,5,9,1127.591002042056
COA,TicTacToe,17,0.24136287449098312,0.7651777923211169,8,9,1131.0270667501027
COA,TicTacToe,18,0.34132844313554384,0.6597131326352531,4,9,1124.099054332939
COA,TicTacToe,19,0.2630364492437463,0.7421629581151833,7,9,1133.1657869159244
COA,TicTacToe,20,0.3186668121000581,0.6837260034904015,5,9,1132.7879638329614
COA,TicTacToe,21,0.24439836023851072,0.7609893106457243,7,9,1131.8700220420724
COA,TicTacToe,22,0.23715801337987208,0.7683027923211169,7,9,1135.3057017920073
COA,TicTacToe,23,0.3424287558173356,0.659724040139616,5,9,1135.2860201660078
COA,Vote,0,0.04911517113783531,0.9529139685476411,4,16,512.1740279999794
COA,Vote,1,0.12756868640148017,0.8749306197964847,6,16,513.8148022919195
COA,TicTacToe,24,0.26194153577661433,0.7421465968586387,6,9,1134.4872207920998
COA,TicTacToe,25,0.1526148560209423,0.8559445898778361,9,9,1150.6102151250234
COA,TicTacToe,26,1.0,0.0,0,9,1126.2022525409702
COA,Vote,2,0.05503584643848293,0.9481961147086031,6,16,512.6912756669335
COA,TicTacToe,27,0.27318382780686445,0.7296684118673648,5,9,1134.0005954159424
COA,TicTacToe,28,0.1526094568062827,0.8559500436300175,9,9,1145.8298185829772
COA,Vote,3,0.1483738436632748,0.8532839962997224,5,16,515.2226200409932
COA,Vote,4,0.11752197039777985,0.8876040703052729,10,16,511.48837420903146
COA,TicTacToe,29,0.22900407213496218,0.7776614310645724,8,9,1149.0436871671118
COA,Vote,5,0.06373612395929691,0.9394079555966698,6,16,513.9856327499729
COA,Vote,6,0.09475023126734508,0.9093432007400555,8,16,513.9373264999595
COA,Vote,7,0.3171158649398705,0.6809435707678075,2,16,514.3113213330507
COA,Vote,8,0.22745721554116557,0.7715078630897317,2,16,515.6749761670362
COA,Vote,9,0.10199641535615167,0.9051803885291397,13,16,516.9608612499433
COA,Vote,10,0.13115645235892687,0.8706753006475486,5,16,516.2963291249471
COA,Vote,11,0.10882654949121187,0.8925994449583718,4,16,511.3149628749816
COA,Vote,12,0.040689639222941686,0.9614246068455135,4,16,514.5557852919446
COA,Vote,13,0.10076734505087893,0.9007400555041627,4,16,517.2617710829945
COA,Vote,14,0.11502197039777985,0.8876040703052729,6,16,514.0699725829763
COA,Vote,15,0.495625,0.5,1,16,520.6302264579572
COA,Vote,16,0.20808522201665125,0.7929694727104533,5,16,519.8607480829814
COA,Vote,17,0.15080319148936164,0.848936170212766,2,16,520.6235959590413
COA,Vote,18,0.03128885291396862,0.9696577243293246,2,16,520.0572042500135
COA,Vote,19,0.1850548103607771,0.8143385753931545,2,16,520.8269457080169
COA,Vote,20,0.031547525439408045,0.970027752081406,3,16,519.9332724590786
COA,Vote,21,0.1025507631822386,0.9008325624421832,7,16,520.8749798339559
COA,Vote,22,0.08408337187789088,0.9182238667900092,5,16,518.4931562499842
COA,Vote,23,0.110793131359852,0.8925069380203515,7,16,514.3712039160309
COA,Vote,24,0.16872109158186877,0.8320999074930618,4,16,511.45800554100424
COA,Vote,25,0.37977393617021277,0.6170212765957447,1,16,511.06892483402044
COA,Vote,26,0.08507469935245145,0.9178538390379278,6,16,504.3662892910652
COA,Vote,27,0.2170441720629047,0.7845513413506013,6,16,502.5204509579344
COA,Vote,28,0.031197271045328507,0.9697502312673449,2,16,500.6010448340094
COA,Vote,29,0.1372490749306197,0.8626271970397781,2,16,482.00117904203944
COA,WDBC,0,0.04225663716814157,0.9613569321533924,12,30,977.8836819160497
COA,WDBC,1,0.04500884955752217,0.9595870206489675,15,30,985.8952507500071
COA,WDBC,6,0.052258810743673285,0.9526005278683435,16,30,921.6962579999818
COA,WDBC,3,0.065215028722248,0.9385033379909953,13,30,988.1781783329789
COA,WDBC,2,0.08900248408632189,0.9138022046266109,11,30,1026.4533444159897
COA,WDBC,7,0.04148036019251679,0.9648346530041918,20,30,995.8372695000144
COA,WDBC,5,0.051234746157428984,0.9543083372147182,18,30,1066.1681449159514
COA,WDBC,4,0.048947523676447745,0.9542617605961807,11,30,1324.3619185000425
COA,WDBC,8,0.04358997050147491,0.9613569321533924,16,30,984.305073415977
COA,WDBC,12,0.05053733892252756,0.9543393882937432,16,30,974.6355204170104
COA,WDBC,9,0.04949790405216582,0.9560627231796305,18,30,1055.2361267089145
COA,WDBC,10,0.04006148113646952,0.9666045645086166,21,30,1038.7772628340172
COA,WDBC,14,0.04496273870517008,0.959633597267505,15,30,986.190923584043
COA,WDBC,11,0.0620593075609378,0.9420276354603322,14,30,1111.2548152909148
COA,WDBC,13,0.05796506753609701,0.9454898307716192,12,30,1004.6062362910016
COA,WDBC,15,0.06078745536407388,0.9419655333022823,10,30,1074.146021625027
COA,WDBC,16,0.041030740568234754,0.9666356155876417,24,30,1047.2409212079365
COA,WDBC,17,0.05825229001707825,0.9455364073901567,13,30,966.7532828330295
COA,WDBC,22,0.04887734823785125,0.956016146561093,16,30,994.2020743329776
COA,WDBC,21,0.05162288464524149,0.9525694767893184,14,30,1014.5252776669804
COA,WDBC,18,0.03592982456140349,0.968421052631579,14,30,1172.3167544170283
COA,WDBC,19,0.06944092532215482,0.933224654556746,10,30,1256.7109214169905
COA,WDBC,20,0.04185312839621175,0.9631113181183046,16,30,1310.4398221248994
COA,WDBC,23,0.04916457071883249,0.9560627231796305,17,30,974.9243829160696
COA,WDBC,24,0.07990808880608599,0.9226517621487347,10,30,999.3178058330668
COA,WDBC,25,0.04016239714330067,0.9648191274646795,16,30,1062.5971944578923
COA,WDBC,26,0.09795187082751117,0.9034156186927497,7,30,1098.5043892499525
COA,WDBC,27,0.0418136935258499,0.964834653004192,21,30,1127.3557407079497
COA,WDBC,28,0.053925632665735045,0.9472131656575067,5,30,1103.0316991249565
COA,WDBC,29,0.08940599285825183,0.9120478186616985,7,30,1216.5627927080495
COA,WaveformEW,1,0.23239799999999997,0.7698,18,40,7397.604856458958
COA,WaveformEW,2,0.24159799999999998,0.7648,35,40,7396.047955915914
COA,WaveformEW,0,0.294716,0.7066,17,40,7690.70945283398
COA,WaveformEW,3,0.21835999999999997,0.786,26,40,7672.360899667023
COA,WaveformEW,4,0.2364719999999999,0.7672000000000001,24,40,7690.099340541987
COA,WaveformEW,5,0.2862640000000001,0.7163999999999999,22,40,7737.060816791956
COA,WaveformEW,6,0.228364,0.7764,28,40,7830.006787791033
COA,WaveformEW,7,0.225322,0.7772,19,40,7753.946114334045
COA,WaveformEW,8,0.20820999999999995,0.796,25,40,7584.500333374948
COA,WaveformEW,10,0.24071399999999993,0.7614000000000001,18,40,7855.591849958058
COA,WaveformEW,9,0.281262,0.7212,21,40,7958.916462499998
COA,WaveformEW,11,0.24932200000000002,0.7522,16,40,7896.981545457966
COA,WaveformEW,13,0.24266200000000002,0.7612,25,40,7681.680455583031
COA,WaveformEW,14,0.24993600000000007,0.7535999999999999,24,40,7733.46591941698
COA,WaveformEW,12,0.2525419999999999,0.7492000000000001,17,40,8170.463164874935
COA,WaveformEW,15,0.22970999999999986,0.7710000000000001,12,40,7917.32143720903
COA,WaveformEW,16,0.23383600000000004,0.7686,19,40,7882.872170000104
COA,WaveformEW,18,0.2344400000000001,0.7689999999999999,23,40,7655.478452792042
COA,WaveformEW,17,0.22221599999999994,0.7816000000000001,24,40,7733.668809249997
COA,WaveformEW,19,0.21331599999999992,0.7916000000000001,28,40,7594.501191333984
COA,WaveformEW,20,0.22146599999999994,0.7816000000000001,21,40,7785.838512125076
COA,WaveformEW,23,0.22429999999999997,0.78,26,40,7682.166164207971
COA,WaveformEW,22,0.279126,0.7226,18,40,7813.122488375055
COA,WaveformEW,21,0.22487400000000002,0.7774,18,40,8103.239252166939
COA,Zoo,0,0.14093571428571428,0.8614285714285714,6,16,303.89319562504534
COA,Zoo,1,0.09300357142857146,0.9104761904761904,7,16,305.11514087498654
COA,Zoo,2,0.14061785714285716,0.8623809523809524,7,16,306.78282187494915
COA,Zoo,3,0.06658214285714305,0.9409523809523808,13,16,305.4393111669924
COA,Zoo,4,0.09425357142857146,0.9104761904761904,9,16,304.66695095796604
COA,Zoo,5,0.12473214285714278,0.880952380952381,11,16,304.1984187080525
COA,Zoo,6,0.1233285714285715,0.8804761904761904,8,16,303.551481958013
COA,Zoo,7,0.07288571428571422,0.9314285714285715,8,16,303.69267462496646
COA,Zoo,8,0.04725357142857142,0.9604761904761905,13,16,306.6515394579619
COA,Zoo,9,0.12176071428571426,0.8814285714285715,7,16,306.0142570830649
COA,Zoo,10,0.1794392857142858,0.8219047619047618,5,16,307.4846315829782
COA,Zoo,11,0.11373571428571426,0.8914285714285715,10,16,307.2535870410502
COA,Zoo,12,0.13338214285714287,0.8709523809523809,9,16,307.19030037499033
COA,Zoo,13,0.11561071428571448,0.8914285714285712,13,16,306.1815849170089
COA,Zoo,14,0.15963928571428568,0.8419047619047619,5,16,303.9281251670327
COA,Zoo,15,0.12207857142857138,0.8804761904761905,6,16,304.4252608749084
COA,Zoo,16,0.07680000000000006,0.9299999999999999,12,16,304.7359637080226
COA,Zoo,17,0.05668214285714281,0.950952380952381,13,16,303.5463479590835
COA,Zoo,18,0.12301071428571438,0.8814285714285713,9,16,304.34953254193533
COA,Zoo,19,0.10368214285714286,0.900952380952381,9,16,303.2723919999553
COA,Zoo,20,0.1806892857142858,0.8219047619047618,7,16,302.354649542016
COA,Zoo,21,0.15271071428571428,0.8514285714285714,9,16,302.25407970894594
COA,Zoo,22,0.09190714285714285,0.910952380952381,6,16,308.2256538750371
COA,Zoo,23,0.19215714285714294,0.8109523809523809,8,16,309.02123295806814
COA,Zoo,24,0.11592857142857138,0.8904761904761905,12,16,306.26186249998864
COA,Zoo,25,0.11608214285714286,0.8909523809523809,13,16,304.6740651250584
COA,Zoo,26,0.1582357142857143,0.8414285714285714,2,16,305.89981400000397
COA,Zoo,27,0.17126071428571418,0.8314285714285715,7,16,304.73730862501543
COA,Zoo,28,0.23128571428571426,0.7714285714285715,8,16,309.4624687919859
COA,Zoo,29,0.07257857142857156,0.9304761904761903,6,16,310.3613455829909
OOA,BreastEW,0,0.04071398072611029,0.9633641047659941,4,9,562.0143445000285
OOA,BreastEW,1,0.22731484661991325,0.7715113782739372,1,9,553.0078393339645
OOA,BreastEW,2,0.040692726969133244,0.963385573207385,4,9,573.8417255419772
OOA,BreastEW,3,0.039236844616191965,0.9648561614426793,4,9,568.007764833048
COA,WaveformEW,24,0.22789599999999993,0.7746000000000001,19,40,7674.227412458975
OOA,BreastEW,4,0.04323846667620816,0.9619364534134822,5,9,575.4532104160171
OOA,BreastEW,5,0.04827440246171476,0.9546049806784026,3,9,576.2370684999041
COA,WaveformEW,25,0.22219599999999992,0.7796000000000001,16,40,7799.923461333034
COA,WaveformEW,26,0.26067999999999986,0.7430000000000001,25,40,7773.345893417019
OOA,BreastEW,6,0.05731196030723733,0.9443537999141262,2,9,593.7322456249967
COA,WaveformEW,27,0.22126800000000008,0.7817999999999999,21,40,7555.786042249994
OOA,BreastEW,7,0.0298651424073278,0.9765671962215544,6,9,630.5704912500223
OOA,BreastEW,8,0.1586923810886885,0.8419493344783169,2,9,633.8589182079304
COA,WaveformEW,28,0.25496,0.746,14,40,7606.202019416029
OOA,BreastEW,9,0.03486919755736856,0.9692679261485615,4,9,677.5399842909537
OOA,BreastEW,10,0.203074936787367,0.7959961356805496,1,9,677.6008469169028
OOA,BreastEW,11,0.044975359000047725,0.9590596822670674,4,9,690.3127289169934
OOA,BreastEW,12,0.051586482038070834,0.9546264491197938,6,9,699.2566887079738
OOA,BreastEW,13,0.03742556414293205,0.9678080721339631,5,9,714.7326999580255
OOA,BreastEW,14,0.04323846667620827,0.9619364534134821,5,9,707.5754416659474
OOA,BreastEW,15,0.05405542435952481,0.9487655646200086,3,9,715.5946086250478
OOA,BreastEW,16,0.06748188302084816,0.9340811507084587,2,9,713.2157706250437
OOA,BreastEW,17,0.03744681789990931,0.967786603692572,5,9,726.9755847910419
OOA,BreastEW,18,0.04861917370354449,0.9531343924431088,2,9,711.0211342499824
COA,WaveformEW,29,0.24713400000000005,0.7534,12,40,8237.17193087493
OOA,BreastEW,19,0.06391245646677163,0.9399313009875483,4,9,721.325705958996
OOA,BreastEW,20,0.05085202280425561,0.953123658222413,4,9,725.8781574579189
OOA,BreastEW,21,0.05951292877248229,0.9443752683555173,4,9,722.4516953750281
OOA,BreastEW,22,0.03599093554696814,0.9692571919278661,5,9,727.7641320000403
OOA,BreastEW,23,0.034999129335432366,0.9736260197509662,8,9,735.4324190840125
OOA,BreastEW,24,0.12248660607795422,0.8785208243881495,2,9,730.5472688749433
OOA,BreastEW,25,0.050454117169982354,0.954647917561185,5,9,717.3555922079831
OOA,BreastEW,26,0.0435938647965269,0.9604551309574925,4,9,695.1498728749575
OOA,BreastEW,27,0.058433698296837124,0.9443430656934305,3,9,683.9224642910995
OOA,BreastEW,28,0.04245087304994985,0.9604873336195793,3,9,648.1788170420332
OOA,BreastEW,29,0.037802216020227944,0.9663052812365823,4,9,634.3372654999839
OOA,ColonCancer,0,1.0,0.0,0,2000,786.0034745410085
OOA,ColonCancer,1,1.0,0.0,0,2000,774.3430103750434
OOA,ColonCancer,2,1.0,0.0,0,2000,779.1126193339005
OOA,ColonCancer,3,1.0,0.0,0,2000,787.1583213750273
OOA,ColonCancer,4,1.0,0.0,0,2000,814.0954886670224
OOA,ColonCancer,5,1.0,0.0,0,2000,820.7185289580375
OOA,ColonCancer,6,1.0,0.0,0,2000,836.1328675420955
OOA,ColonCancer,7,1.0,0.0,0,2000,832.5376139580039
OOA,ColonCancer,8,1.0,0.0,0,2000,854.5562508329749
OOA,ColonCancer,9,1.0,0.0,0,2000,857.655852667056
OOA,ColonCancer,10,1.0,0.0,0,2000,859.7060648329789
OOA,ColonCancer,11,1.0,0.0,0,2000,862.9976812499808
OOA,ColonCancer,12,1.0,0.0,0,2000,855.5050751250237
OOA,ColonCancer,13,1.0,0.0,0,2000,847.2487186659127
OOA,ColonCancer,14,1.0,0.0,0,2000,850.1668915000046
OOA,ColonCancer,15,1.0,0.0,0,2000,845.4364229160128
OOA,ColonCancer,16,0.41504346153846144,0.5807692307692308,1,2000,835.0688056669896
OOA,ColonCancer,17,1.0,0.0,0,2000,828.2783059999347
OOA,ColonCancer,18,1.0,0.0,0,2000,827.637298625079
OOA,ColonCancer,19,0.23999961538461542,0.7576923076923077,23,2000,824.9541089159902
OOA,ColonCancer,20,1.0,0.0,0,2000,830.683570166002
OOA,ColonCancer,21,0.2073746153846153,0.7910256410256411,98,2000,819.5846681250259
OOA,ColonCancer,22,1.0,0.0,0,2000,828.5541698749876
OOA,ColonCancer,23,0.3655434615384614,0.6307692307692309,1,2000,822.780668290914
OOA,ColonCancer,24,0.14560807692307695,0.8551282051282051,437,2000,797.0197262499714
OOA,ColonCancer,25,1.0,0.0,0,2000,794.4844656670466
OOA,ColonCancer,26,1.0,0.0,0,2000,792.4916792920558
OOA,ColonCancer,27,1.0,0.0,0,2000,776.91900158301
OOA,Diabetes,0,0.274470588235294,0.7278074866310161,4,8,599.0315242499346
OOA,Diabetes,1,0.2678592436974789,0.7382734912146678,7,8,610.201946874964
OOA,ColonCancer,28,1.0,0.0,0,2000,773.5527970420662
OOA,ColonCancer,29,1.0,0.0,0,2000,795.3288310419302
OOA,Diabetes,2,0.24987184873949578,0.7539173245055598,5,8,750.1548478330951
OOA,Diabetes,3,0.33764075630252105,0.6627366097954333,3,8,752.7748140420299
OOA,Diabetes,4,0.25498949579831937,0.7487479840421016,5,8,767.3781252090121
OOA,Diabetes,5,1.0,0.0,0,8,782.525588999968
OOA,Diabetes,6,0.27691176470588236,0.7278669043374926,6,8,787.7449025840033
OOA,Diabetes,7,0.2587521008403362,0.7462099991511756,6,8,801.0833751250757
OOA,Diabetes,8,0.2616596638655462,0.7382225617519735,2,8,795.860299874912
OOA,Diabetes,9,0.26402941176470596,0.7408793820558526,6,8,799.3922499170294
OOA,Diabetes,10,0.3376302521008404,0.6640098463627875,4,8,800.1352137499489
OOA,Diabetes,11,0.2964495798319328,0.7030812324929971,2,8,785.1028596250108
OOA,Diabetes,12,0.24854621848739505,0.753993718699601,4,8,794.6362707080552
OOA,Diabetes,13,0.27045798319327735,0.7343858755623461,6,8,807.2134868749417
OOA,Diabetes,14,0.35947058823529404,0.6419489007724303,4,8,805.068240749999
OOA,Diabetes,15,0.26792226890756293,0.7356845768610475,5,8,805.1859246250242
OOA,Diabetes,16,0.27682352941176475,0.7304812834224599,8,8,816.3623298329767
OOA,Diabetes,17,0.2626932773109244,0.7422290128172481,6,8,805.829487167066
OOA,Diabetes,18,0.28075840336134444,0.725244037008743,7,8,801.1249524999876
OOA,Diabetes,19,0.2396827731092437,0.7616840675664205,3,8,784.6716091670096
OOA,Diabetes,20,0.2704474789915966,0.7356591121297004,7,8,806.0259087920422
OOA,Diabetes,21,0.25238025210084025,0.7539088362617775,7,8,816.5435358749237
OOA,Diabetes,22,0.26930462184873943,0.7317630082335965,3,8,804.9303610000061
OOA,Diabetes,23,0.36348109243697474,0.636635260164672,3,8,794.9075060419273
OOA,Diabetes,24,0.3724159663865546,0.6263475087004499,2,8,800.1088287499733
OOA,Diabetes,25,0.3491281512605042,0.6511331805449452,3,8,806.8084587079939
OOA,Diabetes,26,0.25620168067226895,0.7513114336643748,8,8,811.395611874992
OOA,Diabetes,27,0.261390756302521,0.7435446906035141,6,8,793.537424582988
OOA,Diabetes,28,0.26019957983193265,0.7434852728970377,5,8,794.4887957910541
OOA,Diabetes,29,0.34795378151260503,0.651056786350904,2,8,791.376039499999
OOA,GermanCredit,1,0.28719000000000006,0.719,18,20,1150.0198972909711
OOA,GermanCredit,0,0.26542,0.742,20,20,1188.4312495840713
OOA,GermanCredit,2,0.27578,0.728,13,20,1171.2785602499498
OOA,GermanCredit,3,0.27332,0.732,16,20,1170.5100620420417
OOA,GermanCredit,4,0.33514999999999995,0.665,7,20,1144.666465624934
OOA,GermanCredit,5,0.2763099999999999,0.7310000000000001,20,20,1159.760235582944
OOA,GermanCredit,6,0.29358000000000006,0.708,9,20,1137.6965794160496
OOA,GermanCredit,7,1.0,0.0,0,20,1116.2135476249969
OOA,GermanCredit,8,0.27235000000000004,0.735,20,20,1165.0680825840682
OOA,GermanCredit,9,0.2644299999999999,0.7430000000000001,20,20,1159.1486132079735
OOA,GermanCredit,10,0.2634399999999999,0.7440000000000001,20,20,1159.097454749979
OOA,GermanCredit,11,0.27630000000000005,0.73,18,20,1139.9864165000618
OOA,GermanCredit,13,0.2674,0.74,20,20,1126.229231290985
OOA,GermanCredit,12,0.27235000000000004,0.735,20,20,1176.097850583028
OOA,GermanCredit,14,0.29458000000000006,0.708,11,20,1128.9901186670177
OOA,GermanCredit,15,0.2674,0.74,20,20,1136.0273012079997
OOA,GermanCredit,16,0.27333,0.733,18,20,1159.6044726250693
OOA,GermanCredit,18,1.0,0.0,0,20,1120.1387375829509
OOA,GermanCredit,17,0.26243,0.743,16,20,1180.5078045000555
OOA,GermanCredit,19,0.27726,0.726,12,20,1149.9133283749688
OOA,GermanCredit,20,0.26938,0.738,20,20,1164.903725167038
OOA,GermanCredit,21,0.26542,0.742,20,20,1159.9729090420296
OOA,GermanCredit,22,0.2649,0.74,15,20,1163.7213947499404
OOA,GermanCredit,23,0.26143,0.743,14,20,1149.7008552500047
OOA,HeartDisease,0,0.26074276401564533,0.7405084745762712,5,13,461.97244041704107
OOA,HeartDisease,1,0.22090521512385913,0.7815254237288136,6,13,464.54075070796534
OOA,GermanCredit,25,1.0,0.0,0,20,1172.9414589171065
OOA,GermanCredit,24,0.2644299999999999,0.7430000000000001,20,20,1185.1570276248967
OOA,GermanCredit,26,0.2683899999999999,0.7390000000000001,20,20,1193.7909911249299
OOA,GermanCredit,27,0.26542,0.742,20,20,1189.5756892500212
OOA,HeartDisease,2,0.17007796610169482,0.8383050847457628,13,13,471.1243294159649
OOA,HeartDisease,3,0.2337840938722295,0.7708474576271186,9,13,471.2445104169892
OOA,HeartDisease,4,0.18680104302477185,0.8183050847457627,9,13,473.54961837490555
OOA,HeartDisease,5,0.19456179921773134,0.8112429378531074,10,13,476.10616633307654
OOA,GermanCredit,28,0.25948,0.748,20,20,1191.3159181670053
OOA,HeartDisease,6,0.24681629726205995,0.7576836158192091,9,13,479.0398839999689
OOA,GermanCredit,29,0.2683899999999999,0.7390000000000001,20,20,1190.2632527089445
OOA,HeartDisease,7,0.20776114732724896,0.7948022598870057,6,13,475.88087616709527
OOA,HeartDisease,8,0.25952607561929586,0.7409604519774012,4,13,480.14494712499436
OOA,HeartDisease,9,0.1942821382007822,0.8115254237288136,10,13,481.2984986669617
OOA,HeartDisease,10,0.1931779661016949,0.8149717514124294,13,13,479.87353358301334
OOA,HeartDisease,11,0.19295423728813554,0.8151977401129944,13,13,476.62246108299587
OOA,HeartDisease,12,1.0,0.0,0,13,474.64907225000206
OOA,HeartDisease,14,0.16028852672750982,0.8419774011299435,5,13,475.2832072500605
OOA,HeartDisease,13,0.18311016949152548,0.8251412429378531,13,13,479.79534958302975
OOA,HeartDisease,15,0.2547435462842242,0.7442372881355933,2,13,474.3515367920045
OOA,HeartDisease,16,0.17332203389830497,0.8350282485875707,13,13,475.8236353339162
OOA,HeartDisease,17,0.22365971316818767,0.7779661016949153,5,13,476.3210354159819
OOA,HeartDisease,18,0.19642203389830507,0.8116949152542373,13,13,479.22882216691505
OOA,HeartDisease,19,1.0,0.0,0,13,473.39465133298654
OOA,HeartDisease,20,0.20836323337679266,0.7980790960451978,11,13,478.76226308301557
OOA,HeartDisease,21,0.1892199478487613,0.815084745762712,8,13,475.43601504096296
OOA,HeartDisease,22,0.1807037809647979,0.8213559322033899,5,13,479.8498141670134
OOA,HeartDisease,23,0.1798101694915254,0.8284745762711865,13,13,476.92460004100576
OOA,HeartDisease,24,0.2026989569752281,0.798361581920904,4,13,470.82140483299736
OOA,HeartDisease,25,0.20892190352020862,0.7944067796610169,7,13,473.9055681669852
OOA,HeartDisease,27,0.23719530638852687,0.7642937853107343,5,13,461.2695048750611
OOA,HeartDisease,26,0.17915280312907436,0.8283615819209039,12,13,462.6556251660222
OOA,HeartDisease,28,0.2272959582790092,0.7774011299435027,9,13,456.19840891705826
OOA,HeartDisease,29,0.1985744458930899,0.8048587570621469,7,13,453.37831899989396
OOA,IonosphereEW,0,1.0,0.0,0,34,564.9945007079514
OOA,IonosphereEW,1,1.0,0.0,0,34,676.4967176669743
OOA,IonosphereEW,2,1.0,0.0,0,34,579.7017648330657
OOA,IonosphereEW,5,1.0,0.0,0,34,523.5374817920383
OOA,IonosphereEW,7,1.0,0.0,0,34,546.9396664160304
OOA,IonosphereEW,6,1.0,0.0,0,34,559.878534291056
OOA,IonosphereEW,3,1.0,0.0,0,34,769.8251794580137
OOA,IonosphereEW,4,1.0,0.0,0,34,735.6622688749339
OOA,IonosphereEW,8,0.19795081074683407,0.8006438631790743,2,34,632.1170831249328
OOA,IonosphereEW,9,1.0,0.0,0,34,554.0828559999354
OOA,IonosphereEW,13,1.0,0.0,0,34,536.3803238330875
OOA,IonosphereEW,11,1.0,0.0,0,34,623.4241252910579
OOA,IonosphereEW,12,1.0,0.0,0,34,658.6208311249502
OOA,IonosphereEW,10,1.0,0.0,0,34,836.9992496250197
OOA,IonosphereEW,15,1.0,0.0,0,34,517.7484807090368
OOA,IonosphereEW,16,0.14981001301929234,0.84897384305835,1,34,541.4200318749063
OOA,IonosphereEW,17,1.0,0.0,0,34,550.2743893329753
OOA,IonosphereEW,14,1.0,0.0,0,34,816.1978448749287
OOA,IonosphereEW,18,1.0,0.0,0,34,557.5482254589442
OOA,IonosphereEW,21,1.0,0.0,0,34,568.8491844160017
OOA,IonosphereEW,19,0.11649523020475802,0.8832193158953722,3,34,673.5962602080544
OOA,IonosphereEW,20,1.0,0.0,0,34,629.5847093329066
OOA,IonosphereEW,24,1.0,0.0,0,34,535.2987673749449
OOA,IonosphereEW,25,1.0,0.0,0,34,556.7390029169619
OOA,IonosphereEW,22,1.0,0.0,0,34,827.1868055840023
OOA,IonosphereEW,23,1.0,0.0,0,34,815.4945526660886
OOA,IonosphereEW,26,1.0,0.0,0,34,530.7383338750806
OOA,IonosphereEW,28,1.0,0.0,0,34,640.9806778749917
OOA,IonosphereEW,29,1.0,0.0,0,34,637.4897509169532
OOA,IonosphereEW,27,1.0,0.0,0,34,760.5057025839342
OOA,KrVsKpEW,0,0.08002762198189135,0.9289764280125196,34,35,3740.919435583055
OOA,KrVsKpEW,1,0.07536091549295773,0.9339788732394366,35,35,3776.721700916998
OOA,KrVsKpEW,2,0.08093499119718309,0.9283484937402191,35,35,3770.779672125005
OOA,KrVsKpEW,3,0.07690890970824954,0.9286634389671361,22,35,3797.5735248329584
OOA,KrVsKpEW,4,0.20810670900402423,0.7941202073552425,15,35,3747.680773084052
OOA,KrVsKpEW,5,0.07076277037223343,0.9380462636932707,33,35,3837.154076084029
OOA,KrVsKpEW,6,0.0821715228873239,0.927099471830986,35,35,3807.588375375024
OOA,KrVsKpEW,7,0.07164115316901415,0.9377362089201877,35,35,3823.403089749976
OOA,KrVsKpEW,8,0.06754699446680068,0.9389857198748045,25,35,3790.2700988749275
OOA,KrVsKpEW,9,0.08036758677062376,0.9245926251956181,20,35,3757.4739652919816
OOA,KrVsKpEW,10,0.07223736167002005,0.9336707746478874,23,35,3790.609517707955
OOA,KrVsKpEW,12,0.07628807218309873,0.9330423513302033,35,35,3763.216863999958
OOA,KrVsKpEW,11,0.07256540492957735,0.9368026212832552,35,35,3803.1596555829747
OOA,KrVsKpEW,14,0.06728397258551312,0.9386741979655712,23,35,3714.349168832996
OOA,KrVsKpEW,13,0.07969168133802818,0.92960436228482,35,35,3804.8959610419115
OOA,KrVsKpEW,15,0.0775275088028168,0.9317903951486699,35,35,3775.889581082971
OOA,KrVsKpEW,16,0.08503768234406442,0.9195867566510172,19,35,3796.633888500044
OOA,KrVsKpEW,17,0.08093305457746466,0.9283504499217529,35,35,3859.1056472080527
OOA,KrVsKpEW,18,0.11079347962776664,0.8967454029733959,30,35,3827.5921946669696
OOA,KrVsKpEW,20,0.29638897132796777,0.7049462050078248,15,35,3800.767480624956
OOA,KrVsKpEW,19,0.08031866197183109,0.9289710485133019,35,35,3827.54545062501
OOA,KrVsKpEW,21,0.08031527288732405,0.9289744718309858,35,35,3842.995990458061
OOA,KrVsKpEW,22,0.07007367328973847,0.9358563184663536,23,35,3802.5509462500922
OOA,KrVsKpEW,23,0.07877130281690138,0.9305340375586855,35,35,3801.148929332965
OOA,Leukemia,0,1.0,0.0,0,3571,1194.1480832080124
OOA,Leukemia,1,1.0,0.0,0,3571,1190.3999044590164
OOA,Leukemia,2,1.0,0.0,0,3571,1196.4093204169767
OOA,Leukemia,3,1.0,0.0,0,3571,1197.2208698330214
OOA,KrVsKpEW,24,0.08093983274647885,0.928343603286385,35,35,3644.4907047919696
OOA,KrVsKpEW,25,0.0607556903923542,0.9455570226917057,24,35,3593.15489395801
OOA,KrVsKpEW,26,0.05796792630784705,0.9483729460093897,24,35,3616.499368791934
OOA,KrVsKpEW,28,0.08467454099597571,0.9242825704225354,34,35,3579.598981542047
OOA,KrVsKpEW,27,0.07552959632796773,0.9280364827856026,15,35,3591.2655868340516
OOA,KrVsKpEW,29,0.0688514524647887,0.9405540884194054,35,35,3532.6972399170045
OOA,Leukemia,4,1.0,0.0,0,3571,1117.868502624915
OOA,Leukemia,5,1.0,0.0,0,3571,1102.2167495830217
OOA,Leukemia,6,0.23101120134416137,0.7666666666666666,4,3571,987.0370056669926
OOA,Leukemia,7,1.0,0.0,0,3571,968.078272499959
OOA,Leukemia,8,1.0,0.0,0,3571,963.4567977079423
OOA,Leukemia,9,1.0,0.0,0,3571,961.6756738330005
OOA,Leukemia,10,1.0,0.0,0,3571,960.2410736249294
OOA,Leukemia,11,1.0,0.0,0,3571,945.4473546249792
OOA,Leukemia,12,1.0,0.0,0,3571,945.7858672090806
OOA,Leukemia,13,1.0,0.0,0,3571,943.7445108329412
OOA,Leukemia,14,1.0,0.0,0,3571,938.158042666968
OOA,Leukemia,15,1.0,0.0,0,3571,938.8335827919655
OOA,Leukemia,16,1.0,0.0,0,3571,938.8795713749714
OOA,Leukemia,17,1.0,0.0,0,3571,940.2490365830017
OOA,Leukemia,18,1.0,0.0,0,3571,944.2438579999143
OOA,Leukemia,19,1.0,0.0,0,3571,940.3380166249117
OOA,Leukemia,20,1.0,0.0,0,3571,943.1538321250118
OOA,Leukemia,21,1.0,0.0,0,3571,944.0083491669502
OOA,Leukemia,22,1.0,0.0,0,3571,941.4826586249983
OOA,Leukemia,23,1.0,0.0,0,3571,936.5305434579495
OOA,Leukemia,24,1.0,0.0,0,3571,932.4989077500068
OOA,Leukemia,25,0.2319568588230587,0.7657142857142858,5,3571,935.3569827500032
OOA,Leukemia,26,1.0,0.0,0,3571,932.4435663339682
OOA,Lymphography,0,0.2206980842911878,0.7843678160919539,13,18,275.8332520000404
OOA,Lymphography,1,0.1975310344827586,0.8105747126436782,18,18,307.20704666594975
OOA,Leukemia,27,1.0,0.0,0,3571,907.348046500003
OOA,Leukemia,28,1.0,0.0,0,3571,911.3232822089922
OOA,Lymphography,2,0.17371494252873565,0.8312643678160919,12,18,299.6221510830801
OOA,Lymphography,3,0.19707586206896555,0.8110344827586207,18,18,313.319422458997
OOA,Leukemia,29,1.0,0.0,0,3571,919.2839684999781
OOA,Lymphography,4,0.17538160919540233,0.8312643678160919,15,18,355.8965013329871
OOA,Lymphography,5,0.18273793103448285,0.8255172413793103,18,18,338.72376008389983
OOA,Lymphography,6,0.2166084291187738,0.7834482758620691,4,18,356.3667392079951
OOA,Lymphography,7,0.17044827586206907,0.8379310344827585,18,18,377.8060953330714
OOA,Lymphography,8,0.20256475095785437,0.8043678160919541,16,18,358.30518949998077
OOA,Lymphography,9,0.17740306513409965,0.8303448275862069,17,18,363.44464750005864
OOA,Lymphography,10,0.2234758620689656,0.7843678160919539,18,18,352.0970768328989
OOA,Lymphography,11,0.20435862068965527,0.8036781609195401,18,18,369.9716384160565
OOA,Lymphography,12,0.196647509578544,0.810344827586207,16,18,351.0544363340596
OOA,Lymphography,13,0.18423754789272037,0.8183908045977011,8,18,358.03566299995873
OOA,Lymphography,14,0.20344827586206896,0.8045977011494253,18,18,358.3956736669643
OOA,Lymphography,17,0.2132145593869732,0.7908045977011494,11,18,344.7437482079258
OOA,Lymphography,16,0.20949272030651356,0.7979310344827585,17,18,359.76721670804545
OOA,Lymphography,15,0.19002068965517246,0.8181609195402298,18,18,368.1149991250131
OOA,Lymphography,18,0.1963931034482761,0.8117241379310343,18,18,368.47453254193533
OOA,Lymphography,19,0.1947264367816092,0.8117241379310345,15,18,361.3728855000809
OOA,Lymphography,20,0.31540766283524907,0.6825287356321839,2,18,354.3525872910395
OOA,Lymphography,21,0.1422544061302682,0.8652873563218391,16,18,365.4195172500331
OOA,Lymphography,22,0.21687586206896556,0.7910344827586206,18,18,355.66172720794566
OOA,Lymphography,23,0.20367586206896549,0.8043678160919541,18,18,359.4342058330076
OOA,Lymphography,24,0.1968482758620689,0.811264367816092,18,18,359.6307889589807
OOA,Lymphography,25,0.23647509578544054,0.7701149425287357,16,18,361.12364370794967
OOA,Lymphography,26,0.21164137931034477,0.7963218390804598,18,18,360.3079831660725
OOA,Lymphography,27,0.2426536398467432,0.7577011494252874,5,18,357.81170183303766
OOA,Lymphography,28,0.15087586206896547,0.8577011494252874,18,18,374.3818931670394
OOA,Lymphography,29,0.1823363984674329,0.8236781609195403,14,18,377.20423395803664
OOA,M-of-n,0,0.2694938461538462,0.734,8,13,984.7354795420542
OOA,M-of-n,2,0.12231153846153846,0.885,11,13,982.7929994160077
OOA,M-of-n,1,0.16048000000000015,0.8479999999999999,13,13,989.7291345000267
OOA,M-of-n,3,0.13496076923076925,0.873,12,13,982.0775680419756
OOA,M-of-n,4,0.3668484615384615,0.631,2,13,976.7546897500288
OOA,M-of-n,5,0.27422307692307707,0.7299999999999999,9,13,977.7163610839052
OOA,M-of-n,6,0.1934846153846152,0.8100000000000002,7,13,977.5230670000892
OOA,M-of-n,7,0.1618046153846154,0.842,7,13,981.3322928330163
OOA,M-of-n,8,0.07941384615384621,0.9259999999999999,8,13,980.921945417067
OOA,M-of-n,9,0.1724738461538461,0.8320000000000001,8,13,976.3912624170771
OOA,M-of-n,10,0.3671761538461538,0.633,5,13,978.1582666250179
OOA,M-of-n,11,0.1657646153846153,0.8380000000000001,7,13,975.679071584018
OOA,M-of-n,12,0.13573000000000002,0.873,13,13,983.4299214159837
OOA,M-of-n,13,0.1728015384615385,0.834,11,13,987.2780397079187
OOA,M-of-n,14,0.103943076923077,0.9019999999999999,9,13,979.1975446660072
OOA,M-of-n,15,0.12330153846153846,0.884,11,13,978.0898882079637
OOA,M-of-n,16,0.13474,0.874,13,13,993.1618047910742
OOA,M-of-n,17,0.2884176923076922,0.7110000000000001,3,13,985.6345056670252
OOA,M-of-n,19,0.3391284615384615,0.659,2,13,979.1292756249895
OOA,M-of-n,18,0.14090076923076925,0.867,12,13,986.3951505830046
OOA,M-of-n,20,0.0764438461538461,0.929,8,13,973.8705807499355
OOA,M-of-n,21,0.1486,0.86,13,13,985.8185722910566
OOA,M-of-n,22,0.2468376923076923,0.753,3,13,983.4738047079882
OOA,M-of-n,23,0.13793076923076936,0.8699999999999999,12,13,987.9951480409363
OOA,Parkinsons,0,1.0,0.0,0,22,431.0787303750403
OOA,Parkinsons,1,0.10138461538461538,0.9076923076923077,22,22,483.21009341592435
OOA,M-of-n,24,0.23352615384615383,0.768,5,13,974.2107787920395
OOA,M-of-n,26,0.015284615384615393,0.99,7,13,960.1730587920174
OOA,M-of-n,27,0.22879692307692306,0.772,4,13,966.3586519999662
OOA,Parkinsons,2,0.17488811188811193,0.8256410256410256,5,22,434.09460058400873
OOA,M-of-n,25,0.11790999999999997,0.891,13,13,975.1261695000576
OOA,M-of-n,28,0.18611307692307696,0.819,9,13,964.5794698330574
OOA,M-of-n,29,0.14486076923076913,0.8630000000000001,12,13,957.6729176659137
OOA,Parkinsons,3,0.22937062937062944,0.7692307692307692,2,22,452.79869979200885
OOA,Parkinsons,4,0.1310139860139859,0.8717948717948719,9,22,396.3411502499366
OOA,Parkinsons,5,1.0,0.0,0,22,412.76105062500574
OOA,Parkinsons,6,0.11479720279720275,0.8923076923076924,18,22,404.94678608397953
OOA,Parkinsons,8,0.09176223776223778,0.9128205128205128,12,22,447.67506520904135
OOA,Parkinsons,10,0.11661538461538457,0.8923076923076924,22,22,410.8595429159468
OOA,Parkinsons,9,0.1370000000000001,0.8666666666666666,11,22,459.0994629160268
OOA,Parkinsons,7,1.0,0.0,0,22,516.438979916973
OOA,Parkinsons,11,0.08107692307692314,0.9282051282051281,22,22,425.0373427919112
OOA,Parkinsons,14,0.10055244755244754,0.9025641025641026,9,22,399.6323729159776
OOA,Parkinsons,12,0.0861538461538461,0.9230769230769231,22,22,439.47727945807856
OOA,Parkinsons,15,1.0,0.0,0,22,375.61271233297884
OOA,Parkinsons,13,0.13980419580419565,0.8615384615384617,6,22,448.44054679200053
OOA,Parkinsons,16,0.15548951048951049,0.8461538461538461,7,22,437.7456119169947
OOA,Parkinsons,17,0.0511468531468532,0.9538461538461538,12,22,451.7734597080853
OOA,Parkinsons,18,0.05667832167832172,0.9487179487179487,13,22,473.66304224997293
OOA,Parkinsons,19,0.09077622377622382,0.9179487179487179,21,22,449.8609118340537
OOA,Parkinsons,22,0.05857342657342659,0.9435897435897436,6,22,350.6545160829555
OOA,Parkinsons,20,0.19981818181818178,0.8,4,22,384.6344052089844
OOA,Parkinsons,21,0.09630769230769233,0.9128205128205128,22,22,425.4271661249222
OOA,Parkinsons,24,0.132909090909091,0.8666666666666666,2,22,404.45476412505377
OOA,Parkinsons,23,0.1347272727272728,0.8666666666666666,6,22,469.0421646250179
OOA,Parkinsons,26,1.0,0.0,0,22,401.30730070802383
OOA,Parkinsons,25,0.09774825174825175,0.9076923076923077,14,22,467.6755647499813
OOA,Parkinsons,27,0.06963636363636362,0.9333333333333333,8,22,392.5994358329335
OOA,Parkinsons,28,0.11396503496503489,0.8871794871794872,5,22,337.7831239589723
OOA,Parkinsons,29,0.08577622377622371,0.917948717948718,10,22,437.26458066597115
OOA,Sonar,0,0.17121312427409988,0.8319396051103368,29,60,690.0056745829061
OOA,Sonar,1,1.0,0.0,0,60,663.1580963750603
OOA,Sonar,2,1.0,0.0,0,60,661.363061083015
OOA,Sonar,3,0.1651138211382114,0.8365853658536585,20,60,675.0431316249305
OOA,Sonar,4,0.16971312427409987,0.8319396051103368,20,60,665.6112728330772
OOA,Sonar,5,0.18016492450638802,0.821718931475029,22,60,671.5160450419644
OOA,Sonar,6,0.14019744483159122,0.8607433217189314,14,60,703.5149371669395
OOA,Sonar,7,1.0,0.0,0,60,724.6659809589619
OOA,Sonar,8,0.14297909407665502,0.8606271777003485,30,60,724.1909927499946
OOA,Sonar,10,1.0,0.0,0,60,707.5488716659602
OOA,Sonar,9,0.17755400696864118,0.8267131242740998,36,60,714.9351730830967
OOA,Sonar,11,0.1661138211382114,0.8365853658536585,26,60,717.336056125001
OOA,Sonar,12,0.18535598141695697,0.8176538908246226,29,60,705.5407272919547
OOA,Sonar,13,0.1975220673635308,0.80267131242741,13,60,690.2991569580045
OOA,Sonar,14,0.16784378629500576,0.8363530778164925,35,60,697.80849283305
OOA,Sonar,15,0.2766881533101045,0.7210220673635308,3,60,683.928623041953
OOA,Sonar,16,0.2679663182346109,0.7310104529616724,10,60,711.601576291956
OOA,Sonar,17,1.0,0.0,0,60,682.9747944578994
OOA,Sonar,18,0.15695528455284555,0.8463414634146341,29,60,708.3770959581016
OOA,Sonar,19,0.16519396051103377,0.8375145180023228,26,60,733.278514583013
OOA,Sonar,21,0.1905301974448316,0.8124274099883856,29,60,723.6634092089953
OOA,Sonar,20,0.16030023228803725,0.8459930313588849,47,60,746.8836668750737
OOA,Sonar,22,1.0,0.0,0,60,726.2681510000257
OOA,Sonar,23,0.3156957026713125,0.6824622531939605,8,60,748.551298083039
OOA,SpectEW,0,1.0,0.0,0,22,336.25317237502895
OOA,Sonar,25,0.17094308943089434,0.8317073170731707,26,60,757.9408661669586
OOA,Sonar,24,0.1719831591173054,0.832171893147503,35,60,775.6341913330834
OOA,SpectEW,1,0.198867924528302,0.8092243186582808,22,22,361.3777011249913
OOA,Sonar,26,1.0,0.0,0,60,742.836138417013
OOA,Sonar,28,0.16856213704994197,0.8364692218350754,40,60,768.1372707079863
OOA,Sonar,29,0.17460569105691062,0.8268292682926829,19,60,752.8713299999945
OOA,Sonar,27,0.1855743321718931,0.8177700348432057,31,60,775.4537976249121
OOA,SpectEW,2,0.1680234419668383,0.83487071977638,10,22,494.07203795807436
OOA,SpectEW,3,0.20357289879931395,0.8012578616352201,15,22,400.13988870801404
OOA,SpectEW,5,0.19878959405374508,0.8051712089447938,13,22,432.6260655410588
OOA,SpectEW,4,0.2361092052601486,0.7638015373864431,5,22,441.9452072919812
OOA,SpectEW,6,0.17906232132647232,0.827393431167016,18,22,443.6992490000557
OOA,SpectEW,8,0.19697141223556314,0.8051712089447939,9,22,442.09825425001327
OOA,SpectEW,9,0.2255340194396798,0.7754018169112509,7,22,458.0025002079783
OOA,SpectEW,7,1.0,0.0,0,22,484.50759808300063
OOA,SpectEW,10,1.0,0.0,0,22,453.714565165923
OOA,SpectEW,11,0.1982264150943396,0.8048218029350105,11,22,467.32885579101276
OOA,SpectEW,12,0.21188507718696403,0.790566037735849,10,22,465.7812342499383
OOA,SpectEW,14,0.22144253859348192,0.7786163522012579,5,22,458.49870558304247
OOA,SpectEW,13,0.20266380789022306,0.8012578616352201,13,22,469.9246658750344
OOA,SpectEW,15,0.2618450543167524,0.7378057302585604,5,22,462.0443937079981
OOA,SpectEW,16,0.3158965122927387,0.6818308874912649,2,22,472.17730474995915
OOA,SpectEW,17,0.24330417381360775,0.756533892382949,5,22,469.57275666703936
OOA,SpectEW,18,0.1801103487707262,0.8240391334730957,13,22,478.0171182079939
OOA,SpectEW,19,0.14571698113207554,0.8578616352201257,11,22,442.08353608392645
OOA,SpectEW,22,0.20276329331046317,0.7974842767295597,5,22,442.89712249999866
OOA,SpectEW,20,0.24637793024585486,0.7529699510831586,4,22,464.67332904203795
OOA,SpectEW,21,0.17742195540308742,0.8276729559748428,15,22,474.9639102080837
OOA,SpectEW,25,0.2494511149228129,0.7526205450733754,10,22,442.63554466702044
OOA,SpectEW,23,1.0,0.0,0,22,493.05877958401106
OOA,SpectEW,24,0.16170783304745565,0.842627533193571,13,22,475.13280391704757
OOA,SpectEW,26,0.1815734705546026,0.8202655485674354,8,22,455.0235825839918
OOA,SpectEW,27,0.2040577472841624,0.7975541579315164,8,22,453.2901924160542
OOA,SpectEW,28,1.0,0.0,0,22,464.2530927089974
OOA,SpectEW,29,0.20260377358490567,0.8054507337526206,22,22,513.5455564589938
OOA,TicTacToe,0,0.15672905759162287,0.8517888307155325,9,9,900.5019759159768
OOA,TicTacToe,2,0.15777110602094235,0.8507362565445027,9,9,912.4735711249523
OOA,TicTacToe,1,0.22891341259453182,0.7766306719022686,7,9,913.9646368750837
OOA,TicTacToe,3,0.2495827334205934,0.7546302356020942,6,9,912.6196797079174
OOA,TicTacToe,4,0.22273671102385104,0.7828697643979058,7,9,915.6559846249875
OOA,TicTacToe,5,0.2361591586678302,0.7693117364746945,7,9,912.4503540840233
OOA,TicTacToe,6,0.16502225130890044,0.843411867364747,9,9,925.381990208989
OOA,TicTacToe,7,0.3186506144560792,0.6837423647469458,5,9,915.2268786249915
OOA,TicTacToe,8,1.0,0.0,0,9,913.4745807910804
OOA,TicTacToe,10,0.25469578970331586,0.7494655322862129,6,9,917.73308562499
OOA,TicTacToe,9,0.21865917684700395,0.7881108202443282,8,9,918.4390689579304
OOA,TicTacToe,11,0.16089185209424073,0.8475839877835952,9,9,923.9353949580109
OOA,TicTacToe,12,0.15571400523560205,0.8528141361256545,9,9,927.0317596659297
OOA,TicTacToe,13,0.3021818826352531,0.7014997818499127,6,9,918.1876912079751
OOA,TicTacToe,14,0.33729950189063396,0.664905104712042,5,9,918.5768343339441
OOA,TicTacToe,15,0.21455577370564294,0.7922556719022686,8,9,921.6202168749878
OOA,TicTacToe,16,0.31774241928446767,0.6857820680628273,6,9,917.3776525419671
OOA,TicTacToe,18,0.2279998182082607,0.7786758289703315,8,9,916.6826995410956
OOA,TicTacToe,17,0.16500605366492152,0.8434282286212914,9,9,923.7330297080334
OOA,TicTacToe,19,0.1618745091623036,0.846591404886562,9,9,921.3179272080306
OOA,TicTacToe,20,0.29179492073880164,0.7108693280977312,5,9,924.1987572090002
OOA,TicTacToe,21,0.3311486692844678,0.6722404013961605,6,9,915.3141349169891
OOA,TicTacToe,22,0.16916884816753916,0.8392233856893544,9,9,929.3622843340272
OOA,TicTacToe,23,0.16915804973821985,0.8392342931937173,9,9,920.9939604160609
OOA,Vote,0,0.030389107308048054,0.9699352451433858,1,16,404.15033779200166
OOA,Vote,1,1.0,0.0,0,16,403.0669857079629
OOA,TicTacToe,24,0.1567398560209424,0.8517779232111693,9,9,928.4376483749365
OOA,TicTacToe,26,1.0,0.0,0,9,912.6040600830456
OOA,TicTacToe,25,0.26516261271087843,0.741137652705061,8,9,926.0445211249171
OOA,TicTacToe,27,0.1588023560209425,0.8496945898778359,9,9,925.8815363750327
OOA,Vote,2,0.03128885291396862,0.9696577243293246,2,16,405.654555917019
OOA,TicTacToe,28,0.2939534794938918,0.7098113001745201,6,9,922.114846542012
OOA,TicTacToe,29,0.22796742292030253,0.7787085514834206,8,9,922.1934857500019
OOA,Vote,3,1.0,0.0,0,16,403.75651204190217
OOA,Vote,4,0.03154752543940783,0.9700277520814062,3,16,403.9794303328963
OOA,Vote,5,0.036035037002775216,0.9654949121184089,3,16,405.11762629204895
OOA,Vote,6,1.0,0.0,0,16,403.2709438330494
OOA,Vote,7,0.03048068917668828,0.9698427382053654,1,16,404.41794199997094
OOA,Vote,8,1.0,0.0,0,16,402.854202666902
OOA,Vote,9,0.10199641535615167,0.9051803885291397,13,16,405.13461462501436
OOA,Vote,10,1.0,0.0,0,16,405.3936794579495
OOA,Vote,12,1.0,0.0,0,16,404.6409937089775
OOA,Vote,11,1.0,0.0,0,16,405.35294954199344
OOA,Vote,13,0.03163910730804805,0.9699352451433858,3,16,409.4592002501013
OOA,Vote,14,1.0,0.0,0,16,410.8207688749535
OOA,Vote,15,1.0,0.0,0,16,411.51092879101634
OOA,Vote,16,0.06732388991674385,0.9351526364477335,5,16,418.312836416997
OOA,Vote,17,1.0,0.0,0,16,414.95443366700783
OOA,Vote,18,1.0,0.0,0,16,415.328797708964
OOA,Vote,19,1.0,0.0,0,16,416.2311843748903
OOA,Vote,20,1.0,0.0,0,16,416.16657058300916
OOA,Vote,21,1.0,0.0,0,16,414.5628363750875
OOA,Vote,22,1.0,0.0,0,16,416.18114079209045
OOA,Vote,23,1.0,0.0,0,16,418.90795412496664
OOA,Vote,24,1.0,0.0,0,16,420.5761581249535
OOA,Vote,25,1.0,0.0,0,16,419.7478431670461
OOA,Vote,26,1.0,0.0,0,16,419.42918191698845
OOA,Vote,27,0.16459990749306197,0.8362627197039778,4,16,413.82221620797645
OOA,Vote,28,1.0,0.0,0,16,414.4882442080416
OOA,Vote,29,0.03029752543940783,0.9700277520814062,1,16,359.9362754999893
OOA,WDBC,0,0.07508570097810913,0.9261760596180716,6,30,871.2509082079632
OOA,WDBC,1,0.04545179319981374,0.9561092997981679,6,30,926.9825394579675
OOA,WDBC,4,1.0,0.0,0,30,785.0944660829846
OOA,WDBC,2,1.0,0.0,0,30,811.5702298749238
OOA,WDBC,3,0.04183775811209442,0.9631268436578171,16,30,860.6990950830514
OOA,WDBC,5,0.03689038969104187,0.9701443875174661,22,30,874.4826983340317
OOA,WDBC,7,0.032199658438130795,0.971852196863841,13,30,788.1927333329804
OOA,WDBC,6,0.04283775811209442,0.9631268436578171,19,30,951.6112042909954
OOA,WDBC,8,0.056918956683744915,0.9455364073901567,9,30,876.2804551660083
OOA,WDBC,9,1.0,0.0,0,30,854.0599550839979
OOA,WDBC,11,0.05901987269057595,0.9437509703462196,10,30,816.0559349170653
OOA,WDBC,12,0.04344961962428191,0.9648657040832169,26,30,819.3459953749552
OOA,WDBC,13,0.03490575997515909,0.9701288619779538,16,30,813.4485577080632
OOA,WDBC,14,1.0,0.0,0,30,830.3011374580674
OOA,WDBC,10,0.04512513584847087,0.9577860580655176,10,30,1171.154244375066
OOA,WDBC,15,0.05142990218910104,0.9490607048594939,3,30,1084.0584015420172
OOA,WDBC,17,0.3221870827511256,0.6748952026082906,1,30,790.8824584169779
OOA,WDBC,16,0.03836407390156798,0.9666356155876418,16,30,851.6934337079292
OOA,WDBC,19,0.05376323552243437,0.9490607048594939,10,30,753.436213209061
OOA,WDBC,18,1.0,0.0,0,30,834.4043569170171
OOA,WDBC,21,1.0,0.0,0,30,732.208570042043
OOA,WDBC,20,0.04078295295761535,0.9648657040832168,18,30,812.3648489170009
OOA,WDBC,23,0.04068871293277445,0.9683278993945039,28,30,939.1000769170932
OOA,WDBC,22,0.048357553174972936,0.9595714951094549,25,30,1052.397783667082
OOA,WDBC,25,0.037006675981990346,0.9683434249340165,17,30,835.8464644580381
OOA,WDBC,24,0.08308787455364074,0.9174196553330228,4,30,843.1812984170392
OOA,WDBC,27,1.0,0.0,0,30,805.0817434169585
OOA,WDBC,26,0.0619431765253842,0.9384412358329453,3,30,869.0258445000509
OOA,WDBC,28,0.030734668529731442,0.9736686849868033,14,30,801.6229367919732
OOA,WDBC,29,0.04748253376804838,0.956078248719143,12,30,989.7831672080792
OOA,WaveformEW,1,0.21672399999999992,0.7874000000000001,25,40,6026.1118837499525
OOA,WaveformEW,2,0.22671800000000006,0.7767999999999999,23,40,6083.86505487503
OOA,WaveformEW,4,0.267912,0.7362,27,40,6214.637270499952
OOA,WaveformEW,0,0.232522,0.7722,28,40,6504.217098249937
OOA,WaveformEW,3,0.261784,0.7434,31,40,6385.086390457931
OOA,WaveformEW,5,0.250072,0.7522,19,40,6373.399296000018
OOA,WaveformEW,6,0.23024999999999998,0.775,30,40,6520.149896958028
OOA,WaveformEW,7,0.23274999999999987,0.7750000000000001,40,40,6348.976510249893
OOA,WaveformEW,8,0.22615400000000002,0.7804,35,40,6337.3678965420695
OOA,WaveformEW,9,0.22637400000000002,0.7774,24,40,6258.253193125012
OOA,WaveformEW,10,0.22124599999999994,0.7846000000000001,32,40,6297.00884562498
OOA,WaveformEW,11,0.2133059999999999,0.7906000000000001,24,40,6329.491455791984
OOA,WaveformEW,13,0.20866800000000005,0.7968,30,40,6175.9478291251
OOA,WaveformEW,15,0.20820999999999995,0.796,25,40,6128.700212333933
OOA,WaveformEW,14,0.22727000000000008,0.7769999999999999,26,40,6208.592233542004
OOA,WaveformEW,12,0.28994400000000004,0.7093999999999999,9,40,6580.664717708016
OOA,WaveformEW,16,0.22577000000000008,0.7769999999999999,20,40,6703.545812875032
OOA,WaveformEW,18,0.2612739999999999,0.7424000000000001,25,40,6328.983825209085
OOA,WaveformEW,17,0.23680600000000004,0.7656,19,40,6525.856561499997
OOA,WaveformEW,19,0.23441799999999996,0.7718,34,40,6277.497729292023
OOA,WaveformEW,20,1.0,0.0,0,40,6617.9303892920725
OOA,WaveformEW,22,0.24658,0.758,28,40,6481.934171249974
OOA,WaveformEW,21,0.2167139999999999,0.7864000000000001,21,40,6560.86550645798
OOA,WaveformEW,23,0.20301000000000008,0.8009999999999999,24,40,6533.295931624947
OOA,Zoo,0,0.15963928571428568,0.8419047619047619,5,16,250.85646633303259
OOA,Zoo,1,0.06580357142857145,0.9404761904761905,11,16,252.05283583304845
OOA,Zoo,2,0.13983928571428578,0.8619047619047618,5,16,253.1065340830246
OOA,Zoo,3,0.1975178571428573,0.8023809523809522,3,16,254.7464366670465
OOA,Zoo,4,0.09378214285714274,0.9109523809523811,9,16,254.70021158305462
OOA,Zoo,5,0.08872857142857145,0.9204761904761904,16,16,252.18599245802034
OOA,Zoo,6,0.08920000000000007,0.9199999999999999,16,16,249.3802854999667
OOA,Zoo,7,0.027453571428571404,0.9804761904761905,13,16,254.13119587500114
OOA,Zoo,8,0.10758571428571424,0.9014285714285715,16,16,253.9492954580346
OOA,Zoo,9,0.05512500000000004,0.95,9,16,252.90723129198886
OOA,Zoo,10,0.12238571428571438,0.8814285714285713,8,16,248.3094088329235
OOA,Zoo,11,0.1622928571428573,0.8423809523809522,10,16,249.31216183304787
OOA,Zoo,12,0.09753214285714273,0.9109523809523811,15,16,248.8185347499093
OOA,Zoo,13,0.08825714285714295,0.9209523809523809,16,16,251.77124824991915
OOA,Zoo,14,0.07507857142857156,0.9304761904761903,10,16,247.68814537499566
OOA,Zoo,15,0.04787857142857142,0.9604761904761905,14,16,249.9829626660794
OOA,Zoo,16,0.11108214285714298,0.8909523809523808,5,16,246.34945641702507
OOA,Zoo,17,0.07882857142857133,0.9304761904761906,16,16,252.39463879202958
OOA,Zoo,18,0.06580357142857145,0.9404761904761905,11,16,251.52044962509535
OOA,Zoo,19,1.0,0.0,0,16,251.76253454200923
OOA,Zoo,20,0.05777857142857143,0.9504761904761905,14,16,249.80598991701845
OOA,Zoo,21,0.12363571428571427,0.8814285714285715,10,16,249.39832158293575
OOA,Zoo,22,0.09565714285714286,0.910952380952381,12,16,248.1525585000636
OOA,Zoo,23,0.1344785714285715,0.8704761904761904,10,16,253.07549554202706
OOA,Zoo,24,0.120982142857143,0.8809523809523808,5,16,254.19591295800637
OOA,Zoo,25,0.05652857142857143,0.9504761904761905,12,16,257.33485445799306
OOA,Zoo,26,0.07695357142857157,0.9304761904761903,13,16,254.24541229207534
OOA,Zoo,27,0.06892857142857144,0.9404761904761905,16,16,252.16558529192116
OOA,Zoo,28,0.19971071428571432,0.8014285714285714,5,16,249.4222783340374
OOA,Zoo,29,0.08560357142857146,0.9204761904761904,11,16,239.93611337500624
OOA,WaveformEW,25,0.22346599999999994,0.7816000000000001,29,40,5864.701842667069
OOA,WaveformEW,24,0.22952999999999998,0.778,39,40,6005.047691541957
OOA,WaveformEW,26,1.0,0.0,0,40,6023.732052415959
OOA,WaveformEW,27,0.223102,0.7802,22,40,6037.956707125064
OOA,WaveformEW,29,0.2360639999999999,0.7714000000000001,39,40,5644.17573262495
OOA,WaveformEW,28,0.24125600000000005,0.7605999999999999,17,40,5834.284294500016
RG-SCSO,BreastEW,7,0.029432946901388344,0.9736367539716616,3,9,422.2899573749164
RG-SCSO,BreastEW,1,0.02799831830542443,0.9750858737655645,3,9,422.62407529191114
RG-SCSO,BreastEW,3,0.030565311769476605,0.9736152855302705,4,9,423.26886270800605
RG-SCSO,BreastEW,6,0.029454200658365494,0.9736152855302705,3,9,423.34773945901543
RG-SCSO,BreastEW,2,0.031331651638757764,0.9750858737655645,6,9,424.61839970899746
RG-SCSO,BreastEW,0,0.028764658174705374,0.9765564620008588,5,9,425.0791539999191
RG-SCSO,BreastEW,5,0.031310397881780395,0.9751073422069558,6,9,424.950339666917
RG-SCSO,BreastEW,4,0.030178033013692027,0.975128810648347,5,9,425.84178558306303
RG-SCSO,BreastEW,8,0.030533431134010882,0.9736474881923571,4,9,403.4165585000301
RG-SCSO,BreastEW,10,0.03087820237584083,0.9721768999570631,3,9,403.7746816659346
RG-SCSO,BreastEW,11,0.031602034731167364,0.9736904250751396,5,9,404.71674083406106
RG-SCSO,BreastEW,12,0.028008945183912896,0.9750751395448691,3,9,404.0040455420967
RG-SCSO,BreastEW,9,0.030199286770669284,0.9751073422069558,5,9,406.1911873749923
RG-SCSO,BreastEW,13,0.029390439387433825,0.973679690854444,3,9,404.01449470804073
RG-SCSO,BreastEW,14,0.030512177377033513,0.9736689566337484,4,9,406.1401415419532
RG-SCSO,BreastEW,15,0.030888829254329404,0.9721661657363676,3,9,407.5252880420303
RG-SCSO,BreastEW,18,0.03053343113401066,0.9736474881923574,4,9,403.66792050004005
RG-SCSO,BreastEW,16,0.03164454224512199,0.9736474881923571,5,9,406.53379233402666
RG-SCSO,BreastEW,19,0.030220540527646653,0.9750858737655645,5,9,407.4222953330027
RG-SCSO,BreastEW,20,0.03166579600209903,0.9736260197509662,5,9,408.1370851669926
RG-SCSO,BreastEW,17,0.029886396164305058,0.9765457277801632,6,9,409.93087991699576
RG-SCSO,BreastEW,22,0.030856948618863574,0.9721983683984543,3,9,406.28297812491655
RG-SCSO,BreastEW,21,0.03018865989218071,0.9751180764276514,5,9,408.58397629100364
RG-SCSO,BreastEW,23,0.02954162492247511,0.9780163160154572,7,9,409.6930641660001
RG-SCSO,BreastEW,24,0.032421508992891396,0.9751073422069559,7,9,365.2864133330295
RG-SCSO,BreastEW,25,0.03015677925671477,0.9751502790897382,5,9,365.389432416996
RG-SCSO,BreastEW,29,0.0320105672439292,0.972155431515672,4,9,362.60120925004594
RG-SCSO,BreastEW,28,0.03227032345785023,0.9707707170459425,3,9,363.4593705839943
RG-SCSO,BreastEW,26,0.03164454224512199,0.9736474881923571,5,9,364.66168024996296
RG-SCSO,BreastEW,27,0.0327981608701874,0.973604551309575,6,9,366.3833931250265
RG-SCSO,ColonCancer,0,0.11592653846153839,0.885897435897436,593,2000,463.4651917919982
RG-SCSO,ColonCancer,1,0.162638076923077,0.8384615384615384,543,2000,463.27381058305036
RG-SCSO,ColonCancer,4,0.08400076923076916,0.917948717948718,554,2000,514.9289290839806
RG-SCSO,ColonCancer,3,0.12854884615384626,0.873076923076923,579,2000,518.4162107500015
RG-SCSO,ColonCancer,2,0.09934653846153844,0.9025641025641026,577,2000,519.3507361660013
RG-SCSO,ColonCancer,5,0.14613307692307695,0.8551282051282051,542,2000,517.1416447090451
RG-SCSO,ColonCancer,7,0.09662307692307691,0.9051282051282051,540,2000,516.166767375078
RG-SCSO,ColonCancer,6,0.11436230769230762,0.8871794871794872,534,2000,518.2593052090378
RG-SCSO,ColonCancer,8,0.09806230769230768,0.9038461538461539,574,2000,486.1819502080325
RG-SCSO,ColonCancer,9,0.11313307692307686,0.8884615384615385,542,2000,484.658505499945
RG-SCSO,ColonCancer,10,0.1296480769230768,0.8717948717948719,545,2000,353.9111137080472
RG-SCSO,ColonCancer,11,0.09669307692307691,0.9051282051282051,554,2000,353.6296772919595
RG-SCSO,ColonCancer,12,0.14610807692307695,0.8551282051282051,537,2000,354.25566379202064
RG-SCSO,ColonCancer,13,0.11573653846153839,0.885897435897436,555,2000,354.6585317499703
RG-SCSO,ColonCancer,14,0.09550384615384616,0.9064102564102564,570,2000,353.7800366670126
RG-SCSO,ColonCancer,15,0.11447230769230762,0.8871794871794872,556,2000,354.51808608404826
RG-SCSO,ColonCancer,16,0.11434730769230762,0.8871794871794872,531,2000,352.0002012079349
RG-SCSO,ColonCancer,17,0.11308307692307686,0.8884615384615385,532,2000,351.3374142500106
RG-SCSO,ColonCancer,19,0.13088230769230777,0.8705128205128204,538,2000,359.56415650004055
RG-SCSO,ColonCancer,18,0.11582153846153861,0.8858974358974357,572,2000,360.9098859159276
RG-SCSO,ColonCancer,20,0.11569653846153839,0.885897435897436,547,2000,361.07144349999726
RG-SCSO,ColonCancer,22,0.11444230769230762,0.8871794871794872,550,2000,359.86710829194635
RG-SCSO,ColonCancer,21,0.09790230769230769,0.9038461538461539,542,2000,362.2685772499535
RG-SCSO,ColonCancer,23,0.17906307692307696,0.8217948717948718,528,2000,361.58090125001036
RG-SCSO,ColonCancer,24,0.11428230769230761,0.8871794871794872,518,2000,363.78209291701205
RG-SCSO,ColonCancer,25,0.11306307692307686,0.8884615384615385,528,2000,363.37913274997845
RG-SCSO,Diabetes,0,0.24989705882352933,0.7538918597742128,5,8,282.29106537497137
RG-SCSO,Diabetes,1,0.24352731092436963,0.7603259485612428,5,8,284.7161226660246
RG-SCSO,ColonCancer,26,0.09674307692307692,0.9051282051282051,564,2000,351.49037004204
RG-SCSO,ColonCancer,27,0.11444230769230762,0.8871794871794872,550,2000,351.9547485419316
RG-SCSO,ColonCancer,28,0.1627380769230769,0.8384615384615385,563,2000,352.21693333401345
RG-SCSO,ColonCancer,29,0.11461230769230762,0.8871794871794872,584,2000,352.34697025001515
RG-SCSO,Diabetes,2,0.2369411764705883,0.7657159833630421,4,8,296.40118441707455
RG-SCSO,Diabetes,3,0.238296218487395,0.7630846277905101,3,8,296.0289193340577
RG-SCSO,Diabetes,4,0.2396323529411764,0.7617349970291147,3,8,357.5862385830842
RG-SCSO,Diabetes,5,0.2357836134453782,0.7656226126814362,3,8,356.08164562494494
RG-SCSO,Diabetes,6,0.25131302521008403,0.7499363381716323,3,8,374.16111500002444
RG-SCSO,Diabetes,7,0.23440336134453796,0.7682794329853152,4,8,374.90763245907146
RG-SCSO,Diabetes,9,0.24988025210084036,0.7539088362617774,5,8,376.82576187490486
RG-SCSO,Diabetes,8,0.24346848739495797,0.7603853662677192,5,8,378.1363486670889
RG-SCSO,Diabetes,11,0.25133823529411753,0.7499108734402853,3,8,374.48854012496304
RG-SCSO,Diabetes,10,0.2435462184873949,0.7590442237501062,4,8,376.77193720801733
RG-SCSO,Diabetes,12,0.24085924369747896,0.7604957134368899,3,8,375.45301191695035
RG-SCSO,Diabetes,13,0.2395861344537815,0.7643069348951702,5,8,377.0413432910573
RG-SCSO,Diabetes,15,0.2382773109243697,0.7643663526016468,4,8,367.573514000047
RG-SCSO,Diabetes,14,0.2458949579831933,0.7591970121381886,6,8,372.0929381250171
RG-SCSO,Diabetes,16,0.2511134453781513,0.7539258127493421,6,8,370.24777729192283
RG-SCSO,Diabetes,17,0.24085504201680677,0.7630252100840336,5,8,372.0333462910494
RG-SCSO,Diabetes,19,0.2396827731092437,0.7616840675664205,3,8,370.2110393330222
RG-SCSO,Diabetes,18,0.24867226890756297,0.7538663950428657,4,8,375.68540387495887
RG-SCSO,Diabetes,20,0.2420882352941176,0.7630421865715984,6,8,373.4076198749244
RG-SCSO,Diabetes,21,0.25238025210084025,0.7539088362617775,7,8,374.74944895796943
RG-SCSO,Diabetes,22,0.24472899159663875,0.7591121297003649,5,8,368.946144708083
RG-SCSO,Diabetes,23,0.23959453781512607,0.7642984466513878,5,8,371.8151289159432
RG-SCSO,Diabetes,24,0.23185714285714293,0.7708513708513708,4,8,368.7163202909287
RG-SCSO,Diabetes,25,0.24979201680672275,0.7565232153467447,7,8,371.5164520830149
RG-SCSO,Diabetes,27,0.24087394957983194,0.761743485272897,4,8,359.5447815420339
RG-SCSO,Diabetes,26,0.2433907563025211,0.7617265087853322,6,8,370.86458591604605
RG-SCSO,Diabetes,28,0.2447983193277311,0.7577794754265342,4,8,368.42118245898746
RG-SCSO,Diabetes,29,0.24602941176470583,0.7590612002376709,6,8,371.0821006250335
RG-SCSO,GermanCredit,0,0.2391200000000001,0.7619999999999999,7,20,507.84359462501016
RG-SCSO,GermanCredit,1,0.23912999999999998,0.763,9,20,511.1570593750803
RG-SCSO,GermanCredit,2,0.23417,0.767,7,20,512.0524447500939
RG-SCSO,GermanCredit,4,0.23417,0.767,7,20,510.0947867910145
RG-SCSO,GermanCredit,3,0.23318999999999987,0.7690000000000001,9,20,524.0423682909459
RG-SCSO,GermanCredit,5,0.2505099999999999,0.7510000000000001,8,20,518.5969470420387
RG-SCSO,GermanCredit,6,0.23864,0.764,10,20,519.8507563329767
RG-SCSO,GermanCredit,7,0.2322,0.77,9,20,515.6553024579771
RG-SCSO,GermanCredit,8,0.22576999999999997,0.777,10,20,518.8928647499997
RG-SCSO,GermanCredit,9,0.23615999999999998,0.766,9,20,511.3449802499963
RG-SCSO,GermanCredit,11,0.24358,0.758,8,20,515.3358474170091
RG-SCSO,GermanCredit,10,0.2391500000000001,0.7649999999999999,13,20,528.2159230420366
RG-SCSO,GermanCredit,12,0.24951,0.751,6,20,521.5266529159853
RG-SCSO,GermanCredit,13,0.23862999999999987,0.7630000000000001,8,20,517.9357994999737
RG-SCSO,GermanCredit,15,0.23418,0.768,9,20,518.2043638329487
RG-SCSO,GermanCredit,14,0.23568,0.768,12,20,532.98341049999
RG-SCSO,GermanCredit,16,0.24406999999999998,0.757,7,20,519.2580691659823
RG-SCSO,GermanCredit,17,0.23518,0.768,11,20,530.101739707985
RG-SCSO,GermanCredit,19,0.23960999999999988,0.7610000000000001,6,20,518.2223568330519
RG-SCSO,GermanCredit,18,0.24160999999999988,0.7610000000000001,10,20,533.010300999973
RG-SCSO,GermanCredit,21,0.23912,0.762,7,20,525.1940956659382
RG-SCSO,GermanCredit,20,0.2411199999999999,0.7620000000000001,11,20,531.474342542002
RG-SCSO,GermanCredit,22,0.23815,0.765,11,20,570.4685976660112
RG-SCSO,GermanCredit,23,0.24309,0.759,9,20,566.7122370839352
RG-SCSO,GermanCredit,24,0.2336900000000001,0.7689999999999999,10,20,577.8360378330108
RG-SCSO,GermanCredit,25,0.23169999999999988,0.7700000000000001,8,20,566.9956916250521
RG-SCSO,GermanCredit,26,0.22773999999999997,0.774,8,20,576.5183930839412
RG-SCSO,HeartDisease,0,0.15732411994784862,0.8449717514124295,5,13,243.8494120000396
RG-SCSO,GermanCredit,27,0.24112,0.762,11,20,576.5376285000239
RG-SCSO,GermanCredit,29,0.24159999999999998,0.76,8,20,566.3389207080472
RG-SCSO,GermanCredit,28,0.2322,0.77,9,20,572.966254292056
RG-SCSO,HeartDisease,1,0.15098996088657113,0.8521468926553671,6,13,244.53409758396447
RG-SCSO,HeartDisease,2,0.15710039113428947,0.8451977401129943,5,13,242.773737374926
RG-SCSO,HeartDisease,3,0.14967588005215132,0.8550282485875705,8,13,245.0302714999998
RG-SCSO,HeartDisease,4,0.15385632333767923,0.8484745762711865,5,13,244.101906707976
RG-SCSO,HeartDisease,6,0.15055632333767915,0.8518079096045199,5,13,244.5387966670096
RG-SCSO,HeartDisease,5,0.16392411994784867,0.8383050847457628,5,13,244.9813016669359
RG-SCSO,HeartDisease,7,0.14714445893089956,0.8552542372881357,5,13,245.41518916690256
RG-SCSO,HeartDisease,8,0.15374445893089972,0.8485875706214688,5,13,247.07703745900653
RG-SCSO,HeartDisease,9,0.1570444589308997,0.8452542372881355,5,13,245.4672897499986
RG-SCSO,HeartDisease,10,0.14813741851368978,0.8550282485875705,6,13,257.8110244999407
RG-SCSO,HeartDisease,11,0.1601207301173403,0.8421468926553672,5,13,255.60556120797992
RG-SCSO,HeartDisease,12,0.14065632333767925,0.8618079096045198,5,13,260.08619570801966
RG-SCSO,HeartDisease,13,0.15055632333767915,0.8518079096045199,5,13,261.3257950000698
RG-SCSO,HeartDisease,14,0.16028852672750982,0.8419774011299435,5,13,261.37766120792367
RG-SCSO,HeartDisease,15,0.15044445893089953,0.8519209039548024,5,13,259.44387291709427
RG-SCSO,HeartDisease,16,0.16304302477183816,0.8384180790960454,4,13,258.7053254999919
RG-SCSO,HeartDisease,17,0.15033259452412,0.8520338983050847,5,13,260.9483048749389
RG-SCSO,HeartDisease,18,0.15192698826597134,0.8519774011299435,7,13,256.30008445796557
RG-SCSO,HeartDisease,19,0.1513255541069099,0.8518079096045199,6,13,257.34873912506737
RG-SCSO,HeartDisease,20,0.15385632333767935,0.8484745762711864,5,13,259.804883374949
RG-SCSO,HeartDisease,23,0.16051225554106918,0.8417514124293785,5,13,258.50108945800457
RG-SCSO,HeartDisease,22,0.15072411994784868,0.8516384180790961,5,13,260.82071970799007
RG-SCSO,HeartDisease,21,0.15357666232073014,0.8487570621468926,5,13,263.577533707954
RG-SCSO,HeartDisease,24,0.15847105606258158,0.845367231638418,7,13,259.53093304205686
RG-SCSO,HeartDisease,25,0.13730039113428932,0.8651977401129944,5,13,258.322032499942
RG-SCSO,HeartDisease,26,0.15979895697522822,0.8416949152542372,4,13,230.62210349994712
RG-SCSO,HeartDisease,27,0.14802555410691015,0.855141242937853,6,13,228.16213879093993
RG-SCSO,HeartDisease,28,0.157212255541069,0.845084745762712,5,13,225.6096973340027
RG-SCSO,HeartDisease,29,0.1501654498044328,0.8553107344632769,9,13,222.13444199995138
RG-SCSO,IonosphereEW,0,0.08406280033140029,0.9174647887323942,8,34,459.86325404199306
RG-SCSO,IonosphereEW,3,0.08109946739259098,0.9201609657947685,7,34,463.5257800419349
RG-SCSO,IonosphereEW,2,0.08080534974553216,0.9201609657947685,6,34,465.7226097499952
RG-SCSO,IonosphereEW,1,0.08151310214226538,0.9200402414486921,8,34,469.54205474990886
RG-SCSO,IonosphereEW,4,0.08612853592141098,0.9144869215291749,5,34,463.5529049580218
RG-SCSO,IonosphereEW,5,0.08626329743164873,0.9146478873239436,6,34,470.3403275409946
RG-SCSO,IonosphereEW,7,0.09017341697242279,0.91158953722334,9,34,468.7371854579542
RG-SCSO,IonosphereEW,6,0.09343086755829083,0.9088933601609659,11,34,497.7891842079116
RG-SCSO,IonosphereEW,8,0.08035187596165225,0.9203219315895372,5,34,465.8874073328916
RG-SCSO,IonosphereEW,10,0.09081673570836775,0.911830985915493,12,34,462.7462572499644
RG-SCSO,IonosphereEW,11,0.08646249260267498,0.9144466800804828,6,34,460.68415233294945
RG-SCSO,IonosphereEW,9,0.07524312936442193,0.926076458752515,7,34,469.5476856250316
RG-SCSO,IonosphereEW,13,0.08172754172091366,0.9201207243460765,9,34,499.1027448750101
RG-SCSO,IonosphereEW,12,0.0726137531068767,0.928732394366197,7,34,518.4775602499722
RG-SCSO,IonosphereEW,14,0.06945122499704093,0.9316297786720323,6,34,505.3503537919605
RG-SCSO,IonosphereEW,15,0.0908014913007456,0.9115492957746479,11,34,487.8353536670329
RG-SCSO,IonosphereEW,16,0.08351440407148782,0.9174245472837022,6,34,511.934899416985
RG-SCSO,IonosphereEW,17,0.08937074209965687,0.9115090543259556,6,34,507.12487962504383
RG-SCSO,IonosphereEW,19,0.08404755592377793,0.9171830985915493,7,34,506.703234415967
RG-SCSO,IonosphereEW,18,0.07577628121671204,0.9258350100603622,8,34,528.8505411660299
RG-SCSO,IonosphereEW,20,0.08013743638300386,0.920241448692153,4,34,460.7283322500298
RG-SCSO,IonosphereEW,21,0.07544232453544794,0.9258752515090544,7,34,472.9089230840327
RG-SCSO,IonosphereEW,23,0.08730500650964605,0.9144869215291751,9,34,455.1032894590171
RG-SCSO,IonosphereEW,22,0.08117914546100141,0.9200804828973842,7,34,471.25797733291984
RG-SCSO,IonosphereEW,25,0.08866298970292341,0.9116297786720322,4,34,420.7847702919971
RG-SCSO,IonosphereEW,24,0.09276295419576275,0.9089738430583502,9,34,433.8321240419755
RG-SCSO,IonosphereEW,26,0.08376868268434126,0.9174647887323945,7,34,429.2446340000024
RG-SCSO,IonosphereEW,27,0.07577628121671193,0.9258350100603623,8,34,462.7885494590737
RG-SCSO,IonosphereEW,28,0.09225439697005554,0.9088933601609659,7,34,432.9333441249328
RG-SCSO,IonosphereEW,29,0.09052261806130893,0.911830985915493,11,34,434.5199979169993
RG-SCSO,KrVsKpEW,0,0.04114830231388324,0.9627650625978091,15,35,1987.1451409580186
RG-SCSO,KrVsKpEW,1,0.04264882419517111,0.9618265845070422,17,35,2036.1009895419702
RG-SCSO,KrVsKpEW,3,0.03802266096579483,0.966210876369327,16,35,2018.7540202080272
RG-SCSO,KrVsKpEW,4,0.042672484909456763,0.9615140845070422,16,35,2020.4346510419855
RG-SCSO,KrVsKpEW,2,0.04443215543259558,0.9608910406885759,20,35,2059.3341110829497
RG-SCSO,KrVsKpEW,5,0.04671898893360165,0.9571381064162754,15,35,1995.646608332987
RG-SCSO,KrVsKpEW,6,0.05184027288732385,0.9536966940532082,21,35,2050.4149612080073
RG-SCSO,KrVsKpEW,7,0.04042958375251496,0.9646454420970267,19,35,2046.814833167009
RG-SCSO,KrVsKpEW,8,0.03957389336016094,0.9646439749608764,16,35,1879.4042577500222
RG-SCSO,KrVsKpEW,9,0.041096139336016045,0.9633949530516432,17,35,1848.3996741669253
RG-SCSO,KrVsKpEW,10,0.0410995284205232,0.9633915297339593,17,35,1816.331245874986
RG-SCSO,KrVsKpEW,12,0.04078870095573442,0.9637054968701095,17,35,1826.0763320419937
RG-SCSO,KrVsKpEW,11,0.041671441146881455,0.9633910406885757,19,35,1860.4554528340232
RG-SCSO,KrVsKpEW,13,0.05026973717303829,0.9555716940532081,22,35,1842.1343920830404
RG-SCSO,KrVsKpEW,14,0.05839947811871231,0.9464940336463223,19,35,1805.5100354999304
RG-SCSO,KrVsKpEW,15,0.042956262575452625,0.961516040688576,17,35,1791.4950282500358
RG-SCSO,KrVsKpEW,16,0.03854967303822934,0.9668329420970266,20,35,1758.4805380830076
RG-SCSO,KrVsKpEW,17,0.053296862424547245,0.9533797926447575,25,35,1764.834762415965
RG-SCSO,KrVsKpEW,18,0.05189340417505031,0.9530658255086072,19,35,1760.0619252499891
RG-SCSO,KrVsKpEW,19,0.04443699698189135,0.9608861502347418,20,35,1770.400127416011
RG-SCSO,KrVsKpEW,21,0.03921768108651905,0.965580985915493,18,35,1770.5048775410978
RG-SCSO,KrVsKpEW,20,0.04110388581488929,0.9633871283255087,17,35,1781.877570208977
RG-SCSO,KrVsKpEW,22,0.046008501006036186,0.959010172143975,19,35,1763.6600750830257
RG-SCSO,KrVsKpEW,23,0.046723346327967846,0.9571337050078247,15,35,1781.2507178339874
RG-SCSO,Leukemia,0,0.016721966635996267,0.9857142857142858,921,3571,451.014437832986
RG-SCSO,Leukemia,1,0.01673316798015757,0.9857142857142858,925,3571,445.19814387499355
RG-SCSO,Leukemia,2,0.016772372684722116,0.9857142857142858,939,3571,442.95953374996316
RG-SCSO,Leukemia,3,0.015837916549985974,0.9866666666666667,942,3571,442.9227589999791
RG-SCSO,KrVsKpEW,24,0.052869818913481026,0.9515023474178402,17,35,1626.3196701250272
RG-SCSO,Leukemia,4,0.016724766972036596,0.9857142857142858,922,3571,432.8141732499935
RG-SCSO,KrVsKpEW,25,0.03771715920523141,0.9665194640062598,16,35,1701.3494651250076
RG-SCSO,Leukemia,5,0.015790310837300453,0.9866666666666667,925,3571,431.8770714580314
RG-SCSO,KrVsKpEW,26,0.05270274144869218,0.9536913145539906,24,35,1594.3530337499687
RG-SCSO,KrVsKpEW,27,0.042027169265593654,0.9624545187793426,17,35,1576.7947738750372
RG-SCSO,KrVsKpEW,29,0.043505967052313965,0.9618265845070422,20,35,1577.9990302500082
RG-SCSO,KrVsKpEW,28,0.04734306463782688,0.956507726917058,15,35,1641.28692129103
RG-SCSO,Leukemia,6,0.01586591991038922,0.9866666666666667,952,3571,430.2237655420322
RG-SCSO,Leukemia,7,0.01668836260351237,0.9857142857142858,909,3571,441.72708645800594
RG-SCSO,Leukemia,8,0.015815513861663376,0.9866666666666667,934,3571,443.20017641596496
RG-SCSO,Leukemia,9,0.015846317558106948,0.9866666666666667,945,3571,442.9676354590338
RG-SCSO,Leukemia,10,0.01577630915709883,0.9866666666666667,920,3571,449.1042735839728
RG-SCSO,Leukemia,11,0.016805976717206014,0.9857142857142858,951,3571,449.97081891598646
RG-SCSO,Leukemia,12,0.016649157898947824,0.9857142857142858,895,3571,452.7730536670424
RG-SCSO,Leukemia,13,0.015837916549985974,0.9866666666666667,942,3571,451.77271649998147
RG-SCSO,Leukemia,14,0.016828379405528615,0.9857142857142858,959,3571,455.7847927499097
RG-SCSO,Leukemia,15,0.016607152858342952,0.9857142857142858,880,3571,465.35549333295785
RG-SCSO,Leukemia,16,0.015826715205824675,0.9866666666666667,938,3571,465.2744261659682
RG-SCSO,Leukemia,17,0.016730367644117245,0.9857142857142858,924,3571,465.2965339999646
RG-SCSO,Leukemia,18,0.01661835420250425,0.9857142857142858,884,3571,467.05444654193707
RG-SCSO,Leukemia,19,0.016713565627875293,0.9857142857142858,918,3571,465.69503354199696
RG-SCSO,Leukemia,20,0.01669956394767367,0.9857142857142858,913,3571,468.1852261669701
RG-SCSO,Leukemia,21,0.016794775373044715,0.9857142857142858,947,3571,466.4280091250548
RG-SCSO,Leukemia,22,0.016800376045125364,0.9857142857142858,949,3571,473.2221198750194
RG-SCSO,Leukemia,23,0.01574270512461493,0.9866666666666667,908,3571,460.70049700001255
RG-SCSO,Leukemia,24,0.01674436932431887,0.9857142857142858,929,3571,459.2777998750098
RG-SCSO,Lymphography,0,0.11095478927203056,0.8924137931034484,8,18,129.67769920802675
RG-SCSO,Leukemia,25,0.016772372684722116,0.9857142857142858,939,3571,459.22703399998136
RG-SCSO,Leukemia,26,0.01674436932431887,0.9857142857142858,929,3571,462.72942941694055
RG-SCSO,Leukemia,27,0.01665195823498815,0.9857142857142858,896,3571,461.85437762504444
RG-SCSO,Leukemia,28,0.016828379405528615,0.9857142857142858,959,3571,465.9599257078953
RG-SCSO,Lymphography,1,0.1443095785440613,0.8581609195402299,7,18,167.94937441695947
RG-SCSO,Lymphography,2,0.13199310344827592,0.8717241379310344,9,18,173.40669974999037
RG-SCSO,Leukemia,29,0.01664075689082685,0.9857142857142858,892,3571,479.16099000000395
RG-SCSO,Lymphography,3,0.12738773946360146,0.8786206896551725,13,18,177.91462249995675
RG-SCSO,Lymphography,4,0.13421532567049813,0.8717241379310344,13,18,179.02509354089852
RG-SCSO,Lymphography,5,0.13912183908045966,0.8662068965517242,12,18,192.64948008290958
RG-SCSO,Lymphography,6,0.13728122605363982,0.8641379310344828,5,18,200.26605633401778
RG-SCSO,Lymphography,7,0.1444099616858237,0.8586206896551725,8,18,206.31874716700986
RG-SCSO,Lymphography,8,0.13970421455938697,0.8650574712643678,11,18,208.0008532499196
RG-SCSO,Lymphography,9,0.13244827586206898,0.871264367816092,9,18,209.5431466670707
RG-SCSO,Lymphography,11,0.15639846743295016,0.8448275862068966,5,18,206.10779045906384
RG-SCSO,Lymphography,10,0.1379103448275863,0.8657471264367815,9,18,206.72387137508485
RG-SCSO,Lymphography,12,0.1307816091954023,0.871264367816092,6,18,206.89541554206517
RG-SCSO,Lymphography,13,0.14385440613026815,0.8586206896551725,7,18,200.2818626249209
RG-SCSO,Lymphography,14,0.12503831417624534,0.8793103448275861,10,18,199.00244400009979
RG-SCSO,Lymphography,15,0.13735478927203051,0.8657471264367818,8,18,196.2435161669273
RG-SCSO,Lymphography,16,0.13780996168582377,0.8652873563218391,8,18,193.55379929195624
RG-SCSO,Lymphography,17,0.13692643678160918,0.8650574712643678,6,18,197.07554120803252
RG-SCSO,Lymphography,19,0.13647126436781612,0.8655172413793103,6,18,193.36047129204962
RG-SCSO,Lymphography,18,0.13075478927203069,0.8724137931034482,8,18,195.42756687500514
RG-SCSO,Lymphography,20,0.11800996168582387,0.885287356321839,8,18,196.3125568749383
RG-SCSO,Lymphography,21,0.11846513409961691,0.8848275862068965,8,18,198.35495679092128
RG-SCSO,Lymphography,22,0.1381379310344828,0.8655172413793103,9,18,202.84777800005395
RG-SCSO,Lymphography,23,0.13839233716475094,0.8641379310344828,7,18,201.48196000000462
RG-SCSO,Lymphography,24,0.11732720306513407,0.8859770114942529,8,18,199.60308112495113
RG-SCSO,Lymphography,25,0.13120996168582383,0.8719540229885057,8,18,201.4205194170354
RG-SCSO,Lymphography,26,0.13927586206896553,0.864367816091954,9,18,201.77303275000304
RG-SCSO,Lymphography,27,0.1312099616858236,0.8719540229885059,8,18,200.57603537500836
RG-SCSO,Lymphography,28,0.12506513409961695,0.8781609195402298,8,18,202.37120562500786
RG-SCSO,Lymphography,29,0.0996758620689655,0.904367816091954,9,18,201.40373516699765
RG-SCSO,M-of-n,0,0.004615384615384616,1.0,6,13,545.2868599999929
RG-SCSO,M-of-n,1,0.004615384615384616,1.0,6,13,543.8330647080438
RG-SCSO,M-of-n,2,0.004615384615384616,1.0,6,13,545.6434904170455
RG-SCSO,M-of-n,3,0.004615384615384616,1.0,6,13,549.8723571669543
RG-SCSO,M-of-n,4,0.004615384615384616,1.0,6,13,544.6044678330654
RG-SCSO,M-of-n,5,0.004615384615384616,1.0,6,13,546.2423242090736
RG-SCSO,M-of-n,6,0.004615384615384616,1.0,6,13,548.0384379579918
RG-SCSO,M-of-n,7,0.004615384615384616,1.0,6,13,536.3663348329719
RG-SCSO,M-of-n,8,0.004615384615384616,1.0,6,13,512.3823859159602
RG-SCSO,M-of-n,9,0.004615384615384616,1.0,6,13,516.5702413329855
RG-SCSO,M-of-n,10,0.004615384615384616,1.0,6,13,513.8826737079071
RG-SCSO,M-of-n,12,0.004615384615384616,1.0,6,13,513.3570444170618
RG-SCSO,M-of-n,11,0.004615384615384616,1.0,6,13,518.5181998340413
RG-SCSO,M-of-n,13,0.008575384615384509,0.9960000000000001,6,13,518.289615415968
RG-SCSO,M-of-n,14,0.004615384615384616,1.0,6,13,515.3983564579394
RG-SCSO,M-of-n,15,0.004615384615384616,1.0,6,13,513.7398334579775
RG-SCSO,M-of-n,16,0.004615384615384616,1.0,6,13,541.025899374974
RG-SCSO,M-of-n,17,0.004615384615384616,1.0,6,13,542.3119530420518
RG-SCSO,M-of-n,18,0.004615384615384616,1.0,6,13,541.3814274170436
RG-SCSO,M-of-n,19,0.004615384615384616,1.0,6,13,545.6246431249892
RG-SCSO,M-of-n,20,0.004615384615384616,1.0,6,13,542.612148041022
RG-SCSO,M-of-n,21,0.004615384615384616,1.0,6,13,542.2539740840439
RG-SCSO,M-of-n,22,0.004615384615384616,1.0,6,13,542.5349003750598
RG-SCSO,M-of-n,23,0.004615384615384616,1.0,6,13,541.9722192500485
RG-SCSO,Parkinsons,0,0.043797202797202874,0.9589743589743589,7,22,230.38090254203416
RG-SCSO,Parkinsons,1,0.030384615384615295,0.9743589743589745,11,22,232.7029862080235
RG-SCSO,M-of-n,24,0.004615384615384616,1.0,6,13,552.980976125109
RG-SCSO,Parkinsons,2,0.04425174825174833,0.9589743589743589,8,22,234.04274566692766
RG-SCSO,M-of-n,25,0.004615384615384616,1.0,6,13,556.2850630829344
RG-SCSO,Parkinsons,3,0.049328671328671386,0.9538461538461538,8,22,229.29034349997528
RG-SCSO,M-of-n,26,0.004615384615384616,1.0,6,13,546.1663390410831
RG-SCSO,M-of-n,28,0.004615384615384616,1.0,6,13,549.968146166997
RG-SCSO,M-of-n,27,0.004615384615384616,1.0,6,13,551.8849581250688
RG-SCSO,M-of-n,29,0.004615384615384616,1.0,6,13,553.1236997919623
RG-SCSO,Parkinsons,4,0.043797202797202874,0.9589743589743589,7,22,225.88509175006766
RG-SCSO,Parkinsons,5,0.033643356643356534,0.9692307692307693,7,22,224.81913125002757
RG-SCSO,Parkinsons,6,0.052587412587412626,0.9487179487179487,4,22,223.90850170806516
RG-SCSO,Parkinsons,7,0.039174825174825054,0.9641025641025642,8,22,225.84455337491818
RG-SCSO,Parkinsons,8,0.029475524475524602,0.9743589743589742,9,22,222.6672986659687
RG-SCSO,Parkinsons,9,0.024853146853146997,0.9794871794871793,10,22,221.43901104095858
RG-SCSO,Parkinsons,10,0.04841958041958047,0.9538461538461538,6,22,225.092894542031
RG-SCSO,Parkinsons,11,0.03917482517482527,0.964102564102564,8,22,222.33639562502503
RG-SCSO,Parkinsons,12,0.03917482517482527,0.964102564102564,8,22,224.7907846670132
RG-SCSO,Parkinsons,13,0.042888111888111966,0.9589743589743589,5,22,227.5556033749599
RG-SCSO,Parkinsons,14,0.038265734265734354,0.964102564102564,6,22,230.50009800004773
RG-SCSO,Parkinsons,15,0.034552447552447664,0.9692307692307691,9,22,228.64716983295511
RG-SCSO,Parkinsons,16,0.039629370629370504,0.9641025641025642,9,22,228.46856199996546
RG-SCSO,Parkinsons,17,0.030384615384615513,0.9743589743589742,11,22,235.8185920000542
RG-SCSO,Parkinsons,18,0.04561538461538469,0.9589743589743589,11,22,236.9694194580661
RG-SCSO,Parkinsons,19,0.029475524475524387,0.9743589743589745,9,22,236.60479775001295
RG-SCSO,Parkinsons,20,0.059482517482517504,0.9435897435897436,8,22,244.09856654098257
RG-SCSO,Parkinsons,21,0.03917482517482527,0.964102564102564,8,22,240.73300299991388
RG-SCSO,Parkinsons,22,0.033643356643356756,0.9692307692307691,7,22,236.4643886249978
RG-SCSO,Parkinsons,23,0.043797202797202874,0.9589743589743589,7,22,234.74097500008065
RG-SCSO,Parkinsons,24,0.043342657342657416,0.9589743589743589,6,22,233.85441779100802
RG-SCSO,Parkinsons,25,0.033643356643356534,0.9692307692307693,7,22,226.59082087501884
RG-SCSO,Parkinsons,26,0.033643356643356534,0.9692307692307693,7,22,224.45071566605475
RG-SCSO,Parkinsons,27,0.03735664335664323,0.9641025641025642,4,22,223.18274362501688
RG-SCSO,Parkinsons,28,0.03500699300699312,0.9692307692307691,10,22,179.55375500000082
RG-SCSO,Parkinsons,29,0.04425174825174811,0.9589743589743591,8,22,176.4809879999375
RG-SCSO,Sonar,0,0.11774099883855986,0.8844367015098722,20,60,348.9005516670877
RG-SCSO,Sonar,1,0.09326132404181188,0.9088269454123112,18,60,340.8052173339529
RG-SCSO,Sonar,2,0.11246341463414637,0.8894308943089431,18,60,345.17756887502037
RG-SCSO,Sonar,3,0.09270963995354245,0.9087108013937282,14,60,316.7149269579677
RG-SCSO,Sonar,4,0.11269337979094084,0.8891986062717769,18,60,314.32338983297814
RG-SCSO,Sonar,5,0.10874912891986067,0.8941927990708478,24,60,349.3887313749874
RG-SCSO,Sonar,6,0.1054947735191639,0.8984901277584203,30,60,326.2357602500124
RG-SCSO,Sonar,7,0.1258763066202091,0.8753774680603948,15,60,316.41073483403306
RG-SCSO,Sonar,10,0.10696747967479678,0.8943089430894309,14,60,275.11524329101667
RG-SCSO,Sonar,9,0.08344773519163771,0.9182346109175377,15,60,313.2771481659729
RG-SCSO,Sonar,8,0.10781242740998846,0.8939605110336817,17,60,325.8724444999825
RG-SCSO,Sonar,11,0.0982171893147504,0.9034843205574912,16,60,315.85702220804524
RG-SCSO,Sonar,12,0.11252671312427416,0.8891986062717769,17,60,322.6999665000476
RG-SCSO,Sonar,13,0.0978722415795587,0.9038327526132404,16,60,308.6916515829507
RG-SCSO,Sonar,14,0.08849535423925674,0.9134727061556329,17,60,326.38903666695114
RG-SCSO,Sonar,15,0.1027415795586527,0.8994192799070848,19,60,336.7762208749773
RG-SCSO,Sonar,16,0.08866202090592341,0.9134727061556329,18,60,324.7827098330017
RG-SCSO,Sonar,17,0.08939198606271788,0.9132404181184668,21,60,330.23060141701717
RG-SCSO,Sonar,18,0.08405110336817657,0.9184668989547038,20,60,331.6246430000756
RG-SCSO,Sonar,19,0.0978089430894309,0.9040650406504065,17,60,319.9833894169424
RG-SCSO,Sonar,20,0.0993722415795587,0.9038327526132404,25,60,329.4271037080325
RG-SCSO,Sonar,21,0.10769744483159123,0.8940766550522647,17,60,323.8815375419799
RG-SCSO,Sonar,23,0.1116416957026714,0.8890824622531939,11,60,290.5309942919994
RG-SCSO,Sonar,22,0.1133600464576075,0.8891986062717769,22,60,324.66536587500013
RG-SCSO,SpectEW,0,0.14533161806746714,0.8577917540181691,10,22,159.39075316593517
RG-SCSO,Sonar,27,0.11202671312427417,0.8891986062717769,14,60,266.12185687501915
RG-SCSO,SpectEW,1,0.13328416237850185,0.8690426275331937,8,22,161.234314332949
RG-SCSO,Sonar,24,0.09807897793263642,0.9042973286875726,20,60,317.17309525003657
RG-SCSO,Sonar,26,0.08343612078977934,0.9185830429732869,17,60,308.631923708017
RG-SCSO,Sonar,25,0.09449128919860635,0.9085946573751451,24,60,315.67650908394717
RG-SCSO,Sonar,28,0.10275319396051107,0.8990708478513356,17,60,308.0366464169929
RG-SCSO,Sonar,29,0.12190360046457613,0.8795586527293844,16,60,299.0237806249643
RG-SCSO,SpectEW,2,0.13782046883933674,0.8649196366177498,9,22,206.4073678329587
RG-SCSO,SpectEW,3,0.13460834762721535,0.8686233403214537,10,22,207.26807529106736
RG-SCSO,SpectEW,4,0.12301543739279586,0.879874213836478,9,22,211.98378070804756
RG-SCSO,SpectEW,5,0.13813664951400811,0.8650593990216631,10,22,211.07736550003756
RG-SCSO,SpectEW,6,0.1372275586049172,0.8650593990216631,8,22,217.56909662496764
RG-SCSO,SpectEW,7,0.13136649514008,0.872816212438854,12,22,216.9257907080464
RG-SCSO,SpectEW,8,0.13743510577472834,0.8648497554157932,8,22,218.96468187496066
RG-SCSO,SpectEW,9,0.14396798170383077,0.8577917540181691,7,22,219.7101237499155
RG-SCSO,SpectEW,10,0.13768210405946266,0.8650593990216631,9,22,219.1616305829957
RG-SCSO,SpectEW,11,0.1378896512292738,0.8648497554157932,9,22,217.79293041606434
RG-SCSO,SpectEW,12,0.14187249857061165,0.8612858141160029,10,22,218.62864083400927
RG-SCSO,SpectEW,13,0.14476843910806167,0.8574423480083858,8,22,216.02924479194917
RG-SCSO,SpectEW,14,0.1402618639222412,0.8610761705101329,6,22,218.1599728340516
RG-SCSO,SpectEW,15,0.13702001143510562,0.8652690426275333,8,22,218.79442749998998
RG-SCSO,SpectEW,16,0.1407558604917095,0.8614954577218729,8,22,217.35676774999592
RG-SCSO,SpectEW,17,0.1233316180674671,0.8800139762403913,10,22,220.27009416697547
RG-SCSO,SpectEW,18,0.13754373927958813,0.8651991614255767,9,22,262.4202148329932
RG-SCSO,SpectEW,19,0.14624070897655805,0.8577917540181691,12,22,268.01113599992823
RG-SCSO,SpectEW,21,0.1454008004574042,0.8577218728162125,10,22,271.1418395419605
RG-SCSO,SpectEW,20,0.140479130931961,0.8617749825296996,8,22,279.2425695830025
RG-SCSO,SpectEW,22,0.14417552887364213,0.857582110412299,7,22,283.8900936250575
RG-SCSO,SpectEW,23,0.13073413379073762,0.8725366876310272,10,22,286.1517805000767
RG-SCSO,SpectEW,24,0.13991595197255574,0.8614255765199161,6,22,287.3613892910071
RG-SCSO,SpectEW,25,0.14902801600914795,0.8535988819007688,9,22,290.26278687501326
RG-SCSO,SpectEW,26,0.13754373927958835,0.8651991614255765,9,22,271.07912300003227
RG-SCSO,SpectEW,27,0.1484351057747284,0.853738644304682,8,22,266.3127317079343
RG-SCSO,SpectEW,28,0.1407558604917095,0.8614954577218729,8,22,260.1932720000623
RG-SCSO,SpectEW,29,0.12599028016009148,0.876869322152341,9,22,261.18317629105877
RG-SCSO,TicTacToe,0,0.1772591259453171,0.8288067190226875,7,9,490.3898819159949
RG-SCSO,TicTacToe,1,0.16090265052356026,0.8475730802792321,9,9,493.66308458393905
RG-SCSO,TicTacToe,2,0.18239917830133812,0.8236147469458986,7,9,493.4864181249868
RG-SCSO,TicTacToe,3,0.15987679973821992,0.8486092931937173,9,9,499.58420599997044
RG-SCSO,TicTacToe,4,0.19170202515997675,0.8142179319371727,7,9,508.98209204210434
RG-SCSO,TicTacToe,5,0.16502225130890044,0.843411867364747,9,9,514.3557072079275
RG-SCSO,TicTacToe,6,0.18037447280395577,0.8256599040139616,7,9,503.55284937506076
RG-SCSO,TicTacToe,7,0.19274407358929602,0.8131653577661432,7,9,513.9031706249807
RG-SCSO,TicTacToe,8,0.2041202188772542,0.8016743019197208,7,9,532.4055014170008
RG-SCSO,TicTacToe,9,0.20313216259453162,0.8026723385689355,7,9,526.5730463749496
RG-SCSO,TicTacToe,10,0.1660535013089006,0.8423702006980802,9,9,538.2329474160215
RG-SCSO,TicTacToe,11,0.16089185209424073,0.8475839877835952,9,9,534.9999222920742
RG-SCSO,TicTacToe,12,0.2041634125945318,0.8016306719022687,7,9,513.0400704160566
RG-SCSO,TicTacToe,13,0.20408242437463653,0.8017124781849911,7,9,510.46254416694865
RG-SCSO,TicTacToe,14,0.19378072280395578,0.8121182373472949,7,9,512.0874792500399
RG-SCSO,TicTacToe,15,0.19481737201861543,0.8110711169284468,7,9,505.9093197080074
RG-SCSO,TicTacToe,16,0.16501685209424083,0.8434173211169285,9,9,485.796526042046
RG-SCSO,TicTacToe,17,0.18447787594531703,0.821515052356021,7,9,486.4869002500782
RG-SCSO,TicTacToe,18,0.18757162594531696,0.818390052356021,7,9,481.8822900420055
RG-SCSO,TicTacToe,19,0.19793811809191383,0.8079188481675393,7,9,481.358161375043
RG-SCSO,TicTacToe,20,0.18862447280395575,0.8173265706806283,7,9,485.2402724160347
RG-SCSO,TicTacToe,21,0.1927764688772542,0.8131326352530541,7,9,486.07180691696703
RG-SCSO,TicTacToe,22,0.16916884816753916,0.8392233856893544,9,9,484.7551627079956
RG-SCSO,TicTacToe,23,0.19382391652123326,0.8120746073298429,7,9,482.2776627499843
RG-SCSO,Vote,0,0.027334759481961124,0.9742830712303423,3,16,232.17515037499834
RG-SCSO,Vote,1,0.027609505087881583,0.9740055504162812,3,16,233.76833416707814
RG-SCSO,TicTacToe,24,0.18756082751599765,0.818400959860384,7,9,492.057798792026
RG-SCSO,TicTacToe,25,0.1526148560209423,0.8559445898778361,9,9,497.0844597920077
RG-SCSO,TicTacToe,26,0.16602650523560225,0.8423974694589876,9,9,497.2635532920249
RG-SCSO,TicTacToe,27,0.1948011743746365,0.8110874781849912,7,9,488.631959249964
RG-SCSO,Vote,2,0.027517923219241354,0.9740980573543017,3,16,233.00023491703905
RG-SCSO,Vote,3,0.027426341350601235,0.974190564292322,3,16,232.49537470797077
RG-SCSO,TicTacToe,28,0.1526094568062827,0.8559500436300175,9,9,493.909083000035
RG-SCSO,TicTacToe,29,0.16500065445026169,0.843433682373473,9,9,490.1864137080265
RG-SCSO,Vote,4,0.027243177613321005,0.9743755781683626,3,16,239.24988912499975
RG-SCSO,Vote,5,0.027609505087881583,0.9740055504162812,3,16,240.20523187506478
RG-SCSO,Vote,6,0.027517923219241354,0.9740980573543017,3,16,237.5632254590746
RG-SCSO,Vote,7,0.027426341350601458,0.9741905642923218,3,16,239.04770820890553
RG-SCSO,Vote,8,0.027426341350601235,0.974190564292322,3,16,246.63212387496606
RG-SCSO,Vote,9,0.027517923219241354,0.9740980573543017,3,16,249.32932245894335
RG-SCSO,Vote,10,0.027334759481961124,0.9742830712303423,3,16,249.37573091697413
RG-SCSO,Vote,11,0.027426341350601235,0.974190564292322,3,16,250.47969758394174
RG-SCSO,Vote,12,0.027243177613321005,0.9743755781683626,3,16,245.77306904201396
RG-SCSO,Vote,13,0.027426341350601235,0.974190564292322,3,16,247.94438750005793
RG-SCSO,Vote,14,0.027609505087881583,0.9740055504162812,3,16,246.86742104194127
RG-SCSO,Vote,15,0.027609505087881694,0.9740055504162811,3,16,253.7871855830308
RG-SCSO,Vote,16,0.023396739130434767,0.9782608695652174,3,16,240.5200630829204
RG-SCSO,Vote,17,0.028676341350601237,0.974190564292322,5,16,240.17178179207258
RG-SCSO,Vote,18,0.027517923219241354,0.9740980573543017,3,16,240.34028416697402
RG-SCSO,Vote,19,0.027517923219241354,0.9740980573543017,3,16,238.60809624998365
RG-SCSO,Vote,20,0.027334759481961124,0.9742830712303423,3,16,244.0627437910298
RG-SCSO,Vote,21,0.027426341350601235,0.974190564292322,3,16,242.22030233300757
RG-SCSO,Vote,22,0.027517923219241354,0.9740980573543017,3,16,243.72741141694132
RG-SCSO,Vote,23,0.027334759481961124,0.9742830712303423,3,16,240.52216195804067
RG-SCSO,Vote,24,0.027517923219241354,0.9740980573543017,3,16,240.56531887501478
RG-SCSO,Vote,25,0.027609505087881694,0.9740055504162811,3,16,241.88319912494626
RG-SCSO,Vote,26,0.027517923219241354,0.9740980573543017,3,16,241.60973695793655
RG-SCSO,Vote,27,0.027426341350601458,0.9741905642923218,3,16,240.6611048328923
RG-SCSO,Vote,28,0.027609505087881694,0.9740055504162811,3,16,232.8441768330522
RG-SCSO,Vote,29,0.027334759481961124,0.9742830712303423,3,16,233.68771674996242
RG-SCSO,WDBC,0,0.025206179164726058,0.9789163173420276,13,30,420.914048000006
RG-SCSO,WDBC,1,0.023120633442012123,0.9806862288464524,12,30,421.20835716696456
RG-SCSO,WDBC,2,0.02381804067691355,0.9806551777674274,14,30,422.9623692499008
RG-SCSO,WDBC,3,0.021368421052631523,0.9824561403508772,12,30,412.4822637909092
RG-SCSO,WDBC,4,0.026276354603322442,0.9771619313771154,11,30,414.2885582500603
RG-SCSO,WDBC,5,0.021399161620866504,0.982425089271852,12,30,414.376407291973
RG-SCSO,WDBC,6,0.025594317652538338,0.9771774569166279,9,30,408.28887891594786
RG-SCSO,WDBC,7,0.021414531904983613,0.9824095637323398,12,30,404.43153866694774
RG-SCSO,WDBC,8,0.026943021269989112,0.9771619313771154,13,30,471.6460156249814
RG-SCSO,WDBC,9,0.02378730010867879,0.9806862288464524,14,30,490.54986720799934
RG-SCSO,WDBC,10,0.027059307560937915,0.9753609687936654,8,30,548.4351467500674
RG-SCSO,WDBC,12,0.025927650985871895,0.9771774569166277,10,30,551.6837186251068
RG-SCSO,WDBC,11,0.02353951249805917,0.9789163173420278,8,30,564.2185788750648
RG-SCSO,WDBC,13,0.02206582828753317,0.982425089271852,14,30,564.3120145839639
RG-SCSO,WDBC,14,0.023508771929824628,0.9789473684210526,8,30,554.6133654169971
RG-SCSO,WDBC,15,0.026276354603322442,0.9771619313771154,11,30,570.4421408328926
RG-SCSO,WDBC,16,0.023857475547275284,0.9789318428815401,9,30,595.9571437919512
RG-SCSO,WDBC,17,0.026276354603322442,0.9771619313771154,11,30,596.7337145000929
RG-SCSO,WDBC,18,0.024175438596491294,0.9789473684210526,10,30,617.8451811670093
RG-SCSO,WDBC,19,0.025554882782176713,0.9789007918025151,14,30,606.209175374941
RG-SCSO,WDBC,20,0.023166744294364213,0.9806396522279149,12,30,637.0279852920212
RG-SCSO,WDBC,21,0.022802670392796116,0.98067070330694,11,30,634.9011485000374
RG-SCSO,WDBC,22,0.02523691973296082,0.9788852662630025,13,30,625.4325634998968
RG-SCSO,WDBC,23,0.023206179164725834,0.9789163173420278,7,30,625.7233057500562
RG-SCSO,WDBC,24,0.025570253066294152,0.9788852662630025,14,30,575.8715080830734
RG-SCSO,WDBC,25,0.024206179164725835,0.9789163173420278,10,30,547.8594382080482
RG-SCSO,WDBC,26,0.02419080888060862,0.9789318428815401,10,30,456.41105908399913
RG-SCSO,WDBC,27,0.02597376183822398,0.9771308802980903,10,30,460.1068308330141
RG-SCSO,WDBC,28,0.02238379133674896,0.9824406148113647,15,30,462.80988845799584
RG-SCSO,WDBC,29,0.022453966775345457,0.9806862288464524,10,30,467.65970804099925
RG-SCSO,WaveformEW,0,0.1884520000000001,0.8151999999999999,22,40,5232.89877220802
RG-SCSO,WaveformEW,2,0.19033800000000003,0.8138,24,40,5137.440985082998
RG-SCSO,WaveformEW,5,0.17433199999999996,0.8282,17,40,5160.525833250023
RG-SCSO,WaveformEW,6,0.1793859999999999,0.8236000000000001,19,40,5143.736491708085
RG-SCSO,WaveformEW,4,0.183096,0.8196,18,40,5203.272286792053
RG-SCSO,WaveformEW,1,0.17071600000000012,0.8315999999999999,16,40,5797.955350541975
RG-SCSO,WaveformEW,3,0.17264399999999996,0.8294,15,40,5652.0762517080875
RG-SCSO,WaveformEW,7,0.17705200000000007,0.8251999999999999,16,40,5778.3132271660725
RG-SCSO,WaveformEW,8,0.18314799999999992,0.8198000000000001,19,40,5087.812463333015
RG-SCSO,WaveformEW,10,0.1776040000000001,0.8253999999999999,19,40,5159.314063290949
RG-SCSO,WaveformEW,11,0.18811800000000004,0.8168,27,40,5144.281715916004
RG-SCSO,WaveformEW,9,0.1721960000000001,0.8295999999999999,14,40,5561.808753499994
RG-SCSO,WaveformEW,13,0.17146600000000012,0.8315999999999999,19,40,5158.269606666989
RG-SCSO,WaveformEW,14,0.18839000000000017,0.8139999999999998,17,40,5217.144209583988
RG-SCSO,WaveformEW,12,0.17329000000000006,0.829,16,40,5807.754251417005
RG-SCSO,WaveformEW,15,0.16690199999999994,0.8352,15,40,5651.472876457963
RG-SCSO,WaveformEW,16,0.1813040000000001,0.8203999999999999,14,40,6662.52987383306
RG-SCSO,WaveformEW,17,0.169476,0.8326,15,40,6690.842187457951
RG-SCSO,WaveformEW,20,0.18390800000000004,0.8208,26,40,6483.812854834017
RG-SCSO,WaveformEW,18,0.18288800000000013,0.8187999999999999,14,40,6777.352733667009
RG-SCSO,WaveformEW,21,0.18285600000000002,0.8206,21,40,6554.569994874997
RG-SCSO,WaveformEW,19,0.17798999999999993,0.8240000000000001,15,40,6749.874362165923
RG-SCSO,WaveformEW,22,0.18102200000000007,0.8221999999999999,20,40,6518.829823166947
RG-SCSO,Zoo,0,0.025424999999999906,0.9800000000000001,9,16,181.2545365410624
RG-SCSO,Zoo,1,0.022924999999999907,0.9800000000000001,5,16,176.56961483403575
RG-SCSO,WaveformEW,23,0.17161200000000007,0.8311999999999999,18,40,6484.659592040931
RG-SCSO,Zoo,2,0.022924999999999907,0.9800000000000001,5,16,180.78958212502766
RG-SCSO,Zoo,3,0.022453571428571403,0.9804761904761905,5,16,183.41749341692775
RG-SCSO,Zoo,4,0.022453571428571514,0.9804761904761904,5,16,180.67252162494697
RG-SCSO,Zoo,5,0.026049999999999907,0.9800000000000001,10,16,180.82171195803676
RG-SCSO,Zoo,6,0.022924999999999907,0.9800000000000001,5,16,179.06486466596834
RG-SCSO,Zoo,7,0.025578571428571402,0.9804761904761905,10,16,179.60475675005
RG-SCSO,Zoo,8,0.022924999999999907,0.9800000000000001,5,16,177.88216820906382
RG-SCSO,Zoo,9,0.023549999999999908,0.9800000000000001,6,16,176.32488454098348
RG-SCSO,Zoo,10,0.025424999999999906,0.9800000000000001,9,16,176.48739887494594
RG-SCSO,Zoo,11,0.022924999999999907,0.9800000000000001,5,16,179.00309420807753
RG-SCSO,Zoo,12,0.022924999999999907,0.9800000000000001,5,16,178.71317170804832
RG-SCSO,Zoo,13,0.026674999999999907,0.9800000000000001,11,16,176.2850290419301
RG-SCSO,Zoo,14,0.022924999999999907,0.9800000000000001,5,16,178.55977745901328
RG-SCSO,Zoo,15,0.022453571428571403,0.9804761904761905,5,16,179.10959595802706
RG-SCSO,Zoo,16,0.02417499999999991,0.9800000000000001,7,16,178.34989791701082
RG-SCSO,Zoo,17,0.022924999999999907,0.9800000000000001,5,16,177.68066929199267
RG-SCSO,Zoo,18,0.026049999999999907,0.9800000000000001,10,16,176.37207483290695
RG-SCSO,Zoo,19,0.0329785714285713,0.9704761904761906,6,16,177.3757495000027
RG-SCSO,Zoo,20,0.022453571428571403,0.9804761904761905,5,16,178.33288191701286
RG-SCSO,Zoo,21,0.022924999999999907,0.9800000000000001,5,16,179.65507749991957
RG-SCSO,Zoo,22,0.022924999999999907,0.9800000000000001,5,16,179.62886491697282
RG-SCSO,Zoo,23,0.026049999999999907,0.9800000000000001,10,16,178.98948704102077
RG-SCSO,Zoo,24,0.022924999999999907,0.9800000000000001,5,16,176.53958454204258
RG-SCSO,Zoo,25,0.025424999999999906,0.9800000000000001,9,16,178.44792958395556
RG-SCSO,Zoo,26,0.02479999999999991,0.9800000000000001,8,16,177.3364281670656
RG-SCSO,Zoo,27,0.022453571428571403,0.9804761904761905,5,16,178.54422533302568
RG-SCSO,Zoo,28,0.02417499999999991,0.9800000000000001,7,16,177.44462370791007
RG-SCSO,Zoo,29,0.01615000000000001,0.99,10,16,177.55774095805828
RIME,BreastEW,0,0.05082014216878967,0.9531558608844998,4,9,407.21977991599124
RIME,BreastEW,1,0.06994260770001436,0.9327179046801202,3,9,400.3763740839204
RIME,BreastEW,2,0.040692726969133244,0.963385573207385,4,9,416.5431946669705
RIME,BreastEW,3,0.04907262296646142,0.9560433662516102,5,9,416.45691041694954
RIME,BreastEW,4,0.07696226325079909,0.9267496779733791,4,9,408.4233983750455
RIME,BreastEW,5,0.05124171079624066,0.956097037355088,7,9,405.63675683399197
RG-SCSO,WaveformEW,24,0.1793859999999999,0.8236000000000001,19,40,5323.007098709
RIME,BreastEW,6,0.15480765469204708,0.8447509660798627,1,9,398.503922416945
RIME,BreastEW,7,0.034890451314345816,0.9692464577071703,4,9,416.66262558300514
RIME,BreastEW,8,0.06278009159868327,0.9399527694289395,3,9,430.57386529108044
RG-SCSO,WaveformEW,26,0.18042800000000003,0.8228,20,40,5305.593474625028
RG-SCSO,WaveformEW,25,0.18617000000000006,0.817,20,40,5357.043626791914
RIME,BreastEW,9,0.050809515290300984,0.9531665951051954,4,9,432.0466488749953
RIME,BreastEW,10,0.055543187347931816,0.9472627737226278,3,9,436.27934541599825
RG-SCSO,WaveformEW,29,0.18171000000000004,0.821,18,40,5381.748716541915
RIME,BreastEW,11,0.03560365679118356,0.9707707170459425,6,9,465.0847074170597
RIME,BreastEW,12,0.051586482038070834,0.9546264491197938,6,9,463.8641929170117
RIME,BreastEW,13,0.035614283669672245,0.9707599828252469,6,9,459.78713974996936
RG-SCSO,WaveformEW,27,0.18065800000000004,0.8208,13,40,5765.177131165983
RIME,BreastEW,14,0.05803579266256375,0.9458673250322027,4,9,472.4425296660047
RIME,BreastEW,15,0.04580546014026044,0.9604658651781881,6,9,462.64332320797257
RIME,BreastEW,16,0.06679234053718804,0.9370223271790469,4,9,432.4744992079213
RIME,BreastEW,17,0.0367997829302036,0.970684843280378,7,9,437.9326466670027
RIME,BreastEW,19,0.06391245646677163,0.9399313009875483,4,9,431.46043066703714
RIME,BreastEW,18,0.04032670197032582,0.9648776298840704,5,9,433.77417570899706
RG-SCSO,WaveformEW,28,0.16828800000000013,0.8337999999999999,15,40,5988.514296374982
RIME,BreastEW,20,0.05520904298459033,0.9487226277372264,4,9,426.9083900420228
RIME,BreastEW,21,0.0395922427365106,0.9633748389866896,3,9,413.0606378330849
RIME,BreastEW,22,0.07147287820237588,0.931172176899957,3,9,415.64404745795764
RIME,BreastEW,23,0.031331651638757764,0.9750858737655645,6,9,451.08748233295046
RIME,BreastEW,24,0.12248660607795422,0.8785208243881495,2,9,434.2059713329654
RIME,BreastEW,25,0.03383488383187827,0.973679690854444,7,9,436.45902637497056
RIME,BreastEW,26,0.05190999952292363,0.9531773293258908,5,9,436.67359920800664
RIME,BreastEW,27,0.058433698296837124,0.9443430656934305,3,9,429.18867499998305
RIME,BreastEW,28,0.06567060254758834,0.9370330613997424,3,9,425.81742216600105
RIME,BreastEW,29,0.04071398072611051,0.9633641047659939,4,9,418.7514221249148
RIME,ColonCancer,0,0.21462307692307694,0.7884615384615384,1040,2000,600.9168918330688
RIME,ColonCancer,1,0.26148961538461546,0.741025641025641,1021,2000,564.5157052910654
RIME,ColonCancer,2,0.2157623076923077,0.7871794871794872,1014,2000,549.9156674579717
RIME,ColonCancer,3,0.24483461538461532,0.7576923076923078,990,2000,546.4284481250215
RIME,ColonCancer,4,0.1980030769230769,0.8051282051282052,1016,2000,546.5443393329624
RIME,ColonCancer,5,0.2742019230769231,0.7282051282051282,1025,2000,547.1997839169344
RIME,ColonCancer,6,0.27666538461538465,0.7256410256410256,1010,2000,547.1626384169795
RIME,ColonCancer,7,0.18030384615384618,0.823076923076923,1030,2000,549.0015767910518
RIME,ColonCancer,8,0.1789646153846153,0.8243589743589744,1016,2000,503.90801504103
RIME,ColonCancer,9,0.257411923076923,0.7448717948717949,967,2000,494.6431081669871
RIME,ColonCancer,10,0.1978980769230769,0.8051282051282052,995,2000,495.95794262504205
RIME,ColonCancer,11,0.24368038461538452,0.758974358974359,1013,2000,494.7326900840271
RIME,ColonCancer,12,0.22830461538461536,0.7743589743589744,984,2000,495.7868875840213
RIME,ColonCancer,13,0.21061538461538454,0.7923076923076924,1000,2000,493.07912050001323
RIME,ColonCancer,14,0.2271853846153846,0.7756410256410257,1014,2000,493.594261249993
RIME,ColonCancer,15,0.22971384615384613,0.7730769230769231,1012,2000,492.30150591698475
RIME,ColonCancer,16,0.2270353846153845,0.7756410256410258,984,2000,504.2286820419831
RIME,ColonCancer,17,0.22453692307692305,0.7782051282051282,992,2000,503.78267049998976
RIME,ColonCancer,18,0.21331384615384608,0.7897435897435898,1032,2000,507.15442679205444
RIME,ColonCancer,19,0.26138461538461544,0.741025641025641,1000,2000,506.2563776250463
RIME,ColonCancer,20,0.2271403846153845,0.7756410256410258,1005,2000,506.89244349999353
RIME,ColonCancer,21,0.14979230769230772,0.8538461538461538,1020,2000,505.87711358303204
RIME,ColonCancer,22,0.2118446153846154,0.791025641025641,992,2000,507.44184458302334
RIME,ColonCancer,23,0.2601853846153845,0.7423076923076924,1014,2000,507.8853329169797
RIME,ColonCancer,24,0.22984384615384612,0.7730769230769231,1038,2000,485.5751940839691
RIME,Diabetes,0,0.3388718487394958,0.6640183346065699,5,8,308.0348628750071
RIME,Diabetes,1,0.32069327731092423,0.6836431542313897,6,8,309.48926495795604
RIME,ColonCancer,25,0.21048538461538455,0.7923076923076924,974,2000,487.75434874999337
RIME,ColonCancer,26,0.2129088461538461,0.7897435897435898,951,2000,488.27866437495686
RIME,ColonCancer,27,0.2296138461538461,0.7730769230769231,992,2000,494.11375758307986
RIME,ColonCancer,28,0.26403307692307687,0.7384615384615385,1022,2000,495.7793639590964
RIME,ColonCancer,29,0.19510461538461538,0.8076923076923077,944,2000,496.54546487506013
RIME,Diabetes,2,0.34531302521008406,0.6549868432221373,3,8,366.3058157500345
RIME,Diabetes,3,0.2717794117647059,0.7317884729649435,5,8,387.3284741670359
RIME,Diabetes,4,0.35958403361344543,0.6393090569561157,2,8,387.6479368750006
RIME,Diabetes,5,0.3659075630252101,0.6354469060351413,4,8,408.1676039159065
RIME,Diabetes,6,0.3478382352941177,0.6549613784907902,5,8,433.15695733297616
RIME,Diabetes,7,0.3595651260504201,0.6405907817672524,3,8,424.11274929204956
RIME,Diabetes,8,0.2925567226890757,0.7082760376878023,3,8,432.5881059579551
RIME,Diabetes,9,0.27959033613445383,0.721373397843986,3,8,432.88527233398054
RIME,Diabetes,10,0.3376302521008404,0.6640098463627875,4,8,434.1707199999364
RIME,Diabetes,11,0.3839516806722689,0.6159578983108395,3,8,435.9174949580338
RIME,Diabetes,12,0.27948739495798325,0.7227400050929462,4,8,436.8693027079571
RIME,Diabetes,13,0.2743865546218488,0.7278923690688396,4,8,438.8488085840363
RIME,Diabetes,14,0.31827941176470587,0.6822935234699941,3,8,427.2230250829598
RIME,Diabetes,15,0.3298298319327731,0.6731516849163908,5,8,441.1515044160187
RIME,Diabetes,16,0.3363361344537816,0.6653170359052711,4,8,438.8308694580337
RIME,Diabetes,17,0.3401365546218488,0.6602156013920719,3,8,428.68028474994935
RIME,Diabetes,18,0.3388655462184874,0.6627620745267804,4,8,439.7345525410492
RIME,Diabetes,19,0.28607773109243695,0.714820473644003,3,8,428.6188011659542
RIME,Diabetes,20,0.3865441176470588,0.6108140225787284,1,8,413.96018291590735
RIME,Diabetes,21,0.2795903361344537,0.7213733978439861,3,8,429.9507849169895
RIME,Diabetes,22,0.37371008403361344,0.6250403191579662,2,8,427.4611540000187
RIME,Diabetes,23,0.270468487394958,0.7331126389949919,5,8,425.69820791704115
RIME,Diabetes,24,0.3491008403361344,0.6524233935998642,4,8,429.4803040000843
RIME,Diabetes,25,0.33108823529411774,0.6731431966726084,6,8,432.9092415830819
RIME,Diabetes,26,0.3543025210084033,0.6471691706985825,4,8,422.4440962920198
RIME,Diabetes,27,0.3658991596638655,0.6354553942789237,4,8,422.06209116603713
RIME,Diabetes,28,0.35569117647058823,0.6445038621509209,3,8,413.0547695000423
RIME,Diabetes,29,0.34795378151260503,0.651056786350904,2,8,417.62107929203194
RIME,GermanCredit,0,0.27131,0.731,10,20,612.9865352499764
RIME,GermanCredit,1,0.3014899999999999,0.6990000000000001,7,20,603.8071987079456
RIME,GermanCredit,3,0.31139000000000006,0.689,7,20,598.9516755420482
RIME,GermanCredit,2,0.2871499999999999,0.7150000000000001,10,20,609.1649222499691
RIME,GermanCredit,4,0.25697000000000003,0.747,13,20,634.6298048748868
RIME,GermanCredit,5,0.32327999999999996,0.678,9,20,638.2813660830725
RIME,GermanCredit,6,0.30350000000000005,0.7,13,20,644.167526666075
RIME,GermanCredit,7,0.33019999999999994,0.67,7,20,627.5194134589983
RIME,GermanCredit,8,0.30446000000000006,0.696,7,20,610.095054000034
RIME,GermanCredit,9,0.29853,0.703,9,20,621.475738249952
RIME,GermanCredit,10,0.28466,0.716,7,20,614.7674671669956
RIME,GermanCredit,11,0.26836000000000004,0.736,14,20,640.7013043329353
RIME,GermanCredit,12,0.32871999999999996,0.672,8,20,604.6676999590127
RIME,GermanCredit,13,0.2856499999999999,0.7150000000000001,7,20,605.8458201249596
RIME,GermanCredit,14,0.32722999999999997,0.673,7,20,621.4654449999798
RIME,GermanCredit,15,0.2871499999999999,0.7150000000000001,10,20,619.890786416945
RIME,GermanCredit,16,0.29558000000000006,0.708,13,20,754.5301863329951
RIME,GermanCredit,17,0.3054799999999999,0.6980000000000001,13,20,767.4393825409934
RIME,GermanCredit,18,0.24854999999999988,0.7550000000000001,12,20,774.2915663750609
RIME,GermanCredit,19,0.27229999999999993,0.7300000000000001,10,20,753.7182037919993
RIME,GermanCredit,20,0.30448000000000003,0.698,11,20,799.2171147080371
RIME,GermanCredit,21,0.3475200000000001,0.6519999999999999,6,20,775.5404086670605
RIME,GermanCredit,22,0.29506999999999994,0.7070000000000001,10,20,792.2257496250095
RIME,GermanCredit,23,0.34010999999999986,0.6610000000000001,9,20,791.0352402079152
RIME,HeartDisease,0,0.17206258148631035,0.831638418079096,7,13,286.79948729102034
RIME,HeartDisease,1,0.2429142112125163,0.7577401129943503,4,13,280.7562990420265
RIME,GermanCredit,24,0.28022000000000014,0.7219999999999999,10,20,701.8338165420573
RIME,GermanCredit,25,0.27478,0.728,11,20,715.1418162499322
RIME,GermanCredit,26,0.31289000000000006,0.689,10,20,702.4738814160228
RIME,GermanCredit,27,0.2663700000000001,0.7369999999999999,12,20,701.4342035829322
RIME,HeartDisease,2,0.27718683181225556,0.7238983050847457,5,13,283.81479962496087
RIME,GermanCredit,28,0.25944,0.744,12,20,687.6520392500097
RIME,HeartDisease,3,0.20039256844850062,0.8045762711864407,9,13,288.46049287496135
RIME,GermanCredit,29,0.33166999999999996,0.667,4,20,667.3018890420208
RIME,HeartDisease,4,0.3236105606258149,0.6770056497175141,5,13,288.9407554999925
RIME,HeartDisease,5,0.2403834419817471,0.7610734463276836,5,13,295.49489845801145
RIME,HeartDisease,6,0.17388005215123858,0.8282485875706215,5,13,294.4872389170341
RIME,HeartDisease,7,0.22013663624511082,0.7846327683615819,9,13,295.9526414159918
RIME,HeartDisease,8,0.22075123859191664,0.7809039548022598,5,13,313.2692365839612
RIME,HeartDisease,9,0.2852693611473272,0.7172881355932204,7,13,314.37692329194397
RIME,HeartDisease,10,0.2387337679269884,0.7642937853107343,7,13,319.53344945795834
RIME,HeartDisease,11,0.17904028683181225,0.8253672316384181,8,13,320.08372862508986
RIME,HeartDisease,12,0.2104037809647979,0.7913559322033898,5,13,323.87101733405143
RIME,HeartDisease,13,0.21254367666232066,0.7915254237288136,8,13,327.0670030419715
RIME,HeartDisease,14,0.2571071707953065,0.7441807909604519,5,13,326.5568580420222
RIME,HeartDisease,15,0.19615554106910033,0.8080790960451978,8,13,327.62886458297726
RIME,HeartDisease,16,0.24192190352020862,0.7610734463276836,7,13,328.41536612506025
RIME,HeartDisease,17,0.2152422425032594,0.7880225988700565,7,13,330.5569090830395
RIME,HeartDisease,18,0.20028070404172088,0.8046892655367233,9,13,329.6368097909726
RIME,HeartDisease,19,0.2376855280312907,0.7676836158192091,10,13,335.38803770800587
RIME,HeartDisease,20,0.2320778357235983,0.7710169491525425,7,13,334.6031818749616
RIME,HeartDisease,21,0.23614706649282916,0.7676836158192091,8,13,336.9225243749097
RIME,HeartDisease,22,0.2815357235984355,0.7202824858757062,6,13,333.51149012497626
RIME,HeartDisease,23,0.2596385919165582,0.7439548022598869,8,13,340.28348183399066
RIME,HeartDisease,24,0.23444080834419817,0.7678531073446327,6,13,317.41872125002556
RIME,HeartDisease,25,0.2242749674054758,0.7773446327683616,5,13,309.33465341699775
RIME,HeartDisease,26,0.26931486310299885,0.7341807909604519,8,13,300.90084004192613
RIME,HeartDisease,27,0.19351290743155142,0.8115254237288136,9,13,296.6774523749482
RIME,HeartDisease,28,0.211886962190352,0.7945197740112995,11,13,284.3889567500446
RIME,HeartDisease,29,0.3164091264667536,0.683502824858757,4,13,247.49604600004386
RIME,IonosphereEW,1,0.14573606343946038,0.8575452716297786,16,34,449.2819505839143
RIME,IonosphereEW,0,0.1501149011717364,0.8546076458752514,21,34,520.189112541033
RIME,IonosphereEW,2,0.1364078352467748,0.866076458752515,13,34,384.9747480000369
RIME,IonosphereEW,3,0.13703590957509762,0.866036217303823,15,34,411.72033729194663
RIME,IonosphereEW,4,0.12825607764232452,0.8746076458752515,14,34,399.1152653329773
RIME,IonosphereEW,6,0.16141150432003787,0.840523138832998,12,34,411.85746116703376
RIME,IonosphereEW,5,0.17166192448810516,0.8319517102615693,18,34,439.12491449993104
RIME,IonosphereEW,7,0.14082651201325608,0.8630985915492957,18,34,453.98622666706797
RIME,IonosphereEW,10,0.16934882234583976,0.8319114688128773,10,34,335.01838841696735
RIME,IonosphereEW,8,0.1490333530595337,0.8548088531187122,18,34,435.88712420803495
RIME,IonosphereEW,12,0.16777639957391413,0.8346881287726358,14,34,375.3344706670614
RIME,IonosphereEW,9,0.16161903183808746,0.8435814889336015,23,34,481.79900800006
RIME,IonosphereEW,11,0.14408396259912423,0.8604024144869215,20,34,466.5559583749855
RIME,IonosphereEW,14,0.16366952302047585,0.8403219315895372,19,34,434.248408417101
RIME,IonosphereEW,13,0.17987120369274473,0.8260362173038229,26,34,507.9135827909922
RIME,IonosphereEW,15,0.1939167002012073,0.8091750503018108,17,34,438.8652994169388
RIME,IonosphereEW,16,0.1517271629778672,0.8517907444668008,17,34,416.5728250410175
RIME,IonosphereEW,17,0.1342870162149366,0.8688128772635816,15,34,427.12490429205354
RIME,IonosphereEW,18,0.12782719848502772,0.874446680080483,12,34,392.8134156250162
RIME,IonosphereEW,19,0.16046715587643512,0.8432595573440643,18,34,445.392173249973
RIME,IonosphereEW,21,0.14078667297905081,0.8631388329979879,18,34,437.93503616703674
RIME,IonosphereEW,20,0.1693817493194461,0.8348490945674044,20,34,466.1093002909329
RIME,IonosphereEW,23,0.19378193869096932,0.8090140845070423,16,34,418.04421420791186
RIME,IonosphereEW,22,0.16539438986862365,0.8403621730382292,25,34,493.78076658397913
RIME,IonosphereEW,24,0.1492477926381821,0.8548893360160965,19,34,460.7821116250707
RIME,IonosphereEW,25,0.13945084625399456,0.8632997987927565,14,34,435.60476404207293
RIME,IonosphereEW,26,0.1199051248668482,0.8833400402414486,15,34,438.07933004095685
RIME,IonosphereEW,27,0.14353556633921172,0.8603621730382294,18,34,511.2238912500907
RIME,IonosphereEW,29,0.11943640667534626,0.8832193158953722,13,34,486.9919932089979
RIME,IonosphereEW,28,0.14974110545626707,0.8546881287726358,20,34,539.7123004159657
RIME,KrVsKpEW,0,0.21051024270623744,0.792558196400626,18,35,1774.4791755840415
RIME,KrVsKpEW,1,0.14547129024144864,0.8582541079812207,18,35,1805.5415602920111
RIME,KrVsKpEW,2,0.2555286531690141,0.7459306533646323,14,35,1809.7812799169915
RIME,KrVsKpEW,3,0.29024201458752513,0.7105780516431925,13,35,1810.5211262920639
RIME,KrVsKpEW,4,0.21894645372233404,0.7831709702660407,15,35,1811.7867384580895
RIME,KrVsKpEW,5,0.18394544139839028,0.8185255281690141,15,35,1860.1627019159496
RIME,KrVsKpEW,6,0.1873336204728369,0.8153917253521128,16,35,1872.0246545830742
RIME,KrVsKpEW,7,0.06559818913480872,0.9383568075117372,16,35,1861.6891469160328
RIME,KrVsKpEW,8,0.15751712776659973,0.8463751956181532,19,35,1870.0263606669614
RIME,KrVsKpEW,9,0.30065214411468805,0.7015057707355243,18,35,1858.0398765420541
RIME,KrVsKpEW,10,0.2700418070925554,0.7318481025039123,16,35,1834.7668282500235
RIME,KrVsKpEW,11,0.19250028923541257,0.811327269170579,20,35,1877.4630164579721
RIME,KrVsKpEW,12,0.19595267228370225,0.8072628129890453,18,35,1862.414929541992
RIME,KrVsKpEW,13,0.16650110663983902,0.8373004694835681,19,35,1887.1259981669718
RIME,KrVsKpEW,14,0.36010449572434616,0.6417414906103286,19,35,1876.8825224160682
RIME,KrVsKpEW,15,0.07259744718309856,0.9327298513302035,21,35,1877.377778874943
RIME,KrVsKpEW,16,0.07231173289738427,0.9327298513302035,20,35,1864.8610722920857
RIME,KrVsKpEW,17,0.2486519051810866,0.7537426643192487,17,35,1857.0300888329512
RIME,KrVsKpEW,18,0.37873610412474845,0.6223444835680751,17,35,1854.86093075003
RIME,KrVsKpEW,20,0.3218123679577465,0.6789774061032864,14,35,1813.562010457972
RIME,KrVsKpEW,19,0.2647171969315895,0.7378036971830986,18,35,1852.5255233329954
RIME,KrVsKpEW,21,0.4277503080985915,0.5719693857589985,14,35,1820.9578273749212
RIME,KrVsKpEW,22,0.3629154363682092,0.6386135563380282,18,35,1817.6994326669956
RIME,KrVsKpEW,23,0.0686228936116699,0.9361673513302036,19,35,1840.746268708026
RIME,Leukemia,0,0.04648991478977476,0.9580952380952381,1787,3571,661.6120254169218
RIME,Leukemia,1,0.033281513781653914,0.9714285714285713,1784,3571,663.3281181670027
RIME,KrVsKpEW,24,0.2821388392857143,0.7193402777777778,15,35,1748.7911456250586
RIME,KrVsKpEW,25,0.19814776785714286,0.8047569444444445,17,35,1728.4611472920515
RIME,Leukemia,2,0.0332367084050085,0.9714285714285715,1768,3571,667.9924777500564
RIME,Leukemia,3,0.04551065327839342,0.959047619047619,1774,3571,669.6747850830434
RIME,KrVsKpEW,26,0.211129476861167,0.7919327073552426,18,35,1733.7672302080318
RIME,KrVsKpEW,27,0.0828628584004023,0.9217835485133021,19,35,1742.0870629170677
RIME,KrVsKpEW,28,0.3412823000503018,0.6598880086071988,16,35,1743.597512749955
RIME,KrVsKpEW,29,0.07531229250503021,0.9308533841940532,24,35,1699.5068507089745
RIME,Leukemia,4,0.07296272352682315,0.9314285714285715,1813,3571,609.988795000012
RIME,Leukemia,5,0.03224344521342554,0.9723809523809525,1750,3571,604.8745859590126
RIME,Leukemia,6,0.0457010761291355,0.959047619047619,1842,3571,604.3980308750179
RIME,Leukemia,7,0.019133055966715957,0.9857142857142858,1782,3571,592.597101500025
RIME,Leukemia,8,0.0323414569748369,0.9723809523809525,1785,3571,589.2063350409735
RIME,Leukemia,9,0.04535663479617555,0.959047619047619,1719,3571,581.7296315830899
RIME,Leukemia,10,0.03233865663879658,0.9723809523809525,1784,3571,582.8009524159133
RIME,Leukemia,11,0.033180701684202,0.9714285714285715,1748,3571,570.5792881250381
RIME,Leukemia,12,0.019219866383966024,0.9857142857142858,1813,3571,574.0379475000082
RIME,Leukemia,13,0.03230505260631268,0.9723809523809525,1772,3571,574.3456447079079
RIME,Leukemia,14,0.046470312437492375,0.9580952380952382,1780,3571,571.455816041911
RIME,Leukemia,15,0.07473362403488407,0.9295238095238096,1772,3571,580.3225108340848
RIME,Leukemia,16,0.03223784454134489,0.9723809523809525,1748,3571,581.1767691250425
RIME,Leukemia,17,0.03232185462255463,0.9723809523809525,1778,3571,580.5151454580482
RIME,Leukemia,18,0.04638630235628263,0.9580952380952382,1750,3571,582.770384165924
RIME,Leukemia,19,0.03234425731087723,0.9723809523809525,1786,3571,591.2586192500312
RIME,Leukemia,20,0.04650391646997627,0.9580952380952382,1792,3571,598.5381557920482
RIME,Leukemia,21,0.04745797495699491,0.9571428571428571,1796,3571,598.9558936250396
RIME,Leukemia,22,0.04635549865983905,0.9580952380952382,1739,3571,596.864864083007
RIME,Leukemia,23,0.03226864823778846,0.9723809523809525,1759,3571,590.2852035419783
RIME,Leukemia,24,0.018948233788054516,0.9857142857142858,1716,3571,587.6013857090147
RIME,Leukemia,25,0.05957230067608109,0.9447619047619048,1745,3571,586.6044034169754
RIME,Leukemia,26,0.03309109093091161,0.9714285714285715,1716,3571,586.2568397080759
RIME,Lymphography,0,0.29198620689655175,0.7101149425287356,9,18,146.08953912497964
RIME,Lymphography,1,0.3852229885057472,0.6142528735632183,6,18,154.96618350001518
RIME,Lymphography,2,0.1917478927203065,0.8108045977011494,8,18,155.86730562499724
RIME,Lymphography,3,0.2794689655172413,0.7227586206896552,9,18,158.90148187498562
RIME,Leukemia,27,0.01896783614033679,0.9857142857142858,1723,3571,568.6705463749822
RIME,Lymphography,4,0.3454957854406131,0.6549425287356321,7,18,160.65815416700207
RIME,Lymphography,5,0.20492107279693486,0.7986206896551724,10,18,160.50124529202003
RIME,Lymphography,6,0.21344214559386962,0.7905747126436783,11,18,164.74492737511173
RIME,Lymphography,7,0.1918482758620689,0.811264367816092,9,18,164.09093070798554
RIME,Lymphography,8,0.2724137931034483,0.7298850574712643,9,18,166.99154629104305
RIME,Lymphography,9,0.2506459770114942,0.7485057471264368,3,18,166.38658449996728
RIME,Lymphography,10,0.23213103448275862,0.7705747126436782,9,18,167.19254716706928
RIME,Lymphography,11,0.20494789272030647,0.7974712643678161,8,18,166.56495708308648
RIME,Leukemia,28,0.03321150538064557,0.9714285714285715,1759,3571,551.4508723750478
RIME,Leukemia,29,0.01903784454134491,0.9857142857142858,1748,3571,552.530431458028
RIME,Lymphography,12,0.22686973180076644,0.7770114942528734,11,18,170.096108167083
RIME,Lymphography,13,0.17975938697318017,0.8245977011494252,11,18,169.15112333302386
RIME,Lymphography,14,0.30485823754789276,0.696551724137931,8,18,173.19628908392042
RIME,Lymphography,15,0.4166298850574713,0.5825287356321839,6,18,175.66826854192186
RIME,Lymphography,16,0.24320919540229877,0.7577011494252874,6,18,175.22121624997817
RIME,Lymphography,17,0.24555862068965512,0.7570114942528736,9,18,176.6566877909936
RIME,Lymphography,18,0.18603141762452105,0.8177011494252874,10,18,176.73929762502667
RIME,Lymphography,19,0.21915862068965516,0.7836781609195402,9,18,178.83649841696024
RIME,Lymphography,20,0.19285900383141763,0.8108045977011494,10,18,179.5899898330681
RIME,Lymphography,21,0.2275793103448275,0.7751724137931035,9,18,177.52032241597772
RIME,Lymphography,22,0.20537624521072814,0.7981609195402297,10,18,180.1412100000307
RIME,Lymphography,23,0.24656934865900385,0.756551724137931,10,18,179.34603924991097
RIME,Lymphography,24,0.25284137931034495,0.749655172413793,9,18,178.88128895801492
RIME,Lymphography,25,0.17214865900383153,0.8317241379310344,10,18,177.86069916700944
RIME,Lymphography,26,0.3057417624521072,0.6967816091954023,10,18,179.28894495905843
RIME,Lymphography,27,0.26558620689655166,0.7367816091954024,9,18,177.7998414169997
RIME,Lymphography,28,0.37895095785440625,0.6211494252873562,7,18,178.3060853750212
RIME,Lymphography,29,0.19230344827586207,0.8108045977011494,9,18,177.56260262499563
RIME,M-of-n,0,0.21845538461538458,0.784,6,13,501.5244089589687
RIME,M-of-n,1,0.20954538461538466,0.7929999999999999,6,13,497.3069644999923
RIME,M-of-n,2,0.2100938461538461,0.794,8,13,499.120630874997
RIME,M-of-n,3,0.28577538461538465,0.716,6,13,497.43951637507416
RIME,M-of-n,4,0.2058061538461538,0.796,5,13,499.50803229107987
RIME,M-of-n,5,0.3480384615384615,0.65,2,13,492.8117732499959
RIME,M-of-n,6,0.1687346153846154,0.835,7,13,500.0726337500382
RIME,M-of-n,7,0.1756646153846153,0.8280000000000001,7,13,500.05081599997357
RIME,M-of-n,8,0.33307461538461536,0.669,7,13,507.14980695792474
RIME,M-of-n,9,0.21427461538461545,0.7889999999999999,7,13,507.4178243749775
RIME,M-of-n,10,0.2803838461538463,0.7229999999999999,8,13,506.50312637502793
RIME,M-of-n,11,0.20052153846153842,0.806,11,13,507.1645899999421
RIME,M-of-n,12,0.28819692307692313,0.712,4,13,503.8232054589316
RIME,M-of-n,13,0.21251538461538458,0.79,6,13,506.3461914580548
RIME,M-of-n,14,0.3549684615384615,0.643,2,13,503.2268708749907
RIME,M-of-n,15,0.22043538461538456,0.782,6,13,503.7892025830224
RIME,M-of-n,16,0.1677446153846153,0.8360000000000001,7,13,530.2294912500074
RIME,M-of-n,17,0.27510615384615383,0.726,5,13,530.1581670419546
RIME,M-of-n,18,0.20712384615384621,0.7969999999999999,8,13,532.9457960000727
RIME,M-of-n,19,0.20019384615384622,0.8039999999999999,8,13,530.5855384999886
RIME,M-of-n,20,0.4402153846153847,0.5599999999999999,6,13,531.9472465839935
RIME,M-of-n,21,0.28577538461538465,0.716,6,13,530.4845653339289
RIME,M-of-n,22,0.19755153846153853,0.8089999999999999,11,13,538.8987908338895
RIME,M-of-n,23,0.2481553846153846,0.754,6,13,533.5331114580622
RIME,Parkinsons,0,0.0756223776223777,0.9282051282051281,10,22,226.0494426250225
RIME,Parkinsons,1,0.15086713286713288,0.8512820512820513,8,22,224.2424164999975
RIME,M-of-n,24,0.335716923076923,0.664,4,13,550.6363891660003
RIME,M-of-n,26,0.24177384615384626,0.7619999999999999,8,13,557.6251866250532
RIME,Parkinsons,2,0.08069930069930065,0.9230769230769231,10,22,242.5868238330586
RIME,M-of-n,25,0.11615076923076922,0.892,12,13,566.3962461249903
RIME,Parkinsons,3,0.10146153846153845,0.9025641025641026,11,22,246.5160034999717
RIME,M-of-n,27,0.19865538461538468,0.8039999999999999,6,13,562.391381375026
RIME,M-of-n,28,0.29072538461538466,0.711,6,13,568.003479917068
RIME,M-of-n,29,0.3412153846153845,0.6600000000000001,6,13,566.0943416670198
RIME,Parkinsons,4,0.082062937062937,0.9230769230769231,13,22,249.12147112505045
RIME,Parkinsons,7,0.10146153846153845,0.9025641025641026,11,22,232.3535705000395
RIME,Parkinsons,6,0.10146153846153845,0.9025641025641026,11,22,236.5573187910486
RIME,Parkinsons,5,0.08759440559440552,0.917948717948718,14,22,249.59518162510358
RIME,Parkinsons,8,0.071,0.9333333333333333,11,22,239.5362474169815
RIME,Parkinsons,9,0.04144755244755254,0.964102564102564,13,22,240.4889110000804
RIME,Parkinsons,10,0.09547552447552447,0.9076923076923077,9,22,230.23442516697105
RIME,Parkinsons,11,0.09312587412587416,0.9128205128205128,15,22,249.60027362499386
RIME,Parkinsons,12,0.13237762237762227,0.8717948717948719,12,22,238.85146650008392
RIME,Parkinsons,13,0.06546853146853147,0.9384615384615385,10,22,238.1366300409427
RIME,Parkinsons,14,0.08577622377622382,0.9179487179487179,10,22,241.1812122919364
RIME,Parkinsons,15,0.12502797202797192,0.876923076923077,7,22,236.3000767909689
RIME,Parkinsons,16,0.1310139860139859,0.8717948717948719,9,22,237.77917437499855
RIME,Parkinsons,17,0.1056293706293706,0.8974358974358975,9,22,240.16488391603343
RIME,Parkinsons,18,0.10517482517482514,0.8974358974358975,8,22,238.48836862493772
RIME,Parkinsons,19,0.08160839160839155,0.9230769230769231,12,22,247.53178879106417
RIME,Parkinsons,20,0.15086713286713288,0.8512820512820513,8,22,254.08913350000512
RIME,Parkinsons,21,0.13010489510489498,0.8717948717948719,7,22,252.07479658303782
RIME,Parkinsons,25,0.10888811188811184,0.8923076923076924,5,22,244.06841850001365
RIME,Parkinsons,24,0.13146853146853157,0.8717948717948717,10,22,255.77090600004885
RIME,Parkinsons,22,0.0811538461538461,0.9230769230769231,11,22,267.06140654196497
RIME,Parkinsons,23,0.071,0.9333333333333333,11,22,266.92173441604245
RIME,Parkinsons,26,0.10699300699300696,0.8974358974358975,12,22,263.36804541700985
RIME,Parkinsons,27,0.09593006993006993,0.9076923076923077,10,22,223.23006258299574
RIME,Parkinsons,28,0.10699300699300696,0.8974358974358975,12,22,173.45909183297772
RIME,Parkinsons,29,0.08623076923076917,0.917948717948718,11,22,171.48187291703653
RIME,Sonar,0,0.20489140534262482,0.7982578397212544,31,60,349.5737984589068
RIME,Sonar,1,0.1946811846689895,0.807897793263647,27,60,347.55270254204515
RIME,Sonar,2,0.16756213704994197,0.8364692218350754,34,60,347.45420833304524
RIME,Sonar,3,0.1522526132404181,0.8507549361207898,27,60,345.8307072079042
RIME,Sonar,4,0.1858159117305459,0.8171893147502903,29,60,343.44851270795334
RIME,Sonar,5,0.17770905923344948,0.827061556329849,39,60,337.40440345800016
RIME,Sonar,6,0.14759001161440186,0.8556329849012776,28,60,319.2519159159856
RIME,Sonar,7,0.21903426248548213,0.78397212543554,31,60,316.73850141698495
RIME,Sonar,8,0.2094506387921022,0.7931475029036005,28,60,321.9832089589909
RIME,Sonar,9,0.23756968641114992,0.7645760743321718,27,60,321.93738012504764
RIME,Sonar,10,0.20437979094076666,0.7986062717770034,30,60,322.4379200419644
RIME,Sonar,11,0.15212601626016262,0.8512195121951219,29,60,321.78653650009073
RIME,Sonar,12,0.18664924506387923,0.8171893147502903,34,60,321.4548629579367
RIME,Sonar,13,0.1862526132404181,0.8174216027874565,33,60,328.0223872499773
RIME,Sonar,14,0.14347909407665502,0.8606271777003485,33,60,332.8935834170552
RIME,Sonar,15,0.19872880371660853,0.8031358885017422,23,60,335.7539106250042
RIME,Sonar,16,0.1657171893147503,0.8368176538908246,25,60,325.7338660840178
RIME,Sonar,17,0.20029210220673635,0.8029036004645761,31,60,325.4156107500894
RIME,Sonar,18,0.16734378629500588,0.8363530778164924,32,60,325.47019170806743
RIME,Sonar,19,0.18967363530778178,0.8131242740998837,28,60,325.8908676250139
RIME,Sonar,20,0.19541114982578398,0.8076655052264808,30,60,326.76154691702686
RIME,Sonar,21,0.23819628339140522,0.7641114982578399,28,60,319.79358099994715
RIME,Sonar,22,0.20518466898954707,0.7977932636469222,30,60,310.63641149993055
RIME,Sonar,23,0.22420847851335654,0.7787456445993032,31,60,309.64811066701077
RIME,SpectEW,0,0.20385020011435104,0.7977638015373865,8,22,157.70728679199237
RIME,SpectEW,1,0.21254716981132063,0.7903563941299792,11,22,162.11617641698103
RIME,Sonar,25,0.13348722415795594,0.870383275261324,31,60,341.54342187498696
RIME,Sonar,24,0.18635598141695697,0.8176538908246226,35,60,342.19260449998546
RIME,Sonar,26,0.20960569105691074,0.7934959349593494,31,60,343.8186927079223
RIME,Sonar,27,0.17110975609756102,0.8317073170731707,27,60,348.35841087496374
RIME,Sonar,28,0.17609407665505225,0.8271777003484321,30,60,355.2857490830356
RIME,Sonar,29,0.22358188153310113,0.7792102206736352,30,60,394.10142787499353
RIME,SpectEW,2,0.2276981132075472,0.7750524109014675,11,22,209.8297832920216
RIME,SpectEW,3,0.17239165237278448,0.8313766596785465,12,22,218.7834096660372
RIME,SpectEW,6,0.17424013722126924,0.8276729559748428,8,22,240.86364612495527
RIME,SpectEW,5,0.17368610634648377,0.8314465408805031,15,22,249.0582210420398
RIME,SpectEW,4,0.21345626072041166,0.790356394129979,13,22,249.42384433292318
RIME,SpectEW,7,0.2115688965122927,0.7904262753319358,9,22,253.7258476249408
RIME,SpectEW,8,0.20496683819325331,0.7975541579315164,10,22,249.6914913750952
RIME,SpectEW,9,0.2226678101772441,0.7787561146051712,8,22,257.02491529099643
RIME,SpectEW,10,0.209611778158948,0.793780573025856,12,22,265.6166881249519
RIME,SpectEW,11,0.18230474556889634,0.8199860237596088,9,22,260.8618991660187
RIME,SpectEW,14,0.22979359634076607,0.7715583508036339,8,22,249.28247849992476
RIME,SpectEW,13,0.19847341337907373,0.8050314465408805,12,22,254.87781745800748
RIME,SpectEW,12,0.20901886792452823,0.7939203354297695,11,22,264.62942141701933
RIME,SpectEW,16,0.2127249857061178,0.7906359189378057,12,22,248.15514829102904
RIME,SpectEW,15,0.23231332189822748,0.7717679944095039,14,22,262.2895023749443
RIME,SpectEW,17,0.19480674671240722,0.8087351502445841,12,22,257.9364961660467
RIME,SpectEW,18,0.1921189251000571,0.8091544374563243,7,22,247.77844062505756
RIME,SpectEW,19,0.20332647226986852,0.7978336827393431,7,22,246.67593729193322
RIME,SpectEW,21,0.14480789022298454,0.8578616352201258,9,22,243.64873820799403
RIME,SpectEW,22,0.2135557461406519,0.7865828092243186,5,22,244.01011195790488
RIME,SpectEW,20,0.21062950257289878,0.7941299790356394,15,22,262.09190654195845
RIME,SpectEW,24,0.17528759291023438,0.8275331935709295,10,22,248.0771448329324
RIME,SpectEW,23,0.2179233847913093,0.786303284416492,14,22,253.0955816670321
RIME,SpectEW,25,0.20817895940537445,0.7938504542278128,9,22,228.25294525001664
RIME,SpectEW,26,0.234329902801601,0.76743535988819,9,22,230.83871629205532
RIME,SpectEW,27,0.2564385363064608,0.7455625436757513,10,22,230.82180375000462
RIME,SpectEW,29,0.22630474556889651,0.7755415793151642,9,22,230.68486937507987
RIME,SpectEW,28,0.18475528873642078,0.8202655485674354,15,22,237.7450086659519
RIME,TicTacToe,0,0.2927787049156486,0.7087532722513089,4,9,459.04160729201976
RIME,TicTacToe,1,0.3104060136707388,0.6920702443280977,5,9,462.25908229197375
RIME,TicTacToe,2,0.3300213605293774,0.6722567626527052,5,9,466.077084791963
RIME,TicTacToe,3,0.2517401650668993,0.7546956806282723,8,9,468.9089688749518
RIME,TicTacToe,4,0.2700576825189062,0.7328261343804539,5,9,464.45934170798864
RIME,TicTacToe,5,0.23305461023851082,0.7724476439790575,7,9,468.28444758302066
RIME,TicTacToe,7,0.34530991855730075,0.6534467713787085,2,9,452.81993966700975
RIME,TicTacToe,6,0.3444696589586969,0.6576625218150087,5,9,464.6072168749524
RIME,TicTacToe,8,1.0,0.0,0,9,453.506343041081
RIME,TicTacToe,9,0.2629349912739965,0.7411431064572426,6,9,471.0133589579491
RIME,TicTacToe,10,0.26818190081442705,0.7369655322862129,7,9,472.8173566670157
RIME,TicTacToe,11,0.33713438045375227,0.66282722513089,3,9,470.2206511250697
RIME,TicTacToe,12,0.22793615474112855,0.7776178010471204,7,9,478.91839795804117
RIME,TicTacToe,13,0.2752787230948225,0.7275523560209425,5,9,476.8466784999473
RIME,TicTacToe,14,0.3094966913903431,0.6952334205933683,7,9,473.9669039999135
RIME,TicTacToe,15,0.3464318280977312,0.6534358638743456,3,9,467.7674960409058
RIME,TicTacToe,16,0.24743924520069804,0.7567953752181501,6,9,474.3640084170038
RIME,TicTacToe,17,0.31657844313554395,0.684713132635253,4,9,469.2903072920162
RIME,TicTacToe,18,0.23504804755671896,0.7693117364746946,6,9,471.1561442919774
RIME,TicTacToe,19,0.3278951970622455,0.6732820680628272,4,9,466.60043858294375
RIME,TicTacToe,20,0.325987020069808,0.6774541884816754,6,9,470.8530819590669
RIME,TicTacToe,21,0.34419880744618964,0.6534467713787085,1,9,456.971786292037
RIME,TicTacToe,22,0.21965375945317053,0.7859838568935427,7,9,474.02512779203244
RIME,TicTacToe,23,0.3021236183827808,0.70043630017452,5,9,472.28853462508414
RIME,Vote,0,0.0931339037927845,0.9097132284921369,6,16,208.95902362500783
RIME,Vote,1,0.09896299722479178,0.9050878815911194,8,16,209.47882683295757
RIME,TicTacToe,24,0.34847273123909256,0.6513743455497382,3,9,463.86636895907577
RIME,TicTacToe,25,0.3661799011052937,0.6357329842931938,5,9,465.19402458297554
RIME,TicTacToe,26,1.0,0.0,0,9,458.9296411660034
RIME,TicTacToe,27,0.34419880744618964,0.6534467713787085,1,9,457.6397687080316
RIME,TicTacToe,28,0.2083574752763233,0.7985165794066319,8,9,472.7729775420157
RIME,TicTacToe,29,0.24129493891797543,0.7630017452006982,6,9,471.8506788749946
RIME,Vote,2,0.16549965309898243,0.8359851988899167,5,16,208.16456908395048
RIME,Vote,3,0.10002983348751154,0.90527289546716,10,16,210.64554525003769
RIME,Vote,4,0.06346137835337645,0.9396854764107309,6,16,210.23330741701648
RIME,Vote,5,0.16763332562442185,0.8363552266419981,9,16,208.76514695899095
RIME,Vote,6,0.11743038852913973,0.8876965772432932,10,16,210.99547879199963
RIME,Vote,7,0.18270097132284935,0.819241443108233,6,16,208.31646454206202
RIME,Vote,8,0.1326811979648473,0.8703977798334875,7,16,210.48566674999893
RIME,Vote,9,0.10199641535615167,0.9051803885291397,13,16,210.80422420799732
RIME,Vote,10,0.05978203052728963,0.9440333024976872,7,16,210.5017598749837
RIME,Vote,11,0.1019257631822386,0.9008325624421832,6,16,210.88712329091504
RIME,Vote,12,0.09510048566142462,0.9096207215541166,9,16,211.2623115000315
RIME,Vote,13,0.15795779370952812,0.8448658649398706,7,16,207.56465212500188
RIME,Vote,14,0.13247710453284006,0.875023126734505,14,16,211.46986229193863
RIME,Vote,15,0.09151271970397769,0.9138760407030528,10,16,209.45782329095528
RIME,Vote,16,0.09537523126734508,0.9093432007400555,9,16,209.29265550000127
RIME,Vote,17,0.17267518501387605,0.8274745605920444,3,16,209.03843570803292
RIME,Vote,18,0.1412898936170213,0.8617021276595744,7,16,208.62595495802816
RIME,Vote,19,0.08991246530989816,0.9135985198889918,7,16,210.13980716606602
RIME,Vote,20,0.09510048566142462,0.9096207215541166,9,16,208.89577616599854
RIME,Vote,21,0.15006567992599448,0.8534690101757632,8,16,209.95466545794625
RIME,Vote,22,0.03110568917668828,0.9698427382053654,2,16,211.65873333392665
RIME,Vote,23,0.053694264569842706,0.9482886216466235,4,16,208.77845204202458
RIME,Vote,24,0.04508556891766873,0.9569842738205366,4,16,205.8984500420047
RIME,Vote,25,0.08139535152636451,0.9222016651248843,7,16,205.73206404200755
RIME,Vote,26,0.0671407261794635,0.9353376503237743,5,16,201.1764310420258
RIME,Vote,27,0.16054937557816845,0.84477335800185,11,16,202.7844667090103
RIME,Vote,28,0.10389234505087894,0.9007400555041627,9,16,198.10671916697174
RIME,Vote,29,0.09473415818686415,0.9099907493061978,9,16,188.99951687490102
RIME,WDBC,0,0.05095621797857472,0.9525694767893185,12,30,390.7107932079816
RIME,WDBC,1,0.04151979506287841,0.9631113181183046,15,30,394.48912562499754
RIME,WDBC,2,0.06943223102002796,0.9349169383636081,15,30,435.45221745898016
RIME,WDBC,5,0.04046498990839946,0.9648501785437043,17,30,408.9497345830314
RIME,WDBC,4,0.06379614966620097,0.9402732494954199,14,30,429.0584772910224
RIME,WDBC,7,0.04186849868032907,0.9630957925787922,16,30,400.69027162494604
RIME,WDBC,3,0.04117109144542775,0.9631268436578171,14,30,466.22874258400407
RIME,WDBC,6,0.052995652848936446,0.9508461419034312,13,30,464.9970159580698
RIME,WDBC,8,0.07010759198882172,0.9332246545567457,12,30,383.8694356250344
RIME,WDBC,10,0.07500015525539519,0.9279459711224964,11,30,375.76274400006514
RIME,WDBC,9,0.04991678310821309,0.9542928116752056,14,30,493.90965812501963
RIME,WDBC,14,0.04676106194690277,0.9578171091445427,15,30,407.3529767500004
RIME,WDBC,13,0.042232572581897165,0.9630647414997672,17,30,418.6562828749884
RIME,WDBC,12,0.04324126688402424,0.9613724576929048,15,30,434.8704284169944
RIME,WDBC,11,0.03869740723490142,0.9666356155876417,17,30,453.29656337492634
RIME,WDBC,15,0.04217109144542775,0.9631268436578171,17,30,431.86867591703776
RIME,WDBC,16,0.052344356466387326,0.9508306163639185,11,30,375.96685170801356
RIME,WDBC,18,0.046048284427884015,0.9578636857630801,13,30,377.725256292033
RIME,WDBC,17,0.050335662164260137,0.952522900170781,10,30,463.6640128750587
RIME,WDBC,19,0.05091678310821309,0.9542928116752056,17,30,406.0666367080994
RIME,WDBC,21,0.04432681260673818,0.95960254618848,13,30,394.0115976249799
RIME,WDBC,22,0.04318646172954508,0.9631113181183046,20,30,422.78881499997806
RIME,WDBC,20,0.043272007452259,0.9613414066138798,15,30,443.96528820798267
RIME,WDBC,23,0.039813693525849896,0.964834653004192,15,30,414.3179881250253
RIME,WDBC,24,0.0648970656730321,0.9384878124514827,12,30,350.08955220796634
RIME,WDBC,25,0.04083775811209442,0.9631268436578171,13,30,475.1018717919942
RIME,WDBC,27,0.041954044403043,0.9613258810743673,11,30,441.73115333297756
RIME,WDBC,29,0.0502501164415462,0.9542928116752059,15,30,480.7045252909884
RIME,WDBC,26,0.03803074056823464,0.9666356155876418,15,30,545.1751474998891
RIME,WDBC,28,0.04742772861356944,0.9578171091445427,17,30,524.602987500024
RIME,WaveformEW,0,0.24963400000000005,0.7534,22,40,2832.0811601249734
RIME,WaveformEW,1,0.40084400000000003,0.5993999999999999,17,40,3065.446453208104
RIME,WaveformEW,2,0.331596,0.6696,18,40,3036.8114857079927
RIME,WaveformEW,4,0.25503200000000004,0.7482,23,40,3007.4749399169814
RIME,WaveformEW,5,0.273696,0.7296,24,40,2955.5355673750164
RIME,WaveformEW,3,0.254282,0.7482,20,40,3151.407669667038
RIME,WaveformEW,7,0.409066,0.5916,19,40,3124.3859322499484
RIME,WaveformEW,6,0.291548,0.7098,17,40,3197.9039635419613
RIME,WaveformEW,8,0.33025199999999993,0.6702,15,40,3391.3361822080333
RIME,WaveformEW,9,0.25888800000000006,0.7437999999999999,21,40,3142.3302471250063
RIME,WaveformEW,11,0.22137199999999987,0.7822000000000001,23,40,2961.545537875034
RIME,WaveformEW,10,0.27901200000000004,0.7212,12,40,3308.8118835829664
RIME,WaveformEW,13,0.31730800000000003,0.6858,25,40,2975.9417405830463
RIME,WaveformEW,14,0.2535,0.75,24,40,2944.342079999973
RIME,WaveformEW,15,0.25754400000000005,0.7444,18,40,3016.971368792001
RIME,WaveformEW,12,0.35104199999999997,0.6492,15,40,3320.3804505419685
RIME,WaveformEW,17,0.21241999999999997,0.792,26,40,2871.9886853750795
RIME,WaveformEW,16,0.25725200000000015,0.7451999999999999,20,40,3029.352917458047
RIME,WaveformEW,20,0.22394599999999992,0.7796000000000001,23,40,2926.08534987492
RIME,WaveformEW,19,0.220174,0.7824,19,40,3071.1938661669847
RIME,WaveformEW,18,0.24764400000000003,0.7544,18,40,3216.2304343329743
RIME,WaveformEW,21,0.21474400000000002,0.7894,25,40,3039.3713567500236
RIME,WaveformEW,22,0.2761139999999999,0.7264,21,40,3070.997583374963
RIME,WaveformEW,23,0.29294400000000004,0.7093999999999999,21,40,3136.42580616707
RIME,Zoo,0,0.08450714285714274,0.9209523809523811,10,16,130.10672679101117
RIME,Zoo,1,0.10477857142857148,0.9004761904761904,10,16,127.64689445903059
RIME,Zoo,2,0.11123571428571426,0.8914285714285715,6,16,126.43428649997804
RIME,Zoo,3,0.13196785714285725,0.8723809523809523,9,16,127.4178405420389
RIME,Zoo,4,0.17203928571428578,0.8319047619047618,9,16,127.40618050005287
RIME,Zoo,5,0.10305714285714286,0.900952380952381,8,16,129.8044997919351
RIME,Zoo,6,0.14203214285714288,0.8609523809523809,7,16,129.2104351670714
RIME,Zoo,7,0.3372035714285715,0.6638095238095237,7,16,128.2304859580472
RIME,Zoo,8,0.20944642857142848,0.7928571428571429,7,16,127.69450704089832
RIME,Zoo,9,0.1627642857142857,0.8419047619047619,10,16,127.20858904207125
RIME,Zoo,10,0.08560357142857146,0.9204761904761904,11,16,127.35785095801111
RIME,Zoo,11,0.14093571428571428,0.8614285714285714,6,16,128.36398583289701
RIME,Zoo,12,0.12238571428571438,0.8814285714285713,8,16,126.61889445898123
RIME,Zoo,13,0.2012678571428571,0.8023809523809524,9,16,123.74104912497569
RIME,Zoo,14,0.11420714285714287,0.8909523809523809,10,16,123.7424816659186
RIME,Zoo,15,0.10493214285714286,0.900952380952381,11,16,126.38539616705384
RIME,Zoo,16,0.11076428571428565,0.891904761904762,6,16,125.08204466698226
RIME,Zoo,17,0.09190714285714285,0.910952380952381,6,16,125.68846095900517
RIME,Zoo,18,0.12410714285714278,0.880952380952381,10,16,125.57560483308043
RIME,Zoo,19,0.06565000000000017,0.9399999999999998,10,16,129.23542262497358
RIME,Zoo,20,0.1987678571428571,0.8023809523809524,5,16,129.1725550830597
RIME,Zoo,21,0.11342857142857138,0.8904761904761905,8,16,128.6138549579773
RIME,Zoo,22,0.16183214285714279,0.840952380952381,7,16,128.8468148750253
RIME,Zoo,23,0.15083571428571452,0.8514285714285712,6,16,127.7448760420084
RIME,Zoo,24,0.12051071428571426,0.8814285714285715,5,16,126.50393399992026
RIME,Zoo,25,0.11295714285714287,0.8909523809523809,8,16,125.29418587498367
RIME,Zoo,26,0.1310357142857144,0.8714285714285713,6,16,124.37472295807675
RIME,Zoo,27,0.11420714285714287,0.8909523809523809,10,16,127.70249654201325
RIME,Zoo,28,0.10305714285714286,0.900952380952381,8,16,127.41401458298787
RIME,Zoo,29,0.23191071428571414,0.7714285714285716,9,16,122.83891858300194
RIME,WaveformEW,26,0.29573600000000005,0.7085999999999999,29,40,2741.905249250005
RIME,WaveformEW,24,0.23804600000000006,0.7646,20,40,3043.228681583889
RIME,WaveformEW,25,0.288588,0.7138,21,40,2988.2685314579867
RIME,WaveformEW,27,0.2721960000000001,0.7295999999999999,18,40,2877.857948458055
RIME,WaveformEW,28,0.27204,0.729,15,40,2832.4919785000384
RIME,WaveformEW,29,0.25353200000000004,0.7482,17,40,2856.2149167910684
