algorithm,function_name,run_id,best_fitness,runtime_seconds
SCSO,CEC2017_F1,0,57929720903.58021,0.22362770800009457
SCSO,CEC2017_F1,1,51402325252.60477,0.2334761659999458
SCSO,CEC2017_F1,2,48978564513.70005,0.2553913750002721
SCSO,CEC2017_F1,3,53807377461.12586,0.20121533299970906
SCSO,CEC2017_F1,4,38008689773.8003,0.2371372079996945
SCSO,CEC2017_F1,5,53436911180.45521,0.18683058299984623
SCSO,CEC2017_F1,6,36004734977.16289,0.24293354100018405
SCSO,CEC2017_F1,7,47985221895.50253,0.26850737500035393
SCSO,CEC2017_F1,8,52506382117.56454,0.20690316700029143
SCSO,CEC2017_F1,9,35566780986.156105,0.20687566700007665
SCSO,CEC2017_F1,10,34110532386.710735,0.18962329199985106
SCSO,CEC2017_F1,11,49179445326.77477,0.24137400000017806
SCSO,CEC2017_F1,12,65306229034.36492,0.2259883329998047
SCSO,CEC2017_F1,13,42263600853.03309,0.23709004100010134
SCSO,CEC2017_F1,14,36006128698.0915,0.23559791699972266
SCSO,CEC2017_F1,15,34855603723.239426,0.24294641699998465
SCSO,CEC2017_F1,16,52860279809.955734,0.21793475000004037
SCSO,CEC2017_F1,17,53457038380.07527,0.22893100000010236
SCSO,CEC2017_F1,18,56338575489.2819,0.2334772500003055
SCSO,CEC2017_F1,19,48118095716.206436,0.20739324999976816
SCSO,CEC2017_F1,20,60064941054.937675,0.25763358300037
SCSO,CEC2017_F1,21,45146414169.54587,0.2519981249997727
SCSO,CEC2017_F1,22,50417997718.04737,0.22423637500014593
SCSO,CEC2017_F1,23,47469217856.503624,0.2028636249997362
SCSO,CEC2017_F1,24,48517163973.20102,0.23994241699983831
SCSO,CEC2017_F1,25,37974649150.45665,0.20056391600019197
SCSO,CEC2017_F1,26,59851013790.37759,0.24390879099973972
SCSO,CEC2017_F1,27,55838920994.08919,0.2264159579999614
SCSO,CEC2017_F1,28,60608362568.41279,0.2634241660002772
SCSO,CEC2017_F1,29,60870132140.95783,0.2077270419999877
SCSO,CEC2017_F2,0,71262.60247912115,0.290331167000204
SCSO,CEC2017_F2,1,73788.12191003395,0.28713987499986615
SCSO,CEC2017_F2,2,117608.9560186346,0.26246904199979326
SCSO,CEC2017_F2,3,79307.04553920057,0.3019775410002694
SCSO,CEC2017_F2,4,98337.51319258999,0.2939375419996395
SCSO,CEC2017_F2,5,83893.94229745328,0.2326426659997196
SCSO,CEC2017_F2,6,115041.12260421737,0.2913671249998515
SCSO,CEC2017_F2,7,71097.29588741573,0.33292154199989454
SCSO,CEC2017_F2,8,113749.35889097032,0.27017629199963267
SCSO,CEC2017_F2,9,92384.75873045009,0.2972474160001184
SCSO,CEC2017_F2,10,125607.40763752596,0.3122207920000619
SCSO,CEC2017_F2,11,93060.26217462326,0.28751129100010075
SCSO,CEC2017_F2,12,94159.83542907434,0.27857404200040037
SCSO,CEC2017_F2,13,89871.39582934117,0.2809105829996952
SCSO,CEC2017_F2,14,107612.16924863688,0.25916658400001324
SCSO,CEC2017_F2,15,112118.26870906059,0.29202933300030054
SCSO,CEC2017_F2,16,111291.5608673385,0.3019577919999392
SCSO,CEC2017_F2,17,95780.59882777467,0.2889026670000021
SCSO,CEC2017_F2,18,86272.54183874084,0.24000616600005742
SCSO,CEC2017_F2,19,104786.62776908171,0.27104970899972614
SCSO,CEC2017_F2,20,83682.97138291222,0.2534302919998481
SCSO,CEC2017_F2,21,91923.42760028828,0.2930724590000864
SCSO,CEC2017_F2,22,90227.70237356283,0.30654558299966084
SCSO,CEC2017_F2,23,108594.93770818804,0.25656258400022125
SCSO,CEC2017_F2,24,121720.8458043346,0.2661601670001801
SCSO,CEC2017_F2,25,109757.10065103442,0.26411012500011566
SCSO,CEC2017_F2,26,76439.06028832377,0.24305637499992372
SCSO,CEC2017_F2,27,99939.54125139565,0.24696091600026193
SCSO,CEC2017_F2,28,134504.12712197666,0.26330929200003084
SCSO,CEC2017_F2,29,100049.37900914774,0.2573903329998757
SCSO,CEC2017_F4,0,76412.32430956159,0.3015219999997498
SCSO,CEC2017_F4,1,79008.25260870895,0.3081778750001831
SCSO,CEC2017_F4,2,73350.16515510212,0.2982073749999472
SCSO,CEC2017_F4,3,68981.8765085789,0.28699425000013434
SCSO,CEC2017_F4,4,48296.67896444039,0.29745033399967724
SCSO,CEC2017_F4,5,42259.40239384404,0.3000704579999365
SCSO,CEC2017_F4,6,78080.3791280714,0.2946235419999539
SCSO,CEC2017_F4,7,73593.40375201807,0.2599764999999934
SCSO,CEC2017_F4,8,82104.42135636201,0.26361899999983507
SCSO,CEC2017_F4,9,77845.08921996474,0.30876841700001023
SCSO,CEC2017_F4,10,61023.21210804166,0.3129080420003447
SCSO,CEC2017_F4,11,100077.70830288272,0.26626237499976924
SCSO,CEC2017_F4,12,70556.93471909198,0.29298633299958965
SCSO,CEC2017_F4,13,77478.9790833797,0.2739320000000589
SCSO,CEC2017_F4,14,39266.51508007529,0.27786566600025253
SCSO,CEC2017_F4,15,52757.32120485035,0.22758483300003718
SCSO,CEC2017_F4,16,59885.471268353824,0.283971708000081
SCSO,CEC2017_F4,17,66741.51770605471,0.2680753750000804
SCSO,CEC2017_F4,18,49833.94490091363,0.272680125000079
SCSO,CEC2017_F4,19,80085.615334127,0.3139386249999916
SCSO,CEC2017_F4,20,59855.42159399659,0.28535262500008685
SCSO,CEC2017_F4,21,47749.69577881205,0.2712703749998582
SCSO,CEC2017_F4,22,67271.2725911099,0.35624174999975367
SCSO,CEC2017_F4,23,65903.08156458173,0.2757806250001522
SCSO,CEC2017_F4,24,54134.44699948355,0.2782985409999128
SCSO,CEC2017_F4,25,50190.38392732285,0.2860813750003217
SCSO,CEC2017_F4,26,77376.98512438325,0.26136545899998964
SCSO,CEC2017_F4,27,78384.74454713344,0.28004850000024817
SCSO,CEC2017_F4,28,81436.25690629514,0.25168787500024337
SCSO,CEC2017_F4,29,64087.01974338246,0.27262158300027295
SCSO,CEC2017_F3,0,15046.168115238479,0.3246131249998143
SCSO,CEC2017_F3,1,13725.2758310792,0.34896633299968016
SCSO,CEC2017_F3,2,13052.373632258652,0.30259379200015246
SCSO,CEC2017_F3,3,11829.5996823927,0.3283795409997765
SCSO,CEC2017_F3,4,7412.780460868791,0.31607737500007715
SCSO,CEC2017_F3,5,12651.48570991123,0.29826108299994303
SCSO,CEC2017_F3,6,11961.88051984386,0.3437677909996637
SCSO,CEC2017_F3,7,13901.883946487154,0.33672370800013596
SCSO,CEC2017_F3,8,14654.233988476857,0.35878529200044795
SCSO,CEC2017_F3,9,5852.097875222159,0.3544313749998764
SCSO,CEC2017_F3,10,8089.700484456735,0.34109987500005445
SCSO,CEC2017_F3,11,12824.552340963251,0.35948199999984354
SCSO,CEC2017_F3,12,11411.216313888404,0.3385887089998505
SCSO,CEC2017_F3,13,5497.679751359947,0.31623691699996925
SCSO,CEC2017_F3,14,9791.126833774795,0.3233178749997023
SCSO,CEC2017_F3,15,9719.284152436476,0.30841466699985176
SCSO,CEC2017_F3,16,17456.02697039619,0.31022870800006785
SCSO,CEC2017_F3,17,8850.10376758363,0.3266143330001796
SCSO,CEC2017_F3,18,10332.534655282956,0.3215273329997217
SCSO,CEC2017_F3,19,9545.414869362548,0.3679943749998529
SCSO,CEC2017_F3,20,7813.037672699392,0.33916150000004563
SCSO,CEC2017_F3,21,14383.616589528336,0.31535087500014924
SCSO,CEC2017_F3,22,13294.623071773187,0.3454055000001972
SCSO,CEC2017_F3,23,9226.653592796903,0.3106172919997334
SCSO,CEC2017_F3,24,10524.95986216,0.3204785409998294
SCSO,CEC2017_F3,25,16019.777641290579,0.3049327500002619
SCSO,CEC2017_F3,26,11242.494639009718,0.335056583000096
SCSO,CEC2017_F3,27,16329.984823539857,0.3145717090001199
SCSO,CEC2017_F3,28,13048.575162309113,0.3164804169996387
SCSO,CEC2017_F3,29,11657.529973592007,0.3111883330002456
SCSO,CEC2017_F6,0,3007457.841092729,0.4233534579998377
SCSO,CEC2017_F6,1,1559057.8473259117,0.42531770899995536
SCSO,CEC2017_F6,2,2166699.2897859025,0.42456062500014013
SCSO,CEC2017_F6,3,2429316.065424827,0.3903595420001693
SCSO,CEC2017_F6,4,3255348.9723494183,0.41117641599976196
SCSO,CEC2017_F6,5,2228871.3796567135,0.48322700000016994
SCSO,CEC2017_F6,6,2182209.08422404,0.4850633750002089
SCSO,CEC2017_F6,7,2375617.1269581504,0.39314941699967676
SCSO,CEC2017_F6,8,2436371.4433798813,0.4264617500002714
SCSO,CEC2017_F6,9,1832619.8491057951,0.406908458000089
SCSO,CEC2017_F6,10,2682603.7252234337,0.3789873749997241
SCSO,CEC2017_F6,11,2533183.1010823003,0.43622658300000694
SCSO,CEC2017_F6,12,2686680.067652029,0.4578480000000127
SCSO,CEC2017_F6,13,1873812.9020075928,0.42768500000011045
SCSO,CEC2017_F6,14,2118406.084526998,0.4674702080001225
SCSO,CEC2017_F6,15,2322423.937412874,0.41881816700015406
SCSO,CEC2017_F6,16,2466262.6229239157,0.42475795899963487
SCSO,CEC2017_F6,17,2620820.316896185,0.43170883299990237
SCSO,CEC2017_F6,18,2758227.2117226487,0.4408400829997845
SCSO,CEC2017_F6,19,2030176.257087599,0.4109785830000874
SCSO,CEC2017_F6,20,1992031.080132723,0.4637123329998758
SCSO,CEC2017_F6,21,2109909.112308748,0.4454706660003467
SCSO,CEC2017_F6,22,1945861.9361811318,0.489681207999638
SCSO,CEC2017_F6,23,2070111.7079454686,0.44593250000025364
SCSO,CEC2017_F6,24,2605696.5124930255,0.4030860420002682
SCSO,CEC2017_F6,25,1680272.6352005128,0.3756558340000993
SCSO,CEC2017_F6,26,2447663.510076793,0.4192251250001391
SCSO,CEC2017_F6,27,2335061.8535676724,0.4103648330001306
SCSO,CEC2017_F6,28,1836019.4373879784,0.39920391599980576
SCSO,CEC2017_F6,29,2375422.6832189597,0.4151047089999338
SCSO,CEC2017_F8,0,829.5480793491798,0.41699049999988347
SCSO,CEC2017_F8,1,837.6032172608427,0.4542798329998732
SCSO,CEC2017_F8,2,835.0678850730905,0.4684575000001132
SCSO,CEC2017_F8,3,830.4073425929245,0.4749265000000378
SCSO,CEC2017_F8,4,838.3422711347014,0.47072537500025646
SCSO,CEC2017_F8,5,831.5271281893141,0.4426883750002162
SCSO,CEC2017_F8,6,832.4473910478674,0.4753974170002948
SCSO,CEC2017_F8,7,842.5642020344313,0.47823425000024145
SCSO,CEC2017_F8,8,837.1774911067357,0.44580120899991016
SCSO,CEC2017_F8,9,837.056954893297,0.46620783300022595
SCSO,CEC2017_F8,10,830.9844583461023,0.40527779100011685
SCSO,CEC2017_F8,11,837.9696139632056,0.4633694160002051
SCSO,CEC2017_F8,12,821.9240285169769,0.4296026250003706
SCSO,CEC2017_F8,13,835.6311541203424,0.4922472920002292
SCSO,CEC2017_F8,14,825.6354270893557,0.4303310000000238
SCSO,CEC2017_F8,15,828.6494335647388,0.4357879160002085
SCSO,CEC2017_F8,16,836.9719006244794,0.468030749999798
SCSO,CEC2017_F8,17,829.1866882968785,0.4251927909999722
SCSO,CEC2017_F8,18,837.2970533353848,0.38715270900001997
SCSO,CEC2017_F8,19,831.1761279713753,0.4731309590001729
SCSO,CEC2017_F8,20,812.9619454089591,0.44810341699985656
SCSO,CEC2017_F8,21,824.6137995201765,0.4151767500002279
SCSO,CEC2017_F8,22,827.9157920147024,0.4354571250000845
SCSO,CEC2017_F8,23,847.9615869436914,0.44990691700013485
SCSO,CEC2017_F8,24,835.4811877300245,0.41506087500010835
SCSO,CEC2017_F8,25,831.9656435017531,0.41686420800033375
SCSO,CEC2017_F8,26,817.8341196149113,0.39060004100019796
SCSO,CEC2017_F8,27,821.6398714467068,0.450505708000037
SCSO,CEC2017_F8,28,842.2521252687891,0.4409144159999414
SCSO,CEC2017_F8,29,826.8410214893412,0.513592083000276
SCSO,CEC2017_F7,0,1258.8691661399232,0.8285977089999506
SCSO,CEC2017_F7,1,1316.2682045767606,0.810151415999826
SCSO,CEC2017_F7,2,1417.6138753708096,0.7807543330000044
SCSO,CEC2017_F7,3,1485.2153546114819,0.8532569580002018
SCSO,CEC2017_F7,4,1331.7156212671039,0.7548924580000858
SCSO,CEC2017_F7,5,1363.4286552303408,0.7514497500001198
SCSO,CEC2017_F7,6,1432.254397795935,0.7990504169997621
SCSO,CEC2017_F7,7,1482.6391911838725,0.9562196250003581
SCSO,CEC2017_F7,8,1413.47283608828,0.788452709000012
SCSO,CEC2017_F7,9,1321.6559929890873,0.7720658749999529
SCSO,CEC2017_F7,10,1296.3086126772823,0.7997609160001957
SCSO,CEC2017_F7,11,1364.2312823277975,0.7635247920002257
SCSO,CEC2017_F7,12,1368.8291121926313,0.7247983749998639
SCSO,CEC2017_F7,13,1361.2904630874168,0.7594414580003104
SCSO,CEC2017_F7,14,1523.8134878304566,0.7336028330000772
SCSO,CEC2017_F7,15,1441.367228895565,0.7466056250000292
SCSO,CEC2017_F7,16,1361.3435880681398,0.7576408750001065
SCSO,CEC2017_F7,17,1527.4498775112534,0.7453963749999275
SCSO,CEC2017_F7,18,1421.3897768391955,0.7385089999997945
SCSO,CEC2017_F7,19,1482.5362620737562,0.7200146659997699
SCSO,CEC2017_F7,20,1372.1143004489516,0.7141113330003463
SCSO,CEC2017_F7,21,1381.4894809230377,0.7722441659998367
SCSO,CEC2017_F7,22,1416.5526494169762,0.7516559589998906
SCSO,CEC2017_F7,23,1377.416331625879,0.6846176670001114
SCSO,CEC2017_F7,24,1405.311481965774,0.7523312499997701
SCSO,CEC2017_F7,25,1496.7487123813116,0.7387140840000939
SCSO,CEC2017_F7,26,1481.5073629114265,0.8911562920002325
SCSO,CEC2017_F7,27,1400.9209268042896,0.8073289999997542
SCSO,CEC2017_F7,28,1193.186435604572,0.7196936249997634
SCSO,CEC2017_F7,29,1347.0868960618118,0.7229712920002385
SCSO,CEC2017_F10,0,1878913960.4969566,0.5047379160000673
SCSO,CEC2017_F10,1,873595164.5809647,0.5317780410000523
SCSO,CEC2017_F10,2,463640665.6724084,0.4730313750001187
SCSO,CEC2017_F10,3,820034497.2810545,0.532671584000127
SCSO,CEC2017_F10,4,4025372253.307627,0.4995285829995737
SCSO,CEC2017_F10,5,1122603562.4546597,0.5278715419999571
SCSO,CEC2017_F10,6,3388470638.477783,0.5158449579998887
SCSO,CEC2017_F10,7,322324528.487452,0.5149147500001163
SCSO,CEC2017_F10,8,328461650.7181343,0.5298638750000464
SCSO,CEC2017_F10,9,1297714798.413578,0.5493632910001907
SCSO,CEC2017_F10,10,119320758.43937367,0.5402215829999477
SCSO,CEC2017_F10,11,617879652.539082,0.5148921659997541
SCSO,CEC2017_F10,12,454049007.29751164,0.5174194589999388
SCSO,CEC2017_F10,13,189704232.20071137,0.5059650420002981
SCSO,CEC2017_F10,14,621365884.193948,0.4895222919999469
SCSO,CEC2017_F10,15,1138532784.9993706,0.5340467500000159
SCSO,CEC2017_F10,16,1366074949.6925116,0.49671237499978815
SCSO,CEC2017_F10,17,347414189.09763926,0.466818332999992
SCSO,CEC2017_F10,18,1026421782.911469,0.5193250829997851
SCSO,CEC2017_F10,19,394391107.5296559,0.5351967080000577
SCSO,CEC2017_F10,20,3013433515.0825124,0.500017041999854
SCSO,CEC2017_F10,21,665651681.6222148,0.4924772079998547
SCSO,CEC2017_F10,22,2562090709.46496,0.5013024170002609
SCSO,CEC2017_F10,23,1044401048.89105,0.5010425830000713
SCSO,CEC2017_F10,24,4606983538.309664,0.5120264580000367
SCSO,CEC2017_F10,25,987363560.1846069,0.47058954199974323
SCSO,CEC2017_F10,26,2167331704.136086,0.543824916000176
SCSO,CEC2017_F10,27,303604903.9416226,0.484251458000017
SCSO,CEC2017_F10,28,321230281.2661578,0.522997750000286
SCSO,CEC2017_F10,29,325356968.7666704,0.5305087079996156
SCSO,CEC2017_F12,0,9921505236.986687,0.582626375000018
SCSO,CEC2017_F12,1,4893667183.621876,0.5967075419998764
SCSO,CEC2017_F12,2,10714850198.626245,0.5951576249999562
SCSO,CEC2017_F12,3,12813534921.900183,0.5725342499999897
SCSO,CEC2017_F12,4,11771790238.177853,0.570951457999854
SCSO,CEC2017_F12,5,10706551999.71772,0.5239572909999879
SCSO,CEC2017_F12,6,2090342042.638875,0.5433866250000392
SCSO,CEC2017_F12,7,17704334149.93395,0.6087137920003443
SCSO,CEC2017_F12,8,8068503510.337931,0.5891426250000222
SCSO,CEC2017_F12,9,12375154310.882906,0.5986299579999468
SCSO,CEC2017_F12,10,8031427636.346344,0.5965928750001694
SCSO,CEC2017_F12,11,3361411254.604913,0.5518422920004014
SCSO,CEC2017_F12,12,7280473426.518812,0.5632821250001143
SCSO,CEC2017_F12,13,9278744090.047245,0.593464082999617
SCSO,CEC2017_F12,14,15828754756.73164,0.5916189590002432
SCSO,CEC2017_F12,15,4022713659.0116177,0.5485556250000627
SCSO,CEC2017_F12,16,15044152597.388771,0.5739527499999895
SCSO,CEC2017_F12,17,12804430463.525034,0.5499421670001539
SCSO,CEC2017_F12,18,5478162160.961111,0.5977407919999678
SCSO,CEC2017_F12,19,12695932186.996727,0.6056103340001755
SCSO,CEC2017_F12,20,16760080038.64948,0.5884297090001382
SCSO,CEC2017_F12,21,7035094231.905392,0.6018899999999121
SCSO,CEC2017_F12,22,1627221025.584867,0.6109021249999387
SCSO,CEC2017_F12,23,5837658593.059609,0.5404757500000414
SCSO,CEC2017_F12,24,3691331584.063658,0.5830908749999253
SCSO,CEC2017_F12,25,2436605804.8613725,0.5311797499998647
SCSO,CEC2017_F12,26,9832039971.865677,0.5812345829999686
SCSO,CEC2017_F12,27,10080295603.632597,0.5662017919999016
SCSO,CEC2017_F12,28,9356637256.414066,0.5986079160002191
SCSO,CEC2017_F12,29,5408101929.836163,0.5819142499999543
SCSO,CEC2017_F5,0,500.0370752083732,0.8404769590001706
SCSO,CEC2017_F5,1,500.05218103009526,0.8908870420000312
SCSO,CEC2017_F5,2,500.02641348654424,0.9650519589999931
SCSO,CEC2017_F5,3,500.0425253035939,0.8530919590002668
SCSO,CEC2017_F5,4,500.0377796901147,0.9304342079999515
SCSO,CEC2017_F5,5,500.0278155448306,0.9278220000001056
SCSO,CEC2017_F5,6,500.03451182258726,0.9137182079998638
SCSO,CEC2017_F5,7,500.03643912455806,0.9484030829999028
SCSO,CEC2017_F5,8,500.02691931489363,0.8523190829996565
SCSO,CEC2017_F5,9,500.04805990756944,0.9744801250003547
SCSO,CEC2017_F5,10,500.0193965498184,0.8882579159999295
SCSO,CEC2017_F5,11,500.06096146422965,0.8714358329998504
SCSO,CEC2017_F5,12,500.0309168811798,0.8995807090000199
SCSO,CEC2017_F5,13,500.03022775445874,0.8889175839999552
SCSO,CEC2017_F5,14,500.01987029404023,0.953963541000121
SCSO,CEC2017_F5,15,500.0084708348947,0.8906213749996823
SCSO,CEC2017_F5,16,500.03006676535426,0.8996895420000328
SCSO,CEC2017_F5,17,500.0276316711844,0.8769188749997738
SCSO,CEC2017_F5,18,500.0381827720543,0.908532416000071
SCSO,CEC2017_F5,19,500.0319097842964,0.8768972920001943
SCSO,CEC2017_F5,20,500.02337405514027,0.923140708000119
SCSO,CEC2017_F5,21,500.03797283418567,0.9633438339997156
SCSO,CEC2017_F5,22,500.0169866599077,0.9214268330001687
SCSO,CEC2017_F5,23,500.0169193337928,0.9248040830002537
SCSO,CEC2017_F5,24,500.03337497718775,0.952909584000281
SCSO,CEC2017_F5,25,500.03826896008354,0.887544292000257
SCSO,CEC2017_F5,26,500.0430285731972,0.9559747080002126
SCSO,CEC2017_F5,27,500.0340537078737,0.8613883329999226
SCSO,CEC2017_F5,28,500.04556599851406,0.8974130000001423
SCSO,CEC2017_F5,29,500.042273236306,0.9009314579998318
SCSO,CEC2017_F9,0,8921.707804471442,0.7447110829998564
SCSO,CEC2017_F9,1,8334.613896520783,0.7616263340000842
SCSO,CEC2017_F9,2,9224.300618760477,0.6999955830001454
SCSO,CEC2017_F9,3,9004.993346651441,0.6116641250000612
SCSO,CEC2017_F9,4,6989.464371210234,0.7019801250003184
SCSO,CEC2017_F9,5,8491.360483903574,0.6914417079997293
SCSO,CEC2017_F9,6,8871.902384329795,0.758605790999809
SCSO,CEC2017_F9,7,8757.361231104827,0.6944062500001564
SCSO,CEC2017_F9,8,9164.848690387833,0.7112102090000008
SCSO,CEC2017_F9,9,8429.106320599545,0.7138350000000173
SCSO,CEC2017_F9,10,8618.782700709911,0.6841593750000357
SCSO,CEC2017_F9,11,8442.420067908814,0.7167685839999649
SCSO,CEC2017_F9,12,7902.264409608376,0.7146046249999927
SCSO,CEC2017_F9,13,8810.953043438283,0.7168804580001051
SCSO,CEC2017_F9,14,8669.799398327981,0.685081000000082
SCSO,CEC2017_F9,15,8560.851096528902,0.7138001660000555
SCSO,CEC2017_F9,16,8219.681608341218,0.7326105839997581
SCSO,CEC2017_F9,17,8449.668814961267,0.7917265000000953
SCSO,CEC2017_F9,18,9146.430624377539,0.7336271669996677
SCSO,CEC2017_F9,19,7745.113415883634,0.7519106670001747
SCSO,CEC2017_F9,20,8274.050839542326,0.7074812500000007
SCSO,CEC2017_F9,21,7630.181477206012,0.6980049160001727
SCSO,CEC2017_F9,22,8245.34637701952,0.6853858340000443
SCSO,CEC2017_F9,23,8553.7209064089,0.7637828330002776
SCSO,CEC2017_F9,24,7956.8531212310045,0.693458209000255
SCSO,CEC2017_F9,25,8074.943644420259,0.7392064170003323
SCSO,CEC2017_F9,26,8094.22119726671,0.7119523750002372
SCSO,CEC2017_F9,27,8038.953319150684,0.7398825420000321
SCSO,CEC2017_F9,28,9182.765271744865,0.7505211250004322
SCSO,CEC2017_F9,29,8004.518550575964,0.6981835000001411
SCSO,CEC2017_F14,0,7345505650.384007,0.5668009999999413
SCSO,CEC2017_F14,1,680756724.7461756,0.5758158749999893
SCSO,CEC2017_F14,2,932296827.4516006,0.5438230830000066
SCSO,CEC2017_F14,3,1424210317.3225684,0.4884597919999578
SCSO,CEC2017_F14,4,1093281167.56454,0.5965624999998909
SCSO,CEC2017_F14,5,2903161709.0686064,0.5944835830000557
SCSO,CEC2017_F14,6,1782628318.6106086,0.5985868749999099
SCSO,CEC2017_F14,7,3502673643.5435014,0.6110017920000246
SCSO,CEC2017_F14,8,9815572931.489521,0.6026872499996898
SCSO,CEC2017_F14,9,848213019.4392626,0.5494203329999436
SCSO,CEC2017_F14,10,6273053290.085767,0.5335207090001859
SCSO,CEC2017_F14,11,4093616453.1109786,0.5813709589997416
SCSO,CEC2017_F14,12,3762707363.287348,0.4896019579996391
SCSO,CEC2017_F14,13,4452231817.029755,0.5316379999999299
SCSO,CEC2017_F14,14,3224750529.5004044,0.6316409170003681
SCSO,CEC2017_F14,15,2480011304.2554674,0.5812982500001453
SCSO,CEC2017_F14,16,4136317962.374176,0.595178333000149
SCSO,CEC2017_F14,17,379353595.7879474,0.5897293749999335
SCSO,CEC2017_F14,18,2181127865.1997514,0.6321972499999902
SCSO,CEC2017_F14,19,2017248338.9783702,0.5631521670002257
SCSO,CEC2017_F14,20,5289290048.84074,0.6104985420001867
SCSO,CEC2017_F14,21,3567605317.8192124,0.57977345900008
SCSO,CEC2017_F14,22,2139266516.9617693,0.5980117499998414
SCSO,CEC2017_F14,23,2100068013.7891703,0.5886366250001629
SCSO,CEC2017_F14,24,2733782536.4490366,0.6186127500000111
SCSO,CEC2017_F14,25,5554104427.9489,0.5719579579999845
SCSO,CEC2017_F14,26,3831705399.7563343,0.5998712919999889
SCSO,CEC2017_F14,27,1935611087.9532638,0.5764657090003311
SCSO,CEC2017_F14,28,624093834.1626357,0.5826162910002495
SCSO,CEC2017_F14,29,3292926503.964285,0.5400723749999088
SCSO,CEC2017_F13,0,7683473.556150882,0.7435915420001038
SCSO,CEC2017_F13,1,2183602.5500945137,0.7142402919998858
SCSO,CEC2017_F13,2,9585834.893803962,0.7225080840003102
SCSO,CEC2017_F13,3,6455223.0018814895,0.716397582999889
SCSO,CEC2017_F13,4,3029303.202418449,0.6303105000001779
SCSO,CEC2017_F13,5,3086202.1694308007,0.66923720900013
SCSO,CEC2017_F13,6,6834318.467865283,0.7274111250003443
SCSO,CEC2017_F13,7,11347051.717243947,0.729541041000175
SCSO,CEC2017_F13,8,837660.3394109537,0.6924769160000324
SCSO,CEC2017_F13,9,7490254.214341497,0.7041792499999247
SCSO,CEC2017_F13,10,12384656.771639815,0.6812055830000645
SCSO,CEC2017_F13,11,5629296.959576322,0.7291015420000804
SCSO,CEC2017_F13,12,6178436.923961226,0.7102061659998071
SCSO,CEC2017_F13,13,14202073.763764348,0.6548265000001265
SCSO,CEC2017_F13,14,8395879.829993593,0.7006658330001301
SCSO,CEC2017_F13,15,6945819.606492261,0.5993631669998649
SCSO,CEC2017_F13,16,10242881.322586698,0.7120844589999251
SCSO,CEC2017_F13,17,3757633.082016872,0.6852291250002054
SCSO,CEC2017_F13,18,5282877.55171012,0.6943995420001556
SCSO,CEC2017_F13,19,11820592.302570174,0.7153084169999602
SCSO,CEC2017_F13,20,3382669.2400293434,0.7286684579999019
SCSO,CEC2017_F13,21,4561109.03812254,0.7385902920000262
SCSO,CEC2017_F13,22,1588380.695267485,0.7231645840001875
SCSO,CEC2017_F13,23,7855062.514634937,0.6933704169996417
SCSO,CEC2017_F13,24,11804538.282527348,0.7570002919997023
SCSO,CEC2017_F13,25,3583331.3703731103,0.6802421669999603
SCSO,CEC2017_F13,26,11396770.667922597,0.6727520829999776
SCSO,CEC2017_F13,27,2986430.3626546506,0.7326578339998377
SCSO,CEC2017_F13,28,12166946.531399013,0.725773124999705
SCSO,CEC2017_F13,29,19438682.828059502,0.7057148330000018
SCSO,CEC2017_F11,0,13625704096.913559,0.9374669170001653
SCSO,CEC2017_F11,1,4567058820.057898,0.9018256670001392
SCSO,CEC2017_F11,2,2694124507.330188,0.9088157920000413
SCSO,CEC2017_F11,3,8325384874.521666,0.8757595420001962
SCSO,CEC2017_F11,4,10061823688.191698,0.8217972079996798
SCSO,CEC2017_F11,5,9642228361.779871,0.8923285409996424
SCSO,CEC2017_F11,6,13954811418.009872,0.8465365830002156
SCSO,CEC2017_F11,7,5508324728.705742,0.8795007500002612
SCSO,CEC2017_F11,8,1807880775.7768054,0.8848367909999979
SCSO,CEC2017_F11,9,4812643456.461742,1.0031048749997353
SCSO,CEC2017_F11,10,4417247257.684168,0.8067300839998097
SCSO,CEC2017_F11,11,10553105948.956541,0.8571541669998624
SCSO,CEC2017_F11,12,11053718206.71939,0.8658514999997351
SCSO,CEC2017_F11,13,4339868498.411576,0.8362969589998102
SCSO,CEC2017_F11,14,12044756489.235601,0.8111940829999185
SCSO,CEC2017_F11,15,3923408322.5154834,0.816878541999813
SCSO,CEC2017_F11,16,6310730211.416325,0.837934249999762
SCSO,CEC2017_F11,17,6135330259.54668,0.8955531659998996
SCSO,CEC2017_F11,18,12395524119.814207,0.8481008329999895
SCSO,CEC2017_F11,19,7654620418.232892,0.821776041999783
SCSO,CEC2017_F11,20,13269120947.96702,0.7759587909999937
SCSO,CEC2017_F11,21,2099783105.7469306,0.8176513339999474
SCSO,CEC2017_F11,22,7077096227.990252,0.8606917090000934
SCSO,CEC2017_F11,23,9526221264.43088,0.8663263329999609
SCSO,CEC2017_F11,24,2474938106.428416,0.9163290829997095
SCSO,CEC2017_F11,25,7518873729.949453,0.8530369579998478
SCSO,CEC2017_F11,26,7665404219.144413,0.8284751660003167
SCSO,CEC2017_F11,27,4620022229.490261,0.8461620419998326
SCSO,CEC2017_F11,28,6869647353.471411,0.8397460420001153
SCSO,CEC2017_F11,29,5335280594.182177,0.8330212920000122
SCSO,CEC2017_F17,0,69082462.16274172,0.7757631660001607
SCSO,CEC2017_F17,1,17252113.498213895,0.7405052500002967
SCSO,CEC2017_F17,2,4196202.447380193,0.6748756669999239
SCSO,CEC2017_F17,3,53523048.25452212,0.7067479580000509
SCSO,CEC2017_F17,4,3391859.5625423617,0.7060131660000479
SCSO,CEC2017_F17,5,1932183.422973488,0.7512747079999826
SCSO,CEC2017_F17,6,372280.85861152364,0.7244246249997559
SCSO,CEC2017_F17,7,24713946.095071822,0.7633533339999303
SCSO,CEC2017_F17,8,41791062.35183447,0.7378996669999651
SCSO,CEC2017_F17,9,12603217.840298409,0.7040964999996504
SCSO,CEC2017_F17,10,1674340.1319724086,0.7297457499998927
SCSO,CEC2017_F17,11,1267289.1349379856,0.7318238340003518
SCSO,CEC2017_F17,12,36723791.00002244,0.7101627920001192
SCSO,CEC2017_F17,13,4229670.6551381815,0.7492279170000984
SCSO,CEC2017_F17,14,917627.1449054321,0.7743828749999011
SCSO,CEC2017_F17,15,18398884.29159687,0.7292192909999358
SCSO,CEC2017_F17,16,3130565.6667663488,0.8578255420002279
SCSO,CEC2017_F17,17,36560958.227378964,0.7707915000000867
SCSO,CEC2017_F17,18,2947249.6411526212,0.7338038339999002
SCSO,CEC2017_F17,19,782299.593106443,0.7472459169998729
SCSO,CEC2017_F17,20,14880514.269552346,0.7078484999997272
SCSO,CEC2017_F17,21,2041650.1653263674,0.7283174589997543
SCSO,CEC2017_F17,22,23236389.186091144,0.6788904580002963
SCSO,CEC2017_F17,23,19875059.499398276,0.6967187499999454
SCSO,CEC2017_F17,24,192864317.58834577,0.7880101670002659
SCSO,CEC2017_F17,25,58446464.40716708,0.8033892079997713
SCSO,CEC2017_F17,26,43039551.8816831,0.7179872909996448
SCSO,CEC2017_F17,27,5983751.834565153,0.7513014579999435
SCSO,CEC2017_F17,28,3013028.882097465,0.7951164169999174
SCSO,CEC2017_F17,29,15858507.719137331,0.7671659170000567
SCSO,CEC2017_F20,0,47027.66445394837,0.9999221250000119
SCSO,CEC2017_F20,1,23249.894533817016,0.9227825830002985
SCSO,CEC2017_F20,2,49648.72250904231,0.9973241659999985
SCSO,CEC2017_F20,3,52919.71687559416,1.0086703339998166
SCSO,CEC2017_F20,4,47955.9314769004,0.9694571670002006
SCSO,CEC2017_F20,5,20858.394743465487,1.0160862920001819
SCSO,CEC2017_F20,6,55201.8001641316,0.9703529169996727
SCSO,CEC2017_F20,7,25953.4496135774,0.9884703329998956
SCSO,CEC2017_F20,8,40375.96613126816,1.074206334000337
SCSO,CEC2017_F20,9,45927.81207736665,0.9509060840000529
SCSO,CEC2017_F20,10,22376.267649215264,0.9274247919997833
SCSO,CEC2017_F20,11,24654.701053826004,0.9531744159999107
SCSO,CEC2017_F20,12,19517.63253198639,0.9761018750000403
SCSO,CEC2017_F20,13,44959.765227758595,0.9853470000002744
SCSO,CEC2017_F20,14,57196.951738178024,1.0361878339999748
SCSO,CEC2017_F20,15,53962.226069537035,1.0890582080000968
SCSO,CEC2017_F20,16,52284.30481688012,0.9759220839996487
SCSO,CEC2017_F20,17,55837.43681751102,0.9918295409997882
SCSO,CEC2017_F20,18,30295.332097984967,1.1065666249996866
SCSO,CEC2017_F20,19,26794.377025097183,1.0876889999999548
SCSO,CEC2017_F20,20,50934.78486669548,1.0160509170000296
SCSO,CEC2017_F20,21,13483.536730788011,1.0474579579999954
SCSO,CEC2017_F20,22,38305.87668849862,1.127797707999889
SCSO,CEC2017_F20,23,40201.26335701218,1.0407684170004359
SCSO,CEC2017_F20,24,27762.848011452515,0.9840490839997074
SCSO,CEC2017_F20,25,47916.49384190468,1.0241582080002445
SCSO,CEC2017_F20,26,49724.13386771885,1.1627216249999037
SCSO,CEC2017_F20,27,51737.46415755312,1.0081802500003505
SCSO,CEC2017_F20,28,57070.23098193616,0.9372302500000842
SCSO,CEC2017_F20,29,32074.232514858137,0.9974250419995769
SCSO,CEC2017_F15,0,16697286530.200188,1.8899483330001203
SCSO,CEC2017_F15,1,1361310379.3054523,1.658943791999718
SCSO,CEC2017_F15,2,8188415.9898635885,1.6338279579999835
SCSO,CEC2017_F15,3,1256668635.8913405,1.728240249999999
SCSO,CEC2017_F15,4,1267198936.2344127,1.6913899589999346
SCSO,CEC2017_F15,5,431727329.8295522,1.671633208000003
SCSO,CEC2017_F15,6,152135753.8328075,1.682763457999954
SCSO,CEC2017_F15,7,73382716.91753261,1.6693829580003694
SCSO,CEC2017_F15,8,238419327.3679871,1.7275918340001226
SCSO,CEC2017_F15,9,34846337.8633334,1.78625083299994
SCSO,CEC2017_F15,10,2550041163.8668633,1.6874460419999195
SCSO,CEC2017_F15,11,3077962919.022667,1.670725333000064
SCSO,CEC2017_F15,12,181985911.58404866,1.7748713329997372
SCSO,CEC2017_F15,13,127601026.98017663,1.8042020829998364
SCSO,CEC2017_F15,14,187159837.47385246,1.6758126249997076
SCSO,CEC2017_F15,15,180717605.82428777,1.6948148339997715
SCSO,CEC2017_F15,16,53433234.58094313,1.7170079170000463
SCSO,CEC2017_F15,17,3290486281.153446,1.8854731669998728
SCSO,CEC2017_F15,18,712263513.1956869,1.789400208999723
SCSO,CEC2017_F15,19,1232500298.697934,1.581948999999895
SCSO,CEC2017_F15,20,175864878.99865738,1.7459024580002733
SCSO,CEC2017_F15,21,280001008.55717623,1.8621136249998926
SCSO,CEC2017_F15,22,190395799.6055142,1.9408539170003678
SCSO,CEC2017_F15,23,104646842.10239308,1.9062521660002858
SCSO,CEC2017_F15,24,619334705.6372464,1.6563279590000093
SCSO,CEC2017_F15,25,1947808601.8008852,1.665771333000066
SCSO,CEC2017_F15,26,1131542944.3893902,2.0287882919997173
SCSO,CEC2017_F15,27,361829707.943268,2.1003455420000137
SCSO,CEC2017_F15,28,3051905652.0410824,1.7897042920003514
SCSO,CEC2017_F15,29,110641269.15219307,2.142285291999997
SCSO,CEC2017_F21,0,6118.967130145329,1.3213846670000748
SCSO,CEC2017_F21,1,7196.641939999595,1.3480957079996188
SCSO,CEC2017_F21,2,3833.860804006126,1.2633780829996795
SCSO,CEC2017_F21,3,4930.358852844372,1.4770580419999533
SCSO,CEC2017_F21,4,3530.846311801021,1.3791666249999253
SCSO,CEC2017_F21,5,2946.4518218404714,1.3566109580001466
SCSO,CEC2017_F21,6,5527.411944141264,1.3380859170001713
SCSO,CEC2017_F21,7,4640.377426665851,1.377599458000077
SCSO,CEC2017_F21,8,3687.6865111255756,1.5724324170000727
SCSO,CEC2017_F21,9,3548.2612240241597,1.370648374999746
SCSO,CEC2017_F21,10,4678.7863241830055,1.4673136250003154
SCSO,CEC2017_F21,11,5788.5658283688645,1.2958094999999048
SCSO,CEC2017_F21,12,3908.2513791282613,1.41380962500034
SCSO,CEC2017_F21,13,5577.806023286001,1.5737960000001294
SCSO,CEC2017_F21,14,3140.6315130376925,1.4170986250001079
SCSO,CEC2017_F21,15,3905.7458426712874,1.3798326249998354
SCSO,CEC2017_F21,16,3525.7897423019576,1.4676576669999122
SCSO,CEC2017_F21,17,4772.412558707247,1.4967836670002725
SCSO,CEC2017_F21,18,6106.617254525418,1.4391724170000089
SCSO,CEC2017_F21,19,4991.890212028798,1.3746375000000626
SCSO,CEC2017_F21,20,4833.843550918512,1.4670122499996978
SCSO,CEC2017_F21,21,5925.894307346251,1.4419032079999852
SCSO,CEC2017_F21,22,3630.162426321829,1.3693282079998426
SCSO,CEC2017_F21,23,5217.182855062274,1.417196458000035
SCSO,CEC2017_F21,24,3355.7443037857392,1.6765706670003055
SCSO,CEC2017_F21,25,3923.719323534105,1.7968721669999468
SCSO,CEC2017_F21,26,4758.541854129437,1.4389097090001997
SCSO,CEC2017_F21,27,6628.3867359230135,1.342862666000201
SCSO,CEC2017_F21,28,3064.2717468756887,1.4690788750003776
SCSO,CEC2017_F21,29,4349.77853419998,1.591385917000025
SCSO,CEC2017_F22,0,49932.6577806341,1.6094613330001266
SCSO,CEC2017_F22,1,44425.033380327266,1.5421335839996573
SCSO,CEC2017_F22,2,60635.380178783365,1.6251012920001813
SCSO,CEC2017_F22,3,62788.22027522787,1.5743331250000665
SCSO,CEC2017_F22,4,54812.12497384294,1.6931720829998085
SCSO,CEC2017_F22,5,66883.66547380922,1.6301346669997656
SCSO,CEC2017_F22,6,66665.08693379848,1.6663914579999073
SCSO,CEC2017_F22,7,65246.567148327245,1.7188394579998203
SCSO,CEC2017_F22,8,54090.16332056724,1.7085238750000826
SCSO,CEC2017_F22,9,41379.38204461565,1.674768542000038
SCSO,CEC2017_F22,10,59826.27695227983,1.6141205829999308
SCSO,CEC2017_F22,11,57358.64485055839,1.6559020839999903
SCSO,CEC2017_F22,12,44609.36475527966,1.5743670840001869
SCSO,CEC2017_F22,13,44198.652300958696,1.5790993330001584
SCSO,CEC2017_F22,14,49068.507040331315,1.702929457999744
SCSO,CEC2017_F22,15,44002.029942980334,1.6116054170001917
SCSO,CEC2017_F22,16,57283.69998003075,1.6203297920001205
SCSO,CEC2017_F22,17,45590.40166708385,1.7908138750003673
SCSO,CEC2017_F22,18,58910.265264343776,1.5993494170002123
SCSO,CEC2017_F22,19,60259.844903985846,1.7264088339998125
SCSO,CEC2017_F22,20,41825.858628575064,1.7458670000000893
SCSO,CEC2017_F22,21,46147.217164169575,2.1640642090001165
SCSO,CEC2017_F22,22,43021.367360289,1.6646637920002831
SCSO,CEC2017_F22,23,58793.81140715711,1.6742291250002381
SCSO,CEC2017_F22,24,55261.976518207244,1.75487695899983
SCSO,CEC2017_F22,25,55611.92173472505,1.9588810830000511
SCSO,CEC2017_F22,26,61724.34283784034,1.8254687079997893
SCSO,CEC2017_F22,27,56554.143529993264,2.3403090420001718
SCSO,CEC2017_F22,28,60061.78258456772,1.8166947079998863
SCSO,CEC2017_F22,29,40550.13319273776,1.6254649590000554
SCSO,CEC2017_F23,0,36618.16257050951,1.3147210419997464
SCSO,CEC2017_F23,1,34440.15315123041,1.2464694169998438
SCSO,CEC2017_F23,2,30718.67786825625,1.162063541000407
SCSO,CEC2017_F23,3,28665.03069173939,1.3369327919999705
SCSO,CEC2017_F23,4,35857.04297538966,1.418479208000008
SCSO,CEC2017_F23,5,31383.845087223235,1.1857548749999296
SCSO,CEC2017_F23,6,33326.67484521399,1.0632677079997848
SCSO,CEC2017_F23,7,33593.930297648185,1.245800084000166
SCSO,CEC2017_F23,8,33154.053141668024,1.2408112920002168
SCSO,CEC2017_F23,9,31951.08241000363,1.2293334999999388
SCSO,CEC2017_F23,10,36513.6290006194,1.3199268749999646
SCSO,CEC2017_F23,11,33984.534443861354,1.3019117909998386
SCSO,CEC2017_F23,12,34283.20495832216,1.200825082999927
SCSO,CEC2017_F23,13,33427.71990066228,1.179809750000004
SCSO,CEC2017_F23,14,28436.627265449235,1.1409184999997706
SCSO,CEC2017_F23,15,33571.34617215473,1.2669044579997717
SCSO,CEC2017_F23,16,33039.853903196796,1.5386814170001344
SCSO,CEC2017_F23,17,36214.252761285585,1.5731681659999595
SCSO,CEC2017_F23,18,32530.511260628664,1.2285686250002072
SCSO,CEC2017_F23,19,30037.363114214222,1.2997264579998955
SCSO,CEC2017_F23,20,31957.579768419742,1.2769364160003533
SCSO,CEC2017_F23,21,31529.3835460888,1.5232357089998914
SCSO,CEC2017_F23,22,35188.46253276238,1.3845915830002014
SCSO,CEC2017_F23,23,37894.521637022524,1.3023217499999191
SCSO,CEC2017_F23,24,30184.330306163418,1.7745650840001872
SCSO,CEC2017_F23,25,31664.27243107782,1.4203565409998191
SCSO,CEC2017_F23,26,25650.18565010585,1.0757295419998627
SCSO,CEC2017_F23,27,37332.809558308305,1.184522583999751
SCSO,CEC2017_F23,28,35429.77577083478,1.2711461670000972
SCSO,CEC2017_F23,29,26432.78742893451,1.3468346670001665
SCSO,CEC2017_F24,0,6330.413766976336,1.4415391670004283
SCSO,CEC2017_F24,1,4810.722747509657,1.4441958339998564
SCSO,CEC2017_F24,2,5666.622939011548,1.5178961669998898
SCSO,CEC2017_F24,3,5989.813144193543,1.4305304170002273
SCSO,CEC2017_F24,4,6433.457587741253,1.4354840000000877
SCSO,CEC2017_F24,5,5029.861387262947,1.5917525419999947
SCSO,CEC2017_F24,6,7394.615680403514,1.8746603750000759
SCSO,CEC2017_F24,7,4946.943124244297,1.4519690829997671
SCSO,CEC2017_F24,8,6777.062661349733,1.4558059999999386
SCSO,CEC2017_F24,9,6472.330026256197,1.6895112910001444
SCSO,CEC2017_F24,10,6707.93207355005,1.7995421250002437
SCSO,CEC2017_F24,11,7264.868190795076,1.4383908340000744
SCSO,CEC2017_F24,12,5851.44925195904,1.9162113749998753
SCSO,CEC2017_F24,13,5209.830832970571,1.5411866250001367
SCSO,CEC2017_F24,14,5542.445223649494,1.4461209579999377
SCSO,CEC2017_F24,15,5226.4504311675455,1.5335052080004061
SCSO,CEC2017_F24,16,7133.164528058136,1.4913244999997914
SCSO,CEC2017_F24,17,5617.11826338506,1.3668917079999119
SCSO,CEC2017_F24,18,7332.590327182598,1.5316934160000528
SCSO,CEC2017_F24,19,9265.969633228206,1.5817733750000116
SCSO,CEC2017_F24,20,4853.000897086165,1.5333399169999211
SCSO,CEC2017_F24,21,5645.121748218895,1.487985665999986
SCSO,CEC2017_F24,22,7329.3585487550245,1.3304852920000485
SCSO,CEC2017_F24,23,6435.191106529879,1.4570906250000917
SCSO,CEC2017_F24,24,7292.8385890942345,1.3591359590000138
SCSO,CEC2017_F24,25,6073.170818770443,1.3820095419996505
SCSO,CEC2017_F24,26,5362.203814093105,1.4206766250003966
SCSO,CEC2017_F24,27,8015.169518999604,1.4281614169999557
SCSO,CEC2017_F24,28,6161.956695709582,1.338466167000206
SCSO,CEC2017_F24,29,6044.311007583283,1.4047162910001134
SCSO,CEC2017_F18,0,33600643467.51029,2.8087121660000776
SCSO,CEC2017_F18,1,21599954958.941715,2.823243874999662
SCSO,CEC2017_F18,2,795808318858.0739,2.836782625000069
SCSO,CEC2017_F18,3,351272602261.64496,2.8387121249998017
SCSO,CEC2017_F18,4,96229481388.42198,2.9452639160003855
SCSO,CEC2017_F18,5,33700404836.75435,2.777903665999929
SCSO,CEC2017_F18,6,36038275394.89308,2.950923999999759
SCSO,CEC2017_F18,7,38492972912.86517,3.0077762500000063
SCSO,CEC2017_F18,8,566728448975.5125,2.9160105420000946
SCSO,CEC2017_F18,9,407705033600.0973,3.148780500000157
SCSO,CEC2017_F18,10,69199867688.56226,3.07678337499965
SCSO,CEC2017_F18,11,128016308358.67282,3.222348042000249
SCSO,CEC2017_F18,12,54934420574.14775,2.9853774160001194
SCSO,CEC2017_F18,13,81532066838.23582,3.215578916999675
SCSO,CEC2017_F18,14,55490361054.19085,3.389746124999874
SCSO,CEC2017_F18,15,45799546771.17882,3.1274107910003295
SCSO,CEC2017_F18,16,4775956071730.549,3.571564416000001
SCSO,CEC2017_F18,17,2494782978202.113,3.580867084000147
SCSO,CEC2017_F18,18,22597731926095.152,3.0092537089999496
SCSO,CEC2017_F18,19,14250211931.512016,2.9852082919996974
SCSO,CEC2017_F18,20,2502672442915064.0,3.08609612500004
SCSO,CEC2017_F18,21,1059190404443.6515,3.0236965840003904
SCSO,CEC2017_F18,22,5115372951740.438,2.8851701250000588
SCSO,CEC2017_F18,23,40957950041.26833,2.928051249999953
SCSO,CEC2017_F18,24,50778640124.12853,2.980095750000146
SCSO,CEC2017_F18,25,76325347143.14754,2.9968919999996615
SCSO,CEC2017_F18,26,16199271986.314882,3.065436166999916
SCSO,CEC2017_F18,27,4664593313107.643,2.963225749999765
SCSO,CEC2017_F18,28,5277909345083.909,3.1182388329998503
SCSO,CEC2017_F18,29,18507573439.55471,2.9215752499999326
ECL-SCSO,CEC2017_F1,0,11373804960.386593,0.3530501670002195
ECL-SCSO,CEC2017_F1,1,26239318461.387913,0.3650484160002634
ECL-SCSO,CEC2017_F1,2,11822510537.58555,0.360149291000198
ECL-SCSO,CEC2017_F1,3,11610914840.374817,0.3659499999998843
ECL-SCSO,CEC2017_F1,4,9525193975.015955,0.3840582499997254
ECL-SCSO,CEC2017_F1,5,16234411851.248901,0.3593359159999636
ECL-SCSO,CEC2017_F1,6,8088258282.352197,0.3544806250001784
ECL-SCSO,CEC2017_F1,7,7774157055.002658,0.3728391660001762
ECL-SCSO,CEC2017_F1,8,8103638186.4118,0.385905707999882
ECL-SCSO,CEC2017_F1,9,11937063045.61419,0.3526122910002414
ECL-SCSO,CEC2017_F1,10,7915765487.0883,0.3655629160002718
ECL-SCSO,CEC2017_F1,11,7298447532.451973,0.36011741599986635
ECL-SCSO,CEC2017_F1,12,15558785542.731346,0.382483541000056
ECL-SCSO,CEC2017_F1,13,12972065780.073753,0.3549901670003237
ECL-SCSO,CEC2017_F1,14,9868649136.486391,0.3492318329999762
ECL-SCSO,CEC2017_F1,15,7098183386.121149,0.365164041999833
ECL-SCSO,CEC2017_F1,16,16233465541.634048,0.35861358299962376
ECL-SCSO,CEC2017_F1,17,11629742595.599293,0.34482724999998027
ECL-SCSO,CEC2017_F1,18,10039137317.102276,0.36950649999971574
ECL-SCSO,CEC2017_F1,19,8092784911.050124,0.3315991250001389
ECL-SCSO,CEC2017_F1,20,8526219114.466754,0.36377112500031217
ECL-SCSO,CEC2017_F1,21,13950221212.115847,0.36378433299978497
ECL-SCSO,CEC2017_F1,22,9730348462.826965,0.37210133299959125
ECL-SCSO,CEC2017_F1,23,11197329014.392775,0.3879204170002595
ECL-SCSO,CEC2017_F1,24,29530742589.423405,0.35789866599998277
ECL-SCSO,CEC2017_F1,25,9680117670.981451,0.3273354170000857
ECL-SCSO,CEC2017_F1,26,10755232985.965294,0.30517349999990984
ECL-SCSO,CEC2017_F1,27,13580998605.56473,0.3623832090001997
ECL-SCSO,CEC2017_F1,28,21591190323.24506,0.3234228340002119
ECL-SCSO,CEC2017_F1,29,15155680264.129662,0.3747043749999648
ECL-SCSO,CEC2017_F2,0,25684.830699248414,0.45842774999982794
ECL-SCSO,CEC2017_F2,1,27926.28218903281,0.4226585839996915
ECL-SCSO,CEC2017_F2,2,11287.321530832842,0.3927769580000131
ECL-SCSO,CEC2017_F2,3,47564.78009218647,0.408016833000147
ECL-SCSO,CEC2017_F2,4,14586.240706401193,0.41932804099997156
ECL-SCSO,CEC2017_F2,5,19386.04534593958,0.41428483299978325
ECL-SCSO,CEC2017_F2,6,44698.86286678634,0.39250966600002357
ECL-SCSO,CEC2017_F2,7,19861.99943086299,0.41231308400028865
ECL-SCSO,CEC2017_F2,8,32374.852545443468,0.4070146660001228
ECL-SCSO,CEC2017_F2,9,19431.30862233692,0.4216103329999896
ECL-SCSO,CEC2017_F2,10,7808.2432386306455,0.3882541250000031
ECL-SCSO,CEC2017_F2,11,13980.847264229544,0.41068179199965016
ECL-SCSO,CEC2017_F2,12,20232.497415791935,0.4012623749999875
ECL-SCSO,CEC2017_F2,13,24792.518848504045,0.3989809999998215
ECL-SCSO,CEC2017_F2,14,24269.669240800526,0.3984203750001143
ECL-SCSO,CEC2017_F2,15,49003.027956349826,0.48169012500011377
ECL-SCSO,CEC2017_F2,16,29837.16011524868,0.4572392090003632
ECL-SCSO,CEC2017_F2,17,16384.59831969039,0.4114064169998528
ECL-SCSO,CEC2017_F2,18,17665.108885217338,0.41190433400015536
ECL-SCSO,CEC2017_F2,19,9503.317137852717,0.3947435420000147
ECL-SCSO,CEC2017_F2,20,28695.14204983497,0.4265277499998774
ECL-SCSO,CEC2017_F2,21,21236.665181982524,0.42077704200028165
ECL-SCSO,CEC2017_F2,22,17339.200147892436,0.3888963340000373
ECL-SCSO,CEC2017_F2,23,19468.664348678358,0.4053476670001146
ECL-SCSO,CEC2017_F2,24,17795.080565747954,0.4522626660000242
ECL-SCSO,CEC2017_F2,25,20247.13372680637,0.49778558399975736
ECL-SCSO,CEC2017_F2,26,17122.1631661041,0.40589787500039165
ECL-SCSO,CEC2017_F2,27,17589.79150408321,0.4246288750000531
ECL-SCSO,CEC2017_F2,28,13681.332476496038,0.4691350829998555
ECL-SCSO,CEC2017_F2,29,22720.896947106394,0.4088835829998061
ECL-SCSO,CEC2017_F3,0,2833.54319597706,0.459545333999813
ECL-SCSO,CEC2017_F3,1,2287.1039123616715,0.48599862499986557
ECL-SCSO,CEC2017_F3,2,1574.8158169082076,0.4484370420000232
ECL-SCSO,CEC2017_F3,3,1619.6330332376035,0.4534614999997757
ECL-SCSO,CEC2017_F3,4,2028.3701956917118,0.4740532079999866
ECL-SCSO,CEC2017_F3,5,1145.6158652282616,0.494687458000044
ECL-SCSO,CEC2017_F3,6,1790.8081947194564,0.4751054590001331
ECL-SCSO,CEC2017_F3,7,735.2497827800129,0.48873762499988516
ECL-SCSO,CEC2017_F3,8,654.9098424118031,0.49380950000022494
ECL-SCSO,CEC2017_F3,9,2462.304845339525,0.45719808299963915
ECL-SCSO,CEC2017_F3,10,1214.0216463119605,0.4806982079999216
ECL-SCSO,CEC2017_F3,11,3151.1155835765308,0.48795783300010953
ECL-SCSO,CEC2017_F3,12,1567.284981052405,0.5011417919999985
ECL-SCSO,CEC2017_F3,13,1097.1648891700167,0.4992742909998924
ECL-SCSO,CEC2017_F3,14,1721.4298123714293,0.4970894580001186
ECL-SCSO,CEC2017_F3,15,1432.1164267328945,0.4587730830003238
ECL-SCSO,CEC2017_F3,16,1162.4878630726907,0.48036416700006157
ECL-SCSO,CEC2017_F3,17,1435.4908873235179,0.49373708399980387
ECL-SCSO,CEC2017_F3,18,686.9651480194816,0.4957546249997904
ECL-SCSO,CEC2017_F3,19,1036.069172306051,0.487249625000004
ECL-SCSO,CEC2017_F3,20,1714.6314807958397,0.46664637499998207
ECL-SCSO,CEC2017_F3,21,1926.3310900602214,0.46359991700001046
ECL-SCSO,CEC2017_F3,22,739.661010977426,0.4735860830001002
ECL-SCSO,CEC2017_F3,23,1052.0689446153842,0.4850840409999364
ECL-SCSO,CEC2017_F3,24,1689.5398811589318,0.5009538750000502
ECL-SCSO,CEC2017_F3,25,887.7784032321205,0.47785049999993134
ECL-SCSO,CEC2017_F3,26,2824.210716161783,0.49874229099987133
ECL-SCSO,CEC2017_F3,27,1086.5138161902923,0.42286449999983233
ECL-SCSO,CEC2017_F3,28,768.2333700003805,0.4785684999997102
ECL-SCSO,CEC2017_F3,29,1274.3340209892976,0.4700415829997837
ECL-SCSO,CEC2017_F4,0,27055.698946298337,0.42194212499998685
ECL-SCSO,CEC2017_F4,1,6333.252264400281,0.4381982920003793
ECL-SCSO,CEC2017_F4,2,20419.109047621663,0.3983521249997466
ECL-SCSO,CEC2017_F4,3,12633.386720038492,0.4256417909996344
ECL-SCSO,CEC2017_F4,4,4088.495602255421,0.4290652500003489
ECL-SCSO,CEC2017_F4,5,15484.070895372355,0.4051729590000832
ECL-SCSO,CEC2017_F4,6,17729.931510248258,0.4217198749997806
ECL-SCSO,CEC2017_F4,7,19654.990340717064,0.4140081669997926
ECL-SCSO,CEC2017_F4,8,7563.12693317719,0.4055109999999331
ECL-SCSO,CEC2017_F4,9,11625.23977980082,0.43886750000001484
ECL-SCSO,CEC2017_F4,10,4069.253670261459,0.4160763329996371
ECL-SCSO,CEC2017_F4,11,13087.23647609779,0.409356041999672
ECL-SCSO,CEC2017_F4,12,13151.664777184757,0.3794349580002745
ECL-SCSO,CEC2017_F4,13,5647.671926197769,0.40289062500005457
ECL-SCSO,CEC2017_F4,14,12553.61985385728,0.38285958300002676
ECL-SCSO,CEC2017_F4,15,12789.843973714547,0.44660304099988934
ECL-SCSO,CEC2017_F4,16,18797.944431927765,0.4175404999996317
ECL-SCSO,CEC2017_F4,17,2405.748355265071,0.4293002079998587
ECL-SCSO,CEC2017_F4,18,14524.095301177249,0.4486458749997837
ECL-SCSO,CEC2017_F4,19,19084.090825190342,0.4194118340001296
ECL-SCSO,CEC2017_F4,20,21658.554370081165,0.4128751660000489
ECL-SCSO,CEC2017_F4,21,13656.82415095372,0.4317322920001061
ECL-SCSO,CEC2017_F4,22,22804.310452073078,0.39149841700009347
ECL-SCSO,CEC2017_F4,23,19123.17880340884,0.41447900000002846
ECL-SCSO,CEC2017_F4,24,18472.053648209214,0.40123108300031163
ECL-SCSO,CEC2017_F4,25,16652.768486704466,0.4265494999999646
ECL-SCSO,CEC2017_F4,26,16728.673916676158,0.4321945000001506
ECL-SCSO,CEC2017_F4,27,13597.732461818265,0.5182256250000137
ECL-SCSO,CEC2017_F4,28,34679.33321870937,0.40684200000032433
ECL-SCSO,CEC2017_F4,29,12430.295438343384,0.45387391600024785
ECL-SCSO,CEC2017_F5,0,500.00142721954575,1.2413560840000173
ECL-SCSO,CEC2017_F5,1,500.0066857704153,1.2264847920000648
ECL-SCSO,CEC2017_F5,2,500.0047625753364,1.2535959169999842
ECL-SCSO,CEC2017_F5,3,500.0007543186237,1.2477501670000493
ECL-SCSO,CEC2017_F5,4,500.00437837200224,1.3402163330001713
ECL-SCSO,CEC2017_F5,5,500.0010497331761,1.251233041999967
ECL-SCSO,CEC2017_F5,6,500.00477636972306,1.2490835829999014
ECL-SCSO,CEC2017_F5,7,500.0059619534621,1.2193267499997091
ECL-SCSO,CEC2017_F5,8,500.0004468522905,1.2149603749999187
ECL-SCSO,CEC2017_F5,9,500.00984262806014,1.241769166999802
ECL-SCSO,CEC2017_F5,10,500.0053594626439,1.1900340840002173
ECL-SCSO,CEC2017_F5,11,500.0067988678643,1.239710500000001
ECL-SCSO,CEC2017_F5,12,500.0043577736957,1.2047450410000238
ECL-SCSO,CEC2017_F5,13,500.00340195699243,1.2089891250002438
ECL-SCSO,CEC2017_F5,14,500.01100395513294,1.2297146250002697
ECL-SCSO,CEC2017_F5,15,500.0080173857435,1.2526895000000877
ECL-SCSO,CEC2017_F5,16,500.0012117997663,1.2629393749998599
ECL-SCSO,CEC2017_F5,17,500.00156571573285,1.2711809170000379
ECL-SCSO,CEC2017_F5,18,500.00089667864296,1.2689083330001267
ECL-SCSO,CEC2017_F5,19,500.005123488924,1.2094962080000187
ECL-SCSO,CEC2017_F5,20,500.01458044057165,1.2652970409999398
ECL-SCSO,CEC2017_F5,21,500.0107773921148,1.2622005830003218
ECL-SCSO,CEC2017_F5,22,500.0120480504017,1.2432417919999352
ECL-SCSO,CEC2017_F5,23,500.0068095850491,1.2528848329998254
ECL-SCSO,CEC2017_F5,24,500.00453306562093,1.2465857080001115
ECL-SCSO,CEC2017_F5,25,500.00554013920623,1.2894372499999918
ECL-SCSO,CEC2017_F5,26,500.00057915570744,1.2070827499996994
ECL-SCSO,CEC2017_F5,27,500.003198502587,1.2212905420001334
ECL-SCSO,CEC2017_F5,28,500.00242804842776,1.2789509169997473
ECL-SCSO,CEC2017_F5,29,500.0023901743773,1.2218257079998693
SCSO,CEC2017_F16,0,1546231365201.9468,6.428964000000178
SCSO,CEC2017_F16,1,88341915.09238677,6.364391250000153
SCSO,CEC2017_F16,2,1741543717447.955,6.659533791000285
SCSO,CEC2017_F16,3,715693.0174943829,6.676747833000263
SCSO,CEC2017_F16,4,98151059767541.06,7.131083958999625
SCSO,CEC2017_F16,5,626334319.2853265,6.658586000000014
SCSO,CEC2017_F16,6,368003992.3506924,7.169811500000378
SCSO,CEC2017_F16,7,1916987533.137479,6.896754375
SCSO,CEC2017_F16,8,2177873435.0950704,7.581556666999859
SCSO,CEC2017_F16,9,4445116532.739214,7.020165792000171
SCSO,CEC2017_F16,10,13468900748.866655,6.881062791999739
SCSO,CEC2017_F16,11,171068858739.8189,6.716537709000022
SCSO,CEC2017_F16,12,3249072305227.8247,6.7471534159999464
SCSO,CEC2017_F16,13,200787732.9557509,6.770203457999742
SCSO,CEC2017_F16,14,7307478758956.438,6.542620458999863
SCSO,CEC2017_F16,15,77450918072.9237,6.594544250000126
SCSO,CEC2017_F16,16,66977036310468.89,6.727546165999684
SCSO,CEC2017_F16,17,115028962366.14124,6.709829957999773
SCSO,CEC2017_F16,18,18695800587.02866,6.338305958000092
SCSO,CEC2017_F16,19,11934837978506.54,6.471178540999972
SCSO,CEC2017_F16,20,17796843700.93634,6.378715666999597
SCSO,CEC2017_F16,21,41467791396491.984,6.728141374999723
SCSO,CEC2017_F16,22,261289989180.31647,6.564936875000058
SCSO,CEC2017_F16,23,378239.946739676,6.49647829100013
SCSO,CEC2017_F16,24,812239633850.9017,6.456998916999964
SCSO,CEC2017_F16,25,808873227.488992,6.443774750000102
SCSO,CEC2017_F16,26,5594283941223.434,6.5584422499996435
SCSO,CEC2017_F16,27,6753439849180.28,6.610885957999926
SCSO,CEC2017_F16,28,4530186587992.317,6.711350749999838
SCSO,CEC2017_F16,29,110483243.05803834,6.584235958000136
ECL-SCSO,CEC2017_F6,0,262596.55736801063,0.6142145419998997
ECL-SCSO,CEC2017_F6,1,334457.3860336623,0.5928285840000171
ECL-SCSO,CEC2017_F6,2,666703.0084468003,0.6140882499998952
ECL-SCSO,CEC2017_F6,3,421813.330561627,0.5828521250000449
ECL-SCSO,CEC2017_F6,4,399107.17832205584,0.6150550409997777
ECL-SCSO,CEC2017_F6,5,822569.6877731194,0.5948099580000417
ECL-SCSO,CEC2017_F6,6,480127.4460030048,0.5892919579996487
ECL-SCSO,CEC2017_F6,7,568947.5122607473,0.704733333999684
ECL-SCSO,CEC2017_F6,8,833860.9337573595,0.6268667499998628
ECL-SCSO,CEC2017_F6,9,632514.5773223944,0.6085556660000293
ECL-SCSO,CEC2017_F6,10,457031.86947329005,0.5947448339998118
ECL-SCSO,CEC2017_F6,11,944325.9153694751,0.6328508330002478
ECL-SCSO,CEC2017_F6,12,552280.193450574,0.6223397500002648
ECL-SCSO,CEC2017_F6,13,335430.4988397072,0.6174400830000195
ECL-SCSO,CEC2017_F6,14,481036.9823512264,0.6392179999998007
ECL-SCSO,CEC2017_F6,15,303355.8545075582,0.5891930829998273
ECL-SCSO,CEC2017_F6,16,614493.0750934245,0.6312748749996899
ECL-SCSO,CEC2017_F6,17,224671.40514450398,0.5978689580001628
ECL-SCSO,CEC2017_F6,18,342617.93270002643,0.6087335000001985
ECL-SCSO,CEC2017_F6,19,964889.2882067872,0.5614016250001441
ECL-SCSO,CEC2017_F6,20,477385.8387901289,0.6001527080002234
ECL-SCSO,CEC2017_F6,21,384462.0313012799,0.5975680840001587
ECL-SCSO,CEC2017_F6,22,653814.5485354082,0.6146107079998728
ECL-SCSO,CEC2017_F6,23,360499.6238650607,0.6341557089999696
ECL-SCSO,CEC2017_F6,24,580616.1178018237,0.5783651670003565
ECL-SCSO,CEC2017_F6,25,702803.4131952884,0.6053490419999434
ECL-SCSO,CEC2017_F6,26,710841.1135256545,0.5699015420000251
ECL-SCSO,CEC2017_F6,27,524697.1434476977,0.6372484170001371
ECL-SCSO,CEC2017_F6,28,586151.7400690175,0.6078651669999999
ECL-SCSO,CEC2017_F6,29,510825.5130069159,0.5940266249999695
SCSO,CEC2017_F19,0,10931.94954033041,6.623225375000402
SCSO,CEC2017_F19,1,10209.83189101721,6.6585171669999
SCSO,CEC2017_F19,2,15331.745280384346,6.644481792000079
SCSO,CEC2017_F19,3,8571.023268146737,6.87665300000026
SCSO,CEC2017_F19,4,11798.345207508359,6.854130208000242
SCSO,CEC2017_F19,5,10471.213057732639,6.838734624999688
SCSO,CEC2017_F19,6,8077.6731242436,7.481747082999846
SCSO,CEC2017_F19,7,5588.748752501649,7.670996207999906
SCSO,CEC2017_F19,8,16450.829464110546,6.908542208000199
SCSO,CEC2017_F19,9,11319.53443894537,6.971128167000188
SCSO,CEC2017_F19,10,12093.127302101359,6.7195257920002405
SCSO,CEC2017_F19,11,11113.12517366067,6.921038459000101
SCSO,CEC2017_F19,12,12319.878361766307,6.9842771660000835
SCSO,CEC2017_F19,13,8435.751851900946,6.717643166000016
SCSO,CEC2017_F19,14,8355.865450868936,6.795877792000283
SCSO,CEC2017_F19,15,10968.291734028742,6.763931334000063
SCSO,CEC2017_F19,16,17322.309200335265,6.742085917000168
SCSO,CEC2017_F19,17,8021.953147829756,6.620613125000091
SCSO,CEC2017_F19,18,10695.368029124196,6.556273874999988
SCSO,CEC2017_F19,19,14462.956121068892,6.566041750000295
SCSO,CEC2017_F19,20,11635.704458296486,6.593559500000083
SCSO,CEC2017_F19,21,11824.584519902794,6.8232785420000255
SCSO,CEC2017_F19,22,8469.386694872012,6.652508915999988
SCSO,CEC2017_F19,23,10315.088097683594,6.641875708000043
SCSO,CEC2017_F19,24,10384.682253731002,6.608202833000178
SCSO,CEC2017_F19,25,9666.923549761406,6.655253084000378
SCSO,CEC2017_F19,26,14510.796950106018,6.747580457999902
SCSO,CEC2017_F19,27,5826.534012620032,6.745267874999627
SCSO,CEC2017_F19,28,13728.311595437986,6.428062750000208
SCSO,CEC2017_F19,29,19560.817743303684,6.596163374999833
SCSO,CEC2017_F29,0,335929900509.7556,4.424735999999939
SCSO,CEC2017_F29,1,308265973717.8995,4.557140083999911
SCSO,CEC2017_F29,2,21974353121.599453,4.401192833000096
SCSO,CEC2017_F29,3,198982314514.05627,4.244825999999648
SCSO,CEC2017_F29,4,5338313551.450454,4.438647791000221
SCSO,CEC2017_F29,5,17408434137.776978,4.400292541999988
SCSO,CEC2017_F29,6,19579872944.881844,4.48448158400015
SCSO,CEC2017_F29,7,55523647628.00341,4.460221166999872
SCSO,CEC2017_F29,8,50131636784.31353,4.292764875000103
SCSO,CEC2017_F29,9,10908603335.485683,4.205176458000096
SCSO,CEC2017_F29,10,155712118821.82672,4.234080375000303
SCSO,CEC2017_F29,11,19359812048.98788,4.327761999999893
SCSO,CEC2017_F29,12,16261825304.316738,4.381485459000032
SCSO,CEC2017_F29,13,13252197392.895018,4.297103999999763
SCSO,CEC2017_F29,14,1240416520458.7168,4.454110292000223
SCSO,CEC2017_F29,15,19132241608.19038,4.458930457999941
SCSO,CEC2017_F29,16,29510649216.107746,4.17015766700024
SCSO,CEC2017_F29,17,82089239671.15936,4.099732332999793
SCSO,CEC2017_F29,18,9807865002.691683,4.205333790999703
SCSO,CEC2017_F29,19,2556119097598.09,4.327226583000083
SCSO,CEC2017_F29,20,8051124440.567026,4.3242438749998655
SCSO,CEC2017_F29,21,1833973739042.2659,4.175410208000358
SCSO,CEC2017_F29,22,12318676698.326582,4.383362084000055
SCSO,CEC2017_F29,23,20596542459.031883,4.256826082999851
SCSO,CEC2017_F29,24,54837354730.98979,4.37007870799971
SCSO,CEC2017_F29,25,23008378817.86184,4.186527083999863
SCSO,CEC2017_F29,26,8787862918.41759,4.252196374999585
SCSO,CEC2017_F29,27,25374953813.745922,4.1811054999998305
SCSO,CEC2017_F29,28,11185818003.091486,4.239944667000145
SCSO,CEC2017_F29,29,17373967140.86459,4.301825208000082
SCSO,CEC2017_F27,0,5629.570652466555,5.3040631249996295
SCSO,CEC2017_F27,1,5021.76563063834,5.3154713750000155
SCSO,CEC2017_F27,2,9052.801450126553,5.341179791000286
SCSO,CEC2017_F27,3,5204.228673065132,5.040211458000158
SCSO,CEC2017_F27,4,5317.195157705754,5.183101416999762
SCSO,CEC2017_F27,5,4615.3281000768675,5.248584750000191
SCSO,CEC2017_F27,6,7949.457016858055,5.027926834000027
SCSO,CEC2017_F27,7,7591.438351429955,5.057880541999566
SCSO,CEC2017_F27,8,6406.059406589471,5.0567178749997765
SCSO,CEC2017_F27,9,4877.593579237606,5.206663416999618
SCSO,CEC2017_F27,10,7736.766657709636,5.161027916999956
SCSO,CEC2017_F27,11,7269.391525068255,5.055852291000065
SCSO,CEC2017_F27,12,5875.0711695518985,4.969277333000264
SCSO,CEC2017_F27,13,3776.852704821944,5.103123457999573
SCSO,CEC2017_F27,14,4448.960498131105,4.900876415999846
SCSO,CEC2017_F27,15,4610.28102917677,4.893220292000024
SCSO,CEC2017_F27,16,8467.018484494387,4.909173375000137
SCSO,CEC2017_F27,17,6994.342551009921,5.046930792000239
SCSO,CEC2017_F27,18,4700.841433262149,4.977279416999863
SCSO,CEC2017_F27,19,8332.696011372189,5.1053876670002865
SCSO,CEC2017_F27,20,4674.742151272303,4.8598574170000575
SCSO,CEC2017_F27,21,6922.00069551903,4.892409416999726
SCSO,CEC2017_F27,22,4461.555356792827,5.045846541000174
SCSO,CEC2017_F27,23,7035.674204351674,4.872368583000025
SCSO,CEC2017_F27,24,4990.25053461949,5.055766041999959
SCSO,CEC2017_F27,25,4362.951880303651,4.869419833000393
SCSO,CEC2017_F27,26,7935.601989260138,4.932692041999871
SCSO,CEC2017_F27,27,5386.831136591876,4.957565042000169
SCSO,CEC2017_F27,28,5598.021906259661,4.934362957999838
SCSO,CEC2017_F27,29,4781.408187660951,4.97900962499989
SCSO,CEC2017_F25,0,12788.778511811792,6.4581209170000875
SCSO,CEC2017_F25,1,14709.029279566808,5.411340250000194
SCSO,CEC2017_F25,2,7448.615203088673,5.651391124999918
SCSO,CEC2017_F25,3,8279.77726468283,5.446424625000418
SCSO,CEC2017_F25,4,4955.799900720542,5.317861084000015
SCSO,CEC2017_F25,5,16383.261374312598,5.49233275000006
SCSO,CEC2017_F25,6,7964.715649366454,5.58367704200009
SCSO,CEC2017_F25,7,5221.84907793659,5.534228250000069
SCSO,CEC2017_F25,8,4130.845304556042,5.446500999999898
SCSO,CEC2017_F25,9,6029.294869358225,5.433956583000054
SCSO,CEC2017_F25,10,11168.541193253106,5.396193916999891
SCSO,CEC2017_F25,11,5337.246663728463,5.303868082999998
SCSO,CEC2017_F25,12,6607.356592057462,5.354978541000037
SCSO,CEC2017_F25,13,6923.9555121812555,5.186524666999958
SCSO,CEC2017_F25,14,4696.303028790684,5.3195353330002035
SCSO,CEC2017_F25,15,5351.587019857587,5.367461875000117
SCSO,CEC2017_F25,16,20361.181919999533,5.398269375000382
SCSO,CEC2017_F25,17,6026.56507974815,5.534867875000145
SCSO,CEC2017_F25,18,4890.74558341611,5.105506208999941
SCSO,CEC2017_F25,19,4358.4268645358725,5.192182457999934
SCSO,CEC2017_F25,20,7505.771698073353,5.304797332999897
SCSO,CEC2017_F25,21,4373.131305850083,5.430388833000052
SCSO,CEC2017_F25,22,14527.256795483081,5.297331959000076
SCSO,CEC2017_F25,23,8387.35721136962,5.293214457999966
SCSO,CEC2017_F25,24,8298.155709205235,5.406860541999777
SCSO,CEC2017_F25,25,5008.605059172447,5.1628632500001
SCSO,CEC2017_F25,26,12771.432254955538,5.18183983300014
SCSO,CEC2017_F25,27,4863.276866046415,5.3541538750000655
SCSO,CEC2017_F25,28,5236.454112259897,5.357822916999794
SCSO,CEC2017_F25,29,10984.614059705355,5.286411125000086
ECL-SCSO,CEC2017_F8,0,811.5413730343752,0.6304264580003291
ECL-SCSO,CEC2017_F8,1,811.0005728768188,0.6363284580002073
ECL-SCSO,CEC2017_F8,2,814.6293563203805,0.650718667000092
ECL-SCSO,CEC2017_F8,3,810.4839032519604,0.6191157080002085
ECL-SCSO,CEC2017_F8,4,815.4004453602935,0.6064768340002047
ECL-SCSO,CEC2017_F8,5,818.093533683623,0.632034332999865
ECL-SCSO,CEC2017_F8,6,812.041132541883,0.6391625000001113
ECL-SCSO,CEC2017_F8,7,810.2826741051915,0.6091865000003054
ECL-SCSO,CEC2017_F8,8,812.5467818490522,0.6489051669996115
ECL-SCSO,CEC2017_F8,9,814.362566697909,0.6473953330000768
ECL-SCSO,CEC2017_F8,10,813.5095594071303,0.5959722089996831
ECL-SCSO,CEC2017_F8,11,816.7354031888364,0.5981927500001802
ECL-SCSO,CEC2017_F8,12,807.9409013306936,0.6615864159998637
ECL-SCSO,CEC2017_F8,13,815.8732730377928,0.6347468750000189
ECL-SCSO,CEC2017_F8,14,816.5325767874507,0.6269143750000694
ECL-SCSO,CEC2017_F8,15,810.0645901674615,0.5766995420003695
ECL-SCSO,CEC2017_F8,16,817.9992756901332,0.6448505419998583
ECL-SCSO,CEC2017_F8,17,817.0293681281627,0.629284041000119
ECL-SCSO,CEC2017_F8,18,809.2137559024677,0.6134633749998102
ECL-SCSO,CEC2017_F8,19,810.584957946653,0.598938917000396
ECL-SCSO,CEC2017_F8,20,811.0146060059006,0.6074187919998622
ECL-SCSO,CEC2017_F8,21,809.0743378920753,0.6343200420001267
ECL-SCSO,CEC2017_F8,22,814.9971249987394,0.660183083999982
ECL-SCSO,CEC2017_F8,23,808.3965719176304,0.6269205420003345
ECL-SCSO,CEC2017_F8,24,810.4251803590214,0.7373206249999384
ECL-SCSO,CEC2017_F8,25,815.2258816791123,0.6292278749997422
ECL-SCSO,CEC2017_F8,26,818.0951436198499,0.626581625000199
ECL-SCSO,CEC2017_F8,27,814.6082430417548,0.6239938749999965
ECL-SCSO,CEC2017_F8,28,812.8637367362883,0.6029914999999164
ECL-SCSO,CEC2017_F8,29,813.3685799896914,0.6472043329999906
SCSO,CEC2017_F26,0,3752.832592670563,6.931087832999765
SCSO,CEC2017_F26,1,3928.873289508845,5.520838875000209
SCSO,CEC2017_F26,2,4860.600404436101,5.8202842079999755
SCSO,CEC2017_F26,3,3742.0641356659535,5.622012583000014
SCSO,CEC2017_F26,4,4276.678357876763,5.540535916999943
SCSO,CEC2017_F26,5,3641.4989889577246,5.530903708000096
SCSO,CEC2017_F26,6,3593.3684463308073,5.741997000000083
SCSO,CEC2017_F26,7,4005.773859766249,5.5786582499999895
SCSO,CEC2017_F26,8,3986.186162160236,5.5634317079998254
SCSO,CEC2017_F26,9,3561.1718269006824,5.570022834000156
SCSO,CEC2017_F26,10,3661.530492539191,5.711419666999973
SCSO,CEC2017_F26,11,3909.756782905456,5.4018165829998
SCSO,CEC2017_F26,12,3951.202347002748,5.569064374999925
SCSO,CEC2017_F26,13,4003.168863272035,5.372495209000135
SCSO,CEC2017_F26,14,3522.92629487067,5.373311958999693
SCSO,CEC2017_F26,15,3990.455498196313,5.5480742089998785
SCSO,CEC2017_F26,16,3282.0015099382686,5.515606542000114
SCSO,CEC2017_F26,17,3796.53276983414,5.609089207999659
SCSO,CEC2017_F26,18,4370.792035802989,5.167627583000012
SCSO,CEC2017_F26,19,4480.243850290309,5.295602874999986
SCSO,CEC2017_F26,20,3859.544900747917,5.578667332999885
SCSO,CEC2017_F26,21,4009.749792248763,5.333585583000058
SCSO,CEC2017_F26,22,4104.086715761773,5.4651702910000495
SCSO,CEC2017_F26,23,3915.363114295085,5.550001583999801
SCSO,CEC2017_F26,24,4531.261700259085,5.343942917000277
SCSO,CEC2017_F26,25,3554.814148432649,5.460505166000075
SCSO,CEC2017_F26,26,4187.780109373762,5.486659332999807
SCSO,CEC2017_F26,27,4695.1993223096215,5.446918582999842
SCSO,CEC2017_F26,28,4192.255866692394,5.401728165999884
SCSO,CEC2017_F26,29,4938.123498327596,5.4710987500002375
ECL-SCSO,CEC2017_F7,0,1169.8127758696892,1.0587799580002866
ECL-SCSO,CEC2017_F7,1,1214.5009109562343,1.0413985420000245
ECL-SCSO,CEC2017_F7,2,1161.0636322017435,1.0619499159997758
ECL-SCSO,CEC2017_F7,3,1256.278329939919,1.088484833000166
ECL-SCSO,CEC2017_F7,4,1107.6115596302045,1.0372954580002443
ECL-SCSO,CEC2017_F7,5,1195.7057378092186,0.9981685410002683
ECL-SCSO,CEC2017_F7,6,1193.7200490245748,1.0206813330000841
ECL-SCSO,CEC2017_F7,7,1162.6092234177452,1.0791229999999814
ECL-SCSO,CEC2017_F7,8,1188.9526804925506,1.0378923749999558
ECL-SCSO,CEC2017_F7,9,1275.500047300619,1.046628750000309
ECL-SCSO,CEC2017_F7,10,1172.5000813253369,1.0435155000000123
ECL-SCSO,CEC2017_F7,11,1152.126814425219,1.0438841249997495
ECL-SCSO,CEC2017_F7,12,1243.7468650101275,1.0715798749997703
ECL-SCSO,CEC2017_F7,13,1241.0463018854791,0.9721037499998602
ECL-SCSO,CEC2017_F7,14,1202.500030539142,1.1728712079998331
ECL-SCSO,CEC2017_F7,15,1329.812368255618,1.0863979999999174
ECL-SCSO,CEC2017_F7,16,1092.0142725872063,1.0263666250002643
ECL-SCSO,CEC2017_F7,17,1178.1900020010385,1.0623277499998949
ECL-SCSO,CEC2017_F7,18,973.6574813702224,1.095419375000347
ECL-SCSO,CEC2017_F7,19,1265.560344973751,1.0257460839998203
ECL-SCSO,CEC2017_F7,20,1286.4976153316318,1.0681980409999596
ECL-SCSO,CEC2017_F7,21,989.1645058726516,1.1301556670000537
ECL-SCSO,CEC2017_F7,22,1157.7684157869417,1.0316854580000836
ECL-SCSO,CEC2017_F7,23,1191.002491220903,0.9988240419997965
ECL-SCSO,CEC2017_F7,24,1289.0133227351007,1.0596588749999682
ECL-SCSO,CEC2017_F7,25,1138.5054409713753,1.033826708000106
ECL-SCSO,CEC2017_F7,26,1320.0002562644495,1.0607001250000394
ECL-SCSO,CEC2017_F7,27,1240.5005352838073,1.0407971250001538
ECL-SCSO,CEC2017_F7,28,1128.1093591060473,0.980501749999803
ECL-SCSO,CEC2017_F7,29,1209.8036588512564,1.0331056660002105
ECL-SCSO,CEC2017_F10,0,4143309.5484020845,0.7762540839999019
ECL-SCSO,CEC2017_F10,1,146001.81737998716,0.7582284999998592
ECL-SCSO,CEC2017_F10,2,6770713.765036352,0.7691085829997064
ECL-SCSO,CEC2017_F10,3,25707803.254455134,0.716298208000353
ECL-SCSO,CEC2017_F10,4,105159.15398310943,0.7408534169999257
ECL-SCSO,CEC2017_F10,5,148563.8327295714,0.7561062499999025
ECL-SCSO,CEC2017_F10,6,133791.57857140916,0.7882458340000085
ECL-SCSO,CEC2017_F10,7,392094.31567537226,0.7254394579999826
ECL-SCSO,CEC2017_F10,8,226948158.4126125,0.7819417089999661
ECL-SCSO,CEC2017_F10,9,188598.54095719664,0.7474296660002437
ECL-SCSO,CEC2017_F10,10,94904.77455496817,0.7538618329999736
ECL-SCSO,CEC2017_F10,11,269383.7272062944,0.720869582999967
ECL-SCSO,CEC2017_F10,12,385173.52663149906,0.6521610409999994
ECL-SCSO,CEC2017_F10,13,314837106.5665713,0.7166452499996012
ECL-SCSO,CEC2017_F10,14,142398.46970928955,0.7705320000000029
ECL-SCSO,CEC2017_F10,15,94808.21121361494,0.8735804580001059
ECL-SCSO,CEC2017_F10,16,131953.64186471238,0.7368036249999932
ECL-SCSO,CEC2017_F10,17,120086.70837623111,0.7562800410000818
ECL-SCSO,CEC2017_F10,18,560702.2846111266,0.7193050000000767
ECL-SCSO,CEC2017_F10,19,2443940.084287186,0.7346992919997319
ECL-SCSO,CEC2017_F10,20,220520.40881929384,0.7423008329997174
ECL-SCSO,CEC2017_F10,21,2494136.9413020494,0.7234706250001182
ECL-SCSO,CEC2017_F10,22,250422.61041189078,0.7397540000001754
ECL-SCSO,CEC2017_F10,23,167349.27705060304,0.7314141249999011
ECL-SCSO,CEC2017_F10,24,161749.99768508525,0.7465934580000066
ECL-SCSO,CEC2017_F10,25,5872794.558726701,0.7317117920001692
ECL-SCSO,CEC2017_F10,26,10746197.832955142,0.7219314160001886
ECL-SCSO,CEC2017_F10,27,133474.02162187052,0.7054847079998581
ECL-SCSO,CEC2017_F10,28,155341.23277029337,0.735180666999895
ECL-SCSO,CEC2017_F10,29,103970.75606386582,0.7869032500002504
ECL-SCSO,CEC2017_F9,0,6199.722360908594,1.0098747910001293
ECL-SCSO,CEC2017_F9,1,5846.892325580734,1.0306239999999889
ECL-SCSO,CEC2017_F9,2,6663.871575831454,1.018091958000241
ECL-SCSO,CEC2017_F9,3,5329.263232714118,1.001809584000057
ECL-SCSO,CEC2017_F9,4,5035.077175327206,1.0606929169998693
ECL-SCSO,CEC2017_F9,5,5117.746418171158,1.041891249999935
ECL-SCSO,CEC2017_F9,6,6109.989821488854,1.047433207999802
ECL-SCSO,CEC2017_F9,7,5058.038554567287,0.9663669579999805
ECL-SCSO,CEC2017_F9,8,5546.547844969284,1.0062336249998225
ECL-SCSO,CEC2017_F9,9,5712.846205968087,0.9736185410001781
ECL-SCSO,CEC2017_F9,10,7504.746111269302,1.0349085830002878
ECL-SCSO,CEC2017_F9,11,6898.188982612618,1.0032479580004292
ECL-SCSO,CEC2017_F9,12,6308.394173023322,1.003306000000066
ECL-SCSO,CEC2017_F9,13,5649.620317718397,0.9876316250001764
ECL-SCSO,CEC2017_F9,14,6732.953071046226,1.0063827499998297
ECL-SCSO,CEC2017_F9,15,5737.711513858638,1.1306351250000262
ECL-SCSO,CEC2017_F9,16,6070.667448003726,1.042018791999908
ECL-SCSO,CEC2017_F9,17,6730.662091960865,1.0044002499998896
ECL-SCSO,CEC2017_F9,18,6036.299607433723,1.0609937499998523
ECL-SCSO,CEC2017_F9,19,6277.175472848752,1.0083159159999013
ECL-SCSO,CEC2017_F9,20,5750.492905040685,1.0328813750002155
ECL-SCSO,CEC2017_F9,21,6882.999590593165,1.0065711669999473
ECL-SCSO,CEC2017_F9,22,5798.080508706527,1.002829333000136
ECL-SCSO,CEC2017_F9,23,5709.088192282953,1.0199376669997946
ECL-SCSO,CEC2017_F9,24,6339.155948446777,1.0625124590001178
ECL-SCSO,CEC2017_F9,25,6771.313898090771,0.9833091669997884
ECL-SCSO,CEC2017_F9,26,4858.106726399557,1.0960117909999099
ECL-SCSO,CEC2017_F9,27,5779.609739618601,1.0048728340002526
ECL-SCSO,CEC2017_F9,28,5588.8454784557525,0.9981198330001462
ECL-SCSO,CEC2017_F9,29,5386.4288240005235,1.026840459000141
ECL-SCSO,CEC2017_F12,0,206945008.2447673,0.7934949999998935
ECL-SCSO,CEC2017_F12,1,2340638678.848769,0.8495603749997827
ECL-SCSO,CEC2017_F12,2,859936189.1308028,0.8772609170000578
ECL-SCSO,CEC2017_F12,3,218201446.310224,0.8475139580000359
ECL-SCSO,CEC2017_F12,4,33551858.380458415,0.8096594170001481
ECL-SCSO,CEC2017_F12,5,298686716.26984245,0.864600542000062
ECL-SCSO,CEC2017_F12,6,1392581086.8321064,0.8452303330000177
ECL-SCSO,CEC2017_F12,7,397847637.63020444,0.844287166000413
ECL-SCSO,CEC2017_F12,8,56740426.25948367,0.8178559590000987
ECL-SCSO,CEC2017_F12,9,207386818.72999102,0.8143519999998716
ECL-SCSO,CEC2017_F12,10,1516841885.4315975,0.9596805830001358
ECL-SCSO,CEC2017_F12,11,126015067.76161209,0.8318996250000055
ECL-SCSO,CEC2017_F12,12,38980013.98114213,0.8179472080000778
ECL-SCSO,CEC2017_F12,13,68672327.62784171,0.8813914580000528
ECL-SCSO,CEC2017_F12,14,1576885401.8684263,0.8815027499999815
ECL-SCSO,CEC2017_F12,15,3058718334.3960605,0.8081255829997644
ECL-SCSO,CEC2017_F12,16,237417232.6617118,0.834168082999895
ECL-SCSO,CEC2017_F12,17,22640004.5691237,0.7568850409998049
ECL-SCSO,CEC2017_F12,18,1505878343.4440007,0.8141598339998382
ECL-SCSO,CEC2017_F12,19,21295214.527215254,0.881212540999968
ECL-SCSO,CEC2017_F12,20,467754635.4769593,0.8587401250001676
ECL-SCSO,CEC2017_F12,21,131408270.38977224,0.8492503329998726
ECL-SCSO,CEC2017_F12,22,119960794.75179629,0.7889273750001848
ECL-SCSO,CEC2017_F12,23,1255810472.7231233,0.8366358339999351
ECL-SCSO,CEC2017_F12,24,466989884.6037915,0.8559867909998502
ECL-SCSO,CEC2017_F12,25,696310236.6848754,0.8686145830001806
ECL-SCSO,CEC2017_F12,26,30598357.121287517,0.8407255000001896
ECL-SCSO,CEC2017_F12,27,731701500.0192487,0.78602012500005
ECL-SCSO,CEC2017_F12,28,28661831.779902164,0.8168725830000767
ECL-SCSO,CEC2017_F12,29,3341691944.899812,0.8378273329999502
ECL-SCSO,CEC2017_F14,0,1376269732.6001334,0.7962390419997973
ECL-SCSO,CEC2017_F14,1,11299172.363933565,0.8957620829996813
ECL-SCSO,CEC2017_F14,2,111510607.6868226,0.8355707089999669
ECL-SCSO,CEC2017_F14,3,13431638.244321302,0.8873418330003915
ECL-SCSO,CEC2017_F14,4,2328901.7930848175,0.9208314579996113
ECL-SCSO,CEC2017_F14,5,128082465.70546181,0.8395274590002373
ECL-SCSO,CEC2017_F14,6,16295657.91679746,0.8538082919999397
ECL-SCSO,CEC2017_F14,7,2227016.9816008373,0.826184000000012
ECL-SCSO,CEC2017_F14,8,1015830.6174436929,0.826231750000261
ECL-SCSO,CEC2017_F14,9,7452297.321583775,0.8285339160001968
ECL-SCSO,CEC2017_F14,10,14951420.446064051,0.7775527500002681
ECL-SCSO,CEC2017_F14,11,10610533.46825859,0.856503624999732
ECL-SCSO,CEC2017_F14,12,31969209.596683975,0.8469028749996141
ECL-SCSO,CEC2017_F14,13,5142209.638619798,0.8183932920001098
ECL-SCSO,CEC2017_F14,14,1381409.0447981725,0.8499859160001506
ECL-SCSO,CEC2017_F14,15,1068419.1290294454,0.8220747909999773
ECL-SCSO,CEC2017_F14,16,31839032.12196361,0.8290930409998509
ECL-SCSO,CEC2017_F14,17,4056668.6327218837,0.8366392919997452
ECL-SCSO,CEC2017_F14,18,1631768.172693015,0.7524881660001483
ECL-SCSO,CEC2017_F14,19,337293009.47428846,0.8496554169996671
ECL-SCSO,CEC2017_F14,20,8268351.918602842,0.8474436659998901
ECL-SCSO,CEC2017_F14,21,12024465.923960503,0.8264987910001764
ECL-SCSO,CEC2017_F14,22,24490736.732101087,0.8570217080000475
ECL-SCSO,CEC2017_F14,23,28393288.07282608,0.8292097500002455
ECL-SCSO,CEC2017_F14,24,24277789.41352545,0.8148570840003231
ECL-SCSO,CEC2017_F14,25,2033400472.841076,0.8939171249999163
ECL-SCSO,CEC2017_F14,26,93074470.72381172,0.8614587090000896
ECL-SCSO,CEC2017_F14,27,5398625.12595245,0.7686829999997826
ECL-SCSO,CEC2017_F14,28,434255329.38266337,0.8275858340002742
ECL-SCSO,CEC2017_F14,29,3334120.235157395,0.8444923329998346
ECL-SCSO,CEC2017_F11,0,161974057.8899959,1.2126740419998896
ECL-SCSO,CEC2017_F11,1,272820177.92783815,1.174187042000085
ECL-SCSO,CEC2017_F11,2,242363526.19705257,1.2285152080003172
ECL-SCSO,CEC2017_F11,3,2853147423.0581093,1.1687853329999598
ECL-SCSO,CEC2017_F11,4,97087840.25269806,1.1730607919998874
ECL-SCSO,CEC2017_F11,5,132783851.03949334,1.1837153750002471
ECL-SCSO,CEC2017_F11,6,100290615.10834679,1.1513229160000265
ECL-SCSO,CEC2017_F11,7,55322532.27440858,1.1826547089999622
ECL-SCSO,CEC2017_F11,8,150411411.62225553,1.3517207079999025
ECL-SCSO,CEC2017_F11,9,70420346.74290182,1.173393374999705
ECL-SCSO,CEC2017_F11,10,157493305.01825148,1.173223207999854
ECL-SCSO,CEC2017_F11,11,120409738.20710616,1.227705917000094
ECL-SCSO,CEC2017_F11,12,66892235.73554173,1.2012132079998992
ECL-SCSO,CEC2017_F11,13,280862403.9682533,1.2276619590002156
ECL-SCSO,CEC2017_F11,14,84340666.92458096,1.21739666700023
ECL-SCSO,CEC2017_F11,15,348337977.12974817,1.2075473330000932
ECL-SCSO,CEC2017_F11,16,192127145.81784603,1.18459966599994
ECL-SCSO,CEC2017_F11,17,83529874.92129868,1.2358479169997736
ECL-SCSO,CEC2017_F11,18,1509286643.6938999,1.1511923749999369
ECL-SCSO,CEC2017_F11,19,205757331.74941033,1.1932559580000088
ECL-SCSO,CEC2017_F11,20,59253692.08095744,1.2289237080003659
ECL-SCSO,CEC2017_F11,21,771089082.3011392,1.1705242500001987
ECL-SCSO,CEC2017_F11,22,26819733.211908426,1.2324687089999316
ECL-SCSO,CEC2017_F11,23,3968006789.4257054,1.1446446250001827
ECL-SCSO,CEC2017_F11,24,520816952.77583706,1.2173920840000392
ECL-SCSO,CEC2017_F11,25,5830731296.702866,1.223681917000249
ECL-SCSO,CEC2017_F11,26,84435586.76126377,1.2313854999997602
ECL-SCSO,CEC2017_F11,27,136779360.73956534,1.2140995830000065
ECL-SCSO,CEC2017_F11,28,104887365.82624939,1.2073749159999352
ECL-SCSO,CEC2017_F11,29,142861177.3756505,1.1925124589997722
ECL-SCSO,CEC2017_F13,0,1170693.0865013006,0.9907383340000706
ECL-SCSO,CEC2017_F13,1,902891.0889966311,1.0629507500002546
ECL-SCSO,CEC2017_F13,2,6355491.454074206,1.0228301249999276
ECL-SCSO,CEC2017_F13,3,266756.2824408433,1.1040900840002905
ECL-SCSO,CEC2017_F13,4,2534523.8487663046,1.047631167000418
ECL-SCSO,CEC2017_F13,5,199034.27350204848,1.0046076660000836
ECL-SCSO,CEC2017_F13,6,292506.3389481397,0.9846907080000165
ECL-SCSO,CEC2017_F13,7,2148031.6518451194,0.9911424160000024
ECL-SCSO,CEC2017_F13,8,5452235.599661731,0.972991957999966
ECL-SCSO,CEC2017_F13,9,285102.5663246857,1.0262787080000635
ECL-SCSO,CEC2017_F13,10,570363.0927213418,0.9751033749998896
ECL-SCSO,CEC2017_F13,11,1238487.1944233389,1.0587647500001367
ECL-SCSO,CEC2017_F13,12,990665.3593108101,0.9778776660000403
ECL-SCSO,CEC2017_F13,13,3368787.547129794,0.9941404579999471
ECL-SCSO,CEC2017_F13,14,842054.1783239396,0.9617671660002998
ECL-SCSO,CEC2017_F13,15,3524623.3192773787,1.0061482500000238
ECL-SCSO,CEC2017_F13,16,833015.5596717333,0.9939532500002315
ECL-SCSO,CEC2017_F13,17,333793.1991752137,1.0100003749998905
ECL-SCSO,CEC2017_F13,18,1839350.288514,1.012075540999831
ECL-SCSO,CEC2017_F13,19,536183.548562643,0.9964663329997165
ECL-SCSO,CEC2017_F13,20,2418419.551496641,0.9972721250001086
ECL-SCSO,CEC2017_F13,21,430825.3719696633,1.0063225419999071
ECL-SCSO,CEC2017_F13,22,596519.0398330253,0.9794241670001611
ECL-SCSO,CEC2017_F13,23,2643815.8232943243,0.9884942919998139
ECL-SCSO,CEC2017_F13,24,6099829.088233576,0.9791529170001922
ECL-SCSO,CEC2017_F13,25,506423.31612783414,1.04843691699989
ECL-SCSO,CEC2017_F13,26,1389780.2178142814,0.977625375000116
ECL-SCSO,CEC2017_F13,27,372719.38797243405,0.9936212080001496
ECL-SCSO,CEC2017_F13,28,1078017.7634910769,1.0161302079995949
ECL-SCSO,CEC2017_F13,29,445354.60785190854,1.0332930829999896
ECL-SCSO,CEC2017_F17,0,1136914.9333847417,1.002309458000127
ECL-SCSO,CEC2017_F17,1,3077420.1000781325,1.0398404170000504
ECL-SCSO,CEC2017_F17,2,322602.62016425654,1.070730709000145
ECL-SCSO,CEC2017_F17,3,748540.6423711994,1.0142970419997255
ECL-SCSO,CEC2017_F17,4,505382.23918140295,1.0272591250000005
ECL-SCSO,CEC2017_F17,5,1471494.2591563421,1.0347758330003671
ECL-SCSO,CEC2017_F17,6,879869.6362100675,0.9612789170000724
ECL-SCSO,CEC2017_F17,7,1932538.8136452122,1.0291640840000582
ECL-SCSO,CEC2017_F17,8,1188755.4914276255,1.022097292000126
ECL-SCSO,CEC2017_F17,9,746862.3172078831,1.0142658749996372
ECL-SCSO,CEC2017_F17,10,1135361.956097326,1.0335771660002138
ECL-SCSO,CEC2017_F17,11,774165.0939032687,1.0522685840001031
ECL-SCSO,CEC2017_F17,12,186486.13653916417,1.0504122919996917
ECL-SCSO,CEC2017_F17,13,1630360.6634316645,1.085669083999619
ECL-SCSO,CEC2017_F17,14,2390797.0857950137,1.0914729159999297
ECL-SCSO,CEC2017_F17,15,3976824.72760686,1.0583262499999364
ECL-SCSO,CEC2017_F17,16,1370000.334153644,1.047580458000084
ECL-SCSO,CEC2017_F17,17,452350.5528926316,1.0313202500001353
ECL-SCSO,CEC2017_F17,18,631294.049401997,1.074914875000104
ECL-SCSO,CEC2017_F17,19,961428.2546940057,1.0456735840002693
ECL-SCSO,CEC2017_F17,20,1664364.3969342504,1.1911069579996365
ECL-SCSO,CEC2017_F17,21,550964.1622978623,1.036323958000139
ECL-SCSO,CEC2017_F17,22,757710.8306663852,1.0504209579999042
ECL-SCSO,CEC2017_F17,23,744944.8731695568,1.0692803329998242
ECL-SCSO,CEC2017_F17,24,523534.28509384114,1.0398238329999003
ECL-SCSO,CEC2017_F17,25,1737597.3144556305,1.0199740829998518
ECL-SCSO,CEC2017_F17,26,980697.5297115166,1.0292343329997493
ECL-SCSO,CEC2017_F17,27,427386.7840624016,1.0487446659999478
ECL-SCSO,CEC2017_F17,28,676143.9838521485,1.0362800830002925
ECL-SCSO,CEC2017_F17,29,1658389.9591714814,1.056561082999906
ECL-SCSO,CEC2017_F20,0,7597.484159913491,1.382424291999996
ECL-SCSO,CEC2017_F20,1,3631.9654993041395,1.3582777500000702
ECL-SCSO,CEC2017_F20,2,4268.134971153352,1.344728667000254
ECL-SCSO,CEC2017_F20,3,3844.166180254158,1.3514620000000832
ECL-SCSO,CEC2017_F20,4,7397.432729675498,1.4676403749999736
ECL-SCSO,CEC2017_F20,5,7664.104113208034,1.283527416999732
ECL-SCSO,CEC2017_F20,6,6033.3490448154735,1.2346504170000117
ECL-SCSO,CEC2017_F20,7,8736.200784670316,1.352116207999643
ECL-SCSO,CEC2017_F20,8,4510.339237089152,1.459409499999765
ECL-SCSO,CEC2017_F20,9,5491.899743252447,1.335831416000019
ECL-SCSO,CEC2017_F20,10,6840.85223035816,1.3226061249997656
ECL-SCSO,CEC2017_F20,11,3334.684392082332,1.3218102499999986
ECL-SCSO,CEC2017_F20,12,11133.581093286091,1.3841337909998401
ECL-SCSO,CEC2017_F20,13,4666.577359672339,1.326338792000115
ECL-SCSO,CEC2017_F20,14,4363.31371721712,1.3006227089999811
ECL-SCSO,CEC2017_F20,15,6190.20363569654,1.3456498340001417
ECL-SCSO,CEC2017_F20,16,2996.1115508869334,1.3870799589999478
ECL-SCSO,CEC2017_F20,17,10308.35829169851,1.3656283330001315
ECL-SCSO,CEC2017_F20,18,15066.150992787081,1.3834440830000858
ECL-SCSO,CEC2017_F20,19,9702.192803548322,1.3410307079998347
ECL-SCSO,CEC2017_F20,20,3424.812908688895,1.3329272089999904
ECL-SCSO,CEC2017_F20,21,14278.507858990039,1.3186356249998425
ECL-SCSO,CEC2017_F20,22,5130.048359205758,1.3287778750000143
ECL-SCSO,CEC2017_F20,23,18914.609797257363,1.3909906670000964
ECL-SCSO,CEC2017_F20,24,8543.55624621419,1.3373234589998901
ECL-SCSO,CEC2017_F20,25,3405.5217754406103,1.4206676670000888
ECL-SCSO,CEC2017_F20,26,13549.934979492215,1.4625107500000922
ECL-SCSO,CEC2017_F20,27,5981.731724457823,1.3749767919998703
ECL-SCSO,CEC2017_F20,28,2979.972562249095,1.346903334000217
ECL-SCSO,CEC2017_F20,29,4272.491762933851,1.3944022919999952
ECL-SCSO,CEC2017_F15,0,5011047.927633421,2.2876472080001804
ECL-SCSO,CEC2017_F15,1,804163.0853755624,2.208051417000206
ECL-SCSO,CEC2017_F15,2,4124185.380304825,2.243737333000354
ECL-SCSO,CEC2017_F15,3,321565.8697428699,2.2731129580001834
ECL-SCSO,CEC2017_F15,4,5408557.846301315,2.287864333000016
ECL-SCSO,CEC2017_F15,5,1029537.2117671359,2.2146740829998635
ECL-SCSO,CEC2017_F15,6,95402.46240308911,2.3123337920001177
ECL-SCSO,CEC2017_F15,7,37243152.740111366,2.266119874999731
ECL-SCSO,CEC2017_F15,8,51095.96462043822,2.290577082999789
ECL-SCSO,CEC2017_F15,9,195457.32041451675,2.3047344579999844
ECL-SCSO,CEC2017_F15,10,5567062.173690523,2.2577479999999923
ECL-SCSO,CEC2017_F15,11,349487.1185857026,2.2683379579998473
ECL-SCSO,CEC2017_F15,12,177106.2102387756,2.4414691249999123
ECL-SCSO,CEC2017_F15,13,87964.92164260068,2.279289792000327
ECL-SCSO,CEC2017_F15,14,46793.38129717106,2.3172586669998054
ECL-SCSO,CEC2017_F15,15,1019300.0120858052,2.3253039579999495
ECL-SCSO,CEC2017_F15,16,30230462.498729452,2.2414470839999012
ECL-SCSO,CEC2017_F15,17,1355123.19574246,2.356529749999936
ECL-SCSO,CEC2017_F15,18,34108258.34899552,2.2890265420001015
ECL-SCSO,CEC2017_F15,19,186944.3208024098,2.3030256249999184
ECL-SCSO,CEC2017_F15,20,139670.66329329988,2.317972708999605
ECL-SCSO,CEC2017_F15,21,54872.87698859938,2.3079823750003925
ECL-SCSO,CEC2017_F15,22,153127.5888901189,2.3779210840002634
ECL-SCSO,CEC2017_F15,23,89781.95996159813,2.3249792090000483
ECL-SCSO,CEC2017_F15,24,1372509.1293651247,2.3449084999997467
ECL-SCSO,CEC2017_F15,25,1443737.3453490087,2.4256411249998564
ECL-SCSO,CEC2017_F15,26,71831216.76371941,2.3062422079997305
ECL-SCSO,CEC2017_F15,27,53422.75072559034,2.2795331250003983
ECL-SCSO,CEC2017_F15,28,3477714.7414845033,2.247967625000001
ECL-SCSO,CEC2017_F15,29,2332150.137641218,2.499375874999714
ECL-SCSO,CEC2017_F21,0,2425.6458801594667,1.8801096670003972
ECL-SCSO,CEC2017_F21,1,2473.372567913495,1.9824450830001297
ECL-SCSO,CEC2017_F21,2,2522.2340245463884,1.907513375000235
ECL-SCSO,CEC2017_F21,3,2399.585086153235,1.8457471669998995
ECL-SCSO,CEC2017_F21,4,2401.850605543262,1.8493306670002312
ECL-SCSO,CEC2017_F21,5,2491.8243031616657,1.9752125420000084
ECL-SCSO,CEC2017_F21,6,2530.217802586165,1.8454182919999766
ECL-SCSO,CEC2017_F21,7,2789.288271230011,1.9153830000000198
ECL-SCSO,CEC2017_F21,8,2446.5701302609127,1.884899083000164
ECL-SCSO,CEC2017_F21,9,2444.93752783293,1.7566891249998662
ECL-SCSO,CEC2017_F21,10,2528.2182528708477,1.8735278330000256
ECL-SCSO,CEC2017_F21,11,2426.966954009874,1.909784958000273
ECL-SCSO,CEC2017_F21,12,2461.938349473532,1.9178989580000234
ECL-SCSO,CEC2017_F21,13,2450.568725563565,1.8861807080002109
ECL-SCSO,CEC2017_F21,14,2543.7048493794464,1.8542782499998793
ECL-SCSO,CEC2017_F21,15,2467.668679948612,1.8796475409999402
ECL-SCSO,CEC2017_F21,16,2646.433989295103,1.8742910830001165
ECL-SCSO,CEC2017_F21,17,2758.026888522726,2.0937292909998177
ECL-SCSO,CEC2017_F21,18,2540.0787762640525,1.8174374579998585
ECL-SCSO,CEC2017_F21,19,2424.1535405999966,1.837018917000023
ECL-SCSO,CEC2017_F21,20,3296.5168099608245,1.787629165999988
ECL-SCSO,CEC2017_F21,21,2379.602643030708,1.8558049590001247
ECL-SCSO,CEC2017_F21,22,2516.9624748755327,1.8649209999998675
ECL-SCSO,CEC2017_F21,23,2716.658924494547,1.8929577919998337
ECL-SCSO,CEC2017_F21,24,2511.5334359228145,1.8206618750000416
ECL-SCSO,CEC2017_F21,25,2586.7379033673706,1.9273471669998798
ECL-SCSO,CEC2017_F21,26,2653.2778564973887,1.924369041999853
ECL-SCSO,CEC2017_F21,27,2422.128628381702,1.9773727919996418
ECL-SCSO,CEC2017_F21,28,2639.7258652699948,1.990915916999711
ECL-SCSO,CEC2017_F21,29,2548.2777744621635,1.8423117500001354
ECL-SCSO,CEC2017_F22,0,13232.135000114708,2.094788584000071
ECL-SCSO,CEC2017_F22,1,18710.263556177648,2.162491874999887
ECL-SCSO,CEC2017_F22,2,18491.220879336353,2.2290400410001894
ECL-SCSO,CEC2017_F22,3,22277.65709601283,2.192764458000056
ECL-SCSO,CEC2017_F22,4,11819.049234828497,2.2815549590000046
ECL-SCSO,CEC2017_F22,5,22153.273835468743,2.1157380000004196
ECL-SCSO,CEC2017_F22,6,8966.273042259476,2.030920708999929
ECL-SCSO,CEC2017_F22,7,28016.83154234173,2.1365887920001114
ECL-SCSO,CEC2017_F22,8,16909.916490245425,2.125006250000297
ECL-SCSO,CEC2017_F22,9,13975.354803630338,2.1456414999997833
ECL-SCSO,CEC2017_F22,10,16489.454554558695,2.247450709000077
ECL-SCSO,CEC2017_F22,11,13944.30740411587,2.168875291999939
ECL-SCSO,CEC2017_F22,12,20852.02682202055,2.1773252500001945
ECL-SCSO,CEC2017_F22,13,36978.113502141154,2.233002375000069
ECL-SCSO,CEC2017_F22,14,13742.376671023645,2.3372978750003313
ECL-SCSO,CEC2017_F22,15,16426.880412861003,2.2264394580001863
ECL-SCSO,CEC2017_F22,16,17238.847394391792,2.1883857500001795
ECL-SCSO,CEC2017_F22,17,15034.901042286572,2.2122164590000466
ECL-SCSO,CEC2017_F22,18,22069.6570117689,2.236634374999994
ECL-SCSO,CEC2017_F22,19,14164.914967829245,2.252543083999626
ECL-SCSO,CEC2017_F22,20,14456.688715734457,2.391354708000108
ECL-SCSO,CEC2017_F22,21,13043.58650161942,2.2142124590000094
ECL-SCSO,CEC2017_F22,22,14540.592978874283,2.068616834000295
ECL-SCSO,CEC2017_F22,23,22738.169323487447,2.2159133749996727
ECL-SCSO,CEC2017_F22,24,8903.594718713106,2.200404165999771
ECL-SCSO,CEC2017_F22,25,17826.527045536393,2.2851068330001
ECL-SCSO,CEC2017_F22,26,14395.246173091951,2.1464337499996873
ECL-SCSO,CEC2017_F22,27,22696.01272487007,2.2103443750002043
ECL-SCSO,CEC2017_F22,28,7223.423228495528,2.2675344580002275
ECL-SCSO,CEC2017_F22,29,15336.818617946701,2.147309334000056
SCSO,CEC2017_F28,0,2164676743100.2615,9.580823249999867
SCSO,CEC2017_F28,1,54335175981.981,9.190724125000088
SCSO,CEC2017_F28,2,1073984543137.1759,9.321784124999795
SCSO,CEC2017_F28,3,216261937920.14435,9.085812083000292
SCSO,CEC2017_F28,4,64809197759.49216,9.138671708999937
SCSO,CEC2017_F28,5,10855752354.904047,9.347374666999713
SCSO,CEC2017_F28,6,9195688585.647503,8.993668999999954
SCSO,CEC2017_F28,7,5998948349.055198,9.041137249999792
SCSO,CEC2017_F28,8,3211347236.387878,9.154864999999972
SCSO,CEC2017_F28,9,22123746843.48873,8.948704625000119
SCSO,CEC2017_F28,10,26560171412.741573,9.051205750000008
SCSO,CEC2017_F28,11,37012447517.3533,8.780002666999735
SCSO,CEC2017_F28,12,26265731297.46702,8.896632417000092
SCSO,CEC2017_F28,13,17744767373.774494,8.941171458000099
SCSO,CEC2017_F28,14,19018815140.80182,8.89427195799999
SCSO,CEC2017_F28,15,49138746861.240425,8.802106209000158
SCSO,CEC2017_F28,16,999086651178.0669,8.999575292000372
SCSO,CEC2017_F28,17,22930964790.459602,9.046600624999883
SCSO,CEC2017_F28,18,291862580330.0466,9.021227374999853
SCSO,CEC2017_F28,19,482974116323.3031,9.07306645799963
SCSO,CEC2017_F28,20,31495706079.924213,9.172254666999834
SCSO,CEC2017_F28,21,23443995258.791386,9.161344582999845
SCSO,CEC2017_F28,22,9418287932.805592,9.071043790999738
SCSO,CEC2017_F28,23,25382674373.20006,9.01216549999981
SCSO,CEC2017_F28,24,8583393436169.417,9.056892791999871
SCSO,CEC2017_F28,25,55502858543.57561,8.926274333000038
SCSO,CEC2017_F28,26,220958528714.9252,8.910210416000155
SCSO,CEC2017_F28,27,39007186315.233376,9.121121167000183
SCSO,CEC2017_F28,28,6629311558.481985,9.0472181250002
SCSO,CEC2017_F28,29,760220126089.4485,8.902830749999794
ECL-SCSO,CEC2017_F23,0,10306.065511457331,1.7122024999998757
ECL-SCSO,CEC2017_F23,1,10554.712141003753,1.6681598329996632
ECL-SCSO,CEC2017_F23,2,18132.354761512484,1.5743956249998519
ECL-SCSO,CEC2017_F23,3,19456.68999528108,1.5872753749999902
ECL-SCSO,CEC2017_F23,4,13103.795945615373,1.6831340419998924
ECL-SCSO,CEC2017_F23,5,7634.036944038871,1.65705270799981
ECL-SCSO,CEC2017_F23,6,12025.885074431259,1.761101083000085
ECL-SCSO,CEC2017_F23,7,15003.975352574827,1.6532913329997427
ECL-SCSO,CEC2017_F23,8,11478.22133159481,1.6488642909998816
ECL-SCSO,CEC2017_F23,9,17471.006695089352,1.6569465420002416
ECL-SCSO,CEC2017_F23,10,11422.41929658961,1.637480584000059
ECL-SCSO,CEC2017_F23,11,23127.75476090516,1.6251454999996895
ECL-SCSO,CEC2017_F23,12,7414.0604081166675,1.8165193330000875
ECL-SCSO,CEC2017_F23,13,23802.849042756025,1.6794229160000214
ECL-SCSO,CEC2017_F23,14,13934.61408733006,1.6514036250000572
ECL-SCSO,CEC2017_F23,15,20606.699167880663,1.6406321250001383
ECL-SCSO,CEC2017_F23,16,8318.808284731971,1.6226545419999638
ECL-SCSO,CEC2017_F23,17,17455.551366343625,1.6106175830000211
ECL-SCSO,CEC2017_F23,18,11326.24488362281,1.6878719169999385
ECL-SCSO,CEC2017_F23,19,16733.468523349144,1.6891210409999076
ECL-SCSO,CEC2017_F23,20,19511.88623025217,1.7202860830002464
ECL-SCSO,CEC2017_F23,21,12750.744093274156,1.5862701669998387
ECL-SCSO,CEC2017_F23,22,20501.289337092294,1.6227855830002227
ECL-SCSO,CEC2017_F23,23,18546.74176266096,1.6854132919997937
ECL-SCSO,CEC2017_F23,24,14730.13633014869,1.6577844590001405
ECL-SCSO,CEC2017_F23,25,22221.60865045549,1.6666249169998082
ECL-SCSO,CEC2017_F23,26,9569.534463473126,1.6359624169999734
ECL-SCSO,CEC2017_F23,27,22003.429443269477,1.6139695000001666
ECL-SCSO,CEC2017_F23,28,16553.517140993106,1.782618167000237
ECL-SCSO,CEC2017_F23,29,17927.511196063148,1.6326002499999959
ECL-SCSO,CEC2017_F18,0,431125609442.16705,3.6354269160001422
ECL-SCSO,CEC2017_F18,1,1970845853.0866158,3.7687368749998313
ECL-SCSO,CEC2017_F18,2,16458326618255.309,3.785325291999925
ECL-SCSO,CEC2017_F18,3,5075823.792981505,3.6223327500001687
ECL-SCSO,CEC2017_F18,4,7630884085.5641575,3.928121207999993
ECL-SCSO,CEC2017_F18,5,3342500.048140232,3.9573742499997024
ECL-SCSO,CEC2017_F18,6,82055718.84154268,3.670886333999988
ECL-SCSO,CEC2017_F18,7,568594352.9857669,3.933547374999762
ECL-SCSO,CEC2017_F18,8,86971469.60697234,3.8067816669999957
ECL-SCSO,CEC2017_F18,9,8468313380.922571,3.803394749999825
ECL-SCSO,CEC2017_F18,10,54713866870.695946,3.8471726249999847
ECL-SCSO,CEC2017_F18,11,373282082.8829925,3.8248317079996923
ECL-SCSO,CEC2017_F18,12,581495386.4414383,3.7965722089998053
ECL-SCSO,CEC2017_F18,13,24474078.552224275,3.755404875000295
ECL-SCSO,CEC2017_F18,14,7082349504.186411,3.945295874999829
ECL-SCSO,CEC2017_F18,15,4325013855.597507,3.8457027919998836
ECL-SCSO,CEC2017_F18,16,7760898781.715529,3.7378590830003304
ECL-SCSO,CEC2017_F18,17,2628136238.5567975,3.853411542000231
ECL-SCSO,CEC2017_F18,18,156196.4003314595,3.917203167000025
ECL-SCSO,CEC2017_F18,19,3556873.7548535247,3.825563083000361
ECL-SCSO,CEC2017_F18,20,3575919349.0906253,3.76028820800002
ECL-SCSO,CEC2017_F18,21,525596212011.80676,3.74155966599983
ECL-SCSO,CEC2017_F18,22,6898217766.35066,3.718365249999806
ECL-SCSO,CEC2017_F18,23,5160127263.536797,3.768202792000011
ECL-SCSO,CEC2017_F18,24,558162364.5984247,3.828529792000154
ECL-SCSO,CEC2017_F18,25,411890910.45199364,4.057926250000037
ECL-SCSO,CEC2017_F18,26,4540527870.924753,3.8631132499999694
ECL-SCSO,CEC2017_F18,27,304782241.6020391,3.767667000000074
ECL-SCSO,CEC2017_F18,28,7386845874.625953,3.8356159170002684
ECL-SCSO,CEC2017_F18,29,2098304180.135843,3.8847352080001656
ECL-SCSO,CEC2017_F24,0,3249.8163633544873,1.8541138750001664
ECL-SCSO,CEC2017_F24,1,3999.0810768687084,1.7984499580002193
ECL-SCSO,CEC2017_F24,2,3278.9148701483227,1.8907745000001341
ECL-SCSO,CEC2017_F24,3,3232.31236495047,1.860607292000168
ECL-SCSO,CEC2017_F24,4,3178.292045423618,1.8450777909997669
ECL-SCSO,CEC2017_F24,5,3710.9871304752623,1.9829502920001687
ECL-SCSO,CEC2017_F24,6,3411.87302193079,1.9752247920000627
ECL-SCSO,CEC2017_F24,7,3340.4407774818883,1.9435783750000155
ECL-SCSO,CEC2017_F24,8,3079.436479701205,1.8115200830002323
ECL-SCSO,CEC2017_F24,9,3255.8736903000213,1.922098209000069
ECL-SCSO,CEC2017_F24,10,3140.962972936156,1.8876380000001518
ECL-SCSO,CEC2017_F24,11,3054.7910690575327,1.95852508400003
ECL-SCSO,CEC2017_F24,12,3106.037661742641,1.8843639159999839
ECL-SCSO,CEC2017_F24,13,3415.6938020261837,1.812319667000338
ECL-SCSO,CEC2017_F24,14,3278.916165729338,1.9615236250001544
ECL-SCSO,CEC2017_F24,15,3305.9374533876817,1.9032511669997803
ECL-SCSO,CEC2017_F24,16,3378.2893464991394,1.8370775419998608
ECL-SCSO,CEC2017_F24,17,3071.2492772810156,1.9607484580001255
ECL-SCSO,CEC2017_F24,18,3433.660369034603,1.8220319160000145
ECL-SCSO,CEC2017_F24,19,3179.6942037188687,2.0401502919999075
ECL-SCSO,CEC2017_F24,20,3207.52175219305,1.848591166999995
ECL-SCSO,CEC2017_F24,21,3325.0655819164244,1.8325993749999725
ECL-SCSO,CEC2017_F24,22,3171.729007553908,1.7944616670001778
ECL-SCSO,CEC2017_F24,23,3605.482394639136,1.889515833999667
ECL-SCSO,CEC2017_F24,24,3385.972496431814,1.9076962079998339
ECL-SCSO,CEC2017_F24,25,3444.219482804414,1.910930499999722
ECL-SCSO,CEC2017_F24,26,3506.0658629163318,1.8883566660001634
ECL-SCSO,CEC2017_F24,27,3821.024143353854,1.7990223749998222
ECL-SCSO,CEC2017_F24,28,3291.4904531057864,1.8563177500000165
ECL-SCSO,CEC2017_F24,29,3012.8776629333574,1.8377393330001723
GA,CEC2017_F1,0,129908173840.06152,0.03656566699964969
GA,CEC2017_F1,1,112299258888.16661,0.04151499999989028
GA,CEC2017_F1,2,151371902315.31912,0.03813925000031304
GA,CEC2017_F1,3,137582970961.04425,0.04155708300004335
GA,CEC2017_F1,4,114057151609.98166,0.045279917000243586
GA,CEC2017_F1,5,135273603748.66936,0.03801941700021416
GA,CEC2017_F1,6,141860462515.09662,0.033189791000040714
GA,CEC2017_F1,7,138179286966.7563,0.0399281670001983
GA,CEC2017_F1,8,129655249285.90291,0.040686249999907886
GA,CEC2017_F1,9,137051748899.6715,0.03572470900007829
GA,CEC2017_F1,10,83575887493.19849,0.042176917000233516
GA,CEC2017_F1,11,131879749506.84517,0.04364549999991141
GA,CEC2017_F1,12,148966182788.8122,0.035768208999797935
GA,CEC2017_F1,13,120141395240.7366,0.03335116600010224
GA,CEC2017_F1,14,139700215194.3793,0.04363683299970944
GA,CEC2017_F1,15,143164807767.3291,0.03934012499985329
GA,CEC2017_F1,16,138172300251.15906,0.041980459000114934
GA,CEC2017_F1,17,141115969327.25317,0.03986887500013836
GA,CEC2017_F1,18,115753516288.99236,0.03807579199974498
GA,CEC2017_F1,19,138501924430.9174,0.03642870799967568
GA,CEC2017_F1,20,111182691440.58101,0.04079845799969917
GA,CEC2017_F1,21,171824678861.38013,0.04004729100006443
GA,CEC2017_F1,22,116910927420.83183,0.042360416000065015
GA,CEC2017_F1,23,102430102677.20789,0.03918054199994003
GA,CEC2017_F1,24,104945573517.62572,0.03633437500002401
GA,CEC2017_F1,25,121590899737.72577,0.09067545900006735
GA,CEC2017_F1,26,174025975247.44952,0.04545345799988354
GA,CEC2017_F1,27,158343343137.00833,0.03741941699991003
GA,CEC2017_F1,28,118035164088.84038,0.040935917000297195
GA,CEC2017_F1,29,158317616199.9214,0.03790016699986154
GA,CEC2017_F2,0,290962.29306110786,0.039826457999879494
GA,CEC2017_F2,1,416654.4105266846,0.0419536659996993
GA,CEC2017_F2,2,310268.653222676,0.040173124999910215
GA,CEC2017_F2,3,259679.28671135235,0.037721624999903725
GA,CEC2017_F2,4,400938.0556239788,0.038492000000132975
GA,CEC2017_F2,5,243524.7988911006,0.03368587499971909
GA,CEC2017_F2,6,2264443.786127534,0.026711541000167927
GA,CEC2017_F2,7,225924.94524858205,0.03701204200024222
GA,CEC2017_F2,8,313025.61638503143,0.034099125000011554
GA,CEC2017_F2,9,299119.94311206747,0.034280791000128374
GA,CEC2017_F2,10,243473.09792226602,0.040126832999703765
GA,CEC2017_F2,11,191753.94217108347,0.04275774999996429
GA,CEC2017_F2,12,180873.53111565465,0.04180158400004075
GA,CEC2017_F2,13,291177.2382567919,0.043431499999769585
GA,CEC2017_F2,14,219395.18211582297,0.033281957999861334
GA,CEC2017_F2,15,255294.4078817133,0.040774208000129875
GA,CEC2017_F2,16,203278.3952838124,0.04616299999997864
GA,CEC2017_F2,17,179208.5384551559,0.04017795899972043
GA,CEC2017_F2,18,228327.3272441227,0.045505874999889784
GA,CEC2017_F2,19,229234.7729248059,0.04048145799970371
GA,CEC2017_F2,20,313094.70986080257,0.031457125000088126
GA,CEC2017_F2,21,319196.51940575213,0.03928179200011073
GA,CEC2017_F2,22,308191.3793007414,0.039440583999748924
GA,CEC2017_F2,23,209215.38676490056,0.04235258300013811
GA,CEC2017_F2,24,210262.20751457923,0.04134308399989095
GA,CEC2017_F2,25,281093.86584448203,0.03994941699966148
GA,CEC2017_F2,26,195691.25275850334,0.04129633299999114
GA,CEC2017_F2,27,197946.8738781773,0.040656167000179266
GA,CEC2017_F2,28,225235.02882639703,0.03925675000027695
GA,CEC2017_F2,29,279946.9249198568,0.03305395799998223
GA,CEC2017_F3,0,28590.885816745744,0.036322915999789984
GA,CEC2017_F3,1,43511.62524260553,0.039802125000278465
GA,CEC2017_F3,2,39248.72348924752,0.037988290999692254
GA,CEC2017_F3,3,39651.05614929097,0.06952066700023352
GA,CEC2017_F3,4,51704.62932081152,0.04817579200016553
GA,CEC2017_F3,5,104429.4612384487,0.04266562500015425
GA,CEC2017_F3,6,46105.35976186746,0.0362438749998546
GA,CEC2017_F3,7,57743.17425304937,0.03565695799989044
GA,CEC2017_F3,8,98705.75528368771,0.03590783300023759
GA,CEC2017_F3,9,55811.56109929605,0.040306332999989536
GA,CEC2017_F3,10,29842.80354728393,0.04762058300002536
GA,CEC2017_F3,11,50984.442172184805,0.041313000000172906
GA,CEC2017_F3,12,57841.73566185002,0.04311783299999661
GA,CEC2017_F3,13,51436.782672038,0.03892270799997277
GA,CEC2017_F3,14,47442.7522592221,0.046205459000248084
GA,CEC2017_F3,15,75305.85739525985,0.03828404199975921
GA,CEC2017_F3,16,67286.68742769957,0.02676183299990953
GA,CEC2017_F3,17,50228.63791896277,0.03851070799964873
GA,CEC2017_F3,18,52127.81463034752,0.040713249999953405
GA,CEC2017_F3,19,48368.76849866934,0.03980079199982356
GA,CEC2017_F3,20,68039.38599294239,0.04204837499992209
GA,CEC2017_F3,21,80584.30391877203,0.05007470900000044
GA,CEC2017_F3,22,40852.28733920418,0.0387958329997673
GA,CEC2017_F3,23,73931.21862929917,0.03664004200027193
GA,CEC2017_F3,24,65398.82022855275,0.0362878340001771
GA,CEC2017_F3,25,51616.5984652931,0.03995787500025472
GA,CEC2017_F3,26,68447.5541352593,0.03936154199982411
GA,CEC2017_F3,27,56747.980539256176,0.039935291000347206
GA,CEC2017_F3,28,39535.8056990291,0.047601792000023124
GA,CEC2017_F3,29,41885.43922974446,0.04658245900009206
GA,CEC2017_F4,0,162679.20103620438,0.0408865419999529
GA,CEC2017_F4,1,134298.06312243623,0.05596370900002512
GA,CEC2017_F4,2,180251.70344730085,0.04278504099966085
GA,CEC2017_F4,3,180717.77599173083,0.03588225000021339
GA,CEC2017_F4,4,150717.9246717839,0.040142457999991166
GA,CEC2017_F4,5,138315.95128163276,0.036235916999885376
GA,CEC2017_F4,6,173103.84392163812,0.036964624999654916
GA,CEC2017_F4,7,175386.24178055197,0.04164012499995806
GA,CEC2017_F4,8,145260.84521668995,0.041104290999555815
GA,CEC2017_F4,9,160548.62336950362,0.04155445800006419
GA,CEC2017_F4,10,187476.8915715458,0.06629666700018788
GA,CEC2017_F4,11,150099.81705281686,0.0376622909998332
GA,CEC2017_F4,12,178756.2445062675,0.03985183300028439
GA,CEC2017_F4,13,162831.1110350744,0.04396150000002308
GA,CEC2017_F4,14,140532.7328831664,0.04477316700013034
GA,CEC2017_F4,15,144633.43947243146,0.04131645799998296
GA,CEC2017_F4,16,108022.63660308279,0.04048845800025447
GA,CEC2017_F4,17,158097.5417834916,0.04656212500003676
GA,CEC2017_F4,18,188493.49814422772,0.03935749999982363
GA,CEC2017_F4,19,159683.8979040825,0.04425162500001534
GA,CEC2017_F4,20,158443.77547163903,0.04546816600031889
GA,CEC2017_F4,21,144968.47725684792,0.04544729200006259
GA,CEC2017_F4,22,165679.53913965737,0.05397400000038033
GA,CEC2017_F4,23,138197.69980922763,0.04020745800016812
GA,CEC2017_F4,24,117287.2770029845,0.036926833000052284
GA,CEC2017_F4,25,126036.0133560974,0.04060795799978223
GA,CEC2017_F4,26,138438.77866656764,0.03955391699992106
GA,CEC2017_F4,27,197632.63826841136,0.03792129199973715
GA,CEC2017_F4,28,126788.30645128,0.03776520800010985
GA,CEC2017_F4,29,157909.9780195895,0.04499020899993411
GA,CEC2017_F5,0,500.1952014824367,0.034196957999938604
GA,CEC2017_F5,1,500.11870655256854,0.041999542000212386
GA,CEC2017_F5,2,500.168198841996,0.04510674999983166
GA,CEC2017_F5,3,500.1495400734643,0.03394099999968603
GA,CEC2017_F5,4,500.15516395268156,0.04998612500003219
GA,CEC2017_F5,5,500.06757299338375,0.027353874999789696
GA,CEC2017_F5,6,500.14003925702764,0.040304207999724895
GA,CEC2017_F5,7,500.09249927573035,0.036424084000373114
GA,CEC2017_F5,8,500.2066755561742,0.037030957999832026
GA,CEC2017_F5,9,500.20188047875473,0.03491829199992935
GA,CEC2017_F5,10,500.20955021387823,0.042700833000253624
GA,CEC2017_F5,11,500.1528498511128,0.04496033299983537
GA,CEC2017_F5,12,500.1658048181825,0.04493887499984339
GA,CEC2017_F5,13,500.1384737976526,0.04824358299993037
GA,CEC2017_F5,14,500.1124392898673,0.027813707999939652
GA,CEC2017_F5,15,500.16241752770014,0.034958042000198475
GA,CEC2017_F5,16,500.1906842876344,0.046483083999646624
GA,CEC2017_F5,17,500.16310088270467,0.03896641699975589
GA,CEC2017_F5,18,500.1258219318422,0.06733933399982561
GA,CEC2017_F5,19,500.21181970240445,0.03790100000014718
GA,CEC2017_F5,20,500.087911045735,0.041025707999779115
GA,CEC2017_F5,21,500.132845861073,0.03841424999973242
GA,CEC2017_F5,22,500.1009796914235,0.0451736670001992
GA,CEC2017_F5,23,500.098375406325,0.07264133299986497
GA,CEC2017_F5,24,500.16392810597563,0.04825854199998503
GA,CEC2017_F5,25,500.14650024671977,0.04043391600043833
GA,CEC2017_F5,26,500.1585985201361,0.040048541000032856
GA,CEC2017_F5,27,500.12779873729096,0.052893415999733406
GA,CEC2017_F5,28,500.1980634199266,0.04373995800006014
GA,CEC2017_F5,29,500.1509623886323,0.03471558399996866
GA,CEC2017_F6,0,6659395.031887546,0.040191542000229674
GA,CEC2017_F6,1,5256730.502234231,0.0348142910002025
GA,CEC2017_F6,2,6036721.559388318,0.03347991600003297
GA,CEC2017_F6,3,5128270.439489324,0.03540879199999836
GA,CEC2017_F6,4,6935696.264678128,0.03817479200006346
GA,CEC2017_F6,5,4861919.757078997,0.04627375000018219
GA,CEC2017_F6,6,4462196.988734939,0.03976545800014719
GA,CEC2017_F6,7,5297460.6401384985,0.03954979199988884
GA,CEC2017_F6,8,5155406.162834528,0.03522558300028322
GA,CEC2017_F6,9,4404323.280388662,0.04386995899994872
GA,CEC2017_F6,10,6527498.422776915,0.050675542000135465
GA,CEC2017_F6,11,6407750.719115863,0.03689433299996381
GA,CEC2017_F6,12,5555458.629188715,0.039875457999642094
GA,CEC2017_F6,13,3351669.0713663343,0.03953679200003535
GA,CEC2017_F6,14,6065645.921451563,0.04067245800024466
GA,CEC2017_F6,15,5018369.429615423,0.03601704199991218
GA,CEC2017_F6,16,4033729.1672931295,0.037876542000049085
GA,CEC2017_F6,17,5527271.828257296,0.035925542000313726
GA,CEC2017_F6,18,5502975.454727406,0.03784891700024673
GA,CEC2017_F6,19,4999794.899011667,0.04321870800004035
GA,CEC2017_F6,20,5580751.758445062,0.0414497910001046
GA,CEC2017_F6,21,5247896.313468994,0.04131370799996148
GA,CEC2017_F6,22,3841992.339150842,0.0421200000000681
GA,CEC2017_F6,23,4371237.277933322,0.038734499999918626
GA,CEC2017_F6,24,4787923.485929,0.04212275000008958
GA,CEC2017_F6,25,3883619.0262270714,0.044512709000173345
GA,CEC2017_F6,26,6969519.038707543,0.11822900000015579
GA,CEC2017_F6,27,5730509.808922948,0.07888033300014285
GA,CEC2017_F6,28,4063980.517257802,0.03629604100024153
GA,CEC2017_F6,29,4688603.399216548,0.04463574999999764
GA,CEC2017_F7,0,1915.5681432408721,0.04316579100031959
GA,CEC2017_F7,1,2067.4967486416763,0.04449895800007653
GA,CEC2017_F7,2,1955.9079228325918,0.03789562499969179
GA,CEC2017_F7,3,2166.345151482009,0.03809533300000112
GA,CEC2017_F7,4,1985.3190967841088,0.03399595800010502
GA,CEC2017_F7,5,1964.3229763083114,0.04105137500027922
GA,CEC2017_F7,6,1869.4037774391413,0.0411650420001024
GA,CEC2017_F7,7,2074.0517074405716,0.0414523750000626
GA,CEC2017_F7,8,2063.673109793182,0.03833891600015704
GA,CEC2017_F7,9,1919.1793374437389,0.0456399589998
GA,CEC2017_F7,10,2019.6764280888133,0.04389237500026866
GA,CEC2017_F7,11,1972.4966250598059,0.0443295830000352
GA,CEC2017_F7,12,2110.270303576558,0.04098291700029222
GA,CEC2017_F7,13,2075.0461249886002,0.040212166999936017
GA,CEC2017_F7,14,2062.712208698024,0.027272124999853986
GA,CEC2017_F7,15,2114.577866271144,0.0340772909999032
GA,CEC2017_F7,16,1966.0387636112935,0.040123583000422514
GA,CEC2017_F7,17,2075.055073160039,0.0401441670001077
GA,CEC2017_F7,18,1946.5,0.03976354199994603
GA,CEC2017_F7,19,2085.369709321692,0.039875417000075686
GA,CEC2017_F7,20,2034.602707491326,0.027832374999888998
GA,CEC2017_F7,21,1985.6528128845684,0.037318417000278714
GA,CEC2017_F7,22,1897.4445317809066,0.04029183299962824
GA,CEC2017_F7,23,1865.5322019124546,0.04407558399998379
GA,CEC2017_F7,24,2193.8600758400507,0.051726209000207746
GA,CEC2017_F7,25,2018.2409025313357,0.04190820799976791
GA,CEC2017_F7,26,1950.5580491058306,0.040714125000249624
GA,CEC2017_F7,27,1874.7634283475704,0.04047850000006292
GA,CEC2017_F7,28,1644.4598584062069,0.033830082999884326
GA,CEC2017_F7,29,1872.6395641297856,0.04682833300012135
GA,CEC2017_F8,0,910.1216568163493,0.027226207999774488
GA,CEC2017_F8,1,910.4010459536069,0.04390404200012199
GA,CEC2017_F8,2,905.5260753450381,0.03007479100006094
GA,CEC2017_F8,3,867.2881185995603,0.06838170799983345
GA,CEC2017_F8,4,937.0325551277871,0.036675374999958876
GA,CEC2017_F8,5,936.8030409738499,0.03820195800017245
GA,CEC2017_F8,6,936.6651169369276,0.041911333999905764
GA,CEC2017_F8,7,914.3437690685097,0.04225316700012627
GA,CEC2017_F8,8,917.8224405090552,0.03973058299970944
GA,CEC2017_F8,9,911.8189134356346,0.03999795800018546
GA,CEC2017_F8,10,907.9825736756399,0.046063249999861
GA,CEC2017_F8,11,895.5728774836696,0.0395330000001195
GA,CEC2017_F8,12,875.0172420023296,0.03697908300000563
GA,CEC2017_F8,13,926.6598934174856,0.04010616699997627
GA,CEC2017_F8,14,908.8032192553366,0.0394669160000376
GA,CEC2017_F8,15,893.6002683952996,0.04271404200017059
GA,CEC2017_F8,16,927.6894408517475,0.040095832999668346
GA,CEC2017_F8,17,915.0732698657898,0.04041595900025641
GA,CEC2017_F8,18,930.3286027483518,0.040911083000082726
GA,CEC2017_F8,19,912.7306343857434,0.03494350000028135
GA,CEC2017_F8,20,880.3684493933013,0.04557245800015153
GA,CEC2017_F8,21,908.9463818558567,0.04671412500010774
GA,CEC2017_F8,22,901.3721497125422,0.04399962499974208
GA,CEC2017_F8,23,933.8892678541469,0.03386241600037465
GA,CEC2017_F8,24,904.4580692720959,0.04068808300007731
GA,CEC2017_F8,25,879.8082879316379,0.026962041999922803
GA,CEC2017_F8,26,911.5696998328162,0.03567079100002957
GA,CEC2017_F8,27,926.3546923672612,0.03943354100010765
GA,CEC2017_F8,28,902.6571719350236,0.03834295800015752
GA,CEC2017_F8,29,887.4302763868822,0.041419542000312504
GA,CEC2017_F9,0,10370.732355616676,0.040883708000365004
GA,CEC2017_F9,1,10583.109220009512,0.04157020799993916
GA,CEC2017_F9,2,9525.61737913993,0.04210883299992929
GA,CEC2017_F9,3,9612.015727277812,0.033686541999941255
GA,CEC2017_F9,4,11155.217513394859,0.02784025000028123
GA,CEC2017_F9,5,10616.99636103959,0.03374370799974713
GA,CEC2017_F9,6,10067.671349214335,0.04635899999993853
GA,CEC2017_F9,7,10683.511793663423,0.039377457999762555
GA,CEC2017_F9,8,11004.741111844844,0.03472800000008647
GA,CEC2017_F9,9,10816.534486275601,0.039622207999855164
GA,CEC2017_F9,10,11816.323307764964,0.038650624999718275
GA,CEC2017_F9,11,10662.149283949668,0.03229154200016637
GA,CEC2017_F9,12,11092.704125309458,0.04805954199991902
GA,CEC2017_F9,13,10456.826536103505,0.045770749999974214
GA,CEC2017_F9,14,9712.11735987707,0.0351045420002265
GA,CEC2017_F9,15,10849.920589510322,0.0410606660002486
GA,CEC2017_F9,16,10076.065194980989,0.04167875000030108
GA,CEC2017_F9,17,10560.367281874478,0.053653208000014274
GA,CEC2017_F9,18,11600.248208366154,0.04374929200002953
GA,CEC2017_F9,19,10224.79060463265,0.03509437499997148
GA,CEC2017_F9,20,11018.123690374663,0.06444733399985125
GA,CEC2017_F9,21,10705.57391374655,0.04343733299992891
GA,CEC2017_F9,22,10920.57986896524,0.02763095800037263
GA,CEC2017_F9,23,9453.656430339688,0.03757858400012992
GA,CEC2017_F9,24,9818.261793679936,0.039426708000064536
GA,CEC2017_F9,25,10389.334801908484,0.039794709000034345
GA,CEC2017_F9,26,11178.343185985397,0.032060250000085944
GA,CEC2017_F9,27,10589.588629218932,0.0342693750003491
GA,CEC2017_F9,28,10592.490016135514,0.045587291000174446
GA,CEC2017_F9,29,9651.049857668442,0.045445916000062425
GA,CEC2017_F10,0,27843978330.985447,0.027330082999924343
GA,CEC2017_F10,1,37058276029.443245,0.039970583000012994
GA,CEC2017_F10,2,51877456578.44182,0.04020200000013574
GA,CEC2017_F10,3,36991797064.85839,0.04021333299988328
GA,CEC2017_F10,4,58320842457.70175,0.04065829199998916
GA,CEC2017_F10,5,18731655640.4349,0.033541917000093235
GA,CEC2017_F10,6,36774950759.718864,0.03990766699962478
GA,CEC2017_F10,7,22660972032.25101,0.05108195799994064
GA,CEC2017_F10,8,49848304397.508804,0.04145687500022177
GA,CEC2017_F10,9,74503816229.37239,0.039281416999983776
GA,CEC2017_F10,10,37277184788.46432,0.04867262500010838
GA,CEC2017_F10,11,6441388728.439365,0.04003737499988347
GA,CEC2017_F10,12,14258999741.274483,0.03860054200004015
GA,CEC2017_F10,13,11590148058.784103,0.039079707999917446
GA,CEC2017_F10,14,31213352546.89823,0.04380237500026851
GA,CEC2017_F10,15,12598940907.823822,0.03903870900012407
GA,CEC2017_F10,16,21530009171.431038,0.03827237499990588
GA,CEC2017_F10,17,30516513957.64401,0.04301149999992049
GA,CEC2017_F10,18,6551489099.302347,0.04306733399971563
GA,CEC2017_F10,19,27899536308.60898,0.041243457999826205
GA,CEC2017_F10,20,26003317541.063843,0.06841704099997514
GA,CEC2017_F10,21,7154792970.345533,0.04107500000009168
GA,CEC2017_F10,22,27035787501.25604,0.03930204100015544
GA,CEC2017_F10,23,16944851096.207314,0.0385584580003524
GA,CEC2017_F10,24,32753624098.613007,0.040022125000177766
GA,CEC2017_F10,25,30349275669.26707,0.039160791999620415
GA,CEC2017_F10,26,56386697428.24158,0.051226916999894456
GA,CEC2017_F10,27,29331130203.717216,0.03355737499987299
GA,CEC2017_F10,28,38892433221.84953,0.03976554200016835
GA,CEC2017_F10,29,26356498635.423985,0.04043391699997301
GA,CEC2017_F11,0,31466407603.14465,0.0449455000002672
GA,CEC2017_F11,1,28320943809.18076,0.038614125000094646
GA,CEC2017_F11,2,25832885034.624306,0.037848625000151515
GA,CEC2017_F11,3,26247268792.16178,0.049070583999764494
GA,CEC2017_F11,4,19676241073.525154,0.027822957999887876
GA,CEC2017_F11,5,42174641416.96244,0.048027292000369926
GA,CEC2017_F11,6,42706887587.84259,0.037417624999761756
GA,CEC2017_F11,7,39154751192.734604,0.04495408299999326
GA,CEC2017_F11,8,13141254473.264973,0.06461041700003989
GA,CEC2017_F11,9,22755586042.91753,0.06174404199964556
GA,CEC2017_F11,10,35229483937.4905,0.04798475000006874
GA,CEC2017_F11,11,40920164844.81281,0.04715116699981081
GA,CEC2017_F11,12,20158738576.102036,0.05994037500022387
GA,CEC2017_F11,13,18115183204.254417,0.06178541700001006
GA,CEC2017_F11,14,29033827517.162388,0.057348042000285204
GA,CEC2017_F11,15,13053850070.991978,0.03407737499992436
GA,CEC2017_F11,16,16998244481.378704,0.04058920799980115
GA,CEC2017_F11,17,36269523548.014946,0.04353062499967564
GA,CEC2017_F11,18,57857091738.099495,0.040740709000147035
GA,CEC2017_F11,19,19620121937.18727,0.04247525000027963
GA,CEC2017_F11,20,36701959958.05201,0.0405814159998954
GA,CEC2017_F11,21,18077982573.332867,0.04296291599985125
GA,CEC2017_F11,22,38966716136.0325,0.04037749999997686
GA,CEC2017_F11,23,32340843643.469223,0.048219791000065015
GA,CEC2017_F11,24,18253898105.3929,0.03448912500016377
GA,CEC2017_F11,25,33392323008.022118,0.027514542000062647
GA,CEC2017_F11,26,28700425310.47565,0.04198504200030584
GA,CEC2017_F11,27,15625720878.417517,0.043594166000275436
GA,CEC2017_F11,28,35143346294.70399,0.040843875000064145
GA,CEC2017_F11,29,52400611584.04843,0.03938333299993246
GA,CEC2017_F12,0,34958180055.66643,0.04990137499999037
GA,CEC2017_F12,1,26738403879.60022,0.08220687499988344
GA,CEC2017_F12,2,32282106114.295605,0.04196995800020886
GA,CEC2017_F12,3,23611208816.322453,0.04324395799994818
GA,CEC2017_F12,4,36332493649.83379,0.042975207999916165
GA,CEC2017_F12,5,34783384417.428604,0.040006124999763415
GA,CEC2017_F12,6,52808944430.4227,0.04101391699987289
GA,CEC2017_F12,7,43111582122.55021,0.027684292000230926
GA,CEC2017_F12,8,36536985749.44805,0.034004083999661816
GA,CEC2017_F12,9,31409288454.03898,0.04479799999990064
GA,CEC2017_F12,10,43718241732.633255,0.03774866699995982
GA,CEC2017_F12,11,30445427823.867584,0.037576458000330604
GA,CEC2017_F12,12,26024326196.855347,0.03971808300002522
GA,CEC2017_F12,13,51668181722.21921,0.04021287500017934
GA,CEC2017_F12,14,42749958141.0449,0.040166666000004625
GA,CEC2017_F12,15,49743721810.64567,0.03968795799983127
GA,CEC2017_F12,16,59986106267.574936,0.0406761659996846
GA,CEC2017_F12,17,38402663663.17522,0.0373936250002771
GA,CEC2017_F12,18,28974407147.44233,0.03221533299984003
GA,CEC2017_F12,19,48504737770.48206,0.03961058300001241
GA,CEC2017_F12,20,37969269094.64811,0.04123191600001519
GA,CEC2017_F12,21,32343583071.869213,0.04216841600009502
GA,CEC2017_F12,22,30995178518.61109,0.03692720900016866
GA,CEC2017_F12,23,60559009858.677635,0.04165458299985403
GA,CEC2017_F12,24,29312690621.7102,0.046220082999752776
GA,CEC2017_F12,25,19829977869.04755,0.03989191699974981
GA,CEC2017_F12,26,34896675657.31092,0.03384820800010857
GA,CEC2017_F12,27,26054255847.025032,0.0411871669998618
GA,CEC2017_F12,28,45728952189.107124,0.040103499999986525
GA,CEC2017_F12,29,43636432019.490326,0.0401211250000415
GA,CEC2017_F13,0,61888315.28288323,0.03427904199998011
GA,CEC2017_F13,1,91538893.55131492,0.04017629199961448
GA,CEC2017_F13,2,781386454.9290576,0.043428459000097064
GA,CEC2017_F13,3,662039754.85349,0.04110483300019041
GA,CEC2017_F13,4,180186462.17358154,0.0469215000002805
GA,CEC2017_F13,5,286779119.03762645,0.03981195899996237
GA,CEC2017_F13,6,1718619484.6738405,0.042346916000042256
GA,CEC2017_F13,7,325394338.0925275,0.04093791700006477
GA,CEC2017_F13,8,24092554.24209427,0.03816983300021093
GA,CEC2017_F13,9,257950039.01038125,0.05977862500003539
GA,CEC2017_F13,10,118445500.93507811,0.033676500000183296
GA,CEC2017_F13,11,142396537.85356438,0.04461025000000518
GA,CEC2017_F13,12,21877526.425882176,0.0379904589999569
GA,CEC2017_F13,13,59064205.137216575,0.03575333299977501
GA,CEC2017_F13,14,105630939.03951745,0.03388529199992263
GA,CEC2017_F13,15,312700978.0834028,0.04142862499975308
GA,CEC2017_F13,16,136562798.66175058,0.04134354100006021
GA,CEC2017_F13,17,183812431.29887983,0.04031350000013845
GA,CEC2017_F13,18,102531638.59142856,0.040065959000003204
GA,CEC2017_F13,19,289825581.21030164,0.040737375000389875
GA,CEC2017_F13,20,245684150.15585378,0.042237291999754234
GA,CEC2017_F13,21,332778914.4791767,0.046645583999634255
GA,CEC2017_F13,22,215370414.91795197,0.04040758300016023
GA,CEC2017_F13,23,64400003.99822283,0.041938542000025336
GA,CEC2017_F13,24,118605920.3408582,0.04931924999982584
GA,CEC2017_F13,25,166712209.48041093,0.03983829200024047
GA,CEC2017_F13,26,132680436.48586597,0.04005154200012839
GA,CEC2017_F13,27,287016871.19960904,0.04023908300041512
GA,CEC2017_F13,28,475474346.11146873,0.04013120900026479
GA,CEC2017_F13,29,160736446.7874376,0.040322625000044354
GA,CEC2017_F14,0,22982756397.72754,0.04015508300017245
GA,CEC2017_F14,1,14792567308.970922,0.04348308399994494
GA,CEC2017_F14,2,23160177255.079594,0.043016915999942285
GA,CEC2017_F14,3,15748911405.60088,0.04011545799994565
GA,CEC2017_F14,4,31075915428.341736,0.04040450000002238
GA,CEC2017_F14,5,14886728603.417063,0.04036708399962663
GA,CEC2017_F14,6,17773354202.549496,0.03820766700027889
GA,CEC2017_F14,7,25691872079.86606,0.04018508400031351
GA,CEC2017_F14,8,29367320130.595543,0.03596274999972593
GA,CEC2017_F14,9,55507794569.4488,0.03786520800031212
GA,CEC2017_F14,10,30957061867.748802,0.03977008299989393
GA,CEC2017_F14,11,30828064327.96479,0.039750040999933844
GA,CEC2017_F14,12,20148920749.67169,0.04026979200034475
GA,CEC2017_F14,13,29746926351.63326,0.046436957999958395
GA,CEC2017_F14,14,32930486300.259804,0.04048991699983162
GA,CEC2017_F14,15,30030119686.55897,0.04056037500004095
GA,CEC2017_F14,16,22031203126.173836,0.03801104099966324
GA,CEC2017_F14,17,41967552810.58769,0.0337709159998667
GA,CEC2017_F14,18,12467469091.179739,0.03435470800013718
GA,CEC2017_F14,19,11989588902.935734,0.045301499999823136
GA,CEC2017_F14,20,20813122265.054718,0.02754229199990732
GA,CEC2017_F14,21,12996041012.837883,0.027228542000102607
GA,CEC2017_F14,22,20808154819.0252,0.027207874999930937
GA,CEC2017_F14,23,19067108821.101673,0.04130379200023526
GA,CEC2017_F14,24,19084506787.204044,0.0408473329998742
GA,CEC2017_F14,25,26098121542.259384,0.041589334000036615
GA,CEC2017_F14,26,13921395752.217287,0.03828395799973805
GA,CEC2017_F14,27,29670968945.668148,0.04192841700023564
GA,CEC2017_F14,28,26328451777.948692,0.03918691699982446
GA,CEC2017_F14,29,17230498513.450405,0.040410165999674064
GA,CEC2017_F15,0,88920629732.85724,0.04313349999983984
GA,CEC2017_F15,1,90185547910.34903,0.0473045000003367
GA,CEC2017_F15,2,49197132219.75836,0.04147187500029759
GA,CEC2017_F15,3,15673082029.805035,0.04314270800023223
GA,CEC2017_F15,4,25667651945.170315,0.04206154099983905
GA,CEC2017_F15,5,16831786168.87671,0.041500041000290366
GA,CEC2017_F15,6,26376233058.39429,0.04683524999973088
GA,CEC2017_F15,7,23961290048.75215,0.04195849999996426
GA,CEC2017_F15,8,25877469522.400173,0.04197408300024108
GA,CEC2017_F15,9,40645544826.611984,0.04392558300014571
GA,CEC2017_F15,10,23618008097.64358,0.042374000000108936
GA,CEC2017_F15,11,32748956191.087276,0.04212325000025885
GA,CEC2017_F15,12,39996492583.33769,0.04142870799978482
GA,CEC2017_F15,13,58908874932.059074,0.041538166999998793
GA,CEC2017_F15,14,3412133098.7210255,0.0355862920000618
GA,CEC2017_F15,15,13327577764.225792,0.03532737500017902
GA,CEC2017_F15,16,57654984550.79427,0.03548291600009179
GA,CEC2017_F15,17,42332814791.347626,0.041389708000224346
GA,CEC2017_F15,18,44658742946.30233,0.041872833000070386
GA,CEC2017_F15,19,24204403798.28439,0.04330987499997718
GA,CEC2017_F15,20,32948411480.457943,0.041788709000229574
GA,CEC2017_F15,21,17182282287.137486,0.043290208999678725
GA,CEC2017_F15,22,19511061222.632874,0.040239500000097905
GA,CEC2017_F15,23,37831222270.88974,0.04306887499978984
GA,CEC2017_F15,24,18750158606.501118,0.05336975000000166
GA,CEC2017_F15,25,10270579626.264217,0.06872550000025512
GA,CEC2017_F15,26,67925181409.55003,0.043032292000134476
GA,CEC2017_F15,27,14107238298.92059,0.04334541600019293
GA,CEC2017_F15,28,40395903769.06116,0.03558804100021007
GA,CEC2017_F15,29,3629587186.950301,0.04192112500004441
GA,CEC2017_F16,0,1690007765509591.0,0.05370962500001042
GA,CEC2017_F16,1,1952566908092224.8,0.05420258399999511
GA,CEC2017_F16,2,1.4039938517638488e+17,0.04911904200025674
GA,CEC2017_F16,3,5.1179507126196776e+16,0.058322416999999405
GA,CEC2017_F16,4,1.502780523155092e+17,0.058709375000034925
GA,CEC2017_F16,5,1.2858427700227472e+16,0.06032391600001574
GA,CEC2017_F16,6,315104518805295.8,0.049387792000288755
GA,CEC2017_F16,7,349826492193107.75,0.05598629200039795
GA,CEC2017_F16,8,2403115450238969.0,0.04388041699985479
GA,CEC2017_F16,9,27767231677546.76,0.04850945900034276
GA,CEC2017_F16,10,5.56702931349558e+16,0.05370591700011573
GA,CEC2017_F16,11,2.7098798417320972e+16,0.04888737500004936
GA,CEC2017_F16,12,1114568091973388.9,0.05447424999965733
GA,CEC2017_F16,13,1078916747810890.6,0.053579458000058366
GA,CEC2017_F16,14,79812049039490.31,0.050101334000373754
GA,CEC2017_F16,15,4.887091579828965e+16,0.046544332999928884
GA,CEC2017_F16,16,3.4994125070068708e+16,0.06152608299998974
GA,CEC2017_F16,17,2090331815663138.8,0.04910833400026604
GA,CEC2017_F16,18,1.152378045804101e+16,0.05475495900009264
GA,CEC2017_F16,19,5.910861233045935e+16,0.048805542000081914
GA,CEC2017_F16,20,4644692419267522.0,0.05494058299973403
GA,CEC2017_F16,21,6.3954971714609064e+16,0.04311308300020755
GA,CEC2017_F16,22,76096780482247.03,0.0499809580001056
GA,CEC2017_F16,23,2802630703504375.0,0.0537349159999394
GA,CEC2017_F16,24,1.6170266175691294e+16,0.059493208000276354
GA,CEC2017_F16,25,1.4273358469695478e+16,0.05546645799995531
GA,CEC2017_F16,26,3.888352156571961e+16,0.053278374999990774
GA,CEC2017_F16,27,1315540642590974.5,0.05022774999997637
GA,CEC2017_F16,28,2748567973800658.0,0.05475679199980732
GA,CEC2017_F16,29,9674860633955894.0,0.05526462499983609
GA,CEC2017_F17,0,379668799.5055159,0.04344287499998245
GA,CEC2017_F17,1,310064962.23203593,0.03956637500004945
GA,CEC2017_F17,2,336249670.5887282,0.06937195799991969
GA,CEC2017_F17,3,672962071.1227483,0.043133332999786944
GA,CEC2017_F17,4,780728953.5357927,0.04238904200019533
GA,CEC2017_F17,5,542966443.1646407,0.042069582999829436
GA,CEC2017_F17,6,439474060.3011474,0.04062149999981557
GA,CEC2017_F17,7,281977926.2437308,0.03947874999994383
GA,CEC2017_F17,8,171745832.55955213,0.03464495900016118
GA,CEC2017_F17,9,721942586.5871564,0.04229141699988759
GA,CEC2017_F17,10,488066852.7089144,0.03397616700021899
GA,CEC2017_F17,11,393770921.4933273,0.03998870799978249
GA,CEC2017_F17,12,1145450166.6208658,0.03977095900017957
GA,CEC2017_F17,13,968362336.8328899,0.04018895799981692
GA,CEC2017_F17,14,77282948.93550597,0.04012925000006362
GA,CEC2017_F17,15,1132241479.1666238,0.034391832999972394
GA,CEC2017_F17,16,249314733.93659514,0.02785241599985966
GA,CEC2017_F17,17,776055057.6924616,0.052118999999947846
GA,CEC2017_F17,18,373962404.9554775,0.0407638329998008
GA,CEC2017_F17,19,1025813770.6963513,0.04032633299993904
GA,CEC2017_F17,20,885043667.66912,0.047551499999826774
GA,CEC2017_F17,21,123167752.00522651,0.02751395900031639
GA,CEC2017_F17,22,483022600.15392923,0.03700654099975509
GA,CEC2017_F17,23,627382338.0798292,0.0365898750001179
GA,CEC2017_F17,24,893212472.4211043,0.04039150000016889
GA,CEC2017_F17,25,572683620.1182785,0.041017749999809894
GA,CEC2017_F17,26,658975400.0492666,0.04528104200016969
GA,CEC2017_F17,27,95341510.18731998,0.04085404200031917
GA,CEC2017_F17,28,1074301044.664533,0.030299958999876253
GA,CEC2017_F17,29,543685916.8537562,0.04012474999990445
GA,CEC2017_F18,0,1931059334811389.0,0.037281666999660956
GA,CEC2017_F18,1,2678312670921500.0,0.06126395799992679
GA,CEC2017_F18,2,1.5180219207024582e+17,0.038249666999945475
GA,CEC2017_F18,3,149481822991967.38,0.04321174999995492
GA,CEC2017_F18,4,1.5669314354272588e+16,0.04399933400009104
GA,CEC2017_F18,5,6994673640000359.0,0.053178083000148035
GA,CEC2017_F18,6,2.0171417401731296e+16,0.04992937499991967
GA,CEC2017_F18,7,4254455202623523.0,0.06531545799998639
GA,CEC2017_F18,8,797238502659313.5,0.03710516599994662
GA,CEC2017_F18,9,3.3237251619582336e+16,0.04255125000008775
GA,CEC2017_F18,10,2.5839145964229964e+16,0.04120695799974783
GA,CEC2017_F18,11,1.821915973717844e+16,0.04890045799993459
GA,CEC2017_F18,12,3.6420503343069165e+17,0.04419441599975471
GA,CEC2017_F18,13,9174661849735932.0,0.07164570800023284
GA,CEC2017_F18,14,1.2487990392955011e+17,0.04486937499996202
GA,CEC2017_F18,15,1.6229551303254686e+16,0.046881499999926746
GA,CEC2017_F18,16,3682681531802437.0,0.04112416599991775
GA,CEC2017_F18,17,3.117826635320184e+16,0.049684207999689534
GA,CEC2017_F18,18,1.9490729323683872e+17,0.05103349999990314
GA,CEC2017_F18,19,824027407587616.4,0.04743020800015074
GA,CEC2017_F18,20,9.982539568813363e+16,0.04924058400001741
GA,CEC2017_F18,21,5197233944783120.0,0.05262029100003929
GA,CEC2017_F18,22,1.3718270624438044e+16,0.03709862499999872
GA,CEC2017_F18,23,7.344905478612602e+16,0.03690504099995451
GA,CEC2017_F18,24,1.0821938515885952e+16,0.04359312500037049
GA,CEC2017_F18,25,3.065099140430171e+16,0.0446380000003046
GA,CEC2017_F18,26,2.0337968126223888e+17,0.04333700000006502
GA,CEC2017_F18,27,4.494518117001422e+16,0.04346225000017512
GA,CEC2017_F18,28,9725197883814652.0,0.043453917000078945
GA,CEC2017_F18,29,5.501818440367817e+16,0.043985375000374916
GA,CEC2017_F19,0,38922.38100147762,0.049079459000040515
GA,CEC2017_F19,1,35985.636763174414,0.05046616700019513
GA,CEC2017_F19,2,38759.28052838803,0.055792625000322005
GA,CEC2017_F19,3,45156.90858416969,0.04894566599978134
GA,CEC2017_F19,4,35500.361895328104,0.0544527920001201
GA,CEC2017_F19,5,25476.254872486774,0.04829162500027451
GA,CEC2017_F19,6,27160.514793502323,0.048283707999871694
GA,CEC2017_F19,7,29815.85470644632,0.05513216700001067
GA,CEC2017_F19,8,30888.93832386309,0.06756691700002193
GA,CEC2017_F19,9,44568.80746095319,0.06455912499995975
GA,CEC2017_F19,10,32641.859612632416,0.06253212499996152
GA,CEC2017_F19,11,34255.41260251936,0.05920795900010489
GA,CEC2017_F19,12,31728.620793245715,0.059832874999756314
GA,CEC2017_F19,13,34485.547846306996,0.04960441599996557
GA,CEC2017_F19,14,38659.81805485753,0.08411591599997337
GA,CEC2017_F19,15,38620.13066000209,0.07755245799990007
GA,CEC2017_F19,16,42511.25446454137,0.04156570900022416
GA,CEC2017_F19,17,35366.88982150068,0.05869262499982142
GA,CEC2017_F19,18,24316.795621331938,0.06148941700030264
GA,CEC2017_F19,19,29348.80200337888,0.07409579200020744
GA,CEC2017_F19,20,16385.31044333441,0.056729249999989406
GA,CEC2017_F19,21,33671.23536645912,0.06652699999995093
GA,CEC2017_F19,22,47865.8899992983,0.055280708000282175
GA,CEC2017_F19,23,38090.96107448623,0.049825083000087034
GA,CEC2017_F19,24,41107.95667898393,0.0559802910001963
GA,CEC2017_F19,25,44746.9977051674,0.04245704200002365
GA,CEC2017_F19,26,48388.493681805056,0.057079832999988867
GA,CEC2017_F19,27,40000.81754576592,0.0626254579997294
GA,CEC2017_F19,28,25918.24087181912,0.055681916999674286
GA,CEC2017_F19,29,55852.85765137915,0.05690483300031701
GA,CEC2017_F20,0,125605.89385121723,0.03870858300024338
GA,CEC2017_F20,1,76823.39704436004,0.04032774999996036
GA,CEC2017_F20,2,104709.02035879283,0.04072808299997632
GA,CEC2017_F20,3,104049.48452030295,0.04102866699986407
GA,CEC2017_F20,4,137913.59323909754,0.0396117499999491
GA,CEC2017_F20,5,96900.707025942,0.05177283400007582
GA,CEC2017_F20,6,130974.8909133445,0.04074629200022173
GA,CEC2017_F20,7,123417.37578376138,0.044048665999980585
GA,CEC2017_F20,8,110879.17054455109,0.038118250000025
GA,CEC2017_F20,9,126126.13335923501,0.040485667000211834
GA,CEC2017_F20,10,87377.97652531322,0.04056379100029517
GA,CEC2017_F20,11,130419.51064925222,0.04092491700021128
GA,CEC2017_F20,12,89439.69132280188,0.041450124999755644
GA,CEC2017_F20,13,124458.42471930812,0.04230887499988967
GA,CEC2017_F20,14,141645.9857057422,0.040638958000272396
GA,CEC2017_F20,15,85921.09555111933,0.04679699999996956
GA,CEC2017_F20,16,134498.1009647491,0.040869584000120085
GA,CEC2017_F20,17,108083.65435633347,0.04111525000007532
GA,CEC2017_F20,18,110585.0450346699,0.04126124999993408
GA,CEC2017_F20,19,81923.76196640574,0.040547999999944295
GA,CEC2017_F20,20,133802.6700512388,0.040490875000159576
GA,CEC2017_F20,21,113510.78228880548,0.044777457999771286
GA,CEC2017_F20,22,107067.54544478083,0.041012583000338054
GA,CEC2017_F20,23,123937.37482880206,0.04674437500034401
GA,CEC2017_F20,24,90501.245474926,0.03469487499978641
GA,CEC2017_F20,25,137428.83146267466,0.03831975000002785
GA,CEC2017_F20,26,93817.83025235127,0.04163874999994732
GA,CEC2017_F20,27,122861.27701899777,0.04593979199989917
GA,CEC2017_F20,28,130654.55538156837,0.04691400000001522
GA,CEC2017_F20,29,130221.58230532178,0.04138100000000122
GA,CEC2017_F21,0,11008.481692688954,0.04273591699984536
GA,CEC2017_F21,1,10529.386254460067,0.028449458000068262
GA,CEC2017_F21,2,5934.65003371135,0.06381929200006198
GA,CEC2017_F21,3,9441.963129834701,0.03841970900020897
GA,CEC2017_F21,4,6378.213572282967,0.041736333000244485
GA,CEC2017_F21,5,10138.308210196748,0.041077041999869834
GA,CEC2017_F21,6,7933.3186542711255,0.041200832999948034
GA,CEC2017_F21,7,8804.179016528647,0.04699837499993009
GA,CEC2017_F21,8,6679.570484258577,0.035050708999733615
GA,CEC2017_F21,9,9814.441769540172,0.04896562499970969
GA,CEC2017_F21,10,9599.991065095539,0.05192991700005223
GA,CEC2017_F21,11,7548.419900200168,0.05595570800005589
GA,CEC2017_F21,12,11050.459530718726,0.043463665999752266
GA,CEC2017_F21,13,11654.797967427085,0.03546812500007945
GA,CEC2017_F21,14,6361.768834636051,0.028347124999982043
GA,CEC2017_F21,15,8308.638446734094,0.042180500000085885
GA,CEC2017_F21,16,11303.065953709582,0.041530333000082464
GA,CEC2017_F21,17,8334.721512469008,0.04131550000010975
GA,CEC2017_F21,18,10410.960206538513,0.0365482920001341
GA,CEC2017_F21,19,12650.738701229226,0.03916308299994853
GA,CEC2017_F21,20,8188.51986971836,0.04106575000014345
GA,CEC2017_F21,21,9657.937485735256,0.041550124999957916
GA,CEC2017_F21,22,10708.347288073113,0.038563874999908876
GA,CEC2017_F21,23,10783.723382423415,0.04280141699973683
GA,CEC2017_F21,24,8888.959118916056,0.04172908300006384
GA,CEC2017_F21,25,7423.5904256873355,0.04274083400014206
GA,CEC2017_F21,26,10573.312138502608,0.041568249999727414
GA,CEC2017_F21,27,10479.27764665594,0.035857499999565334
GA,CEC2017_F21,28,4824.618297181511,0.03733783300003779
GA,CEC2017_F21,29,8068.950095216918,0.04114225000012084
GA,CEC2017_F22,0,91295.27340847309,0.04219737500034171
GA,CEC2017_F22,1,125697.44338987759,0.05219108300025255
GA,CEC2017_F22,2,109595.55898735512,0.042389041999740584
GA,CEC2017_F22,3,124523.89565155705,0.03877566700020907
GA,CEC2017_F22,4,123796.80560298721,0.028941874999873107
GA,CEC2017_F22,5,143544.94229683807,0.05110070800037647
GA,CEC2017_F22,6,115793.74740448437,0.04100845799985109
GA,CEC2017_F22,7,115115.43787690731,0.043170124999960535
GA,CEC2017_F22,8,123843.01972244795,0.03495795900016674
GA,CEC2017_F22,9,101454.28095875068,0.04158145900009913
GA,CEC2017_F22,10,132722.13220418312,0.042048499999964406
GA,CEC2017_F22,11,91308.26225435013,0.07059054199999082
GA,CEC2017_F22,12,140382.48833092442,0.04270891700025459
GA,CEC2017_F22,13,90259.29240505402,0.04233416700026282
GA,CEC2017_F22,14,94530.25878109143,0.04202612500012037
GA,CEC2017_F22,15,102593.44615504712,0.045200875000318774
GA,CEC2017_F22,16,119335.21711934682,0.042530665999947814
GA,CEC2017_F22,17,93553.00070119847,0.04240837499992267
GA,CEC2017_F22,18,123989.89470389557,0.04189325000015742
GA,CEC2017_F22,19,133123.7814782312,0.04055550000020958
GA,CEC2017_F22,20,131832.83062350345,0.043468792000112444
GA,CEC2017_F22,21,131240.69113176726,0.041843166000035126
GA,CEC2017_F22,22,90198.51467646618,0.04760466700008692
GA,CEC2017_F22,23,107084.69017950266,0.042421458000262646
GA,CEC2017_F22,24,106434.8119493843,0.041000708999945346
GA,CEC2017_F22,25,132790.54073965462,0.04358454100020026
GA,CEC2017_F22,26,126488.9447811078,0.040804917000059504
GA,CEC2017_F22,27,123738.28473482799,0.04271833400025571
GA,CEC2017_F22,28,120988.47679171198,0.04267895800012411
GA,CEC2017_F22,29,120131.66625936178,0.0452861670000857
GA,CEC2017_F23,0,85931.1240172299,0.042906082999706996
GA,CEC2017_F23,1,70095.7425280584,0.04636849999997139
GA,CEC2017_F23,2,60794.11139228391,0.04133537500001694
GA,CEC2017_F23,3,54614.23291785572,0.04105512499972974
GA,CEC2017_F23,4,99025.13066835448,0.041943541999899026
GA,CEC2017_F23,5,82923.96472364584,0.04084583300027589
GA,CEC2017_F23,6,78269.08742109337,0.04280616700043538
GA,CEC2017_F23,7,79276.80112873993,0.041135625000151776
GA,CEC2017_F23,8,88597.7930247533,0.03477512500012381
GA,CEC2017_F23,9,84228.98163619684,0.046016708000024664
GA,CEC2017_F23,10,78745.24623265702,0.040919292000126006
GA,CEC2017_F23,11,74885.42546378447,0.03499362499997005
GA,CEC2017_F23,12,95385.40134949282,0.05238812500010681
GA,CEC2017_F23,13,81217.90198006728,0.034402540999963094
GA,CEC2017_F23,14,75751.91030369508,0.04262312499986365
GA,CEC2017_F23,15,90328.76736158156,0.040949707999971
GA,CEC2017_F23,16,70556.79157387647,0.04066904199999044
GA,CEC2017_F23,17,72881.29738293747,0.041396125000119355
GA,CEC2017_F23,18,85611.35335788887,0.040902083000219136
GA,CEC2017_F23,19,63534.93017571318,0.04243708299964055
GA,CEC2017_F23,20,74614.40976180354,0.04102320799984227
GA,CEC2017_F23,21,83751.43425363745,0.04301404200032266
GA,CEC2017_F23,22,92157.23169623238,0.04183229199998095
GA,CEC2017_F23,23,79675.81968472956,0.08012816700011172
GA,CEC2017_F23,24,70658.79756119891,0.042475457999898936
GA,CEC2017_F23,25,81679.34278496819,0.0421012920000976
GA,CEC2017_F23,26,57506.89050473957,0.03911583299986887
GA,CEC2017_F23,27,78728.22974753728,0.04022412499989514
GA,CEC2017_F23,28,71802.27699062812,0.05218862500032628
GA,CEC2017_F23,29,70896.59349260837,0.04923070799986817
GA,CEC2017_F24,0,27142.4646061145,0.02856454200036751
GA,CEC2017_F24,1,15663.42240831496,0.02864116600039779
GA,CEC2017_F24,2,33469.79711464491,0.034471916999791574
GA,CEC2017_F24,3,23901.438398913117,0.044051500000023225
GA,CEC2017_F24,4,22077.66000769529,0.04606433300023127
GA,CEC2017_F24,5,19327.657129683656,0.04166954199990869
GA,CEC2017_F24,6,26864.331239288633,0.04157379199978095
GA,CEC2017_F24,7,17448.688119815866,0.03194024999993417
GA,CEC2017_F24,8,14640.830214606274,0.042182916999990994
GA,CEC2017_F24,9,25944.011756247048,0.035947709000083705
GA,CEC2017_F24,10,21779.474670698957,0.041368583000348735
GA,CEC2017_F24,11,36999.71016217045,0.04464820900011546
GA,CEC2017_F24,12,30184.493795897608,0.03908483299983345
GA,CEC2017_F24,13,23821.5515189145,0.045763167000131943
GA,CEC2017_F24,14,20313.427854723705,0.04472537499987084
GA,CEC2017_F24,15,11692.647640178766,0.046093416000076104
GA,CEC2017_F24,16,24472.917619109958,0.043540915999983554
GA,CEC2017_F24,17,18326.942791430825,0.04151191600021775
GA,CEC2017_F24,18,42347.29580296279,0.04382537500032413
GA,CEC2017_F24,19,27311.47838162038,0.050052416999733396
GA,CEC2017_F24,20,22277.433341539036,0.04128087500021138
GA,CEC2017_F24,21,20114.084742685598,0.04718695800011119
GA,CEC2017_F24,22,27906.93656287012,0.051913708000029146
GA,CEC2017_F24,23,18007.32014350933,0.041970875000060914
GA,CEC2017_F24,24,31867.066024604715,0.04211850000001505
GA,CEC2017_F24,25,22901.845767385297,0.04169745800027158
GA,CEC2017_F24,26,20085.48352608655,0.041709458000241284
GA,CEC2017_F24,27,22265.43357235213,0.037434249999932945
GA,CEC2017_F24,28,29635.702807625043,0.03517920800004504
GA,CEC2017_F24,29,33418.298881364026,0.07417358400016383
GA,CEC2017_F25,0,29727.790873188536,0.04718654199996308
GA,CEC2017_F25,1,51919.38250819553,0.04919454099990617
GA,CEC2017_F25,2,21864.19445063694,0.0542850419997194
GA,CEC2017_F25,3,44712.75937044173,0.04735637499970835
GA,CEC2017_F25,4,24833.839179237493,0.04725029200017161
GA,CEC2017_F25,5,51358.967054792665,0.03727729199999885
GA,CEC2017_F25,6,58176.26354647766,0.04781416600008015
GA,CEC2017_F25,7,52829.607833002796,0.0485542080000414
GA,CEC2017_F25,8,25925.700158671203,0.04897929099979592
GA,CEC2017_F25,9,38841.91237453658,0.06773712499989415
GA,CEC2017_F25,10,36328.074295752645,0.050234958000146435
GA,CEC2017_F25,11,23381.611417710203,0.07837983299987172
GA,CEC2017_F25,12,27941.65742147725,0.03956716699985918
GA,CEC2017_F25,13,33209.778014711264,0.040357583000059094
GA,CEC2017_F25,14,35440.94087167308,0.05357245799996235
GA,CEC2017_F25,15,25551.449305855644,0.04744212500008871
GA,CEC2017_F25,16,56931.013805585215,0.05395820800004003
GA,CEC2017_F25,17,61275.00782237374,0.03602033300012408
GA,CEC2017_F25,18,34611.25151217106,0.052675041000384226
GA,CEC2017_F25,19,35506.57626042295,0.046552083999813476
GA,CEC2017_F25,20,31043.245573769884,0.05036225000003469
GA,CEC2017_F25,21,28443.213614464992,0.049475792000066576
GA,CEC2017_F25,22,57964.17690422746,0.04972170900009587
GA,CEC2017_F25,23,44528.95042446978,0.046736999999666295
GA,CEC2017_F25,24,33576.78087117473,0.050897250000161876
GA,CEC2017_F25,25,28063.006299364857,0.042695666999861714
GA,CEC2017_F25,26,52867.745964826056,0.042701374999978725
GA,CEC2017_F25,27,30932.10466883613,0.04953695799986235
GA,CEC2017_F25,28,48839.74858067959,0.04741766700044536
GA,CEC2017_F25,29,78429.54069015369,0.0536189170002217
GA,CEC2017_F26,0,5546.1754325512065,0.053363749999789434
GA,CEC2017_F26,1,6593.540600560567,0.04667491700001847
GA,CEC2017_F26,2,6595.628681007185,0.05020645800004786
GA,CEC2017_F26,3,6115.816602260091,0.051643667000007554
GA,CEC2017_F26,4,6137.835073827253,0.0474173749998954
GA,CEC2017_F26,5,5805.812001317963,0.03466816700029085
GA,CEC2017_F26,6,5933.438293843432,0.03424662499992337
GA,CEC2017_F26,7,5512.345336466171,0.052928209000128845
GA,CEC2017_F26,8,6925.383744926617,0.047662750000199594
GA,CEC2017_F26,9,6126.7905263307985,0.05424850000008519
GA,CEC2017_F26,10,7478.908686626664,0.07572325000001001
GA,CEC2017_F26,11,5402.549443116254,0.04955483300000196
GA,CEC2017_F26,12,5292.685301352139,0.0482888329997877
GA,CEC2017_F26,13,6543.50219022285,0.045560291999663605
GA,CEC2017_F26,14,5391.060427395711,0.04905770800041864
GA,CEC2017_F26,15,6910.037891498472,0.05628949999982069
GA,CEC2017_F26,16,6148.633367091827,0.05340954099983719
GA,CEC2017_F26,17,5970.777112021587,0.04834949999985838
GA,CEC2017_F26,18,6043.966470900349,0.05437266700027976
GA,CEC2017_F26,19,6241.829746184021,0.043686542000159534
GA,CEC2017_F26,20,6201.867628084255,0.04769087500017122
GA,CEC2017_F26,21,6634.128144041926,0.04449158299985356
GA,CEC2017_F26,22,7073.189965318122,0.050446833000023616
GA,CEC2017_F26,23,6199.215319605173,0.04704191600012564
GA,CEC2017_F26,24,6753.01383700244,0.054448083999886876
GA,CEC2017_F26,25,6404.348647919771,0.057772791999923356
GA,CEC2017_F26,26,5350.4430021495755,0.0475531659999433
GA,CEC2017_F26,27,5445.823401546068,0.049491082999793434
GA,CEC2017_F26,28,5748.898725817551,0.05568575000006604
GA,CEC2017_F26,29,7396.646630489151,0.040219834000254195
GA,CEC2017_F27,0,12461.967534798523,0.05322841699990022
GA,CEC2017_F27,1,14732.471314456201,0.046161292000306275
GA,CEC2017_F27,2,16272.810996338529,0.05320058400002381
GA,CEC2017_F27,3,14303.557574395203,0.04722404199992525
GA,CEC2017_F27,4,10620.574171892167,0.0495527499997479
GA,CEC2017_F27,5,8520.878819978352,0.05216083300001628
GA,CEC2017_F27,6,13229.503370642044,0.0516728749998947
GA,CEC2017_F27,7,13751.924514706612,0.05299908400002096
GA,CEC2017_F27,8,14966.41749790389,0.05422954200003005
GA,CEC2017_F27,9,15016.507419426967,0.05832554099970366
GA,CEC2017_F27,10,14838.93660311622,0.0511346670000421
GA,CEC2017_F27,11,9869.103363114176,0.052036874999885185
GA,CEC2017_F27,12,9128.525840912735,0.05145445900006962
GA,CEC2017_F27,13,7347.562562402209,0.06510804099980305
GA,CEC2017_F27,14,15838.303994180213,0.0583405419997689
GA,CEC2017_F27,15,14059.84690738591,0.04707300000018222
GA,CEC2017_F27,16,17206.898832765226,0.08675841600006606
GA,CEC2017_F27,17,14445.132872248143,0.057956832999934704
GA,CEC2017_F27,18,12741.661753958835,0.062560083000335
GA,CEC2017_F27,19,17861.24763677267,0.04629274999979316
GA,CEC2017_F27,20,14648.06699625732,0.04705304100025387
GA,CEC2017_F27,21,13333.402453056338,0.05245579100028408
GA,CEC2017_F27,22,9563.452062021115,0.04679320800005371
GA,CEC2017_F27,23,9864.46289978231,0.04848087500022302
GA,CEC2017_F27,24,19675.989467346608,0.05345604100011769
GA,CEC2017_F27,25,11321.187844122383,0.04553474999966056
GA,CEC2017_F27,26,18552.904140483628,0.05056895799998529
GA,CEC2017_F27,27,12062.260753723796,0.0537472500000149
GA,CEC2017_F27,28,11363.879791030615,0.051968333999866445
GA,CEC2017_F27,29,10024.573318573206,0.04664416600007826
GA,CEC2017_F28,0,1501635614705802.2,0.05779862500003219
GA,CEC2017_F28,1,1800039115647732.5,0.05507725000006758
GA,CEC2017_F28,2,1384445012040614.0,0.057425749999765685
GA,CEC2017_F28,3,3216755320458531.5,0.06258604200002083
GA,CEC2017_F28,4,606283909908701.0,0.062125041000399506
GA,CEC2017_F28,5,7995783200017636.0,0.06878045800021937
GA,CEC2017_F28,6,1607107249601201.2,0.05603691699980118
GA,CEC2017_F28,7,1525478478839617.5,0.05485754200026349
GA,CEC2017_F28,8,1041970854688916.9,0.05924262500002442
GA,CEC2017_F28,9,60075248977570.52,0.06268849999969461
GA,CEC2017_F28,10,504490188562884.44,0.056252000000313274
GA,CEC2017_F28,11,13247168995079.363,0.04792904100031592
GA,CEC2017_F28,12,1.6632155584206312e+16,0.06029916699981186
GA,CEC2017_F28,13,3991816925713465.0,0.05968987500000367
GA,CEC2017_F28,14,441874213987097.75,0.05495758300003217
GA,CEC2017_F28,15,1.7427631570408312e+16,0.056324749999930646
GA,CEC2017_F28,16,597931435326180.5,0.05773212499980218
GA,CEC2017_F28,17,5722345476467545.0,0.058435957999790844
GA,CEC2017_F28,18,769906578983974.6,0.05193887499990524
GA,CEC2017_F28,19,1094798353686383.2,0.05250558399984584
GA,CEC2017_F28,20,1714746735870448.5,0.062420792000011716
GA,CEC2017_F28,21,530335216118584.9,0.06516158300019015
GA,CEC2017_F28,22,2751863120945508.5,0.044663457999831735
GA,CEC2017_F28,23,35433025480233.04,0.08448383299992202
GA,CEC2017_F28,24,1343188104153467.2,0.0582149169999866
GA,CEC2017_F28,25,1566298900237898.0,0.05851666699982161
GA,CEC2017_F28,26,4036158168178572.5,0.0529660000001968
GA,CEC2017_F28,27,63805632030751.12,0.05856466699970042
GA,CEC2017_F28,28,534956325045190.3,0.05168541600005483
GA,CEC2017_F28,29,1595070076238876.2,0.045633749999979045
GA,CEC2017_F29,0,5638693630520781.0,0.04908808299978773
GA,CEC2017_F29,1,48315154442169.23,0.045646916999885434
GA,CEC2017_F29,2,361343053219402.2,0.052234833000056824
GA,CEC2017_F29,3,140203760796620.5,0.04937350000000151
GA,CEC2017_F29,4,87632663901461.94,0.04743295799971747
GA,CEC2017_F29,5,331185303261913.0,0.04547295799966378
GA,CEC2017_F29,6,6048056834347.206,0.04535758300016823
GA,CEC2017_F29,7,12393768602585.62,0.05282466700009536
GA,CEC2017_F29,8,448166680753305.25,0.05546158299966919
GA,CEC2017_F29,9,778299142503904.0,0.046128583999689
GA,CEC2017_F29,10,969199149176373.8,0.05061304199989536
GA,CEC2017_F29,11,265019613097739.84,0.04460500000004686
GA,CEC2017_F29,12,103011261520792.88,0.053756999999677646
GA,CEC2017_F29,13,7857809636971.468,0.04727433399966685
GA,CEC2017_F29,14,3612388907425386.5,0.05049254100003964
GA,CEC2017_F29,15,53699417797742.555,0.044872458999634546
GA,CEC2017_F29,16,461217003005404.2,0.04567612500022733
GA,CEC2017_F29,17,4372909300395389.5,0.05074408299969946
GA,CEC2017_F29,18,340708266691567.1,0.05648854200035203
GA,CEC2017_F29,19,1386640219013276.8,0.05262554099999761
GA,CEC2017_F29,20,207224380577848.88,0.05599679099987043
GA,CEC2017_F29,21,2692350437028301.5,0.04589912500023274
GA,CEC2017_F29,22,416598568040703.7,0.05123600000024453
GA,CEC2017_F29,23,451443285540939.25,0.05590595800003939
GA,CEC2017_F29,24,48871338943908.164,0.04835241699993276
GA,CEC2017_F29,25,559209022656838.8,0.0452517080002508
GA,CEC2017_F29,26,3172252801436004.0,0.04844916699994428
GA,CEC2017_F29,27,6548806597661.515,0.0569787920003364
GA,CEC2017_F29,28,78716484173173.11,0.04776316700008465
GA,CEC2017_F29,29,5048792579154.323,0.045922999999675085
PSO,CEC2017_F1,0,656379244.4550929,0.7669672920001176
PSO,CEC2017_F1,1,998602.2378468981,0.7764450419999775
PSO,CEC2017_F1,2,248974.07719740452,0.7910347499996533
PSO,CEC2017_F1,3,68642965.36129105,0.7739234579998993
PSO,CEC2017_F1,4,1210621.355746822,0.7541782079997574
PSO,CEC2017_F1,5,123751.73466065264,0.7301545420000366
PSO,CEC2017_F1,6,11632162.675693756,0.7494182079999518
PSO,CEC2017_F1,7,15462336.799340796,0.7869313749997673
PSO,CEC2017_F1,8,71849.51627396989,0.7137072079999598
PSO,CEC2017_F1,9,347677877.1953017,0.8000709160000952
PSO,CEC2017_F1,10,1173793325.69078,0.7432650840000861
PSO,CEC2017_F1,11,29097091.070739556,0.773701833999894
PSO,CEC2017_F1,12,4785684.25861246,0.7388887499996599
PSO,CEC2017_F1,13,14994193.91048161,0.7603781249999884
PSO,CEC2017_F1,14,9430505.034929307,0.8140172919997894
PSO,CEC2017_F1,15,334014723.6823036,0.8807523749997017
PSO,CEC2017_F1,16,5126151.512899356,0.8512163750001491
PSO,CEC2017_F1,17,5718988886.360028,0.7750465409999379
PSO,CEC2017_F1,18,7682728.83009316,0.7711683749998883
PSO,CEC2017_F1,19,698442862.5337312,0.738618833000146
PSO,CEC2017_F1,20,1622693.1115580283,0.7476173330001075
PSO,CEC2017_F1,21,25687644.252326287,0.7146291250001013
PSO,CEC2017_F1,22,245567599.64002573,0.779261041999689
PSO,CEC2017_F1,23,3821575.43077047,0.7329152500001328
PSO,CEC2017_F1,24,3161617.4356794804,0.7202411670000402
PSO,CEC2017_F1,25,49973276.36752204,0.7488785830000779
PSO,CEC2017_F1,26,72218711.75548774,0.7430904159996317
PSO,CEC2017_F1,27,196774625.80552918,0.7517744579999999
PSO,CEC2017_F1,28,193972180.48661008,0.7305561670000316
PSO,CEC2017_F1,29,16770302.325751612,0.7358739159999459
PSO,CEC2017_F2,0,238.36746883377322,0.6875869579998835
PSO,CEC2017_F2,1,860.0387748047432,0.7017687079996904
PSO,CEC2017_F2,2,209.7199261064361,0.7121401670001433
PSO,CEC2017_F2,3,496.11506578740386,0.739167875000021
PSO,CEC2017_F2,4,381.911896348387,0.5946996659999968
PSO,CEC2017_F2,5,1137.954397186366,0.6513648339996507
PSO,CEC2017_F2,6,1219.1461486807439,0.7360107919998882
PSO,CEC2017_F2,7,230.5697130074295,0.693025999999918
PSO,CEC2017_F2,8,7048.958542832091,0.7175301249999393
PSO,CEC2017_F2,9,240.30762632408906,0.6959948749999967
PSO,CEC2017_F2,10,207.838742196248,0.7164565410002979
PSO,CEC2017_F2,11,3082.5636686156827,0.6757826660000319
PSO,CEC2017_F2,12,4955.723918977099,0.6686662500001148
PSO,CEC2017_F2,13,16920.487215488036,0.6523772919999828
PSO,CEC2017_F2,14,409.30340091146587,0.6930354589999297
PSO,CEC2017_F2,15,3476.360294240477,0.7071899590000612
PSO,CEC2017_F2,16,407.7744924742726,0.6975377920002757
PSO,CEC2017_F2,17,259.8735284694963,0.7306692920001296
PSO,CEC2017_F2,18,351.6583464259841,0.6866644579999956
PSO,CEC2017_F2,19,362.50774073591697,0.6606109999997898
PSO,CEC2017_F2,20,340.2715874352124,0.7114513749997968
PSO,CEC2017_F2,21,368.3066323487383,0.6961802499999976
PSO,CEC2017_F2,22,213.33806804279257,0.7251472080001804
PSO,CEC2017_F2,23,271.54490715671307,0.8611192919997848
PSO,CEC2017_F2,24,222.99137674928522,0.7098421249997955
PSO,CEC2017_F2,25,776.8653278983236,0.6939135409998016
PSO,CEC2017_F2,26,390.2410654426447,0.7173721250001108
PSO,CEC2017_F2,27,214.69645491588813,0.7293122089999997
PSO,CEC2017_F2,28,374.38695624019897,0.6908822909999799
PSO,CEC2017_F2,29,3115.0558372172213,0.6833371669999906
PSO,CEC2017_F3,0,447.3090706915465,0.7897535420001986
PSO,CEC2017_F3,1,434.58864878338204,0.8098095000000285
PSO,CEC2017_F3,2,406.44152045081194,0.7912829590000001
PSO,CEC2017_F3,3,394.80966629343857,0.7889779170000111
PSO,CEC2017_F3,4,335.1538123364056,0.8091419169995788
PSO,CEC2017_F3,5,542.5304526127475,0.8570992079999087
PSO,CEC2017_F3,6,344.66878045247165,0.7894199590000426
PSO,CEC2017_F3,7,448.6820772502664,0.8572117079997952
PSO,CEC2017_F3,8,448.12292579664097,0.8188679169998068
PSO,CEC2017_F3,9,414.4387015004035,0.7556181660002039
PSO,CEC2017_F3,10,473.23710081272077,0.8359471250000752
PSO,CEC2017_F3,11,776.961745445352,0.7805193330000293
PSO,CEC2017_F3,12,394.1486742061097,0.8886307500001749
PSO,CEC2017_F3,13,387.8262473631096,0.7744054579998192
PSO,CEC2017_F3,14,447.9487419699726,0.8352839999997741
PSO,CEC2017_F3,15,613.4726259171191,0.8517716669998663
PSO,CEC2017_F3,16,399.42385191806466,0.8669272920001276
PSO,CEC2017_F3,17,425.6714589797767,0.784709374999693
PSO,CEC2017_F3,18,491.8306849654765,0.875482416000068
PSO,CEC2017_F3,19,382.5418449314983,0.7880801669998618
PSO,CEC2017_F3,20,428.21744123175955,0.859041167000214
PSO,CEC2017_F3,21,372.0379838548226,0.8641937919996963
PSO,CEC2017_F3,22,334.24174284596387,0.7762700409998615
PSO,CEC2017_F3,23,382.80779079115837,0.8074081669997213
PSO,CEC2017_F3,24,384.8573862055175,0.7700610420001794
PSO,CEC2017_F3,25,337.629903720028,0.7831289999999171
PSO,CEC2017_F3,26,338.5856020164466,0.8707872499999212
PSO,CEC2017_F3,27,452.21522369859247,0.9883350000000064
PSO,CEC2017_F3,28,441.02439945886204,0.7676947919999293
PSO,CEC2017_F3,29,342.56941790036296,0.763623583000026
PSO,CEC2017_F4,0,1746.920151960504,0.76998708300016
PSO,CEC2017_F4,1,1895.3612296978415,0.7762343330000476
PSO,CEC2017_F4,2,1793.9123409399924,0.785248958000011
PSO,CEC2017_F4,3,1015.6522956668387,0.8490939169996636
PSO,CEC2017_F4,4,980.6051043685948,0.7258804170000985
PSO,CEC2017_F4,5,1185.0749620763133,0.8102048750001813
PSO,CEC2017_F4,6,2345.480482913274,0.8112880839998979
PSO,CEC2017_F4,7,1477.2553335634666,0.7674616250001236
PSO,CEC2017_F4,8,1250.6864493884966,0.7752769590001662
PSO,CEC2017_F4,9,1616.8402855057375,0.7848984170000222
PSO,CEC2017_F4,10,894.6981143855983,0.6985073750001902
PSO,CEC2017_F4,11,1714.4426130406594,0.9394494590001159
PSO,CEC2017_F4,12,793.0905733746322,0.8174407080000492
PSO,CEC2017_F4,13,2445.3789366851042,0.7744233329999588
PSO,CEC2017_F4,14,813.5017129986576,0.7608262919998197
PSO,CEC2017_F4,15,2273.4551088385087,0.7963536249999379
PSO,CEC2017_F4,16,1320.3611609866168,0.7947889580000265
PSO,CEC2017_F4,17,1384.3037899360281,0.7719587500000671
PSO,CEC2017_F4,18,2410.5824028216693,0.7402500409998538
PSO,CEC2017_F4,19,2516.9755447946295,0.7929764579998846
PSO,CEC2017_F4,20,1378.390187436605,0.7652757089999795
PSO,CEC2017_F4,21,1617.926833594754,0.7852479160001167
PSO,CEC2017_F4,22,2180.706620996416,0.7942749170001662
PSO,CEC2017_F4,23,1766.1321351201543,0.766943000000083
PSO,CEC2017_F4,24,1271.6722375856848,0.7702591250003934
PSO,CEC2017_F4,25,1350.9532795192627,0.796118541999931
PSO,CEC2017_F4,26,1109.9249416879452,0.792264791999969
PSO,CEC2017_F4,27,1240.0153717115522,0.7526414169997224
PSO,CEC2017_F4,28,722.0421942956016,0.8186138329997448
PSO,CEC2017_F4,29,1953.1842728694996,0.7525212499999725
ECL-SCSO,CEC2017_F16,0,57834.14963562145,8.694246332999683
ECL-SCSO,CEC2017_F16,1,127351.82803056136,8.61210679099986
ECL-SCSO,CEC2017_F16,2,54193.12425647545,9.078076417000375
ECL-SCSO,CEC2017_F16,3,42817.29469811637,8.699606625000342
ECL-SCSO,CEC2017_F16,4,164890.70844651977,8.468728791000103
ECL-SCSO,CEC2017_F16,5,72293.28709025774,8.60312437499988
ECL-SCSO,CEC2017_F16,6,121197.914365388,8.717666957999882
ECL-SCSO,CEC2017_F16,7,151224.05884765126,8.925291334000121
ECL-SCSO,CEC2017_F16,8,75186.9196613708,8.883507666999776
ECL-SCSO,CEC2017_F16,9,104860.14914825326,8.74426879099974
ECL-SCSO,CEC2017_F16,10,89534.4991161316,8.847693415999856
ECL-SCSO,CEC2017_F16,11,184272.22154015172,8.985334167000019
ECL-SCSO,CEC2017_F16,12,127284.51792405098,8.82296766599984
ECL-SCSO,CEC2017_F16,13,80520.25847737228,8.634378875000039
ECL-SCSO,CEC2017_F16,14,119591.28882567788,8.75930870900038
ECL-SCSO,CEC2017_F16,15,59475.40672862571,8.726947624999866
ECL-SCSO,CEC2017_F16,16,143220.88828629482,8.826162124999883
ECL-SCSO,CEC2017_F16,17,210603.2696867015,8.635931999999684
ECL-SCSO,CEC2017_F16,18,136743.65990085108,8.660686666999936
ECL-SCSO,CEC2017_F16,19,68130.05108628348,8.591913167000257
ECL-SCSO,CEC2017_F16,20,57269.05665104116,8.671456957999908
ECL-SCSO,CEC2017_F16,21,129712.92759534564,8.883243167000273
ECL-SCSO,CEC2017_F16,22,258720.1156473974,8.55697470799987
ECL-SCSO,CEC2017_F16,23,99228.92121115654,8.555479374999777
ECL-SCSO,CEC2017_F16,24,92512.16741888747,8.683456541000396
ECL-SCSO,CEC2017_F16,25,86906.63257328418,8.589139166000223
ECL-SCSO,CEC2017_F16,26,74551.8507249678,8.786965750000036
ECL-SCSO,CEC2017_F16,27,109706.83359537684,8.73321575
ECL-SCSO,CEC2017_F16,28,243800.5727108991,8.576000291999662
ECL-SCSO,CEC2017_F16,29,50098.92767714229,8.591939540999647
ECL-SCSO,CEC2017_F19,0,6000.519189044345,8.93963845899998
ECL-SCSO,CEC2017_F19,1,7035.926056478959,9.134813541000312
ECL-SCSO,CEC2017_F19,2,3866.4665469346783,8.860814709000351
ECL-SCSO,CEC2017_F19,3,6832.428566919433,8.907382209000389
ECL-SCSO,CEC2017_F19,4,3849.760511294897,8.936478458999773
ECL-SCSO,CEC2017_F19,5,3845.7642486473387,8.844336374999784
ECL-SCSO,CEC2017_F19,6,4302.965776217198,9.026642833000096
ECL-SCSO,CEC2017_F19,7,4787.818254482068,9.090896457999861
ECL-SCSO,CEC2017_F19,8,5046.222676708845,9.018459541000084
ECL-SCSO,CEC2017_F19,9,5624.773273670957,9.10127058299986
ECL-SCSO,CEC2017_F19,10,3936.907179297119,9.316725625000345
ECL-SCSO,CEC2017_F19,11,3726.7560063902265,9.0000757910002
ECL-SCSO,CEC2017_F19,12,3940.5228676275574,8.957681834000141
ECL-SCSO,CEC2017_F19,13,7374.815944159944,8.93118937500003
ECL-SCSO,CEC2017_F19,14,5348.454155419883,8.857394416000261
ECL-SCSO,CEC2017_F19,15,7017.355006105859,8.979825124999934
ECL-SCSO,CEC2017_F19,16,5813.967383275543,8.793673915999989
ECL-SCSO,CEC2017_F19,17,5892.205951852024,8.945509250000214
ECL-SCSO,CEC2017_F19,18,4987.712604262374,8.989406457999848
ECL-SCSO,CEC2017_F19,19,5569.821827239832,9.01710412500006
ECL-SCSO,CEC2017_F19,20,4292.216704340003,8.739816249999876
ECL-SCSO,CEC2017_F19,21,4649.018657441135,8.908444749999944
ECL-SCSO,CEC2017_F19,22,2936.5561258047173,8.957210874999873
ECL-SCSO,CEC2017_F19,23,3306.389256415534,8.855159542000365
ECL-SCSO,CEC2017_F19,24,5160.966793317961,9.038916333000088
ECL-SCSO,CEC2017_F19,25,3780.3608082409437,9.157627249999678
ECL-SCSO,CEC2017_F19,26,4043.694959042346,8.90897995899968
ECL-SCSO,CEC2017_F19,27,3750.022858426977,8.921620374999748
ECL-SCSO,CEC2017_F19,28,4666.48838652318,8.92491741699996
ECL-SCSO,CEC2017_F19,29,6106.78372817507,8.891824666000048
ECL-SCSO,CEC2017_F25,0,3414.0257915732873,7.157567582999945
ECL-SCSO,CEC2017_F25,1,3409.0702237218143,7.186583208999764
ECL-SCSO,CEC2017_F25,2,3421.962323743129,6.898722791000182
ECL-SCSO,CEC2017_F25,3,3521.5556564273415,7.133889249999811
ECL-SCSO,CEC2017_F25,4,3522.366491322736,7.054666707999786
ECL-SCSO,CEC2017_F25,5,3401.8812697857484,7.186896041000182
ECL-SCSO,CEC2017_F25,6,3426.707105958819,6.982298207999975
ECL-SCSO,CEC2017_F25,7,3407.1493905466796,6.986704709000151
ECL-SCSO,CEC2017_F25,8,3386.8044751373186,7.098900790999778
ECL-SCSO,CEC2017_F25,9,3433.2780941353567,7.069376375000047
ECL-SCSO,CEC2017_F25,10,3620.7100203102964,7.225585499999852
ECL-SCSO,CEC2017_F25,11,3553.8161152326466,7.145123499999954
ECL-SCSO,CEC2017_F25,12,3873.498983430764,7.122245624999778
ECL-SCSO,CEC2017_F25,13,3431.722035618232,7.223698374999913
ECL-SCSO,CEC2017_F25,14,3411.473945677469,7.141927708999901
ECL-SCSO,CEC2017_F25,15,3475.022902972013,7.033312333999675
ECL-SCSO,CEC2017_F25,16,3363.6149814985733,6.7725013330000365
ECL-SCSO,CEC2017_F25,17,3407.250675961116,7.0533507919999465
ECL-SCSO,CEC2017_F25,18,3443.8013276804904,7.038873707999755
ECL-SCSO,CEC2017_F25,19,3495.377439768965,7.040007541999785
ECL-SCSO,CEC2017_F25,20,3378.5401417417065,7.0497718750002605
ECL-SCSO,CEC2017_F25,21,3420.426467011661,6.989766374999817
ECL-SCSO,CEC2017_F25,22,3423.546061337646,6.942477125000096
ECL-SCSO,CEC2017_F25,23,3411.622440028169,7.2061385840002
ECL-SCSO,CEC2017_F25,24,3442.1677468667312,7.110236915999849
ECL-SCSO,CEC2017_F25,25,3417.4760503647003,7.040370707999955
ECL-SCSO,CEC2017_F25,26,3404.6019077109786,6.973468208999748
ECL-SCSO,CEC2017_F25,27,3437.325343031799,7.045613540999966
ECL-SCSO,CEC2017_F25,28,3526.1659902384176,7.13229658399996
ECL-SCSO,CEC2017_F25,29,3731.0919552411865,7.147126667000066
PSO,CEC2017_F6,0,9576.219089678912,0.96689833299979
PSO,CEC2017_F6,1,1873.382846246413,0.988016332999905
PSO,CEC2017_F6,2,13634.681094338623,0.9698513329999514
PSO,CEC2017_F6,3,2597.3626124762177,0.9175433749996955
PSO,CEC2017_F6,4,2300.3210902962755,0.9520049160000781
PSO,CEC2017_F6,5,3604.9381025800117,0.9153339999998025
PSO,CEC2017_F6,6,1710.2203401842826,0.9618994580000617
PSO,CEC2017_F6,7,3011.8261382609217,1.0474681250002504
PSO,CEC2017_F6,8,9613.91653051699,0.972741957999915
PSO,CEC2017_F6,9,9393.74842642686,0.9408312920004391
PSO,CEC2017_F6,10,8032.054023005313,1.0233793749998767
PSO,CEC2017_F6,11,1213.1614799012914,0.9205671250001615
PSO,CEC2017_F6,12,1526.868902172503,0.9204871669999193
PSO,CEC2017_F6,13,15854.668721425593,0.9294737499999428
PSO,CEC2017_F6,14,15173.020485072064,1.0496679160000895
PSO,CEC2017_F6,15,3944.148604867012,0.9270226670000739
PSO,CEC2017_F6,16,37153.37064964608,0.9567873749997489
PSO,CEC2017_F6,17,21962.08646795991,1.0406926670002576
PSO,CEC2017_F6,18,24571.928641385563,1.0304876659997717
PSO,CEC2017_F6,19,48091.500033566736,0.9624652499996955
PSO,CEC2017_F6,20,4130.852900096411,0.9671526669999366
PSO,CEC2017_F6,21,3077.700512896194,0.9477038330001051
PSO,CEC2017_F6,22,2451.8854847589773,1.0060351669999363
PSO,CEC2017_F6,23,3855.2317954462574,0.9727260419999766
PSO,CEC2017_F6,24,8675.899640254123,0.9543455839998387
PSO,CEC2017_F6,25,1906.3920358403473,0.9258520420003151
PSO,CEC2017_F6,26,9345.968008867252,1.0004508330002864
PSO,CEC2017_F6,27,82263.08426481497,0.9758832920001623
PSO,CEC2017_F6,28,1592.694727427774,0.8887431659995855
PSO,CEC2017_F6,29,1500.841352445337,0.9216742079997857
ECL-SCSO,CEC2017_F29,0,339329505.6330909,5.6057169169998815
ECL-SCSO,CEC2017_F29,1,607887938.6770107,5.500178250000317
ECL-SCSO,CEC2017_F29,2,1446423322.1070163,5.769186708000234
ECL-SCSO,CEC2017_F29,3,922293273.8263354,5.7395555419998345
ECL-SCSO,CEC2017_F29,4,254669695.84558913,6.06608499999993
ECL-SCSO,CEC2017_F29,5,545262922.7020557,5.591231750000134
ECL-SCSO,CEC2017_F29,6,252530562.89213833,5.681265249999797
ECL-SCSO,CEC2017_F29,7,227972387.41317672,5.987628250000398
ECL-SCSO,CEC2017_F29,8,8307110535.544221,5.677515625000069
ECL-SCSO,CEC2017_F29,9,452630162.84544003,5.71447708300002
ECL-SCSO,CEC2017_F29,10,375881275.8008108,5.595516750000115
ECL-SCSO,CEC2017_F29,11,679425276.9739344,5.7185069580000345
ECL-SCSO,CEC2017_F29,12,88904323.86289866,5.744276124999942
ECL-SCSO,CEC2017_F29,13,2789746216.91699,5.697071707999839
ECL-SCSO,CEC2017_F29,14,260174506.3400553,5.667605874999936
ECL-SCSO,CEC2017_F29,15,1477169835.799814,5.768247666000207
ECL-SCSO,CEC2017_F29,16,3443059069.491455,5.554010374999962
ECL-SCSO,CEC2017_F29,17,1227790291.3519783,5.711237625000194
ECL-SCSO,CEC2017_F29,18,188995651.6060559,5.75566416599986
ECL-SCSO,CEC2017_F29,19,397689835.9365637,5.802092041999913
ECL-SCSO,CEC2017_F29,20,591461229.7250584,5.718226125000001
ECL-SCSO,CEC2017_F29,21,211502588.68328547,5.936038791999636
ECL-SCSO,CEC2017_F29,22,723107577.831932,5.749287125000137
ECL-SCSO,CEC2017_F29,23,745203423.3739998,5.703617791999932
ECL-SCSO,CEC2017_F29,24,278132554.99826443,5.621719666999979
ECL-SCSO,CEC2017_F29,25,256251769.96201402,5.665139125000223
ECL-SCSO,CEC2017_F29,26,905633186.2681004,5.656305457999679
ECL-SCSO,CEC2017_F29,27,1537176903.1201324,5.751477582999996
ECL-SCSO,CEC2017_F29,28,404513148.8723362,5.573241958000381
ECL-SCSO,CEC2017_F29,29,1677083178.1557267,5.670442874999935
PSO,CEC2017_F5,0,500.0108312889548,1.3390326660000937
PSO,CEC2017_F5,1,500.0037524422745,1.3989160000000993
PSO,CEC2017_F5,2,500.00290078358785,1.3547754999999597
PSO,CEC2017_F5,3,500.00013412953126,1.4072726249996776
PSO,CEC2017_F5,4,500.0017361921505,1.3778085409999221
PSO,CEC2017_F5,5,500.00069345547047,1.380373334000069
PSO,CEC2017_F5,6,500.0018386284595,1.3733315419999599
PSO,CEC2017_F5,7,500.00000045387833,1.3980442090000906
PSO,CEC2017_F5,8,500.0019942859812,1.39511658299989
PSO,CEC2017_F5,9,500.0069830281126,1.3666763329997593
PSO,CEC2017_F5,10,500.0001304215835,1.4067637080001987
PSO,CEC2017_F5,11,500.0001569121284,1.4447524999995949
PSO,CEC2017_F5,12,500.00227979125134,1.3727524579999226
PSO,CEC2017_F5,13,500.0029217725245,1.4177411659998143
PSO,CEC2017_F5,14,500.000150492918,1.4144847909997225
PSO,CEC2017_F5,15,500.0004291013759,1.4207785000003241
PSO,CEC2017_F5,16,500.0004911219284,1.37786316599977
PSO,CEC2017_F5,17,500.0096665802341,1.33581224999989
PSO,CEC2017_F5,18,500.00013014356847,1.3851242499999898
PSO,CEC2017_F5,19,500.0053523336928,1.3914043330000823
PSO,CEC2017_F5,20,500.00050579522156,1.4228938750002271
PSO,CEC2017_F5,21,500.00079992912,1.4089300830000866
PSO,CEC2017_F5,22,500.00104537364814,1.3735705839999355
PSO,CEC2017_F5,23,500.0044991662814,1.4157955000000584
PSO,CEC2017_F5,24,500.0022701974049,1.4500585830001
PSO,CEC2017_F5,25,500.0003271450782,1.454250792000039
PSO,CEC2017_F5,26,500.0013931745822,1.3675780419998773
PSO,CEC2017_F5,27,500.00080252663474,1.3768760829998428
PSO,CEC2017_F5,28,500.0010276277852,1.3235927079999783
PSO,CEC2017_F5,29,500.0000828534833,1.346265625000342
ECL-SCSO,CEC2017_F27,0,3365.79060905,6.736147625000285
ECL-SCSO,CEC2017_F27,1,3525.378207026146,6.587440249999872
ECL-SCSO,CEC2017_F27,2,3315.789665819926,6.574114707999797
ECL-SCSO,CEC2017_F27,3,3831.4118471627626,6.6263450000001285
ECL-SCSO,CEC2017_F27,4,3343.243640760664,6.658735500000148
ECL-SCSO,CEC2017_F27,5,3261.2084121963408,6.682290665999972
ECL-SCSO,CEC2017_F27,6,3323.619435339104,6.621085708999999
ECL-SCSO,CEC2017_F27,7,3367.9947716135357,6.613844582999718
ECL-SCSO,CEC2017_F27,8,3551.4364413235107,6.646588833000351
ECL-SCSO,CEC2017_F27,9,3235.4695866662987,6.657641417000377
ECL-SCSO,CEC2017_F27,10,3281.0255599741404,6.726423416999751
ECL-SCSO,CEC2017_F27,11,3392.236297068349,6.597562458999619
ECL-SCSO,CEC2017_F27,12,3476.0008660757976,6.61482045799994
ECL-SCSO,CEC2017_F27,13,3516.4595486564963,6.51978175000022
ECL-SCSO,CEC2017_F27,14,3251.159013391774,6.58021220899991
ECL-SCSO,CEC2017_F27,15,3345.4789110287634,6.613777624999784
ECL-SCSO,CEC2017_F27,16,3272.1637431417753,6.561176250000244
ECL-SCSO,CEC2017_F27,17,3312.594415939818,6.5250137910002195
ECL-SCSO,CEC2017_F27,18,3399.5836682430668,6.5153205000001435
ECL-SCSO,CEC2017_F27,19,3394.0722607571406,6.73474162499997
ECL-SCSO,CEC2017_F27,20,3253.497159779475,6.637307999999848
ECL-SCSO,CEC2017_F27,21,3606.421992906982,6.550293208000312
ECL-SCSO,CEC2017_F27,22,3721.023616339997,6.579640584000117
ECL-SCSO,CEC2017_F27,23,3266.2406755967186,6.587290500000108
ECL-SCSO,CEC2017_F27,24,3409.4764354466975,6.663338916000157
ECL-SCSO,CEC2017_F27,25,3337.7603958626014,6.5914840830000685
ECL-SCSO,CEC2017_F27,26,3183.558074040285,6.548633040999903
ECL-SCSO,CEC2017_F27,27,3410.4241939501862,6.6311072080002305
ECL-SCSO,CEC2017_F27,28,3284.4675881620688,6.620392167000318
ECL-SCSO,CEC2017_F27,29,3265.112399152625,6.734460084000148
PSO,CEC2017_F8,0,813.3157190250109,0.937693957999727
PSO,CEC2017_F8,1,803.9256213749879,0.931392667000182
PSO,CEC2017_F8,2,805.358252190041,0.9732257079999727
PSO,CEC2017_F8,3,805.7664220672553,0.9813134169999103
PSO,CEC2017_F8,4,808.9675003541164,0.9760214170000836
PSO,CEC2017_F8,5,803.5566590778978,0.965102042000126
PSO,CEC2017_F8,6,807.8541860278737,0.9339264589998493
PSO,CEC2017_F8,7,804.1445472407047,0.9987043329997505
PSO,CEC2017_F8,8,804.3335012985515,0.9452771250003025
PSO,CEC2017_F8,9,812.2872751924468,0.9095412090000536
PSO,CEC2017_F8,10,816.3757935053635,0.9742159160000483
PSO,CEC2017_F8,11,808.8686342828325,0.9679622910002763
PSO,CEC2017_F8,12,810.281630525087,0.9399754170003689
PSO,CEC2017_F8,13,804.6403862209497,0.9606624580001153
PSO,CEC2017_F8,14,808.106961136998,0.9412806670002283
PSO,CEC2017_F8,15,805.8331391813199,1.0099543749997792
PSO,CEC2017_F8,16,819.5395716874292,0.9500122500003272
PSO,CEC2017_F8,17,805.8146859792237,0.9760615000000143
PSO,CEC2017_F8,18,804.1760402548992,0.9516695410002285
PSO,CEC2017_F8,19,818.5504038033004,0.9632790830000886
PSO,CEC2017_F8,20,812.9025914226568,0.944839624999986
PSO,CEC2017_F8,21,811.0393150202428,0.9442009999997936
PSO,CEC2017_F8,22,807.0975205874038,0.9907192919999943
PSO,CEC2017_F8,23,812.1614685610353,0.9045286250002391
PSO,CEC2017_F8,24,804.9025621430006,1.0125672919998578
PSO,CEC2017_F8,25,819.1212598363288,0.8987266669996643
PSO,CEC2017_F8,26,814.0439994564002,1.016139917000146
PSO,CEC2017_F8,27,803.1855917240573,0.9068167499999618
PSO,CEC2017_F8,28,807.6876170393621,1.0110046250001687
PSO,CEC2017_F8,29,809.1806925256063,0.8949045839999599
PSO,CEC2017_F7,0,1078.5,1.2199924579999788
PSO,CEC2017_F7,1,1129.3425329877168,1.257009833000211
PSO,CEC2017_F7,2,1025.5137333570924,1.2631497500001387
PSO,CEC2017_F7,3,1072.5,1.1975322500002221
PSO,CEC2017_F7,4,1137.0474613779704,1.2153743329999998
PSO,CEC2017_F7,5,983.9436243237739,1.206736207999711
PSO,CEC2017_F7,6,1018.4755123425621,1.1869229580001956
PSO,CEC2017_F7,7,1130.1262105254962,1.2188786250003432
PSO,CEC2017_F7,8,1116.6824999688738,1.2224003340002128
PSO,CEC2017_F7,9,1137.0000000000025,1.2056790420001562
PSO,CEC2017_F7,10,1033.0000005438606,1.222107208000125
PSO,CEC2017_F7,11,1228.5025055387375,1.2358229999999821
PSO,CEC2017_F7,12,1141.0000645677242,1.2579709999999977
PSO,CEC2017_F7,13,1014.0000163689774,1.2389833340002951
PSO,CEC2017_F7,14,1234.5762430606178,1.2434291249996932
PSO,CEC2017_F7,15,994.0,1.2161597499998607
PSO,CEC2017_F7,16,1275.0210906057134,1.273804082999959
PSO,CEC2017_F7,17,1075.5,1.2530734580000171
PSO,CEC2017_F7,18,1088.0424513837675,1.2369280000002618
PSO,CEC2017_F7,19,1065.1405814261732,1.232212499999605
PSO,CEC2017_F7,20,1146.4956423846209,1.2275563749999492
PSO,CEC2017_F7,21,892.0000320562779,1.2348488749998978
PSO,CEC2017_F7,22,996.6823201006766,1.2392532089997985
PSO,CEC2017_F7,23,1094.256705039222,1.2173006670000177
PSO,CEC2017_F7,24,1206.9152180570359,1.1911653339998338
PSO,CEC2017_F7,25,942.6126375798932,1.226817457999914
PSO,CEC2017_F7,26,1052.5,1.2514499590001833
PSO,CEC2017_F7,27,1161.4983369442648,1.2306378329999461
PSO,CEC2017_F7,28,996.0008612292227,1.3400252500000533
PSO,CEC2017_F7,29,892.967111322005,1.2055012089999764
ECL-SCSO,CEC2017_F26,0,3408.3806314415497,7.596999500000038
ECL-SCSO,CEC2017_F26,1,3149.7538190398736,7.536029333999977
ECL-SCSO,CEC2017_F26,2,3261.354595013693,7.202191791999667
ECL-SCSO,CEC2017_F26,3,3205.156402809647,7.327147040999989
ECL-SCSO,CEC2017_F26,4,3239.4447815025937,7.335997250000219
ECL-SCSO,CEC2017_F26,5,3284.430970458528,7.377905750000082
ECL-SCSO,CEC2017_F26,6,3278.008458189315,7.458734750000076
ECL-SCSO,CEC2017_F26,7,3216.3675614167987,7.3390055830000165
ECL-SCSO,CEC2017_F26,8,3400.0007695907125,7.4097474590003
ECL-SCSO,CEC2017_F26,9,3242.096507429456,7.307150833000378
ECL-SCSO,CEC2017_F26,10,3347.13816093958,7.228169333000096
ECL-SCSO,CEC2017_F26,11,3236.5035150758013,7.39403745799973
ECL-SCSO,CEC2017_F26,12,3318.9377201925154,7.199344374999782
ECL-SCSO,CEC2017_F26,13,3199.1027377961723,7.16987729199991
ECL-SCSO,CEC2017_F26,14,3250.077338847837,7.22432337500004
ECL-SCSO,CEC2017_F26,15,3310.6416461697977,7.364996832999623
ECL-SCSO,CEC2017_F26,16,3394.0870949053324,7.162326667000343
ECL-SCSO,CEC2017_F26,17,3662.7605711718743,7.354374500000176
ECL-SCSO,CEC2017_F26,18,3197.1922610049737,7.523755665999943
ECL-SCSO,CEC2017_F26,19,3463.1433400149444,7.347706292000112
ECL-SCSO,CEC2017_F26,20,3274.244369858546,7.144730709000214
ECL-SCSO,CEC2017_F26,21,3716.6642911669455,7.229805040999963
ECL-SCSO,CEC2017_F26,22,3295.9776404177537,7.173525625000366
ECL-SCSO,CEC2017_F26,23,3243.335018052802,7.218501709000066
ECL-SCSO,CEC2017_F26,24,3207.8933754472155,7.073346541999854
ECL-SCSO,CEC2017_F26,25,3195.405367472765,7.224451957999918
ECL-SCSO,CEC2017_F26,26,3343.36909165621,7.326363749999928
ECL-SCSO,CEC2017_F26,27,3711.7858222317623,7.499049459000162
ECL-SCSO,CEC2017_F26,28,3279.2344455589396,7.113871207999637
ECL-SCSO,CEC2017_F26,29,3266.430322018766,7.3202669580000475
PSO,CEC2017_F10,0,53057.35207086799,0.9977518749997216
PSO,CEC2017_F10,1,33262.517571717966,1.005917416000102
PSO,CEC2017_F10,2,13017.501648497006,1.028536250000343
PSO,CEC2017_F10,3,30688.57492292035,1.0525399999996807
PSO,CEC2017_F10,4,22918.058842130078,0.9877373750000515
PSO,CEC2017_F10,5,42443.25903129349,0.9784651249997296
PSO,CEC2017_F10,6,44686.59990115283,1.0120630840001468
PSO,CEC2017_F10,7,21999.693133576766,0.9893943329998365
PSO,CEC2017_F10,8,13068.605363907729,1.0077200830000947
PSO,CEC2017_F10,9,37945.28523780402,1.0136626670000624
PSO,CEC2017_F10,10,45950.728499771605,0.9859401670000807
PSO,CEC2017_F10,11,28155.33929128136,0.9754755839999234
PSO,CEC2017_F10,12,25633.74543175678,0.9953184579999288
PSO,CEC2017_F10,13,10287.22575883298,1.0271919589999925
PSO,CEC2017_F10,14,41619.89083020447,1.0012951660000908
PSO,CEC2017_F10,15,18974.20773916036,0.9840143329997773
PSO,CEC2017_F10,16,38239.20661525448,1.0341208750000987
PSO,CEC2017_F10,17,30198.10258778959,1.0526197919998594
PSO,CEC2017_F10,18,24914.495015300447,1.0084668750000674
PSO,CEC2017_F10,19,23761.702193442918,1.024733875000038
PSO,CEC2017_F10,20,26896.34776992117,0.9964248329997645
PSO,CEC2017_F10,21,67167.27952874481,1.016501000000062
PSO,CEC2017_F10,22,35279.65346565324,1.033081707999827
PSO,CEC2017_F10,23,5610.18070069619,1.1013969169998745
PSO,CEC2017_F10,24,13031.499477130463,1.004599207999945
PSO,CEC2017_F10,25,61044.85813337365,0.9802500830001009
PSO,CEC2017_F10,26,29853.046924358558,0.9873200420001922
PSO,CEC2017_F10,27,8453.289647842435,1.053662291999899
PSO,CEC2017_F10,28,28458.402624553222,1.0012522920001174
PSO,CEC2017_F10,29,44738.69317181736,0.9943392079999285
PSO,CEC2017_F9,0,4484.07852749686,1.2441727909999827
PSO,CEC2017_F9,1,2804.3845349876974,1.2566882090000036
PSO,CEC2017_F9,2,3875.803830963272,1.2736784580001768
PSO,CEC2017_F9,3,3855.72524973277,1.3300254589998985
PSO,CEC2017_F9,4,4331.986467518931,1.2254184169996734
PSO,CEC2017_F9,5,3469.5686167353997,1.1661961669997254
PSO,CEC2017_F9,6,3354.688806514918,1.2609449169999607
PSO,CEC2017_F9,7,4533.084303271526,1.315530082999885
PSO,CEC2017_F9,8,4594.806080486336,1.2256532080000397
PSO,CEC2017_F9,9,7723.05087434287,1.2149662920000992
PSO,CEC2017_F9,10,4266.36974570747,1.272367375000158
PSO,CEC2017_F9,11,5004.9208129165345,1.2192376250000052
PSO,CEC2017_F9,12,4365.256176578829,1.2822777080000378
PSO,CEC2017_F9,13,3912.7211952200887,1.2126188329998513
PSO,CEC2017_F9,14,3941.828634917387,1.324321042000065
PSO,CEC2017_F9,15,4722.129296849278,1.2164149159998487
PSO,CEC2017_F9,16,4905.485591827966,1.245127333000255
PSO,CEC2017_F9,17,8383.706292432193,1.2571915409998837
PSO,CEC2017_F9,18,4207.803762493193,1.30422979199966
PSO,CEC2017_F9,19,3736.8883953767054,1.3230768329999592
PSO,CEC2017_F9,20,3961.480671632695,1.230360500000188
PSO,CEC2017_F9,21,3915.481585879277,1.2542979590002687
PSO,CEC2017_F9,22,7904.026896101542,1.2280119580000246
PSO,CEC2017_F9,23,4102.063777962647,1.2161405830001968
PSO,CEC2017_F9,24,3463.617540646532,1.2407435000000078
PSO,CEC2017_F9,25,4643.105295947569,1.2110116250000829
PSO,CEC2017_F9,26,3923.2902160088233,1.2380275420000544
PSO,CEC2017_F9,27,3016.901899587532,1.1550921250000101
PSO,CEC2017_F9,28,5583.7109391783615,1.1801412079998954
PSO,CEC2017_F9,29,3815.909496532371,1.2345189159996153
PSO,CEC2017_F12,0,20159.809387642676,1.1033082499998272
PSO,CEC2017_F12,1,21464.23105569484,1.158378250000169
PSO,CEC2017_F12,2,7744.187071052903,1.1746471669998755
PSO,CEC2017_F12,3,219050.39870142774,1.2027888339998754
PSO,CEC2017_F12,4,31441.65552197947,1.1576472080000713
PSO,CEC2017_F12,5,11521.869049959136,1.1152936250000494
PSO,CEC2017_F12,6,5783.702973472424,1.1151960829997734
PSO,CEC2017_F12,7,18588.986623399895,1.1647005419999914
PSO,CEC2017_F12,8,15805.411306386826,1.132196749999821
PSO,CEC2017_F12,9,250312.88122836337,1.1180607919995964
PSO,CEC2017_F12,10,7034.940875439099,1.1342122910000398
PSO,CEC2017_F12,11,17392.665928943145,1.1391791249998278
PSO,CEC2017_F12,12,3646.7627246133643,1.2411655410001003
PSO,CEC2017_F12,13,12906.16881499237,1.112085499999921
PSO,CEC2017_F12,14,11742.012152594743,1.141805333999855
PSO,CEC2017_F12,15,383333.1863669684,1.1459941660000368
PSO,CEC2017_F12,16,5441.990229490519,1.0790890000002946
PSO,CEC2017_F12,17,10414.129473847282,1.109191582999756
PSO,CEC2017_F12,18,13098.468641541318,1.073008999999729
PSO,CEC2017_F12,19,4629.105627615747,1.0860195000000203
PSO,CEC2017_F12,20,9756.864930907643,1.135842749999938
PSO,CEC2017_F12,21,22403.542975754488,1.1614600830002928
PSO,CEC2017_F12,22,4881.97216509473,1.1546786670000984
PSO,CEC2017_F12,23,4074.569349058568,1.0617798339999354
PSO,CEC2017_F12,24,20793.28205349926,1.1563320000000203
PSO,CEC2017_F12,25,5768.034529227126,1.1057788749999418
PSO,CEC2017_F12,26,2170.8592432404953,1.1488823329996194
PSO,CEC2017_F12,27,15438.608149700793,1.0835439580000639
PSO,CEC2017_F12,28,13186.182847585407,1.1256769579999855
PSO,CEC2017_F12,29,9147.67783252426,1.1206939580001745
PSO,CEC2017_F11,0,91579.12832954059,1.3302057910000258
PSO,CEC2017_F11,1,37167.1493207837,1.3669220830001905
PSO,CEC2017_F11,2,15177.70854636161,1.534256708999692
PSO,CEC2017_F11,3,14211.358787393827,1.3979376249999405
PSO,CEC2017_F11,4,37419693.65321514,1.3904030420003437
PSO,CEC2017_F11,5,86845.6035970885,1.3670402090001517
PSO,CEC2017_F11,6,44399.06793768071,1.3048557500001152
PSO,CEC2017_F11,7,58002.132039537006,1.2920690420000938
PSO,CEC2017_F11,8,14499.110784235432,1.407541792000302
PSO,CEC2017_F11,9,226274.7628747758,1.29317195800013
PSO,CEC2017_F11,10,8683.494680927815,1.2974616660003448
PSO,CEC2017_F11,11,11302.077531505085,1.364832290999857
PSO,CEC2017_F11,12,76082.82923340247,1.3970667500002492
PSO,CEC2017_F11,13,16481.75494513676,1.482967791000192
PSO,CEC2017_F11,14,34538.2077994796,1.3773304579999603
PSO,CEC2017_F11,15,70557.54867804436,1.3968751659999725
PSO,CEC2017_F11,16,228987.1202143523,1.4462232089999816
PSO,CEC2017_F11,17,81897.11562710052,1.4413749159998588
PSO,CEC2017_F11,18,56470.36293505777,1.3552311250000457
PSO,CEC2017_F11,19,51014.48516026267,1.3544922920000317
PSO,CEC2017_F11,20,24513.2615899503,1.3520366249999825
PSO,CEC2017_F11,21,4821.637082234936,1.3531010840001727
PSO,CEC2017_F11,22,12146.20340835089,1.401818374999948
PSO,CEC2017_F11,23,41791.97856085501,1.3667354170002
PSO,CEC2017_F11,24,191149.56558396225,1.3910725000000639
PSO,CEC2017_F11,25,78562.15838429629,1.4229568340001606
PSO,CEC2017_F11,26,91956.7684503,1.3508623329998954
PSO,CEC2017_F11,27,575174.7872578703,1.3412191249999523
PSO,CEC2017_F11,28,46436.92722785172,1.324571042000116
PSO,CEC2017_F11,29,21577.25435437042,1.3972132089998013
PSO,CEC2017_F13,0,328288.5525634893,1.1996654169997782
PSO,CEC2017_F13,1,444239.7902490931,1.3551395409999714
PSO,CEC2017_F13,2,300529.547529677,1.218028041999787
PSO,CEC2017_F13,3,49315.05055363059,1.1990882499999316
PSO,CEC2017_F13,4,164879.86875331157,1.1733960419996947
PSO,CEC2017_F13,5,182714.8491672832,1.238330500000302
PSO,CEC2017_F13,6,656794.2439885751,1.1432502079996993
PSO,CEC2017_F13,7,619694.8824086271,1.2100534999999581
PSO,CEC2017_F13,8,107504.73872376644,1.1822073749999618
PSO,CEC2017_F13,9,410041.8730394379,1.1605513750000682
PSO,CEC2017_F13,10,64273.49592096076,1.2128165419999277
PSO,CEC2017_F13,11,4483458.667660056,1.1547195830003147
PSO,CEC2017_F13,12,168599.90622013214,1.1713625419997697
PSO,CEC2017_F13,13,305490.3868062254,1.1886838750001516
PSO,CEC2017_F13,14,231157.2197980058,1.172162125000341
PSO,CEC2017_F13,15,189570.29089977022,1.1974287909997656
PSO,CEC2017_F13,16,102622.3733510057,1.20080254100003
PSO,CEC2017_F13,17,358491.3483460907,1.1850554579996242
PSO,CEC2017_F13,18,544229.9761673913,1.2069255420001355
PSO,CEC2017_F13,19,65018.72920453002,1.2095912500003578
PSO,CEC2017_F13,20,5543745.398100559,1.1710949170001186
PSO,CEC2017_F13,21,517143.28182268806,1.1542270830000234
PSO,CEC2017_F13,22,269103.03232078167,1.1620422500000132
PSO,CEC2017_F13,23,548140.6031747512,1.180315750000318
PSO,CEC2017_F13,24,223514.00253146465,1.1850228329999482
PSO,CEC2017_F13,25,160160.2787653093,1.1472337919999518
PSO,CEC2017_F13,26,162588.11826883693,1.1939466669996364
PSO,CEC2017_F13,27,99378.01261453869,1.2181761669999105
PSO,CEC2017_F13,28,143845.88862513308,1.18522029199994
PSO,CEC2017_F13,29,639633.1301333166,1.1522011249999196
PSO,CEC2017_F14,0,7662.398400576193,1.1255678749998879
PSO,CEC2017_F14,1,27896.68234761817,1.0471612090000235
PSO,CEC2017_F14,2,28158.18429301475,1.1204163750003318
PSO,CEC2017_F14,3,34765.880465505536,1.1008546670000214
PSO,CEC2017_F14,4,45272.463051950384,1.1363337500001762
PSO,CEC2017_F14,5,50410.78324287544,1.1558435410001948
PSO,CEC2017_F14,6,26576.75421280383,1.1315564169999561
PSO,CEC2017_F14,7,11462.863250787083,1.1007320000003347
PSO,CEC2017_F14,8,30151.64062479193,1.1636355830000866
PSO,CEC2017_F14,9,11447.736601301469,1.14694954100014
PSO,CEC2017_F14,10,23364.48092824193,1.106414875000155
PSO,CEC2017_F14,11,56046.055542977956,1.156946749999861
PSO,CEC2017_F14,12,70602.54466924553,1.080885416000001
PSO,CEC2017_F14,13,32746.239047111543,1.121685042000081
PSO,CEC2017_F14,14,13363.21969031404,1.0702929589997439
PSO,CEC2017_F14,15,15013.535630593871,1.1371437910001987
PSO,CEC2017_F14,16,21382.93121152657,1.1018300000000636
PSO,CEC2017_F14,17,34408.83978522689,1.1057029170001442
PSO,CEC2017_F14,18,14273.847855249081,1.146352583999942
PSO,CEC2017_F14,19,33304.442437091246,1.074750709
PSO,CEC2017_F14,20,18135.7231094389,1.1628574579999622
PSO,CEC2017_F14,21,12104.638746787075,1.1228116659999614
PSO,CEC2017_F14,22,57431.00061700302,1.0892570839996552
PSO,CEC2017_F14,23,40970.59445709969,1.123955874999865
PSO,CEC2017_F14,24,10083.501898277947,1.1437329590003174
PSO,CEC2017_F14,25,42185.87031283661,1.0381251250000787
PSO,CEC2017_F14,26,7507.007730025803,1.1231595410004047
PSO,CEC2017_F14,27,22445.09501338858,1.1026178750003055
PSO,CEC2017_F14,28,27381.638622582646,1.1165687500001695
PSO,CEC2017_F14,29,33319.351176035096,1.1140151670001615
PSO,CEC2017_F17,0,46489.22422305878,1.219787541000187
PSO,CEC2017_F17,1,48155.63119353332,1.2257405410000501
PSO,CEC2017_F17,2,57290.91444484367,1.1886603339999056
PSO,CEC2017_F17,3,135633.02573379318,1.222847333000118
PSO,CEC2017_F17,4,88484.71135003527,1.2155082079998465
PSO,CEC2017_F17,5,76883.39628798893,1.199448041999858
PSO,CEC2017_F17,6,59972.452682965464,1.1976654160002909
PSO,CEC2017_F17,7,110665.83037502946,1.1350746660000368
PSO,CEC2017_F17,8,63576.24428957811,1.1999195829998826
PSO,CEC2017_F17,9,41864.37850730025,1.2198754579999331
PSO,CEC2017_F17,10,85545.85151872874,1.2441238330002307
PSO,CEC2017_F17,11,172353.4813140756,1.2136638329998277
PSO,CEC2017_F17,12,86878.10190451096,1.214158167000278
PSO,CEC2017_F17,13,51537.59629395943,1.2369002079999518
PSO,CEC2017_F17,14,238079.31721681356,1.2213780839997526
PSO,CEC2017_F17,15,242220.98521678348,1.2093014580000272
PSO,CEC2017_F17,16,103077.72978781429,1.2323661660002472
PSO,CEC2017_F17,17,339857.08043960517,1.21108329100025
PSO,CEC2017_F17,18,53481.12142081262,1.2025800830001572
PSO,CEC2017_F17,19,113377.34571484535,1.2092160419997526
PSO,CEC2017_F17,20,54304.65173521781,1.2936712089999673
PSO,CEC2017_F17,21,52781.18661549041,1.1960364169999593
PSO,CEC2017_F17,22,149685.12282005907,1.21411445800004
PSO,CEC2017_F17,23,109429.99070727646,1.217238250000264
PSO,CEC2017_F17,24,68535.17226237396,1.2373193329999594
PSO,CEC2017_F17,25,142590.94273590692,1.2212500000000546
PSO,CEC2017_F17,26,138851.2374124623,1.2273080410000148
PSO,CEC2017_F17,27,119316.03129148443,1.1789684169998509
PSO,CEC2017_F17,28,70721.52656538885,1.2111282920000122
PSO,CEC2017_F17,29,73370.56591838003,1.2226334169999973
PSO,CEC2017_F15,0,1538.4932896345142,2.2462838750002447
PSO,CEC2017_F15,1,1510.7371885823977,2.2728015829998185
PSO,CEC2017_F15,2,1582.845306216488,2.2427126249999674
PSO,CEC2017_F15,3,1943.1260120914321,2.2117415420002544
PSO,CEC2017_F15,4,2030.860556839903,2.2189657500002795
PSO,CEC2017_F15,5,2492.1388039593453,2.221969917000024
PSO,CEC2017_F15,6,1974.618961878623,2.2386422920003497
PSO,CEC2017_F15,7,1511.7166549884626,2.374851458000194
PSO,CEC2017_F15,8,85678.49702237293,2.233238917000108
PSO,CEC2017_F15,9,2160.1136523209943,2.179171791999579
PSO,CEC2017_F15,10,1961.1019559084884,2.2579049579999264
PSO,CEC2017_F15,11,1603.2245172783603,2.253465457999937
PSO,CEC2017_F15,12,2034.2898175439464,2.324635665999722
PSO,CEC2017_F15,13,4902.1536686171885,2.237688167000215
PSO,CEC2017_F15,14,1626.819350343007,2.257220916999813
PSO,CEC2017_F15,15,398540.85123727727,2.1236417499999334
PSO,CEC2017_F15,16,2451.7121147349067,2.259304458000315
PSO,CEC2017_F15,17,1512.5421920510776,2.2378306250002424
PSO,CEC2017_F15,18,1529.1242998057337,2.241686999999729
PSO,CEC2017_F15,19,2933.872462633705,2.1723787920000177
PSO,CEC2017_F15,20,1590.2013346893586,2.2830257079999683
PSO,CEC2017_F15,21,1952.1883969366047,2.3428437499997017
PSO,CEC2017_F15,22,1535.4256497763224,2.1896074999999655
PSO,CEC2017_F15,23,1713.6515287761702,2.2198835829999553
PSO,CEC2017_F15,24,2342.9506576261792,2.2981427920003625
PSO,CEC2017_F15,25,2171.6749459800176,2.2456716249998863
PSO,CEC2017_F15,26,2507.313951283705,2.198829458000091
PSO,CEC2017_F15,27,2315.6045687602727,2.2300593330000993
PSO,CEC2017_F15,28,2042.7412970265345,2.3078767920001155
PSO,CEC2017_F15,29,1596.6720886275239,2.251996500000132
PSO,CEC2017_F20,0,2810.324267492232,1.521257040999899
PSO,CEC2017_F20,1,2410.5446205983408,1.5462560420000955
PSO,CEC2017_F20,2,3511.24938201423,1.4846736250001413
PSO,CEC2017_F20,3,2951.473883006615,1.5431347910002842
PSO,CEC2017_F20,4,2649.100631538093,1.5452760840003066
PSO,CEC2017_F20,5,2969.627809224705,1.4885781660000248
PSO,CEC2017_F20,6,3934.131034388003,1.471615749999728
PSO,CEC2017_F20,7,2753.6184415336356,1.5738328329998694
PSO,CEC2017_F20,8,5228.899273182904,1.5061297909996938
PSO,CEC2017_F20,9,2720.853377031245,1.565789458999916
PSO,CEC2017_F20,10,2618.722907804722,1.5478906250000364
PSO,CEC2017_F20,11,3730.0657186089147,1.5527179169998817
PSO,CEC2017_F20,12,2141.4373841039683,1.5073259589998997
PSO,CEC2017_F20,13,2906.646207227858,1.490748000000167
PSO,CEC2017_F20,14,3279.367412208596,1.5387989589999052
PSO,CEC2017_F20,15,3637.406799848739,1.5346012499999233
PSO,CEC2017_F20,16,3673.907193553924,1.578715082999679
PSO,CEC2017_F20,17,2329.3578007626975,1.5314380830000118
PSO,CEC2017_F20,18,2872.616659496874,1.5391274169996905
PSO,CEC2017_F20,19,2443.0966224664203,1.5765118330000405
PSO,CEC2017_F20,20,3460.289487343598,1.5084244579998085
PSO,CEC2017_F20,21,2146.0857982282705,1.4734277080001448
PSO,CEC2017_F20,22,3410.931942800403,1.5213273750000553
PSO,CEC2017_F20,23,4090.6625436241143,1.5012371669999993
PSO,CEC2017_F20,24,2357.2102049431396,1.4965089580000495
PSO,CEC2017_F20,25,3398.0898176869377,1.5365138329998445
PSO,CEC2017_F20,26,3310.4959898027073,1.4806125830000383
PSO,CEC2017_F20,27,2539.7057367130305,1.5484137080002256
PSO,CEC2017_F20,28,2695.2074661289425,1.5067220840001028
PSO,CEC2017_F20,29,3893.6326562623403,1.5581982090002384
PSO,CEC2017_F21,0,2328.9253509394193,1.835840707999978
PSO,CEC2017_F21,1,2316.5362324672747,1.9523930420000397
PSO,CEC2017_F21,2,2453.9508056619857,1.9209184999999707
PSO,CEC2017_F21,3,2341.5350278344376,1.9879288339998311
PSO,CEC2017_F21,4,2350.5406650533623,1.8731316250000418
PSO,CEC2017_F21,5,2417.678342055859,1.8912772499998027
PSO,CEC2017_F21,6,2351.65156737085,1.8319224580000082
PSO,CEC2017_F21,7,2365.8729788756777,1.9190900419998798
PSO,CEC2017_F21,8,2331.399451243977,1.9269269169999461
PSO,CEC2017_F21,9,2301.273451259626,1.9339932499997303
PSO,CEC2017_F21,10,2326.3532113774236,1.883884332999969
PSO,CEC2017_F21,11,2361.568384517644,1.8878597919997446
PSO,CEC2017_F21,12,2386.233156791506,1.938120291999894
PSO,CEC2017_F21,13,2360.0402549102732,1.9240103749998525
PSO,CEC2017_F21,14,2435.4193221574183,1.9032601670000986
PSO,CEC2017_F21,15,2353.6507712842176,1.8872588750000432
PSO,CEC2017_F21,16,2462.845947062578,1.913070874999903
PSO,CEC2017_F21,17,2401.453080501401,1.9017442499998651
PSO,CEC2017_F21,18,2383.404902293529,1.9438355830002365
PSO,CEC2017_F21,19,2444.1413822285967,1.8968665000002147
PSO,CEC2017_F21,20,2381.191312455093,1.921010667000246
PSO,CEC2017_F21,21,2380.3629760450012,1.9552310409999336
PSO,CEC2017_F21,22,2498.1002208171262,1.9089279170002555
PSO,CEC2017_F21,23,2400.74727592997,2.065373415999602
PSO,CEC2017_F21,24,2448.414278570671,1.9257363749998149
PSO,CEC2017_F21,25,2397.1905054201325,1.89798512499965
PSO,CEC2017_F21,26,2309.6860316127286,1.9601925840001968
PSO,CEC2017_F21,27,2335.271214256431,2.025589709000087
PSO,CEC2017_F21,28,2346.9641876117607,1.864178124999853
PSO,CEC2017_F21,29,2354.5413011543947,1.954052541999772
PSO,CEC2017_F22,0,4530.960329978729,2.1760052079998786
PSO,CEC2017_F22,1,3269.69607926118,2.1484323330000734
PSO,CEC2017_F22,2,2648.4963863727353,2.2114597909999247
PSO,CEC2017_F22,3,2794.201626443526,2.2305927919996975
PSO,CEC2017_F22,4,2445.912594502265,2.1684209590002865
PSO,CEC2017_F22,5,5726.598671289282,2.162101082999925
PSO,CEC2017_F22,6,2697.336273021373,2.1530635000003713
PSO,CEC2017_F22,7,3042.962441825205,2.1522650419997262
PSO,CEC2017_F22,8,3425.1910342288625,2.125662915999783
PSO,CEC2017_F22,9,4120.558768230297,2.2129469589999644
PSO,CEC2017_F22,10,2975.2578271613784,2.1375575419997404
PSO,CEC2017_F22,11,3948.230275281015,2.2120780000000195
PSO,CEC2017_F22,12,2427.797463580866,2.145520000000033
PSO,CEC2017_F22,13,2633.989705214994,2.2144247090000135
PSO,CEC2017_F22,14,3866.9220229587268,2.237737415999618
PSO,CEC2017_F22,15,3251.0733981741373,2.182817832999717
PSO,CEC2017_F22,16,3500.149479013062,2.1815675420002663
PSO,CEC2017_F22,17,3037.999340761997,2.1250150830001076
PSO,CEC2017_F22,18,2625.1194700305505,2.271126125000137
PSO,CEC2017_F22,19,7205.117185525428,2.2050084170000446
PSO,CEC2017_F22,20,2853.461806756625,2.192546666999988
PSO,CEC2017_F22,21,2685.4167838802546,2.172718166999857
PSO,CEC2017_F22,22,3547.8351303106297,2.1427779999999075
PSO,CEC2017_F22,23,3458.1887195493723,2.2580608749999556
PSO,CEC2017_F22,24,3439.1054094626843,2.1766920000000027
PSO,CEC2017_F22,25,3656.882980026725,2.195487792000222
PSO,CEC2017_F22,26,4111.3087804571105,2.1815690419998646
PSO,CEC2017_F22,27,4164.111572921826,2.1838154580000264
PSO,CEC2017_F22,28,7684.9531592439325,2.1895958340001016
PSO,CEC2017_F22,29,3380.8046885449253,2.203312417000234
PSO,CEC2017_F18,0,6365.045554983152,3.3796890839998923
PSO,CEC2017_F18,1,11714.983737000939,3.3926946660003523
PSO,CEC2017_F18,2,3708.238791062751,3.4830360000000837
PSO,CEC2017_F18,3,3686.266337958768,3.2942420419999507
PSO,CEC2017_F18,4,43016.419440325655,3.5159809589999895
PSO,CEC2017_F18,5,2886.632288452392,3.408975875000124
PSO,CEC2017_F18,6,3951.5488215306964,3.410639082999751
PSO,CEC2017_F18,7,11918.26506349252,3.526990458
PSO,CEC2017_F18,8,4826.665175931963,3.450780209000186
PSO,CEC2017_F18,9,11411.752291054012,3.5077669580000475
PSO,CEC2017_F18,10,12736.823022391678,3.562043458000062
PSO,CEC2017_F18,11,37783.20582725753,3.5160833340000863
PSO,CEC2017_F18,12,26354.878649072678,3.4717245830001957
PSO,CEC2017_F18,13,14596.379998259896,3.5800677500001257
PSO,CEC2017_F18,14,26434.56418347254,3.397073624999848
PSO,CEC2017_F18,15,41300.58260766047,3.480415125000036
PSO,CEC2017_F18,16,9008.513918496412,3.4645208339998135
PSO,CEC2017_F18,17,67529.1071957401,3.4139947089997804
PSO,CEC2017_F18,18,3728.4537837455537,3.411502165999991
PSO,CEC2017_F18,19,4691.575098689122,3.3684418749999168
PSO,CEC2017_F18,20,66347.51695067008,3.394813584000076
PSO,CEC2017_F18,21,28942.901643881625,3.4119629169999826
PSO,CEC2017_F18,22,36993.46609139672,3.539868832999673
PSO,CEC2017_F18,23,11937.336836910577,3.374553666999873
PSO,CEC2017_F18,24,2972.3762138622756,3.433344749999833
PSO,CEC2017_F18,25,31895.468095161978,3.420251625000219
PSO,CEC2017_F18,26,10774.695362819642,3.324180499999784
PSO,CEC2017_F18,27,5893.614320542554,3.510369625000294
PSO,CEC2017_F18,28,24415.57535437687,3.5686098330002096
PSO,CEC2017_F18,29,40350.35499063939,3.535819165999783
PSO,CEC2017_F23,0,4166.488376621107,1.81503287500027
PSO,CEC2017_F23,1,3062.08995442412,1.7516618749996269
PSO,CEC2017_F23,2,2893.2266986913637,1.7713330410001618
PSO,CEC2017_F23,3,2950.831849163505,1.8462298750000627
PSO,CEC2017_F23,4,3482.799420404006,1.7621263329997419
PSO,CEC2017_F23,5,4486.207411200927,1.7232454169998164
PSO,CEC2017_F23,6,4754.631514098251,1.805365791999975
PSO,CEC2017_F23,7,3725.805362424374,1.6743645830001697
PSO,CEC2017_F23,8,3637.502038107892,1.7575545419999798
PSO,CEC2017_F23,9,3975.3128282777725,1.7706150829999387
PSO,CEC2017_F23,10,2504.2944415692573,1.7765394580001157
PSO,CEC2017_F23,11,2578.56574775225,1.7857554580000397
PSO,CEC2017_F23,12,2644.6497190486148,1.7780904159999409
PSO,CEC2017_F23,13,3444.6127905853855,1.7542697089998
PSO,CEC2017_F23,14,2852.8913669675558,1.7676423329999125
PSO,CEC2017_F23,15,2630.184391192468,1.7598048330000893
PSO,CEC2017_F23,16,3414.422941718046,1.7489660830001412
PSO,CEC2017_F23,17,3232.0618846589177,1.7293747499998062
PSO,CEC2017_F23,18,3470.1824245430444,1.7992509579999023
PSO,CEC2017_F23,19,2530.9133761463863,1.736376416999974
PSO,CEC2017_F23,20,3312.5908867976896,1.7929810000000543
PSO,CEC2017_F23,21,3344.4518238906526,1.770775957999831
PSO,CEC2017_F23,22,4918.727650187093,1.7249857080000766
PSO,CEC2017_F23,23,3227.7014262539406,1.7738345000002482
PSO,CEC2017_F23,24,3597.9990256103056,1.9783070000003136
PSO,CEC2017_F23,25,3207.431385730907,1.7817897499999162
PSO,CEC2017_F23,26,2718.5129630052393,1.7911940000003597
PSO,CEC2017_F23,27,5299.043153574943,1.7972533329998441
PSO,CEC2017_F23,28,2913.0400141030063,1.6532582089998868
PSO,CEC2017_F23,29,3456.718846945965,1.82274362499993
PSO,CEC2017_F24,0,2867.3917828393114,1.8105271250001351
PSO,CEC2017_F24,1,2864.934101387469,1.9056776659999741
PSO,CEC2017_F24,2,2839.4196217746467,1.9376627910000934
PSO,CEC2017_F24,3,2947.767377560848,1.9337669589999678
PSO,CEC2017_F24,4,2863.3627459150634,1.9036735829999998
PSO,CEC2017_F24,5,2843.2277377805585,1.8702979999998206
PSO,CEC2017_F24,6,2841.0170136626493,1.9308267080000405
PSO,CEC2017_F24,7,2905.861174679799,1.8789499999998043
PSO,CEC2017_F24,8,2846.399097656599,1.8512997089997043
PSO,CEC2017_F24,9,2935.310993058971,1.8930623340002057
PSO,CEC2017_F24,10,2932.7157700808602,1.8861219589998655
PSO,CEC2017_F24,11,2917.440403395613,1.8917651659999137
PSO,CEC2017_F24,12,3065.1355564055257,1.8975657089999913
PSO,CEC2017_F24,13,2844.373661168727,1.8907310829999915
PSO,CEC2017_F24,14,2850.5642676225966,1.8162181249999776
PSO,CEC2017_F24,15,2856.5738431238537,1.8853984579995995
PSO,CEC2017_F24,16,2960.9769983494134,1.9498258329999771
PSO,CEC2017_F24,17,2863.2042146834797,1.8524764589997176
PSO,CEC2017_F24,18,2929.9759652062694,1.8780370839999705
PSO,CEC2017_F24,19,2944.4478851741137,1.7671577090000028
PSO,CEC2017_F24,20,2852.9150897401173,1.9096256670000002
PSO,CEC2017_F24,21,2989.3363373336897,1.9553764580000461
PSO,CEC2017_F24,22,2842.970609946291,1.9760925000000498
PSO,CEC2017_F24,23,2851.481663829175,1.9035788340002
PSO,CEC2017_F24,24,2846.0704830682453,1.8711774579996927
PSO,CEC2017_F24,25,2855.0741084993397,2.05623125000011
PSO,CEC2017_F24,26,2911.5744432621864,1.8885113330002241
PSO,CEC2017_F24,27,2853.207452328105,1.884869125000023
PSO,CEC2017_F24,28,2866.061227860823,1.8955989589999263
PSO,CEC2017_F24,29,3006.492052148683,1.9404218340000625
ECL-SCSO,CEC2017_F28,0,102548514.80149762,11.96248712500028
ECL-SCSO,CEC2017_F28,1,410340714.0459717,11.99402050000026
ECL-SCSO,CEC2017_F28,2,480835437.87897444,11.973537999999735
ECL-SCSO,CEC2017_F28,3,362434895.12027705,11.98149737499989
ECL-SCSO,CEC2017_F28,4,601607258.4491695,11.863775207999879
ECL-SCSO,CEC2017_F28,5,587066731.6843367,11.988972125000146
ECL-SCSO,CEC2017_F28,6,210100977.1561989,11.90066408299981
ECL-SCSO,CEC2017_F28,7,413717635.5077113,11.782417832999727
ECL-SCSO,CEC2017_F28,8,768144353.5885917,11.875943333000123
ECL-SCSO,CEC2017_F28,9,625859671.4866328,11.8011487079998
ECL-SCSO,CEC2017_F28,10,132932249.15731895,11.818283957999938
ECL-SCSO,CEC2017_F28,11,1586524285.7434866,12.06116424999982
ECL-SCSO,CEC2017_F28,12,368570525.7124828,11.830443584000022
ECL-SCSO,CEC2017_F28,13,37345638.28149184,11.68140916700031
ECL-SCSO,CEC2017_F28,14,227082762.9389665,11.831935499999872
ECL-SCSO,CEC2017_F28,15,150590198.4094231,11.89147179199972
ECL-SCSO,CEC2017_F28,16,217676798.48161957,12.126794375000372
ECL-SCSO,CEC2017_F28,17,284272105.6128079,11.995332999999846
ECL-SCSO,CEC2017_F28,18,240203970.70926058,11.706976040999962
ECL-SCSO,CEC2017_F28,19,124837026.73883967,11.76856666699996
ECL-SCSO,CEC2017_F28,20,461807163.4274402,11.773605792000126
ECL-SCSO,CEC2017_F28,21,407248381.23772955,11.824525416999677
ECL-SCSO,CEC2017_F28,22,826766825.5875673,11.837557874999675
ECL-SCSO,CEC2017_F28,23,289381118.6608117,11.992783333999796
ECL-SCSO,CEC2017_F28,24,158893618.91663173,11.784712707999915
ECL-SCSO,CEC2017_F28,25,959064756.8903995,11.746686166999552
ECL-SCSO,CEC2017_F28,26,641714891.9355602,11.868500125000082
ECL-SCSO,CEC2017_F28,27,244182376.890149,12.036797834000026
ECL-SCSO,CEC2017_F28,28,820934065.2774659,12.036352542000259
ECL-SCSO,CEC2017_F28,29,816786912.1216145,11.915367540999796
GWO,CEC2017_F1,0,412187679.6707106,0.8585365839999213
GWO,CEC2017_F1,1,332439288.85934335,0.9023190000002614
GWO,CEC2017_F1,2,456244996.075441,0.8625727499997993
GWO,CEC2017_F1,3,296487844.74678206,0.836135208000087
GWO,CEC2017_F1,4,192708405.63538867,0.9138834589998623
GWO,CEC2017_F1,5,857275937.1231157,0.8832850000003418
GWO,CEC2017_F1,6,489682110.6714675,0.881113749999713
GWO,CEC2017_F1,7,3088126719.685567,0.8320915419999437
GWO,CEC2017_F1,8,522839492.73524445,0.8151419159999023
GWO,CEC2017_F1,9,2097786510.0202744,0.7597862920001717
GWO,CEC2017_F1,10,482843829.2535561,0.8863710410000749
GWO,CEC2017_F1,11,1565810835.1744332,0.8858136249996278
GWO,CEC2017_F1,12,2482572909.657193,0.8231157499999426
GWO,CEC2017_F1,13,2386163621.269102,0.8674827920003736
GWO,CEC2017_F1,14,5178814606.979619,0.8549166669999977
GWO,CEC2017_F1,15,538098104.4804902,0.8344569169998977
GWO,CEC2017_F1,16,269055848.98921156,0.8851268750004238
GWO,CEC2017_F1,17,1186969149.4099026,0.8511512920003952
GWO,CEC2017_F1,18,1737492112.1280587,0.8647655419999865
GWO,CEC2017_F1,19,1641393017.2295475,0.8651849590000893
GWO,CEC2017_F1,20,94472201.29004706,0.852622583000084
GWO,CEC2017_F1,21,743176891.1117182,0.8919310000001133
GWO,CEC2017_F1,22,78688943.00737062,0.8550065409999661
GWO,CEC2017_F1,23,1814076762.9246283,0.8867942090000724
GWO,CEC2017_F1,24,1050257017.7277346,0.8645394170002874
GWO,CEC2017_F1,25,533414046.7574537,0.8816252910000912
GWO,CEC2017_F1,26,470933584.4984093,0.8571868750000249
GWO,CEC2017_F1,27,7134109176.144226,0.8535001250002097
GWO,CEC2017_F1,28,90842894.79291876,0.9129539589998785
GWO,CEC2017_F1,29,2449012824.615019,0.8973042499997064
GWO,CEC2017_F2,0,14423.13314290002,0.9061729999998533
GWO,CEC2017_F2,1,591.0250180762844,0.9124271249997946
GWO,CEC2017_F2,2,5326.102211021363,0.8748060840002836
GWO,CEC2017_F2,3,4953.804197034691,0.9095459170002869
GWO,CEC2017_F2,4,953.2741526802303,0.9733065830000669
GWO,CEC2017_F2,5,5153.274664548241,0.9502917079998952
GWO,CEC2017_F2,6,7492.476197646318,0.9077957080003216
GWO,CEC2017_F2,7,12671.82743581987,0.9289561669997966
GWO,CEC2017_F2,8,7777.266552387543,0.9517898750000313
GWO,CEC2017_F2,9,6241.257704105883,0.9123113339996962
GWO,CEC2017_F2,10,2073.5717739581837,0.8483709170000111
GWO,CEC2017_F2,11,5081.491259873329,0.8826721250002265
GWO,CEC2017_F2,12,1797.817394182467,0.9249038329999166
GWO,CEC2017_F2,13,4861.525786955816,0.9258576249999351
GWO,CEC2017_F2,14,2535.3676211670268,0.8982542500002637
GWO,CEC2017_F2,15,4403.838161411792,1.0592730419998588
GWO,CEC2017_F2,16,3373.380829212084,0.8193289999999251
GWO,CEC2017_F2,17,1482.8434857109903,0.9372277920001579
GWO,CEC2017_F2,18,7548.992595347488,0.8681749580000542
GWO,CEC2017_F2,19,3183.633095117493,0.9181821249999302
GWO,CEC2017_F2,20,3967.221412438586,0.9193126250002024
GWO,CEC2017_F2,21,1496.4440362983655,0.8792289999996683
GWO,CEC2017_F2,22,16248.485759602974,0.9063858750000691
GWO,CEC2017_F2,23,8687.734001430783,0.9193502920002175
GWO,CEC2017_F2,24,5201.0105151498165,0.9461220419998426
GWO,CEC2017_F2,25,6211.720152582379,0.8634598339999684
GWO,CEC2017_F2,26,2827.0858139245893,0.9428048340000714
GWO,CEC2017_F2,27,9022.984009296459,0.8742691669999658
GWO,CEC2017_F2,28,3263.677086640824,0.8822577910000291
GWO,CEC2017_F2,29,5762.782962207447,0.9081023339999774
PSO,CEC2017_F16,0,3014.559491447788,7.139229082999918
PSO,CEC2017_F16,1,3602.081144595462,7.101545083000019
PSO,CEC2017_F16,2,3304.126462069233,7.216836499999772
PSO,CEC2017_F16,3,3560.107137258373,7.244388999999956
PSO,CEC2017_F16,4,3055.120178843777,7.152292125000258
PSO,CEC2017_F16,5,3444.6368849809214,7.068561917000352
PSO,CEC2017_F16,6,4585.362971747678,7.177744208999684
PSO,CEC2017_F16,7,3075.4137077407067,7.213026749999699
PSO,CEC2017_F16,8,3012.5520240802944,7.025412833000246
PSO,CEC2017_F16,9,3086.9117552105436,7.166714041999967
PSO,CEC2017_F16,10,4039.5002335183262,7.155884624999999
PSO,CEC2017_F16,11,2276.45985833718,7.099110666999877
PSO,CEC2017_F16,12,4001.4929590225274,7.066726332999679
PSO,CEC2017_F16,13,3768.476225578206,7.147034749999875
PSO,CEC2017_F16,14,4684.071900555834,7.305257167000036
PSO,CEC2017_F16,15,4001.929265615716,7.321712915999797
PSO,CEC2017_F16,16,3522.3176356977415,7.2851643330000115
PSO,CEC2017_F16,17,41886.64907334244,7.175529042000107
PSO,CEC2017_F16,18,3361.6057991764196,7.1888223329997345
PSO,CEC2017_F16,19,2345.6578958768127,7.131007000000409
PSO,CEC2017_F16,20,2848.1931636563677,7.37251012500019
PSO,CEC2017_F16,21,3121.1337473795884,7.197541083000033
PSO,CEC2017_F16,22,3194.5838665963565,7.224861125000189
PSO,CEC2017_F16,23,3097.7906400329402,7.4298762909998
PSO,CEC2017_F16,24,3351.9467467870154,7.023448417000054
PSO,CEC2017_F16,25,2413.908712412854,7.3426705000001675
PSO,CEC2017_F16,26,3486.734635328093,7.067985040999702
PSO,CEC2017_F16,27,2990.3821840248756,7.266841832999944
PSO,CEC2017_F16,28,4495.274846346263,7.268011667000337
PSO,CEC2017_F16,29,3658.296730273699,7.1773322500002905
GWO,CEC2017_F3,0,554.0809587633121,0.9717973750002784
GWO,CEC2017_F3,1,372.4399617967311,0.9297053750001396
GWO,CEC2017_F3,2,438.81752598623774,0.8957049160003407
GWO,CEC2017_F3,3,495.60041918210857,0.9923951249998026
GWO,CEC2017_F3,4,779.6325545923634,0.9599684590002653
GWO,CEC2017_F3,5,413.6678158231469,0.9212994170002275
GWO,CEC2017_F3,6,418.1513602566996,0.9453559580001638
GWO,CEC2017_F3,7,472.1958762092893,0.9663790829999925
GWO,CEC2017_F3,8,681.4341007055134,0.9595819999999549
GWO,CEC2017_F3,9,436.4000785324414,0.9330248750002283
GWO,CEC2017_F3,10,432.2406147250874,1.015270084000349
GWO,CEC2017_F3,11,416.40304125689346,1.0536446250002882
GWO,CEC2017_F3,12,459.60644811779554,0.9344645830001355
GWO,CEC2017_F3,13,560.4435451249785,0.9596062499999789
GWO,CEC2017_F3,14,581.839459503062,0.9510495839999749
GWO,CEC2017_F3,15,810.0647593211838,0.9913909580000109
GWO,CEC2017_F3,16,497.41520793490605,0.9030751669997699
GWO,CEC2017_F3,17,428.29193956663397,0.9654428339999868
GWO,CEC2017_F3,18,516.3495305963403,0.9200896659999671
GWO,CEC2017_F3,19,499.92451145061864,0.9899990419999085
GWO,CEC2017_F3,20,447.3694973639167,0.943018542000118
GWO,CEC2017_F3,21,426.4640762271749,0.9442758750001303
GWO,CEC2017_F3,22,418.67007248666283,0.9685049580002669
GWO,CEC2017_F3,23,471.83934073169166,0.977292000000034
GWO,CEC2017_F3,24,479.60442576376613,0.9746167089997471
GWO,CEC2017_F3,25,404.41706848456363,0.9602494169998863
GWO,CEC2017_F3,26,367.9233943470856,1.0128554580001037
GWO,CEC2017_F3,27,417.47380333670156,0.9731394589998672
GWO,CEC2017_F3,28,492.2785126905128,1.0206188750003093
GWO,CEC2017_F3,29,502.5998789739265,0.928266624999651
PSO,CEC2017_F19,0,5334.302010767433,7.115713791999951
PSO,CEC2017_F19,1,2744.220159200575,7.274483707999934
PSO,CEC2017_F19,2,2524.510179230401,7.1439912079999885
PSO,CEC2017_F19,3,3477.144735825516,7.097898334000092
PSO,CEC2017_F19,4,2684.9382211746924,6.967828665999605
PSO,CEC2017_F19,5,3696.5372563002466,7.170143667000048
PSO,CEC2017_F19,6,2539.26522623696,7.092422707999958
PSO,CEC2017_F19,7,4978.951018675942,7.030847457999698
PSO,CEC2017_F19,8,4276.156610205726,7.058174124999823
PSO,CEC2017_F19,9,2759.78480185633,7.26528083400035
PSO,CEC2017_F19,10,2939.4407705420113,7.19188208300011
PSO,CEC2017_F19,11,4448.132742551511,7.218057333000161
PSO,CEC2017_F19,12,4021.8671954179817,7.177653333999842
PSO,CEC2017_F19,13,2241.462001244512,7.400596292000046
PSO,CEC2017_F19,14,2927.895441686965,7.411709500000143
PSO,CEC2017_F19,15,2716.5049413463375,7.188077917000101
PSO,CEC2017_F19,16,3533.781938765582,7.3388112500001625
PSO,CEC2017_F19,17,5265.918968080237,7.060584750000089
PSO,CEC2017_F19,18,2678.600653818624,7.2163267500000075
PSO,CEC2017_F19,19,3996.884762706471,7.164669458999924
PSO,CEC2017_F19,20,2780.325449319179,7.283815583999967
PSO,CEC2017_F19,21,2606.6132166195075,7.363665374999982
PSO,CEC2017_F19,22,2356.6771530433202,7.344138000000385
PSO,CEC2017_F19,23,2359.1976950705334,7.214701625000089
PSO,CEC2017_F19,24,5175.637156111976,7.106563958000152
PSO,CEC2017_F19,25,2465.0418463393967,7.337640499999907
PSO,CEC2017_F19,26,3186.1386851586117,7.279660332999811
PSO,CEC2017_F19,27,2820.7410958361643,7.174831333999919
PSO,CEC2017_F19,28,2851.425552906975,7.1281764580003255
PSO,CEC2017_F19,29,4534.0379518475,7.332913124999777
GWO,CEC2017_F4,0,1200.418582994414,0.983868166999855
GWO,CEC2017_F4,1,3028.759766730506,0.9207190840002113
GWO,CEC2017_F4,2,2477.7419832889514,0.8849766250000357
GWO,CEC2017_F4,3,2554.2108570594,0.9389883750000081
GWO,CEC2017_F4,4,1339.6701782876717,0.9373239999999896
GWO,CEC2017_F4,5,1399.57486264743,0.9142543329999171
GWO,CEC2017_F4,6,4762.738464168867,0.9621828750000532
GWO,CEC2017_F4,7,811.5774969798483,0.9466461249999156
GWO,CEC2017_F4,8,1082.1597147317698,0.9064770840000165
GWO,CEC2017_F4,9,2000.0417250322892,0.9575766250000015
GWO,CEC2017_F4,10,1125.8536212774766,0.8922666250000475
GWO,CEC2017_F4,11,2199.722525013804,0.8986097500001051
GWO,CEC2017_F4,12,3713.5656882330336,0.9036649580002631
GWO,CEC2017_F4,13,1143.9174040694722,0.909236625000176
GWO,CEC2017_F4,14,753.4010004150093,0.9051835830000527
GWO,CEC2017_F4,15,806.0663015774585,0.9074494159999631
GWO,CEC2017_F4,16,1868.0019895783214,0.9606566659999771
GWO,CEC2017_F4,17,1700.1385836818035,0.9127979579998282
GWO,CEC2017_F4,18,1883.708920984402,0.9314809170000444
GWO,CEC2017_F4,19,2355.260772458998,0.915637333000177
GWO,CEC2017_F4,20,1523.9027484841515,0.9091887089998636
GWO,CEC2017_F4,21,2729.154361169729,0.9457801669996115
GWO,CEC2017_F4,22,1497.6088467755485,0.9071400419998099
GWO,CEC2017_F4,23,1767.4970124372942,0.9309066669998174
GWO,CEC2017_F4,24,905.6084744984075,1.01579641599983
GWO,CEC2017_F4,25,1430.2102756143513,0.888279958000112
GWO,CEC2017_F4,26,1581.1481258329898,0.911406708999948
GWO,CEC2017_F4,27,1139.9648509203118,0.9083808330001375
GWO,CEC2017_F4,28,1548.2351229744593,0.9307621660000223
GWO,CEC2017_F4,29,2386.873725019412,0.8923962090002533
GWO,CEC2017_F6,0,51694.23986462873,1.0790759999999864
GWO,CEC2017_F6,1,29936.30781036996,1.0704556660002709
GWO,CEC2017_F6,2,14975.082091080887,1.07156570799998
GWO,CEC2017_F6,3,53223.48004437142,1.0483830000002854
GWO,CEC2017_F6,4,5342.768347893441,1.0785597909998614
GWO,CEC2017_F6,5,12896.340281550738,1.180084916999931
GWO,CEC2017_F6,6,152603.62093448933,1.0842485000002853
GWO,CEC2017_F6,7,36574.47769820869,0.9962745829998312
GWO,CEC2017_F6,8,24278.740778171377,1.0747444160001578
GWO,CEC2017_F6,9,40927.352613465955,1.0849376660003145
GWO,CEC2017_F6,10,260897.35214385172,1.0536467910001193
GWO,CEC2017_F6,11,16328.419916141893,1.0467559169997003
GWO,CEC2017_F6,12,27678.544165431907,1.080765374999828
GWO,CEC2017_F6,13,24023.932048374372,1.078524041000037
GWO,CEC2017_F6,14,32821.60571205281,1.0551246670002001
GWO,CEC2017_F6,15,56667.6797063878,1.0729859999996734
GWO,CEC2017_F6,16,41330.28914507236,1.2337418750003053
GWO,CEC2017_F6,17,23955.482671139514,1.1245773330001612
GWO,CEC2017_F6,18,92681.3209164502,1.0727669170000809
GWO,CEC2017_F6,19,4244.972725777137,1.060935334000078
GWO,CEC2017_F6,20,22547.88327625546,1.039292917000239
GWO,CEC2017_F6,21,21593.53182579509,1.0568570000000364
GWO,CEC2017_F6,22,23211.31070512583,1.0936426250000295
GWO,CEC2017_F6,23,19969.659516415122,1.0542800409998563
GWO,CEC2017_F6,24,38604.1821317434,1.0632059580002533
GWO,CEC2017_F6,25,19098.129905275957,1.0534260829999766
GWO,CEC2017_F6,26,50105.349812916334,1.0698963340000773
GWO,CEC2017_F6,27,29177.485507736576,1.046400249999806
GWO,CEC2017_F6,28,12671.714967633527,1.0468444160001127
GWO,CEC2017_F6,29,81212.57100284475,1.0657960419998744
PSO,CEC2017_F25,0,3369.1845266575338,5.866346667000016
PSO,CEC2017_F25,1,3936.5246582508134,5.8399456249999275
PSO,CEC2017_F25,2,3426.146349953318,5.923901999999998
PSO,CEC2017_F25,3,3800.7707694838,5.931538792000083
PSO,CEC2017_F25,4,3390.361150537656,5.958922457999961
PSO,CEC2017_F25,5,3579.650470036593,6.003257666000081
PSO,CEC2017_F25,6,3410.095021322138,5.8865332500004115
PSO,CEC2017_F25,7,3739.0471036980407,5.828123624999989
PSO,CEC2017_F25,8,3760.4723809183624,5.910101083999962
PSO,CEC2017_F25,9,3758.2386396003826,6.0851178749999235
PSO,CEC2017_F25,10,3386.511861359287,5.905026041999918
PSO,CEC2017_F25,11,3914.7207889368083,6.048425082999984
PSO,CEC2017_F25,12,3465.934309804519,5.7959939999996095
PSO,CEC2017_F25,13,4006.056678097143,5.93678295799964
PSO,CEC2017_F25,14,3662.225780746971,6.0543679590000465
PSO,CEC2017_F25,15,3594.2841456552187,6.069439124999917
PSO,CEC2017_F25,16,3382.1437300328475,5.966536459000054
PSO,CEC2017_F25,17,3423.65621982923,5.833458999999948
PSO,CEC2017_F25,18,3545.8305497065708,5.979361917000006
PSO,CEC2017_F25,19,3407.058285270148,5.978051416999733
PSO,CEC2017_F25,20,3557.7422725239185,6.145239083999968
PSO,CEC2017_F25,21,3695.830657332176,5.894618625000021
PSO,CEC2017_F25,22,3487.9244762972176,5.9126918750002915
PSO,CEC2017_F25,23,3492.6806716677474,6.051347999999962
PSO,CEC2017_F25,24,4044.148696203979,5.974337999999989
PSO,CEC2017_F25,25,3389.7018809711017,5.990475625000272
PSO,CEC2017_F25,26,3711.0211407057404,5.831512458000361
PSO,CEC2017_F25,27,3362.328779726723,5.890045957999973
PSO,CEC2017_F25,28,3486.116191884228,5.851966458000334
PSO,CEC2017_F25,29,3979.110740373628,6.047484665999946
GWO,CEC2017_F5,0,500.02471573383446,1.5263100000001941
GWO,CEC2017_F5,1,500.000439253169,1.5979164590003165
GWO,CEC2017_F5,2,500.0000104658022,1.6024767500002781
GWO,CEC2017_F5,3,500.0001877657295,1.543021958999816
GWO,CEC2017_F5,4,500.00017286145635,1.5432247910002843
GWO,CEC2017_F5,5,500.0003116229898,1.4724197079999612
GWO,CEC2017_F5,6,500.0000956528397,1.5591467499998544
GWO,CEC2017_F5,7,500.00021658757237,1.5866749159999927
GWO,CEC2017_F5,8,500.0009199992427,1.5774148750001586
GWO,CEC2017_F5,9,500.0015265165947,1.6487531660000059
GWO,CEC2017_F5,10,500.00000775771395,1.5332451249996666
GWO,CEC2017_F5,11,500.0008306206356,1.5418992500003696
GWO,CEC2017_F5,12,500.0079361669865,1.525548666999839
GWO,CEC2017_F5,13,500.0000404580986,1.5158792910001466
GWO,CEC2017_F5,14,500.0198590528157,1.5613183749997006
GWO,CEC2017_F5,15,500.00054055122735,1.4958932079998704
GWO,CEC2017_F5,16,500.00015228595623,1.5254028330000438
GWO,CEC2017_F5,17,500.00995639605776,1.7378527500000018
GWO,CEC2017_F5,18,500.00007104618686,1.5121781249999913
GWO,CEC2017_F5,19,500.00006263448216,1.518864499999836
GWO,CEC2017_F5,20,500.00011505871163,1.5661611249997804
GWO,CEC2017_F5,21,500.0001089126876,1.5498014580002746
GWO,CEC2017_F5,22,500.00037969809784,1.5539749579997988
GWO,CEC2017_F5,23,500.0004308807649,1.5614361250000002
GWO,CEC2017_F5,24,500.001009534,1.529158875000121
GWO,CEC2017_F5,25,500.00002897285094,1.5594716659998085
GWO,CEC2017_F5,26,500.00000499362494,1.5836256249999678
GWO,CEC2017_F5,27,500.000072199168,1.5147102500000074
GWO,CEC2017_F5,28,500.0000061954119,1.4418990839999424
GWO,CEC2017_F5,29,500.0001396647699,1.5743392079998557
PSO,CEC2017_F29,0,28450.923704803983,4.73311695800021
PSO,CEC2017_F29,1,104725.40379654715,4.8746513749997575
PSO,CEC2017_F29,2,142004.12796186033,4.87367866600016
PSO,CEC2017_F29,3,57353.7704684863,4.89642033400014
PSO,CEC2017_F29,4,126761.47478499479,4.842440041000373
PSO,CEC2017_F29,5,26470.25530335269,4.926524916999824
PSO,CEC2017_F29,6,118115.62268496737,4.890086792000147
PSO,CEC2017_F29,7,194255.45406072214,5.001674458000252
PSO,CEC2017_F29,8,13923.093399164452,5.02638187499997
PSO,CEC2017_F29,9,47804.191648275046,4.9003121659998214
PSO,CEC2017_F29,10,61460.899613304166,4.916730708000159
PSO,CEC2017_F29,11,129683.64802902956,4.884876665999855
PSO,CEC2017_F29,12,260306.75238749024,4.955888375000086
PSO,CEC2017_F29,13,411398.7549192339,4.738607917000081
PSO,CEC2017_F29,14,31728.36357152486,4.821281875000295
PSO,CEC2017_F29,15,81796.73451821362,4.985442708999926
PSO,CEC2017_F29,16,36706.94440389181,4.933600166999895
PSO,CEC2017_F29,17,80417.42415906911,4.901610333999997
PSO,CEC2017_F29,18,169667.90797717587,4.850468790999912
PSO,CEC2017_F29,19,600744.3615950975,4.770756875000188
PSO,CEC2017_F29,20,2480361.717638913,4.938118124999619
PSO,CEC2017_F29,21,84195.4380869245,4.904529500000081
PSO,CEC2017_F29,22,1521710.7735938225,5.1052122910000435
PSO,CEC2017_F29,23,12530.176896846382,4.877806375000091
PSO,CEC2017_F29,24,242992.57621257319,5.089353332999963
PSO,CEC2017_F29,25,16114.304633007163,4.877475666999999
PSO,CEC2017_F29,26,97477.08560516858,4.884349749999728
PSO,CEC2017_F29,27,84071.99389916284,4.890511499999775
PSO,CEC2017_F29,28,58854.019026410286,4.901267000000189
PSO,CEC2017_F29,29,90216.84802909884,5.0345496250001815
PSO,CEC2017_F27,0,3111.420373369649,5.925154292000116
PSO,CEC2017_F27,1,3162.325180928175,5.5740367080002216
PSO,CEC2017_F27,2,3163.046933265756,5.512736042000142
PSO,CEC2017_F27,3,2927.6556402653896,5.682493040999816
PSO,CEC2017_F27,4,2993.915568959009,5.527121999999963
PSO,CEC2017_F27,5,2868.30598521995,5.699726374999955
PSO,CEC2017_F27,6,2939.9275076676718,5.527361999999812
PSO,CEC2017_F27,7,3160.3149536691044,5.697297457999866
PSO,CEC2017_F27,8,2977.2838401634117,5.700287333999768
PSO,CEC2017_F27,9,3135.6179306049175,5.788757666000038
PSO,CEC2017_F27,10,3182.0952092912585,5.652475584000058
PSO,CEC2017_F27,11,2952.7713408397376,5.774289333999604
PSO,CEC2017_F27,12,2965.6888689283064,5.5305932080000275
PSO,CEC2017_F27,13,3167.0837355702524,5.710799583000153
PSO,CEC2017_F27,14,3179.24251301198,5.543081375000384
PSO,CEC2017_F27,15,3149.3007924522226,5.79002916599984
PSO,CEC2017_F27,16,2875.4513347274296,5.756191542000124
PSO,CEC2017_F27,17,2994.7644824121935,5.649394125000072
PSO,CEC2017_F27,18,3167.8430700112494,5.67948616700005
PSO,CEC2017_F27,19,3223.3942911696295,5.479556499999944
PSO,CEC2017_F27,20,2921.928419590161,5.706314125000063
PSO,CEC2017_F27,21,2888.101656619452,5.521437375000005
PSO,CEC2017_F27,22,2844.175431796041,5.63747287499973
PSO,CEC2017_F27,23,3068.5412462689646,5.8967818749997605
PSO,CEC2017_F27,24,3207.72748053667,5.643022457999905
PSO,CEC2017_F27,25,2989.4600628205403,5.59069350000027
PSO,CEC2017_F27,26,3138.2305441954127,5.653294749999986
PSO,CEC2017_F27,27,3156.135526442386,5.579491333000078
PSO,CEC2017_F27,28,3150.3955487843295,5.626165791999938
PSO,CEC2017_F27,29,2999.4182303443704,5.600073374999738
GWO,CEC2017_F7,0,888.0058596415378,1.3860945830001583
GWO,CEC2017_F7,1,804.0224049290688,1.4683133329999691
GWO,CEC2017_F7,2,866.0005177364964,1.4521676660001503
GWO,CEC2017_F7,3,1076.2209344320372,1.4665807080000377
GWO,CEC2017_F7,4,1105.8267789947104,1.5718470420001722
GWO,CEC2017_F7,5,860.5418792839162,1.50338954200015
GWO,CEC2017_F7,6,906.0009619501799,1.482392957999764
GWO,CEC2017_F7,7,920.0001487259209,1.4239620419998573
GWO,CEC2017_F7,8,1070.9160673125593,1.3854255000001103
GWO,CEC2017_F7,9,1067.001768444992,1.371741542000109
GWO,CEC2017_F7,10,1094.7659971776366,1.3891141660001267
GWO,CEC2017_F7,11,1110.4978595172374,1.4534365829999842
GWO,CEC2017_F7,12,1120.9386341731006,1.4163191659999939
GWO,CEC2017_F7,13,1111.1132336159603,1.391110000000026
GWO,CEC2017_F7,14,1114.9670287565393,1.3811965419999979
GWO,CEC2017_F7,15,1097.3506302160886,1.405913000000055
GWO,CEC2017_F7,16,1123.148678685689,1.4144713750001756
GWO,CEC2017_F7,17,1163.2248935207326,1.3866423330000544
GWO,CEC2017_F7,18,880.3033287189091,1.390157375000399
GWO,CEC2017_F7,19,870.0649474703644,1.4135097499997755
GWO,CEC2017_F7,20,858.0043863475316,1.4771518749998904
GWO,CEC2017_F7,21,878.0002287290312,1.3591232500002661
GWO,CEC2017_F7,22,1156.9332824482324,1.4217839580001055
GWO,CEC2017_F7,23,874.7782658970762,1.3965375420002601
GWO,CEC2017_F7,24,942.6724577707884,1.4632160000001022
GWO,CEC2017_F7,25,854.2689495592358,1.4752719579996665
GWO,CEC2017_F7,26,910.5448230710074,1.399518457999875
GWO,CEC2017_F7,27,922.0020140142601,1.4287954579999678
GWO,CEC2017_F7,28,869.8114349970856,1.4393969579996337
GWO,CEC2017_F7,29,1113.583329659882,1.4306909169999926
PSO,CEC2017_F26,0,3244.211268022812,6.288173082999947
PSO,CEC2017_F26,1,3270.770888897557,6.007850583000163
PSO,CEC2017_F26,2,3361.9573807397446,6.326937833000102
PSO,CEC2017_F26,3,3236.1838678030563,6.091008750000128
PSO,CEC2017_F26,4,3305.973431613358,6.047469499999806
PSO,CEC2017_F26,5,3355.4796923285576,5.991678999999749
PSO,CEC2017_F26,6,3367.0127559188313,6.046643332999793
PSO,CEC2017_F26,7,3185.2770754169205,5.954182417000084
PSO,CEC2017_F26,8,3247.525716560083,6.107257832999949
PSO,CEC2017_F26,9,3194.775582131505,6.040383457999724
PSO,CEC2017_F26,10,3349.2315101103113,6.235724167000171
PSO,CEC2017_F26,11,3226.910230797895,6.1476195420000295
PSO,CEC2017_F26,12,3198.3270845258558,6.153698042000087
PSO,CEC2017_F26,13,3287.2148929059326,6.1011585000001105
PSO,CEC2017_F26,14,3285.997330262125,6.110825291999845
PSO,CEC2017_F26,15,3189.6567077182603,6.182539124999948
PSO,CEC2017_F26,16,3246.1192652335844,6.059024625000347
PSO,CEC2017_F26,17,3237.8185078102433,6.056255749999764
PSO,CEC2017_F26,18,3505.1591378929616,6.262284875000205
PSO,CEC2017_F26,19,3198.864395419001,6.100292416999764
PSO,CEC2017_F26,20,3256.9634993522145,6.058560166999996
PSO,CEC2017_F26,21,3268.058868144388,6.148711625000033
PSO,CEC2017_F26,22,3229.4662333583283,6.124750917000256
PSO,CEC2017_F26,23,3220.09135203295,6.335700665999866
PSO,CEC2017_F26,24,3202.9729073228527,5.989323959000103
PSO,CEC2017_F26,25,3238.7348830017263,6.090172749999965
PSO,CEC2017_F26,26,3262.461007889326,6.104388583999935
PSO,CEC2017_F26,27,3437.1096200834545,5.965051042000141
PSO,CEC2017_F26,28,3296.21870791294,6.023595958999977
PSO,CEC2017_F26,29,3229.6981582520457,6.07295779199967
GWO,CEC2017_F8,0,809.2031147416907,1.069607915999768
GWO,CEC2017_F8,1,802.5792781462171,1.1032760830003099
GWO,CEC2017_F8,2,805.8031315482531,1.0683350839999548
GWO,CEC2017_F8,3,803.0891252271712,1.093168749999677
GWO,CEC2017_F8,4,803.0362975929238,1.1156172500000139
GWO,CEC2017_F8,5,803.1900183911625,1.0208497080002417
GWO,CEC2017_F8,6,801.3009341960997,1.073673792000136
GWO,CEC2017_F8,7,807.3577016635178,1.071813375000147
GWO,CEC2017_F8,8,804.541892878792,1.0416550420000021
GWO,CEC2017_F8,9,802.8961208446583,1.1296438750000561
GWO,CEC2017_F8,10,801.0777435393298,1.0571747079998204
GWO,CEC2017_F8,11,804.5623763430178,1.085548916999869
GWO,CEC2017_F8,12,801.4208778317118,1.0718832089996795
GWO,CEC2017_F8,13,804.5378022968758,1.204494333999719
GWO,CEC2017_F8,14,803.855722582929,1.027693958999862
GWO,CEC2017_F8,15,804.5603838022884,1.083793125000284
GWO,CEC2017_F8,16,801.4564559932321,1.0915259580001475
GWO,CEC2017_F8,17,801.3971118849058,0.9833811669996066
GWO,CEC2017_F8,18,803.9892967803106,1.0983644580001055
GWO,CEC2017_F8,19,802.0982061781629,1.0687900829998398
GWO,CEC2017_F8,20,802.1932251249954,1.0790930000002845
GWO,CEC2017_F8,21,802.4440699237583,1.0688909999998941
GWO,CEC2017_F8,22,802.1220879959545,1.0592934589999459
GWO,CEC2017_F8,23,805.5277405465246,1.0979735840001013
GWO,CEC2017_F8,24,805.0313993651808,1.0718721670000377
GWO,CEC2017_F8,25,801.4167061237841,1.0701893340001334
GWO,CEC2017_F8,26,803.6567837946554,1.0716003329998784
GWO,CEC2017_F8,27,802.5728558775597,1.1055175410001539
GWO,CEC2017_F8,28,803.9885724394038,1.0930632499998865
GWO,CEC2017_F8,29,803.658753855728,1.0641827500003274
GWO,CEC2017_F10,0,141216.63297975395,1.1756337500000882
GWO,CEC2017_F10,1,250619.0723483796,1.137107166000078
GWO,CEC2017_F10,2,119450.13518627387,1.196976541999902
GWO,CEC2017_F10,3,94598.32063972825,1.1665582079999695
GWO,CEC2017_F10,4,176092.5991295163,1.1678230409997923
GWO,CEC2017_F10,5,128570.54821601993,1.169897291000325
GWO,CEC2017_F10,6,87662.97693066901,1.1742992089998552
GWO,CEC2017_F10,7,173005.01877895102,1.110697916999925
GWO,CEC2017_F10,8,128886.59426134222,1.1705766250001943
GWO,CEC2017_F10,9,371777.897637355,1.203186249999817
GWO,CEC2017_F10,10,129139.77742244457,1.1699358329997267
GWO,CEC2017_F10,11,137167.1653621873,1.1364917920000153
GWO,CEC2017_F10,12,97736.29101799257,1.1515058750001117
GWO,CEC2017_F10,13,133138.37569226103,1.1770348749996629
GWO,CEC2017_F10,14,118085.67863820728,1.1634453749998102
GWO,CEC2017_F10,15,101574.74558293683,1.1530913750002583
GWO,CEC2017_F10,16,366835.8348555062,1.1564320420002332
GWO,CEC2017_F10,17,168345.70249542277,1.1704205000000911
GWO,CEC2017_F10,18,124946.24392837714,1.1413355409999895
GWO,CEC2017_F10,19,203182.62871498882,1.1097704170001634
GWO,CEC2017_F10,20,176357.17081395665,1.1679392500000176
GWO,CEC2017_F10,21,98272.22527650691,1.1896340419998523
GWO,CEC2017_F10,22,114238.03311890377,1.174379166000108
GWO,CEC2017_F10,23,107326.8752398905,1.1507786250003846
GWO,CEC2017_F10,24,105073.70383346126,1.1334012499996788
GWO,CEC2017_F10,25,95006.50411513823,1.2068677910001497
GWO,CEC2017_F10,26,153224.1228809217,1.1720192919997316
GWO,CEC2017_F10,27,160040.50525262975,1.1702924159999384
GWO,CEC2017_F10,28,125795.32998142106,1.1488689580000937
GWO,CEC2017_F10,29,126079.82137881365,1.2124254169998494
GWO,CEC2017_F9,0,3641.4942193512197,1.3749971249999362
GWO,CEC2017_F9,1,4126.577450994066,1.4196665839999696
GWO,CEC2017_F9,2,8985.226737307668,1.4293871250001757
GWO,CEC2017_F9,3,4105.764258545387,1.427343207999911
GWO,CEC2017_F9,4,8333.530481633818,1.4196772909999709
GWO,CEC2017_F9,5,7994.202346882638,1.4310778750000281
GWO,CEC2017_F9,6,8096.914902008391,1.3792882500001724
GWO,CEC2017_F9,7,4460.903914042516,1.379335749999882
GWO,CEC2017_F9,8,3788.9151716160814,1.368858249999903
GWO,CEC2017_F9,9,8353.03603044362,1.3560739170002307
GWO,CEC2017_F9,10,5777.926147422974,1.4080827080001654
GWO,CEC2017_F9,11,5424.302767362148,1.4200279579999915
GWO,CEC2017_F9,12,7908.386146224892,1.407965249999961
GWO,CEC2017_F9,13,3839.9378105840333,1.4310950419999244
GWO,CEC2017_F9,14,3985.8745477991433,1.402672375000293
GWO,CEC2017_F9,15,8599.453649245796,1.3686863749999247
GWO,CEC2017_F9,16,3179.3059359137187,1.395151000000169
GWO,CEC2017_F9,17,8018.951054532333,1.3727042500004245
GWO,CEC2017_F9,18,4126.657832099436,1.415074999999888
GWO,CEC2017_F9,19,3420.9214583393295,1.418361874999846
GWO,CEC2017_F9,20,3547.642956845246,1.3949317080000583
GWO,CEC2017_F9,21,5509.422079528471,1.3567723750002187
GWO,CEC2017_F9,22,8961.031235115088,1.4237837919999947
GWO,CEC2017_F9,23,7793.948583427934,1.4304477079999742
GWO,CEC2017_F9,24,2674.8693190585363,1.4267639580002651
GWO,CEC2017_F9,25,3032.5148785936035,1.4425274169998374
GWO,CEC2017_F9,26,8114.266791835256,1.416610999999648
GWO,CEC2017_F9,27,7991.023757548003,1.4113340839999182
GWO,CEC2017_F9,28,4366.01042823309,1.4181790000002366
GWO,CEC2017_F9,29,8766.06387930994,1.4032087499999761
GWO,CEC2017_F12,0,3408049.0352016515,1.2776942079999571
GWO,CEC2017_F12,1,36976223.19727574,1.2099687920003817
GWO,CEC2017_F12,2,5659222.467711884,1.2077588750003088
GWO,CEC2017_F12,3,66961785.86162205,1.2323070410002401
GWO,CEC2017_F12,4,81898083.78645957,1.2662448339997354
GWO,CEC2017_F12,5,1630551.3860547557,1.2204431670002123
GWO,CEC2017_F12,6,5926350.585981327,1.1883768749999035
GWO,CEC2017_F12,7,45354908.373637244,1.3218175000001793
GWO,CEC2017_F12,8,22645011.058553644,1.1436075000001438
GWO,CEC2017_F12,9,427757.9709180455,1.221668542000316
GWO,CEC2017_F12,10,18151726.92157022,1.2614232910000283
GWO,CEC2017_F12,11,1914429.3934993087,1.217202165999879
GWO,CEC2017_F12,12,14518466.441842766,1.2338031670001328
GWO,CEC2017_F12,13,311384.54363333876,1.2096015419997457
GWO,CEC2017_F12,14,2287091.7031417238,1.2174102919998404
GWO,CEC2017_F12,15,40066361.14627897,1.2657974579997244
GWO,CEC2017_F12,16,4766605.85768334,1.2058394579999003
GWO,CEC2017_F12,17,2415783.1778770983,1.252605916000448
GWO,CEC2017_F12,18,672469.4439343851,1.1857049170002938
GWO,CEC2017_F12,19,527436394.6180532,1.2193461250003566
GWO,CEC2017_F12,20,6596795.266131343,1.230107332999978
GWO,CEC2017_F12,21,65220685.71758189,1.2700459580000825
GWO,CEC2017_F12,22,1987552.9405738495,1.1870388339998499
GWO,CEC2017_F12,23,43604769.28758734,1.2244995419996485
GWO,CEC2017_F12,24,1231463.44435208,1.2230233330001283
GWO,CEC2017_F12,25,3568737.916545424,1.2360211669997625
GWO,CEC2017_F12,26,1616902.8655505439,1.2439996670000255
GWO,CEC2017_F12,27,29740911.414071057,1.2067970829998558
GWO,CEC2017_F12,28,2746028.383150123,1.2684562090003055
GWO,CEC2017_F12,29,10093473.117647089,1.3105616249999912
GWO,CEC2017_F11,0,19732962.26172122,1.5776858750000429
GWO,CEC2017_F11,1,31937739.731255267,1.5087181670000973
GWO,CEC2017_F11,2,26026909.63057691,1.549484124999708
GWO,CEC2017_F11,3,14229867.786691861,1.5794319579999865
GWO,CEC2017_F11,4,34730418.186115436,1.5430256249997
GWO,CEC2017_F11,5,46649073.46556234,1.5479682919999505
GWO,CEC2017_F11,6,18695470.62316091,1.505954666999969
GWO,CEC2017_F11,7,5455999.735904263,1.5978774159998466
GWO,CEC2017_F11,8,26437703.85738085,1.5866792910001095
GWO,CEC2017_F11,9,15569626.822100509,1.5150637080000706
GWO,CEC2017_F11,10,13545207.517705783,1.555052374999832
GWO,CEC2017_F11,11,54283051.62704825,1.5331024170000092
GWO,CEC2017_F11,12,20955327.63906714,1.561820083999919
GWO,CEC2017_F11,13,47929576.657303974,1.5392786669999623
GWO,CEC2017_F11,14,60425838.2358336,1.546512082999925
GWO,CEC2017_F11,15,20449185.141675726,1.4836928330000774
GWO,CEC2017_F11,16,18027292.904582277,1.5703552089998993
GWO,CEC2017_F11,17,23554168.7780706,1.55730874999972
GWO,CEC2017_F11,18,7252448.038590939,1.5269805839998298
GWO,CEC2017_F11,19,41174821.45650981,1.5317547919999015
GWO,CEC2017_F11,20,101229954.906229,1.5408456669997577
GWO,CEC2017_F11,21,33305151.288322352,1.576785749999999
GWO,CEC2017_F11,22,112615243.0028881,1.590904916999989
GWO,CEC2017_F11,23,57074515.75841265,1.5413686249999046
GWO,CEC2017_F11,24,27874129.793306615,1.5375198749998162
GWO,CEC2017_F11,25,22441453.657461762,1.5536326660003397
GWO,CEC2017_F11,26,3290197.713912877,1.5355638330001966
GWO,CEC2017_F11,27,7177888.764049619,1.5663814999998067
GWO,CEC2017_F11,28,27394155.693225976,1.5061553749997074
GWO,CEC2017_F11,29,78311485.05714804,1.6137961250001354
GWO,CEC2017_F13,0,2991229.4096184014,1.377466750000167
GWO,CEC2017_F13,1,360061.37266591116,1.3847946669998237
GWO,CEC2017_F13,2,1245090.210883056,1.390892249999979
GWO,CEC2017_F13,3,1163184.922154182,1.4019156670001394
GWO,CEC2017_F13,4,355391.4454037802,1.327284332999625
GWO,CEC2017_F13,5,237536.09871335205,1.3835557080001308
GWO,CEC2017_F13,6,338983.5055757709,1.3524166249999325
GWO,CEC2017_F13,7,432538.234130412,1.3890919999998914
GWO,CEC2017_F13,8,618929.7193390364,1.3823110829998768
GWO,CEC2017_F13,9,661652.3240536482,1.3692738340000687
GWO,CEC2017_F13,10,305751.44458450924,1.3746936249999635
GWO,CEC2017_F13,11,104383.4756751684,1.3811356249998425
GWO,CEC2017_F13,12,187425.52161006455,1.3508306660000926
GWO,CEC2017_F13,13,182260.78161217098,1.3841293750001569
GWO,CEC2017_F13,14,282045.55266634934,1.363723250000021
GWO,CEC2017_F13,15,1210914.0206925224,1.3307345840003109
GWO,CEC2017_F13,16,281735.43670142,1.3341662909997467
GWO,CEC2017_F13,17,194777.9371267843,1.37361699999974
GWO,CEC2017_F13,18,1679518.724423986,1.4192997499999365
GWO,CEC2017_F13,19,3449037.282502187,1.3711000830003286
GWO,CEC2017_F13,20,291719.59573922434,1.3403545000001031
GWO,CEC2017_F13,21,119180.48096306162,1.3454530829999385
GWO,CEC2017_F13,22,218828.27368447173,1.3571367909999026
GWO,CEC2017_F13,23,306644.2314420979,1.3707719579997502
GWO,CEC2017_F13,24,211448.90258413032,1.3910127090002788
GWO,CEC2017_F13,25,367592.59340955125,1.3473940000003495
GWO,CEC2017_F13,26,664631.7149678348,1.5183834579997892
GWO,CEC2017_F13,27,250339.7043276698,1.2735996249998607
GWO,CEC2017_F13,28,223953.58078967308,1.4054089579999527
GWO,CEC2017_F13,29,205257.01303933526,1.3526740829997834
GWO,CEC2017_F14,0,4401285.624544142,1.258912207999856
GWO,CEC2017_F14,1,487576.7787899126,1.2555715419998705
GWO,CEC2017_F14,2,695645.5636206678,1.2365477089997512
GWO,CEC2017_F14,3,1406067.1362064565,1.2377608330002658
GWO,CEC2017_F14,4,131266.14167116623,1.234796708000431
GWO,CEC2017_F14,5,818617.1161708672,1.2367886249999174
GWO,CEC2017_F14,6,104358.47825440395,1.265588833000038
GWO,CEC2017_F14,7,128926.4375159932,1.2269627079999736
GWO,CEC2017_F14,8,269437.9955889015,1.2685530829999152
GWO,CEC2017_F14,9,550016.1764443219,1.2651273330002368
GWO,CEC2017_F14,10,314327.8343730624,1.273533958000371
GWO,CEC2017_F14,11,156571.6382168631,1.24755954200009
GWO,CEC2017_F14,12,2491008.369823689,1.248584375000064
GWO,CEC2017_F14,13,386723.80047473067,1.2806311249996725
GWO,CEC2017_F14,14,940944.4421284691,1.2501519160000498
GWO,CEC2017_F14,15,1388290.520082215,1.2735271249998732
GWO,CEC2017_F14,16,1149804.3177192272,1.222599000000173
GWO,CEC2017_F14,17,1577917.4742540244,1.2538764160003666
GWO,CEC2017_F14,18,348685.9810192104,1.2148455419996935
GWO,CEC2017_F14,19,3693008.731421511,1.231384917000014
GWO,CEC2017_F14,20,3269292.221639484,1.2495417919999454
GWO,CEC2017_F14,21,474139.50339160545,1.2291172089999236
GWO,CEC2017_F14,22,105608.07915068862,1.2991209589999926
GWO,CEC2017_F14,23,307314.563784562,1.1529376250000496
GWO,CEC2017_F14,24,743040.4468407946,1.2380930409999564
GWO,CEC2017_F14,25,427595.99526169116,1.3133819160002531
GWO,CEC2017_F14,26,687845.5204390564,1.2671444160000647
GWO,CEC2017_F14,27,211636.67832385178,1.2938523329999043
GWO,CEC2017_F14,28,280377.49538801645,1.2828729579996434
GWO,CEC2017_F14,29,195618.28954395733,1.3347870420002437
GWO,CEC2017_F17,0,613019.9767170295,1.3525559999998222
GWO,CEC2017_F17,1,351005.3179835829,1.42518470899995
GWO,CEC2017_F17,2,345346.9965713422,1.3657190420003644
GWO,CEC2017_F17,3,380222.66603883647,1.366538207999838
GWO,CEC2017_F17,4,287313.3517078233,1.425116375000016
GWO,CEC2017_F17,5,317602.5417039595,1.3840568750001694
GWO,CEC2017_F17,6,611811.453817919,1.3839753749998636
GWO,CEC2017_F17,7,401198.61287915736,1.3804531250002583
GWO,CEC2017_F17,8,1082668.9392353497,1.4017777079998268
GWO,CEC2017_F17,9,592250.2658987166,1.4775821250000263
GWO,CEC2017_F17,10,535357.1885583922,1.5418951669998933
GWO,CEC2017_F17,11,122358.11227291872,1.43534204100024
GWO,CEC2017_F17,12,432179.76761673007,1.3986435420001726
GWO,CEC2017_F17,13,564052.9228251636,1.4495056250002563
GWO,CEC2017_F17,14,592764.7759019333,1.4127116249997016
GWO,CEC2017_F17,15,457061.93507795304,1.4245085420002397
GWO,CEC2017_F17,16,186852.18361536297,1.5074619580000217
GWO,CEC2017_F17,17,95774.4905899173,1.367345375000241
GWO,CEC2017_F17,18,559100.0157841251,1.4017875419999655
GWO,CEC2017_F17,19,339672.87488991435,1.3576692919996276
GWO,CEC2017_F17,20,4191828.38483782,1.3974636660000215
GWO,CEC2017_F17,21,367480.3040541443,1.377322333000393
GWO,CEC2017_F17,22,328660.48729725956,1.4401906250000138
GWO,CEC2017_F17,23,485662.836410014,1.3952008750002278
GWO,CEC2017_F17,24,645887.5217734706,1.448146958000052
GWO,CEC2017_F17,25,634302.9295021787,1.4043341249998775
GWO,CEC2017_F17,26,247641.59430626093,1.4824521249997815
GWO,CEC2017_F17,27,365144.1576682011,1.399248209000234
GWO,CEC2017_F17,28,250070.751582351,1.3863770830002977
GWO,CEC2017_F17,29,645788.9642989181,1.4356248330000199
GWO,CEC2017_F15,0,4842591.182734605,2.4321803329999057
GWO,CEC2017_F15,1,1013660.2763407333,2.4502911669997047
GWO,CEC2017_F15,2,1318914.485937153,2.3193727080001736
GWO,CEC2017_F15,3,4962926.175680265,2.3391634580002574
GWO,CEC2017_F15,4,62268.468164240774,2.3882389579998744
GWO,CEC2017_F15,5,4312558.45651625,2.376553541999783
GWO,CEC2017_F15,6,30209.990836305493,2.4185247499999605
GWO,CEC2017_F15,7,135857.1817867515,2.3672532079999655
GWO,CEC2017_F15,8,32709.951784196874,2.3971342909999294
GWO,CEC2017_F15,9,1161485.492555532,2.533353082999838
GWO,CEC2017_F15,10,4342552.984304277,2.468256624999867
GWO,CEC2017_F15,11,1407957.7598184536,2.490963959000055
GWO,CEC2017_F15,12,48391.572594839665,2.368361708000066
GWO,CEC2017_F15,13,163498.13897901375,2.456014542000048
GWO,CEC2017_F15,14,4791545.472104671,2.388763625000138
GWO,CEC2017_F15,15,3600594.6298996923,2.3585496250002507
GWO,CEC2017_F15,16,1460111.9364401002,2.4650864169998385
GWO,CEC2017_F15,17,67965.91860237053,2.4449369580001985
GWO,CEC2017_F15,18,65892.12220488026,2.414034499999616
GWO,CEC2017_F15,19,135130.68975094383,2.360272874999737
GWO,CEC2017_F15,20,1419478.5267709822,2.375133375000132
GWO,CEC2017_F15,21,28904.673660884568,2.4471093750003092
GWO,CEC2017_F15,22,29500.23231905207,2.292036915999688
GWO,CEC2017_F15,23,47983.32606977963,2.390529583999978
GWO,CEC2017_F15,24,1186342.783523444,2.3667587079999066
GWO,CEC2017_F15,25,44329.28023458393,2.385265000000345
GWO,CEC2017_F15,26,1385859.3886722222,2.421550666999792
GWO,CEC2017_F15,27,1153119.460194958,2.342684124999778
GWO,CEC2017_F15,28,128482.99193539916,2.4225692919999346
GWO,CEC2017_F15,29,97788.76760203564,2.3442686250000406
GWO,CEC2017_F20,0,3341.6387879455306,1.7964200410001467
GWO,CEC2017_F20,1,2500.733300380795,1.779113999999936
GWO,CEC2017_F20,2,3450.363640896928,1.6292907910001304
GWO,CEC2017_F20,3,2742.5096781375905,1.6551747079997767
GWO,CEC2017_F20,4,2675.9314426968367,1.7128274579999925
GWO,CEC2017_F20,5,3495.6174730681823,1.6772521249999954
GWO,CEC2017_F20,6,2901.9984936627275,1.7218635419999373
GWO,CEC2017_F20,7,2484.70685052638,1.696790166000028
GWO,CEC2017_F20,8,3707.036029205916,1.6243225419998453
GWO,CEC2017_F20,9,4060.8196920537503,1.652060082999924
GWO,CEC2017_F20,10,3501.3818813245753,1.749902916999872
GWO,CEC2017_F20,11,4712.408907807125,1.6343647919998148
GWO,CEC2017_F20,12,3233.009642454575,1.608780083000056
GWO,CEC2017_F20,13,5074.007627201847,1.7049365839998245
GWO,CEC2017_F20,14,3251.8619868531896,1.7131607080000322
GWO,CEC2017_F20,15,4004.016848084867,1.657815416000176
GWO,CEC2017_F20,16,4391.1630946736905,1.700778082999932
GWO,CEC2017_F20,17,2874.448956516562,1.6672369580001032
GWO,CEC2017_F20,18,3433.325469398597,1.6690300000000207
GWO,CEC2017_F20,19,2511.6017515441763,1.6198854580002262
GWO,CEC2017_F20,20,3612.1015694790603,1.6704472080000414
GWO,CEC2017_F20,21,3732.5933270587993,1.6617191659997843
GWO,CEC2017_F20,22,3745.310430290235,1.7382993750002242
GWO,CEC2017_F20,23,2569.5142958743786,1.6840769580003325
GWO,CEC2017_F20,24,2493.1428238147173,1.7015181669999038
GWO,CEC2017_F20,25,2771.6299447302827,1.6588274999999157
GWO,CEC2017_F20,26,2901.9652301792507,1.6880511249996744
GWO,CEC2017_F20,27,3628.794678132557,1.6604340000003504
GWO,CEC2017_F20,28,3903.3271587672893,1.6871940829996674
GWO,CEC2017_F20,29,3587.668927248239,1.6308984170000258
GWO,CEC2017_F21,0,2292.0543145767588,2.152949332999924
GWO,CEC2017_F21,1,2299.5667640195265,2.0955875420004304
GWO,CEC2017_F21,2,2274.799797887708,2.088029000000006
GWO,CEC2017_F21,3,2282.237385659183,2.0558108330001232
GWO,CEC2017_F21,4,2298.076557628594,2.1424008330000106
GWO,CEC2017_F21,5,2302.4432592751837,2.1133368749997317
GWO,CEC2017_F21,6,2290.519530944471,2.120159415999751
GWO,CEC2017_F21,7,2286.2044041530567,2.0204507910002576
GWO,CEC2017_F21,8,2285.809056379448,2.0565065000000686
GWO,CEC2017_F21,9,2293.9415315974493,2.039651374999721
GWO,CEC2017_F21,10,2294.9635896037107,2.120335375000195
GWO,CEC2017_F21,11,2294.3067322751217,2.0428413329996147
GWO,CEC2017_F21,12,2272.4878624992934,2.064857082999879
GWO,CEC2017_F21,13,2300.399516677316,2.082605708000301
GWO,CEC2017_F21,14,2295.778192875023,2.075719041999946
GWO,CEC2017_F21,15,2278.5817507926395,2.1080851660003646
GWO,CEC2017_F21,16,2316.5693863728534,2.1130666660001225
GWO,CEC2017_F21,17,2305.3556016870216,2.0519324589999997
GWO,CEC2017_F21,18,2333.189323082068,2.078706667000006
GWO,CEC2017_F21,19,2320.1391739092765,2.0507066669997585
GWO,CEC2017_F21,20,2282.7662215741143,2.014241290999962
GWO,CEC2017_F21,21,2321.185376247464,2.058222709000347
GWO,CEC2017_F21,22,2298.6972932682243,2.0754348340001343
GWO,CEC2017_F21,23,2283.3882564464084,2.0315273750002234
GWO,CEC2017_F21,24,2312.9643094637477,2.0499955000000227
GWO,CEC2017_F21,25,2300.2449052618617,2.0739547090001906
GWO,CEC2017_F21,26,2305.426514786272,2.0961836669998775
GWO,CEC2017_F21,27,2300.8983385845486,2.116346208000323
GWO,CEC2017_F21,28,2320.772679593811,2.065881833000276
GWO,CEC2017_F21,29,2288.0894115350598,2.0305175419998704
PSO,CEC2017_F28,0,59029172.08464956,9.797341333000077
PSO,CEC2017_F28,1,40020969.0634094,9.660644292000143
PSO,CEC2017_F28,2,445272.0344794158,9.553496540999731
PSO,CEC2017_F28,3,74112719.68020208,9.972233458000119
PSO,CEC2017_F28,4,98393000.88196526,9.58812345899969
PSO,CEC2017_F28,5,121415.39221187169,9.883261250000032
PSO,CEC2017_F28,6,323848538.1404175,9.806074083000112
PSO,CEC2017_F28,7,17540.024448302564,9.666749167000035
PSO,CEC2017_F28,8,14389.275814137709,9.739932208000027
PSO,CEC2017_F28,9,16743.79829287943,9.673808333000125
PSO,CEC2017_F28,10,241065503.81185275,9.817555792000348
PSO,CEC2017_F28,11,11765.628473820925,9.569366041999729
PSO,CEC2017_F28,12,67272001.19722414,9.669088250000186
PSO,CEC2017_F28,13,56857337.21197515,9.78276383299999
PSO,CEC2017_F28,14,13025959.627530606,9.552355499999976
PSO,CEC2017_F28,15,20548.830682926848,9.712427082999966
PSO,CEC2017_F28,16,332143654.69600374,9.746241541000018
PSO,CEC2017_F28,17,196186083.95230162,9.62080775000004
PSO,CEC2017_F28,18,36289242.97039099,9.702643416999763
PSO,CEC2017_F28,19,988515447.9139962,9.583551166000234
PSO,CEC2017_F28,20,21605.298675309143,9.748067749999791
PSO,CEC2017_F28,21,2593601.488196275,9.743447583000034
PSO,CEC2017_F28,22,8840757.065436292,9.689327833999869
PSO,CEC2017_F28,23,26540355.962337043,9.5944389590004
PSO,CEC2017_F28,24,37827910.47403853,9.644887583000127
PSO,CEC2017_F28,25,66690.76095238929,9.693774834000124
PSO,CEC2017_F28,26,433801.89503551926,9.71892250000019
PSO,CEC2017_F28,27,1191811.4642406022,9.656185166999876
PSO,CEC2017_F28,28,2673040.385173705,9.993422749999809
PSO,CEC2017_F28,29,34207.26624688791,9.62786637499994
GWO,CEC2017_F22,0,6695.031382267434,2.307557416000236
GWO,CEC2017_F22,1,4669.021672064756,2.2398947090000547
GWO,CEC2017_F22,2,4144.543786576,2.286238415999833
GWO,CEC2017_F22,3,4288.017091265352,2.242085583000062
GWO,CEC2017_F22,4,5088.574470835918,2.237374207999892
GWO,CEC2017_F22,5,5852.650851708246,2.3313887500003148
GWO,CEC2017_F22,6,4782.585758935469,2.234666834000109
GWO,CEC2017_F22,7,8160.550551690386,2.285462166999878
GWO,CEC2017_F22,8,5243.94287821936,2.2549067909999394
GWO,CEC2017_F22,9,4476.036706396169,2.2643774580001264
GWO,CEC2017_F22,10,4837.4554061161125,2.284043415999804
GWO,CEC2017_F22,11,4283.010490331371,2.2819262079997316
GWO,CEC2017_F22,12,5467.981163996928,2.3178107090002413
GWO,CEC2017_F22,13,5657.741732004456,2.2327752500000315
GWO,CEC2017_F22,14,4152.722246498269,2.2953174160002163
GWO,CEC2017_F22,15,7617.554144764756,2.3065184170000066
GWO,CEC2017_F22,16,4553.579417399657,2.319276749999972
GWO,CEC2017_F22,17,4294.107216603513,2.26373250000006
GWO,CEC2017_F22,18,5784.693446661226,2.454653375000362
GWO,CEC2017_F22,19,9414.407099148,2.3112753750001502
GWO,CEC2017_F22,20,2698.1152370881655,2.240027041999838
GWO,CEC2017_F22,21,4227.319505335665,2.2476230000002033
GWO,CEC2017_F22,22,11587.57803206505,2.3150708749999467
GWO,CEC2017_F22,23,5431.899853049777,2.2575246670003253
GWO,CEC2017_F22,24,4870.963291185527,2.3326266250001026
GWO,CEC2017_F22,25,4875.10210345902,2.2462240830000155
GWO,CEC2017_F22,26,4952.114665271657,2.2799898749999556
GWO,CEC2017_F22,27,6679.585331447641,2.294791792000069
GWO,CEC2017_F22,28,6171.88654702969,2.3797421250001207
GWO,CEC2017_F22,29,6832.0179835574245,2.281427458000053
GWO,CEC2017_F23,0,5543.933732367425,1.8430393329999788
GWO,CEC2017_F23,1,3678.2554597108183,1.8974204579999423
GWO,CEC2017_F23,2,3511.9147506273675,1.8346588329995939
GWO,CEC2017_F23,3,4334.161805022062,1.88933066699974
GWO,CEC2017_F23,4,3185.739929766356,1.79394504100037
GWO,CEC2017_F23,5,7255.633671516206,1.8596525409998321
GWO,CEC2017_F23,6,3763.9658611022846,1.8840479159998722
GWO,CEC2017_F23,7,4515.257696008212,1.9318173340002431
GWO,CEC2017_F23,8,5734.122283898099,1.8796511250002368
GWO,CEC2017_F23,9,3267.0393747681783,1.8228668750002726
GWO,CEC2017_F23,10,2862.788420397903,1.915212166999936
GWO,CEC2017_F23,11,2966.679022487432,1.8869394169996667
GWO,CEC2017_F23,12,3639.7114520804844,2.0161222499996256
GWO,CEC2017_F23,13,6393.409417360832,1.959628917000373
GWO,CEC2017_F23,14,2645.7810261195777,1.8951574590000746
GWO,CEC2017_F23,15,4969.343091957306,1.9280717079996066
GWO,CEC2017_F23,16,6230.720284976171,1.9053975409997292
GWO,CEC2017_F23,17,3327.419054980175,1.9307718749996639
GWO,CEC2017_F23,18,5071.742738745235,1.9019142079996527
GWO,CEC2017_F23,19,3492.6533931863282,1.8770843340003012
GWO,CEC2017_F23,20,5652.969031291712,1.8745947080001315
GWO,CEC2017_F23,21,3367.107543632914,1.8955358329999399
GWO,CEC2017_F23,22,2637.96964512689,1.8163553330000468
GWO,CEC2017_F23,23,2954.278321792296,1.9713354170003186
GWO,CEC2017_F23,24,3013.5427354227077,1.9322737500001494
GWO,CEC2017_F23,25,7592.730030507661,1.960925166999914
GWO,CEC2017_F23,26,2736.483962698674,1.7909285410000848
GWO,CEC2017_F23,27,3347.3876651637156,1.8688558339999872
GWO,CEC2017_F23,28,3429.938787500717,1.8661300839999058
GWO,CEC2017_F23,29,2997.5324985310663,1.886456833000011
GWO,CEC2017_F18,0,346822.21522890456,3.7094807920002495
GWO,CEC2017_F18,1,62490.68448817269,3.75104999999985
GWO,CEC2017_F18,2,1158689.5211289788,3.6054980419999083
GWO,CEC2017_F18,3,121649.79811163242,3.593449624999721
GWO,CEC2017_F18,4,419214674.6532628,3.5971174999999675
GWO,CEC2017_F18,5,505028490.2265589,3.625376708999738
GWO,CEC2017_F18,6,315003.11758597655,3.5538369159999093
GWO,CEC2017_F18,7,13937847.869156322,3.6682842909999636
GWO,CEC2017_F18,8,2204296.241809753,3.470994334000352
GWO,CEC2017_F18,9,1862348.7649929766,3.598779999999806
GWO,CEC2017_F18,10,17007407.94723523,3.380059374999746
GWO,CEC2017_F18,11,25336077.222797412,3.6140643329999875
GWO,CEC2017_F18,12,59252.51475851197,3.6056595830000333
GWO,CEC2017_F18,13,88456.97767928695,3.6160411250002653
GWO,CEC2017_F18,14,106292.3611465994,3.625578042000143
GWO,CEC2017_F18,15,317506502.9559622,3.5826103750000584
GWO,CEC2017_F18,16,521039425.3321301,3.5191040839999914
GWO,CEC2017_F18,17,86501.8107343668,3.5714859170002455
GWO,CEC2017_F18,18,108286.39572748206,3.4803189169997495
GWO,CEC2017_F18,19,377710231.86098033,3.7527016670001103
GWO,CEC2017_F18,20,129040.65882129651,3.579710041999988
GWO,CEC2017_F18,21,105881.29691403682,3.5308497500000158
GWO,CEC2017_F18,22,720283320.2965895,3.5550372910001897
GWO,CEC2017_F18,23,76262.59256149908,3.7038654580001094
GWO,CEC2017_F18,24,258485.62596160825,3.593954333000056
GWO,CEC2017_F18,25,402040.62569079513,3.6134527920003165
GWO,CEC2017_F18,26,287197069.94383425,3.6468355840002005
GWO,CEC2017_F18,27,940898.9876109248,3.492242124999848
GWO,CEC2017_F18,28,714306.7151732589,3.535698500000308
GWO,CEC2017_F18,29,24848336.592487257,3.674050083000111
GWO,CEC2017_F24,0,2950.2487272983344,2.037721082999724
GWO,CEC2017_F24,1,2938.8228668636702,2.086934334000034
GWO,CEC2017_F24,2,2857.5093722009133,2.044714792000377
GWO,CEC2017_F24,3,2917.879700586686,2.067909165999936
GWO,CEC2017_F24,4,2880.606204898842,2.104811166000218
GWO,CEC2017_F24,5,2921.1533019255503,2.0835399160000634
GWO,CEC2017_F24,6,2953.176872510914,2.2463174580002487
GWO,CEC2017_F24,7,2918.1533600048706,2.0583759589999318
GWO,CEC2017_F24,8,2901.855345425685,2.0507697500001996
GWO,CEC2017_F24,9,2873.603723830038,2.002589958000044
GWO,CEC2017_F24,10,2899.8130403974296,2.0620207500001015
GWO,CEC2017_F24,11,2900.6726806130537,2.0850794169996334
GWO,CEC2017_F24,12,3008.445206502085,2.116574000000128
GWO,CEC2017_F24,13,2875.5760955793367,1.9867982920000031
GWO,CEC2017_F24,14,2880.518712629283,2.123054791999948
GWO,CEC2017_F24,15,2969.110746814042,2.0344386249998934
GWO,CEC2017_F24,16,2949.9709721814743,2.124808917000337
GWO,CEC2017_F24,17,2886.2229555650692,2.0863678330001676
GWO,CEC2017_F24,18,3099.2925495001336,2.06479975000002
GWO,CEC2017_F24,19,3087.7818431696933,2.0283467919998657
GWO,CEC2017_F24,20,2954.9277837690333,2.111912165999911
GWO,CEC2017_F24,21,2948.1931764094406,2.054476125000292
GWO,CEC2017_F24,22,2984.669750989787,2.1046755409997786
GWO,CEC2017_F24,23,2986.668126607136,2.0906479999998737
GWO,CEC2017_F24,24,2996.156403115422,2.100144625000212
GWO,CEC2017_F24,25,2855.221720773478,2.093887375000122
GWO,CEC2017_F24,26,2989.325242389232,2.0886136249996525
GWO,CEC2017_F24,27,2927.7850433401563,2.0441476659998443
GWO,CEC2017_F24,28,2878.439878278048,2.032151832999716
GWO,CEC2017_F24,29,2898.9508709109296,2.083952208000028
WOA,CEC2017_F1,0,12986639279.489391,0.5874916669999948
WOA,CEC2017_F1,1,17346188956.872368,0.5922577920000549
WOA,CEC2017_F1,2,17649086744.233288,0.5933506670003226
WOA,CEC2017_F1,3,11825644381.429668,0.5734871250001561
WOA,CEC2017_F1,4,7350003695.895218,0.6080661249998229
WOA,CEC2017_F1,5,17132912506.512188,0.4915493329999663
WOA,CEC2017_F1,6,12564845377.090033,0.5637407910003276
WOA,CEC2017_F1,7,25228894038.56361,0.6174824169997919
WOA,CEC2017_F1,8,20405705455.876072,0.5500655830001051
WOA,CEC2017_F1,9,19724456496.5184,0.577836416000082
WOA,CEC2017_F1,10,17609785850.019974,0.5824511670002721
WOA,CEC2017_F1,11,14826787652.762365,0.5765324170001804
WOA,CEC2017_F1,12,15026388705.319536,0.5621549580000647
WOA,CEC2017_F1,13,12265036653.141178,0.6077344170003016
WOA,CEC2017_F1,14,11177771412.648186,0.5785616670000309
WOA,CEC2017_F1,15,31797855674.348442,0.5459599159999016
WOA,CEC2017_F1,16,12765654009.698694,0.6893611670002429
WOA,CEC2017_F1,17,9679609211.385563,0.6527162090001184
WOA,CEC2017_F1,18,13461706015.40167,0.6481718750001164
WOA,CEC2017_F1,19,14069270333.1344,0.5635214170001746
WOA,CEC2017_F1,20,7429025213.456239,0.6505221659999734
WOA,CEC2017_F1,21,18207648172.976555,0.5949023339999258
WOA,CEC2017_F1,22,27426318534.026108,0.5527444590002233
WOA,CEC2017_F1,23,7723645931.833962,0.611253958999896
WOA,CEC2017_F1,24,13138156138.528265,0.598202042000139
WOA,CEC2017_F1,25,17360035815.535347,0.5836079159998917
WOA,CEC2017_F1,26,10282021788.452705,0.6188173330001518
WOA,CEC2017_F1,27,14488392420.900831,0.5561852920000092
WOA,CEC2017_F1,28,21842701241.671444,0.604274957999678
WOA,CEC2017_F1,29,22684577157.049667,0.5903121249998549
WOA,CEC2017_F2,0,69967.9690685172,0.6220852080000441
WOA,CEC2017_F2,1,56647.674634668794,0.6420385830001578
WOA,CEC2017_F2,2,69083.51951762551,0.6533399999998437
WOA,CEC2017_F2,3,52990.54445779656,0.6756746249998287
WOA,CEC2017_F2,4,52511.12328980797,0.6673855829999411
WOA,CEC2017_F2,5,62962.271591240125,0.6585240409999642
WOA,CEC2017_F2,6,35312.671612022576,0.6063628340002651
WOA,CEC2017_F2,7,67474.857258081,0.6648037089998979
WOA,CEC2017_F2,8,47088.8000085854,0.647888540999702
WOA,CEC2017_F2,9,84322.50226259687,0.6088846659999945
WOA,CEC2017_F2,10,43507.73169599424,0.6635001250001551
WOA,CEC2017_F2,11,51905.52811813717,0.6414074160002201
WOA,CEC2017_F2,12,47446.30118957677,0.6403629169999476
WOA,CEC2017_F2,13,31606.7339620964,0.6668258750000859
WOA,CEC2017_F2,14,55753.47483083718,0.6422490830000243
WOA,CEC2017_F2,15,48061.40512310177,0.5808177919998343
WOA,CEC2017_F2,16,49943.11634227465,0.6093746669998836
WOA,CEC2017_F2,17,42457.59833425236,0.6573613750001641
WOA,CEC2017_F2,18,80654.68022670194,0.6471014160001687
WOA,CEC2017_F2,19,61338.916202642824,0.6727273329997843
WOA,CEC2017_F2,20,87706.63443882043,0.6579743329998564
WOA,CEC2017_F2,21,43799.28792000905,0.6644939170000725
WOA,CEC2017_F2,22,56415.96669102568,0.6398297920000005
WOA,CEC2017_F2,23,59819.962917394194,0.610094124999705
WOA,CEC2017_F2,24,79001.88498069276,0.6603949580003246
WOA,CEC2017_F2,25,56130.749829864704,0.5890569580001284
WOA,CEC2017_F2,26,50661.602846664464,0.539120916000229
WOA,CEC2017_F2,27,30780.20654291471,0.586425083999984
WOA,CEC2017_F2,28,53341.02253089609,0.5561237090000759
WOA,CEC2017_F2,29,78990.16455257603,0.6529178329997194
WOA,CEC2017_F3,0,1305.187046235239,0.6964104589997078
WOA,CEC2017_F3,1,3441.960706940748,0.7319677079999565
WOA,CEC2017_F3,2,1974.2640651685467,0.6799089589999312
WOA,CEC2017_F3,3,1542.410113700454,0.7246566670000902
WOA,CEC2017_F3,4,2351.271910571384,0.7116442499996083
WOA,CEC2017_F3,5,1918.1851000411912,0.7580530830000498
WOA,CEC2017_F3,6,2801.439946788344,0.6929016670001147
WOA,CEC2017_F3,7,1356.4815077763874,0.7259372919997986
WOA,CEC2017_F3,8,1185.769222806089,0.7325737500000287
WOA,CEC2017_F3,9,1204.6121115645872,0.6954080830000748
WOA,CEC2017_F3,10,2589.8994206391253,0.7045825420000256
WOA,CEC2017_F3,11,2070.9029863373135,0.6769706670002051
WOA,CEC2017_F3,12,3358.6536576177486,0.7052575000002435
WOA,CEC2017_F3,13,1577.7298453393894,0.7132846670001527
WOA,CEC2017_F3,14,3248.096158665343,0.7414748340002006
WOA,CEC2017_F3,15,1912.7563625315483,0.7452847500003372
WOA,CEC2017_F3,16,3899.698943883875,0.6972532919999139
WOA,CEC2017_F3,17,1758.7593931576037,0.7328398340000604
WOA,CEC2017_F3,18,2993.4451133279044,0.73234258399998
WOA,CEC2017_F3,19,1724.5422282251122,0.7635167499997806
WOA,CEC2017_F3,20,1771.316734715157,0.6778035410002303
WOA,CEC2017_F3,21,3819.0819340254548,0.6899903750004341
WOA,CEC2017_F3,22,3574.135515695969,0.6924092919998657
WOA,CEC2017_F3,23,1650.0249766971424,0.7138865840001927
WOA,CEC2017_F3,24,3993.0439991077883,0.693725166999684
WOA,CEC2017_F3,25,2729.333567529118,0.7229427499996746
WOA,CEC2017_F3,26,1030.9551424627994,0.7199153749998004
WOA,CEC2017_F3,27,3204.799111188987,0.7127642089999426
WOA,CEC2017_F3,28,1972.3733641321012,0.6440995000002658
WOA,CEC2017_F3,29,1256.7915757563433,0.7406149160001405
WOA,CEC2017_F4,0,46605.48950391384,0.5891531669999495
WOA,CEC2017_F4,1,26135.009118414575,0.6420887499998571
WOA,CEC2017_F4,2,36400.13229955125,0.71499516699987
WOA,CEC2017_F4,3,57754.90832186177,0.7028855829998975
WOA,CEC2017_F4,4,28309.638126835787,0.6312445419998767
WOA,CEC2017_F4,5,29221.154418243317,0.6613768340002935
WOA,CEC2017_F4,6,29425.598007369314,0.6278632080002353
WOA,CEC2017_F4,7,34945.257309259425,0.6501959590000297
WOA,CEC2017_F4,8,29312.205701648836,0.6751539159999993
WOA,CEC2017_F4,9,51342.10721097127,0.6386209170000257
WOA,CEC2017_F4,10,24619.634189986256,0.6376023329999043
WOA,CEC2017_F4,11,36400.36167105506,0.7654564160002337
WOA,CEC2017_F4,12,42461.28052394562,0.6638989170000968
WOA,CEC2017_F4,13,16084.256456148405,0.6658441250001488
WOA,CEC2017_F4,14,35400.89173091953,0.6199719999999616
WOA,CEC2017_F4,15,27784.98136793535,0.6302479580003819
WOA,CEC2017_F4,16,40326.677426519316,0.6255191669997657
WOA,CEC2017_F4,17,30142.399033054513,0.6481528330000401
WOA,CEC2017_F4,18,30756.146739850472,0.6636139590000312
WOA,CEC2017_F4,19,52881.417763101796,0.6383839169998282
WOA,CEC2017_F4,20,28676.495299892285,0.6669609579998905
WOA,CEC2017_F4,21,30057.26000602875,0.6509631660001105
WOA,CEC2017_F4,22,32202.70879086397,0.7089002500001698
WOA,CEC2017_F4,23,36572.761020170445,0.6808069170001545
WOA,CEC2017_F4,24,33435.85695535728,0.6710729999999785
WOA,CEC2017_F4,25,49565.166053626126,0.6882767500001137
WOA,CEC2017_F4,26,35204.37757229353,0.6350807499998155
WOA,CEC2017_F4,27,39529.943903085215,0.6816856250002274
WOA,CEC2017_F4,28,32348.300145768208,0.6378145000003315
WOA,CEC2017_F4,29,20435.149843534717,0.6521020830000452
GWO,CEC2017_F16,0,67533.44957810688,7.414332666999599
GWO,CEC2017_F16,1,70709.4911194327,7.365283583000291
GWO,CEC2017_F16,2,36506.01066848416,7.706308041999819
GWO,CEC2017_F16,3,17928.266454806493,7.417739709000216
GWO,CEC2017_F16,4,96991.91124910268,7.525641875000019
GWO,CEC2017_F16,5,58006.5043083718,7.341666958000133
GWO,CEC2017_F16,6,31115.747908778594,7.437854457999947
GWO,CEC2017_F16,7,40072.47863059394,7.3500811670000985
GWO,CEC2017_F16,8,48828.74147503428,7.37278166599981
GWO,CEC2017_F16,9,68277.02305029317,7.3044355000001815
GWO,CEC2017_F16,10,60069.85291552815,7.34856870800013
GWO,CEC2017_F16,11,81600.50779862913,7.548194750000221
GWO,CEC2017_F16,12,33162.13862902654,7.308855457999925
GWO,CEC2017_F16,13,20594.90791259469,7.2524019160000535
GWO,CEC2017_F16,14,37893.888086023355,7.577137250000305
GWO,CEC2017_F16,15,130075.26058331657,7.363388499999928
GWO,CEC2017_F16,16,86417.66195687315,7.337654666000162
GWO,CEC2017_F16,17,87907.5960815156,7.335724459000176
GWO,CEC2017_F16,18,89671.91412173265,7.488829458000055
GWO,CEC2017_F16,19,89879.20169439602,7.497973834000277
GWO,CEC2017_F16,20,48744.79146420029,7.5714806669998325
GWO,CEC2017_F16,21,123898.79547332422,7.476891667000018
GWO,CEC2017_F16,22,64913.72445945443,7.460323958000117
GWO,CEC2017_F16,23,79510.57081203438,7.4861571659998845
GWO,CEC2017_F16,24,71125.66387857974,7.5295194999998785
GWO,CEC2017_F16,25,41311.91522000288,7.599492457999986
GWO,CEC2017_F16,26,79042.6115051177,7.294639250000273
GWO,CEC2017_F16,27,53778.21377519374,7.536932499999693
GWO,CEC2017_F16,28,81018.19104187754,7.2918515419996766
GWO,CEC2017_F16,29,89148.74409317147,7.545078042000114
GWO,CEC2017_F19,0,2250.379186283317,7.4225747079999564
GWO,CEC2017_F19,1,2495.922148706245,7.205254915999831
GWO,CEC2017_F19,2,2188.490708348952,7.736453291000089
GWO,CEC2017_F19,3,2960.7768705921326,7.43794783400017
GWO,CEC2017_F19,4,2483.423580115414,7.3637119580002945
GWO,CEC2017_F19,5,2530.6752543721946,7.4283957910001845
GWO,CEC2017_F19,6,2220.83286937966,7.474695958000211
GWO,CEC2017_F19,7,2660.222484290347,7.442489999999907
GWO,CEC2017_F19,8,3183.5709225309433,7.440427958999862
GWO,CEC2017_F19,9,2502.2342941802385,7.581276666000122
GWO,CEC2017_F19,10,2413.5306572236636,7.451732459000141
GWO,CEC2017_F19,11,2950.001135092489,7.501166833000298
GWO,CEC2017_F19,12,3010.268131587177,7.505158208000012
GWO,CEC2017_F19,13,2493.3127781968565,7.426843375000317
GWO,CEC2017_F19,14,2542.636305651015,7.464707167000142
GWO,CEC2017_F19,15,2209.520825324966,7.537135209000098
GWO,CEC2017_F19,16,2205.863682624374,7.5796690000001945
GWO,CEC2017_F19,17,3505.440662668381,7.675447499999791
GWO,CEC2017_F19,18,2365.305301096258,7.575791291999849
GWO,CEC2017_F19,19,2604.2025515622286,7.39113800000041
GWO,CEC2017_F19,20,2491.2857881287073,7.848565750000034
GWO,CEC2017_F19,21,2286.7758112421952,7.587397624999994
GWO,CEC2017_F19,22,2235.351437099937,7.406611834000159
GWO,CEC2017_F19,23,2507.064997495859,7.60886787499976
GWO,CEC2017_F19,24,2159.148325423002,7.588474208999742
GWO,CEC2017_F19,25,2702.6960002703045,7.40388029099995
GWO,CEC2017_F19,26,2315.39284969415,7.65795129199978
GWO,CEC2017_F19,27,2127.6507592594194,7.581905290999657
GWO,CEC2017_F19,28,2567.2636399158814,7.681911707999916
GWO,CEC2017_F19,29,2625.6043316845467,7.552326583999729
WOA,CEC2017_F6,0,958209.3518026831,0.7649337499997273
WOA,CEC2017_F6,1,1259099.2438838405,0.857888125000045
WOA,CEC2017_F6,2,916472.3142264923,0.8410917080000218
WOA,CEC2017_F6,3,692769.88448378,0.7416753749998861
WOA,CEC2017_F6,4,1477029.0362009164,0.8160442500002318
WOA,CEC2017_F6,5,766799.4535560822,0.8415904580001552
WOA,CEC2017_F6,6,469844.67619438324,0.8493401249997987
WOA,CEC2017_F6,7,696462.928711584,0.8248609580000448
WOA,CEC2017_F6,8,416270.25578715914,0.8866904159999649
WOA,CEC2017_F6,9,787240.9691689262,0.847300124999947
WOA,CEC2017_F6,10,773939.4839607425,0.7968303329998889
WOA,CEC2017_F6,11,624273.6839242304,0.7996426659997269
WOA,CEC2017_F6,12,1262686.8126650464,0.8167720839996946
WOA,CEC2017_F6,13,898723.2669298473,0.8290752910002084
WOA,CEC2017_F6,14,829364.3637622818,0.8211493339999834
WOA,CEC2017_F6,15,606696.6986890449,0.7905931250002141
WOA,CEC2017_F6,16,356317.94091760024,0.8398877919998995
WOA,CEC2017_F6,17,378526.084617663,0.8115447909999602
WOA,CEC2017_F6,18,650074.3422976906,0.7574031659996763
WOA,CEC2017_F6,19,1235704.5113438987,0.803753499999857
WOA,CEC2017_F6,20,611782.8928283708,0.8836755000002086
WOA,CEC2017_F6,21,753774.2245927393,0.8405010839996976
WOA,CEC2017_F6,22,456941.779983909,0.8147946250001041
WOA,CEC2017_F6,23,286001.33103918564,0.8550622080001631
WOA,CEC2017_F6,24,1336513.1487007344,0.822135666000122
WOA,CEC2017_F6,25,712245.84497599,0.8412808749999385
WOA,CEC2017_F6,26,545558.8762304953,0.9016170830000192
WOA,CEC2017_F6,27,1030652.7176443121,0.801452917000006
WOA,CEC2017_F6,28,985875.9242798971,0.8863643330000741
WOA,CEC2017_F6,29,368630.75350178493,0.8426194170001509
WOA,CEC2017_F5,0,500.0089049762106,1.3671125830001074
WOA,CEC2017_F5,1,500.0093124812075,1.348637833000339
WOA,CEC2017_F5,2,500.0048839912114,1.3230310420003661
WOA,CEC2017_F5,3,500.010519501925,1.3645002089997433
WOA,CEC2017_F5,4,500.0051599057322,1.2967484159999003
WOA,CEC2017_F5,5,500.00671547880796,1.2406154580003204
WOA,CEC2017_F5,6,500.0117605684998,1.226265708000028
WOA,CEC2017_F5,7,500.00037074400734,1.3185394170000109
WOA,CEC2017_F5,8,500.0071872584894,1.3665379579997534
WOA,CEC2017_F5,9,500.00740456952866,1.2882804579999174
WOA,CEC2017_F5,10,500.0332779392936,1.2500167499997588
WOA,CEC2017_F5,11,500.01460868327683,1.3147136249999676
WOA,CEC2017_F5,12,500.0162070072227,1.33261845800007
WOA,CEC2017_F5,13,500.0117175369561,1.2864000829999895
WOA,CEC2017_F5,14,500.0042310091797,1.328162040999814
WOA,CEC2017_F5,15,500.0064873270286,1.2939359169999989
WOA,CEC2017_F5,16,500.00203396014604,1.2589507499997126
WOA,CEC2017_F5,17,500.0071885317461,1.269531958999778
WOA,CEC2017_F5,18,500.0107915424117,1.3156624170001123
WOA,CEC2017_F5,19,500.0073814775421,1.2719035000000076
WOA,CEC2017_F5,20,500.00637526472264,1.280980792000264
WOA,CEC2017_F5,21,500.0179432773537,1.2853768750001109
WOA,CEC2017_F5,22,500.0110412837078,1.292480458999762
WOA,CEC2017_F5,23,500.00607559973116,1.3054612920000181
WOA,CEC2017_F5,24,500.0098599974582,1.2715983749999396
WOA,CEC2017_F5,25,500.00389851285394,1.3400440410000556
WOA,CEC2017_F5,26,500.006223457941,1.291006500000094
WOA,CEC2017_F5,27,500.00700631094634,1.365574958000252
WOA,CEC2017_F5,28,500.01503531288256,1.3236116670000229
WOA,CEC2017_F5,29,500.0075095266818,1.3070213749997492
GWO,CEC2017_F25,0,3378.913872111571,6.0845482919999085
GWO,CEC2017_F25,1,3451.0208213879987,6.150025165999978
GWO,CEC2017_F25,2,3362.086432380387,6.233767374999843
GWO,CEC2017_F25,3,3372.3981939793084,6.190982292000172
GWO,CEC2017_F25,4,3385.0691939229523,6.15156933399976
GWO,CEC2017_F25,5,3397.3846697379254,6.22610266699985
GWO,CEC2017_F25,6,3389.944213709904,6.0735492499998145
GWO,CEC2017_F25,7,3455.132785872226,6.0554654580000715
GWO,CEC2017_F25,8,3363.2888170739952,6.090600874999836
GWO,CEC2017_F25,9,3402.5092585298553,6.123507041000266
GWO,CEC2017_F25,10,3412.6525846255563,6.2009960420000425
GWO,CEC2017_F25,11,3361.3334817317123,6.193069417000061
GWO,CEC2017_F25,12,3369.007600899079,6.327386874999775
GWO,CEC2017_F25,13,3580.8896753979225,6.034982458000286
GWO,CEC2017_F25,14,3424.3336497562677,6.13786804099982
GWO,CEC2017_F25,15,3438.536142633876,6.078745082999831
GWO,CEC2017_F25,16,3406.828317882565,6.2059809170000335
GWO,CEC2017_F25,17,3394.079192871144,6.169042125000033
GWO,CEC2017_F25,18,3415.9766612498433,6.25027799999998
GWO,CEC2017_F25,19,3359.026650373781,6.260642167000242
GWO,CEC2017_F25,20,3448.662072072635,6.22587670799976
GWO,CEC2017_F25,21,3448.560586667306,6.139896165999744
GWO,CEC2017_F25,22,3367.9930193299283,6.259635417000027
GWO,CEC2017_F25,23,3367.914519915099,6.274339666999822
GWO,CEC2017_F25,24,3439.818699862456,6.129881374999968
GWO,CEC2017_F25,25,3371.6659708203947,6.157665624999936
GWO,CEC2017_F25,26,3366.185194193469,6.38177183300013
GWO,CEC2017_F25,27,3644.8945676286817,6.184788500000195
GWO,CEC2017_F25,28,3461.255911576053,6.098021834000065
GWO,CEC2017_F25,29,3352.8738820993503,6.334777583000232
WOA,CEC2017_F8,0,839.3220620847715,0.8151138749999518
WOA,CEC2017_F8,1,812.5328504389435,0.8583673339999223
WOA,CEC2017_F8,2,825.0328791613316,0.7849260830003004
WOA,CEC2017_F8,3,817.8369470692235,0.8407868330000383
WOA,CEC2017_F8,4,836.0622749912854,0.8272041669997634
WOA,CEC2017_F8,5,818.6924245092124,0.7657356669997171
WOA,CEC2017_F8,6,811.2939783029495,0.8318247079996581
WOA,CEC2017_F8,7,814.4232288640736,0.8391461669998534
WOA,CEC2017_F8,8,829.1764501050858,0.8345129159997668
WOA,CEC2017_F8,9,823.9193604653344,0.8230705409996517
WOA,CEC2017_F8,10,857.1572761219036,0.893941249999898
WOA,CEC2017_F8,11,839.6171161378138,0.9138476250000167
WOA,CEC2017_F8,12,824.0409305400143,0.8476715000001604
WOA,CEC2017_F8,13,827.0299172444794,0.8415988749998178
WOA,CEC2017_F8,14,818.9529994411811,0.7515263750001395
WOA,CEC2017_F8,15,813.3348363310057,0.8274850410002728
WOA,CEC2017_F8,16,820.7458362195486,0.8306170839996412
WOA,CEC2017_F8,17,821.8177279086237,0.8185510419998536
WOA,CEC2017_F8,18,821.4837182984922,0.7847045840003375
WOA,CEC2017_F8,19,816.6726839245994,0.8055428750003557
WOA,CEC2017_F8,20,822.3541793225646,0.8446161659999234
WOA,CEC2017_F8,21,820.5470158580654,0.8321256670001276
WOA,CEC2017_F8,22,809.806516784036,0.8051431660001072
WOA,CEC2017_F8,23,831.8987640044583,0.8568905420002011
WOA,CEC2017_F8,24,822.6035582909329,0.804476374999922
WOA,CEC2017_F8,25,811.8242090683636,0.8729010420001941
WOA,CEC2017_F8,26,823.9592621659203,0.7922507920002317
WOA,CEC2017_F8,27,834.8947336032004,0.7971194169999762
WOA,CEC2017_F8,28,846.1065575806518,0.7138975830002892
WOA,CEC2017_F8,29,816.4298084669903,0.8881559999999808
GWO,CEC2017_F29,0,3341601.1106726853,4.992465124999853
GWO,CEC2017_F29,1,127264709.64455892,4.964115166999818
GWO,CEC2017_F29,2,1428584.5631876881,5.02171083300027
GWO,CEC2017_F29,3,741294.9816928455,5.284693916999913
GWO,CEC2017_F29,4,12869990.236730868,5.213971333000245
GWO,CEC2017_F29,5,261130.73841372272,5.033713291999902
GWO,CEC2017_F29,6,1437325.6958909738,5.064987208000275
GWO,CEC2017_F29,7,1309651.8327080454,5.163567209000121
GWO,CEC2017_F29,8,23071217.953288402,5.142250375000003
GWO,CEC2017_F29,9,342417.6592950085,5.001936707999903
GWO,CEC2017_F29,10,445087.0172230624,5.099347708000096
GWO,CEC2017_F29,11,31837112.943471003,5.084935625000071
GWO,CEC2017_F29,12,5473126.861267291,5.22676466699977
GWO,CEC2017_F29,13,17353928.80360574,5.234125000000404
GWO,CEC2017_F29,14,2592950.2984080883,5.0901002089999565
GWO,CEC2017_F29,15,353254437.9490871,5.257230458999857
GWO,CEC2017_F29,16,209191.71397313412,5.251043541999934
GWO,CEC2017_F29,17,8145408.095193646,5.124510291000206
GWO,CEC2017_F29,18,238685.3744269464,5.043597916000181
GWO,CEC2017_F29,19,98940300.58797331,5.157145124999715
GWO,CEC2017_F29,20,1793908.589100489,5.144869124999786
GWO,CEC2017_F29,21,21123796.975989293,5.253676917000121
GWO,CEC2017_F29,22,1667633.8122272538,5.0534292919996915
GWO,CEC2017_F29,23,2006748.7227593989,5.224127583000154
GWO,CEC2017_F29,24,9358717.344245734,5.126722250000057
GWO,CEC2017_F29,25,323255.9773776397,5.142167291000078
GWO,CEC2017_F29,26,7674580.002159904,5.185596374999932
GWO,CEC2017_F29,27,12510971.907218713,5.152240166999945
GWO,CEC2017_F29,28,133041371.97296263,5.111357916999623
GWO,CEC2017_F29,29,4673009.805614327,5.118805666999833
WOA,CEC2017_F7,0,1566.5239974285323,1.216181916000096
WOA,CEC2017_F7,1,1671.4245900702404,1.168266415999824
WOA,CEC2017_F7,2,1556.440787914703,1.2534285000001546
WOA,CEC2017_F7,3,1288.114002178033,1.209152874999745
WOA,CEC2017_F7,4,1441.2833642372902,1.1743696670000645
WOA,CEC2017_F7,5,1464.327089553492,1.2201018330001716
WOA,CEC2017_F7,6,1333.1562206325357,1.1961826659999133
WOA,CEC2017_F7,7,1541.129528117338,1.217049667000083
WOA,CEC2017_F7,8,1510.2539872371287,1.203202790999967
WOA,CEC2017_F7,9,1396.521387013161,1.2232907500001602
WOA,CEC2017_F7,10,1434.2393547865734,1.1855091249999532
WOA,CEC2017_F7,11,1473.5575468474217,1.2224502079998274
WOA,CEC2017_F7,12,1347.0305661121906,1.1587959169996793
WOA,CEC2017_F7,13,1480.4241999879573,1.2218661249999059
WOA,CEC2017_F7,14,1479.1583743227138,1.248751957999957
WOA,CEC2017_F7,15,1611.8381899131202,1.3174855830002343
WOA,CEC2017_F7,16,1477.431405466198,1.133713582999917
WOA,CEC2017_F7,17,1683.6983808011566,1.2053318330004004
WOA,CEC2017_F7,18,1464.3033920087223,1.2026105830000233
WOA,CEC2017_F7,19,1545.230900004969,1.18686683299984
WOA,CEC2017_F7,20,1485.2466713345268,1.202494999999999
WOA,CEC2017_F7,21,1349.6225448859418,1.156392875000165
WOA,CEC2017_F7,22,1548.9263476857466,1.2382097909999175
WOA,CEC2017_F7,23,1558.3059820644035,1.2153241250002793
WOA,CEC2017_F7,24,1468.7401752426135,1.2800297920002777
WOA,CEC2017_F7,25,1521.2658660907507,1.2240825829999267
WOA,CEC2017_F7,26,1356.7609865981967,1.2275205410001035
WOA,CEC2017_F7,27,1636.8503598305151,1.2198360839997804
WOA,CEC2017_F7,28,1329.1344921728617,1.2310715419998814
WOA,CEC2017_F7,29,1470.594961790233,1.2005195830001867
WOA,CEC2017_F9,0,8614.83028469226,1.168290750000324
WOA,CEC2017_F9,1,7634.321542308946,1.1648569579997456
WOA,CEC2017_F9,2,7033.779804640814,1.0699019160001626
WOA,CEC2017_F9,3,6505.134637070998,1.045873125000071
WOA,CEC2017_F9,4,5496.023192251657,1.1206290420000187
WOA,CEC2017_F9,5,6881.950105747446,1.1993381659999613
WOA,CEC2017_F9,6,5867.774010802393,1.1953368750000664
WOA,CEC2017_F9,7,5893.364733849968,1.1960810000000492
WOA,CEC2017_F9,8,6461.491530857368,1.183280332999857
WOA,CEC2017_F9,9,5363.830039008572,1.10772254099993
WOA,CEC2017_F9,10,8431.546548919898,1.153218250000009
WOA,CEC2017_F9,11,6976.789526326396,1.1522278749998804
WOA,CEC2017_F9,12,7136.564759054852,1.1419224160003978
WOA,CEC2017_F9,13,8281.669853858717,1.1315015420000236
WOA,CEC2017_F9,14,6307.8888725274155,1.1579191249998075
WOA,CEC2017_F9,15,7451.724372449932,1.1956294579999849
WOA,CEC2017_F9,16,6097.089121721501,1.086596209000163
WOA,CEC2017_F9,17,6075.451735249081,1.1818808330003776
WOA,CEC2017_F9,18,8334.104009405513,1.0850499159996616
WOA,CEC2017_F9,19,5707.99376048613,1.173051416999897
WOA,CEC2017_F9,20,6513.767525727802,1.1097508329999073
WOA,CEC2017_F9,21,6764.061811502321,1.1459331250002833
WOA,CEC2017_F9,22,7635.198233407861,1.110480374999952
WOA,CEC2017_F9,23,6901.502161958796,1.1637070000001586
WOA,CEC2017_F9,24,5454.869871867641,1.1960169580002002
WOA,CEC2017_F9,25,5057.738786104004,1.2009956659999261
WOA,CEC2017_F9,26,8415.410980394863,1.084184291999918
WOA,CEC2017_F9,27,4661.00595271127,1.1419625419998738
WOA,CEC2017_F9,28,7242.76522049077,1.110588208000081
WOA,CEC2017_F9,29,6910.634086724064,1.2004640000000109
GWO,CEC2017_F27,0,3220.7844048050188,5.850025666999954
GWO,CEC2017_F27,1,3212.4380645183574,5.659550583000055
GWO,CEC2017_F27,2,3196.4857907222176,5.797117167000124
GWO,CEC2017_F27,3,3161.1719398784894,5.9249462500001755
GWO,CEC2017_F27,4,3237.7223820223076,5.780761459000132
GWO,CEC2017_F27,5,3200.9747203919455,5.982645208000122
GWO,CEC2017_F27,6,3117.4115862451663,5.881133832999694
GWO,CEC2017_F27,7,3177.317602196663,5.823979624999993
GWO,CEC2017_F27,8,3162.938278685067,6.005060582999704
GWO,CEC2017_F27,9,3248.3837353280433,6.008125583000037
GWO,CEC2017_F27,10,3166.882098698065,5.864350374999958
GWO,CEC2017_F27,11,3158.463599983748,5.8856114579998575
GWO,CEC2017_F27,12,3133.4216917682097,5.794532041999901
GWO,CEC2017_F27,13,3197.5158543196662,5.818543541999588
GWO,CEC2017_F27,14,3149.269852384868,5.9513941249997515
GWO,CEC2017_F27,15,3159.9110407670396,5.877169041000343
GWO,CEC2017_F27,16,3090.9432389151057,5.942656833000001
GWO,CEC2017_F27,17,3162.864330640217,5.942153082999994
GWO,CEC2017_F27,18,3211.2515063971287,5.893621916000029
GWO,CEC2017_F27,19,3191.993026184194,5.774189582999952
GWO,CEC2017_F27,20,3127.306334451042,6.005918333999944
GWO,CEC2017_F27,21,3162.026507635421,5.832692333000068
GWO,CEC2017_F27,22,3139.9012318998807,6.035173249999843
GWO,CEC2017_F27,23,3168.8836531428174,5.80417854199959
GWO,CEC2017_F27,24,3182.4488163246615,5.854531124999994
GWO,CEC2017_F27,25,3164.7472975164997,5.831464374999996
GWO,CEC2017_F27,26,3197.4022641509073,5.741678417000003
GWO,CEC2017_F27,27,3161.672335275144,6.03892924999991
GWO,CEC2017_F27,28,3152.957970252158,5.874517541999921
GWO,CEC2017_F27,29,3171.8485905323487,5.849481249999826
GWO,CEC2017_F26,0,3155.718888231295,6.206098082999688
GWO,CEC2017_F26,1,3144.2997922251807,6.267879458000152
GWO,CEC2017_F26,2,3155.031343798097,6.2358901669999796
GWO,CEC2017_F26,3,3141.970116881349,6.321223624999675
GWO,CEC2017_F26,4,3128.082241956574,6.275445666999985
GWO,CEC2017_F26,5,3148.2310299220335,6.271672709000086
GWO,CEC2017_F26,6,3135.060037826078,6.544016875000125
GWO,CEC2017_F26,7,3148.463916799883,6.403713500000322
GWO,CEC2017_F26,8,3142.6675809567264,6.2136391250001
GWO,CEC2017_F26,9,3157.2117450467395,6.3189009170000645
GWO,CEC2017_F26,10,3177.3861830116234,6.276820542000223
GWO,CEC2017_F26,11,3128.3747984678694,6.390067541000008
GWO,CEC2017_F26,12,3144.863453724533,6.433687415999884
GWO,CEC2017_F26,13,3150.422674875584,6.250053082999784
GWO,CEC2017_F26,14,3155.8225211261642,6.356438958000126
GWO,CEC2017_F26,15,3106.0988327029595,6.5360200830000394
GWO,CEC2017_F26,16,3180.7863601576255,6.38696737500004
GWO,CEC2017_F26,17,3146.3702135510857,6.359773958000005
GWO,CEC2017_F26,18,3139.7078402034754,6.408326875000057
GWO,CEC2017_F26,19,3122.588585041617,6.293747499999881
GWO,CEC2017_F26,20,3107.5177328157934,6.31695420799997
GWO,CEC2017_F26,21,3174.4342417179296,6.258471999999983
GWO,CEC2017_F26,22,3141.9486825995473,6.470866665999893
GWO,CEC2017_F26,23,3158.3219067899677,6.395202166000217
GWO,CEC2017_F26,24,3150.582314805507,6.413008957999864
GWO,CEC2017_F26,25,3131.4468665853315,6.434997542000019
GWO,CEC2017_F26,26,3214.8642439994765,6.43943524999986
GWO,CEC2017_F26,27,3184.5823745701296,6.19039495800007
GWO,CEC2017_F26,28,3138.1126897572854,6.140272624999852
GWO,CEC2017_F26,29,3127.483605428214,6.369813667000017
WOA,CEC2017_F10,0,9323878.403757803,0.9196262499999648
WOA,CEC2017_F10,1,91620.50370574591,0.9474984580001546
WOA,CEC2017_F10,2,37990243.495154925,0.8748849169996902
WOA,CEC2017_F10,3,535074.567830841,0.9550594999996065
WOA,CEC2017_F10,4,1634636.559558558,0.8391862920002495
WOA,CEC2017_F10,5,1628994.435189108,0.948970792000182
WOA,CEC2017_F10,6,9740733.494201418,0.9282751659998212
WOA,CEC2017_F10,7,1596981.27234068,0.988253375000113
WOA,CEC2017_F10,8,384113824.2603633,0.9435860419998789
WOA,CEC2017_F10,9,180921.3119507807,0.9321348749999743
WOA,CEC2017_F10,10,55952627.9387366,0.9380656250000357
WOA,CEC2017_F10,11,156440.20672939852,0.8602755410001919
WOA,CEC2017_F10,12,5747360.642112513,0.8835707500002172
WOA,CEC2017_F10,13,327626.5262650854,0.9103120839999974
WOA,CEC2017_F10,14,6800387.204710606,0.941983749999963
WOA,CEC2017_F10,15,470982.1349538824,0.9403414580001481
WOA,CEC2017_F10,16,21612550.507518407,0.9715268750001087
WOA,CEC2017_F10,17,102535173.51921928,0.9662287910000487
WOA,CEC2017_F10,18,224333.9262976585,0.936458708000373
WOA,CEC2017_F10,19,520387.52756869455,0.9621804160001375
WOA,CEC2017_F10,20,70460967.24687023,0.9909757499999614
WOA,CEC2017_F10,21,301609.95197016955,0.9296152080000866
WOA,CEC2017_F10,22,154162.9125448956,0.9189724170000773
WOA,CEC2017_F10,23,505575.07216381264,0.9203326669999115
WOA,CEC2017_F10,24,77068157.86068961,0.9296692500001882
WOA,CEC2017_F10,25,2339915.699840646,0.9140814580000551
WOA,CEC2017_F10,26,334417.3034558642,0.9038095410001006
WOA,CEC2017_F10,27,946238.6067348253,0.8716122920000089
WOA,CEC2017_F10,28,16852101.40810712,0.9445072080002319
WOA,CEC2017_F10,29,1206676.4981498844,0.9107014160003928
WOA,CEC2017_F12,0,155675225.65009925,1.0387321660000453
WOA,CEC2017_F12,1,1013933735.4147408,0.986562375000176
WOA,CEC2017_F12,2,794640277.1705909,0.9471264580001844
WOA,CEC2017_F12,3,73332465.60879919,1.0078029579999566
WOA,CEC2017_F12,4,1517986747.5724926,1.0436172909999186
WOA,CEC2017_F12,5,132405984.98265012,1.0290246250001474
WOA,CEC2017_F12,6,104220640.43774581,1.0580647080000745
WOA,CEC2017_F12,7,1638405998.5578167,1.0116692910000893
WOA,CEC2017_F12,8,28886034.679490685,0.8584794580001471
WOA,CEC2017_F12,9,1395642256.0098746,1.1592400419999649
WOA,CEC2017_F12,10,987036547.7209553,1.0297311250001258
WOA,CEC2017_F12,11,17255933.003656995,1.0076957090000178
WOA,CEC2017_F12,12,36757671.13348749,1.0253420419999202
WOA,CEC2017_F12,13,235703647.6229926,0.9831319169998096
WOA,CEC2017_F12,14,354010728.644571,1.0001229169997714
WOA,CEC2017_F12,15,595138657.64017,0.9951005419998182
WOA,CEC2017_F12,16,107174977.03202197,0.9658414170003198
WOA,CEC2017_F12,17,47693086.69010939,0.9789826250002989
WOA,CEC2017_F12,18,417675491.7695261,0.9609067080000386
WOA,CEC2017_F12,19,2265545445.874447,1.0039182500004245
WOA,CEC2017_F12,20,869080047.9953567,0.9989589159999923
WOA,CEC2017_F12,21,153877784.1089522,0.9974917089998598
WOA,CEC2017_F12,22,120662499.38478011,0.9535421660002612
WOA,CEC2017_F12,23,633711075.2436706,0.9929694999996173
WOA,CEC2017_F12,24,64702733.70255218,1.0186052079998262
WOA,CEC2017_F12,25,57259202.0056805,0.9421479590000672
WOA,CEC2017_F12,26,51044617.49679646,0.948926291999669
WOA,CEC2017_F12,27,546000332.5641197,1.049564417000056
WOA,CEC2017_F12,28,1286443695.182217,1.0881633330000113
WOA,CEC2017_F12,29,801260986.486168,0.9934619170003316
WOA,CEC2017_F11,0,212718957.80184907,1.3125175419995685
WOA,CEC2017_F11,1,564024336.4904169,1.2835802089998651
WOA,CEC2017_F11,2,577115072.0656037,1.2744578750002802
WOA,CEC2017_F11,3,295986754.0464729,1.3128035830000044
WOA,CEC2017_F11,4,28834136.526622683,1.230515374999868
WOA,CEC2017_F11,5,799149515.7549616,1.3182234169998992
WOA,CEC2017_F11,6,352771389.6678308,1.2604354999998577
WOA,CEC2017_F11,7,1345118937.8691854,1.391888416999791
WOA,CEC2017_F11,8,143545250.98582825,1.5625167500002135
WOA,CEC2017_F11,9,178152201.15550923,1.2876955830001862
WOA,CEC2017_F11,10,137116841.38781705,1.3034324160003052
WOA,CEC2017_F11,11,2435262213.2037096,1.260316709000108
WOA,CEC2017_F11,12,34192175.60221656,1.2685292920000393
WOA,CEC2017_F11,13,97427916.52465639,1.2294679579999865
WOA,CEC2017_F11,14,112240365.48926474,1.3431957920001878
WOA,CEC2017_F11,15,107671270.32834752,1.3938167500000418
WOA,CEC2017_F11,16,45434684.02616432,1.211968290999721
WOA,CEC2017_F11,17,26382340.283149347,1.243064042000242
WOA,CEC2017_F11,18,62810686.74402808,1.3691143330001978
WOA,CEC2017_F11,19,441548089.77943254,1.2906487499999457
WOA,CEC2017_F11,20,200096912.1746404,1.2926595839999209
WOA,CEC2017_F11,21,12484922.9589145,1.3370538330000272
WOA,CEC2017_F11,22,466398759.70579207,1.3566945000002306
WOA,CEC2017_F11,23,201262114.54622272,1.29018887500024
WOA,CEC2017_F11,24,63384760.23609065,1.2829985830003352
WOA,CEC2017_F11,25,25859841.942500953,1.4156457080002838
WOA,CEC2017_F11,26,288262465.7769526,1.3880304999997861
WOA,CEC2017_F11,27,214690948.8688776,1.274114040999848
WOA,CEC2017_F11,28,2149931809.7302303,1.3072397079999973
WOA,CEC2017_F11,29,204485946.7234927,1.2825279580001734
WOA,CEC2017_F13,0,486242.02455751237,1.165063416999601
WOA,CEC2017_F13,1,3126821.6021692427,1.2695299169999998
WOA,CEC2017_F13,2,264680.0449528643,1.2244019590002608
WOA,CEC2017_F13,3,391314.3421036725,1.1441203340000357
WOA,CEC2017_F13,4,464456.30375284,1.113889792000009
WOA,CEC2017_F13,5,333093.8467665258,1.128395916000045
WOA,CEC2017_F13,6,332909.47166398383,1.10701733399992
WOA,CEC2017_F13,7,4362048.772778038,1.0987410829998225
WOA,CEC2017_F13,8,677993.0857894545,1.1210415000000467
WOA,CEC2017_F13,9,645197.0351636163,1.0867640000001302
WOA,CEC2017_F13,10,2969682.1757001346,1.1379080420001628
WOA,CEC2017_F13,11,492134.00847447396,1.119794875000025
WOA,CEC2017_F13,12,3823605.4113756223,1.1765455409999959
WOA,CEC2017_F13,13,2701191.4783047326,1.1511919169997782
WOA,CEC2017_F13,14,1390817.4220448798,1.1757409159999952
WOA,CEC2017_F13,15,1510340.9814928386,1.050151249999999
WOA,CEC2017_F13,16,3744143.5697748093,1.089182124999752
WOA,CEC2017_F13,17,677672.5372861138,1.1266758329998083
WOA,CEC2017_F13,18,1253470.0759438053,1.138628042000164
WOA,CEC2017_F13,19,3357555.981229393,1.0979937920001248
WOA,CEC2017_F13,20,1090628.941307463,1.1439775419999023
WOA,CEC2017_F13,21,5113896.54295119,1.1282407499998044
WOA,CEC2017_F13,22,3488887.5116364188,1.1924758749996727
WOA,CEC2017_F13,23,3169386.5927694775,1.1770025410000926
WOA,CEC2017_F13,24,3728210.747195445,1.0971755410000696
WOA,CEC2017_F13,25,3202625.0848848904,1.1722110000000612
WOA,CEC2017_F13,26,250005.65761865687,1.1798862910000025
WOA,CEC2017_F13,27,528490.4940212753,1.199159375000363
WOA,CEC2017_F13,28,409152.6308099136,1.179075333000128
WOA,CEC2017_F13,29,752611.3579758471,1.137501291999797
WOA,CEC2017_F14,0,3823955.823643978,1.0202961249997315
WOA,CEC2017_F14,1,19205885.876926746,1.0231076249997386
WOA,CEC2017_F14,2,5359348.354265733,0.9977439169997524
WOA,CEC2017_F14,3,2900566.283783122,0.9378889170002367
WOA,CEC2017_F14,4,861545.9966436813,0.9629550829999971
WOA,CEC2017_F14,5,85857980.19167714,0.9488860420001402
WOA,CEC2017_F14,6,1731773.2724009492,1.0177837920000457
WOA,CEC2017_F14,7,15939428.422818832,0.9980334589999984
WOA,CEC2017_F14,8,250136637.07255793,0.9670332499999859
WOA,CEC2017_F14,9,42999940.389127284,0.9849245420000443
WOA,CEC2017_F14,10,76020306.38432615,1.0454723749999175
WOA,CEC2017_F14,11,7008944.288545708,1.0425404170000547
WOA,CEC2017_F14,12,118963370.97417581,1.087656541999877
WOA,CEC2017_F14,13,110342598.03315365,1.0289522500002022
WOA,CEC2017_F14,14,70269845.48358856,0.9541033329996935
WOA,CEC2017_F14,15,14472654.442539796,1.0038513750000675
WOA,CEC2017_F14,16,4511445.327246628,0.9947462919999452
WOA,CEC2017_F14,17,50429656.40443895,0.9991305829998964
WOA,CEC2017_F14,18,3502018.466348247,0.9567477499999768
WOA,CEC2017_F14,19,107775610.52261479,1.0034409579998282
WOA,CEC2017_F14,20,20288804.298661694,1.1215754169998036
WOA,CEC2017_F14,21,20840431.671458595,0.9877001670001846
WOA,CEC2017_F14,22,117566056.68719198,0.9784832499999538
WOA,CEC2017_F14,23,12734994.53526495,0.9534467090002181
WOA,CEC2017_F14,24,248802943.96229827,1.0593122090003817
WOA,CEC2017_F14,25,88518475.5392317,0.9842031250000218
WOA,CEC2017_F14,26,754864.6961564233,0.9722204169997894
WOA,CEC2017_F14,27,105609478.99302278,1.032880084000226
WOA,CEC2017_F14,28,121687489.57312284,1.0567642500000147
WOA,CEC2017_F14,29,48598454.97118766,1.0094774579997647
WOA,CEC2017_F17,0,121426.95584045202,1.1566241249997802
WOA,CEC2017_F17,1,857085.8370113213,1.1186362079997707
WOA,CEC2017_F17,2,161972.71569244566,1.1991940419998173
WOA,CEC2017_F17,3,273108.11107651284,1.124995208999735
WOA,CEC2017_F17,4,127668.25122788564,1.1679654170002323
WOA,CEC2017_F17,5,174375.56956001764,1.1628842499999337
WOA,CEC2017_F17,6,135489.2052204211,1.363803457999893
WOA,CEC2017_F17,7,403311.8393263558,1.1468628330003412
WOA,CEC2017_F17,8,199913.55479324405,1.172790791999887
WOA,CEC2017_F17,9,78856.70175089274,1.171633208000003
WOA,CEC2017_F17,10,227952.21135529966,1.0107598330000656
WOA,CEC2017_F17,11,1164282.5232974521,1.1223141659997964
WOA,CEC2017_F17,12,102040.57140076984,1.1813634170002842
WOA,CEC2017_F17,13,235490.3720264673,1.1694860839998
WOA,CEC2017_F17,14,361124.1372792906,1.1531553750000967
WOA,CEC2017_F17,15,131360.1684274692,1.0506272909997278
WOA,CEC2017_F17,16,96158.36315504013,1.1949841659998128
WOA,CEC2017_F17,17,139528.60848126234,1.2387744589996146
WOA,CEC2017_F17,18,534933.6774694377,1.143252792000112
WOA,CEC2017_F17,19,126177.27863780761,1.1024615829996947
WOA,CEC2017_F17,20,302587.8831331578,1.1668587500003014
WOA,CEC2017_F17,21,148449.25819828158,1.1559425419995932
WOA,CEC2017_F17,22,253022.26503095686,1.1687097499998345
WOA,CEC2017_F17,23,304746.6648888715,1.1767826249997597
WOA,CEC2017_F17,24,543122.4925549596,1.1451742909998757
WOA,CEC2017_F17,25,129829.55506417848,1.140180333000444
WOA,CEC2017_F17,26,420597.6391265953,1.118204040999899
WOA,CEC2017_F17,27,121333.79926837409,1.1167323750000833
WOA,CEC2017_F17,28,239351.23029009363,1.1436361670002952
WOA,CEC2017_F17,29,147053.4170927634,1.1211258749999615
WOA,CEC2017_F15,0,40887583.74229554,2.092431540999769
WOA,CEC2017_F15,1,3554937.525647391,2.2547568340000907
WOA,CEC2017_F15,2,2354603.334478774,2.2258553329997994
WOA,CEC2017_F15,3,3716134.2818376436,2.1663495000002513
WOA,CEC2017_F15,4,5371632.118080586,2.202980167000078
WOA,CEC2017_F15,5,1061220.5348826891,2.1386692080000103
WOA,CEC2017_F15,6,71626.27084884327,2.2319771249999576
WOA,CEC2017_F15,7,533479.8913049551,2.2625887919998604
WOA,CEC2017_F15,8,615424.5640790769,2.1744686250003724
WOA,CEC2017_F15,9,412987.81472974306,2.087118833000204
WOA,CEC2017_F15,10,11602741.758211326,2.2315556250000554
WOA,CEC2017_F15,11,890608.7099232258,2.261464457999864
WOA,CEC2017_F15,12,693714.9737311142,2.2602009580000413
WOA,CEC2017_F15,13,2371269.7683890904,2.1155991660002655
WOA,CEC2017_F15,14,4778842.1716964925,2.1026949590000186
WOA,CEC2017_F15,15,1868402.32024799,2.1284697080000115
WOA,CEC2017_F15,16,159867.3102539549,2.126939666999988
WOA,CEC2017_F15,17,1199107.6333137983,2.1610127919998376
WOA,CEC2017_F15,18,1819923.5427523223,2.173222000000351
WOA,CEC2017_F15,19,1415880.756548623,2.15664575000028
WOA,CEC2017_F15,20,350875.67183987185,2.098207250000087
WOA,CEC2017_F15,21,111233918.1457812,2.073146000000179
WOA,CEC2017_F15,22,2640841.2457798785,2.1921026669997445
WOA,CEC2017_F15,23,361653.1934060831,2.0999868750000132
WOA,CEC2017_F15,24,37429844.63027951,2.0605733329998657
WOA,CEC2017_F15,25,31606723.440904923,2.072221915999762
WOA,CEC2017_F15,26,6340546.945488024,2.2022891670003446
WOA,CEC2017_F15,27,25416.13137289376,2.0785056250001617
WOA,CEC2017_F15,28,69405.12269598748,2.0531269999996766
WOA,CEC2017_F15,29,631389.7416991898,2.2520565830000123
WOA,CEC2017_F20,0,47345.93079537516,1.4461114579999048
WOA,CEC2017_F20,1,5144.652627774249,1.482635584000036
WOA,CEC2017_F20,2,15949.054429107337,1.4148641249998946
WOA,CEC2017_F20,3,18101.27671019297,1.3356009160002031
WOA,CEC2017_F20,4,32971.06706517511,1.3579864579996865
WOA,CEC2017_F20,5,24238.34375889476,1.4134051660003024
WOA,CEC2017_F20,6,31553.42085749452,1.4428596249999828
WOA,CEC2017_F20,7,5735.258758899435,1.4102215830002933
WOA,CEC2017_F20,8,20764.091298727,1.4699342919998344
WOA,CEC2017_F20,9,18646.227579118284,1.453778874999898
WOA,CEC2017_F20,10,7286.674978492479,1.4300280839997868
WOA,CEC2017_F20,11,23385.791764843503,1.4434418749997349
WOA,CEC2017_F20,12,5835.6653176703885,1.4277352500002962
WOA,CEC2017_F20,13,22796.4789635459,1.5087170840001818
WOA,CEC2017_F20,14,26270.192988168994,1.539770333999968
WOA,CEC2017_F20,15,25899.828443471422,1.387706999999864
WOA,CEC2017_F20,16,24654.946990641783,1.3854017919998114
WOA,CEC2017_F20,17,9820.397050632157,1.5180766250000488
WOA,CEC2017_F20,18,28355.160611259154,1.3504635829999643
WOA,CEC2017_F20,19,6372.727318544914,1.4018956249997245
WOA,CEC2017_F20,20,19445.38257261795,1.5163084999999228
WOA,CEC2017_F20,21,4674.900386970562,1.274545666999984
WOA,CEC2017_F20,22,16731.024754856968,1.4082710000002407
WOA,CEC2017_F20,23,35748.42615528752,1.4425896249999823
WOA,CEC2017_F20,24,7372.587330991323,1.5031962919997568
WOA,CEC2017_F20,25,25000.432271860507,1.5265243750000081
WOA,CEC2017_F20,26,20931.40926540426,1.406524250000075
WOA,CEC2017_F20,27,31798.70819578379,1.4646308330002284
WOA,CEC2017_F20,28,18067.7202760437,1.4823079160000816
WOA,CEC2017_F20,29,35253.599580460024,1.417169708000074
WOA,CEC2017_F21,0,6924.4584716226,1.8706570420004027
WOA,CEC2017_F21,1,4733.051989053058,1.857978416000151
WOA,CEC2017_F21,2,3682.896099041308,1.8229047920003723
WOA,CEC2017_F21,3,5541.535167464216,1.8186385420003717
WOA,CEC2017_F21,4,3388.552432338442,1.8239849579999827
WOA,CEC2017_F21,5,3461.851169489927,1.8043548750001719
WOA,CEC2017_F21,6,4412.846012389262,1.8547588749997885
WOA,CEC2017_F21,7,5901.551159445255,1.8458601669999553
WOA,CEC2017_F21,8,3333.4488982009616,1.8605556669999714
WOA,CEC2017_F21,9,3532.54715034387,1.8148852090002947
WOA,CEC2017_F21,10,3632.0659507434902,1.8272929170002499
WOA,CEC2017_F21,11,3299.86524945507,1.8049135840001327
WOA,CEC2017_F21,12,4711.281282213637,2.0080692500000623
WOA,CEC2017_F21,13,2719.893579095871,1.813674957999865
WOA,CEC2017_F21,14,3136.2896809373697,1.7733362079998187
WOA,CEC2017_F21,15,3936.574124673871,1.8477679170000556
WOA,CEC2017_F21,16,4084.3648360229754,1.827034666000145
WOA,CEC2017_F21,17,3699.091535781584,1.7372165000001587
WOA,CEC2017_F21,18,4203.754799026916,1.8854983329997594
WOA,CEC2017_F21,19,7686.2645582517325,1.8440284170001178
WOA,CEC2017_F21,20,2854.128774707182,1.741755290999663
WOA,CEC2017_F21,21,3025.771513806252,1.8277196250000998
WOA,CEC2017_F21,22,3863.3399888307604,1.8538802089997262
WOA,CEC2017_F21,23,6056.387973230195,1.897953249999773
WOA,CEC2017_F21,24,4008.7928761938156,1.867884833000062
WOA,CEC2017_F21,25,4233.560143297087,1.836065791999772
WOA,CEC2017_F21,26,3596.540629198589,1.8217978339998808
WOA,CEC2017_F21,27,4391.032574368247,1.734401125000204
WOA,CEC2017_F21,28,2964.0439795496677,1.868244875000073
WOA,CEC2017_F21,29,3564.6817680465065,1.8498913329999596
WOA,CEC2017_F22,0,54294.59822608221,2.118568249999953
WOA,CEC2017_F22,1,20068.439837790982,2.082523083000069
WOA,CEC2017_F22,2,22331.095667037815,2.112811375000092
WOA,CEC2017_F22,3,27035.42673905314,2.1737288750000516
WOA,CEC2017_F22,4,26979.378173204568,2.1405281669999567
WOA,CEC2017_F22,5,34218.20432470245,2.0836697909999202
WOA,CEC2017_F22,6,40021.11048584031,2.1242975000000115
WOA,CEC2017_F22,7,16053.740754911258,2.1049341249999998
WOA,CEC2017_F22,8,32388.507641119228,2.119572916999914
WOA,CEC2017_F22,9,22876.115364654564,2.0931549580000137
WOA,CEC2017_F22,10,45632.98998568984,2.105821332999767
WOA,CEC2017_F22,11,17276.827204251233,2.097985417000018
WOA,CEC2017_F22,12,16579.22250249434,2.050832416999583
WOA,CEC2017_F22,13,23110.19325029079,2.090520290999848
WOA,CEC2017_F22,14,22360.2094649716,2.0457491659999505
WOA,CEC2017_F22,15,34358.00556708268,2.171833500000048
WOA,CEC2017_F22,16,31779.28338949027,2.06887850000021
WOA,CEC2017_F22,17,25866.26181518164,2.1397710830001415
WOA,CEC2017_F22,18,34655.91232734703,2.190540083000087
WOA,CEC2017_F22,19,19125.915816885463,2.112785666000036
WOA,CEC2017_F22,20,26058.3401510597,2.1116788330000418
WOA,CEC2017_F22,21,18569.630274233583,2.048414082999898
WOA,CEC2017_F22,22,15174.224065658798,2.034134625000206
WOA,CEC2017_F22,23,51401.40972789482,2.3155714169997736
WOA,CEC2017_F22,24,45592.04588583461,2.110487583000122
WOA,CEC2017_F22,25,49540.49350170674,2.205811709000045
WOA,CEC2017_F22,26,31835.202132761813,2.2357549169996673
WOA,CEC2017_F22,27,33462.56700295673,1.9818938329999582
WOA,CEC2017_F22,28,19732.290843352966,2.0821347080000123
WOA,CEC2017_F22,29,30094.751413162518,2.0232945409998138
WOA,CEC2017_F23,0,31509.177336224857,1.5860574160001306
WOA,CEC2017_F23,1,19556.043318996508,1.6557882080001036
WOA,CEC2017_F23,2,18923.197894506426,1.693524583999988
WOA,CEC2017_F23,3,12727.178030814763,1.6020894580001368
WOA,CEC2017_F23,4,23403.122309831175,1.619827333000103
WOA,CEC2017_F23,5,29300.328397211102,1.572979583000233
WOA,CEC2017_F23,6,21959.684980263057,1.6619636250002259
WOA,CEC2017_F23,7,30588.308277046253,1.7185196660002475
WOA,CEC2017_F23,8,30682.914514436095,1.660459417000311
WOA,CEC2017_F23,9,26553.40605732867,1.6391802090001875
WOA,CEC2017_F23,10,13161.176678513195,1.6646087080002872
WOA,CEC2017_F23,11,25345.148023349793,1.6978230409999924
WOA,CEC2017_F23,12,18439.208728847654,1.6748804170001677
WOA,CEC2017_F23,13,6143.729781947457,1.6820756660004008
WOA,CEC2017_F23,14,33538.12114742772,1.6010313749998204
WOA,CEC2017_F23,15,17601.09080563652,1.6640986249999514
WOA,CEC2017_F23,16,22010.92063125548,1.721519249999801
WOA,CEC2017_F23,17,15680.781118299365,1.613784915999986
WOA,CEC2017_F23,18,28929.199890510685,1.7364074170000094
WOA,CEC2017_F23,19,14656.145525024838,1.6000730000000658
WOA,CEC2017_F23,20,18228.94400872691,1.6800614590001715
WOA,CEC2017_F23,21,14870.797664645335,1.6043995420000101
WOA,CEC2017_F23,22,14407.587622182464,1.6794887910000398
WOA,CEC2017_F23,23,27022.615353328347,1.7195929170002273
WOA,CEC2017_F23,24,24326.338930077665,1.611091457999919
WOA,CEC2017_F23,25,31375.09352159631,1.6584822080003505
WOA,CEC2017_F23,26,15853.43338316924,1.648769791000177
WOA,CEC2017_F23,27,12802.479421966078,1.5913152499997523
WOA,CEC2017_F23,28,31718.05418744011,1.5768677910000406
WOA,CEC2017_F23,29,17488.210294889708,1.593165250000311
WOA,CEC2017_F18,0,1805033703.5868866,3.3855003749999923
WOA,CEC2017_F18,1,9491067418.395775,3.2087122089997138
WOA,CEC2017_F18,2,5980063499.758494,3.320880207999835
WOA,CEC2017_F18,3,10713952984.15268,3.3057786670001406
WOA,CEC2017_F18,4,4279510806.458129,3.3688084999998864
WOA,CEC2017_F18,5,69168770.47513406,3.3072960419999617
WOA,CEC2017_F18,6,4341830595.6455,3.3185920419996364
WOA,CEC2017_F18,7,17463067.936942063,3.267482167000253
WOA,CEC2017_F18,8,318447331.8002661,3.292624333999811
WOA,CEC2017_F18,9,7796530222.217481,3.4631055840000045
WOA,CEC2017_F18,10,6156931567.214506,3.4157001660000788
WOA,CEC2017_F18,11,273786419.40859896,3.5714602920002108
WOA,CEC2017_F18,12,2356285774.0518517,3.4582428749999963
WOA,CEC2017_F18,13,693285338.676716,3.2567387080002845
WOA,CEC2017_F18,14,10678821.33252625,3.316501625000001
WOA,CEC2017_F18,15,1299394446.5994833,3.401213583000299
WOA,CEC2017_F18,16,3029312368.295045,3.3386123330001283
WOA,CEC2017_F18,17,597786084.965849,3.3610873329998867
WOA,CEC2017_F18,18,12244535.33993527,3.4553746250003314
WOA,CEC2017_F18,19,11400121072.650105,3.419241540999792
WOA,CEC2017_F18,20,10875910219.474735,3.3288238750001256
WOA,CEC2017_F18,21,9197074078.694124,3.249841750000087
WOA,CEC2017_F18,22,923838251.0302321,3.371550500000012
WOA,CEC2017_F18,23,18236895539.93601,3.3113054580003336
WOA,CEC2017_F18,24,499302851.66891116,3.3329944590000196
WOA,CEC2017_F18,25,8564548895.7994585,3.4594792919997417
WOA,CEC2017_F18,26,13118607791.137188,3.2954276249997747
WOA,CEC2017_F18,27,5864075392.838859,3.4040378750000855
WOA,CEC2017_F18,28,17478777460.99689,3.3317329589999645
WOA,CEC2017_F18,29,664706428.2128577,3.4140154169999732
WOA,CEC2017_F24,0,3937.2612156235746,1.8820533749999413
WOA,CEC2017_F24,1,3929.094296818124,1.8623649579999437
WOA,CEC2017_F24,2,3473.6944799200096,1.8261424170000282
WOA,CEC2017_F24,3,3782.9422760363077,1.8217344170002434
WOA,CEC2017_F24,4,3487.743587170324,1.7879055829998833
WOA,CEC2017_F24,5,3906.89155126788,1.8700023749997854
WOA,CEC2017_F24,6,4034.248993709415,1.8608365420000155
WOA,CEC2017_F24,7,3367.4396424428255,1.7648564579999402
WOA,CEC2017_F24,8,3117.5315057998228,1.731305667000015
WOA,CEC2017_F24,9,3913.15554768151,1.8897841670000162
WOA,CEC2017_F24,10,3432.146951228364,1.7488346249997448
WOA,CEC2017_F24,11,4599.624909207047,1.913704042000063
WOA,CEC2017_F24,12,3529.0014193445077,1.8058834579996983
WOA,CEC2017_F24,13,3702.0144383364795,1.8884723340001983
WOA,CEC2017_F24,14,3819.647718446421,1.7924379159999262
WOA,CEC2017_F24,15,3351.38376321896,1.8754112500000701
WOA,CEC2017_F24,16,3456.8410640414995,1.879526833
WOA,CEC2017_F24,17,3639.562063982298,1.7741034579998995
WOA,CEC2017_F24,18,3474.9992095824946,1.7734515830002238
WOA,CEC2017_F24,19,5012.765362085245,1.8732685830000264
WOA,CEC2017_F24,20,3202.9846568850558,1.939239333000387
WOA,CEC2017_F24,21,4230.270158130581,1.787955624999995
WOA,CEC2017_F24,22,4411.243585453194,1.897616250000283
WOA,CEC2017_F24,23,4067.4686602307206,1.8731216249998397
WOA,CEC2017_F24,24,3592.558725569864,1.8397455000003902
WOA,CEC2017_F24,25,3834.691109086495,1.770079375000023
WOA,CEC2017_F24,26,3400.829841402593,1.7805046250000487
WOA,CEC2017_F24,27,3681.047115506091,1.8683877920002487
WOA,CEC2017_F24,28,5032.086840015707,1.8387625000000298
WOA,CEC2017_F24,29,3505.291867103315,1.9634828329999436
GWO,CEC2017_F28,0,99145564.81321141,9.689257957999871
GWO,CEC2017_F28,1,290756.3277805856,9.83809008299977
GWO,CEC2017_F28,2,83401.16989471184,10.045456958000159
GWO,CEC2017_F28,3,190663.46255193162,10.037179500000093
GWO,CEC2017_F28,4,14369769.746941732,9.978011790999972
GWO,CEC2017_F28,5,10874917.194571242,9.896454624999933
GWO,CEC2017_F28,6,56519.344406934215,9.907526624999718
GWO,CEC2017_F28,7,37781334.571367666,10.096991416999572
GWO,CEC2017_F28,8,98574230.60289149,9.890945541999827
GWO,CEC2017_F28,9,90276461.41987972,9.858887083999889
GWO,CEC2017_F28,10,49324255.84696516,9.897176082999977
GWO,CEC2017_F28,11,59078853.258035086,10.095173582999905
GWO,CEC2017_F28,12,55445135.861382894,9.74438149999969
GWO,CEC2017_F28,13,44270427.44175411,10.067064708999624
GWO,CEC2017_F28,14,882667.7214309064,9.959721958000046
GWO,CEC2017_F28,15,150594.90259815866,9.786083333000079
GWO,CEC2017_F28,16,22848402.842501137,9.973436291000326
GWO,CEC2017_F28,17,109915162.01145262,9.866079833000185
GWO,CEC2017_F28,18,17626017.22347805,9.878324916999645
GWO,CEC2017_F28,19,45971088.32175825,10.139415582999845
GWO,CEC2017_F28,20,21954484.22762462,10.102100375000191
GWO,CEC2017_F28,21,16539577.895053366,9.913746416000322
GWO,CEC2017_F28,22,16380165.485575972,10.120376625000063
GWO,CEC2017_F28,23,116598115.43680267,9.750135624999984
GWO,CEC2017_F28,24,12050154.028859517,10.024378874999911
GWO,CEC2017_F28,25,123899.08499868822,10.121567291999781
GWO,CEC2017_F28,26,15813631.947805824,9.942275084000357
GWO,CEC2017_F28,27,26722786.223779965,9.924409582999942
GWO,CEC2017_F28,28,44273087.96813532,10.155232250000154
GWO,CEC2017_F28,29,73239.5718601421,10.116385958000137
HHO,CEC2017_F1,0,3674515821.740855,0.9473790000001827
HHO,CEC2017_F1,1,5378920530.830213,1.1854893749996336
HHO,CEC2017_F1,2,2441601722.412283,0.9389493329999823
HHO,CEC2017_F1,3,5057936224.619589,0.9223531249999724
HHO,CEC2017_F1,4,6891755706.077259,0.8993597919998138
HHO,CEC2017_F1,5,5265122760.481979,0.9476205419996404
HHO,CEC2017_F1,6,3779467223.5334234,0.9601169580000715
HHO,CEC2017_F1,7,4494714350.271716,0.9775474999996732
HHO,CEC2017_F1,8,6301957032.986288,1.0053738750002594
HHO,CEC2017_F1,9,5098591557.057017,1.0408584159999918
HHO,CEC2017_F1,10,5368156761.852619,0.9129812080000193
HHO,CEC2017_F1,11,2027221837.0608516,0.990083333000257
HHO,CEC2017_F1,12,2612344670.9136868,0.9849059159996614
HHO,CEC2017_F1,13,2706401419.654377,0.9238686670000789
HHO,CEC2017_F1,14,4145051637.7043486,0.9900455419997343
HHO,CEC2017_F1,15,3107161279.0499806,0.9719232500001453
HHO,CEC2017_F1,16,6544620274.774499,0.9490923329999532
HHO,CEC2017_F1,17,3015193258.8332057,0.8937921670003561
HHO,CEC2017_F1,18,5387405638.98022,0.9159062499998072
HHO,CEC2017_F1,19,8826222949.724833,0.8469391250000626
HHO,CEC2017_F1,20,4662063856.544484,0.9423846249997041
HHO,CEC2017_F1,21,3718741835.3628297,0.9345724160002646
HHO,CEC2017_F1,22,5760603958.898153,0.9396917079998275
HHO,CEC2017_F1,23,2503407358.138854,0.961912792000021
HHO,CEC2017_F1,24,7815524233.45518,0.9286629159996664
HHO,CEC2017_F1,25,2747106694.8394494,0.9199609590000364
HHO,CEC2017_F1,26,5375868616.865996,0.9799612500000876
HHO,CEC2017_F1,27,5583251692.245521,0.9296076659998107
HHO,CEC2017_F1,28,5275044629.566545,1.0246702499998719
HHO,CEC2017_F1,29,3154230077.854365,1.0185807909997493
HHO,CEC2017_F2,0,33367.9008653987,1.0131342499998937
HHO,CEC2017_F2,1,21801.89043091962,0.9743233330000294
HHO,CEC2017_F2,2,13010.99423008342,1.0122628749995783
HHO,CEC2017_F2,3,24016.770118042197,1.026172041999871
HHO,CEC2017_F2,4,31486.711844614503,1.0229015419999996
HHO,CEC2017_F2,5,38193.3262714196,0.9311101660000531
HHO,CEC2017_F2,6,13863.928701586297,0.9817419169999084
HHO,CEC2017_F2,7,33814.85152545849,1.0476498750003884
HHO,CEC2017_F2,8,33480.73106279855,0.9931515829998716
HHO,CEC2017_F2,9,19927.947208157548,1.0101849170000605
HHO,CEC2017_F2,10,15307.710364824114,1.0193133329999
HHO,CEC2017_F2,11,22196.014996577887,0.957602124999994
HHO,CEC2017_F2,12,32517.582670173037,1.0183022500000334
HHO,CEC2017_F2,13,29415.825974763095,1.1694565000002513
HHO,CEC2017_F2,14,38498.48417111024,1.0335201249999955
HHO,CEC2017_F2,15,32484.82336828435,1.0265391249999993
HHO,CEC2017_F2,16,35468.05842035355,0.9708450419998371
HHO,CEC2017_F2,17,15581.4281510767,1.0577032500000314
HHO,CEC2017_F2,18,34994.803926046094,0.9558605829997759
HHO,CEC2017_F2,19,37829.376566555045,0.9798420830002215
HHO,CEC2017_F2,20,33386.29812014298,1.0552913330002411
HHO,CEC2017_F2,21,21857.153742970684,1.0567757919998257
HHO,CEC2017_F2,22,39311.2893348257,1.0266374170000745
HHO,CEC2017_F2,23,14308.558068164652,1.0093921249999767
HHO,CEC2017_F2,24,26937.88428865307,0.9111067920002824
HHO,CEC2017_F2,25,38705.99566856333,1.0568961670001045
HHO,CEC2017_F2,26,34487.876984601266,1.0311938749996443
HHO,CEC2017_F2,27,19960.370686766124,1.0616154579997783
HHO,CEC2017_F2,28,24345.532978258085,0.9702900419997604
HHO,CEC2017_F2,29,29785.303295557784,0.9976297910002359
HHO,CEC2017_F3,0,1149.1332519175353,1.1520048339998539
HHO,CEC2017_F3,1,1042.359026118886,1.084201000000121
HHO,CEC2017_F3,2,758.9179435428746,1.1490390839999236
HHO,CEC2017_F3,3,1038.3830136239649,1.1389049580002393
HHO,CEC2017_F3,4,1681.6525229322303,1.1772146670000438
HHO,CEC2017_F3,5,1501.442057909874,1.1686720830002741
HHO,CEC2017_F3,6,703.8555036364917,1.2119723339997108
HHO,CEC2017_F3,7,1142.4085811870023,1.0501514170000519
HHO,CEC2017_F3,8,1134.3430030717664,1.118607333
HHO,CEC2017_F3,9,1618.298859949275,1.1841181670001788
HHO,CEC2017_F3,10,1043.3380194252345,1.1262485830002333
HHO,CEC2017_F3,11,970.756435440594,1.1832042080000065
HHO,CEC2017_F3,12,784.0957555571781,1.1614632920000076
HHO,CEC2017_F3,13,1680.9799196193203,1.1075568340002064
HHO,CEC2017_F3,14,725.3495419800953,1.1579263749999882
HHO,CEC2017_F3,15,908.7355268969274,1.217119417000049
HHO,CEC2017_F3,16,1784.2717042377822,1.1075890839997555
HHO,CEC2017_F3,17,802.0602062701056,1.0924724579999747
HHO,CEC2017_F3,18,1445.3780570443548,1.0871942919998219
HHO,CEC2017_F3,19,1292.8051542663097,1.099255666999852
HHO,CEC2017_F3,20,1167.7110539529715,1.1622314999999617
HHO,CEC2017_F3,21,1136.4187664888311,1.1276541249999354
HHO,CEC2017_F3,22,1240.5826724577282,1.176657041999988
HHO,CEC2017_F3,23,1253.8561410806478,1.1843361669998558
HHO,CEC2017_F3,24,1009.5828358276365,1.178962667000178
HHO,CEC2017_F3,25,1139.119333137106,1.165467875000104
HHO,CEC2017_F3,26,1243.2913055636502,1.3044970410001042
HHO,CEC2017_F3,27,1218.7675063932186,1.154637499999808
HHO,CEC2017_F3,28,1077.9772421183447,1.211400374999812
HHO,CEC2017_F3,29,1193.8862465524828,1.2018827080000847
WOA,CEC2017_F16,0,160658.31200636734,7.179123208999954
WOA,CEC2017_F16,1,30635.6959156465,7.104696417000014
WOA,CEC2017_F16,2,1460612.342964451,7.308631249999962
WOA,CEC2017_F16,3,70113.41913759246,7.239892707999843
WOA,CEC2017_F16,4,168120.9535792464,7.2510588330001156
WOA,CEC2017_F16,5,53345.13238055561,7.374807916999998
WOA,CEC2017_F16,6,43744.63806815772,7.201318166000419
WOA,CEC2017_F16,7,31933.986969949558,7.2604038750000655
WOA,CEC2017_F16,8,81187.10424021457,7.357304292000208
WOA,CEC2017_F16,9,85715.35324240035,7.174147666999943
WOA,CEC2017_F16,10,161481791.91686553,7.2093898749999425
WOA,CEC2017_F16,11,47072.38018515317,7.194182458000341
WOA,CEC2017_F16,12,10604690.329478275,7.218879833000301
WOA,CEC2017_F16,13,49913.73274790138,7.294978457999605
WOA,CEC2017_F16,14,76764.81811695048,7.182081083999947
WOA,CEC2017_F16,15,39705.634055942886,7.308020542000122
WOA,CEC2017_F16,16,811282.1108794508,7.3851388339999176
WOA,CEC2017_F16,17,34614.47072497527,7.228252500000053
WOA,CEC2017_F16,18,149519.17940313014,7.162330999999995
WOA,CEC2017_F16,19,114159.68937750334,7.245804708999913
WOA,CEC2017_F16,20,94776.68583911916,7.141837666999891
WOA,CEC2017_F16,21,69285.56780494351,7.275240958000268
WOA,CEC2017_F16,22,91719.8744452163,7.388061457999811
WOA,CEC2017_F16,23,79639.2954549006,7.423005083999669
WOA,CEC2017_F16,24,58359.76661759517,7.249453750000157
WOA,CEC2017_F16,25,15541.559419228819,7.231218166999952
WOA,CEC2017_F16,26,839166.9570761624,7.32616975000019
WOA,CEC2017_F16,27,111394.99404115303,7.221745875000124
WOA,CEC2017_F16,28,206648.2620449068,7.205472874999941
WOA,CEC2017_F16,29,77263.55631852473,7.1877283329999955
WOA,CEC2017_F19,0,11459.70696131032,7.295706458000041
WOA,CEC2017_F19,1,12147.553379510267,7.411617541999931
WOA,CEC2017_F19,2,13136.457651765117,7.139202583000042
WOA,CEC2017_F19,3,11383.150039213902,7.284957333999955
WOA,CEC2017_F19,4,12112.605012406186,7.209560667000005
WOA,CEC2017_F19,5,11526.502703755532,7.2570042910001575
WOA,CEC2017_F19,6,9964.209153323847,7.250278416000128
WOA,CEC2017_F19,7,7365.988999727845,7.204247749999922
WOA,CEC2017_F19,8,11019.165168834163,7.290790666999783
WOA,CEC2017_F19,9,12954.067040983506,7.22501741699989
WOA,CEC2017_F19,10,10208.342593091145,7.541676124999867
WOA,CEC2017_F19,11,12022.003997386008,7.335120499999903
WOA,CEC2017_F19,12,10520.686262427502,7.292848541999774
WOA,CEC2017_F19,13,13785.090043926424,7.206491625000126
WOA,CEC2017_F19,14,17326.630639335468,7.422317666999788
WOA,CEC2017_F19,15,10526.025885178366,7.292641542000183
WOA,CEC2017_F19,16,15945.791899985485,7.291392416000235
WOA,CEC2017_F19,17,7503.2571670533725,7.1966715000003205
WOA,CEC2017_F19,18,7569.975745782937,7.192975708000176
WOA,CEC2017_F19,19,15750.672695623414,7.171764000000167
WOA,CEC2017_F19,20,6014.169363728359,7.40990041699979
WOA,CEC2017_F19,21,7836.556061255139,7.332745416999842
WOA,CEC2017_F19,22,16005.50022497665,7.444900125000004
WOA,CEC2017_F19,23,13903.55198574128,7.365148500000032
WOA,CEC2017_F19,24,9144.770744861245,7.329287958999885
WOA,CEC2017_F19,25,6725.839677379192,7.401513207999869
WOA,CEC2017_F19,26,7908.345306458014,7.304282250000142
WOA,CEC2017_F19,27,12781.491424670261,7.398630207999759
WOA,CEC2017_F19,28,16690.360221629333,7.330730499999845
WOA,CEC2017_F19,29,11651.424925400783,7.3064699169999585
HHO,CEC2017_F4,0,10017.284071421731,1.0422877920000246
HHO,CEC2017_F4,1,8435.986776463424,1.1581361250000555
HHO,CEC2017_F4,2,7706.141409900036,1.06491458399978
HHO,CEC2017_F4,3,9613.061592123584,1.0211812080001437
HHO,CEC2017_F4,4,7907.497910054614,1.0941033750000315
HHO,CEC2017_F4,5,9105.279928788472,1.083178500000031
HHO,CEC2017_F4,6,9842.816447721138,1.1089772499999526
HHO,CEC2017_F4,7,10215.714360147633,1.0857279159999962
HHO,CEC2017_F4,8,9106.72586905242,1.056397584000024
HHO,CEC2017_F4,9,13311.849114207589,1.104714334000164
HHO,CEC2017_F4,10,11001.154448613248,1.1230703330002143
HHO,CEC2017_F4,11,9397.883761771402,1.1208620000002156
HHO,CEC2017_F4,12,10308.414974104631,1.0540714170001593
HHO,CEC2017_F4,13,5617.770133767067,1.050907541000015
HHO,CEC2017_F4,14,5984.461164685615,1.0854421660001208
HHO,CEC2017_F4,15,12119.066862321886,1.1078208750000158
HHO,CEC2017_F4,16,8846.730905029286,1.08046558299975
HHO,CEC2017_F4,17,6943.509416627179,1.023753833000228
HHO,CEC2017_F4,18,7191.489758903171,0.9431801669998094
HHO,CEC2017_F4,19,16837.348579729714,1.0658952499998122
HHO,CEC2017_F4,20,7809.265123222029,0.9255327920000127
HHO,CEC2017_F4,21,12410.284881756485,0.9379102920001969
HHO,CEC2017_F4,22,12650.104566683141,1.0256788330002564
HHO,CEC2017_F4,23,7621.622833064419,0.9535386669999752
HHO,CEC2017_F4,24,7997.064153513903,1.1041558329998225
HHO,CEC2017_F4,25,14421.775159123856,1.137680249999903
HHO,CEC2017_F4,26,11369.311382538312,1.1792324160001044
HHO,CEC2017_F4,27,14442.567180132337,1.0405171249999512
HHO,CEC2017_F4,28,9143.680728639427,1.0757376659998954
HHO,CEC2017_F4,29,13062.048907696128,1.0736299159998453
WOA,CEC2017_F25,0,3923.601710940911,5.6409908750001705
WOA,CEC2017_F25,1,5084.768815757705,5.94448599999987
WOA,CEC2017_F25,2,4272.623191920691,5.850051249999979
WOA,CEC2017_F25,3,3860.7966596462247,5.949169540999719
WOA,CEC2017_F25,4,3610.0650296843196,5.948363915999835
WOA,CEC2017_F25,5,4213.916143405481,5.971423041999969
WOA,CEC2017_F25,6,5832.302940715232,5.871818084000097
WOA,CEC2017_F25,7,3523.6389172339645,5.85881154200024
WOA,CEC2017_F25,8,3828.5991088121236,5.8586948749998555
WOA,CEC2017_F25,9,4222.607097739649,5.84600729199974
WOA,CEC2017_F25,10,3620.588792274365,5.877128291999725
WOA,CEC2017_F25,11,3732.8334108165623,5.909857624999859
WOA,CEC2017_F25,12,3797.047928802716,5.719021333000001
WOA,CEC2017_F25,13,4165.951390047829,5.894056583999827
WOA,CEC2017_F25,14,5163.644999273885,5.926181541999995
WOA,CEC2017_F25,15,3520.9649678506967,6.037910750000265
WOA,CEC2017_F25,16,5455.356901750607,5.982068374999926
WOA,CEC2017_F25,17,8611.885499446242,6.006917958000031
WOA,CEC2017_F25,18,4064.0173565216846,6.061379083000247
WOA,CEC2017_F25,19,3872.8441208876548,5.750871290999839
WOA,CEC2017_F25,20,3883.7104828186966,6.070442499999899
WOA,CEC2017_F25,21,5472.109338079693,5.850591625000106
WOA,CEC2017_F25,22,3774.2135529023644,5.895895666999877
WOA,CEC2017_F25,23,3456.534933056082,5.937507624999853
WOA,CEC2017_F25,24,3953.3210213775933,5.97594508300017
WOA,CEC2017_F25,25,4937.728051919539,5.88646716600033
WOA,CEC2017_F25,26,8205.547922006353,5.941913290999764
WOA,CEC2017_F25,27,3417.045974004798,6.065614207999715
WOA,CEC2017_F25,28,6858.151895325445,5.926500499999747
WOA,CEC2017_F25,29,7581.836350141564,5.828666874999726
WOA,CEC2017_F29,0,604409491.2095891,4.966950042000008
WOA,CEC2017_F29,1,587027693.9438597,4.845583667000028
WOA,CEC2017_F29,2,3671889572.588871,4.895001082999897
WOA,CEC2017_F29,3,16192385.285629809,4.724723792000077
WOA,CEC2017_F29,4,999552339.0983713,4.901183333000063
WOA,CEC2017_F29,5,660446708.6154901,5.031631082999866
WOA,CEC2017_F29,6,3803989166.7717304,5.032387458999892
WOA,CEC2017_F29,7,303560908.4989035,4.924327041999732
WOA,CEC2017_F29,8,1042396754.3753958,5.058019832999889
WOA,CEC2017_F29,9,2984355305.557347,4.8670204169998215
WOA,CEC2017_F29,10,98730122.28511108,4.80985950000013
WOA,CEC2017_F29,11,154715944.5593234,4.936387083000227
WOA,CEC2017_F29,12,538972064.5115669,4.732783375000054
WOA,CEC2017_F29,13,484745147.5305306,4.8544609579998905
WOA,CEC2017_F29,14,795915894.4340578,4.979561999999987
WOA,CEC2017_F29,15,832585060.8874952,5.015506834000007
WOA,CEC2017_F29,16,2508837678.8605337,4.902090041000065
WOA,CEC2017_F29,17,6032242811.869922,4.869553165999605
WOA,CEC2017_F29,18,440114579.11052394,4.886519750000389
WOA,CEC2017_F29,19,1929441426.5090535,4.93976179099991
WOA,CEC2017_F29,20,1591479938.366442,4.939361208999799
WOA,CEC2017_F29,21,1644777040.2612574,4.905262499999935
WOA,CEC2017_F29,22,767690723.3217453,4.98581166699978
WOA,CEC2017_F29,23,425132097.09850717,4.827867415999663
WOA,CEC2017_F29,24,213374281.05175456,4.988679458000206
WOA,CEC2017_F29,25,741770378.4049395,4.909145584000271
WOA,CEC2017_F29,26,495287467.57525486,4.890635541999927
WOA,CEC2017_F29,27,1512937995.8694592,4.902655666000101
WOA,CEC2017_F29,28,68183277.24691951,4.73908208299963
WOA,CEC2017_F29,29,492118073.4897267,4.92941616600001
HHO,CEC2017_F6,0,102617.82397185313,1.3117820839997876
HHO,CEC2017_F6,1,141439.56430242813,1.4569847080001637
HHO,CEC2017_F6,2,357246.60757441586,1.2611952910001492
HHO,CEC2017_F6,3,101700.12576304164,1.2923032079997938
HHO,CEC2017_F6,4,383442.7545217199,1.3687048749998212
HHO,CEC2017_F6,5,325528.7710235689,1.3651334999999563
HHO,CEC2017_F6,6,267209.9305853451,1.3622291670003506
HHO,CEC2017_F6,7,301057.5828885122,1.3525874590000058
HHO,CEC2017_F6,8,373269.5910651772,1.3274380419998124
HHO,CEC2017_F6,9,397002.9667409836,1.3734645829999863
HHO,CEC2017_F6,10,312280.7248026513,1.3550992500004213
HHO,CEC2017_F6,11,124080.4306684892,1.372690917
HHO,CEC2017_F6,12,225061.9428779847,1.4015275000001566
HHO,CEC2017_F6,13,234586.33909972588,1.3159342920002928
HHO,CEC2017_F6,14,228537.17974240513,1.3271664170001714
HHO,CEC2017_F6,15,406868.1228998108,1.3915772499999548
HHO,CEC2017_F6,16,118323.77285872363,1.2735769159999109
HHO,CEC2017_F6,17,212863.1047033201,1.3049175419996573
HHO,CEC2017_F6,18,521069.44442655053,1.3113712499998655
HHO,CEC2017_F6,19,72271.1546010555,1.3139468330000454
HHO,CEC2017_F6,20,318653.8883483473,1.3229590420000932
HHO,CEC2017_F6,21,262589.6831189124,1.352919459000077
HHO,CEC2017_F6,22,265013.8501335204,1.3487981659995967
HHO,CEC2017_F6,23,484748.18714471126,1.3040401660000498
HHO,CEC2017_F6,24,441852.50117910845,1.3664228749998983
HHO,CEC2017_F6,25,159013.06590067458,1.3411870830000225
HHO,CEC2017_F6,26,343550.99540044105,1.335389750000104
HHO,CEC2017_F6,27,344039.0749763324,1.392824333000135
HHO,CEC2017_F6,28,282659.15099357616,1.3806013749999693
HHO,CEC2017_F6,29,218335.3641701038,1.3941445410000597
WOA,CEC2017_F27,0,3380.1969589915784,5.6773995419998755
WOA,CEC2017_F27,1,3917.05505498032,5.699664875000053
WOA,CEC2017_F27,2,3319.8275764431223,5.6321567919999325
WOA,CEC2017_F27,3,3963.1137954500145,5.66316900000038
WOA,CEC2017_F27,4,4025.9959455260614,5.630261833000077
WOA,CEC2017_F27,5,3384.6070083467976,5.555479208000179
WOA,CEC2017_F27,6,3567.997038859882,5.636258790999818
WOA,CEC2017_F27,7,4012.3202457698935,5.6151839590002055
WOA,CEC2017_F27,8,3513.021169061122,5.628955916999985
WOA,CEC2017_F27,9,3640.3186262926406,5.73998870899959
WOA,CEC2017_F27,10,4001.2415880927406,5.64541433300019
WOA,CEC2017_F27,11,3507.6955957487653,5.737469125000189
WOA,CEC2017_F27,12,3467.9136595252457,5.6511515840002176
WOA,CEC2017_F27,13,3307.5164827326494,5.725652541999807
WOA,CEC2017_F27,14,3761.6376911139732,5.58524483400015
WOA,CEC2017_F27,15,3635.4783400305273,5.502910499999871
WOA,CEC2017_F27,16,3679.49456361986,5.6731186249999155
WOA,CEC2017_F27,17,3846.5246552655735,5.683947792000254
WOA,CEC2017_F27,18,3400.053626599739,5.606178541999725
WOA,CEC2017_F27,19,3767.6439309730063,5.676340709000215
WOA,CEC2017_F27,20,4039.56325364828,5.6302030409997315
WOA,CEC2017_F27,21,3606.64094897226,5.552454749999924
WOA,CEC2017_F27,22,4470.943228783704,5.644240790999902
WOA,CEC2017_F27,23,4000.956502806891,5.7203310410000086
WOA,CEC2017_F27,24,4619.031384659942,5.533796000000166
WOA,CEC2017_F27,25,3487.3361308579156,5.482217666999986
WOA,CEC2017_F27,26,4056.6269544099823,5.837785000000167
WOA,CEC2017_F27,27,3685.5727241602317,5.559252458000174
WOA,CEC2017_F27,28,3255.016604839175,5.64330662500015
WOA,CEC2017_F27,29,3987.306726789261,5.844793000000209
HHO,CEC2017_F5,0,500.000432590728,2.3132864580002206
HHO,CEC2017_F5,1,500.00743830224434,2.2598148749998472
HHO,CEC2017_F5,2,500.00519560637656,2.221133375000136
HHO,CEC2017_F5,3,500.00709647918035,2.292057791999923
HHO,CEC2017_F5,4,500.00865251134786,2.3442212089998975
HHO,CEC2017_F5,5,500.0066305714681,2.32334258300034
HHO,CEC2017_F5,6,500.0033919395007,2.353529250000065
HHO,CEC2017_F5,7,500.0046359748457,2.192337832999783
HHO,CEC2017_F5,8,500.00517878922926,2.2766205839998293
HHO,CEC2017_F5,9,500.0045553653889,2.4779584159996375
HHO,CEC2017_F5,10,500.0079547894911,2.3260162080000555
HHO,CEC2017_F5,11,500.0030824928196,2.297414457999821
HHO,CEC2017_F5,12,500.0051510247893,2.34162941600016
HHO,CEC2017_F5,13,500.00154639219375,2.3056648330002645
HHO,CEC2017_F5,14,500.0147420332411,2.329034999999749
HHO,CEC2017_F5,15,500.0031370173682,2.303628708999895
HHO,CEC2017_F5,16,500.0103039651432,2.185675790999994
HHO,CEC2017_F5,17,500.0038620709236,2.2237815409998802
HHO,CEC2017_F5,18,500.0066074573891,2.2968624590002946
HHO,CEC2017_F5,19,500.00468921053607,2.1963300829997934
HHO,CEC2017_F5,20,500.0054982826589,2.307784166000147
HHO,CEC2017_F5,21,500.0022432250235,2.317283832999692
HHO,CEC2017_F5,22,500.00551348862706,2.127184665999721
HHO,CEC2017_F5,23,500.0141281578156,2.252332750000278
HHO,CEC2017_F5,24,500.00537393161284,2.172679000000244
HHO,CEC2017_F5,25,500.0020281186108,2.3353925000001254
HHO,CEC2017_F5,26,500.00858530722047,2.3238991250000254
HHO,CEC2017_F5,27,500.00142031195975,2.3029816250000295
HHO,CEC2017_F5,28,500.0019743530145,2.3576716249999663
HHO,CEC2017_F5,29,500.002915325804,2.3126432080002814
WOA,CEC2017_F26,0,3627.5984560907036,6.200510500000291
WOA,CEC2017_F26,1,3896.859616527676,6.13411883300023
WOA,CEC2017_F26,2,3927.1938443544177,6.199192874999881
WOA,CEC2017_F26,3,3346.1826882630985,6.248277749999943
WOA,CEC2017_F26,4,3776.610062941853,6.255872125000224
WOA,CEC2017_F26,5,4510.160242374179,6.209800208000161
WOA,CEC2017_F26,6,4379.295201559149,6.211413417000131
WOA,CEC2017_F26,7,4337.863906892028,6.2442322500000955
WOA,CEC2017_F26,8,3428.0919187549925,6.090925083000002
WOA,CEC2017_F26,9,3946.845030452918,6.083418791999975
WOA,CEC2017_F26,10,3470.649140447581,6.013038708999829
WOA,CEC2017_F26,11,4385.809803961647,6.101871124999889
WOA,CEC2017_F26,12,4033.9039775422525,6.1651415420001285
WOA,CEC2017_F26,13,3791.1464635322645,5.863958334000017
WOA,CEC2017_F26,14,4658.2974106798465,6.190011374999813
WOA,CEC2017_F26,15,3465.8278247394337,6.177888499999881
WOA,CEC2017_F26,16,3980.742137385356,6.138310250000359
WOA,CEC2017_F26,17,4256.222329968541,6.112534791000144
WOA,CEC2017_F26,18,3725.3331766621504,6.267214542000147
WOA,CEC2017_F26,19,3705.874492087422,6.232571374999679
WOA,CEC2017_F26,20,4110.770349605726,6.1350303330000315
WOA,CEC2017_F26,21,3780.3664616090246,6.157768292000128
WOA,CEC2017_F26,22,3905.589812503786,6.19836958399992
WOA,CEC2017_F26,23,4182.225455692297,6.0414397080003255
WOA,CEC2017_F26,24,3759.67495084234,6.05915237499994
WOA,CEC2017_F26,25,3738.693346461404,6.284570000000258
WOA,CEC2017_F26,26,4114.965443128719,6.209564792000037
WOA,CEC2017_F26,27,3936.6222525200365,6.193826167000225
WOA,CEC2017_F26,28,3632.8722134989903,6.11815362499965
WOA,CEC2017_F26,29,4099.126155709662,6.135639665999861
HHO,CEC2017_F8,0,814.3485089068788,1.4005167499999516
HHO,CEC2017_F8,1,811.0575982521693,1.394781291000072
HHO,CEC2017_F8,2,812.2171357105113,1.3410145420002664
HHO,CEC2017_F8,3,813.5432863326072,1.3836753750001662
HHO,CEC2017_F8,4,815.6404400793537,1.3475513749999664
HHO,CEC2017_F8,5,815.5191788276362,1.3992596250000133
HHO,CEC2017_F8,6,813.0219824459338,1.3703024589999586
HHO,CEC2017_F8,7,816.0934505696806,1.3660626249998131
HHO,CEC2017_F8,8,810.8498783161094,1.4136364999999387
HHO,CEC2017_F8,9,820.5798643673603,1.3923538750000262
HHO,CEC2017_F8,10,814.6619078471273,1.3417619159999958
HHO,CEC2017_F8,11,810.645301524884,1.4626866249996056
HHO,CEC2017_F8,12,829.7961941584794,1.3880389169999034
HHO,CEC2017_F8,13,813.5062099451266,1.4004058750001604
HHO,CEC2017_F8,14,816.2699244277151,1.4123548339998706
HHO,CEC2017_F8,15,813.9755612753371,1.4391087919998427
HHO,CEC2017_F8,16,811.100186398679,1.3176191249999647
HHO,CEC2017_F8,17,817.5433057274852,1.312879540999802
HHO,CEC2017_F8,18,815.3862450657981,1.4077057499998773
HHO,CEC2017_F8,19,812.0761239821848,1.3658872089999932
HHO,CEC2017_F8,20,810.8304713896375,1.3656355419998363
HHO,CEC2017_F8,21,811.0223905368753,1.4099962909999704
HHO,CEC2017_F8,22,809.8229053821336,1.3118298750000577
HHO,CEC2017_F8,23,823.6516221871939,1.4035318750002261
HHO,CEC2017_F8,24,812.2132481353098,1.4286918749999131
HHO,CEC2017_F8,25,808.2770132556377,1.072762541999964
HHO,CEC2017_F8,26,816.2400782033279,1.1745904160002283
HHO,CEC2017_F8,27,809.0897370555573,1.2932747499999095
HHO,CEC2017_F8,28,809.4486561132213,1.403337792000002
HHO,CEC2017_F8,29,817.3411645784615,1.5104055420001714
HHO,CEC2017_F7,0,1149.5012104635812,2.0568748330001654
HHO,CEC2017_F7,1,1223.9547580791561,1.9603727920002711
HHO,CEC2017_F7,2,1242.2955349998435,2.073929084000156
HHO,CEC2017_F7,3,1132.6338237724885,2.0198502919997736
HHO,CEC2017_F7,4,1215.9600025937666,2.0606110000003355
HHO,CEC2017_F7,5,1248.2765651219383,2.098825833999854
HHO,CEC2017_F7,6,1216.8467579332264,2.0640494170002057
HHO,CEC2017_F7,7,1243.5888750196655,2.060412332999931
HHO,CEC2017_F7,8,1138.2454080837633,2.0088052080000125
HHO,CEC2017_F7,9,1161.2738860267282,2.0418170830002964
HHO,CEC2017_F7,10,1245.000456749027,2.040555750000294
HHO,CEC2017_F7,11,1264.1260750319261,1.8052581249999093
HHO,CEC2017_F7,12,1228.513118123346,1.957384125000317
HHO,CEC2017_F7,13,1421.0108649860924,2.011528209000062
HHO,CEC2017_F7,14,1219.4936330976284,2.1179418329998043
HHO,CEC2017_F7,15,1296.518923868032,1.906180791999759
HHO,CEC2017_F7,16,1287.5020167873072,1.993066749999798
HHO,CEC2017_F7,17,1164.7222431647106,2.0767183750003824
HHO,CEC2017_F7,18,1212.504633444985,1.979924833000041
HHO,CEC2017_F7,19,1244.530142285448,2.10354287500013
HHO,CEC2017_F7,20,1220.133300274023,1.9204623749997154
HHO,CEC2017_F7,21,1262.831381582428,1.9333299999998417
HHO,CEC2017_F7,22,1255.5,1.8844391669999823
HHO,CEC2017_F7,23,1177.3615360820434,2.1382199580002634
HHO,CEC2017_F7,24,1303.5172044932044,2.0965783329997976
HHO,CEC2017_F7,25,1297.5511329187707,1.9864137499998833
HHO,CEC2017_F7,26,1328.0068328120913,1.8426381250001214
HHO,CEC2017_F7,27,1379.008103708235,2.0245997079996414
HHO,CEC2017_F7,28,1073.0097091690398,2.0285531249996893
HHO,CEC2017_F7,29,1363.5302120910028,2.0309985420003613
HHO,CEC2017_F10,0,1707872.2613971024,1.5171598750002886
HHO,CEC2017_F10,1,135887.0769543398,1.6266355410002689
HHO,CEC2017_F10,2,189417.32497096254,1.5042267079998055
HHO,CEC2017_F10,3,107788.57961248384,1.6263228749999143
HHO,CEC2017_F10,4,106307.38545831836,1.5924135000000206
HHO,CEC2017_F10,5,408892.7162994395,1.4372803329997623
HHO,CEC2017_F10,6,482734.00804848,1.592122499999732
HHO,CEC2017_F10,7,949164.0206305821,1.6288067079999564
HHO,CEC2017_F10,8,582157.9312331007,1.605465125000137
HHO,CEC2017_F10,9,148755.6252722139,1.5389856249998957
HHO,CEC2017_F10,10,790717.7634371895,1.5149817500000609
HHO,CEC2017_F10,11,112058.99261401978,1.569645667000259
HHO,CEC2017_F10,12,126554.21834079016,1.4891956669998763
HHO,CEC2017_F10,13,120153.62980059016,1.4098773749997235
HHO,CEC2017_F10,14,265063.0852922712,1.561425292000422
HHO,CEC2017_F10,15,614892.3667317737,1.6011511670003529
HHO,CEC2017_F10,16,192185.31981299428,1.535159915999884
HHO,CEC2017_F10,17,192205.57911848358,1.5467772500001047
HHO,CEC2017_F10,18,1720891.2158162938,1.4926112080001985
HHO,CEC2017_F10,19,215580.0987860569,1.4612474159998783
HHO,CEC2017_F10,20,197595.3178185884,1.4841684590001023
HHO,CEC2017_F10,21,309622.1264921037,1.5464750410001216
HHO,CEC2017_F10,22,3253313.518057825,1.541815250000127
HHO,CEC2017_F10,23,1099195.0129953874,1.790051499999663
HHO,CEC2017_F10,24,263483.17542053096,1.634883207999792
HHO,CEC2017_F10,25,600334.8397220322,1.6647419579999223
HHO,CEC2017_F10,26,933495.8419729343,1.4210266249997403
HHO,CEC2017_F10,27,188427.92065718703,1.5554317080000146
HHO,CEC2017_F10,28,573619.3617880748,1.5894623750000392
HHO,CEC2017_F10,29,501572.4974123753,1.5457094999997025
HHO,CEC2017_F9,0,5833.613140184427,1.9535937079999712
HHO,CEC2017_F9,1,6124.223326428221,1.9479825410003286
HHO,CEC2017_F9,2,6053.672390399378,1.9922071250002773
HHO,CEC2017_F9,3,6047.5718217247995,2.0342661250001584
HHO,CEC2017_F9,4,6027.884108523041,1.9841647500002182
HHO,CEC2017_F9,5,5535.906940394791,1.8388216250000369
HHO,CEC2017_F9,6,5944.797515974567,1.9065283749996524
HHO,CEC2017_F9,7,6131.137126544548,1.9308965840000383
HHO,CEC2017_F9,8,6276.934690473432,2.015046208000058
HHO,CEC2017_F9,9,5958.813187197504,1.9468782089998058
HHO,CEC2017_F9,10,6457.769615847251,1.9632387500000732
HHO,CEC2017_F9,11,5822.6241161460275,1.90884350000033
HHO,CEC2017_F9,12,6735.730904920895,1.9431554170000709
HHO,CEC2017_F9,13,5334.686384712805,2.0342693749998944
HHO,CEC2017_F9,14,5868.286292298215,1.8410635000000184
HHO,CEC2017_F9,15,3929.736315368764,1.9910144590003256
HHO,CEC2017_F9,16,6993.137211754461,1.9898713329998827
HHO,CEC2017_F9,17,5751.1346088252185,1.8329674579999846
HHO,CEC2017_F9,18,7056.7118499283015,2.0043832500000462
HHO,CEC2017_F9,19,5784.3266185467755,1.9107027499999276
HHO,CEC2017_F9,20,5756.95216280268,2.0684552079997047
HHO,CEC2017_F9,21,5939.164898461164,1.9955635000001166
HHO,CEC2017_F9,22,5535.871449904222,1.9389628750000156
HHO,CEC2017_F9,23,5190.987425229352,1.8448788329997114
HHO,CEC2017_F9,24,6489.745156215794,1.9553925420000269
HHO,CEC2017_F9,25,6126.428934355912,1.9875809999998637
HHO,CEC2017_F9,26,6072.071892983629,1.932755915999678
HHO,CEC2017_F9,27,5955.179408564759,1.985229458000049
HHO,CEC2017_F9,28,6937.196655377699,2.067453916999966
HHO,CEC2017_F9,29,5397.103103660449,2.0096879170000648
HHO,CEC2017_F12,0,75871779.03441536,1.6939558750000288
HHO,CEC2017_F12,1,110107738.36528872,1.775498166000034
HHO,CEC2017_F12,2,31725690.734575696,1.6354752500001268
HHO,CEC2017_F12,3,98566214.16948791,1.6427770000000237
HHO,CEC2017_F12,4,37527979.66457817,1.7405911249998098
HHO,CEC2017_F12,5,31422779.438917138,1.6960839999997006
HHO,CEC2017_F12,6,67842424.28579876,1.804516749999948
HHO,CEC2017_F12,7,60146747.451056816,1.72704795799973
HHO,CEC2017_F12,8,40051385.68448223,1.7025228750003407
HHO,CEC2017_F12,9,43790644.84822078,1.7792556250001326
HHO,CEC2017_F12,10,68071926.8971262,1.7209964590001618
HHO,CEC2017_F12,11,118562681.76650694,1.6710334579997834
HHO,CEC2017_F12,12,47626518.2490341,1.7138539170000513
HHO,CEC2017_F12,13,191137434.1899625,1.733604041000035
HHO,CEC2017_F12,14,112230550.79901092,1.556595125000058
HHO,CEC2017_F12,15,191044432.15251848,1.6453309999997145
HHO,CEC2017_F12,16,99331209.03385043,1.586996334000105
HHO,CEC2017_F12,17,46844330.63267156,1.5730261250000694
HHO,CEC2017_F12,18,89157029.38116251,1.6879441250002856
HHO,CEC2017_F12,19,61595208.69711476,1.6462975419999566
HHO,CEC2017_F12,20,128985261.244116,1.6762680419997196
HHO,CEC2017_F12,21,14944087.14661699,1.763845666999714
HHO,CEC2017_F12,22,28806553.952289768,1.7036054579998563
HHO,CEC2017_F12,23,48749366.574144445,1.7084573749998526
HHO,CEC2017_F12,24,42349042.62247866,1.6122315000002345
HHO,CEC2017_F12,25,46072959.801663846,1.514400999999907
HHO,CEC2017_F12,26,121899106.52359605,1.6837690000002112
HHO,CEC2017_F12,27,38713883.09638133,1.6852011249998213
HHO,CEC2017_F12,28,225989032.80960885,1.7621836250000342
HHO,CEC2017_F12,29,42327223.48010158,1.6761361250000846
HHO,CEC2017_F11,0,61543642.02198888,2.2141996249997646
HHO,CEC2017_F11,1,157625175.7018619,2.324595208000119
HHO,CEC2017_F11,2,165613578.709112,2.2506098329999986
HHO,CEC2017_F11,3,45814884.042770974,2.2348557499999515
HHO,CEC2017_F11,4,136856818.50261125,2.2294572920000064
HHO,CEC2017_F11,5,47894134.39846499,2.230062457999793
HHO,CEC2017_F11,6,374944457.9033865,2.308557292000387
HHO,CEC2017_F11,7,27124007.909422357,2.095696416999999
HHO,CEC2017_F11,8,85678383.90194972,2.212985290999768
HHO,CEC2017_F11,9,164210376.0251757,2.051035542000136
HHO,CEC2017_F11,10,64673944.362591565,2.195286459000272
HHO,CEC2017_F11,11,79551218.26763117,2.2238162919998103
HHO,CEC2017_F11,12,78345838.59848794,2.250353041999915
HHO,CEC2017_F11,13,67325656.34005359,2.2441790829998354
HHO,CEC2017_F11,14,14362525.267715514,2.1712134999997943
HHO,CEC2017_F11,15,148259578.14218006,2.2112067910002224
HHO,CEC2017_F11,16,217209401.91041818,2.237754750000022
HHO,CEC2017_F11,17,78332547.94188035,2.2709325420000823
HHO,CEC2017_F11,18,95001645.47162016,2.2151546670002062
HHO,CEC2017_F11,19,244197419.0301031,2.128599832999953
HHO,CEC2017_F11,20,147050569.30602527,2.186479249999593
HHO,CEC2017_F11,21,43288635.20606875,2.2776300830000764
HHO,CEC2017_F11,22,235091279.623978,2.2768336250001084
HHO,CEC2017_F11,23,215015894.43705744,2.3710708340004203
HHO,CEC2017_F11,24,174922659.2417541,2.2789592499998435
HHO,CEC2017_F11,25,167960937.1138045,2.2092855840000993
HHO,CEC2017_F11,26,189678664.14427584,2.217486832999839
HHO,CEC2017_F11,27,1017267067.6961561,2.1314377500002593
HHO,CEC2017_F11,28,62237411.765257835,2.192796916000134
HHO,CEC2017_F11,29,279029921.6304339,2.2292841250000492
HHO,CEC2017_F13,0,1805487.667159519,1.8638949999999568
HHO,CEC2017_F13,1,3145959.949106793,1.8647291249999398
HHO,CEC2017_F13,2,2704918.1013022936,1.8994387909997386
HHO,CEC2017_F13,3,204175.2369901511,1.8139777080000385
HHO,CEC2017_F13,4,9268467.948479004,2.0066244580002603
HHO,CEC2017_F13,5,259928.04446709942,2.0167382919999
HHO,CEC2017_F13,6,8505397.553140216,1.9302370420000443
HHO,CEC2017_F13,7,3144879.548803044,2.0214832920000845
HHO,CEC2017_F13,8,1558691.7962332298,1.9419771670000046
HHO,CEC2017_F13,9,5911506.732371564,1.878277541999978
HHO,CEC2017_F13,10,3872559.024247273,1.915573792000032
HHO,CEC2017_F13,11,2096736.6344929931,1.9409571250002955
HHO,CEC2017_F13,12,4294160.468151895,1.9955868339998233
HHO,CEC2017_F13,13,9740784.792603783,1.9452370420003717
HHO,CEC2017_F13,14,1306494.5700015263,1.8437676249996002
HHO,CEC2017_F13,15,3654931.925436331,1.9718564580002749
HHO,CEC2017_F13,16,4332290.224586059,1.885870457999772
HHO,CEC2017_F13,17,1687493.9277215889,1.9604817089998505
HHO,CEC2017_F13,18,127756.16288344216,1.8824945830001525
HHO,CEC2017_F13,19,2684370.0104665607,1.778431332999844
HHO,CEC2017_F13,20,6170979.747608322,1.8444414999999026
HHO,CEC2017_F13,21,486339.064938887,1.8673241660003441
HHO,CEC2017_F13,22,1816634.0262647641,1.8871400829998493
HHO,CEC2017_F13,23,4337652.566120104,2.0659668749999582
HHO,CEC2017_F13,24,3945087.498707682,1.9461122920001799
HHO,CEC2017_F13,25,2679757.073173115,1.9193424169998252
HHO,CEC2017_F13,26,11094339.07816047,1.9046604580003077
HHO,CEC2017_F13,27,1591572.842584586,1.8267981250000958
HHO,CEC2017_F13,28,1141598.904083902,1.9370170000001963
HHO,CEC2017_F13,29,7348215.693546615,1.930485833000148
HHO,CEC2017_F14,0,36357588.62680416,1.6641642499998852
HHO,CEC2017_F14,1,37720399.94541809,1.6572246249997988
HHO,CEC2017_F14,2,33173124.975553565,1.7283531250000124
HHO,CEC2017_F14,3,21963184.670600135,1.6230536250000114
HHO,CEC2017_F14,4,18791831.19675689,1.7448574999998527
HHO,CEC2017_F14,5,55904870.850403875,1.5262707920001048
HHO,CEC2017_F14,6,21530161.329414923,1.7083976669996446
HHO,CEC2017_F14,7,20278961.58666293,1.740486165999755
HHO,CEC2017_F14,8,11649807.55949537,1.7014516670001285
HHO,CEC2017_F14,9,12217821.324615011,1.6782773749996522
HHO,CEC2017_F14,10,17540544.00867865,1.7272767499998736
HHO,CEC2017_F14,11,10688247.001671044,1.741589666999971
HHO,CEC2017_F14,12,21626494.289109908,1.672864582999864
HHO,CEC2017_F14,13,6877939.30434664,1.6407167920001484
HHO,CEC2017_F14,14,28764843.155968413,1.6271602500000881
HHO,CEC2017_F14,15,7704482.393957291,1.6271706659999836
HHO,CEC2017_F14,16,29443155.381788965,1.6455553749997307
HHO,CEC2017_F14,17,7695997.577433789,1.642749499999809
HHO,CEC2017_F14,18,3656419.865404276,1.5875388329995985
HHO,CEC2017_F14,19,7279835.652373927,1.6940845409999383
HHO,CEC2017_F14,20,53798807.76371335,1.7390292499999305
HHO,CEC2017_F14,21,6272075.6221253,1.6180542090000927
HHO,CEC2017_F14,22,9395050.595209645,1.694608541999969
HHO,CEC2017_F14,23,13021982.77836654,1.5964547079997828
HHO,CEC2017_F14,24,23365984.494435005,1.6290275839996866
HHO,CEC2017_F14,25,10293828.930757787,1.7217568330001995
HHO,CEC2017_F14,26,19451928.426809542,1.6732986250003705
HHO,CEC2017_F14,27,10001669.808359744,1.6621951669999362
HHO,CEC2017_F14,28,16096567.047943816,1.7107745830003296
HHO,CEC2017_F14,29,4438313.553341296,1.69839145800006
HHO,CEC2017_F17,0,582942.3890079936,1.9535871250000127
HHO,CEC2017_F17,1,1523254.3064006737,2.0128603749999456
HHO,CEC2017_F17,2,3909564.4213813604,1.993909750000057
HHO,CEC2017_F17,3,2121743.220429791,2.1228826669998853
HHO,CEC2017_F17,4,2834366.9788512886,2.0024408340000264
HHO,CEC2017_F17,5,594877.9708821642,2.0254452919998585
HHO,CEC2017_F17,6,281257.4922100297,1.9059432500002913
HHO,CEC2017_F17,7,684603.3835285256,1.967622417000257
HHO,CEC2017_F17,8,484992.41773352394,2.038667958000133
HHO,CEC2017_F17,9,573019.2587355872,1.9495899169996846
HHO,CEC2017_F17,10,87417.93906012028,2.0476754169999367
HHO,CEC2017_F17,11,464651.7460967941,2.083829458999844
HHO,CEC2017_F17,12,353311.7418189279,1.9877577080001174
HHO,CEC2017_F17,13,2410946.1051113326,2.004159999999956
HHO,CEC2017_F17,14,1237893.925423287,1.9423473340002602
HHO,CEC2017_F17,15,1089779.850513621,1.951246041000104
HHO,CEC2017_F17,16,4941520.808946747,1.9229067500000383
HHO,CEC2017_F17,17,1030587.5730294487,1.9767645830002039
HHO,CEC2017_F17,18,3615829.0663947016,2.1191483330003393
HHO,CEC2017_F17,19,1091782.211850088,1.986586209000052
HHO,CEC2017_F17,20,596686.3230999993,2.0767223750003723
HHO,CEC2017_F17,21,1052549.466603175,2.022463165999852
HHO,CEC2017_F17,22,2410136.7946035024,1.9600607080001282
HHO,CEC2017_F17,23,4555644.042175332,2.0931845000000067
HHO,CEC2017_F17,24,1914804.3006030142,1.9491294580002432
HHO,CEC2017_F17,25,348939.9525195695,1.9686016659998131
HHO,CEC2017_F17,26,1869889.9858777598,1.9215217920000214
HHO,CEC2017_F17,27,114908.60157495337,2.0018730830001914
HHO,CEC2017_F17,28,1509787.9302005512,2.010519832999762
HHO,CEC2017_F17,29,3150327.2977746953,2.066486624999925
WOA,CEC2017_F28,0,507634226.88578767,9.733960583000226
WOA,CEC2017_F28,1,440037750.10476464,9.931440249999923
WOA,CEC2017_F28,2,873388695.249147,9.920161749999806
WOA,CEC2017_F28,3,467486301.12996614,9.8954672079999
WOA,CEC2017_F28,4,787092741.3507489,9.942077832999985
WOA,CEC2017_F28,5,2012303.9058176607,9.623724500000208
WOA,CEC2017_F28,6,671577094.033704,9.830788624999968
WOA,CEC2017_F28,7,1290819909.2066605,9.869838792000337
WOA,CEC2017_F28,8,843190464.6945285,9.609750958999939
WOA,CEC2017_F28,9,2815614424.7216763,9.793200958999932
WOA,CEC2017_F28,10,4880209646.084904,9.84553487500034
WOA,CEC2017_F28,11,1951778630.2995732,9.870960999999625
WOA,CEC2017_F28,12,2132557477.2292812,9.7440471660002
WOA,CEC2017_F28,13,131769504.00350371,9.956727249999858
WOA,CEC2017_F28,14,94300100.97321804,9.762874375000138
WOA,CEC2017_F28,15,76678959.32815886,9.817957833000037
WOA,CEC2017_F28,16,264601365.49044237,9.829509874999985
WOA,CEC2017_F28,17,682204258.5481145,9.77120395899965
WOA,CEC2017_F28,18,479582905.404394,9.905261166999935
WOA,CEC2017_F28,19,78539933.50652932,10.110456459000034
WOA,CEC2017_F28,20,1713902032.5093837,9.67659916699995
WOA,CEC2017_F28,21,751036395.8553765,9.901901457999884
WOA,CEC2017_F28,22,146062942.87613195,10.171698790999926
WOA,CEC2017_F28,23,463819559.89669454,9.5930861249999
WOA,CEC2017_F28,24,6402039.237611304,9.858555667000019
WOA,CEC2017_F28,25,479965151.9959848,9.76416720799989
WOA,CEC2017_F28,26,221608620.75548697,9.75012337499993
WOA,CEC2017_F28,27,1432101898.7416375,9.727267125000253
WOA,CEC2017_F28,28,791016249.8339616,10.009745374999966
WOA,CEC2017_F28,29,1048904253.4520539,9.869952750000266
HHO,CEC2017_F20,0,14316.607444720452,2.4246192079999673
HHO,CEC2017_F20,1,4730.662024509642,2.4360996660002456
HHO,CEC2017_F20,2,7085.121696955018,2.490109165999911
HHO,CEC2017_F20,3,7555.739457380606,2.4609791249999944
HHO,CEC2017_F20,4,5506.359897330553,2.5313429580000957
HHO,CEC2017_F20,5,5028.238649023453,2.5086902920002103
HHO,CEC2017_F20,6,6704.353035295477,2.4698486659999617
HHO,CEC2017_F20,7,8521.36031258322,2.4303159579999374
HHO,CEC2017_F20,8,9534.483894936651,2.4905340410000463
HHO,CEC2017_F20,9,7943.416261409767,2.4671365830004106
HHO,CEC2017_F20,10,3660.48065800341,2.423239707999983
HHO,CEC2017_F20,11,6977.380034866581,2.459738582999762
HHO,CEC2017_F20,12,4361.193431627662,2.581427000000076
HHO,CEC2017_F20,13,3981.8756384421154,2.4490298340001573
HHO,CEC2017_F20,14,4732.196552800277,2.5114044169999943
HHO,CEC2017_F20,15,5618.483677829883,2.4691777499997443
HHO,CEC2017_F20,16,9336.017651292248,2.512533500000245
HHO,CEC2017_F20,17,5303.526005100288,2.427615292000155
HHO,CEC2017_F20,18,7470.197165036817,2.429366625000057
HHO,CEC2017_F20,19,3317.930916207554,2.3856556670002647
HHO,CEC2017_F20,20,4453.941453334792,2.3887894580002467
HHO,CEC2017_F20,21,5010.102162847357,2.518313166000098
HHO,CEC2017_F20,22,5869.252811843079,2.5034776249999595
HHO,CEC2017_F20,23,8599.070636223605,2.5184224169997833
HHO,CEC2017_F20,24,4187.881024514063,2.567115041999841
HHO,CEC2017_F20,25,8081.528025755964,2.488995624999916
HHO,CEC2017_F20,26,9792.576887203297,2.477111500000319
HHO,CEC2017_F20,27,8111.965137212382,2.451779584000178
HHO,CEC2017_F20,28,5467.832650168011,2.5949193329997797
HHO,CEC2017_F20,29,9149.66315625082,2.4646894590000556
HHO,CEC2017_F15,0,2721424.4799474827,3.725124875000347
HHO,CEC2017_F15,1,191950.5822336079,3.8996231249998345
HHO,CEC2017_F15,2,2132764.4512773035,3.89543995799977
HHO,CEC2017_F15,3,4400290.0933127105,3.853844833000039
HHO,CEC2017_F15,4,2642655.3119201013,3.8734688750000714
HHO,CEC2017_F15,5,1126733.3195104052,3.874733125000148
HHO,CEC2017_F15,6,335951.52011414984,3.7832237909997275
HHO,CEC2017_F15,7,95334.34765996397,3.881510832999993
HHO,CEC2017_F15,8,778354.0977238326,3.8292226670000673
HHO,CEC2017_F15,9,51056.79252197843,3.7919290419999925
HHO,CEC2017_F15,10,7538038.401578405,3.8170780830000695
HHO,CEC2017_F15,11,1207725.8401554385,3.8918995829999403
HHO,CEC2017_F15,12,1134630.2408584652,3.8216215000002194
HHO,CEC2017_F15,13,395002.5660531451,3.7233616250000523
HHO,CEC2017_F15,14,1956580.5225717926,3.9196984170002906
HHO,CEC2017_F15,15,2037029.2648607804,3.933571000000029
HHO,CEC2017_F15,16,31364.13227482259,3.873070292000193
HHO,CEC2017_F15,17,1256969.0453218499,3.805267041999741
HHO,CEC2017_F15,18,324992.99324819463,3.9114727920000405
HHO,CEC2017_F15,19,48185.76892166746,3.7093532089998007
HHO,CEC2017_F15,20,40445.3022393313,3.890717083000254
HHO,CEC2017_F15,21,54552.7462493803,3.9024695000002794
HHO,CEC2017_F15,22,1690301.7855255087,3.7666939159998947
HHO,CEC2017_F15,23,106755.23477959892,3.7369076250001854
HHO,CEC2017_F15,24,1432717.4772338541,3.7175277920000553
HHO,CEC2017_F15,25,191913.94399076953,3.9016115829999762
HHO,CEC2017_F15,26,6210938.2739774985,3.6710400000001755
HHO,CEC2017_F15,27,722084.5736402328,3.9578173749996495
HHO,CEC2017_F15,28,715121.2988662346,3.962709082999936
HHO,CEC2017_F15,29,201290.36728065604,3.9410661659999278
HHO,CEC2017_F21,0,4380.523380894718,3.101445917000092
HHO,CEC2017_F21,1,3525.6705790984447,3.112102375000177
HHO,CEC2017_F21,2,3264.586099330105,3.2237830419999227
HHO,CEC2017_F21,3,4468.259982003772,3.1163137079997796
HHO,CEC2017_F21,4,2906.5515418379773,3.2101348340002005
HHO,CEC2017_F21,5,3922.476386902621,3.2116503329998523
HHO,CEC2017_F21,6,3838.67298957411,3.193274416999884
HHO,CEC2017_F21,7,4617.256252353363,3.177341791999879
HHO,CEC2017_F21,8,3488.523395511005,3.204777916999774
HHO,CEC2017_F21,9,4004.800857817824,3.0865797080000448
HHO,CEC2017_F21,10,4795.437639984101,3.308152500000233
HHO,CEC2017_F21,11,3930.834260012038,3.145739875000345
HHO,CEC2017_F21,12,2869.613630851375,3.2639185000002726
HHO,CEC2017_F21,13,3222.61010728348,3.2648800830002074
HHO,CEC2017_F21,14,2891.281977253699,3.153937125000084
HHO,CEC2017_F21,15,2856.556061978922,3.135445249999975
HHO,CEC2017_F21,16,5572.554236617478,3.1070239999999103
HHO,CEC2017_F21,17,3914.300743627392,3.221345958999791
HHO,CEC2017_F21,18,4463.883578256849,3.258891166000012
HHO,CEC2017_F21,19,4546.442428247128,3.2234012080002685
HHO,CEC2017_F21,20,2664.3503357028003,3.1514175409997733
HHO,CEC2017_F21,21,4890.033519346937,3.108681959000023
HHO,CEC2017_F21,22,4170.363318976682,3.3212176249999175
HHO,CEC2017_F21,23,4257.836969910086,3.3627859579996766
HHO,CEC2017_F21,24,3937.095636761076,3.2843276670000705
HHO,CEC2017_F21,25,3503.929809376282,3.2075205000001006
HHO,CEC2017_F21,26,4301.036070459089,3.2388757499998064
HHO,CEC2017_F21,27,2950.194418721475,3.269711040999937
HHO,CEC2017_F21,28,2991.385533621686,3.2524589579998064
HHO,CEC2017_F21,29,3707.479043402967,3.365809166999952
HHO,CEC2017_F22,0,23587.546247402723,3.918123625000135
HHO,CEC2017_F22,1,9365.490401775642,3.610552749999897
HHO,CEC2017_F22,2,9480.479647198481,3.7646400409998932
HHO,CEC2017_F22,3,15593.397253559688,3.6315493749998495
HHO,CEC2017_F22,4,15845.701097344809,3.708459999999832
HHO,CEC2017_F22,5,18391.428301254233,3.8513164590003726
HHO,CEC2017_F22,6,16035.559274949683,3.771319417000086
HHO,CEC2017_F22,7,15275.966355584274,4.03882054099995
HHO,CEC2017_F22,8,13761.5419863999,3.5934425000000374
HHO,CEC2017_F22,9,16456.53915070569,3.7102504160002354
HHO,CEC2017_F22,10,11167.879096239953,3.676567832999808
HHO,CEC2017_F22,11,11229.929757181642,3.7868766659998983
HHO,CEC2017_F22,12,11526.133211661107,3.5993094169998585
HHO,CEC2017_F22,13,14474.689803260535,3.675783749999937
HHO,CEC2017_F22,14,14614.18426534786,3.6090740409999853
HHO,CEC2017_F22,15,12076.209653045282,3.620277041999998
HHO,CEC2017_F22,16,12362.764615908402,3.4949455840001065
HHO,CEC2017_F22,17,9881.720515724966,3.4504335830001764
HHO,CEC2017_F22,18,12767.956948085546,3.6680977500000154
HHO,CEC2017_F22,19,11580.131630819198,3.865743792000103
HHO,CEC2017_F22,20,11952.762724044253,3.7727175420000094
HHO,CEC2017_F22,21,15396.756551014114,3.5392911670001013
HHO,CEC2017_F22,22,19025.485411870708,3.7641605829999207
HHO,CEC2017_F22,23,17923.1610058662,3.7409302500000194
HHO,CEC2017_F22,24,11010.516155649855,3.7388044169997556
HHO,CEC2017_F22,25,13274.199862201885,3.5850292909999553
HHO,CEC2017_F22,26,14950.157423800378,3.8030786250001256
HHO,CEC2017_F22,27,16020.79271338394,3.656910833999973
HHO,CEC2017_F22,28,11256.453865493148,3.749818792000042
HHO,CEC2017_F22,29,14964.146616644515,3.7313268749999224
HHO,CEC2017_F23,0,4526.00898977685,2.913457957999981
HHO,CEC2017_F23,1,7364.385409574547,2.9179120409999086
HHO,CEC2017_F23,2,9455.49592921307,3.115008540999952
HHO,CEC2017_F23,3,13668.887000830162,2.8545320409998567
HHO,CEC2017_F23,4,7938.113705289203,2.8884310420003203
HHO,CEC2017_F23,5,9400.166781059863,2.6595162919998074
HHO,CEC2017_F23,6,5469.056241464807,2.8853947910001807
HHO,CEC2017_F23,7,8224.675976528946,2.769604000000072
HHO,CEC2017_F23,8,10970.707575507799,2.7711453749998327
HHO,CEC2017_F23,9,9120.069787398214,2.9010237090001283
HHO,CEC2017_F23,10,7400.519188460978,2.6978957500000433
HHO,CEC2017_F23,11,7311.604343244493,2.8115252080001483
HHO,CEC2017_F23,12,8178.174012708007,2.7740597080000953
HHO,CEC2017_F23,13,6787.748258740874,2.794246457999634
HHO,CEC2017_F23,14,7204.19488359358,2.750258708000274
HHO,CEC2017_F23,15,7614.908438037071,2.8898947080001562
HHO,CEC2017_F23,16,7285.7287753136125,2.7232897499998217
HHO,CEC2017_F23,17,5309.701012975438,2.895663499999955
HHO,CEC2017_F23,18,8662.544032510012,2.8007688749999033
HHO,CEC2017_F23,19,7638.7540204585885,2.8494413749999694
HHO,CEC2017_F23,20,5551.022713852806,2.8347736669998085
HHO,CEC2017_F23,21,5792.3668528634025,2.8887656249999054
HHO,CEC2017_F23,22,15790.248735798794,2.859138250000342
HHO,CEC2017_F23,23,9316.753859895885,2.889892540999881
HHO,CEC2017_F23,24,8695.294840931623,2.913824042000215
HHO,CEC2017_F23,25,6037.39375939444,2.884708541999771
HHO,CEC2017_F23,26,7644.032324179442,2.8755601249999927
HHO,CEC2017_F23,27,9603.095756213213,2.732384834000186
HHO,CEC2017_F23,28,14658.711337358563,2.8333736659997157
HHO,CEC2017_F23,29,11882.993583447862,2.8268499169998904
HHO,CEC2017_F24,0,3374.446763603788,3.2905169589998877
HHO,CEC2017_F24,1,3216.7750925135597,3.467299333000028
HHO,CEC2017_F24,2,3197.755110751304,3.3595219580001867
HHO,CEC2017_F24,3,3285.1906030757027,3.3612255829998503
HHO,CEC2017_F24,4,3474.8494025398295,3.2751475420000133
HHO,CEC2017_F24,5,3313.972534113199,3.1843220830000973
HHO,CEC2017_F24,6,3414.404126988553,3.3016860829998222
HHO,CEC2017_F24,7,3251.909695420506,3.304313084000114
HHO,CEC2017_F24,8,3392.0651564205004,3.2273392089996378
HHO,CEC2017_F24,9,3579.489406189061,3.2484561250003026
HHO,CEC2017_F24,10,3309.016105623906,3.2322544999997262
HHO,CEC2017_F24,11,3162.508497644766,3.352334624999912
HHO,CEC2017_F24,12,3533.2433152161684,3.200650250000308
HHO,CEC2017_F24,13,3134.2360042547775,3.305330375000267
HHO,CEC2017_F24,14,3391.8890446526307,3.216422916999818
HHO,CEC2017_F24,15,3318.153433583352,3.294631374999881
HHO,CEC2017_F24,16,3215.9111443801958,3.253982041999734
HHO,CEC2017_F24,17,3256.575048838455,3.416621166999903
HHO,CEC2017_F24,18,3282.210221868803,3.2241525829999773
HHO,CEC2017_F24,19,3317.444057435974,3.165887415999805
HHO,CEC2017_F24,20,3526.3751620410094,3.405957208000018
HHO,CEC2017_F24,21,3228.1187316363207,3.3095426669997323
HHO,CEC2017_F24,22,3212.9587112973813,3.225790375000088
HHO,CEC2017_F24,23,3182.8044354952867,3.319784042000265
HHO,CEC2017_F24,24,3385.8913724024933,3.212922250000247
HHO,CEC2017_F24,25,3299.4826989738176,3.2049188749997484
HHO,CEC2017_F24,26,3270.206212070465,3.3420507499999985
HHO,CEC2017_F24,27,3324.3373758295766,3.1387548330003483
HHO,CEC2017_F24,28,3061.1132979702015,3.3009371250000186
HHO,CEC2017_F24,29,3252.6901191456514,3.1779509580001104
HHO,CEC2017_F18,0,2046738582.933837,6.091176124999947
HHO,CEC2017_F18,1,18063669.328528937,5.906637000000046
HHO,CEC2017_F18,2,2833388962.073156,6.165503791999981
HHO,CEC2017_F18,3,648649121.5318437,6.087173916999745
HHO,CEC2017_F18,4,29221238688.946014,5.8129577919999065
HHO,CEC2017_F18,5,25260677988.690544,6.056555958999979
HHO,CEC2017_F18,6,914287458.6592902,6.2086706249997405
HHO,CEC2017_F18,7,26254687.57375855,6.281344375000117
HHO,CEC2017_F18,8,6636832739.8442335,5.952521832999992
HHO,CEC2017_F18,9,15572738927.904291,5.960556083000029
HHO,CEC2017_F18,10,60479519919.71938,6.236108499999773
HHO,CEC2017_F18,11,1990259925.121724,6.2236560409996855
HHO,CEC2017_F18,12,1869172192.07447,6.02961545800008
HHO,CEC2017_F18,13,8623666.40021368,5.904742833
HHO,CEC2017_F18,14,2448955985.5465274,5.933546707999994
HHO,CEC2017_F18,15,493533432.966437,6.131340375000036
HHO,CEC2017_F18,16,1362252643.043709,6.091341375000411
HHO,CEC2017_F18,17,34064947.42865294,6.109753749999982
HHO,CEC2017_F18,18,3413657026.3713036,5.933624332999898
HHO,CEC2017_F18,19,8994607128.823103,5.997791000000234
HHO,CEC2017_F18,20,22805284259.165688,6.151534416999766
HHO,CEC2017_F18,21,53396539818.95053,5.984892749999744
HHO,CEC2017_F18,22,32527601589.253025,6.16875066700004
HHO,CEC2017_F18,23,426832364.0612242,6.1649507910001375
HHO,CEC2017_F18,24,6791170434.408632,6.00134454199997
HHO,CEC2017_F18,25,2178306920.7230687,6.078625165999711
HHO,CEC2017_F18,26,399756453.81674975,6.196544833000189
HHO,CEC2017_F18,27,3659242.4181434573,6.1142105420003645
HHO,CEC2017_F18,28,1221896750.6151164,6.141996999999719
HHO,CEC2017_F18,29,12004281956.181122,6.298587750000024
SSA,CEC2017_F1,0,1082050168.3180618,1.871976999999788
SSA,CEC2017_F1,1,1943680591.7702627,1.8284863339999902
SSA,CEC2017_F1,2,2213842624.771998,1.9894266669998615
SSA,CEC2017_F1,3,312783320.2923517,1.8714414579999357
SSA,CEC2017_F1,4,619655468.6111685,1.7972017499996582
SSA,CEC2017_F1,5,249284842.08215103,1.8225268750002215
SSA,CEC2017_F1,6,514479613.6240066,1.802770917000089
SSA,CEC2017_F1,7,844027136.3129973,1.8776488330004213
SSA,CEC2017_F1,8,1417900535.6572971,1.7419962909998503
SSA,CEC2017_F1,9,1424020643.417744,1.9970105839997814
SSA,CEC2017_F1,10,2340166241.239755,1.8249715000001743
SSA,CEC2017_F1,11,1139573345.9401124,1.8366885000000366
SSA,CEC2017_F1,12,1812119745.769768,1.8031642079999983
SSA,CEC2017_F1,13,194509917.48801327,1.7204327090003062
SSA,CEC2017_F1,14,703717023.0978462,1.7972970840000926
SSA,CEC2017_F1,15,743336973.263829,1.9408797080000113
SSA,CEC2017_F1,16,842754272.9042448,1.79226374999962
SSA,CEC2017_F1,17,1217228565.8044722,1.8067673330001526
SSA,CEC2017_F1,18,338469961.90427613,1.8577358749998893
SSA,CEC2017_F1,19,714155185.2190952,1.8042409590002535
SSA,CEC2017_F1,20,811901858.9888557,1.8854257080001844
SSA,CEC2017_F1,21,303157260.4408988,1.865456666999762
SSA,CEC2017_F1,22,747765118.4414525,1.8388429169999654
SSA,CEC2017_F1,23,1099587454.9687662,1.7469542919998275
SSA,CEC2017_F1,24,795557673.1605093,1.8832405419998395
SSA,CEC2017_F1,25,2328199435.840371,1.9345746250000957
SSA,CEC2017_F1,26,1065856744.4548872,1.9868331249999756
SSA,CEC2017_F1,27,680723646.0899979,1.868870791000063
SSA,CEC2017_F1,28,3868367786.5822783,1.790154750000056
SSA,CEC2017_F1,29,833944940.0653014,1.8147598329996981
SSA,CEC2017_F2,0,40260.15898837201,1.9111365409999053
SSA,CEC2017_F2,1,20163.92713161385,1.915673083999991
SSA,CEC2017_F2,2,34359.39373950443,1.8661822080002821
SSA,CEC2017_F2,3,47877.52600012814,1.8727939999998853
SSA,CEC2017_F2,4,29890.587801937243,1.9402212089999011
SSA,CEC2017_F2,5,63207.208408459985,1.9906968750001397
SSA,CEC2017_F2,6,30224.062023248785,1.8777484170000207
SSA,CEC2017_F2,7,9662.3725834201,1.9854859170000054
SSA,CEC2017_F2,8,36006.53882481011,1.88193929199997
SSA,CEC2017_F2,9,28746.938856708224,1.8533717080003953
SSA,CEC2017_F2,10,98138.56332270362,1.87759187499978
SSA,CEC2017_F2,11,79113.37844821504,2.0058435830001144
SSA,CEC2017_F2,12,22304.30485131652,2.046236707999924
SSA,CEC2017_F2,13,25232.653663549885,1.8480371659998127
SSA,CEC2017_F2,14,8730.655595563467,1.8548423750003167
SSA,CEC2017_F2,15,42646.99662285888,2.001076375000139
SSA,CEC2017_F2,16,40134.24503815763,1.867517874999976
SSA,CEC2017_F2,17,30293.239120398954,1.8595346669999344
SSA,CEC2017_F2,18,46777.11632325999,1.9570984169999974
SSA,CEC2017_F2,19,82465.97166286345,1.873615209000036
SSA,CEC2017_F2,20,119941.87284971628,1.8932058330001382
SSA,CEC2017_F2,21,42601.49836963953,1.9331101669999953
SSA,CEC2017_F2,22,31140.906220516874,1.9388926659999015
SSA,CEC2017_F2,23,29534.000430826774,1.813988333999987
SSA,CEC2017_F2,24,20667.52289889449,1.9446364160003213
SSA,CEC2017_F2,25,79580.55557075994,1.8037968329999785
SSA,CEC2017_F2,26,23857.356293015655,1.9392466250001235
SSA,CEC2017_F2,27,26468.46252430559,1.9479729169997881
SSA,CEC2017_F2,28,21332.648007375432,1.971713416000057
SSA,CEC2017_F2,29,97863.00764439885,1.9111695420001524
SSA,CEC2017_F3,0,903.8777202768073,2.1393830419997357
SSA,CEC2017_F3,1,3401.252793004195,2.0788723329997083
SSA,CEC2017_F3,2,714.8121982417072,2.0063337920000777
SSA,CEC2017_F3,3,1466.9244505654342,2.0890392090000205
SSA,CEC2017_F3,4,9672.170990360564,1.994843082999978
SSA,CEC2017_F3,5,654.1675802233387,2.0997435839999525
SSA,CEC2017_F3,6,586.8344408825881,1.9874402079999527
SSA,CEC2017_F3,7,4385.910900349563,2.0800435419996575
SSA,CEC2017_F3,8,18124.612341755237,2.1141233329999523
SSA,CEC2017_F3,9,12855.761350486384,2.004940125000303
SSA,CEC2017_F3,10,2107.88224381094,2.063986125000156
SSA,CEC2017_F3,11,688.0335061184747,1.9720458340002551
SSA,CEC2017_F3,12,827.2142930569659,1.993575625000176
SSA,CEC2017_F3,13,905.9481843805528,2.0931775419999212
SSA,CEC2017_F3,14,16336.697582395638,2.018343417000324
SSA,CEC2017_F3,15,926.9296133791303,2.09358791700015
SSA,CEC2017_F3,16,1257.188360577939,2.1403809580001507
SSA,CEC2017_F3,17,4106.674720522382,2.074339124999824
SSA,CEC2017_F3,18,879.5428305836833,2.0616005420001784
SSA,CEC2017_F3,19,6480.788356664602,1.9498112500000389
SSA,CEC2017_F3,20,763.4889440916089,2.1011149590003697
SSA,CEC2017_F3,21,1000.9388003576713,2.0453217909998784
SSA,CEC2017_F3,22,811.6738041223739,2.0608057080003164
SSA,CEC2017_F3,23,5169.438572295604,1.8805136670002867
SSA,CEC2017_F3,24,1019.0608335361684,2.0075403329997243
SSA,CEC2017_F3,25,768.7964067301237,2.011455790999662
SSA,CEC2017_F3,26,608.6921722547957,2.0288703330002136
SSA,CEC2017_F3,27,991.5299232974166,1.960617749999983
SSA,CEC2017_F3,28,4801.009475801962,2.259032708000177
SSA,CEC2017_F3,29,626.3962514612999,2.1530177079998793
HHO,CEC2017_F16,0,185087.3427264174,13.077866415999779
HHO,CEC2017_F16,1,18556.246117545466,13.160523915999875
HHO,CEC2017_F16,2,32754.886617872555,13.38146074999986
HHO,CEC2017_F16,3,3452594.8009085893,13.147070708000228
HHO,CEC2017_F16,4,152783.77140688416,13.40582674999996
HHO,CEC2017_F16,5,1904420.1902469548,13.340795084000092
HHO,CEC2017_F16,6,90364.81762599667,13.525815916999818
HHO,CEC2017_F16,7,15298905.212097675,13.339136458000212
HHO,CEC2017_F16,8,57932.491043666625,13.429940458000146
HHO,CEC2017_F16,9,87850.50236799919,13.545274957999936
HHO,CEC2017_F16,10,39576.42148061557,13.386278917000254
HHO,CEC2017_F16,11,1976150.5192454485,13.17860495800005
HHO,CEC2017_F16,12,84639.5790587182,13.311109834000035
HHO,CEC2017_F16,13,109256.41069192406,13.217954833000022
HHO,CEC2017_F16,14,65347.63090840064,13.386834457999612
HHO,CEC2017_F16,15,393825.74218790757,13.262558334000005
HHO,CEC2017_F16,16,276884.8542442031,13.435606792000272
HHO,CEC2017_F16,17,136425.70106076283,13.091123749999952
HHO,CEC2017_F16,18,187066.81072947546,13.31946837500027
HHO,CEC2017_F16,19,69223657.36958188,13.086432082999636
HHO,CEC2017_F16,20,180003.84524151334,13.3238580000002
HHO,CEC2017_F16,21,47608.646551856946,13.434928166999725
HHO,CEC2017_F16,22,79968.75124338025,13.171146958999998
HHO,CEC2017_F16,23,193649.96686993007,13.464305209000031
HHO,CEC2017_F16,24,131423.25319914627,13.481355792000159
HHO,CEC2017_F16,25,11920.484991596857,13.079519625000103
HHO,CEC2017_F16,26,112352.50348190247,13.076256249999915
HHO,CEC2017_F16,27,122125.86798846729,13.584253625000201
HHO,CEC2017_F16,28,95475.61502107776,14.057330749999892
HHO,CEC2017_F16,29,55411.20065077357,13.416671458999645
HHO,CEC2017_F25,0,4593.1393174853365,10.857255790999716
HHO,CEC2017_F25,1,6169.849205618634,10.869732458999806
HHO,CEC2017_F25,2,3904.2602146022778,10.786943791999875
HHO,CEC2017_F25,3,4007.425810129603,10.657553582999753
HHO,CEC2017_F25,4,4258.725981551117,10.817808875000082
HHO,CEC2017_F25,5,4542.548314211606,10.60248191699975
HHO,CEC2017_F25,6,6806.320449125097,10.5179482919998
HHO,CEC2017_F25,7,4055.8553364751942,10.37542729200004
HHO,CEC2017_F25,8,4621.249551843846,10.643135750000056
HHO,CEC2017_F25,9,6181.498712219576,10.61632437499975
HHO,CEC2017_F25,10,4419.198232593579,10.639634541000305
HHO,CEC2017_F25,11,4682.452459372906,10.63073329100007
HHO,CEC2017_F25,12,3600.9727246516413,10.615205624999817
HHO,CEC2017_F25,13,6043.035511153768,10.695333707999907
HHO,CEC2017_F25,14,4003.3077221666817,10.827325624999958
HHO,CEC2017_F25,15,5005.296849964346,10.914788209000108
HHO,CEC2017_F25,16,5064.882889263511,10.66946654200001
HHO,CEC2017_F25,17,4922.472023181592,10.499475875000371
HHO,CEC2017_F25,18,4278.522548037687,10.5357592080004
HHO,CEC2017_F25,19,3716.682108102155,10.654154625000047
HHO,CEC2017_F25,20,5582.583147595884,10.882035749999886
HHO,CEC2017_F25,21,6530.351754179457,10.768578332999823
HHO,CEC2017_F25,22,4215.552871437317,10.62111616700031
HHO,CEC2017_F25,23,4043.369854697041,10.998787791000268
HHO,CEC2017_F25,24,5527.554254307528,11.23515099999986
HHO,CEC2017_F25,25,4190.4487351742755,11.296965499999715
HHO,CEC2017_F25,26,4404.580460143119,10.861421209000127
HHO,CEC2017_F25,27,4264.211989001955,10.463842292000209
HHO,CEC2017_F25,28,5402.936683465134,10.763862291999885
HHO,CEC2017_F25,29,5052.164192484061,10.890248290999807
HHO,CEC2017_F19,0,7210.62578109758,13.397262750000209
HHO,CEC2017_F19,1,11763.726706285175,13.22273233399983
HHO,CEC2017_F19,2,10739.086627185203,13.364487666000059
HHO,CEC2017_F19,3,6788.8794657211,13.496552416999748
HHO,CEC2017_F19,4,9380.364717416332,13.795614499999829
HHO,CEC2017_F19,5,8523.785667303877,13.35790766700029
HHO,CEC2017_F19,6,7359.085970652714,13.556648708000012
HHO,CEC2017_F19,7,5807.311275297185,13.479954458000066
HHO,CEC2017_F19,8,11408.111960110797,13.734492041999601
HHO,CEC2017_F19,9,10483.356654872785,13.20325162500012
HHO,CEC2017_F19,10,8767.122220433477,13.850172417000067
HHO,CEC2017_F19,11,9472.142610630586,13.549358124999799
HHO,CEC2017_F19,12,8840.958245583966,13.273225666000144
HHO,CEC2017_F19,13,9006.51562649887,13.618889458000012
HHO,CEC2017_F19,14,7778.445662091698,12.996895165999831
HHO,CEC2017_F19,15,7760.670966465964,13.29248941700007
HHO,CEC2017_F19,16,8177.303749149931,13.792254874999799
HHO,CEC2017_F19,17,10169.812129472588,13.427958082999794
HHO,CEC2017_F19,18,8431.248267576908,13.2335303750001
HHO,CEC2017_F19,19,12368.055286590989,13.400326290999601
HHO,CEC2017_F19,20,5435.973373443283,13.630031624999901
HHO,CEC2017_F19,21,5714.582883010429,13.11325108400024
HHO,CEC2017_F19,22,6681.229410346584,13.068551458999991
HHO,CEC2017_F19,23,8185.575675577406,13.511251542000082
HHO,CEC2017_F19,24,13517.413669677217,13.343900750000103
HHO,CEC2017_F19,25,10477.254896717546,13.760376458999872
HHO,CEC2017_F19,26,9515.969429705565,13.99102562500002
HHO,CEC2017_F19,27,6249.689362931517,13.539706666999791
HHO,CEC2017_F19,28,9034.166385990466,13.705244374999893
HHO,CEC2017_F19,29,7201.888640948962,13.434186666000187
SSA,CEC2017_F4,0,17802.58176903316,1.9737985840001784
SSA,CEC2017_F4,1,13995.223054839962,1.9937912079999478
SSA,CEC2017_F4,2,26347.142932653802,2.050305582999954
SSA,CEC2017_F4,3,29304.949673861138,1.993884665999758
SSA,CEC2017_F4,4,26940.714732352706,2.0052307920000203
SSA,CEC2017_F4,5,24629.478714107736,1.9915154159998565
SSA,CEC2017_F4,6,23979.610953017145,2.028260666999813
SSA,CEC2017_F4,7,15676.157854753663,1.9646816250001393
SSA,CEC2017_F4,8,21206.608246955893,2.024569333999807
SSA,CEC2017_F4,9,30141.63321899807,1.9621924170000966
SSA,CEC2017_F4,10,25760.990559343067,1.898444083999948
SSA,CEC2017_F4,11,11731.153956890545,1.961228458000278
SSA,CEC2017_F4,12,24498.061869654815,1.9933696670000245
SSA,CEC2017_F4,13,19751.696209786613,1.9621589999997013
SSA,CEC2017_F4,14,27380.574030746084,1.9522151249998387
SSA,CEC2017_F4,15,23160.628268219425,1.8825935830000162
SSA,CEC2017_F4,16,20957.631823410906,1.8979099169996516
SSA,CEC2017_F4,17,14154.932686107588,1.882706207999945
SSA,CEC2017_F4,18,33431.95907051576,1.929976834000172
SSA,CEC2017_F4,19,23869.43416370555,1.9727188749998277
SSA,CEC2017_F4,20,16826.204426786448,1.880421125000339
SSA,CEC2017_F4,21,37212.12425129508,1.8948062079998635
SSA,CEC2017_F4,22,16833.020744037593,1.8825820420001946
SSA,CEC2017_F4,23,20319.733659454807,1.916623042000083
SSA,CEC2017_F4,24,16614.878388450776,1.933346958999664
SSA,CEC2017_F4,25,20839.352059875742,1.9990916249998918
SSA,CEC2017_F4,26,14822.43875794916,1.9152111250000416
SSA,CEC2017_F4,27,25229.403642413527,1.8939214999995784
SSA,CEC2017_F4,28,16959.761743219675,1.910246625000127
SSA,CEC2017_F4,29,28706.21509711549,1.9528265839999221
HHO,CEC2017_F26,0,4430.1588623153075,11.17136170799995
HHO,CEC2017_F26,1,3647.622902978792,11.120271750000029
HHO,CEC2017_F26,2,3474.1155751164843,11.125385166000342
HHO,CEC2017_F26,3,3648.4546283963496,10.807728666999992
HHO,CEC2017_F26,4,3623.296602396314,11.4055807499999
HHO,CEC2017_F26,5,3786.5843718027245,11.103071499999714
HHO,CEC2017_F26,6,3478.9701173388253,11.248364624999795
HHO,CEC2017_F26,7,3715.529987826948,11.020302291999997
HHO,CEC2017_F26,8,3714.3080636040177,10.997794708000129
HHO,CEC2017_F26,9,4683.650600008175,10.838430290999895
HHO,CEC2017_F26,10,3689.130227087167,11.165757000000212
HHO,CEC2017_F26,11,3802.834331334806,11.33816512500016
HHO,CEC2017_F26,12,3953.4680767982964,10.917668958999911
HHO,CEC2017_F26,13,3849.815315583665,11.338417624999693
HHO,CEC2017_F26,14,3817.4115430078436,11.093139125000107
HHO,CEC2017_F26,15,3567.3756238832475,11.103825916999995
HHO,CEC2017_F26,16,3499.9065021167917,11.178516124999987
HHO,CEC2017_F26,17,4183.256845668175,11.041434333000325
HHO,CEC2017_F26,18,4428.325932856258,11.100929665999956
HHO,CEC2017_F26,19,3630.99374776913,10.847127166000064
HHO,CEC2017_F26,20,4086.5775218909826,11.097835458999725
HHO,CEC2017_F26,21,3385.3355072931754,11.077219917000093
HHO,CEC2017_F26,22,4534.876252407987,11.70666054100002
HHO,CEC2017_F26,23,3832.071750895365,11.32989516600037
HHO,CEC2017_F26,24,3784.3279863866965,11.212976333999904
HHO,CEC2017_F26,25,3666.8174769262982,10.876255375000255
HHO,CEC2017_F26,26,3969.52937749852,10.972913584000253
HHO,CEC2017_F26,27,3879.7976637345,10.946330416000364
HHO,CEC2017_F26,28,3609.6330643048623,11.054013583000142
HHO,CEC2017_F26,29,4326.052198137884,11.075475707999885
HHO,CEC2017_F29,0,310852451.87917674,8.60817387499992
HHO,CEC2017_F29,1,1321471060.6481884,8.684663957999874
HHO,CEC2017_F29,2,199755550.4407501,8.721116000000166
HHO,CEC2017_F29,3,48701651.21413613,8.864949290999903
HHO,CEC2017_F29,4,97520337.65379769,9.019773125000029
HHO,CEC2017_F29,5,6623946868.296507,8.96679287500001
HHO,CEC2017_F29,6,2000594369.5724807,8.827231959000073
HHO,CEC2017_F29,7,67965261.67284887,9.035670083999776
HHO,CEC2017_F29,8,178000364.9624672,9.112592332999611
HHO,CEC2017_F29,9,3602667374.809973,8.792083917000127
HHO,CEC2017_F29,10,1022903015.3886743,8.883936875000018
HHO,CEC2017_F29,11,828007586.9063407,8.762082374999864
HHO,CEC2017_F29,12,798674596.4005287,8.531418375000158
HHO,CEC2017_F29,13,373217744.86750185,8.78850387500006
HHO,CEC2017_F29,14,1410109368.8193643,8.856832375000067
HHO,CEC2017_F29,15,759091175.6876564,8.931689874999847
HHO,CEC2017_F29,16,642864157.3594204,8.632447417000094
HHO,CEC2017_F29,17,978226869.9846302,8.997882415999811
HHO,CEC2017_F29,18,603848129.9076313,8.707491249999748
HHO,CEC2017_F29,19,758714620.7569267,9.13512424999999
HHO,CEC2017_F29,20,1110745162.4007535,9.062435000000278
HHO,CEC2017_F29,21,1347516721.82032,9.08760062500005
HHO,CEC2017_F29,22,643839145.7668228,8.76339920800001
HHO,CEC2017_F29,23,8513858909.725257,8.81297533299994
HHO,CEC2017_F29,24,147221044.51242757,8.859636832999968
HHO,CEC2017_F29,25,4479820039.154107,8.648571042000185
HHO,CEC2017_F29,26,5558418948.3114,8.847088290999636
HHO,CEC2017_F29,27,6812616686.405963,8.894675500000176
HHO,CEC2017_F29,28,2536578693.933153,9.057761333000144
HHO,CEC2017_F29,29,685349409.9521863,9.054988458000025
HHO,CEC2017_F27,0,3480.317215782441,10.54304137500003
HHO,CEC2017_F27,1,3861.0030143140707,10.511458208000022
HHO,CEC2017_F27,2,3632.598404598726,10.45263179099993
HHO,CEC2017_F27,3,3489.808293166803,10.482894416999898
HHO,CEC2017_F27,4,3335.2455292599807,10.476678499999707
HHO,CEC2017_F27,5,3356.464604370061,10.294365167000251
HHO,CEC2017_F27,6,3295.036712242315,10.290646416999607
HHO,CEC2017_F27,7,3642.344090637449,10.436288041999887
HHO,CEC2017_F27,8,5890.12507398774,10.27940024999998
HHO,CEC2017_F27,9,3378.661653522155,10.00657212499982
HHO,CEC2017_F27,10,3425.4460383194655,10.342441500000405
HHO,CEC2017_F27,11,3388.66760492549,10.183006042000216
HHO,CEC2017_F27,12,3341.209883978807,10.041946625000037
HHO,CEC2017_F27,13,3317.9010595506697,10.189512084000398
HHO,CEC2017_F27,14,4355.5778221739765,10.061404417000176
HHO,CEC2017_F27,15,3702.9271134276396,10.122404458000346
HHO,CEC2017_F27,16,3763.3678064118785,10.119500292000339
HHO,CEC2017_F27,17,3605.065872454934,10.26910129199996
HHO,CEC2017_F27,18,3373.359261583817,10.543713417000163
HHO,CEC2017_F27,19,3409.7120082830033,10.711852458000067
HHO,CEC2017_F27,20,3565.471776113609,10.410776541999894
HHO,CEC2017_F27,21,3597.284919574249,10.589799374999984
HHO,CEC2017_F27,22,3501.2902696605556,10.206207833999997
HHO,CEC2017_F27,23,3403.53032874475,10.340184374999808
HHO,CEC2017_F27,24,3676.492017213722,10.359180625000135
HHO,CEC2017_F27,25,3690.7241834087527,10.154096082999786
HHO,CEC2017_F27,26,3686.0997578770634,10.101135666999653
HHO,CEC2017_F27,27,3547.8061425911014,10.219845666999845
HHO,CEC2017_F27,28,3314.1803549164433,10.20062066599985
HHO,CEC2017_F27,29,3614.143639685426,10.318483957999888
SSA,CEC2017_F6,0,112381.89289865158,2.187448041999687
SSA,CEC2017_F6,1,130172.03084567704,2.296639457999845
SSA,CEC2017_F6,2,163563.31621252588,2.2341875409997556
SSA,CEC2017_F6,3,44706.29561550737,2.2500461669997094
SSA,CEC2017_F6,4,63324.84715219395,2.2652977090001514
SSA,CEC2017_F6,5,69001.44584222528,2.2198677090000274
SSA,CEC2017_F6,6,40711.59610553558,2.201949708000029
SSA,CEC2017_F6,7,115712.93912097096,2.2286843749998297
SSA,CEC2017_F6,8,111057.55070858706,2.100621124999634
SSA,CEC2017_F6,9,189638.1658558026,2.2220428330001596
SSA,CEC2017_F6,10,134277.9177385045,2.218874541999867
SSA,CEC2017_F6,11,95802.14989168246,2.2849487079997743
SSA,CEC2017_F6,12,105036.43605880938,2.16131545799999
SSA,CEC2017_F6,13,90549.6257327621,2.140284416999748
SSA,CEC2017_F6,14,181671.95642556934,2.2041357079997397
SSA,CEC2017_F6,15,172590.09956886634,2.1921262079999906
SSA,CEC2017_F6,16,101146.11976617729,2.1840844590001325
SSA,CEC2017_F6,17,42184.96681901633,2.2501116249995903
SSA,CEC2017_F6,18,94999.00238222147,2.2272695000001477
SSA,CEC2017_F6,19,60526.06355348473,2.2512369169999147
SSA,CEC2017_F6,20,58059.54595007103,2.191198500000155
SSA,CEC2017_F6,21,100856.16827120342,2.1668407499996647
SSA,CEC2017_F6,22,55252.089912840645,2.152736417000142
SSA,CEC2017_F6,23,77795.68768473233,2.22726587499983
SSA,CEC2017_F6,24,61226.804362538685,2.238451167000221
SSA,CEC2017_F6,25,1813439.0214426243,2.2414142920001723
SSA,CEC2017_F6,26,108289.88815096692,2.215865374999794
SSA,CEC2017_F6,27,42534.08987080877,2.215258250000261
SSA,CEC2017_F6,28,69571.76020670582,2.1737872500002595
SSA,CEC2017_F6,29,65230.89463106839,2.1858787080000184
SSA,CEC2017_F5,0,500.00568231581843,3.1578589589998955
SSA,CEC2017_F5,1,500.0340342901302,3.1845585830001255
SSA,CEC2017_F5,2,500.0036681250257,3.1496860830002333
SSA,CEC2017_F5,3,500.0015331104341,3.229412792000403
SSA,CEC2017_F5,4,500.0007869149327,3.178785125000104
SSA,CEC2017_F5,5,500.00528025758473,3.2060222499999327
SSA,CEC2017_F5,6,500.0009152470241,3.102115749999939
SSA,CEC2017_F5,7,500.0002548073329,3.1088152910001554
SSA,CEC2017_F5,8,500.0013792088568,3.189149875000112
SSA,CEC2017_F5,9,500.00117629272785,3.150638208000146
SSA,CEC2017_F5,10,500.0017393995447,3.060670874999687
SSA,CEC2017_F5,11,500.00368156338607,3.163404249999985
SSA,CEC2017_F5,12,500.00635316279704,3.21449445799999
SSA,CEC2017_F5,13,500.0025433073963,3.1232486250000875
SSA,CEC2017_F5,14,500.0021170212065,3.1753504590001285
SSA,CEC2017_F5,15,500.00165805503065,3.1002826670001014
SSA,CEC2017_F5,16,500.00101150305335,3.092729083999984
SSA,CEC2017_F5,17,500.0012186708462,3.3005087500000627
SSA,CEC2017_F5,18,500.0070288347111,3.1632669999999052
SSA,CEC2017_F5,19,500.0029969376217,3.224802207999801
SSA,CEC2017_F5,20,500.00136580026555,3.1932318340000165
SSA,CEC2017_F5,21,500.00005667914115,3.1343530409999403
SSA,CEC2017_F5,22,500.0008057691146,3.2402496669997163
SSA,CEC2017_F5,23,500.0229858469674,3.0315035409998927
SSA,CEC2017_F5,24,500.00028748850275,3.1923822499998096
SSA,CEC2017_F5,25,500.00405658257637,3.178764416999911
SSA,CEC2017_F5,26,500.0007560075273,3.2069698750001407
SSA,CEC2017_F5,27,500.0022868491094,3.123734040999807
SSA,CEC2017_F5,28,500.0019871700279,3.091767667000113
SSA,CEC2017_F5,29,500.00759365353065,3.0861348750004254
SSA,CEC2017_F8,0,811.9653554612479,2.348244999999679
SSA,CEC2017_F8,1,815.1257896529875,2.2224065829996107
SSA,CEC2017_F8,2,813.7765322016106,2.3867032500002097
SSA,CEC2017_F8,3,814.5894562419218,2.251414042000306
SSA,CEC2017_F8,4,813.0409502178007,2.185828374999801
SSA,CEC2017_F8,5,814.1513998560133,2.281168666999747
SSA,CEC2017_F8,6,810.2259118258257,2.2839852080001037
SSA,CEC2017_F8,7,814.6847699170504,2.4044858750003186
SSA,CEC2017_F8,8,812.8534912762341,2.273972040999979
SSA,CEC2017_F8,9,812.5999617099936,2.2745019170001797
SSA,CEC2017_F8,10,817.4481103267701,2.25000424999962
SSA,CEC2017_F8,11,815.6612697747829,2.3165594999995847
SSA,CEC2017_F8,12,828.6357573414136,2.3154813340001965
SSA,CEC2017_F8,13,812.6917014232095,2.29393008299985
SSA,CEC2017_F8,14,815.472755744123,2.246665082999698
SSA,CEC2017_F8,15,814.9599527553511,2.254900708999685
SSA,CEC2017_F8,16,818.4507080853145,2.2440127499999107
SSA,CEC2017_F8,17,816.5972436631546,2.253695208999943
SSA,CEC2017_F8,18,810.0904879708554,2.3054546250000385
SSA,CEC2017_F8,19,810.1253115045733,2.31959258400002
SSA,CEC2017_F8,20,814.3299152373133,2.2856970830002865
SSA,CEC2017_F8,21,810.226756003487,2.3577390829996148
SSA,CEC2017_F8,22,817.6783524466945,2.283756082999844
SSA,CEC2017_F8,23,813.1333915520511,2.1770510000001195
SSA,CEC2017_F8,24,811.0070652638061,2.2120646249995843
SSA,CEC2017_F8,25,810.8593359784466,2.2919120000001385
SSA,CEC2017_F8,26,817.919590067099,2.2503544589999365
SSA,CEC2017_F8,27,813.8850707302229,2.207377790999999
SSA,CEC2017_F8,28,813.1159510210005,2.2939190840002084
SSA,CEC2017_F8,29,814.6358371202131,2.23472987499963
SSA,CEC2017_F7,0,1349.5110925875028,2.965637207999862
SSA,CEC2017_F7,1,1558.6336161892,2.876071082999715
SSA,CEC2017_F7,2,1559.8485514320355,2.903567749999638
SSA,CEC2017_F7,3,1557.642503075619,2.9832083330002206
SSA,CEC2017_F7,4,1551.9239254560384,2.897575166000024
SSA,CEC2017_F7,5,1559.7673532532324,2.9663855839999087
SSA,CEC2017_F7,6,1468.7395124754612,2.9054210419999436
SSA,CEC2017_F7,7,1552.522312952676,2.880319750000126
SSA,CEC2017_F7,8,1551.9279974640833,2.9325249160001476
SSA,CEC2017_F7,9,1559.1175971852235,2.9614072499998656
SSA,CEC2017_F7,10,1551.3444978018415,2.9638111659996866
SSA,CEC2017_F7,11,1559.2601379412,2.904396665999684
SSA,CEC2017_F7,12,1559.8629875167408,2.9254842919999646
SSA,CEC2017_F7,13,1558.1184837325852,2.977612209000199
SSA,CEC2017_F7,14,1500.5183415490656,2.99691304199996
SSA,CEC2017_F7,15,1555.4310327185904,2.9831810830000904
SSA,CEC2017_F7,16,1559.4942267603958,2.9755654580003466
SSA,CEC2017_F7,17,1549.4430901567482,2.9682861249998496
SSA,CEC2017_F7,18,1551.6802179776441,2.9137330000003203
SSA,CEC2017_F7,19,1558.2671518022944,2.9199406669999917
SSA,CEC2017_F7,20,1556.2846703842943,2.9304612089999864
SSA,CEC2017_F7,21,1418.4990356754552,2.9753367080002135
SSA,CEC2017_F7,22,1552.561954188068,2.879447791000075
SSA,CEC2017_F7,23,1559.8990285540597,2.8630852910000613
SSA,CEC2017_F7,24,1442.8365042260057,2.9240368750001835
SSA,CEC2017_F7,25,1558.7604106828385,2.982650792000186
SSA,CEC2017_F7,26,1556.0459956533005,2.9947391249997963
SSA,CEC2017_F7,27,1555.497185299665,2.947245415999987
SSA,CEC2017_F7,28,1552.054168905467,2.935823999999684
SSA,CEC2017_F7,29,1557.5830814485473,2.8899491669999406
SSA,CEC2017_F10,0,1353834.2561263302,2.426684000000023
SSA,CEC2017_F10,1,3165226.3679993674,2.456356125000184
SSA,CEC2017_F10,2,110186.51118624816,2.4490955000001122
SSA,CEC2017_F10,3,177631.02784974378,2.4105877500001043
SSA,CEC2017_F10,4,117072.88328396749,2.4506366669997988
SSA,CEC2017_F10,5,116949.17387230677,2.4454096249996837
SSA,CEC2017_F10,6,116936.79310960407,2.3472743750003247
SSA,CEC2017_F10,7,191948.1404717436,2.402982874999907
SSA,CEC2017_F10,8,172495.86422611144,2.403143084000021
SSA,CEC2017_F10,9,424693133.73758954,2.506266291999964
SSA,CEC2017_F10,10,187957.87380995823,2.3232394999999997
SSA,CEC2017_F10,11,970393.8069676809,2.4767661249998127
SSA,CEC2017_F10,12,113549.33592876834,2.4238554999997177
SSA,CEC2017_F10,13,417613820.1630277,2.398484667000048
SSA,CEC2017_F10,14,141012.36211283016,2.4203190419998464
SSA,CEC2017_F10,15,60152.54165718837,2.3641897919997064
SSA,CEC2017_F10,16,90302.84323861284,2.4436920420002934
SSA,CEC2017_F10,17,245531.06384812878,2.291842583000289
SSA,CEC2017_F10,18,139323.3823312713,2.4625127079998492
SSA,CEC2017_F10,19,191482.5932687144,2.3125752920000195
SSA,CEC2017_F10,20,89797.29328995122,2.381203750000168
SSA,CEC2017_F10,21,420782656.63697815,2.4574005829999805
SSA,CEC2017_F10,22,75021.97958766099,2.4087561249998544
SSA,CEC2017_F10,23,54298.59454529857,2.3894569999997657
SSA,CEC2017_F10,24,165457.94437044673,2.4426648749995366
SSA,CEC2017_F10,25,118054.90948079503,2.452379624999594
SSA,CEC2017_F10,26,12593944.507157011,2.4263925000004747
SSA,CEC2017_F10,27,85714.57834043914,2.453690749999623
SSA,CEC2017_F10,28,14630157.1455723,2.426197458000388
SSA,CEC2017_F10,29,33548412.42129796,2.421518167000613
SSA,CEC2017_F9,0,9191.047695228022,2.8891476670000884
SSA,CEC2017_F9,1,7888.707941291696,2.9283612500003073
SSA,CEC2017_F9,2,6348.029220210666,3.012355000000298
SSA,CEC2017_F9,3,6182.682024617638,2.9303758340001878
SSA,CEC2017_F9,4,7490.809088016993,2.9697198339999886
SSA,CEC2017_F9,5,7573.508350939758,2.9472035000003416
SSA,CEC2017_F9,6,5400.471022737857,2.841609625000274
SSA,CEC2017_F9,7,8350.500059794249,2.8650788750001084
SSA,CEC2017_F9,8,7797.871526409323,2.821462709000116
SSA,CEC2017_F9,9,6769.947600410388,2.935538040999745
SSA,CEC2017_F9,10,5841.317059930988,2.9630558329999985
SSA,CEC2017_F9,11,6350.14015178545,2.8585944169999493
SSA,CEC2017_F9,12,3512.0586540039985,2.7016892909996386
SSA,CEC2017_F9,13,4721.46362109272,2.8432171250001375
SSA,CEC2017_F9,14,5375.190145254219,2.766813916999581
SSA,CEC2017_F9,15,5661.805082457662,2.8133622919999652
SSA,CEC2017_F9,16,8133.900557361625,2.790625624999848
SSA,CEC2017_F9,17,7375.938404744638,2.8327602089998436
SSA,CEC2017_F9,18,7629.311863813671,2.7723581669997657
SSA,CEC2017_F9,19,4669.860303581636,2.858509457999844
SSA,CEC2017_F9,20,9192.441324747178,2.855180540999754
SSA,CEC2017_F9,21,7038.5279599000305,2.828017125000315
SSA,CEC2017_F9,22,8427.997484235912,2.86191587500025
SSA,CEC2017_F9,23,7953.318836203218,2.789280458000576
SSA,CEC2017_F9,24,7164.97458762083,2.6796601249998275
SSA,CEC2017_F9,25,7179.857928464202,2.7968289589998676
SSA,CEC2017_F9,26,6670.823159825183,2.814494915999603
SSA,CEC2017_F9,27,4781.165429826346,2.9137402080004904
SSA,CEC2017_F9,28,8644.064043326805,2.7863424999995914
SSA,CEC2017_F9,29,4325.961512208387,2.804479917000208
SSA,CEC2017_F12,0,6799052.698216278,2.6148742090003907
SSA,CEC2017_F12,1,791417.4375669541,2.5052325000001474
SSA,CEC2017_F12,2,1918883.072224523,2.6214105000003656
SSA,CEC2017_F12,3,156452051.4311833,2.536020874999849
SSA,CEC2017_F12,4,440534.7207844959,2.5059968750001644
SSA,CEC2017_F12,5,21917745.13315104,2.4862309170002845
SSA,CEC2017_F12,6,7368158.429632906,2.5449307909998424
SSA,CEC2017_F12,7,7266994.796199582,2.458833124999728
SSA,CEC2017_F12,8,1530147886.6246605,2.4606009999997696
SSA,CEC2017_F12,9,2369190.7744115666,2.511876958999892
SSA,CEC2017_F12,10,1077290.7047525148,2.4788076659997387
SSA,CEC2017_F12,11,1282213.4779681072,2.5474993330008147
SSA,CEC2017_F12,12,1504120.5622193345,2.5428027500001917
SSA,CEC2017_F12,13,607660.0555102972,2.562421166000604
SSA,CEC2017_F12,14,9124862641.162867,2.5485346249997747
SSA,CEC2017_F12,15,5599512.421091384,2.5484746669999367
SSA,CEC2017_F12,16,1891522.2497635372,2.479688333000013
SSA,CEC2017_F12,17,7969142.45689831,2.506400332999874
SSA,CEC2017_F12,18,1413690.6797934663,2.591085041999577
SSA,CEC2017_F12,19,608079.566156395,2.4736147919993527
SSA,CEC2017_F12,20,1943203.434586439,2.5216580830001476
SSA,CEC2017_F12,21,917277.8965038549,2.4866519170000174
SSA,CEC2017_F12,22,733422.9227283546,2.4654116250003426
SSA,CEC2017_F12,23,903088.8500790441,2.4488291669995306
SSA,CEC2017_F12,24,2442110.902116925,2.514955167000153
SSA,CEC2017_F12,25,192334.07151798686,2.5827015830000164
SSA,CEC2017_F12,26,1596125.22047374,2.4968928750004125
SSA,CEC2017_F12,27,67914911.17359914,2.4628157499992085
SSA,CEC2017_F12,28,549158.3073636254,2.588796499999262
SSA,CEC2017_F12,29,76180706.09448054,2.5711637089998476
SSA,CEC2017_F14,0,4861214565.0917425,2.572860917000071
SSA,CEC2017_F14,1,3430300787.9556446,2.5672934590002114
SSA,CEC2017_F14,2,407625.57069966715,2.6527384579999307
SSA,CEC2017_F14,3,826199.562139603,2.526235667000037
SSA,CEC2017_F14,4,1411702.9264811464,2.471620457999961
SSA,CEC2017_F14,5,155178.4271664807,2.5489322499997797
SSA,CEC2017_F14,6,428841.6042443086,2.5260224169996945
SSA,CEC2017_F14,7,9185739.674519645,2.5383110830002806
SSA,CEC2017_F14,8,79976.17182169274,2.57161216699933
SSA,CEC2017_F14,9,20636726.937376052,2.5035792499993477
SSA,CEC2017_F14,10,131088616.0571529,2.544100250000156
SSA,CEC2017_F14,11,109958.22078779395,2.5304878329998246
SSA,CEC2017_F14,12,4294456398.283631,2.556843458000003
SSA,CEC2017_F14,13,5632230740.867406,2.4966829590002817
SSA,CEC2017_F14,14,279973130.5866239,2.452994082999794
SSA,CEC2017_F14,15,895481630.0347956,2.6321786660000726
SSA,CEC2017_F14,16,2237909.546319906,2.5074932500001523
SSA,CEC2017_F14,17,1649285.3040379593,2.5522189580005943
SSA,CEC2017_F14,18,254501.84576428082,2.6077053749995684
SSA,CEC2017_F14,19,68564.81137519391,2.6320946249998087
SSA,CEC2017_F14,20,3634798299.1014447,2.5352453750001587
SSA,CEC2017_F14,21,1571608.128557224,2.5220564999999624
SSA,CEC2017_F14,22,176206.98344721203,2.52896574999977
SSA,CEC2017_F14,23,420944.1392869869,2.5982216669999616
SSA,CEC2017_F14,24,127310.92879603135,2.5227576670004055
SSA,CEC2017_F14,25,126238.48724939699,2.558909207999932
SSA,CEC2017_F14,26,518334.01634230604,2.6445615840002574
SSA,CEC2017_F14,27,64938707.5360441,2.5554110829998535
SSA,CEC2017_F14,28,722963.8505035568,2.546281333000479
SSA,CEC2017_F14,29,101205.15316997515,2.5347741659998064
SSA,CEC2017_F11,0,8750133263.738592,3.1331461669997225
SSA,CEC2017_F11,1,143395738.76093426,3.1842618340001536
SSA,CEC2017_F11,2,9193100943.032877,3.120449500000177
SSA,CEC2017_F11,3,6765242120.942146,3.209310166999785
SSA,CEC2017_F11,4,51360702.23331214,3.1557555420004064
SSA,CEC2017_F11,5,9417057.193516329,3.120694999999614
SSA,CEC2017_F11,6,404567454.92903376,3.106290125000214
SSA,CEC2017_F11,7,506061184.7817664,3.13543350000009
SSA,CEC2017_F11,8,3931693165.915959,3.155245124999965
SSA,CEC2017_F11,9,134383822.8141219,3.1528323329998784
SSA,CEC2017_F11,10,154247287.62413427,3.1002546249997067
SSA,CEC2017_F11,11,281669343.2444365,3.022816749999947
SSA,CEC2017_F11,12,88984253.43926498,3.0625997500001176
SSA,CEC2017_F11,13,5583100.58464353,3.157674875000339
SSA,CEC2017_F11,14,1214294740.5782657,3.1066961249998712
SSA,CEC2017_F11,15,22089659.325971596,3.0169962499994654
SSA,CEC2017_F11,16,38635847.97412195,3.0751457079995816
SSA,CEC2017_F11,17,2275178684.4731016,3.038625707999927
SSA,CEC2017_F11,18,6930793554.975483,3.0963232080002854
SSA,CEC2017_F11,19,150180388.6546192,3.1303225419997034
SSA,CEC2017_F11,20,74121796.69368973,3.1498539169997457
SSA,CEC2017_F11,21,7348117.01797842,3.213622834000489
SSA,CEC2017_F11,22,252903580.00411302,3.1738143329994273
SSA,CEC2017_F11,23,7364397.416301366,3.014746957999705
SSA,CEC2017_F11,24,2177772000.139463,3.069148249999671
SSA,CEC2017_F11,25,353162273.97933334,3.146210416000031
SSA,CEC2017_F11,26,9387380307.66851,3.0462375410006644
SSA,CEC2017_F11,27,3705299619.951746,3.134341167000457
SSA,CEC2017_F11,28,606686583.6597855,3.189950166000017
SSA,CEC2017_F11,29,858541837.0875078,3.1286433340001167
SSA,CEC2017_F13,0,1013700.3900295534,2.8086052499998004
SSA,CEC2017_F13,1,1090514.4973757123,2.8154857499998798
SSA,CEC2017_F13,2,291802.74852315825,2.7775767919997634
SSA,CEC2017_F13,3,2528226.0064993096,2.7870077920001677
SSA,CEC2017_F13,4,269896.4200684981,2.7174534999999196
SSA,CEC2017_F13,5,6885829.5165934125,2.815403250000145
SSA,CEC2017_F13,6,1468683.1814667021,2.816037249999681
SSA,CEC2017_F13,7,10616650.961101212,2.733492374999969
SSA,CEC2017_F13,8,2001319.508943439,2.8944131249995735
SSA,CEC2017_F13,9,4035475.111278061,2.776485624999623
SSA,CEC2017_F13,10,8421115.76909776,2.7964729579998675
SSA,CEC2017_F13,11,8055240.036511475,2.7516548329995203
SSA,CEC2017_F13,12,3958512.89365703,2.7918301660001816
SSA,CEC2017_F13,13,1083423.6335739472,2.8244694579998395
SSA,CEC2017_F13,14,23586150.165082574,2.9094403330000205
SSA,CEC2017_F13,15,13015127.918646652,2.853977042000224
SSA,CEC2017_F13,16,2901270.8747798493,2.717022791999625
SSA,CEC2017_F13,17,765271.6643179781,2.841461124999114
SSA,CEC2017_F13,18,18672234.32937285,2.7462435420002294
SSA,CEC2017_F13,19,4221164.917220716,2.815657000000101
SSA,CEC2017_F13,20,5891594.989002944,2.826569875000132
SSA,CEC2017_F13,21,6165518.44266883,2.753165875000377
SSA,CEC2017_F13,22,9295538.896742385,2.775593874999686
SSA,CEC2017_F13,23,2645317.360792815,2.867516875000547
SSA,CEC2017_F13,24,62416577.57280847,2.697137749999456
SSA,CEC2017_F13,25,4697739.0958163785,2.68910916599998
SSA,CEC2017_F13,26,3862931.3745347704,2.8399057499991613
SSA,CEC2017_F13,27,698959.6880608955,2.822185291999631
SSA,CEC2017_F13,28,4584139.803424256,2.726109500000348
SSA,CEC2017_F13,29,5960868.885622754,2.918095125000036
SSA,CEC2017_F17,0,357487.43617422105,2.87882908300071
SSA,CEC2017_F17,1,663286.5959923207,2.8981370829997104
SSA,CEC2017_F17,2,13241313.96963561,2.8203079579998303
SSA,CEC2017_F17,3,132784.88455291145,2.786752584000169
SSA,CEC2017_F17,4,276354.78280792705,2.8715958749999118
SSA,CEC2017_F17,5,269474.18698377773,2.822756916000799
SSA,CEC2017_F17,6,120447.90885577872,2.8622329589998117
SSA,CEC2017_F17,7,35783849.71726571,2.865242416000001
SSA,CEC2017_F17,8,551405.467004324,2.7285634589998153
SSA,CEC2017_F17,9,6006146.2374934815,2.7969664580004974
SSA,CEC2017_F17,10,3151357.1099589835,2.8327736670007653
SSA,CEC2017_F17,11,220386802.54879838,2.7667630420000933
SSA,CEC2017_F17,12,8981746.61181072,2.8881408340002963
SSA,CEC2017_F17,13,116855.37816451733,2.814118082999812
SSA,CEC2017_F17,14,1828164.0435847805,2.8177234999993743
SSA,CEC2017_F17,15,116425.26367635923,2.8271552500000325
SSA,CEC2017_F17,16,1494377.0987422112,2.794238624999707
SSA,CEC2017_F17,17,186025.87798456533,2.820237541000097
SSA,CEC2017_F17,18,10206470.549918445,2.82563029099947
SSA,CEC2017_F17,19,2300156.551769847,2.898667540999668
SSA,CEC2017_F17,20,1231013.888352184,2.9081217919992923
SSA,CEC2017_F17,21,164345.2160750399,2.8135930829994322
SSA,CEC2017_F17,22,2071242.7189218733,2.8636152090002724
SSA,CEC2017_F17,23,985675.3737144335,2.878939000000173
SSA,CEC2017_F17,24,660478.9248895416,2.7306985830000485
SSA,CEC2017_F17,25,3493841.728644706,2.9720662909994644
SSA,CEC2017_F17,26,86766789.61173123,2.8827081669996915
SSA,CEC2017_F17,27,182108.11424320895,2.803207625000141
SSA,CEC2017_F17,28,4625720.000965267,2.9049257919996307
SSA,CEC2017_F17,29,3551476.6490319027,2.841397207999762
SSA,CEC2017_F15,0,850638.7480528401,4.726511708000544
SSA,CEC2017_F15,1,116267.47550050938,4.76646399999936
SSA,CEC2017_F15,2,23418.70487430424,4.783929750000425
SSA,CEC2017_F15,3,2763153.79702264,4.7824829999999565
SSA,CEC2017_F15,4,2672743.7367622126,4.880870166999557
SSA,CEC2017_F15,5,2204993.576775047,4.830533917000139
SSA,CEC2017_F15,6,101207669.42661893,4.724944458000209
SSA,CEC2017_F15,7,71622.9254107299,4.753454917000454
SSA,CEC2017_F15,8,12649.233018572571,4.80035133399997
SSA,CEC2017_F15,9,1543144.203180483,4.7734882499999
SSA,CEC2017_F15,10,1302303.1212482697,4.7792544170006295
SSA,CEC2017_F15,11,119855.66568141952,4.787837791000129
SSA,CEC2017_F15,12,1737485.0652529232,4.774611208000351
SSA,CEC2017_F15,13,619258.1232784089,4.860850749999372
SSA,CEC2017_F15,14,1381645.402065589,4.649476083999616
SSA,CEC2017_F15,15,383739.5618801094,4.846588041999894
SSA,CEC2017_F15,16,361663.723981709,4.788456584000414
SSA,CEC2017_F15,17,6879.977538657688,4.661204540999279
SSA,CEC2017_F15,18,98819.92272818394,4.846925374999955
SSA,CEC2017_F15,19,77158.0567570473,4.7630192080005145
SSA,CEC2017_F15,20,75168.61490802174,4.767332667000119
SSA,CEC2017_F15,21,9660.655527184837,4.773071375000654
SSA,CEC2017_F15,22,556152.6873148296,4.796212458000809
SSA,CEC2017_F15,23,17782.951547759294,4.767700458000036
SSA,CEC2017_F15,24,2137694.094146498,4.818843041999571
SSA,CEC2017_F15,25,259274.92667866178,4.7757913750001535
SSA,CEC2017_F15,26,166059.67810675295,4.8681489169994165
SSA,CEC2017_F15,27,167725.60255216237,4.9062341669996385
SSA,CEC2017_F15,28,64450.99541185997,4.692738624999947
SSA,CEC2017_F15,29,31582.150633085243,4.74695016700025
SSA,CEC2017_F20,0,43373.61834466878,3.4609774579994337
SSA,CEC2017_F20,1,34707.79433604752,3.2763124579996656
SSA,CEC2017_F20,2,20063.362120780555,3.2996461669999917
SSA,CEC2017_F20,3,13624.726010709173,3.378962208000303
SSA,CEC2017_F20,4,17240.300260996337,3.399353875000088
SSA,CEC2017_F20,5,16821.540519384132,3.2013057499998467
SSA,CEC2017_F20,6,50170.23079295253,3.3076061669999035
SSA,CEC2017_F20,7,23435.186894563434,3.400052917000721
SSA,CEC2017_F20,8,17397.5472207423,3.3372167090001312
SSA,CEC2017_F20,9,46324.663077238336,3.381401958000424
SSA,CEC2017_F20,10,7675.2004787829555,3.2420350000002145
SSA,CEC2017_F20,11,15420.52297557892,3.4581799170000522
SSA,CEC2017_F20,12,22542.146979354544,3.3638883749999877
SSA,CEC2017_F20,13,26719.066859978255,3.346670083999925
SSA,CEC2017_F20,14,26367.724069612526,3.4116574160007076
SSA,CEC2017_F20,15,9335.508274223179,3.4635128750005606
SSA,CEC2017_F20,16,20462.273647339254,3.4137245829997482
SSA,CEC2017_F20,17,26302.901703993703,3.37977037499968
SSA,CEC2017_F20,18,38863.309964808635,3.3406430420000106
SSA,CEC2017_F20,19,25552.89296753377,3.542207583000163
SSA,CEC2017_F20,20,22332.475164191044,3.42208862499956
SSA,CEC2017_F20,21,33276.57737052524,3.3855301660005352
SSA,CEC2017_F20,22,15191.53849164762,3.3916150000004563
SSA,CEC2017_F20,23,20082.672605598542,3.4363409170000523
SSA,CEC2017_F20,24,38625.782293422635,3.2380421249999927
SSA,CEC2017_F20,25,25575.80336988222,3.3149057090004135
SSA,CEC2017_F20,26,3587.15512600451,3.3793252080004095
SSA,CEC2017_F20,27,15084.152869542218,3.3563168340006087
SSA,CEC2017_F20,28,3998.41082098591,3.2516272499997285
SSA,CEC2017_F20,29,34747.438249657345,3.3179799999998068
SSA,CEC2017_F21,0,4395.693757278911,3.9751826249994338
SSA,CEC2017_F21,1,3484.4728632611937,4.125210375000279
SSA,CEC2017_F21,2,2702.647659524323,4.047976582999581
SSA,CEC2017_F21,3,3606.492347304201,4.013763375000053
SSA,CEC2017_F21,4,3830.4275820033854,4.1095248330002505
SSA,CEC2017_F21,5,4858.472605819783,4.066627625000365
SSA,CEC2017_F21,6,3752.8089162556435,4.1416925829998945
SSA,CEC2017_F21,7,4577.097774337379,4.114928250000048
SSA,CEC2017_F21,8,3935.2890407768464,4.100914583999838
SSA,CEC2017_F21,9,4121.056331059457,3.963302166000176
SSA,CEC2017_F21,10,2892.0200520411126,4.065481915999953
SSA,CEC2017_F21,11,3298.311173774213,4.0097768750001705
SSA,CEC2017_F21,12,3930.424968065813,3.9258975840002677
SSA,CEC2017_F21,13,3967.637377026797,4.153257707999728
SSA,CEC2017_F21,14,4313.428510593335,4.107125208999605
SSA,CEC2017_F21,15,5500.113417436862,4.164271416000702
SSA,CEC2017_F21,16,5501.882693028214,4.020625916999961
SSA,CEC2017_F21,17,4789.257647526325,4.164400000000569
SSA,CEC2017_F21,18,5056.578344672285,4.124279708000358
SSA,CEC2017_F21,19,4883.448619001737,4.153935624999576
SSA,CEC2017_F21,20,3491.283304996365,4.012467374999687
SSA,CEC2017_F21,21,5220.7130674379005,4.007032790999801
SSA,CEC2017_F21,22,3468.308834206521,4.059031291000792
SSA,CEC2017_F21,23,4074.634979964486,3.9893943340002807
SSA,CEC2017_F21,24,3498.8355372116375,4.050645958999667
SSA,CEC2017_F21,25,3368.46381735715,4.084065500000179
SSA,CEC2017_F21,26,3835.453370788057,4.034437833000084
SSA,CEC2017_F21,27,4754.331257657132,4.0828405420006675
SSA,CEC2017_F21,28,3700.8371337208328,4.2671259159997135
SSA,CEC2017_F21,29,3742.9385740700645,4.273981540999557
HHO,CEC2017_F28,0,8620884.900462907,17.618224457999986
HHO,CEC2017_F28,1,441510769.974834,18.337516875000347
HHO,CEC2017_F28,2,237935507.89989084,18.085755042000073
HHO,CEC2017_F28,3,4228803514.57509,18.086085916999764
HHO,CEC2017_F28,4,5126215631.702199,18.18132312500029
HHO,CEC2017_F28,5,2407015765.3697653,17.627893291999953
HHO,CEC2017_F28,6,83292506.70744173,18.15286633300002
HHO,CEC2017_F28,7,128771655.62763049,17.97459416699985
HHO,CEC2017_F28,8,125939594.89450794,18.036649624999882
HHO,CEC2017_F28,9,346963251.7051979,17.833823250000023
HHO,CEC2017_F28,10,2591513788.9517255,18.387193083000057
HHO,CEC2017_F28,11,466971854.4742237,18.289510332999726
HHO,CEC2017_F28,12,194713490.521293,17.779631750000135
HHO,CEC2017_F28,13,84986508.10265127,17.67695204199981
HHO,CEC2017_F28,14,61312178.26056595,17.763037500000337
HHO,CEC2017_F28,15,707081266.2801826,17.96761304199981
HHO,CEC2017_F28,16,534823770.2547884,17.61761137500025
HHO,CEC2017_F28,17,35274392.02462068,17.686173666000286
HHO,CEC2017_F28,18,472399866.7487188,17.27753387499979
HHO,CEC2017_F28,19,1432669792.6090481,17.46911379200037
HHO,CEC2017_F28,20,3122348319.14247,17.44914345899997
HHO,CEC2017_F28,21,30694601.593923613,17.534810374999324
HHO,CEC2017_F28,22,2193151468.8776846,17.51607758299997
HHO,CEC2017_F28,23,152889486.1357286,17.734182875000442
HHO,CEC2017_F28,24,131888633.3882578,17.62279691599997
HHO,CEC2017_F28,25,81458364.23543848,17.59309304100043
HHO,CEC2017_F28,26,547851191.4611309,17.89126404200033
HHO,CEC2017_F28,27,4606475521.526264,17.571656499999335
HHO,CEC2017_F28,28,513166744.0684347,17.554765083000348
HHO,CEC2017_F28,29,757577415.3345952,17.936934124999425
SSA,CEC2017_F22,0,41305.45900157069,4.599687709000136
SSA,CEC2017_F22,1,38851.404214375325,4.6256227909998415
SSA,CEC2017_F22,2,42929.23863852635,4.639410124999813
SSA,CEC2017_F22,3,36905.73731968693,4.61975404199984
SSA,CEC2017_F22,4,7496.660576993581,4.876932166000188
SSA,CEC2017_F22,5,9999.422558745606,4.5781660829998145
SSA,CEC2017_F22,6,11667.941058395209,4.624731249999968
SSA,CEC2017_F22,7,6641.6343447390645,4.615971208000701
SSA,CEC2017_F22,8,7449.366316366464,4.572256249999555
SSA,CEC2017_F22,9,45609.31602889148,4.6448081670005195
SSA,CEC2017_F22,10,31935.965718187937,4.616981166000187
SSA,CEC2017_F22,11,40776.734344919176,4.612641832999543
SSA,CEC2017_F22,12,40517.38479665229,4.606581249999181
SSA,CEC2017_F22,13,27697.077362916596,4.533865583000079
SSA,CEC2017_F22,14,46819.31293770089,4.655084457999692
SSA,CEC2017_F22,15,31266.052020867108,4.526317750000089
SSA,CEC2017_F22,16,6530.901576738111,4.830731125000057
SSA,CEC2017_F22,17,21642.785682149537,4.502019167000071
SSA,CEC2017_F22,18,47726.50259723331,4.510156917000131
SSA,CEC2017_F22,19,24117.989419275473,4.541441958999712
SSA,CEC2017_F22,20,38055.65628061889,4.478733208000449
SSA,CEC2017_F22,21,20567.165291101996,4.54632437500004
SSA,CEC2017_F22,22,55540.26818778341,4.592712917000426
SSA,CEC2017_F22,23,7698.503334859891,4.597144041999854
SSA,CEC2017_F22,24,17678.667457624953,4.521786541000438
SSA,CEC2017_F22,25,26651.461585995425,4.4761618329994235
SSA,CEC2017_F22,26,33428.4597867336,4.6284255000000485
SSA,CEC2017_F22,27,5144.606633952653,4.367767208999794
SSA,CEC2017_F22,28,7471.98917578739,4.477089041999534
SSA,CEC2017_F22,29,31159.276340955737,4.510354791000282
SSA,CEC2017_F23,0,8889.379537994966,3.7313475000000835
SSA,CEC2017_F23,1,7044.384009590068,3.653971833000469
SSA,CEC2017_F23,2,7599.504664233237,3.668585415999587
SSA,CEC2017_F23,3,7782.441655825888,3.6640903329998764
SSA,CEC2017_F23,4,6627.236092560474,3.5446107500001744
SSA,CEC2017_F23,5,6916.163621528277,3.680354749999424
SSA,CEC2017_F23,6,5930.040445842629,3.8235891250005807
SSA,CEC2017_F23,7,6644.266646601223,3.613732374999927
SSA,CEC2017_F23,8,29054.165701736332,3.8672090000000026
SSA,CEC2017_F23,9,15021.23788862375,3.747165583000424
SSA,CEC2017_F23,10,24017.078225523226,3.910507499999767
SSA,CEC2017_F23,11,7924.851717127781,3.873828875000072
SSA,CEC2017_F23,12,26848.567480616188,3.751196959000481
SSA,CEC2017_F23,13,27381.330451748057,3.7231739999997444
SSA,CEC2017_F23,14,30117.138440998573,3.7042245419997926
SSA,CEC2017_F23,15,26118.99584545579,3.834540208999897
SSA,CEC2017_F23,16,27397.472611714813,3.741602999999486
SSA,CEC2017_F23,17,26092.506313991886,3.8613150420005695
SSA,CEC2017_F23,18,7236.32142898277,3.731151707999743
SSA,CEC2017_F23,19,33199.83423516147,3.708016458000202
SSA,CEC2017_F23,20,3930.3769903578313,3.635569667000709
SSA,CEC2017_F23,21,29118.41843094401,3.674872624999807
SSA,CEC2017_F23,22,8216.338249157987,3.7770617079995645
SSA,CEC2017_F23,23,6582.732408326592,3.716440166999746
SSA,CEC2017_F23,24,29495.901546347235,3.7512037919996146
SSA,CEC2017_F23,25,28022.69709275357,3.7237932920006642
SSA,CEC2017_F23,26,29787.514270613152,3.6890045420004753
SSA,CEC2017_F23,27,10589.8073668101,3.7157608329998766
SSA,CEC2017_F23,28,7254.832995467029,3.704529915999956
SSA,CEC2017_F23,29,9336.78201928308,3.7265424170000188
SSA,CEC2017_F18,0,580074.194407789,7.0056716250001045
SSA,CEC2017_F18,1,312475020.3053769,7.003556499999831
SSA,CEC2017_F18,2,98726.0483625765,6.797302375000072
SSA,CEC2017_F18,3,94419.23589986846,7.243047041000864
SSA,CEC2017_F18,4,4593124.473316105,6.860731207999379
SSA,CEC2017_F18,5,185125.6466733565,6.9586303340001905
SSA,CEC2017_F18,6,189399.01939077262,7.163520041000083
SSA,CEC2017_F18,7,185457.40032910867,6.971175917000437
SSA,CEC2017_F18,8,94308.72432247804,7.076625124999737
SSA,CEC2017_F18,9,348412.41814242944,6.993957750000845
SSA,CEC2017_F18,10,112993.9853489995,7.075668499999665
SSA,CEC2017_F18,11,4695807.936762337,6.973637749999398
SSA,CEC2017_F18,12,107202.23475622613,6.971868125000583
SSA,CEC2017_F18,13,2986273.7675611256,7.026813917000254
SSA,CEC2017_F18,14,889343192.8363154,6.838595875000465
SSA,CEC2017_F18,15,3910661.007827875,6.8680484169999545
SSA,CEC2017_F18,16,78333.75466299703,7.063997209000263
SSA,CEC2017_F18,17,28428.347157145006,6.770291040999837
SSA,CEC2017_F18,18,1368532.0311820349,7.185298874999717
SSA,CEC2017_F18,19,209759.6287173017,7.1808220830007485
SSA,CEC2017_F18,20,4830475.809668867,6.941411583000445
SSA,CEC2017_F18,21,935660.7189605559,6.686850500000219
SSA,CEC2017_F18,22,3192955.802144015,6.8538297919994875
SSA,CEC2017_F18,23,47877661.16462956,7.051556625000558
SSA,CEC2017_F18,24,1146972.7804595395,6.79062845899989
SSA,CEC2017_F18,25,301220.89312968665,6.920671834000132
SSA,CEC2017_F18,26,164328.3436310311,6.887496084000304
SSA,CEC2017_F18,27,141370705.65623716,6.894003500000508
SSA,CEC2017_F18,28,85363.42253994515,6.860344833000454
SSA,CEC2017_F18,29,1962539.1526974507,6.84204362499986
SSA,CEC2017_F24,0,3456.1500747652353,4.210843417000433
SSA,CEC2017_F24,1,3047.334994408996,4.130886999999348
SSA,CEC2017_F24,2,3349.4394720443743,4.036823916000685
SSA,CEC2017_F24,3,5121.703212306103,4.049691499999426
SSA,CEC2017_F24,4,3771.105455390444,4.242867916999785
SSA,CEC2017_F24,5,3221.934044681273,4.272357457999533
SSA,CEC2017_F24,6,3903.1378872746973,4.0925378749998345
SSA,CEC2017_F24,7,3351.4905363377648,4.047337875000267
SSA,CEC2017_F24,8,4439.37902353287,4.185019874999853
SSA,CEC2017_F24,9,3378.9684353167454,4.207429874999434
SSA,CEC2017_F24,10,3188.412018463301,4.1674041670003135
SSA,CEC2017_F24,11,3290.371457647094,4.11212712500037
SSA,CEC2017_F24,12,3083.6481228214516,4.174865208000483
SSA,CEC2017_F24,13,3973.687698413882,4.152659416999995
SSA,CEC2017_F24,14,3530.5245523874946,4.059567249999418
SSA,CEC2017_F24,15,3931.09486820606,4.188949040999432
SSA,CEC2017_F24,16,6092.983317630465,4.054253833000075
SSA,CEC2017_F24,17,3480.0433844660083,4.173889582999436
SSA,CEC2017_F24,18,3365.2265169924285,4.073340459000065
SSA,CEC2017_F24,19,3313.7089232373264,4.123408916999324
SSA,CEC2017_F24,20,6204.77878192061,4.059379833000094
SSA,CEC2017_F24,21,3998.9740193070356,4.091765707999912
SSA,CEC2017_F24,22,4285.793190292781,4.0793583750000835
SSA,CEC2017_F24,23,3555.5658913319267,4.04459366699939
SSA,CEC2017_F24,24,7354.54317150199,4.089535000000069
SSA,CEC2017_F24,25,3480.2498118084236,4.08103145899986
SSA,CEC2017_F24,26,3316.966896423701,4.114195375000236
SSA,CEC2017_F24,27,3625.4831482466006,4.0702984169993215
SSA,CEC2017_F24,28,3787.089376037561,4.127894541999922
SSA,CEC2017_F24,29,4792.980301679296,4.018958792000376
AOA,CEC2017_F1,0,58777032810.75296,1.3712475419997645
AOA,CEC2017_F1,1,70602377629.54944,1.3309099590005644
AOA,CEC2017_F1,2,64798946000.11412,1.2979417080005078
AOA,CEC2017_F1,3,53586078263.77796,1.2746229579997816
AOA,CEC2017_F1,4,71032629546.04199,1.2909597910002049
AOA,CEC2017_F1,5,57535551998.601654,1.2788399170003686
AOA,CEC2017_F1,6,65974704395.790565,1.2624778330000481
AOA,CEC2017_F1,7,52238827421.06691,1.3137824169998567
AOA,CEC2017_F1,8,45470164411.65981,1.268624207999892
AOA,CEC2017_F1,9,68023005979.9223,1.2474569169999086
AOA,CEC2017_F1,10,58496804709.97944,1.2587834999994811
AOA,CEC2017_F1,11,73424034634.246,1.2677139999996143
AOA,CEC2017_F1,12,73112792256.31247,1.2577400840000337
AOA,CEC2017_F1,13,65930625597.54881,1.3002557910003816
AOA,CEC2017_F1,14,66193197453.1528,1.2855162089999794
AOA,CEC2017_F1,15,58977635369.314865,1.3210100830001466
AOA,CEC2017_F1,16,58285069333.82802,1.2442987499998708
AOA,CEC2017_F1,17,67406012506.47364,1.2895208750005622
AOA,CEC2017_F1,18,59743932933.45032,1.299068874999648
AOA,CEC2017_F1,19,67670328846.55466,1.3086769999999888
AOA,CEC2017_F1,20,62318504221.63337,1.2663804590001746
AOA,CEC2017_F1,21,61127400921.47737,1.2842272910002066
AOA,CEC2017_F1,22,56996002354.842316,1.2703697919996557
AOA,CEC2017_F1,23,65969301813.71391,1.289315166999586
AOA,CEC2017_F1,24,55750015549.47639,1.2885940000005576
AOA,CEC2017_F1,25,58115291945.160576,1.296703959000297
AOA,CEC2017_F1,26,65831571249.18894,1.26962766700035
AOA,CEC2017_F1,27,62933531560.726166,1.3178504999996221
AOA,CEC2017_F1,28,69009789774.92296,1.2513786659992547
AOA,CEC2017_F1,29,60099005657.22799,1.2522196250001798
AOA,CEC2017_F2,0,128608.89227889107,1.2647955829997954
AOA,CEC2017_F2,1,115070.32483726145,1.3308161670001937
AOA,CEC2017_F2,2,144869.35216845415,1.3133422499995504
AOA,CEC2017_F2,3,126229.76658191548,1.32381816599991
AOA,CEC2017_F2,4,152333.24255319388,1.3224685830000453
AOA,CEC2017_F2,5,126832.11578437673,1.3716287500001272
AOA,CEC2017_F2,6,102408.61850266092,1.3840723749999597
AOA,CEC2017_F2,7,160819.78346194976,1.314567624999654
AOA,CEC2017_F2,8,134948.5452797361,1.3631418750001103
AOA,CEC2017_F2,9,166943.92067597093,1.3560902919998625
AOA,CEC2017_F2,10,154231.59789104585,1.3483126659994014
AOA,CEC2017_F2,11,95589.52173827366,1.3135305409996363
AOA,CEC2017_F2,12,98058.22246550677,1.3091506250002567
AOA,CEC2017_F2,13,106524.19170679463,1.2929913750003834
AOA,CEC2017_F2,14,122459.73263727035,1.3104420829995433
AOA,CEC2017_F2,15,133935.78029163333,1.3107926250004311
AOA,CEC2017_F2,16,136516.60012671744,1.3394895409992387
AOA,CEC2017_F2,17,137785.02408819064,1.3768281660004504
AOA,CEC2017_F2,18,101418.51650425585,1.3155084170002738
AOA,CEC2017_F2,19,124090.22316621963,1.3125993749999907
AOA,CEC2017_F2,20,126854.59212185803,1.2454709590001585
AOA,CEC2017_F2,21,141452.56155463707,1.3070887499998207
AOA,CEC2017_F2,22,160083.88154611338,1.3241738750002696
AOA,CEC2017_F2,23,127903.3727545953,1.3252203749998444
AOA,CEC2017_F2,24,122130.66236522295,1.3410971670000436
AOA,CEC2017_F2,25,121264.0736186911,1.3548314580002625
AOA,CEC2017_F2,26,130712.63493491066,1.4502050000000963
AOA,CEC2017_F2,27,108037.45413310922,1.3153400410001268
AOA,CEC2017_F2,28,146493.14133786698,1.311324042000706
AOA,CEC2017_F2,29,136489.57509144716,1.3354394170000887
AOA,CEC2017_F3,0,14776.3934434062,1.3812035840001045
AOA,CEC2017_F3,1,17492.820472708456,1.3956327080004485
AOA,CEC2017_F3,2,20823.821610716474,1.343475457999375
AOA,CEC2017_F3,3,19559.97538533697,1.3773127080003178
AOA,CEC2017_F3,4,23463.83851945433,1.345762332999584
AOA,CEC2017_F3,5,27290.553594943718,1.3914959590001672
AOA,CEC2017_F3,6,12854.199076631869,1.3733702499994251
AOA,CEC2017_F3,7,17211.0840170302,1.377912083999945
AOA,CEC2017_F3,8,17518.137051638685,1.3463718330003758
AOA,CEC2017_F3,9,16476.320175106885,1.3014192090004144
AOA,CEC2017_F3,10,19099.35115309589,1.324904541000251
AOA,CEC2017_F3,11,15051.964414532129,1.339809334000165
AOA,CEC2017_F3,12,24218.989846023702,1.3305317499998637
AOA,CEC2017_F3,13,25602.22583695169,1.377145708000171
AOA,CEC2017_F3,14,23306.94096955862,1.3729446659999667
AOA,CEC2017_F3,15,28742.804106022428,1.4329746670000532
AOA,CEC2017_F3,16,23287.264713300756,1.3782685409996702
AOA,CEC2017_F3,17,17705.680743685818,1.4121125829997254
AOA,CEC2017_F3,18,19427.089728104114,1.422044249999999
AOA,CEC2017_F3,19,17699.374259062904,1.3667277499998818
AOA,CEC2017_F3,20,18779.520011964232,1.3648068330003298
AOA,CEC2017_F3,21,22671.96553047815,1.363285082999937
AOA,CEC2017_F3,22,21958.334551504286,1.3397139589997096
AOA,CEC2017_F3,23,16051.601842249036,1.3719217910002044
AOA,CEC2017_F3,24,18121.67728682622,1.3697383339995213
AOA,CEC2017_F3,25,21833.693595361226,1.4050839589999669
AOA,CEC2017_F3,26,22437.422873661824,1.422060166000847
AOA,CEC2017_F3,27,15255.119731534392,1.36469550000038
AOA,CEC2017_F3,28,18039.825663308875,1.3074449579999055
AOA,CEC2017_F3,29,17671.282471370992,1.3246225000002596
SSA,CEC2017_F16,0,109231.66490837967,14.2381533329999
SSA,CEC2017_F16,1,55832.782595453216,14.397332833000291
SSA,CEC2017_F16,2,3323904949858.395,14.223758082999666
SSA,CEC2017_F16,3,4534954078.787647,14.182983458999843
SSA,CEC2017_F16,4,1288828598563063.2,14.02675066699976
SSA,CEC2017_F16,5,1852630897058210.0,14.564793291999194
SSA,CEC2017_F16,6,38026.881460923214,14.21894466699996
SSA,CEC2017_F16,7,49459.01096926409,14.3090044999999
SSA,CEC2017_F16,8,1077093510.3027003,14.10017045800032
SSA,CEC2017_F16,9,3337486316.975322,14.394465625000521
SSA,CEC2017_F16,10,4207282530903.2383,14.154380582999693
SSA,CEC2017_F16,11,79139.99804891822,14.389714582999659
SSA,CEC2017_F16,12,282804744256.482,14.286334084000373
SSA,CEC2017_F16,13,799102224.0342962,13.795945999999276
SSA,CEC2017_F16,14,5903616122569.577,14.089145500000086
SSA,CEC2017_F16,15,768550.5684472735,14.031517375000476
SSA,CEC2017_F16,16,166210.9469647248,14.195300958000189
SSA,CEC2017_F16,17,18913558151.536465,13.92236766699989
SSA,CEC2017_F16,18,97286501964526.58,14.103491666999616
SSA,CEC2017_F16,19,53829483138.71199,14.154392332999123
SSA,CEC2017_F16,20,21237250041.99681,13.98684562499966
SSA,CEC2017_F16,21,72985.93984219346,14.161115249999966
SSA,CEC2017_F16,22,23073371072619.113,14.190250083999672
SSA,CEC2017_F16,23,197090888546.38983,13.883090625000477
SSA,CEC2017_F16,24,6976278778.356759,13.861003250000067
SSA,CEC2017_F16,25,171697883224295.97,13.922193082999911
SSA,CEC2017_F16,26,32430964714.922676,13.756156166999972
SSA,CEC2017_F16,27,2113020151.162268,14.087593500000366
SSA,CEC2017_F16,28,1740052295027.082,14.039128249999521
SSA,CEC2017_F16,29,15755970361554.363,13.766464792000079
AOA,CEC2017_F4,0,95633.05779320652,1.3028022919997966
AOA,CEC2017_F4,1,83973.92322436889,1.3389019160003954
AOA,CEC2017_F4,2,81067.35053142897,1.3057562079993659
AOA,CEC2017_F4,3,99695.5453535626,1.3421404579994487
AOA,CEC2017_F4,4,92083.33158978439,1.2108277919996908
AOA,CEC2017_F4,5,96724.32046658054,1.328841999999895
AOA,CEC2017_F4,6,91546.89871843347,1.2834367909999855
AOA,CEC2017_F4,7,86693.9073840466,1.2933529169995381
AOA,CEC2017_F4,8,94022.98229637535,1.3167628330002117
AOA,CEC2017_F4,9,93534.36055488989,1.282472666999638
AOA,CEC2017_F4,10,92710.07506401124,1.401215584000056
AOA,CEC2017_F4,11,104941.92614525548,1.335145709000244
AOA,CEC2017_F4,12,80409.30480342629,1.2780546669991963
AOA,CEC2017_F4,13,88898.94962420657,1.3177318329999252
AOA,CEC2017_F4,14,72977.035710979,1.3452960829999938
AOA,CEC2017_F4,15,89024.29850465221,1.2571202500002983
AOA,CEC2017_F4,16,79487.20222230144,1.32522895800048
AOA,CEC2017_F4,17,97607.94680077399,1.333009250000032
AOA,CEC2017_F4,18,95788.5846105747,1.2750594999997702
AOA,CEC2017_F4,19,72535.68647920605,1.3166639579994808
AOA,CEC2017_F4,20,78884.2302050648,1.2820237080004517
AOA,CEC2017_F4,21,82826.82234573767,1.3351946669999961
AOA,CEC2017_F4,22,83476.62359965408,1.403304625000601
AOA,CEC2017_F4,23,93124.29822542402,1.3234828750000815
AOA,CEC2017_F4,24,98131.13808011304,1.2757110000002285
AOA,CEC2017_F4,25,81440.15996814932,1.342208792000747
AOA,CEC2017_F4,26,85143.88178366692,1.3274793330001557
AOA,CEC2017_F4,27,96141.45610927879,1.3579465419998087
AOA,CEC2017_F4,28,99386.1276356928,1.3229278329999943
AOA,CEC2017_F4,29,94780.62429482493,1.3323951669999587
SSA,CEC2017_F19,0,17811.47000677747,14.426647625000442
SSA,CEC2017_F19,1,21799.833338790533,14.32199166600003
SSA,CEC2017_F19,2,26231.769980000987,14.595542499999283
SSA,CEC2017_F19,3,8972.227604413314,14.502833499999724
SSA,CEC2017_F19,4,16046.479399341657,14.659357207999165
SSA,CEC2017_F19,5,13245.704442528579,14.3992787090001
SSA,CEC2017_F19,6,9110.9906083151,14.283724875000189
SSA,CEC2017_F19,7,12963.189140684455,14.210238958000446
SSA,CEC2017_F19,8,13899.659235291037,14.820983792000334
SSA,CEC2017_F19,9,12786.044600928897,14.532264958000269
SSA,CEC2017_F19,10,15750.820488347528,14.227197540999441
SSA,CEC2017_F19,11,20419.067001714247,14.158894332999807
SSA,CEC2017_F19,12,17256.847935787184,14.123175374999846
SSA,CEC2017_F19,13,11792.51732172739,14.149522124999748
SSA,CEC2017_F19,14,15544.75580591205,14.295658125000045
SSA,CEC2017_F19,15,16553.324988371103,14.32528658299998
SSA,CEC2017_F19,16,13615.569160355139,14.104352041000311
SSA,CEC2017_F19,17,12618.941911181217,14.165503666999939
SSA,CEC2017_F19,18,9944.685946966058,14.368010666999908
SSA,CEC2017_F19,19,14756.96878109098,14.348676624999825
SSA,CEC2017_F19,20,11292.871760759974,14.005134291999639
SSA,CEC2017_F19,21,17597.062742857604,14.09519249999994
SSA,CEC2017_F19,22,16183.940605189495,14.230398374999822
SSA,CEC2017_F19,23,13882.962238535167,14.090192665999894
SSA,CEC2017_F19,24,16976.780333163886,14.014678290999655
SSA,CEC2017_F19,25,21255.369908106222,14.161336749999464
SSA,CEC2017_F19,26,20633.561529550585,14.163445749999482
SSA,CEC2017_F19,27,19965.591371690472,14.012240667000697
SSA,CEC2017_F19,28,19749.969312302444,14.04693429100007
SSA,CEC2017_F19,29,20272.616268564674,14.135774750000564
AOA,CEC2017_F6,0,3155703.3870586003,1.4889289169996118
AOA,CEC2017_F6,1,3243561.9284015256,1.4592127919995619
AOA,CEC2017_F6,2,3754883.8328017998,1.4619326250003724
AOA,CEC2017_F6,3,2887933.94900903,1.4751883749995613
AOA,CEC2017_F6,4,3142002.6621903107,1.4979671660003078
AOA,CEC2017_F6,5,3316148.899594727,1.4712497919999805
AOA,CEC2017_F6,6,2909711.2220609547,1.544562957999915
AOA,CEC2017_F6,7,3430622.711518672,1.4698108749998937
AOA,CEC2017_F6,8,3302238.966567914,1.4654655000003913
AOA,CEC2017_F6,9,3123960.4697232135,1.4635403339998447
AOA,CEC2017_F6,10,3664158.762883217,1.4662885829993684
AOA,CEC2017_F6,11,3240447.071167877,1.5068219160002627
AOA,CEC2017_F6,12,3156447.0990018444,1.4687659580004038
AOA,CEC2017_F6,13,3196967.0164309284,1.4711727499998233
AOA,CEC2017_F6,14,3555826.3958978085,1.4969203750006272
AOA,CEC2017_F6,15,3347602.4768104116,1.4550497500003985
AOA,CEC2017_F6,16,3005353.208536681,1.5002714580004977
AOA,CEC2017_F6,17,3216417.412403869,1.5185279170000285
AOA,CEC2017_F6,18,3202047.7540895524,1.4537043749996883
AOA,CEC2017_F6,19,2845419.175439076,1.4823715829998036
AOA,CEC2017_F6,20,3643863.84005789,1.428028583000014
AOA,CEC2017_F6,21,3203022.7332725422,1.4552066670003114
AOA,CEC2017_F6,22,2811632.7356645055,1.4989452079998955
AOA,CEC2017_F6,23,2896720.2631303985,1.5111528750003345
AOA,CEC2017_F6,24,3330582.7988579045,1.4480461250004737
AOA,CEC2017_F6,25,2358696.6287668557,1.4890102500003195
AOA,CEC2017_F6,26,3040545.985781414,1.4819066660002136
AOA,CEC2017_F6,27,3062378.3440752123,1.5011932079996768
AOA,CEC2017_F6,28,2914485.478063913,1.4655250420000812
AOA,CEC2017_F6,29,3002155.1947176596,1.454718375000084
AOA,CEC2017_F5,0,500.07419926546527,2.0420127079996746
AOA,CEC2017_F5,1,500.0653728903702,2.0679670839999744
AOA,CEC2017_F5,2,500.09081980895934,1.964364082999964
AOA,CEC2017_F5,3,500.09631387230957,1.8750264170002993
AOA,CEC2017_F5,4,500.09630022325695,1.992322542000693
AOA,CEC2017_F5,5,500.0613058380682,1.9183029169998917
AOA,CEC2017_F5,6,500.07058494647714,1.9171256669997092
AOA,CEC2017_F5,7,500.0710367621099,1.900903792000463
AOA,CEC2017_F5,8,500.04725154081814,1.911265125000682
AOA,CEC2017_F5,9,500.07991226467345,1.9557396250002057
AOA,CEC2017_F5,10,500.0906850161821,1.9571383749998859
AOA,CEC2017_F5,11,500.12697957693496,1.9299181249998583
AOA,CEC2017_F5,12,500.05746807357684,1.9567001670002355
AOA,CEC2017_F5,13,500.05140653473535,1.9477639999995517
AOA,CEC2017_F5,14,500.083399236497,1.9934878330004722
AOA,CEC2017_F5,15,500.03660317069085,1.9171388750000915
AOA,CEC2017_F5,16,500.0743692335076,1.9543284999999742
AOA,CEC2017_F5,17,500.0606668882219,1.9416690829993968
AOA,CEC2017_F5,18,500.0562291772858,1.9626077500006431
AOA,CEC2017_F5,19,500.0818188131506,1.880019917000027
AOA,CEC2017_F5,20,500.07633969245137,1.9196060419999412
AOA,CEC2017_F5,21,500.05144606276787,1.973096458999862
AOA,CEC2017_F5,22,500.04982992482974,1.8965932499995688
AOA,CEC2017_F5,23,500.0778870930297,1.8749650419995305
AOA,CEC2017_F5,24,500.0812320584175,1.9636480839999422
AOA,CEC2017_F5,25,500.08968150319254,1.9202084159996957
AOA,CEC2017_F5,26,500.07540767672066,1.9350294590003614
AOA,CEC2017_F5,27,500.0468899111344,1.9616978750000271
AOA,CEC2017_F5,28,500.0731070563495,1.9579960000000938
AOA,CEC2017_F5,29,500.0585971734266,1.9430665829995633
SSA,CEC2017_F25,0,5762.681781534975,11.792443792000086
SSA,CEC2017_F25,1,10800.97258861551,11.753621542000474
SSA,CEC2017_F25,2,10771.134476759631,11.739790874999926
SSA,CEC2017_F25,3,7937.514145270982,11.605011624999861
SSA,CEC2017_F25,4,10841.731238703318,11.550389416999678
SSA,CEC2017_F25,5,3937.6548700102794,11.447898749999695
SSA,CEC2017_F25,6,20521.484588285985,11.485634832999494
SSA,CEC2017_F25,7,13451.658764880853,11.38284825000028
SSA,CEC2017_F25,8,8762.996582252119,11.495121041999482
SSA,CEC2017_F25,9,22939.34237680333,11.552190917000189
SSA,CEC2017_F25,10,11039.117193804788,11.610630457999832
SSA,CEC2017_F25,11,9274.91238852601,11.41837541699988
SSA,CEC2017_F25,12,14281.298514043614,11.751340625000012
SSA,CEC2017_F25,13,8806.102530433807,11.836643124999682
SSA,CEC2017_F25,14,8440.330730661797,11.341974916999789
SSA,CEC2017_F25,15,15831.936411435849,11.49669399999948
SSA,CEC2017_F25,16,17952.82616885948,11.511622166999587
SSA,CEC2017_F25,17,8560.575936081696,11.616479792000064
SSA,CEC2017_F25,18,11046.061680944516,11.368523625000307
SSA,CEC2017_F25,19,4228.751451510382,11.289006292000522
SSA,CEC2017_F25,20,8281.058604583868,11.223852999999508
SSA,CEC2017_F25,21,14187.441404306725,11.592457042000206
SSA,CEC2017_F25,22,15001.671099097452,11.553614458000084
SSA,CEC2017_F25,23,9739.704751021785,11.731438583000454
SSA,CEC2017_F25,24,15895.766370608917,11.369924042000093
SSA,CEC2017_F25,25,7620.797682996989,11.519320708999658
SSA,CEC2017_F25,26,19979.682572680522,11.402568959000746
SSA,CEC2017_F25,27,13102.861809092354,11.527606916999503
SSA,CEC2017_F25,28,16368.658108492617,11.41871195800013
SSA,CEC2017_F25,29,11954.559503789094,11.665721917000155
AOA,CEC2017_F8,0,854.7744933882607,1.4730589589999
AOA,CEC2017_F8,1,855.4081967554831,1.4987510000000839
AOA,CEC2017_F8,2,858.0411522339836,1.4617939169993406
AOA,CEC2017_F8,3,841.0205587594594,1.4915243329996883
AOA,CEC2017_F8,4,858.4488159630474,1.4896969580004225
AOA,CEC2017_F8,5,844.8986940396769,1.4691894999996293
AOA,CEC2017_F8,6,850.5590280185568,1.48579270800019
AOA,CEC2017_F8,7,847.2862126738532,1.4812191669998356
AOA,CEC2017_F8,8,852.1160515281318,1.4614442910005891
AOA,CEC2017_F8,9,838.2570743215603,1.491129582999747
AOA,CEC2017_F8,10,852.7612304884561,1.3959350840004845
AOA,CEC2017_F8,11,841.8863886736697,1.4832692079999106
AOA,CEC2017_F8,12,848.79574056452,1.471696458000224
AOA,CEC2017_F8,13,842.9197408278646,1.4918272920003801
AOA,CEC2017_F8,14,858.6933019202596,1.4588833749994592
AOA,CEC2017_F8,15,833.9850868167839,1.4596239169995897
AOA,CEC2017_F8,16,851.563171870405,1.515631792000022
AOA,CEC2017_F8,17,848.7225557871159,1.528360082999825
AOA,CEC2017_F8,18,861.307702217735,1.479723415999615
AOA,CEC2017_F8,19,849.7846503320725,1.4723129590001918
AOA,CEC2017_F8,20,835.2230316600379,1.4465666659998533
AOA,CEC2017_F8,21,844.0501940585583,1.5057643340005598
AOA,CEC2017_F8,22,843.033171982629,1.524376458000006
AOA,CEC2017_F8,23,856.9616319669994,1.615232209000169
AOA,CEC2017_F8,24,850.2404889553341,1.4842975829997158
AOA,CEC2017_F8,25,843.7490737494193,1.431776916999297
AOA,CEC2017_F8,26,844.3295467531573,1.4838925410003867
AOA,CEC2017_F8,27,846.2681847952991,1.4751555410002766
AOA,CEC2017_F8,28,857.1958656944797,1.5070726250005464
AOA,CEC2017_F8,29,834.2181851760636,1.4953641669999342
AOA,CEC2017_F7,0,1443.8433379577807,1.9114393749996452
AOA,CEC2017_F7,1,1315.7728046988173,2.0014833750001344
AOA,CEC2017_F7,2,1435.6880868974517,1.769397666000259
AOA,CEC2017_F7,3,1509.6727349953405,1.8063047499999811
AOA,CEC2017_F7,4,1377.2728046988173,1.8632744160004222
AOA,CEC2017_F7,5,1447.922063605507,1.8499841670000023
AOA,CEC2017_F7,6,1423.7695421949675,1.8040732500003287
AOA,CEC2017_F7,7,1431.9455333973383,1.822566332999486
AOA,CEC2017_F7,8,1460.2728046988173,1.8213710829995762
AOA,CEC2017_F7,9,1394.2857404515555,1.8511145000002216
AOA,CEC2017_F7,10,1441.0009156273272,1.849459707999813
AOA,CEC2017_F7,11,1484.517543457891,1.770907250000164
AOA,CEC2017_F7,12,1434.0564975790112,1.8725782910005364
AOA,CEC2017_F7,13,1296.5624862444238,1.7707901250005307
AOA,CEC2017_F7,14,1514.478852127435,1.761770166000133
AOA,CEC2017_F7,15,1480.7557208530504,1.8185179159991094
AOA,CEC2017_F7,16,1560.6125591519271,1.8657750839993241
AOA,CEC2017_F7,17,1518.1125591519271,1.7476415000000998
AOA,CEC2017_F7,18,1401.2651312165285,1.7588610000002518
AOA,CEC2017_F7,19,1473.6125591519271,1.819235832999766
AOA,CEC2017_F7,20,1503.3890360700634,1.810717874999682
AOA,CEC2017_F7,21,1560.6125591519271,1.7764853750004477
AOA,CEC2017_F7,22,1483.7296699608594,1.7635325000001103
AOA,CEC2017_F7,23,1422.6989024002135,1.818599290999373
AOA,CEC2017_F7,24,1460.2728046988173,1.7608789579999211
AOA,CEC2017_F7,25,1335.0106752767824,1.9732227909998983
AOA,CEC2017_F7,26,1403.6125591519271,1.7992753329999687
AOA,CEC2017_F7,27,1402.7525420791776,1.8215818749995378
AOA,CEC2017_F7,28,1357.6660417691223,1.8153947090004294
AOA,CEC2017_F7,29,1428.0360721888019,1.835937417000423
SSA,CEC2017_F26,0,3809.8868816490412,12.087607542000114
SSA,CEC2017_F26,1,4548.569206898247,11.748659124999904
SSA,CEC2017_F26,2,4022.0413333030656,11.892550292000124
SSA,CEC2017_F26,3,3935.0208973403187,11.977452416999768
SSA,CEC2017_F26,4,3996.8501971250002,11.802152000000206
SSA,CEC2017_F26,5,3800.295955153236,11.720642790999591
SSA,CEC2017_F26,6,4619.394768008555,11.97052262499983
SSA,CEC2017_F26,7,3848.359438517761,11.859309208999548
SSA,CEC2017_F26,8,4052.4234238675463,11.702142999999523
SSA,CEC2017_F26,9,4075.285947674428,11.875910083000235
SSA,CEC2017_F26,10,5437.643571326405,11.747781125000074
SSA,CEC2017_F26,11,4083.8783330469005,12.084831957999995
SSA,CEC2017_F26,12,4109.940859647604,11.853473333000693
SSA,CEC2017_F26,13,4250.424651128391,11.876248499999747
SSA,CEC2017_F26,14,4254.207936937003,11.794370125000569
SSA,CEC2017_F26,15,4136.9146360908035,11.669614707999244
SSA,CEC2017_F26,16,4890.722411876852,11.691173208000691
SSA,CEC2017_F26,17,3968.715741430551,11.863232957999571
SSA,CEC2017_F26,18,4832.464924961327,11.873647792000156
SSA,CEC2017_F26,19,4629.340832297916,11.580846750000092
SSA,CEC2017_F26,20,4036.1149078980043,11.950228374999824
SSA,CEC2017_F26,21,5083.976721526447,11.920975749999343
SSA,CEC2017_F26,22,3650.7905762212195,11.855747707999399
SSA,CEC2017_F26,23,5127.140903642516,11.848385875000531
SSA,CEC2017_F26,24,4718.25739629009,11.945048499999757
SSA,CEC2017_F26,25,4317.2828306298225,11.72694537499956
SSA,CEC2017_F26,26,4843.272238649723,11.421093792000647
SSA,CEC2017_F26,27,4621.1407526230305,11.915769334000288
SSA,CEC2017_F26,28,4774.827804755254,11.860044416000164
SSA,CEC2017_F26,29,4236.49708325462,11.799994750000224
SSA,CEC2017_F29,0,155079386.3854362,9.620407417000024
SSA,CEC2017_F29,1,4036919242.6053386,9.440913083999476
SSA,CEC2017_F29,2,6573036547.2506695,9.617437916000199
SSA,CEC2017_F29,3,46004539.45760339,9.661962375000257
SSA,CEC2017_F29,4,2453950559.7743382,9.56561579100071
SSA,CEC2017_F29,5,718071351.4707143,9.587132208000185
SSA,CEC2017_F29,6,66657289.04452964,9.663024500000574
SSA,CEC2017_F29,7,264242324.28055856,9.614056082999923
SSA,CEC2017_F29,8,4039575589.2928243,9.416688416999932
SSA,CEC2017_F29,9,4458529435.405777,9.604115749999437
SSA,CEC2017_F29,10,4280838632.2820807,9.476182833000166
SSA,CEC2017_F29,11,186525926.6326847,9.53488841699982
SSA,CEC2017_F29,12,7461621721.979351,9.616316124999685
SSA,CEC2017_F29,13,1225149571.5848327,9.5013426659998
SSA,CEC2017_F29,14,3882513017788.4673,9.673341374999836
SSA,CEC2017_F29,15,8853915473.615156,9.5544343749998
SSA,CEC2017_F29,16,3765297513.7418575,9.479906124999616
SSA,CEC2017_F29,17,729628842.2013253,9.548573041000054
SSA,CEC2017_F29,18,8537728452.1559925,9.378729666999789
SSA,CEC2017_F29,19,43240915.28673713,9.726413208999475
SSA,CEC2017_F29,20,240038942.99805823,9.513937458000328
SSA,CEC2017_F29,21,12240580100.070965,9.42134120799983
SSA,CEC2017_F29,22,3729273157.1066585,9.602372125000329
SSA,CEC2017_F29,23,4614715182.22958,9.660788374999356
SSA,CEC2017_F29,24,2873433742.277781,9.486625209000522
SSA,CEC2017_F29,25,2391574824.0642323,9.58365408300051
SSA,CEC2017_F29,26,2735366.221458997,9.503260208000029
SSA,CEC2017_F29,27,181280837.19615072,9.583593958000165
SSA,CEC2017_F29,28,8664023407.9379,9.818787625000368
SSA,CEC2017_F29,29,2413327278.373792,9.445585625000604
AOA,CEC2017_F9,0,9944.3261567941,1.7550961670003744
AOA,CEC2017_F9,1,10199.295448793915,1.7456449159999465
AOA,CEC2017_F9,2,9058.36145235366,1.8226448329996856
AOA,CEC2017_F9,3,9369.788705486844,1.6892268329993385
AOA,CEC2017_F9,4,10282.100508900501,1.7421814159997666
AOA,CEC2017_F9,5,9836.25888374001,1.7845332920005603
AOA,CEC2017_F9,6,9120.577451680261,1.7296657079996294
AOA,CEC2017_F9,7,10080.744079977703,1.8038983340002233
AOA,CEC2017_F9,8,9858.35159969935,1.7372264590003397
AOA,CEC2017_F9,9,10152.26075444412,1.7291605000000345
AOA,CEC2017_F9,10,10582.533411465723,1.7845341249994817
AOA,CEC2017_F9,11,9393.66611929971,1.821296999999504
AOA,CEC2017_F9,12,10374.573954496875,1.7477702919995863
AOA,CEC2017_F9,13,9245.683792664666,1.8645831670000916
AOA,CEC2017_F9,14,9237.236649704826,1.7774073330001556
AOA,CEC2017_F9,15,9747.9447113305,1.7627292500001204
AOA,CEC2017_F9,16,9295.128219436583,1.7510974580000038
AOA,CEC2017_F9,17,10086.625092196882,1.6969094169999153
AOA,CEC2017_F9,18,10232.95370488215,1.7774887919995308
AOA,CEC2017_F9,19,10109.526241527114,1.9474376669995763
AOA,CEC2017_F9,20,9843.254988881725,1.7715920000000551
AOA,CEC2017_F9,21,9985.898159713728,1.683648916000493
AOA,CEC2017_F9,22,9892.02552012819,1.7438937500000975
AOA,CEC2017_F9,23,9264.775253388123,1.775012541000251
AOA,CEC2017_F9,24,9254.813617822216,1.774536791999708
AOA,CEC2017_F9,25,9789.152537620532,1.7889939579999918
AOA,CEC2017_F9,26,9971.643198947866,1.7644188750000467
AOA,CEC2017_F9,27,10047.866411162393,1.82031037500019
AOA,CEC2017_F9,28,10269.66577423227,1.7968179169993164
AOA,CEC2017_F9,29,9557.211973969337,1.8127785000006043
SSA,CEC2017_F27,0,6043.52837542805,11.111051583000517
SSA,CEC2017_F27,1,4922.841500011587,10.952364917000523
SSA,CEC2017_F27,2,6381.7932871979465,11.158410499999263
SSA,CEC2017_F27,3,5897.111780226203,10.938950333999856
SSA,CEC2017_F27,4,3706.6094023517753,11.001890792000268
SSA,CEC2017_F27,5,3840.688050785636,11.016643916999783
SSA,CEC2017_F27,6,5418.488085619177,11.10227095800019
SSA,CEC2017_F27,7,6193.80612453282,11.120196083000337
SSA,CEC2017_F27,8,6225.342910062347,10.919185166999341
SSA,CEC2017_F27,9,5680.351787016336,10.950216999999611
SSA,CEC2017_F27,10,6959.694702437216,11.11920850000024
SSA,CEC2017_F27,11,5917.542646958281,11.038605708000432
SSA,CEC2017_F27,12,5299.02452267087,10.953819166000358
SSA,CEC2017_F27,13,4244.285070002375,11.108159665999665
SSA,CEC2017_F27,14,6783.903889493664,11.053455625000424
SSA,CEC2017_F27,15,6327.418498532035,11.14565820899952
SSA,CEC2017_F27,16,8348.748808659206,10.841845416999604
SSA,CEC2017_F27,17,4136.7569875063,10.86130520899951
SSA,CEC2017_F27,18,3627.6869106337285,10.899208499999986
SSA,CEC2017_F27,19,4244.677721175745,10.962688083000103
SSA,CEC2017_F27,20,6339.411077354251,11.164853417000813
SSA,CEC2017_F27,21,8682.721146316788,10.930307792000349
SSA,CEC2017_F27,22,5743.0393115117295,10.996598916999574
SSA,CEC2017_F27,23,7010.874488891472,11.031235374999596
SSA,CEC2017_F27,24,3574.2002089996517,10.920161582999754
SSA,CEC2017_F27,25,4668.610410763278,10.831963583000288
SSA,CEC2017_F27,26,5630.637120629048,10.887621125000805
SSA,CEC2017_F27,27,6453.378077686952,10.949291292000453
SSA,CEC2017_F27,28,5453.777719408444,10.998794374999306
SSA,CEC2017_F27,29,5715.625940054269,11.05536820799989
AOA,CEC2017_F10,0,13034378553.487158,1.6852956250004354
AOA,CEC2017_F10,1,8702535297.016127,1.9290176249996875
AOA,CEC2017_F10,2,4039767127.290858,1.5754452500004845
AOA,CEC2017_F10,3,13014963187.791298,1.5927262499999415
AOA,CEC2017_F10,4,7878023121.886177,1.548966332999953
AOA,CEC2017_F10,5,8123459670.18685,1.5441067090005163
AOA,CEC2017_F10,6,14632414552.27564,1.5893456659996446
AOA,CEC2017_F10,7,9717446365.355297,1.5240274170000703
AOA,CEC2017_F10,8,6213190223.437358,1.5355026249999355
AOA,CEC2017_F10,9,18122399759.439445,1.540102291999574
AOA,CEC2017_F10,10,14663594834.89496,1.6000773329997173
AOA,CEC2017_F10,11,4468390243.184376,1.513084125000205
AOA,CEC2017_F10,12,3228073712.4801188,1.645937041000252
AOA,CEC2017_F10,13,8597608140.731083,1.644999000000098
AOA,CEC2017_F10,14,6027169682.091983,1.6344499169999835
AOA,CEC2017_F10,15,9872645800.23399,1.589960790999612
AOA,CEC2017_F10,16,12611750841.26703,1.5751417920000677
AOA,CEC2017_F10,17,14156464381.228928,1.5335985000001529
AOA,CEC2017_F10,18,3373985819.9270425,1.5452491249998275
AOA,CEC2017_F10,19,3529529771.1832166,1.5693455409991657
AOA,CEC2017_F10,20,3658173749.4409914,1.5387203750005938
AOA,CEC2017_F10,21,6362173423.10981,1.5564757500005726
AOA,CEC2017_F10,22,6367596627.857873,1.5947429580000971
AOA,CEC2017_F10,23,13741525864.98004,1.6096087080004509
AOA,CEC2017_F10,24,13051534690.82122,1.5481963749998613
AOA,CEC2017_F10,25,7414461263.123222,1.5867685410003105
AOA,CEC2017_F10,26,12468883205.741919,1.5751647090000915
AOA,CEC2017_F10,27,13982248001.968529,1.556024458000138
AOA,CEC2017_F10,28,6803518839.720993,1.5402743749991714
AOA,CEC2017_F10,29,12014748807.234962,1.59090174999983
AOA,CEC2017_F11,0,21514757218.41624,2.11290687500059
AOA,CEC2017_F11,1,16631552577.73244,1.9399065839998002
AOA,CEC2017_F11,2,23781814135.2232,1.8575110829997357
AOA,CEC2017_F11,3,22519064412.612976,1.9070398750000095
AOA,CEC2017_F11,4,19024373528.242886,1.8825835839998035
AOA,CEC2017_F11,5,26794871367.656624,1.9813870420002786
AOA,CEC2017_F11,6,20408908127.614204,1.934043832999123
AOA,CEC2017_F11,7,21638075665.969315,1.855391832999885
AOA,CEC2017_F11,8,11057036434.099054,1.8485570840002765
AOA,CEC2017_F11,9,22522019947.50066,1.8819109999994907
AOA,CEC2017_F11,10,25823827654.448395,2.0980932499996925
AOA,CEC2017_F11,11,22838443879.957935,1.9797511249998934
AOA,CEC2017_F11,12,17573592908.22222,2.062437915999908
AOA,CEC2017_F11,13,17855909756.813435,1.9011907499998415
AOA,CEC2017_F11,14,23311475027.61001,1.9425862079997387
AOA,CEC2017_F11,15,10774845967.913582,1.91914454200014
AOA,CEC2017_F11,16,16922571399.420483,1.8148540000001958
AOA,CEC2017_F11,17,19574781353.777317,1.8132709580004303
AOA,CEC2017_F11,18,26882030031.793407,1.8702689170004305
AOA,CEC2017_F11,19,16316378285.911589,1.8884661669999332
AOA,CEC2017_F11,20,26825675140.002995,1.8415451660002873
AOA,CEC2017_F11,21,13656348227.931557,1.8966181670002698
AOA,CEC2017_F11,22,27304986489.051186,1.8975117500003762
AOA,CEC2017_F11,23,21768637773.07288,1.874553417000243
AOA,CEC2017_F11,24,16468715704.537857,1.8737774999999601
AOA,CEC2017_F11,25,23347264464.603348,2.058535832999951
AOA,CEC2017_F11,26,20932473188.148117,1.9955678750002335
AOA,CEC2017_F11,27,14976797303.35168,1.9218146249995698
AOA,CEC2017_F11,28,24547750833.812134,1.848782250000113
AOA,CEC2017_F11,29,23831144314.916664,1.9034067909997248
AOA,CEC2017_F12,0,24122968264.941734,1.6015782090007633
AOA,CEC2017_F12,1,17604523187.586254,1.677830874999927
AOA,CEC2017_F12,2,18839245593.02552,1.6411544169995977
AOA,CEC2017_F12,3,18829870429.624924,1.5854317499997705
AOA,CEC2017_F12,4,17977202317.318844,1.618074875000275
AOA,CEC2017_F12,5,17525167373.026024,1.6049876669994774
AOA,CEC2017_F12,6,18951591032.29369,1.7776380000004792
AOA,CEC2017_F12,7,25214851692.008923,1.659398499999952
AOA,CEC2017_F12,8,19633322508.848946,1.6848573329998544
AOA,CEC2017_F12,9,16155668493.833055,1.6425860420004028
AOA,CEC2017_F12,10,23496154635.66655,1.6372270419997221
AOA,CEC2017_F12,11,22851250334.967102,1.6230814999998984
AOA,CEC2017_F12,12,19972583126.828503,1.6054559579997658
AOA,CEC2017_F12,13,23916529952.17,1.665202875000432
AOA,CEC2017_F12,14,15082825606.515549,1.6248696669999845
AOA,CEC2017_F12,15,20361269099.26059,1.6500615830000243
AOA,CEC2017_F12,16,13561657112.854626,1.6450051250003526
AOA,CEC2017_F12,17,22992291451.614033,1.6061033330006467
AOA,CEC2017_F12,18,24546616094.964333,1.6341752919997816
AOA,CEC2017_F12,19,18679209891.343575,1.6324966669999412
AOA,CEC2017_F12,20,18182895764.861534,1.5803712500000984
AOA,CEC2017_F12,21,17966099191.55987,1.6338354580002488
AOA,CEC2017_F12,22,22102247464.11802,1.7333558749996882
AOA,CEC2017_F12,23,22467692657.27169,1.5845462080005746
AOA,CEC2017_F12,24,23626317168.51899,1.555825792000178
AOA,CEC2017_F12,25,11706735374.786016,1.6615695000000414
AOA,CEC2017_F12,26,17661309769.337807,1.6103247499995632
AOA,CEC2017_F12,27,21536320295.590942,1.5778677080006673
AOA,CEC2017_F12,28,16040305927.73859,1.6197398750000502
AOA,CEC2017_F12,29,17366649780.2686,1.6314660839998396
AOA,CEC2017_F14,0,13079820579.83973,1.7862168330002532
AOA,CEC2017_F14,1,8299946223.882395,1.8939367499997388
AOA,CEC2017_F14,2,7948333207.813407,1.644087374999799
AOA,CEC2017_F14,3,7754374079.902447,1.6858381250003731
AOA,CEC2017_F14,4,7722374065.732404,1.601243333999264
AOA,CEC2017_F14,5,9389194504.447746,1.7150189169997248
AOA,CEC2017_F14,6,13309792798.119999,1.6513197500007664
AOA,CEC2017_F14,7,13928198185.470833,1.6133393330001127
AOA,CEC2017_F14,8,8921027026.891548,1.6772847920001368
AOA,CEC2017_F14,9,11186773350.505806,1.6305695000000924
AOA,CEC2017_F14,10,12475444993.187504,1.631634166999902
AOA,CEC2017_F14,11,7565618790.80925,1.6355896249997386
AOA,CEC2017_F14,12,12767411287.234879,1.5714901250003095
AOA,CEC2017_F14,13,9221742178.68518,1.615659125000093
AOA,CEC2017_F14,14,7885247987.897672,1.599608458000148
AOA,CEC2017_F14,15,12112122216.015123,1.605093209000188
AOA,CEC2017_F14,16,8599165822.439701,1.6754861660001552
AOA,CEC2017_F14,17,11722271557.754765,1.601517457999762
AOA,CEC2017_F14,18,5526741497.36495,1.6533143340002425
AOA,CEC2017_F14,19,7562448070.420256,1.6068179169997165
AOA,CEC2017_F14,20,11363185704.610363,1.6076496669993503
AOA,CEC2017_F14,21,6148220088.862736,1.6198637500001496
AOA,CEC2017_F14,22,9025332205.899555,1.668780875000266
AOA,CEC2017_F14,23,10956198677.71411,1.7123564579997037
AOA,CEC2017_F14,24,12309038812.979218,1.6340824580001936
AOA,CEC2017_F14,25,13067651129.68119,1.6036744170005477
AOA,CEC2017_F14,26,5534478789.499444,1.5851815839996561
AOA,CEC2017_F14,27,13854695337.604172,1.6178585840007145
AOA,CEC2017_F14,28,13035032086.789246,1.5833835830007956
AOA,CEC2017_F14,29,11763368866.970938,1.6516289999999572
AOA,CEC2017_F13,0,34186610.54987216,1.9371305000004213
AOA,CEC2017_F13,1,76466824.80207783,1.842521833000319
AOA,CEC2017_F13,2,78576241.56259377,1.8468402499993317
AOA,CEC2017_F13,3,29018071.405342683,1.8418698750001568
AOA,CEC2017_F13,4,69998029.89960566,1.8060297499996523
AOA,CEC2017_F13,5,118798068.45952241,1.645945582999957
AOA,CEC2017_F13,6,19644856.933690604,1.7563290830003098
AOA,CEC2017_F13,7,97761945.89667802,1.7673337090000132
AOA,CEC2017_F13,8,10043923.542341977,1.6923791659992276
AOA,CEC2017_F13,9,145736559.4092486,1.7912928339992504
AOA,CEC2017_F13,10,39083066.70695169,1.7410045420001552
AOA,CEC2017_F13,11,24095986.330064755,1.7836834580002687
AOA,CEC2017_F13,12,11987634.396040145,1.750735708999855
AOA,CEC2017_F13,13,50308677.35606415,1.7715518750001138
AOA,CEC2017_F13,14,44720121.22042641,1.7110394589999487
AOA,CEC2017_F13,15,168182171.02059305,1.7653003330005959
AOA,CEC2017_F13,16,51774888.51166276,1.782477125000696
AOA,CEC2017_F13,17,82810597.87101987,1.7521317920000001
AOA,CEC2017_F13,18,60453970.98453618,1.7625982910003586
AOA,CEC2017_F13,19,173722648.2449891,1.8223140000000058
AOA,CEC2017_F13,20,104670426.73564316,1.6857472090005103
AOA,CEC2017_F13,21,98523300.28777364,1.7735566669998661
AOA,CEC2017_F13,22,55339920.804735005,1.7577588329995706
AOA,CEC2017_F13,23,53425650.75255029,1.7721245000002455
AOA,CEC2017_F13,24,27742303.160528198,1.758301875000143
AOA,CEC2017_F13,25,48633601.513296336,1.7392097080000894
AOA,CEC2017_F13,26,82383449.68500356,1.747039166999457
AOA,CEC2017_F13,27,45667724.42292858,1.6504285420005544
AOA,CEC2017_F13,28,42819520.42020809,1.771584666000308
AOA,CEC2017_F13,29,24097499.99249861,1.9188744169996426
AOA,CEC2017_F17,0,276683745.532626,1.708840584000427
AOA,CEC2017_F17,1,57871801.522219434,1.819066582999767
AOA,CEC2017_F17,2,250265839.4855537,1.8048527090004427
AOA,CEC2017_F17,3,387475053.3540263,1.8079424580000705
AOA,CEC2017_F17,4,512894341.7339819,1.8833357909998085
AOA,CEC2017_F17,5,131940077.2854795,1.8325589160003801
AOA,CEC2017_F17,6,144667494.38375342,1.8187119169997459
AOA,CEC2017_F17,7,77114747.30668259,1.757714916000623
AOA,CEC2017_F17,8,157828555.26304448,1.8047945829994205
AOA,CEC2017_F17,9,356859169.9219126,1.8097473749994606
AOA,CEC2017_F17,10,191355936.39547485,1.7798188340002525
AOA,CEC2017_F17,11,46952216.12694391,1.763863541000319
AOA,CEC2017_F17,12,662502467.7510215,1.7193978750001406
AOA,CEC2017_F17,13,762656732.4495915,1.7943786670002737
AOA,CEC2017_F17,14,76639945.26314047,1.71340387500004
AOA,CEC2017_F17,15,911798718.9384687,1.7881457079993197
AOA,CEC2017_F17,16,137584941.45066503,1.824280292000367
AOA,CEC2017_F17,17,4050978.645413417,1.8145341250001366
AOA,CEC2017_F17,18,360016789.02226985,1.7709313750001456
AOA,CEC2017_F17,19,180669456.31665424,1.8115010000001348
AOA,CEC2017_F17,20,598552800.482084,1.7812400839993643
AOA,CEC2017_F17,21,95686774.0286208,1.7657588749998467
AOA,CEC2017_F17,22,83731912.33118516,1.9170769169995765
AOA,CEC2017_F17,23,334391290.2901645,1.8087488749997647
AOA,CEC2017_F17,24,172967449.315455,1.7423094999994646
AOA,CEC2017_F17,25,306832333.0852084,1.8286027089998242
AOA,CEC2017_F17,26,364805786.0726094,1.864502166999955
AOA,CEC2017_F17,27,88319222.58920914,1.75072366600034
AOA,CEC2017_F17,28,772124805.7351261,1.8311564169998746
AOA,CEC2017_F17,29,166620852.80126804,1.84840558399992
AOA,CEC2017_F15,0,20346352821.182743,2.8906532920000245
AOA,CEC2017_F15,1,16589354255.733814,2.8171729170007893
AOA,CEC2017_F15,2,4445443020.26746,2.796249875000285
AOA,CEC2017_F15,3,1366265193.4448771,2.720862084000146
AOA,CEC2017_F15,4,5737758316.472771,2.765525458000411
AOA,CEC2017_F15,5,9398875709.925209,2.8137995419992876
AOA,CEC2017_F15,6,19260145980.941563,2.764521375000186
AOA,CEC2017_F15,7,22197385417.39009,2.739756416999626
AOA,CEC2017_F15,8,5867529278.315707,2.7096707910004625
AOA,CEC2017_F15,9,24742045535.691833,2.7617971669997132
AOA,CEC2017_F15,10,18773482564.725906,2.7458603749992108
AOA,CEC2017_F15,11,3456040311.269943,2.79292866600008
AOA,CEC2017_F15,12,23193362165.153484,2.787363292000009
AOA,CEC2017_F15,13,7651851196.619222,2.8188240839999708
AOA,CEC2017_F15,14,188039618.51459268,2.7878249169998526
AOA,CEC2017_F15,15,5944927453.588879,2.7731735420002224
AOA,CEC2017_F15,16,8743572990.189692,2.7708029169998554
AOA,CEC2017_F15,17,10320363094.787529,2.740719458000058
AOA,CEC2017_F15,18,4302034888.380554,2.727905667000414
AOA,CEC2017_F15,19,6843173383.606968,2.774947291999524
AOA,CEC2017_F15,20,15963317774.468855,2.9148883750003733
AOA,CEC2017_F15,21,6401308278.717457,2.7311894579997897
AOA,CEC2017_F15,22,1134635651.2416413,2.7531900839994705
AOA,CEC2017_F15,23,9666162270.025238,2.9378035419995285
AOA,CEC2017_F15,24,17833027616.731865,2.766359332999855
AOA,CEC2017_F15,25,3838015513.1793375,2.724226541000462
AOA,CEC2017_F15,26,8332575829.400861,2.6677867910002533
AOA,CEC2017_F15,27,6308644258.307455,2.739211874999455
AOA,CEC2017_F15,28,11188973450.643423,2.720047333000366
AOA,CEC2017_F15,29,2131851657.4358404,2.785748875000536
AOA,CEC2017_F20,0,66447.41200939659,2.0527725419997296
AOA,CEC2017_F20,1,48622.80900649894,2.0266988330004096
AOA,CEC2017_F20,2,61110.027809772735,2.008411291999437
AOA,CEC2017_F20,3,58848.774955846166,2.1197149999998146
AOA,CEC2017_F20,4,52414.2747539074,1.9809371249994001
AOA,CEC2017_F20,5,64881.237493506946,2.126505750000433
AOA,CEC2017_F20,6,68664.79863663131,2.1697708750007223
AOA,CEC2017_F20,7,49197.24655345193,2.01637779199973
AOA,CEC2017_F20,8,57875.87211135028,2.047609332999855
AOA,CEC2017_F20,9,58568.10665359782,2.0087499170003866
AOA,CEC2017_F20,10,47492.14661404083,1.9859192499998244
AOA,CEC2017_F20,11,45042.72770069508,2.013538832999984
AOA,CEC2017_F20,12,59358.88797839629,2.0144336250004926
AOA,CEC2017_F20,13,63549.52293177027,2.0266207079994274
AOA,CEC2017_F20,14,67258.44616773589,1.9682552499998565
AOA,CEC2017_F20,15,56118.72072156994,2.020058166999661
AOA,CEC2017_F20,16,59011.79637851597,2.033657832999779
AOA,CEC2017_F20,17,59191.72189326777,2.0623620409996875
AOA,CEC2017_F20,18,66322.65781933728,1.9991431670005113
AOA,CEC2017_F20,19,61240.828806867765,2.024318874999153
AOA,CEC2017_F20,20,67804.60940100162,2.021383624999544
AOA,CEC2017_F20,21,54646.52330293474,1.9808884579997539
AOA,CEC2017_F20,22,63434.117433974396,2.0451313749999827
AOA,CEC2017_F20,23,50780.25366986634,1.97605645800013
AOA,CEC2017_F20,24,56497.23386222961,2.1062118749996444
AOA,CEC2017_F20,25,60585.322855462124,1.9607082499996977
AOA,CEC2017_F20,26,56110.97409997093,1.93198937499983
AOA,CEC2017_F20,27,59527.380685087075,1.9944432920001418
AOA,CEC2017_F20,28,51088.538044192785,2.0294545829992785
AOA,CEC2017_F20,29,59500.885855304405,1.9907507089992578
AOA,CEC2017_F21,0,6431.303101237461,2.428503582999838
AOA,CEC2017_F21,1,6335.091213887711,2.416358041999956
AOA,CEC2017_F21,2,5365.975371214206,2.4098979999998846
AOA,CEC2017_F21,3,6776.458869334192,2.4701131250003527
AOA,CEC2017_F21,4,4822.646772691861,2.475775750000139
AOA,CEC2017_F21,5,7731.216373033388,2.3530485419996694
AOA,CEC2017_F21,6,6961.377355663429,2.3726014170006238
AOA,CEC2017_F21,7,6129.656783257743,2.3626777079998647
AOA,CEC2017_F21,8,5479.753583134117,2.3820425829999294
AOA,CEC2017_F21,9,6457.837508754251,2.3852932079998936
AOA,CEC2017_F21,10,6854.349134588083,2.3670431660002578
AOA,CEC2017_F21,11,6307.158469559443,2.332007333000547
AOA,CEC2017_F21,12,7628.782383657931,2.4109297079994576
AOA,CEC2017_F21,13,7780.43300356893,2.355139291999876
AOA,CEC2017_F21,14,5970.596942204568,2.380638832999466
AOA,CEC2017_F21,15,6372.4596323818005,2.4707794590003687
AOA,CEC2017_F21,16,7304.025684666916,2.461183749999691
AOA,CEC2017_F21,17,6219.525957069854,2.4225786249999146
AOA,CEC2017_F21,18,7443.323357040598,2.393088458999955
AOA,CEC2017_F21,19,8527.68430655988,2.493476291000661
AOA,CEC2017_F21,20,5574.002996136294,2.4024545829997805
AOA,CEC2017_F21,21,6030.866770042943,2.4393930420001197
AOA,CEC2017_F21,22,6344.5623341690925,2.3660568750001403
AOA,CEC2017_F21,23,6879.303818278137,2.3807369160003873
AOA,CEC2017_F21,24,6713.683023801301,2.5055293329996857
AOA,CEC2017_F21,25,4584.724099461042,2.542277584000658
AOA,CEC2017_F21,26,7538.622156959037,2.3634616670005926
AOA,CEC2017_F21,27,6780.4960374989305,2.413417458999902
AOA,CEC2017_F21,28,4686.180607525298,2.3854850409998107
AOA,CEC2017_F21,29,6350.454933135774,2.4327856669997345
AOA,CEC2017_F23,0,37715.90964830831,2.224815167000088
AOA,CEC2017_F23,1,35881.81069352043,2.258599332999438
AOA,CEC2017_F23,2,36328.65774606964,2.307147624999743
AOA,CEC2017_F23,3,32809.72734504968,2.2571342500004903
AOA,CEC2017_F23,4,36584.299432727705,2.2777332920004483
AOA,CEC2017_F23,5,37899.0062980723,2.236355416999686
AOA,CEC2017_F23,6,35721.64530288822,2.260147416000109
AOA,CEC2017_F23,7,35479.54481130215,2.1493649169997298
AOA,CEC2017_F23,8,37094.120522588346,2.252243666999675
AOA,CEC2017_F23,9,34137.24706757117,2.1666265829999247
AOA,CEC2017_F23,10,37425.6867645598,2.3124669580001864
AOA,CEC2017_F23,11,36866.26104567602,2.214889041999413
AOA,CEC2017_F23,12,38228.462686282335,2.239289916999951
AOA,CEC2017_F23,13,35992.43926004912,2.2062051670000073
AOA,CEC2017_F23,14,37314.234879975644,2.1392381249997925
AOA,CEC2017_F23,15,36588.62839245586,2.184377999999924
AOA,CEC2017_F23,16,36215.86334346876,2.2299442499997895
AOA,CEC2017_F23,17,35237.6675490962,2.257080207999934
AOA,CEC2017_F23,18,34476.565019197704,2.240419750000001
AOA,CEC2017_F23,19,37830.15193038216,2.2444087090007088
AOA,CEC2017_F23,20,34986.96535055037,2.47354070900019
AOA,CEC2017_F23,21,37909.57347663964,2.3670383750004476
AOA,CEC2017_F23,22,37909.946616754336,2.2069816670000364
AOA,CEC2017_F23,23,36116.06402658736,2.338569292000102
AOA,CEC2017_F23,24,34872.575837239536,2.260033167000074
AOA,CEC2017_F23,25,37232.88604806424,2.2742983750003987
AOA,CEC2017_F23,26,37084.19413381137,2.3767640420001044
AOA,CEC2017_F23,27,35938.66033675276,2.348955792000197
AOA,CEC2017_F23,28,35170.73047023686,2.2372760420003033
AOA,CEC2017_F23,29,38468.531544171885,2.238064416999805
AOA,CEC2017_F18,0,1228164011539901.2,3.96640566699989
AOA,CEC2017_F18,1,2525560893659917.0,3.8702889169999253
AOA,CEC2017_F18,2,1.7208685440632944e+16,4.019479458000205
AOA,CEC2017_F18,3,142642630983120.12,3.997320958000273
AOA,CEC2017_F18,4,4174010899443239.0,3.864845625000271
AOA,CEC2017_F18,5,2538816428444079.0,3.9779005000000325
AOA,CEC2017_F18,6,1.7614617903424918e+16,3.8440180839997993
AOA,CEC2017_F18,7,1793033024731878.8,3.831313417000274
AOA,CEC2017_F18,8,767935669677806.6,3.873380583000653
AOA,CEC2017_F18,9,9360337825060100.0,3.9049258330005614
AOA,CEC2017_F18,10,8466228004715526.0,3.914956916999472
AOA,CEC2017_F18,11,1.253325557532445e+16,3.9165319589992578
AOA,CEC2017_F18,12,7272857939335320.0,3.876828416000535
AOA,CEC2017_F18,13,4315121559744576.0,3.981139792000249
AOA,CEC2017_F18,14,1.8025938301470444e+16,3.6984636659999524
AOA,CEC2017_F18,15,6723947651067229.0,3.914336916999673
AOA,CEC2017_F18,16,642229132905674.2,3.856357833000402
AOA,CEC2017_F18,17,1850906162775604.5,3.9806257500003994
AOA,CEC2017_F18,18,1.896942859300306e+16,3.9345572910006013
AOA,CEC2017_F18,19,669392721126223.8,3.866534791999584
AOA,CEC2017_F18,20,1.7754126898064808e+16,3.9115703329998723
AOA,CEC2017_F18,21,3842516721844590.0,3.862896207999256
AOA,CEC2017_F18,22,5785050114594611.0,4.005563458000324
AOA,CEC2017_F18,23,3.8264781138102904e+16,4.128902374999598
AOA,CEC2017_F18,24,6495992302228225.0,3.924912542000129
AOA,CEC2017_F18,25,7598713462666799.0,3.9496587080002428
AOA,CEC2017_F18,26,7.830919500628467e+16,3.9533972919998632
AOA,CEC2017_F18,27,1.3759685168741392e+16,4.09581579099995
AOA,CEC2017_F18,28,1447085229708885.8,3.930877791999592
AOA,CEC2017_F18,29,3959212324745661.5,3.8742486249993817
AOA,CEC2017_F22,0,62273.05909266925,2.6288610000001427
AOA,CEC2017_F22,1,72393.50835498606,2.64407329200003
AOA,CEC2017_F22,2,63015.54222938406,2.6115376249999827
AOA,CEC2017_F22,3,64016.76322491368,2.7114062079999712
AOA,CEC2017_F22,4,64859.86744401089,2.672404875000211
AOA,CEC2017_F22,5,66227.31415251485,2.6496401670001433
AOA,CEC2017_F22,6,74390.13155522634,2.7355831250006304
AOA,CEC2017_F22,7,69160.29206463638,2.739227166999626
AOA,CEC2017_F22,8,73558.5131056985,2.731531250000444
AOA,CEC2017_F22,9,71511.37395222137,2.725121374999617
AOA,CEC2017_F22,10,73163.84508058502,2.78693366600055
AOA,CEC2017_F22,11,69191.73228013788,2.5613014999998995
AOA,CEC2017_F22,12,60190.5948716354,2.6802453749996857
AOA,CEC2017_F22,13,59920.27198266259,2.6664013339996018
AOA,CEC2017_F22,14,63436.663542916205,2.688799083000049
AOA,CEC2017_F22,15,69072.45697422545,2.695705000000089
AOA,CEC2017_F22,16,62421.53942718892,2.711736416000349
AOA,CEC2017_F22,17,67634.46561918384,2.655479541999739
AOA,CEC2017_F22,18,73099.10536882651,2.9512465420002627
AOA,CEC2017_F22,19,65256.894040730884,2.636778166000113
AOA,CEC2017_F22,20,67968.07159841679,2.8073781670000244
AOA,CEC2017_F22,21,62288.18157163045,2.709210250000069
AOA,CEC2017_F22,22,63570.384928306856,2.906496208000135
AOA,CEC2017_F22,23,65705.45277957318,3.0524360829995203
AOA,CEC2017_F22,24,66249.48505621227,2.7167150839995884
AOA,CEC2017_F22,25,70396.21682865513,2.6614152080001077
AOA,CEC2017_F22,26,66445.64070295598,2.7247477090004395
AOA,CEC2017_F22,27,70508.68266892999,2.6105402909997792
AOA,CEC2017_F22,28,71076.38386341848,2.646776417000183
AOA,CEC2017_F22,29,68176.95281346828,2.6425560830002723
AOA,CEC2017_F24,0,8124.0397394381625,2.536075250000067
AOA,CEC2017_F24,1,6048.8866395898995,2.4017490839996753
AOA,CEC2017_F24,2,9472.906132355758,2.455758582999806
AOA,CEC2017_F24,3,7699.279584716776,2.354596291999769
AOA,CEC2017_F24,4,8154.381795663284,2.3152894579998247
AOA,CEC2017_F24,5,7262.313413271971,2.371057583000038
AOA,CEC2017_F24,6,8994.273327324825,2.3909246249995704
AOA,CEC2017_F24,7,6140.04560762853,2.396333541999411
AOA,CEC2017_F24,8,6799.49126881255,2.4569255420001355
AOA,CEC2017_F24,9,8690.5310352555,2.4871667910001634
AOA,CEC2017_F24,10,9267.202166785182,2.6860185830000773
AOA,CEC2017_F24,11,9122.463611729547,2.4021261660000164
AOA,CEC2017_F24,12,9489.85520681535,2.652588250000008
AOA,CEC2017_F24,13,7130.085106229499,2.36935983299918
AOA,CEC2017_F24,14,7638.220148507915,2.470164041999851
AOA,CEC2017_F24,15,8750.209265096433,2.55862149999939
AOA,CEC2017_F24,16,7505.941457595502,2.398220790999403
AOA,CEC2017_F24,17,7024.906554145583,2.4403106669997214
AOA,CEC2017_F24,18,8883.842055733458,2.2879715409999335
AOA,CEC2017_F24,19,8493.201398438727,2.3480067090004013
AOA,CEC2017_F24,20,6863.038174683861,2.4377978749998874
AOA,CEC2017_F24,21,8124.211041094202,2.4403203749998283
AOA,CEC2017_F24,22,10172.621776833723,2.3602417090005474
AOA,CEC2017_F24,23,6284.217914617862,2.426743916000305
AOA,CEC2017_F24,24,8824.46064913378,2.4398624169998584
AOA,CEC2017_F24,25,8316.476114734265,2.4119506249999176
AOA,CEC2017_F24,26,7312.242089311022,2.4397484580003947
AOA,CEC2017_F24,27,9311.079128725964,2.3684506669997063
AOA,CEC2017_F24,28,8947.434965929813,2.419664500000181
AOA,CEC2017_F24,29,8166.026047423568,2.385667459000615
AOA,CEC2017_F16,0,247771036269593.7,7.726985749999585
AOA,CEC2017_F16,1,784438010315367.6,7.693727625000065
AOA,CEC2017_F16,2,1.658799910073997e+16,7.513483333000295
AOA,CEC2017_F16,3,4.4992886687174664e+16,7.587526750000507
AOA,CEC2017_F16,4,1.6719716271967944e+16,7.614114916999824
AOA,CEC2017_F16,5,2418543394586012.5,7.631592084000658
AOA,CEC2017_F16,6,138852104064369.88,7.677578625000024
AOA,CEC2017_F16,7,287057045900699.8,7.506357000000207
AOA,CEC2017_F16,8,440771794929943.9,7.5790012919997025
AOA,CEC2017_F16,9,26261350004307.945,7.601718332999553
AOA,CEC2017_F16,10,2.6714933971269024e+16,7.608313208000254
AOA,CEC2017_F16,11,5603193321949180.0,7.679155750000064
AOA,CEC2017_F16,12,634730195241358.8,7.572644582999601
AOA,CEC2017_F16,13,53097125393625.31,7.546254582999609
AOA,CEC2017_F16,14,38518305438951.15,8.022045875000003
AOA,CEC2017_F16,15,1.9097168650261916e+16,7.789707333000479
AOA,CEC2017_F16,16,2.980726332112074e+16,7.853121916000418
AOA,CEC2017_F16,17,1874135564996786.0,7.685837584000183
AOA,CEC2017_F16,18,8396248710890377.0,7.574383291000231
AOA,CEC2017_F16,19,2.1607483453012376e+16,7.50711258299998
AOA,CEC2017_F16,20,2900876950279034.5,7.634143500000391
AOA,CEC2017_F16,21,1.3439765557949208e+16,7.610629040999811
AOA,CEC2017_F16,22,9874110160018.453,7.530124375000014
AOA,CEC2017_F16,23,1758304911365201.2,7.603739041999688
AOA,CEC2017_F16,24,8800133062378225.0,7.5394714169997314
AOA,CEC2017_F16,25,6373458544393230.0,7.573299749999933
AOA,CEC2017_F16,26,7989883794563785.0,7.644186624999747
AOA,CEC2017_F16,27,1029376995822820.6,7.575895666999713
AOA,CEC2017_F16,28,1903852760906540.2,7.488826957999663
AOA,CEC2017_F16,29,164423975672980.56,7.487688084000183
SSA,CEC2017_F28,0,551449474.7700366,18.809497583999473
SSA,CEC2017_F28,1,2958373702.724342,18.911099124999964
SSA,CEC2017_F28,2,4609045772.302975,18.960822374999225
SSA,CEC2017_F28,3,3465080696.0560827,18.951083332999588
SSA,CEC2017_F28,4,16186398436.308598,19.056917124999927
SSA,CEC2017_F28,5,7419108710.574069,18.67257058300038
SSA,CEC2017_F28,6,1854888984.007788,18.673208375000286
SSA,CEC2017_F28,7,1038209400715.7523,18.553300124999623
SSA,CEC2017_F28,8,1219813909.1551702,18.730177999999796
SSA,CEC2017_F28,9,28875799550.33915,18.631672374999653
SSA,CEC2017_F28,10,551248734677.6472,18.71995062499991
SSA,CEC2017_F28,11,38741826293.68185,18.655098459000328
SSA,CEC2017_F28,12,4244193305543.116,18.542832541999815
SSA,CEC2017_F28,13,54554125993.33252,18.660095540999464
SSA,CEC2017_F28,14,2772348371.711721,18.852728207999462
SSA,CEC2017_F28,15,15887120653.099556,18.790560667000136
SSA,CEC2017_F28,16,10089092052790.49,18.704452582999693
SSA,CEC2017_F28,17,2852478988.673487,18.521701917000428
SSA,CEC2017_F28,18,33591984580.737675,18.465124166999885
SSA,CEC2017_F28,19,9880843013.625006,18.622800875000394
SSA,CEC2017_F28,20,12864479232.27545,18.72711758300011
SSA,CEC2017_F28,21,908388833.1165245,18.72525483299978
SSA,CEC2017_F28,22,11162763415.246408,18.72590154200043
SSA,CEC2017_F28,23,961303556212.5612,19.248185374999593
SSA,CEC2017_F28,24,2558671971.3995132,18.676329083000383
SSA,CEC2017_F28,25,675637537755.6241,18.67078733300059
SSA,CEC2017_F28,26,326184469953.0086,18.437890291999793
SSA,CEC2017_F28,27,5546985167.840048,18.465033124999536
SSA,CEC2017_F28,28,14431888446.410477,18.78456420800012
SSA,CEC2017_F28,29,32567703328.903515,18.495920291000402
AOA,CEC2017_F19,0,15556.065415574361,7.651731500000096
AOA,CEC2017_F19,1,13696.328386245832,7.741314875000171
AOA,CEC2017_F19,2,19384.57141864689,7.633008416999473
AOA,CEC2017_F19,3,17849.646261201146,7.597170333000577
AOA,CEC2017_F19,4,11697.835030389831,7.6817513750002036
AOA,CEC2017_F19,5,12449.104424384741,7.654984333000357
AOA,CEC2017_F19,6,11756.162629920307,7.705222790999869
AOA,CEC2017_F19,7,13201.967787539937,7.616117666000719
AOA,CEC2017_F19,8,11065.04881312231,7.479398833999767
AOA,CEC2017_F19,9,21018.134879656172,7.668383749999521
AOA,CEC2017_F19,10,14145.885900225945,7.612837917000434
AOA,CEC2017_F19,11,10969.722826308873,7.953664749999916
AOA,CEC2017_F19,12,22641.663745638958,7.714647959000104
AOA,CEC2017_F19,13,14548.079973938655,7.949152541999865
AOA,CEC2017_F19,14,24217.852243365574,7.565130625000165
AOA,CEC2017_F19,15,12809.808980029673,7.792735209000057
AOA,CEC2017_F19,16,22017.43351847374,7.533644166999693
AOA,CEC2017_F19,17,14419.563491629528,7.703956666000522
AOA,CEC2017_F19,18,12308.764627438715,7.655138041999635
AOA,CEC2017_F19,19,15581.543538299848,7.7864826670002
AOA,CEC2017_F19,20,12237.15992416638,7.720704332999958
AOA,CEC2017_F19,21,8346.109609228908,7.693233750000218
AOA,CEC2017_F19,22,14396.090610371903,7.650834000000032
AOA,CEC2017_F19,23,15582.526822347396,7.639576458000192
AOA,CEC2017_F19,24,12727.79409791897,7.7346721249996335
AOA,CEC2017_F19,25,25652.23603892645,7.574936000000889
AOA,CEC2017_F19,26,12234.24195090088,7.575952832999974
AOA,CEC2017_F19,27,22820.413109453988,7.646435000000565
AOA,CEC2017_F19,28,13128.229519018936,7.662927542000034
AOA,CEC2017_F19,29,22911.97336957432,7.608955957999569
COA,CEC2017_F1,0,46368669285.386116,1.0434464589998242
COA,CEC2017_F1,1,49693389927.37859,1.0197234999995999
COA,CEC2017_F1,2,29065358205.002384,1.070490250000148
COA,CEC2017_F1,3,33076064023.654694,1.020900083000015
COA,CEC2017_F1,4,49825410393.35438,1.0265202919999865
COA,CEC2017_F1,5,33908949546.369926,1.0047370000002047
COA,CEC2017_F1,6,34090455324.235928,0.9923934170001303
COA,CEC2017_F1,7,41902489654.01031,1.013574583999798
COA,CEC2017_F1,8,24199943217.976048,1.0290499579996322
COA,CEC2017_F1,9,36101999993.4779,0.9870991249999861
COA,CEC2017_F1,10,43307197500.79357,0.9947106659992642
COA,CEC2017_F1,11,36788590632.275055,1.0258544159996745
COA,CEC2017_F1,12,32946296747.28672,1.0445154580002054
COA,CEC2017_F1,13,36176512358.16805,1.0244599589996142
COA,CEC2017_F1,14,40878731495.869865,1.0304952500000581
COA,CEC2017_F1,15,56210055844.911,1.0458056249999572
COA,CEC2017_F1,16,26888667074.83669,1.0481886249999661
COA,CEC2017_F1,17,34300177552.47837,1.0242975000001024
COA,CEC2017_F1,18,39374336624.88805,1.0444125419999182
COA,CEC2017_F1,19,55984657119.489426,1.0488282500000423
COA,CEC2017_F1,20,33348477651.877537,1.0058786670006157
COA,CEC2017_F1,21,41026870329.62444,1.0117907499998182
COA,CEC2017_F1,22,34302982212.906834,1.0412166669993894
COA,CEC2017_F1,23,29734700422.294914,1.0235976670001037
COA,CEC2017_F1,24,33357106460.19788,1.009227667000232
COA,CEC2017_F1,25,40906117218.87015,1.0237203750002664
COA,CEC2017_F1,26,40680242866.79061,0.999079874999552
COA,CEC2017_F1,27,48122728777.96044,1.003404084000067
COA,CEC2017_F1,28,41805689525.57332,0.9724357920003968
COA,CEC2017_F1,29,33779250975.90444,1.0287569160000203
COA,CEC2017_F2,0,87741.9701515052,1.1194396670007336
COA,CEC2017_F2,1,97949.47459776035,1.1848369580002327
COA,CEC2017_F2,2,77824.42068968285,1.1377621669998916
COA,CEC2017_F2,3,66408.74373421294,1.1057270420005807
COA,CEC2017_F2,4,80535.93331749186,1.0769775839999056
COA,CEC2017_F2,5,72080.80411301828,1.1279838329992344
COA,CEC2017_F2,6,92200.28550696862,1.1404955000007249
COA,CEC2017_F2,7,81021.30707347643,1.1190421250003055
COA,CEC2017_F2,8,87022.55760380253,1.1528940420002982
COA,CEC2017_F2,9,81366.48284501814,1.093525915999635
COA,CEC2017_F2,10,82879.36311350444,1.126525292000224
COA,CEC2017_F2,11,99869.09669171402,1.1595923329996367
COA,CEC2017_F2,12,78123.55140230557,1.0897113330001957
COA,CEC2017_F2,13,89841.03475705234,1.076036667000153
COA,CEC2017_F2,14,102432.65578818857,1.1500757909998356
COA,CEC2017_F2,15,79167.42902355334,1.1476192919999448
COA,CEC2017_F2,16,93533.9915747329,1.124865917000534
COA,CEC2017_F2,17,90686.99044458315,1.1058637090000047
COA,CEC2017_F2,18,113143.71585122673,1.117761999999857
COA,CEC2017_F2,19,107816.54839313727,1.1184579159998975
COA,CEC2017_F2,20,77060.57019223158,1.1400069579995034
COA,CEC2017_F2,21,78534.43659255726,1.1651561670005322
COA,CEC2017_F2,22,82238.25245779486,1.148910082999464
COA,CEC2017_F2,23,70018.28265778438,1.11787566699968
COA,CEC2017_F2,24,65105.81037304459,1.158455290999882
COA,CEC2017_F2,25,76356.18121751753,1.1012708339994788
COA,CEC2017_F2,26,96964.80106046353,1.0968734580001183
COA,CEC2017_F2,27,68179.46561903325,1.1254957499995726
COA,CEC2017_F2,28,78329.78087810596,1.1247066670002823
COA,CEC2017_F2,29,86421.65273243665,1.119625792000079
COA,CEC2017_F3,0,2941.1533661774856,1.3185364159999153
COA,CEC2017_F3,1,6827.158749030657,1.2799572089998037
COA,CEC2017_F3,2,7885.593481116281,1.2807494170001519
COA,CEC2017_F3,3,9365.58812176874,1.2780491659996187
COA,CEC2017_F3,4,5160.440766919065,1.2896282920000885
COA,CEC2017_F3,5,6905.7638784434685,1.298845708999579
COA,CEC2017_F3,6,8915.51233490441,1.314216125000712
COA,CEC2017_F3,7,8640.421395462963,1.3056806249996953
COA,CEC2017_F3,8,3508.7088950922025,1.2687868749999325
COA,CEC2017_F3,9,2950.0242658979564,1.2964805000001434
COA,CEC2017_F3,10,7388.033795660578,1.2367127500001516
COA,CEC2017_F3,11,6603.530825305631,1.2738892090001173
COA,CEC2017_F3,12,4219.828935627437,1.238257082999553
COA,CEC2017_F3,13,6279.976105934428,1.2881733750000421
COA,CEC2017_F3,14,12035.31543469219,1.2812659999999596
COA,CEC2017_F3,15,5649.541020305926,1.2835604170004444
COA,CEC2017_F3,16,7533.980634054881,1.258497291999447
COA,CEC2017_F3,17,7167.627248984817,1.2186617910001587
COA,CEC2017_F3,18,5127.1177416214905,1.280013790999874
COA,CEC2017_F3,19,6821.355848545574,1.2975257090001833
COA,CEC2017_F3,20,5512.695948792396,1.3160649580004247
COA,CEC2017_F3,21,9954.452567287866,1.227771333000419
COA,CEC2017_F3,22,4924.900196228142,1.2922230840003976
COA,CEC2017_F3,23,4978.988925869483,1.276055166000333
COA,CEC2017_F3,24,5612.8738404074165,1.2931961249996675
COA,CEC2017_F3,25,7047.837306927914,1.292105666999305
COA,CEC2017_F3,26,3904.7804181862857,1.2783122920000096
COA,CEC2017_F3,27,6960.620686044015,1.284483999999793
COA,CEC2017_F3,28,2929.5064622180844,1.2734210420003365
COA,CEC2017_F3,29,6786.768244204299,1.2967382089991588
AOA,CEC2017_F25,0,13696.32852675772,6.283994458000052
AOA,CEC2017_F25,1,27296.04595844968,6.577095000000554
AOA,CEC2017_F25,2,18654.578774150403,6.4057577909998145
AOA,CEC2017_F25,3,23931.954677932463,6.405271833999905
AOA,CEC2017_F25,4,20228.37362061126,6.411781249999876
AOA,CEC2017_F25,5,29703.735231276118,6.289782959000149
AOA,CEC2017_F25,6,25162.712751364936,6.238084125000569
AOA,CEC2017_F25,7,29150.431631069347,6.438073792000068
AOA,CEC2017_F25,8,20338.594315927716,6.369397790999756
AOA,CEC2017_F25,9,18084.295655624308,6.329982332999862
AOA,CEC2017_F25,10,16594.429697215768,6.427745874999346
AOA,CEC2017_F25,11,20134.910406008774,6.133379625000089
AOA,CEC2017_F25,12,27092.777852114043,6.320772125000076
AOA,CEC2017_F25,13,23187.281750691098,6.309274500000356
AOA,CEC2017_F25,14,28587.060851225968,6.112636291999479
AOA,CEC2017_F25,15,21362.866937499355,6.306071458000588
AOA,CEC2017_F25,16,18641.46215569175,6.238873791000515
AOA,CEC2017_F25,17,22932.3901606683,6.328637124999659
AOA,CEC2017_F25,18,22083.145733583195,6.336704583000028
AOA,CEC2017_F25,19,19209.10217031115,6.397025792000022
AOA,CEC2017_F25,20,25200.86400731414,6.248345625000184
AOA,CEC2017_F25,21,24088.826730263678,6.399216583999987
AOA,CEC2017_F25,22,35084.39621259431,6.262029999999868
AOA,CEC2017_F25,23,23679.13870948255,6.288963250000052
AOA,CEC2017_F25,24,19641.94162503355,6.347409624999273
AOA,CEC2017_F25,25,20019.756088431295,6.331355583000004
AOA,CEC2017_F25,26,26232.70859683558,6.425990291999369
AOA,CEC2017_F25,27,18919.487472068125,6.194081167000149
AOA,CEC2017_F25,28,35516.04912110908,6.315315584000018
AOA,CEC2017_F25,29,13233.738327203771,6.325997959000233
COA,CEC2017_F4,0,56104.08052722004,1.1731074999997873
COA,CEC2017_F4,1,38281.963414963786,1.081862834000276
COA,CEC2017_F4,2,57661.271117665805,1.1894816669991997
COA,CEC2017_F4,3,45402.44457391807,1.1210392499997397
COA,CEC2017_F4,4,49571.84137538462,1.1486359999998967
COA,CEC2017_F4,5,38412.43175049003,1.1397270839997873
COA,CEC2017_F4,6,50186.55275797147,1.18352324999978
COA,CEC2017_F4,7,45932.511941205914,1.1733810409996295
COA,CEC2017_F4,8,63689.01254164841,1.1508712499999092
COA,CEC2017_F4,9,44837.783518466225,1.1740422499997294
COA,CEC2017_F4,10,42055.34218425595,1.1900662090001788
COA,CEC2017_F4,11,45545.682377990874,1.1851171250000334
COA,CEC2017_F4,12,48692.96480774595,1.1759534579996398
COA,CEC2017_F4,13,55138.624771655406,1.1579727910002475
COA,CEC2017_F4,14,43052.091999981654,1.1333890420000898
COA,CEC2017_F4,15,42888.648667261514,1.145625958999517
COA,CEC2017_F4,16,23540.757357615206,1.1774875000000975
COA,CEC2017_F4,17,42278.53099780086,1.1197893329999715
COA,CEC2017_F4,18,27751.940806971026,1.180066708000595
COA,CEC2017_F4,19,46023.267591197204,1.1476993750002293
COA,CEC2017_F4,20,41842.543290659225,1.1862928749997081
COA,CEC2017_F4,21,47026.937578790195,1.159535458999926
COA,CEC2017_F4,22,56629.43129525204,1.1712257919998592
COA,CEC2017_F4,23,47720.620184563755,1.1783020420007233
COA,CEC2017_F4,24,38723.56430998433,1.1623380000000907
COA,CEC2017_F4,25,48888.393624622826,1.1619679169998562
COA,CEC2017_F4,26,59935.24730086246,1.1430690409997624
COA,CEC2017_F4,27,41971.500925761386,1.1530515419999574
COA,CEC2017_F4,28,32917.93386966571,1.1478867079995325
COA,CEC2017_F4,29,38838.1129567423,1.1752643750005518
AOA,CEC2017_F29,0,687928108008248.2,5.363915249999991
AOA,CEC2017_F29,1,38284540568982.11,5.160075833000519
AOA,CEC2017_F29,2,10459882614454.273,5.273013625000203
AOA,CEC2017_F29,3,5716242749055.231,5.283491041999696
AOA,CEC2017_F29,4,7143447425092.03,5.373212749999766
AOA,CEC2017_F29,5,14326094425234.139,5.370061250000617
AOA,CEC2017_F29,6,4589424886492.688,5.219914375000371
AOA,CEC2017_F29,7,10132272888116.459,5.349712958000055
AOA,CEC2017_F29,8,9099485191602.662,5.239556666000681
AOA,CEC2017_F29,9,38279462634101.414,5.257511709000028
AOA,CEC2017_F29,10,136263546210090.56,5.2720514160000675
AOA,CEC2017_F29,11,12776852666546.275,5.276344582999627
AOA,CEC2017_F29,12,29756583013951.87,5.250861749999785
AOA,CEC2017_F29,13,1897103692571.6348,5.273814125000172
AOA,CEC2017_F29,14,51835393992419.99,5.369901334000133
AOA,CEC2017_F29,15,18440257589345.715,5.268077915999129
AOA,CEC2017_F29,16,23944446148828.37,5.2461478330005775
AOA,CEC2017_F29,17,123426849333952.73,5.216400708000037
AOA,CEC2017_F29,18,9530648632577.486,5.241962250000142
AOA,CEC2017_F29,19,17292111095947.203,5.270228874999702
AOA,CEC2017_F29,20,58771180568624.81,5.288801042000159
AOA,CEC2017_F29,21,48782070308670.695,5.357205999999678
AOA,CEC2017_F29,22,8874687781011.654,5.278687749999335
AOA,CEC2017_F29,23,23638241913850.83,5.231239582999478
AOA,CEC2017_F29,24,14071576254360.05,5.279323249999834
AOA,CEC2017_F29,25,57618186901146.18,5.314493999999286
AOA,CEC2017_F29,26,28003974933512.844,5.4280598750001445
AOA,CEC2017_F29,27,2367997512077.1084,5.345602875000623
AOA,CEC2017_F29,28,77083308018718.8,5.362773167000341
AOA,CEC2017_F29,29,4514230831340.647,5.315317083000082
AOA,CEC2017_F27,0,10541.288279421253,6.202329458999884
AOA,CEC2017_F27,1,13638.20341373271,6.091895415999716
AOA,CEC2017_F27,2,9396.001690302084,6.139121125000202
AOA,CEC2017_F27,3,13185.369981512029,6.066205250000166
AOA,CEC2017_F27,4,8942.837174096861,6.183363457999803
AOA,CEC2017_F27,5,8173.493071961811,5.982262083000023
AOA,CEC2017_F27,6,11794.358610649031,6.102305249999517
AOA,CEC2017_F27,7,10155.7616446018,6.053698541999438
AOA,CEC2017_F27,8,12761.645519830567,6.1083819169998606
AOA,CEC2017_F27,9,11245.116307284661,6.041043292000722
AOA,CEC2017_F27,10,10327.107869601929,6.048636333000104
AOA,CEC2017_F27,11,9364.344200745447,6.050530000000435
AOA,CEC2017_F27,12,7942.450742501363,6.044188165999913
AOA,CEC2017_F27,13,6681.7210643638955,6.097731582999586
AOA,CEC2017_F27,14,12809.008131083754,6.171880167000381
AOA,CEC2017_F27,15,13751.955622557802,6.111349415999939
AOA,CEC2017_F27,16,12667.563083431232,6.0766400830007115
AOA,CEC2017_F27,17,13360.988063708477,6.108384125000157
AOA,CEC2017_F27,18,12312.15868648978,6.153111249999711
AOA,CEC2017_F27,19,17083.727494798943,6.042112583999369
AOA,CEC2017_F27,20,13912.34804466529,5.977833666000151
AOA,CEC2017_F27,21,12436.34657619873,6.1532641670000885
AOA,CEC2017_F27,22,8453.280226231189,6.165037167000264
AOA,CEC2017_F27,23,7605.328481281753,6.074527624999973
AOA,CEC2017_F27,24,16991.221990145896,6.056059624999762
AOA,CEC2017_F27,25,10718.928736852286,6.134428958000171
AOA,CEC2017_F27,26,11688.31927650605,6.055468542000199
AOA,CEC2017_F27,27,10537.852374618029,6.104710708000312
AOA,CEC2017_F27,28,10025.175975861617,6.004009083999335
AOA,CEC2017_F27,29,8400.672771062564,6.100730332999774
AOA,CEC2017_F26,0,5387.111264971825,6.415913999999248
AOA,CEC2017_F26,1,6271.374422053437,6.5861601249998785
AOA,CEC2017_F26,2,6389.800261886436,6.470099416999801
AOA,CEC2017_F26,3,5442.0542657223505,6.491833291999683
AOA,CEC2017_F26,4,5782.642421010833,6.480835374999515
AOA,CEC2017_F26,5,5234.4273989558615,6.491053415999886
AOA,CEC2017_F26,6,5765.42303466321,6.504683625000325
AOA,CEC2017_F26,7,5418.5148229105125,6.519680833000166
AOA,CEC2017_F26,8,6023.051447608884,6.65339454199966
AOA,CEC2017_F26,9,6023.427823453308,6.566533500000332
AOA,CEC2017_F26,10,7294.718041518644,6.552710958000716
AOA,CEC2017_F26,11,5321.172072808578,6.581755958000031
AOA,CEC2017_F26,12,4893.127842871859,6.526196124999842
AOA,CEC2017_F26,13,6509.198015808707,6.419646457999988
AOA,CEC2017_F26,14,5298.21638497982,6.569785417000276
AOA,CEC2017_F26,15,6358.525672768037,6.570105082999362
AOA,CEC2017_F26,16,5503.654239340483,6.605511958000534
AOA,CEC2017_F26,17,5471.444819539319,6.499355292000473
AOA,CEC2017_F26,18,5818.134781656779,6.522761625000385
AOA,CEC2017_F26,19,5966.44922757086,6.489413290999437
AOA,CEC2017_F26,20,6085.056151925359,6.440249041000243
AOA,CEC2017_F26,21,6532.331613681803,6.546883125000022
AOA,CEC2017_F26,22,6423.78206623616,6.453436332999445
AOA,CEC2017_F26,23,6136.116795440512,6.582853875000183
AOA,CEC2017_F26,24,6574.071082213662,6.430209707999893
AOA,CEC2017_F26,25,5935.150661959376,6.525902166999913
AOA,CEC2017_F26,26,5154.712090087038,6.466629250000551
AOA,CEC2017_F26,27,5128.771577706373,6.527042665999943
AOA,CEC2017_F26,28,5717.322323678146,6.565240042000369
AOA,CEC2017_F26,29,7069.018975051457,6.5187413749999905
COA,CEC2017_F6,0,1192925.4995341497,1.6037713340001574
COA,CEC2017_F6,1,1691252.311972572,1.5822560830001748
COA,CEC2017_F6,2,1834114.5297850396,1.5054743749997215
COA,CEC2017_F6,3,1396554.1913014238,1.5386903750004421
COA,CEC2017_F6,4,1386856.191809869,1.5482134169997153
COA,CEC2017_F6,5,1866888.4669358865,1.5381448750003983
COA,CEC2017_F6,6,1119550.1710058397,1.5847008749997258
COA,CEC2017_F6,7,1306530.560716146,1.544211749999704
COA,CEC2017_F6,8,1624579.958020287,1.481245707999733
COA,CEC2017_F6,9,1658361.3435244025,1.5069270829999368
COA,CEC2017_F6,10,1656630.8414857667,1.5123828750001849
COA,CEC2017_F6,11,1802534.3763305426,1.554066583000349
COA,CEC2017_F6,12,1523530.6758273582,1.5245097090000854
COA,CEC2017_F6,13,1283197.1029440109,1.5440527920000022
COA,CEC2017_F6,14,1565712.3649594032,1.54726650000066
COA,CEC2017_F6,15,1924272.2705452356,1.5341261670000677
COA,CEC2017_F6,16,1182648.1107121932,1.529302999999345
COA,CEC2017_F6,17,1867672.0857873326,1.535400374999881
COA,CEC2017_F6,18,1631370.0834391592,1.5573743340000874
COA,CEC2017_F6,19,1229877.1406452819,1.4668713329992897
COA,CEC2017_F6,20,1694838.3747411007,1.5459857089999787
COA,CEC2017_F6,21,1348370.1741265776,1.5107184589996905
COA,CEC2017_F6,22,2309373.8979451535,1.5333387500004392
COA,CEC2017_F6,23,1252528.98506916,1.5202635000005102
COA,CEC2017_F6,24,2120236.3613453093,1.562530166000215
COA,CEC2017_F6,25,1897248.575349503,1.5452337080005236
COA,CEC2017_F6,26,1720905.4465340744,1.5263440000007904
COA,CEC2017_F6,27,1463581.5850371553,1.5640611250000802
COA,CEC2017_F6,28,1730004.119724895,1.5293433340002593
COA,CEC2017_F6,29,1473034.0342437837,1.6138859999991837
COA,CEC2017_F8,0,828.0975230178587,1.5695009999999456
COA,CEC2017_F8,1,832.5807397764885,1.5296054580003329
COA,CEC2017_F8,2,839.0353991978708,1.5672363329995278
COA,CEC2017_F8,3,820.5610400020054,1.5788985419994788
COA,CEC2017_F8,4,831.4675189248617,1.5370819999998275
COA,CEC2017_F8,5,831.8424175574162,1.5907642080001096
COA,CEC2017_F8,6,825.1794477421507,1.5557687499995154
COA,CEC2017_F8,7,828.4779305012928,1.558744416999616
COA,CEC2017_F8,8,820.3556820363435,1.599048875000335
COA,CEC2017_F8,9,826.3054536777637,1.5434700410005462
COA,CEC2017_F8,10,840.9514652620464,1.5177673749994938
COA,CEC2017_F8,11,819.2160451130509,1.5967927499996222
COA,CEC2017_F8,12,824.5114307155343,1.54747158400005
COA,CEC2017_F8,13,828.0273634542391,1.608171042000322
COA,CEC2017_F8,14,821.735868009841,1.541802292000284
COA,CEC2017_F8,15,825.6978994798071,1.5625582090005992
COA,CEC2017_F8,16,812.7863155830441,1.5354829580001024
COA,CEC2017_F8,17,829.5199461262465,1.5341554160004307
COA,CEC2017_F8,18,833.7909200371332,1.5750620000007984
COA,CEC2017_F8,19,821.6232545579337,1.5669482499997684
COA,CEC2017_F8,20,821.8904749621112,1.568457207999927
COA,CEC2017_F8,21,827.6220770579584,1.622776832999989
COA,CEC2017_F8,22,823.5367018812025,1.6053697500001363
COA,CEC2017_F8,23,840.2490632041334,1.5379055419998622
COA,CEC2017_F8,24,830.6458126747077,1.456956375000118
COA,CEC2017_F8,25,828.9952584587252,1.546951875000559
COA,CEC2017_F8,26,822.5554176020165,1.533953666999878
COA,CEC2017_F8,27,823.698303592001,1.536969499999941
COA,CEC2017_F8,28,829.2912936751517,1.563585917000637
COA,CEC2017_F8,29,826.0934899412524,1.5362522499999614
COA,CEC2017_F5,0,500.02222513284846,2.6710249159996238
COA,CEC2017_F5,1,500.01447894186543,2.605071833000693
COA,CEC2017_F5,2,500.01807774123284,2.6948544999995647
COA,CEC2017_F5,3,500.0328881157666,2.6347180410002693
COA,CEC2017_F5,4,500.02845465359917,2.8388981250000143
COA,CEC2017_F5,5,500.01911868489145,2.7026148750001084
COA,CEC2017_F5,6,500.0258522306585,2.757937041999867
COA,CEC2017_F5,7,500.0178100939179,2.595138708000377
COA,CEC2017_F5,8,500.03039674723095,2.688934791000065
COA,CEC2017_F5,9,500.02541820109303,2.745732749999661
COA,CEC2017_F5,10,500.0210643667892,2.6381946659994355
COA,CEC2017_F5,11,500.0236816660186,2.7060297499992885
COA,CEC2017_F5,12,500.0380333184734,2.7151054590003696
COA,CEC2017_F5,13,500.0372103287362,2.7479066670002794
COA,CEC2017_F5,14,500.0278603420201,2.703368167000008
COA,CEC2017_F5,15,500.0143619334133,2.7328664579999895
COA,CEC2017_F5,16,500.02488758883004,2.674171625000781
COA,CEC2017_F5,17,500.03022656693673,2.741702959000577
COA,CEC2017_F5,18,500.04188117794723,2.685242499999731
COA,CEC2017_F5,19,500.02061935690165,2.6896489170003406
COA,CEC2017_F5,20,500.0210183355359,2.651321166999878
COA,CEC2017_F5,21,500.02847455010203,2.720962459000475
COA,CEC2017_F5,22,500.0294080555416,2.693665957999656
COA,CEC2017_F5,23,500.0267422794945,2.7377252500000395
COA,CEC2017_F5,24,500.02405081334405,2.663313250000101
COA,CEC2017_F5,25,500.01354601432917,2.6487898329996824
COA,CEC2017_F5,26,500.0133334052495,2.629001833000075
COA,CEC2017_F5,27,500.02434919583794,2.6583446249996996
COA,CEC2017_F5,28,500.0293549543389,2.703738500000327
COA,CEC2017_F5,29,500.03126164211676,2.7342126660005306
COA,CEC2017_F7,0,1285.4175755843492,2.378998082999715
COA,CEC2017_F7,1,1325.9166874578625,2.399216792000516
COA,CEC2017_F7,2,1252.3903370907378,2.370002249999743
COA,CEC2017_F7,3,1266.0363190634118,2.386889916000655
COA,CEC2017_F7,4,1322.9517251290467,2.4229372499994497
COA,CEC2017_F7,5,1328.5518959807991,2.3547749999997905
COA,CEC2017_F7,6,1377.6193135046956,2.4263045409998085
COA,CEC2017_F7,7,1261.6313933923325,2.385985833000632
COA,CEC2017_F7,8,1345.9324859234393,2.366632416000357
COA,CEC2017_F7,9,1329.744189492075,2.3657940410002993
COA,CEC2017_F7,10,1188.7215889553634,2.3164586250004504
COA,CEC2017_F7,11,1335.8759815849803,2.3906617500006178
COA,CEC2017_F7,12,1325.7691990847952,2.327523958000711
COA,CEC2017_F7,13,1200.3995718008737,2.3363884580003287
COA,CEC2017_F7,14,1328.4694794517263,2.3565302920005706
COA,CEC2017_F7,15,1304.0828863718093,2.4534243749994857
COA,CEC2017_F7,16,1189.650818752741,2.4212321670001984
COA,CEC2017_F7,17,1403.4340206951815,2.453734916999565
COA,CEC2017_F7,18,1282.0942723760586,2.3778029169998263
COA,CEC2017_F7,19,1288.5677916771551,2.4027270839997072
COA,CEC2017_F7,20,1289.7051017875694,2.404254000000037
COA,CEC2017_F7,21,1287.768246245923,2.365999667000324
COA,CEC2017_F7,22,1385.1129281594913,2.4057589580006606
COA,CEC2017_F7,23,1277.2934845638524,2.3545385830002488
COA,CEC2017_F7,24,1363.178586266036,2.4290105830004904
COA,CEC2017_F7,25,1354.0818667022238,2.426314542
COA,CEC2017_F7,26,1173.5643582283803,2.4109428749998187
COA,CEC2017_F7,27,1152.901346217716,2.36471041599998
COA,CEC2017_F7,28,1216.6328788023752,2.362695249999888
COA,CEC2017_F7,29,1342.9361161194222,2.420273165999788
COA,CEC2017_F10,0,43563264.66769137,1.8114672499996232
COA,CEC2017_F10,1,64268637.54615655,1.7721169169999484
COA,CEC2017_F10,2,105404723.48784058,1.7338870839994343
COA,CEC2017_F10,3,159261603.70711625,1.7896555409997745
COA,CEC2017_F10,4,318580410.57452905,1.6930801670005167
COA,CEC2017_F10,5,89787396.13847998,1.7856990829995993
COA,CEC2017_F10,6,91749967.93772446,1.7704572080001526
COA,CEC2017_F10,7,243265846.14049587,1.7392152920001536
COA,CEC2017_F10,8,57819202.68281531,1.7485267909996765
COA,CEC2017_F10,9,379943977.2406166,1.7860567090001496
COA,CEC2017_F10,10,316203956.77049863,1.743547667000712
COA,CEC2017_F10,11,617764256.6398536,1.8273930830000609
COA,CEC2017_F10,12,203658051.5576952,1.6998962500001653
COA,CEC2017_F10,13,244771400.6342499,1.7837447499996415
COA,CEC2017_F10,14,983949899.3110769,1.7964022919995841
COA,CEC2017_F10,15,686743050.5426797,1.744737250000071
COA,CEC2017_F10,16,377034701.58077574,1.7974383750006382
COA,CEC2017_F10,17,102232399.89816439,1.7207950000001802
COA,CEC2017_F10,18,135265870.68392,1.772593333000259
COA,CEC2017_F10,19,255787066.65742266,1.751152374999947
COA,CEC2017_F10,20,75512592.79767774,1.8132832080000298
COA,CEC2017_F10,21,156506108.19239166,1.774728249999498
COA,CEC2017_F10,22,666207303.4644265,1.8061287919999813
COA,CEC2017_F10,23,42364614.09369201,1.7050297920004596
COA,CEC2017_F10,24,92018259.41412352,1.7315272499999992
COA,CEC2017_F10,25,278115719.5347363,1.772518583999954
COA,CEC2017_F10,26,200017375.0110011,1.7647406249998312
COA,CEC2017_F10,27,53861764.28933887,1.794181958000081
COA,CEC2017_F10,28,48462798.532903634,1.7792724580003778
COA,CEC2017_F10,29,62899297.745054245,1.806260041999849
COA,CEC2017_F9,0,7584.362696718504,2.3358924170006503
COA,CEC2017_F9,1,8481.531665745577,2.2977882499999396
COA,CEC2017_F9,2,7921.059341129153,2.369609749999654
COA,CEC2017_F9,3,7878.56189687382,2.3323040420000325
COA,CEC2017_F9,4,7698.654906006513,2.355446374999701
COA,CEC2017_F9,5,8203.225309764763,2.3250067500002842
COA,CEC2017_F9,6,6895.186260747827,2.287136167000426
COA,CEC2017_F9,7,7869.357398231194,2.3517272910003157
COA,CEC2017_F9,8,8634.639853424134,2.399286625000059
COA,CEC2017_F9,9,7162.014637846502,2.360585583000102
COA,CEC2017_F9,10,8274.570869092637,2.3087746660003177
COA,CEC2017_F9,11,8029.197540512929,2.3365301670000918
COA,CEC2017_F9,12,8216.71229726432,2.3557224579999456
COA,CEC2017_F9,13,8244.735594261916,2.411846083000455
COA,CEC2017_F9,14,8390.49177873274,2.334166708000339
COA,CEC2017_F9,15,8475.550398143336,2.2881789590001063
COA,CEC2017_F9,16,7830.33482968319,2.325459249999767
COA,CEC2017_F9,17,7794.669978416661,2.3906663750003645
COA,CEC2017_F9,18,8308.426260681405,2.375229584000408
COA,CEC2017_F9,19,7566.798384266226,2.3264875419999953
COA,CEC2017_F9,20,7754.696005188718,2.3218445419997806
COA,CEC2017_F9,21,8105.805584717425,2.292767124999955
COA,CEC2017_F9,22,8116.634260751379,2.3753651659999377
COA,CEC2017_F9,23,7564.918338545907,2.3456285000002026
COA,CEC2017_F9,24,8154.36212409494,2.377953791999971
COA,CEC2017_F9,25,7614.7347280316935,2.290259666999191
COA,CEC2017_F9,26,7840.260073947434,2.3848274580004727
COA,CEC2017_F9,27,7667.795367314888,2.3725550420003856
COA,CEC2017_F9,28,8180.095022201902,2.261984417000349
COA,CEC2017_F9,29,8651.153938009647,2.3140510419998463
COA,CEC2017_F12,0,3219745883.011472,1.97887745800017
COA,CEC2017_F12,1,4956010454.681745,1.9256040830005077
COA,CEC2017_F12,2,2224167397.649651,1.919377500000337
COA,CEC2017_F12,3,5889947785.997395,1.9892018749997078
COA,CEC2017_F12,4,3906601038.3972507,1.8289370000002236
COA,CEC2017_F12,5,2358038173.726811,1.924183291999725
COA,CEC2017_F12,6,1902524272.4633293,1.9680123329999333
COA,CEC2017_F12,7,4028248435.0612626,1.9738655409992134
COA,CEC2017_F12,8,1485984694.959402,1.929756250000537
COA,CEC2017_F12,9,2810583515.129089,1.9773883339994427
COA,CEC2017_F12,10,2696241510.8779645,1.9501561249999213
COA,CEC2017_F12,11,4272136893.837949,1.940955916999883
COA,CEC2017_F12,12,3672691552.2932334,1.9942425839999487
COA,CEC2017_F12,13,1003005797.0210694,1.9682187499993233
COA,CEC2017_F12,14,6785107074.490554,1.9231079170003795
COA,CEC2017_F12,15,3241437903.17641,1.9915897090004364
COA,CEC2017_F12,16,3823826994.62052,1.9810905829999683
COA,CEC2017_F12,17,1378251917.162229,1.9775255829999878
COA,CEC2017_F12,18,1168715942.6830194,1.9549681669996062
COA,CEC2017_F12,19,4723410105.691396,1.9687450000001263
COA,CEC2017_F12,20,2606596143.3144326,1.965520208000271
COA,CEC2017_F12,21,3461484422.15895,1.8648013749998427
COA,CEC2017_F12,22,5208187963.405606,1.9668179579994103
COA,CEC2017_F12,23,3210217554.960082,1.981559124999876
COA,CEC2017_F12,24,3152943018.1173353,1.9196954580002057
COA,CEC2017_F12,25,4087030006.503881,2.0484694169999784
COA,CEC2017_F12,26,1579669195.6661477,1.8998538329997245
COA,CEC2017_F12,27,2181300211.3623505,1.9876294159994359
COA,CEC2017_F12,28,2792487588.213754,1.962436875000094
COA,CEC2017_F12,29,652246930.3593898,1.9139980840000135
COA,CEC2017_F11,0,2536274834.373696,2.6675242499995875
COA,CEC2017_F11,1,1906398937.1175277,2.580729374999464
COA,CEC2017_F11,2,2126604478.079828,2.8057029580004382
COA,CEC2017_F11,3,3154415032.476412,2.6847463750000315
COA,CEC2017_F11,4,3503930593.419931,2.71102774999963
COA,CEC2017_F11,5,3746182231.33972,2.665453874999912
COA,CEC2017_F11,6,3592620717.8629885,2.652269458999399
COA,CEC2017_F11,7,1125994594.3293488,2.7082988750007644
COA,CEC2017_F11,8,2729044403.1521435,2.6580073750001247
COA,CEC2017_F11,9,3766183630.7620583,2.646948457999315
COA,CEC2017_F11,10,2119210928.6934404,2.7202912909997394
COA,CEC2017_F11,11,1819683603.5037928,2.654156458000216
COA,CEC2017_F11,12,3707262405.23326,2.6719188750003013
COA,CEC2017_F11,13,3245457417.6834235,2.581346250000024
COA,CEC2017_F11,14,3675778470.580244,2.724015292000331
COA,CEC2017_F11,15,2166584122.8278713,2.6670257499999934
COA,CEC2017_F11,16,3787543738.243244,2.6363186660000792
COA,CEC2017_F11,17,975785693.8263228,2.6792888339996352
COA,CEC2017_F11,18,3794071416.94389,2.6283094159998655
COA,CEC2017_F11,19,2135394694.4178934,2.70225954200032
COA,CEC2017_F11,20,2142497919.6440773,2.6447580000003654
COA,CEC2017_F11,21,1850071053.019549,2.635604042000523
COA,CEC2017_F11,22,2284312664.397884,2.6664175830001113
COA,CEC2017_F11,23,2266025634.232436,2.626346625000224
COA,CEC2017_F11,24,5398964465.575072,2.7117017500004295
COA,CEC2017_F11,25,3428911251.34737,2.657524000000194
COA,CEC2017_F11,26,3367402234.461499,2.72688187499989
COA,CEC2017_F11,27,1867232301.8951766,2.692519416000323
COA,CEC2017_F11,28,3515761727.192406,2.7205688750000263
COA,CEC2017_F11,29,2691450370.281213,2.6221990829999413
COA,CEC2017_F13,0,931517.2004683798,2.2804078339995613
COA,CEC2017_F13,1,489526.9616760048,2.2766160000001037
COA,CEC2017_F13,2,1083881.9483305558,2.2396612080001432
COA,CEC2017_F13,3,1453373.8852074912,2.272371750000275
COA,CEC2017_F13,4,1229482.0774282352,2.220736374999433
COA,CEC2017_F13,5,981318.5406602396,2.3187589999997726
COA,CEC2017_F13,6,1624492.8083426484,2.3095051250002143
COA,CEC2017_F13,7,1021612.1393805763,2.2870360839997375
COA,CEC2017_F13,8,641031.194425686,2.2240482090001024
COA,CEC2017_F13,9,494834.13535526535,2.237117749999925
COA,CEC2017_F13,10,1111073.1786140564,2.2700952920004056
COA,CEC2017_F13,11,2303800.091402661,2.2593227910001588
COA,CEC2017_F13,12,1428741.4062695913,2.1563629169995693
COA,CEC2017_F13,13,1656365.5553722528,2.278894582999783
COA,CEC2017_F13,14,571851.936591444,2.2523300419998122
COA,CEC2017_F13,15,407913.53441206133,2.2901105829996595
COA,CEC2017_F13,16,1400234.2990387082,2.248187291999784
COA,CEC2017_F13,17,901868.9700920554,2.2490948340000614
COA,CEC2017_F13,18,1197162.4823581958,2.2684138330005226
COA,CEC2017_F13,19,520802.9552104892,2.3041996249994554
COA,CEC2017_F13,20,641730.6705790097,2.2851330410003357
COA,CEC2017_F13,21,1143695.717266028,2.248882916999719
COA,CEC2017_F13,22,608506.5373012968,2.297932249999576
COA,CEC2017_F13,23,1313145.7404592342,2.2342730840000513
COA,CEC2017_F13,24,1015778.0470516174,2.2336064589999296
COA,CEC2017_F13,25,635458.5586934747,2.3050560829997266
COA,CEC2017_F13,26,1379102.2114983108,2.229630833000556
COA,CEC2017_F13,27,1042872.6205678392,2.2556792499999574
COA,CEC2017_F13,28,420609.2933452175,2.2633889999997336
COA,CEC2017_F13,29,3476217.5184558313,2.2925884159994894
COA,CEC2017_F14,0,762021506.3218169,1.9170802500002537
COA,CEC2017_F14,1,598948499.4486518,1.9377937920007753
COA,CEC2017_F14,2,988590901.2968163,1.972958166999888
COA,CEC2017_F14,3,214298620.05725396,1.9805161670001326
COA,CEC2017_F14,4,171288183.98440123,1.9278057909996278
COA,CEC2017_F14,5,1133443216.1786346,1.9333346670000537
COA,CEC2017_F14,6,495061153.3399633,1.9816448330002459
COA,CEC2017_F14,7,636769162.0339763,2.02090966599917
COA,CEC2017_F14,8,1264472368.3782659,1.9024225410003055
COA,CEC2017_F14,9,236596559.72041398,1.9662474169999768
COA,CEC2017_F14,10,1238455530.3209882,1.897674000000734
COA,CEC2017_F14,11,749954133.5230514,1.9259212500001013
COA,CEC2017_F14,12,471450659.78438854,1.9246045829995637
COA,CEC2017_F14,13,1073622309.0941885,1.971714332999909
COA,CEC2017_F14,14,429347631.679368,2.013062749999335
COA,CEC2017_F14,15,661419588.835383,1.9455439579996892
COA,CEC2017_F14,16,918844258.7414752,1.9361442089993943
COA,CEC2017_F14,17,848318995.3549128,1.991732082999988
COA,CEC2017_F14,18,853122919.4235841,1.936855666000156
COA,CEC2017_F14,19,405122691.4597716,1.9676572919997852
COA,CEC2017_F14,20,243953674.14335454,1.9505504999997356
COA,CEC2017_F14,21,410734844.1476922,1.953024207999988
COA,CEC2017_F14,22,106012537.08653994,1.941152334000435
COA,CEC2017_F14,23,393274220.8226044,1.9543778750003185
COA,CEC2017_F14,24,872481827.4557443,2.01973233300032
COA,CEC2017_F14,25,425249702.5074626,1.9788424580001447
COA,CEC2017_F14,26,589226106.7250113,2.0023067920001267
COA,CEC2017_F14,27,154120753.53481132,1.9484969590002947
COA,CEC2017_F14,28,691167677.7964306,1.9798067080000692
COA,CEC2017_F14,29,495186728.0450895,1.9453509160002795
AOA,CEC2017_F28,0,80338593428679.23,10.16160149999996
AOA,CEC2017_F28,1,611636556874324.6,10.061532167000223
AOA,CEC2017_F28,2,96439837947309.94,9.947003250000307
AOA,CEC2017_F28,3,99426498014169.86,9.965978874999564
AOA,CEC2017_F28,4,519767381842240.4,10.128232207999645
AOA,CEC2017_F28,5,98335685110164.02,10.108206040999903
AOA,CEC2017_F28,6,220499871502091.06,10.217410666999967
AOA,CEC2017_F28,7,30429284745873.105,10.005154333000064
AOA,CEC2017_F28,8,48111723794958.484,9.95119104100013
AOA,CEC2017_F28,9,8201253644289.475,10.130893249999644
AOA,CEC2017_F28,10,57483359925593.97,10.04603862499971
AOA,CEC2017_F28,11,8204106455080.117,10.051914957999543
AOA,CEC2017_F28,12,201608017455578.56,10.02843545900032
AOA,CEC2017_F28,13,82813331057453.88,10.132043833000353
AOA,CEC2017_F28,14,85167622997643.05,10.115910540999721
AOA,CEC2017_F28,15,125291611436120.23,10.00371129099949
AOA,CEC2017_F28,16,237780190387272.22,10.117518791000293
AOA,CEC2017_F28,17,8454650847135.919,10.012137749999965
AOA,CEC2017_F28,18,38593384387773.56,9.97773079199942
AOA,CEC2017_F28,19,598419409998866.0,10.112236375000066
AOA,CEC2017_F28,20,152138677022052.88,10.125454041999546
AOA,CEC2017_F28,21,175679001246860.97,10.057412625000325
AOA,CEC2017_F28,22,673324750085478.6,10.063784959000259
AOA,CEC2017_F28,23,227281246496.23477,10.009647208999922
AOA,CEC2017_F28,24,114994053131558.84,9.892264375000195
AOA,CEC2017_F28,25,124258323040197.39,9.978110916999867
AOA,CEC2017_F28,26,127629032800473.33,10.009035249999215
AOA,CEC2017_F28,27,52509652375923.875,10.072003709000455
AOA,CEC2017_F28,28,2243595550069.1704,9.994528583000829
AOA,CEC2017_F28,29,169080214432612.34,10.08438145800028
COA,CEC2017_F17,0,5309192.73800578,2.372655707999911
COA,CEC2017_F17,1,1590426.9228699687,2.362564874999407
COA,CEC2017_F17,2,1947947.4224489683,2.314638083000318
COA,CEC2017_F17,3,1511629.567142176,2.2885306250000212
COA,CEC2017_F17,4,3024498.7068272796,2.40201158400032
COA,CEC2017_F17,5,2400551.3955340553,2.346520957999928
COA,CEC2017_F17,6,437968.5442738184,2.3459391670003242
COA,CEC2017_F17,7,3509167.147544262,2.373448541000471
COA,CEC2017_F17,8,1165561.5772450995,2.2656635409994124
COA,CEC2017_F17,9,3439438.8660173216,2.325194334000116
COA,CEC2017_F17,10,3821492.5665603,2.293723208999836
COA,CEC2017_F17,11,3413699.1607931918,2.3896845829995073
COA,CEC2017_F17,12,2149523.422880712,2.289457083999878
COA,CEC2017_F17,13,1720628.3971492634,2.206127207999998
COA,CEC2017_F17,14,1371474.6407432177,2.3571874999997817
COA,CEC2017_F17,15,5792508.4641537685,2.2801861660000213
COA,CEC2017_F17,16,7718594.7152183615,2.357746583000335
COA,CEC2017_F17,17,377993.8298163538,2.3134722499999043
COA,CEC2017_F17,18,5184610.69378026,2.304387541000324
COA,CEC2017_F17,19,7277573.390501847,2.3194141670001045
COA,CEC2017_F17,20,3427205.3860390503,2.274108249999699
COA,CEC2017_F17,21,1714663.5093441422,2.342886749999707
COA,CEC2017_F17,22,1843203.2321563005,2.308316166999248
COA,CEC2017_F17,23,1543372.3536241276,2.3357467499999984
COA,CEC2017_F17,24,394526.6205228287,2.2800410419995387
COA,CEC2017_F17,25,1299065.7386413687,2.388873124999918
COA,CEC2017_F17,26,4428225.693629847,2.3132238750004035
COA,CEC2017_F17,27,8060402.003189624,2.2364829590005684
COA,CEC2017_F17,28,7134079.930853042,2.3651370000006864
COA,CEC2017_F17,29,1206793.899215488,2.358423208000204
COA,CEC2017_F20,0,30747.46759776166,2.9460459160000028
COA,CEC2017_F20,1,13968.373747552547,3.005084125000394
COA,CEC2017_F20,2,12093.691855612604,2.9461971660002746
COA,CEC2017_F20,3,12083.45439038003,2.9155570000002626
COA,CEC2017_F20,4,13731.304381762291,2.9694097499996133
COA,CEC2017_F20,5,9627.658336916105,2.9894118749998597
COA,CEC2017_F20,6,11708.331779130735,3.056452291999449
COA,CEC2017_F20,7,21028.110627248585,2.943170999999893
COA,CEC2017_F20,8,17558.859992138197,2.950685374999921
COA,CEC2017_F20,9,14280.07065483982,2.970339583000168
COA,CEC2017_F20,10,8448.720898101825,2.9676620000000185
COA,CEC2017_F20,11,13419.306901247004,2.8587615000005826
COA,CEC2017_F20,12,20231.983389534536,2.9707229579998966
COA,CEC2017_F20,13,20568.20353077095,2.9580655409999963
COA,CEC2017_F20,14,6727.020977091795,3.0141725000003134
COA,CEC2017_F20,15,15985.796030487934,2.9357742080001117
COA,CEC2017_F20,16,9067.92556353163,2.920911083999272
COA,CEC2017_F20,17,9260.446112591306,3.032195249999859
COA,CEC2017_F20,18,13169.98223499377,2.8926046670003416
COA,CEC2017_F20,19,15765.99573753727,3.0301159170003302
COA,CEC2017_F20,20,8539.681041225336,2.962998707999759
COA,CEC2017_F20,21,9546.279736686545,2.9742059999998673
COA,CEC2017_F20,22,8727.306530682861,2.8938642909997725
COA,CEC2017_F20,23,10149.717293080363,2.9540551669997512
COA,CEC2017_F20,24,15561.89232119321,3.023462666999876
COA,CEC2017_F20,25,17466.318219089517,3.0920268749996467
COA,CEC2017_F20,26,4644.3744159536745,2.9400947079993784
COA,CEC2017_F20,27,7327.731665682352,2.982270624999728
COA,CEC2017_F20,28,6433.047749062751,2.948210124999605
COA,CEC2017_F20,29,13897.591779333803,2.9991025839999566
COA,CEC2017_F15,0,52882750.632085435,4.819991291999941
COA,CEC2017_F15,1,12097736.272652,4.780239875000007
COA,CEC2017_F15,2,35609858.09730828,4.713542542000141
COA,CEC2017_F15,3,78735962.10113084,4.777986541000246
COA,CEC2017_F15,4,29360306.3044397,4.69184179199965
COA,CEC2017_F15,5,15801247.76290312,4.737291292000009
COA,CEC2017_F15,6,11304663.971701756,4.626703832999738
COA,CEC2017_F15,7,299150651.5098466,4.685036750000108
COA,CEC2017_F15,8,60166167.35047223,4.598712249999153
COA,CEC2017_F15,9,79498000.49745205,4.737424291000025
COA,CEC2017_F15,10,22453747.5764379,4.679977708000479
COA,CEC2017_F15,11,68357286.83789349,4.642237083000509
COA,CEC2017_F15,12,25609838.233701162,4.606549000000086
COA,CEC2017_F15,13,26065892.104608733,4.700823875000424
COA,CEC2017_F15,14,45516774.19953167,4.687519125000108
COA,CEC2017_F15,15,11901506.395657687,4.635389041000053
COA,CEC2017_F15,16,25935498.152777664,4.762756666000314
COA,CEC2017_F15,17,58754179.904268794,4.658272666999437
COA,CEC2017_F15,18,9178112.623046182,4.654558791999989
COA,CEC2017_F15,19,57501575.19110865,4.684725375000198
COA,CEC2017_F15,20,40949151.11492156,4.603412417000072
COA,CEC2017_F15,21,208876286.92445755,4.913998541000183
COA,CEC2017_F15,22,37759319.40379927,4.724499625000135
COA,CEC2017_F15,23,142815273.87466767,4.657132833000105
COA,CEC2017_F15,24,92012625.78136285,4.647345166999912
COA,CEC2017_F15,25,53633769.25443025,4.620025208999323
COA,CEC2017_F15,26,54436427.70048655,4.673126458999832
COA,CEC2017_F15,27,17408911.541199736,4.6907384169999204
COA,CEC2017_F15,28,48529539.60001453,4.643408875000205
COA,CEC2017_F15,29,27636070.864246838,4.734658042000774
COA,CEC2017_F21,0,3155.751406712532,3.9611488750006174
COA,CEC2017_F21,1,3042.579014263264,3.8771094169997014
COA,CEC2017_F21,2,2752.7165647078036,3.895032832999277
COA,CEC2017_F21,3,2661.036345915723,4.008072749999883
COA,CEC2017_F21,4,2668.606336947518,3.9267466250003054
COA,CEC2017_F21,5,2846.056928016273,3.9701574589998927
COA,CEC2017_F21,6,2965.789147399357,3.866154583000025
COA,CEC2017_F21,7,2849.0596447540893,3.8831359999994675
COA,CEC2017_F21,8,2705.3031531170227,4.047332082999674
COA,CEC2017_F21,9,2663.2995885735436,3.8760973749995173
COA,CEC2017_F21,10,3059.887284980715,4.0208250420000695
COA,CEC2017_F21,11,2689.847501356411,3.9809461249997184
COA,CEC2017_F21,12,2627.094495185063,4.018625624999913
COA,CEC2017_F21,13,3063.444059820091,3.919974583000112
COA,CEC2017_F21,14,2727.9171178579472,3.947341457999755
COA,CEC2017_F21,15,3039.6823220342,4.0187391660001595
COA,CEC2017_F21,16,2927.5180203520968,3.945425167000394
COA,CEC2017_F21,17,3074.225671486383,3.871187791999546
COA,CEC2017_F21,18,2958.4408222326438,3.9551092500005325
COA,CEC2017_F21,19,2813.323197132986,3.928893791000519
COA,CEC2017_F21,20,2910.381072483515,3.990704707999612
COA,CEC2017_F21,21,2947.605967580749,3.9763027500002863
COA,CEC2017_F21,22,2816.0414817449287,3.9441174169996884
COA,CEC2017_F21,23,2926.576678581714,4.034912541000267
COA,CEC2017_F21,24,3054.1937255062803,3.949869750000289
COA,CEC2017_F21,25,3008.5508171369147,3.952414415999556
COA,CEC2017_F21,26,2568.584771582281,3.9823882089995095
COA,CEC2017_F21,27,2841.41447825608,3.9736983749999126
COA,CEC2017_F21,28,2662.16098387248,3.8241629579997607
COA,CEC2017_F21,29,3002.965701242213,3.9079972499994255
COA,CEC2017_F23,0,15835.42298571222,3.489765250000346
COA,CEC2017_F23,1,14971.347469387829,3.4987716670002555
COA,CEC2017_F23,2,20521.166968970014,3.495675915999527
COA,CEC2017_F23,3,17539.890731837513,3.4575785000006363
COA,CEC2017_F23,4,18368.900244849265,3.4524605420001535
COA,CEC2017_F23,5,12249.584432381691,3.4383893330004867
COA,CEC2017_F23,6,13092.498404101436,3.4923820409994732
COA,CEC2017_F23,7,17385.057246411277,3.406148334000136
COA,CEC2017_F23,8,20876.630074834353,3.4587712499996996
COA,CEC2017_F23,9,22049.81431717163,3.4781513329999143
COA,CEC2017_F23,10,19070.7326356774,3.409768915999848
COA,CEC2017_F23,11,11120.88217998643,3.446881959000166
COA,CEC2017_F23,12,18971.910280801145,3.500589957999182
COA,CEC2017_F23,13,11819.88344290078,3.4523509169994213
COA,CEC2017_F23,14,12656.18192814582,3.5168817499998113
COA,CEC2017_F23,15,12129.937196816294,3.4656543330002023
COA,CEC2017_F23,16,21020.173005297802,3.446791166999901
COA,CEC2017_F23,17,21772.345050022617,3.45655700000043
COA,CEC2017_F23,18,17372.98685451418,3.44886970799962
COA,CEC2017_F23,19,20431.095866829328,3.3767725420002535
COA,CEC2017_F23,20,15584.024566123979,3.380607167000562
COA,CEC2017_F23,21,12754.713465922607,3.5521996659999786
COA,CEC2017_F23,22,15885.948089383757,3.560586790999878
COA,CEC2017_F23,23,21878.20736997044,3.4527339999995093
COA,CEC2017_F23,24,16106.804892124055,3.407480959000168
COA,CEC2017_F23,25,16086.340767303771,3.3703666250003153
COA,CEC2017_F23,26,12425.866870013228,3.5089499999994587
COA,CEC2017_F23,27,18088.108714016096,3.483585208000477
COA,CEC2017_F23,28,19748.867978816343,3.5165875829998186
COA,CEC2017_F23,29,21978.04822787059,3.442696916999921
COA,CEC2017_F22,0,30314.571061000268,4.700275082999724
COA,CEC2017_F22,1,26014.70022416955,4.471236041999873
COA,CEC2017_F22,2,31533.131236142744,4.591699249999692
COA,CEC2017_F22,3,21212.569276297356,4.561222667000038
COA,CEC2017_F22,4,32260.20270849506,4.5094822080000085
COA,CEC2017_F22,5,25885.353442944208,4.540617583000312
COA,CEC2017_F22,6,19290.814021700808,4.467937707999226
COA,CEC2017_F22,7,26952.58478774263,4.642350165999233
COA,CEC2017_F22,8,26438.149683776654,4.41100812500008
COA,CEC2017_F22,9,25156.960183010888,4.494361125000069
COA,CEC2017_F22,10,30049.779772124566,4.503377957999874
COA,CEC2017_F22,11,33917.23954328365,4.57446204200005
COA,CEC2017_F22,12,30951.75537369486,4.621922499999528
COA,CEC2017_F22,13,32621.226712269912,4.550841125000261
COA,CEC2017_F22,14,29889.51992793505,4.606882790999407
COA,CEC2017_F22,15,32165.323316718037,4.457244791999983
COA,CEC2017_F22,16,29469.000875648864,4.442218999999568
COA,CEC2017_F22,17,26187.02931114991,4.488689083000281
COA,CEC2017_F22,18,23812.046460460508,4.4750977080002485
COA,CEC2017_F22,19,27512.283089847057,4.495030582999789
COA,CEC2017_F22,20,28390.829144517007,4.4751589580000655
COA,CEC2017_F22,21,24285.20704696305,4.544418750000659
COA,CEC2017_F22,22,28550.122123654735,4.503893582999808
COA,CEC2017_F22,23,38426.76439236032,4.412461292000444
COA,CEC2017_F22,24,31512.16772255581,4.553912041999865
COA,CEC2017_F22,25,27511.0583667586,4.581334333000086
COA,CEC2017_F22,26,39421.633647324765,4.548321832999136
COA,CEC2017_F22,27,22296.371479878682,4.463393709000229
COA,CEC2017_F22,28,27332.410888882194,4.56266662500002
COA,CEC2017_F22,29,33091.08068572114,4.6263431249999485
COA,CEC2017_F24,0,5931.03374125855,3.9058155840002655
COA,CEC2017_F24,1,6389.665387785645,3.8965892079995683
COA,CEC2017_F24,2,4296.218501099659,3.9771870419999686
COA,CEC2017_F24,3,5370.567356987515,3.917079959000148
COA,CEC2017_F24,4,5143.812225728925,3.889353499999743
COA,CEC2017_F24,5,4129.124287954768,3.899316500000168
COA,CEC2017_F24,6,5483.98622580538,3.724191833000077
COA,CEC2017_F24,7,4970.915499478449,3.964660958999957
COA,CEC2017_F24,8,4292.870318064306,3.8116669580003872
COA,CEC2017_F24,9,5153.065179857551,3.8904555420003817
COA,CEC2017_F24,10,3655.7584656974313,3.876675333000094
COA,CEC2017_F24,11,6164.246447901882,3.955486791999647
COA,CEC2017_F24,12,3751.6093126369406,3.9764413750008316
COA,CEC2017_F24,13,4810.5048033777,3.974502125000072
COA,CEC2017_F24,14,4318.869795477051,3.945079832999909
COA,CEC2017_F24,15,4440.338299833269,3.962023459000193
COA,CEC2017_F24,16,4763.787561402293,3.9439693330004957
COA,CEC2017_F24,17,4964.516914054874,3.901677540999117
COA,CEC2017_F24,18,4439.919983516791,3.977779875000124
COA,CEC2017_F24,19,5523.566626968903,3.876500500000475
COA,CEC2017_F24,20,6315.816076585281,3.941951791000065
COA,CEC2017_F24,21,5076.966096919635,3.9830051250000906
COA,CEC2017_F24,22,4918.126076961559,3.9589190420001614
COA,CEC2017_F24,23,5319.99081898269,4.00583800000004
COA,CEC2017_F24,24,5617.01271375644,3.8074202910001986
COA,CEC2017_F24,25,4875.789745237094,3.9198631669996757
COA,CEC2017_F24,26,5968.407212438911,3.941759667000042
COA,CEC2017_F24,27,5689.26112125444,3.9802222500002244
COA,CEC2017_F24,28,4535.945609181897,3.874355832999754
COA,CEC2017_F24,29,7072.404318873889,3.9367419589998462
COA,CEC2017_F18,0,36419713525.0292,7.473867708999933
COA,CEC2017_F18,1,46206841107.92037,7.658340209000016
COA,CEC2017_F18,2,49085891311.40437,7.60901400000057
COA,CEC2017_F18,3,111318872457.35533,7.575496084000406
COA,CEC2017_F18,4,61215211596.90121,7.6482918749998134
COA,CEC2017_F18,5,67620949784.88613,7.543639792000249
COA,CEC2017_F18,6,72316313198.18608,7.719092584000464
COA,CEC2017_F18,7,157929233419.23962,7.671701499999472
COA,CEC2017_F18,8,94131312831.65453,7.608712834000471
COA,CEC2017_F18,9,45250453233.35054,7.488791624999976
COA,CEC2017_F18,10,79180257423.86424,7.626787332999811
COA,CEC2017_F18,11,44819451095.870636,7.678919375000078
COA,CEC2017_F18,12,32067452213.82136,7.717366125000808
COA,CEC2017_F18,13,15842235307.263376,7.877632499999891
COA,CEC2017_F18,14,81750182142.18369,7.741420124999422
COA,CEC2017_F18,15,44004281639.39818,7.80905412500033
COA,CEC2017_F18,16,46834338066.448814,7.665796166000291
COA,CEC2017_F18,17,26695981037.78606,7.813024167000549
COA,CEC2017_F18,18,15645732046.850561,7.745824208000158
COA,CEC2017_F18,19,20989590101.06896,7.651311583999814
COA,CEC2017_F18,20,13317719871.445162,7.650483084000371
COA,CEC2017_F18,21,11549082900.781746,7.695980583000164
COA,CEC2017_F18,22,81659037218.67886,7.597277500000018
COA,CEC2017_F18,23,37788049606.60594,7.591583000000355
COA,CEC2017_F18,24,35986776197.79209,7.540283082999849
COA,CEC2017_F18,25,98021154693.03172,7.719966124999701
COA,CEC2017_F18,26,103926111049.29701,7.7525268750005125
COA,CEC2017_F18,27,120706984063.91531,7.580371667000691
COA,CEC2017_F18,28,50209606996.33074,7.625443832999736
COA,CEC2017_F18,29,123706895288.44183,7.538822457999231
OOA,CEC2017_F1,0,40546194426.81009,0.8902530420000403
OOA,CEC2017_F1,1,44000461261.68805,0.9063950409999961
OOA,CEC2017_F1,2,42613839411.53131,0.948757208000643
OOA,CEC2017_F1,3,43557092756.25333,0.967939624999417
OOA,CEC2017_F1,4,33259719492.48494,0.8713169579996247
OOA,CEC2017_F1,5,32623614648.14432,0.9131556250003996
OOA,CEC2017_F1,6,46485729011.375206,0.9058847090000199
OOA,CEC2017_F1,7,45243360104.61334,0.8759126670001933
OOA,CEC2017_F1,8,52931967535.135895,1.015245791999405
OOA,CEC2017_F1,9,35364206319.08027,0.9804274169991913
OOA,CEC2017_F1,10,39374023666.209175,0.9462568339995414
OOA,CEC2017_F1,11,63970094754.67286,0.9625163749997228
OOA,CEC2017_F1,12,55163979550.4656,0.9270964170000298
OOA,CEC2017_F1,13,58799917608.20754,0.9415106250007739
OOA,CEC2017_F1,14,37759077806.49043,0.9504348749997007
OOA,CEC2017_F1,15,44605590290.757324,0.909897374999673
OOA,CEC2017_F1,16,54451440224.68694,0.9337131249994854
OOA,CEC2017_F1,17,48916879487.939995,0.9314737499998955
OOA,CEC2017_F1,18,45950521181.731,0.9415049170002021
OOA,CEC2017_F1,19,58794489776.23526,0.9221518750000541
OOA,CEC2017_F1,20,45280634409.57371,0.9639466250000623
OOA,CEC2017_F1,21,51690712996.249115,0.9091027080003187
OOA,CEC2017_F1,22,34579717796.80088,0.8623610829999961
OOA,CEC2017_F1,23,32605344387.422817,0.9371294579996174
OOA,CEC2017_F1,24,43208041848.7216,0.9370060420005757
OOA,CEC2017_F1,25,29400622594.0943,0.925334292000116
OOA,CEC2017_F1,26,51600074494.87045,0.9238485829991987
OOA,CEC2017_F1,27,68550191172.19347,0.9318109579999145
OOA,CEC2017_F1,28,49478917552.472305,0.895879708999928
OOA,CEC2017_F1,29,55741690148.169395,0.9258533330003047
OOA,CEC2017_F2,0,76643.09617188983,1.0449443749994316
OOA,CEC2017_F2,1,90004.4592043918,1.136017417000403
OOA,CEC2017_F2,2,90992.36629651325,1.0398421659992891
OOA,CEC2017_F2,3,77888.35638136901,1.0254725839995444
OOA,CEC2017_F2,4,90008.37916839187,1.0340884160004862
OOA,CEC2017_F2,5,96860.79589498929,1.0462229999993724
OOA,CEC2017_F2,6,83038.0489792871,1.0449692499996672
OOA,CEC2017_F2,7,58417.01270941054,0.9972410830005174
OOA,CEC2017_F2,8,88383.73112870664,1.004386250000607
OOA,CEC2017_F2,9,92411.38012760646,1.0654175419995227
OOA,CEC2017_F2,10,88837.18178266587,0.9749712920001912
OOA,CEC2017_F2,11,60064.279451861104,1.0416454590003923
OOA,CEC2017_F2,12,90857.37449329451,1.006435041000259
OOA,CEC2017_F2,13,94215.53665407545,1.0123848329994871
OOA,CEC2017_F2,14,89395.35069704487,1.020698917000118
OOA,CEC2017_F2,15,102127.815460333,1.0080587910006216
OOA,CEC2017_F2,16,72857.19996047349,1.0029149580004741
OOA,CEC2017_F2,17,52796.07284611862,1.0147244170002523
OOA,CEC2017_F2,18,75320.48335253376,1.0058295830003772
OOA,CEC2017_F2,19,83803.32325661708,1.0546847499999785
OOA,CEC2017_F2,20,108709.24348450254,1.017686875000436
OOA,CEC2017_F2,21,81225.70802102408,1.0531763340004545
OOA,CEC2017_F2,22,86806.9702264984,1.0009315830002379
OOA,CEC2017_F2,23,62898.42439130661,1.0750451250005426
OOA,CEC2017_F2,24,98169.08676259468,1.0005690830003005
OOA,CEC2017_F2,25,105033.74040914336,1.0439008330004071
OOA,CEC2017_F2,26,70850.34102462073,1.0549517919998834
OOA,CEC2017_F2,27,102813.07536956361,0.968288209000093
OOA,CEC2017_F2,28,61872.92782504499,0.9892159999999421
OOA,CEC2017_F2,29,109394.42162875111,1.024049250000644
OOA,CEC2017_F3,0,3878.5855194740834,1.1035885410001356
OOA,CEC2017_F3,1,16164.600993617909,1.1236225419997936
OOA,CEC2017_F3,2,10026.801846756673,1.164750124999955
OOA,CEC2017_F3,3,12888.867524167617,1.1434045839996543
OOA,CEC2017_F3,4,13759.8616742754,1.128820750000159
OOA,CEC2017_F3,5,14026.56948257576,1.1272968339999352
OOA,CEC2017_F3,6,11759.86633388457,1.1677379160000783
OOA,CEC2017_F3,7,7101.457909381121,1.1538348750000296
OOA,CEC2017_F3,8,16993.60978995187,1.1343519170004583
OOA,CEC2017_F3,9,6048.663518645083,1.1315588329998718
OOA,CEC2017_F3,10,5347.210307892834,1.2010374159999628
OOA,CEC2017_F3,11,7109.333423278342,1.1101229159994546
OOA,CEC2017_F3,12,12670.987069024311,1.0745000839997374
OOA,CEC2017_F3,13,4236.159110598963,1.1174560420004127
OOA,CEC2017_F3,14,12706.408774237669,1.2786020830008056
OOA,CEC2017_F3,15,13922.723128357862,1.1342873749999853
OOA,CEC2017_F3,16,12309.469775261065,1.121664457999941
OOA,CEC2017_F3,17,8208.78215806913,1.1201572499994654
OOA,CEC2017_F3,18,7172.049312312587,1.1444162910001978
OOA,CEC2017_F3,19,6124.046909658425,1.1352467500000785
OOA,CEC2017_F3,20,5292.4698181135245,1.0547511659997326
OOA,CEC2017_F3,21,7602.790350068963,1.1313320419994852
OOA,CEC2017_F3,22,10064.534168392964,1.1166593750003813
OOA,CEC2017_F3,23,10081.747836847167,1.1549677909997627
OOA,CEC2017_F3,24,5801.257598792219,1.1853552080001464
OOA,CEC2017_F3,25,5776.427541990116,1.1507952089996252
OOA,CEC2017_F3,26,12903.366371485052,1.139430084000196
OOA,CEC2017_F3,27,13140.626886936236,1.1326952500003244
OOA,CEC2017_F3,28,10114.017234427458,1.1283262500001001
OOA,CEC2017_F3,29,9439.94066444007,1.1475355410002521
OOA,CEC2017_F4,0,48107.142053697105,1.03044299999965
OOA,CEC2017_F4,1,43233.43575081287,1.0495572500003618
OOA,CEC2017_F4,2,66416.2668970172,1.0711674160002076
OOA,CEC2017_F4,3,63924.37924601102,1.0446955829993385
OOA,CEC2017_F4,4,69415.4621782066,1.042827582999962
OOA,CEC2017_F4,5,52779.19855367361,1.0496758330000375
OOA,CEC2017_F4,6,54597.14094165032,1.0249359170002208
OOA,CEC2017_F4,7,47435.237193352674,1.0320943750002698
OOA,CEC2017_F4,8,61794.83050400013,1.061517625000306
OOA,CEC2017_F4,9,66981.50261888602,1.0528266660003283
OOA,CEC2017_F4,10,75111.46962344956,1.030194541000128
OOA,CEC2017_F4,11,72046.24944475491,1.1064909579999949
OOA,CEC2017_F4,12,78965.50915635664,1.030391833000067
OOA,CEC2017_F4,13,91142.55355114775,1.055235790999177
OOA,CEC2017_F4,14,56392.30197877567,1.0523912920007206
OOA,CEC2017_F4,15,45371.22199472868,1.0430721660004565
OOA,CEC2017_F4,16,58163.39985963998,1.0220909170002415
OOA,CEC2017_F4,17,51827.36760186435,1.0182889170000635
OOA,CEC2017_F4,18,71071.03955732271,1.0285379580000154
OOA,CEC2017_F4,19,56571.049506531286,1.0566406660000212
OOA,CEC2017_F4,20,59864.59512122756,1.0701742500004912
OOA,CEC2017_F4,21,56907.423764387975,1.064317458000005
OOA,CEC2017_F4,22,66464.10656373158,1.025307791999694
OOA,CEC2017_F4,23,68720.59974832018,1.0679002500000934
OOA,CEC2017_F4,24,55126.72537326136,1.0689117499996428
OOA,CEC2017_F4,25,52355.07431751824,1.0601851250003165
OOA,CEC2017_F4,26,58870.36953690535,1.0717111250005473
OOA,CEC2017_F4,27,82109.67936776803,1.0028620000002775
OOA,CEC2017_F4,28,64033.16381972885,1.0279261249997944
OOA,CEC2017_F4,29,69435.48489158828,1.0601528329998473
OOA,CEC2017_F5,0,500.020252249872,2.2702681249993475
OOA,CEC2017_F5,1,500.0280253610307,2.320166583000173
OOA,CEC2017_F5,2,500.02878315574935,2.2461786670000947
OOA,CEC2017_F5,3,500.0239775123647,2.324978999999985
OOA,CEC2017_F5,4,500.0196645592672,2.2940660829999615
OOA,CEC2017_F5,5,500.0138047823522,2.2935473329998786
OOA,CEC2017_F5,6,500.02484418705006,2.243141625000135
OOA,CEC2017_F5,7,500.0220027207599,2.36061058300038
OOA,CEC2017_F5,8,500.03265109713965,2.226104500000474
OOA,CEC2017_F5,9,500.0095004854354,2.2557821250002235
OOA,CEC2017_F5,10,500.024994673698,2.260957082999994
OOA,CEC2017_F5,11,500.02019355779044,2.3125707910003257
OOA,CEC2017_F5,12,500.02732752385924,2.261527749999914
OOA,CEC2017_F5,13,500.0100235911263,2.3110320830001
OOA,CEC2017_F5,14,500.00853851383084,2.3043683750001946
OOA,CEC2017_F5,15,500.0215563313367,2.2450194579996605
OOA,CEC2017_F5,16,500.0250298997993,2.317790834000334
OOA,CEC2017_F5,17,500.02060777149575,2.3208987919997526
OOA,CEC2017_F5,18,500.0110683881847,2.3233981670000503
OOA,CEC2017_F5,19,500.02897425341627,2.273659874999794
OOA,CEC2017_F5,20,500.01948712053985,2.226028832999873
OOA,CEC2017_F5,21,500.0171614923118,2.2663505410000653
OOA,CEC2017_F5,22,500.0179683125248,2.33737149999979
OOA,CEC2017_F5,23,500.02938001706406,2.2531044590004967
OOA,CEC2017_F5,24,500.01518974328206,2.2677599170001486
OOA,CEC2017_F5,25,500.01200669459683,2.2025703330000397
OOA,CEC2017_F5,26,500.01369268361884,2.3222985840002366
OOA,CEC2017_F5,27,500.0175016632331,2.3407142079995538
OOA,CEC2017_F5,28,500.0154852532618,2.2494445419997646
OOA,CEC2017_F5,29,500.0189639596041,2.270779833999768
OOA,CEC2017_F6,0,2514355.2640303075,1.3580426670005181
OOA,CEC2017_F6,1,2760688.867676336,1.3360114170000088
OOA,CEC2017_F6,2,2305354.471564834,1.3237794999995458
OOA,CEC2017_F6,3,2232869.093135322,1.3485005419997833
OOA,CEC2017_F6,4,2690351.1870530145,1.3804581250005867
OOA,CEC2017_F6,5,2392987.0959769506,1.369914165999944
OOA,CEC2017_F6,6,1652605.3664419383,1.3328124580002623
OOA,CEC2017_F6,7,1736213.7308976348,1.3982302920003349
OOA,CEC2017_F6,8,2241755.3549719346,1.3330885830000625
OOA,CEC2017_F6,9,1691661.8682631126,1.354178291999233
OOA,CEC2017_F6,10,2658640.152511666,1.3283095840006354
OOA,CEC2017_F6,11,1819189.5708311237,1.328070624999782
OOA,CEC2017_F6,12,2528803.5183386095,1.3301429579996693
OOA,CEC2017_F6,13,1613755.1249500485,1.3646110419995239
OOA,CEC2017_F6,14,3147309.1332020266,1.3292820409997148
OOA,CEC2017_F6,15,1808033.8893524413,1.3659436249999999
OOA,CEC2017_F6,16,2352190.872496176,1.3403653329996814
OOA,CEC2017_F6,17,2095440.443291296,1.4990894999991724
OOA,CEC2017_F6,18,1986919.3993750047,1.378524834000018
OOA,CEC2017_F6,19,1191009.1545246737,1.2403477079997174
OOA,CEC2017_F6,20,2342656.4850747,1.2633029580001676
OOA,CEC2017_F6,21,2305665.0035678744,1.3515354579994892
OOA,CEC2017_F6,22,1291456.1066609554,1.3554497920003996
OOA,CEC2017_F6,23,2177986.7786569414,1.3315757089994804
OOA,CEC2017_F6,24,1920980.1989890328,1.3797937500003172
OOA,CEC2017_F6,25,1264757.8349392423,1.3131330420001177
OOA,CEC2017_F6,26,2475213.87087195,1.353561500000069
OOA,CEC2017_F6,27,2282899.6243589832,1.3482479999993302
OOA,CEC2017_F6,28,1965821.375508762,1.3111863750000339
OOA,CEC2017_F6,29,2507481.775546843,1.2332334580005408
COA,CEC2017_F16,0,9701503505.652138,16.81716258399956
COA,CEC2017_F16,1,275623.9551206663,16.786746083999788
COA,CEC2017_F16,2,851915.3374453537,17.03689158400084
COA,CEC2017_F16,3,188961613.01376522,17.104900708999594
COA,CEC2017_F16,4,594388666.4782639,16.86982829199951
COA,CEC2017_F16,5,32191154.60273977,16.992524457999934
COA,CEC2017_F16,6,687936049.8794134,16.853124000000207
COA,CEC2017_F16,7,527166.151460029,16.739758332999372
COA,CEC2017_F16,8,263284.9583524653,16.710824916999627
COA,CEC2017_F16,9,196880.8963942444,16.850121958999807
COA,CEC2017_F16,10,7499526.348183168,16.831560915999944
COA,CEC2017_F16,11,196256.1012549672,16.6456655410002
COA,CEC2017_F16,12,2992782.679218284,16.88088158299979
COA,CEC2017_F16,13,1781673.9585140152,16.713232458000675
COA,CEC2017_F16,14,1357261.8606175703,16.997383957999773
COA,CEC2017_F16,15,185700.37156300494,16.961177208000663
COA,CEC2017_F16,16,22627361.87909646,16.86373491700033
COA,CEC2017_F16,17,326143.3747248828,16.876139625000178
COA,CEC2017_F16,18,6530696.622631094,16.856081166999502
COA,CEC2017_F16,19,456588.424164922,16.740479291000156
COA,CEC2017_F16,20,281843.4684931027,16.954721791999873
COA,CEC2017_F16,21,526335471.27739996,16.846464584000387
COA,CEC2017_F16,22,413150829.09384966,16.727305583999623
COA,CEC2017_F16,23,327711.81720786064,16.711209291999694
COA,CEC2017_F16,24,1814235.171722553,17.076622833999863
COA,CEC2017_F16,25,268228757.28038883,16.84916733299997
COA,CEC2017_F16,26,83746910.81659646,16.915734916000474
COA,CEC2017_F16,27,72781241.46782514,17.449028041999554
COA,CEC2017_F16,28,94620292.22327304,17.168509167000593
COA,CEC2017_F16,29,94076959.36491232,17.24708529200052
COA,CEC2017_F25,0,3747.7449983688457,13.75465391599937
COA,CEC2017_F25,1,4558.52340648602,13.477663499999835
COA,CEC2017_F25,2,4627.891451551013,13.409585000000334
COA,CEC2017_F25,3,4892.123757601315,13.47737404200052
COA,CEC2017_F25,4,3652.4284048972477,13.518631916999766
COA,CEC2017_F25,5,4581.330426763839,13.674025249999431
COA,CEC2017_F25,6,4803.108502638815,13.579408292000153
COA,CEC2017_F25,7,4547.653535405243,13.484187165999174
COA,CEC2017_F25,8,3901.869838923487,13.617075250000198
COA,CEC2017_F25,9,5106.458684795742,13.553177832999609
COA,CEC2017_F25,10,5318.98276063274,13.60547037500055
COA,CEC2017_F25,11,4965.385426532214,13.638935875000243
COA,CEC2017_F25,12,4463.07876848325,13.638935416000095
COA,CEC2017_F25,13,4654.456920148807,13.369080415999633
COA,CEC2017_F25,14,4274.378698474242,13.590820624999651
COA,CEC2017_F25,15,4872.0161381872895,13.66801095899973
COA,CEC2017_F25,16,4904.445371581486,13.787228541999866
COA,CEC2017_F25,17,4438.547673026749,13.474604375000126
COA,CEC2017_F25,18,4721.715735918433,13.511472541999865
COA,CEC2017_F25,19,4698.6887184943125,13.653879791999316
COA,CEC2017_F25,20,5129.45614352618,13.676675291999345
COA,CEC2017_F25,21,5215.651181655183,13.600623667000036
COA,CEC2017_F25,22,4152.939700075773,13.711525665999943
COA,CEC2017_F25,23,4317.684011309647,13.55010616600066
COA,CEC2017_F25,24,4977.212836283321,13.759897709000143
COA,CEC2017_F25,25,5814.4799220017685,13.721046917000422
COA,CEC2017_F25,26,4670.578447425698,13.638659457999893
COA,CEC2017_F25,27,4770.5944264794525,13.667272499999854
COA,CEC2017_F25,28,6103.810062009701,13.480788208999911
COA,CEC2017_F25,29,4410.99557131485,13.70802300000014
OOA,CEC2017_F7,0,1290.4698012251963,1.993456832999982
OOA,CEC2017_F7,1,1203.118761046533,2.093528499999593
OOA,CEC2017_F7,2,1236.6922648633554,2.11131879200002
OOA,CEC2017_F7,3,1288.4354027178922,2.103425999999672
OOA,CEC2017_F7,4,1280.6923473481772,2.034702166999523
OOA,CEC2017_F7,5,1219.2652844789648,2.1351726250004504
OOA,CEC2017_F7,6,1234.373941294024,2.1253757499998756
OOA,CEC2017_F7,7,1337.8471144468429,2.0417694170000686
OOA,CEC2017_F7,8,1317.1079885662427,2.138124584000252
OOA,CEC2017_F7,9,1191.2007915105592,2.0714667080001163
OOA,CEC2017_F7,10,1253.158237870762,2.0795442079997883
OOA,CEC2017_F7,11,1267.245153086567,2.1773041659998853
OOA,CEC2017_F7,12,1200.7043935287506,2.0379427499992744
OOA,CEC2017_F7,13,1331.704028567458,2.061285417000363
OOA,CEC2017_F7,14,1315.6605652326814,2.0515400829999635
OOA,CEC2017_F7,15,1216.6357150806834,1.9865176249995784
OOA,CEC2017_F7,16,1278.8030206113351,2.041702833000272
OOA,CEC2017_F7,17,1367.9263834511662,2.007078249999722
OOA,CEC2017_F7,18,1218.259181327864,2.114522957999725
OOA,CEC2017_F7,19,1253.9083221279893,2.115202957999827
OOA,CEC2017_F7,20,1229.2272158546766,2.1761196249999557
OOA,CEC2017_F7,21,1289.8194325736285,2.1368920419999995
OOA,CEC2017_F7,22,1261.405351175561,2.0110300000005736
OOA,CEC2017_F7,23,1263.549191386705,2.069029000000228
OOA,CEC2017_F7,24,1285.206805083325,2.027445875000012
OOA,CEC2017_F7,25,1286.7739477530936,2.002119374999893
OOA,CEC2017_F7,26,1263.3818391645418,1.961899750000157
OOA,CEC2017_F7,27,1158.6024905593085,2.025928417000614
OOA,CEC2017_F7,28,1164.4838670245051,2.08247641700018
OOA,CEC2017_F7,29,1289.0892971729663,2.1226557500003764
OOA,CEC2017_F8,0,824.5594154437123,1.433208082999954
OOA,CEC2017_F8,1,815.5280043388271,1.3902899169997909
OOA,CEC2017_F8,2,813.0730076089933,1.3849693750007646
OOA,CEC2017_F8,3,828.9073568801517,1.4065058750002208
OOA,CEC2017_F8,4,821.0529623091924,1.322614832999534
OOA,CEC2017_F8,5,825.2901045966474,1.3745056660000046
OOA,CEC2017_F8,6,827.0847503683017,1.3973363750001226
OOA,CEC2017_F8,7,831.153222333775,1.3313592909998988
OOA,CEC2017_F8,8,833.3980963466214,1.3839608329999464
OOA,CEC2017_F8,9,823.2333252228766,1.4221536660006677
OOA,CEC2017_F8,10,815.5010898659484,1.4130946249997578
OOA,CEC2017_F8,11,817.8074065769849,1.471420875000149
OOA,CEC2017_F8,12,824.3892949880704,1.4125365420004528
OOA,CEC2017_F8,13,825.2326963470404,1.3746107919996575
OOA,CEC2017_F8,14,816.2220543743456,1.4852326669997638
OOA,CEC2017_F8,15,822.0611849859845,1.4140735830005724
OOA,CEC2017_F8,16,837.3114347494886,1.3253944999996747
OOA,CEC2017_F8,17,824.8622076881044,1.4540024159996392
OOA,CEC2017_F8,18,829.7797492182193,1.5014132910000626
OOA,CEC2017_F8,19,827.4981115417048,1.3910853329998645
OOA,CEC2017_F8,20,821.4004236869478,1.318216458000279
OOA,CEC2017_F8,21,824.7747759345893,1.3401588329998049
OOA,CEC2017_F8,22,821.2006908582359,1.4234484999997221
OOA,CEC2017_F8,23,823.582053484706,1.437082291000479
OOA,CEC2017_F8,24,822.8940239066447,1.359123374999399
OOA,CEC2017_F8,25,818.1177791143785,1.445759915999588
OOA,CEC2017_F8,26,827.0226078431438,1.3851283330004662
OOA,CEC2017_F8,27,835.615286860121,1.371419957999933
OOA,CEC2017_F8,28,817.3935590243532,1.4175750840004184
OOA,CEC2017_F8,29,821.2504936666736,1.2784582499998578
COA,CEC2017_F19,0,5029.784347360113,17.31072212500021
COA,CEC2017_F19,1,8774.531064463754,17.082422499999666
COA,CEC2017_F19,2,6298.549018453348,17.12059308300013
COA,CEC2017_F19,3,4755.710589137508,17.09548016699955
COA,CEC2017_F19,4,6936.43173272376,17.156969083999684
COA,CEC2017_F19,5,7278.332217563956,17.191180333000375
COA,CEC2017_F19,6,7477.768593425134,17.164549166999677
COA,CEC2017_F19,7,8617.528164268715,17.329159166000863
COA,CEC2017_F19,8,6912.493531717753,17.13431166600003
COA,CEC2017_F19,9,6662.785185509677,17.118451583000024
COA,CEC2017_F19,10,7019.846226888946,17.18766104199949
COA,CEC2017_F19,11,6172.257746549887,17.12172591699982
COA,CEC2017_F19,12,5938.07894789889,16.9862882919997
COA,CEC2017_F19,13,6988.221805238319,17.125456457999462
COA,CEC2017_F19,14,7168.791810835817,17.132721375000074
COA,CEC2017_F19,15,6226.211328852248,17.12236637499973
COA,CEC2017_F19,16,5396.121507263464,16.817762499999844
COA,CEC2017_F19,17,7622.977912337401,16.99516145800044
COA,CEC2017_F19,18,7791.7045494112945,17.181177209000452
COA,CEC2017_F19,19,6533.311678108255,17.022131667000394
COA,CEC2017_F19,20,7093.015780169112,17.046762459000092
COA,CEC2017_F19,21,6766.982061061123,16.81605637499979
COA,CEC2017_F19,22,6894.353975172369,17.282148624999536
COA,CEC2017_F19,23,5701.149402148241,17.439104791999853
COA,CEC2017_F19,24,8474.371915820178,17.18757983299929
COA,CEC2017_F19,25,5606.465532151445,17.48371704100009
COA,CEC2017_F19,26,5007.573845193316,17.333641249999346
COA,CEC2017_F19,27,5487.7341054731405,17.554504292000274
COA,CEC2017_F19,28,8594.602910766684,17.038356332999683
COA,CEC2017_F19,29,8809.355537083706,17.159209666000606
COA,CEC2017_F27,0,4988.852585049495,12.831516084000214
COA,CEC2017_F27,1,4508.043000308243,12.915774041000077
COA,CEC2017_F27,2,4350.705482546771,12.889986958000009
COA,CEC2017_F27,3,3954.431676256582,12.833170291999522
COA,CEC2017_F27,4,4447.255435005642,12.803235041000335
COA,CEC2017_F27,5,3735.283816883568,12.822882916999333
COA,CEC2017_F27,6,4759.488848579675,13.051768874999652
COA,CEC2017_F27,7,4554.852289823139,12.740751584000463
COA,CEC2017_F27,8,4359.308295545784,12.708933792000607
COA,CEC2017_F27,9,5095.568135113468,12.933386707999489
COA,CEC2017_F27,10,4695.337288868312,12.924435292000453
COA,CEC2017_F27,11,4133.986083984795,13.094996249999895
COA,CEC2017_F27,12,4121.054849021884,12.922665625000263
COA,CEC2017_F27,13,4221.566936695703,12.907059375000244
COA,CEC2017_F27,14,3951.9662457672207,12.869893791999857
COA,CEC2017_F27,15,4148.399291758666,12.758267082999737
COA,CEC2017_F27,16,4334.235578539575,12.812922000000071
COA,CEC2017_F27,17,4432.305959513767,12.7592817499999
COA,CEC2017_F27,18,4771.1941549693465,12.879921249999825
COA,CEC2017_F27,19,4204.50728240001,13.006247166999856
COA,CEC2017_F27,20,4043.6856212053344,12.866430874999423
COA,CEC2017_F27,21,3992.3715132751277,12.786713790999784
COA,CEC2017_F27,22,4266.300782673732,13.163456708999547
COA,CEC2017_F27,23,4382.5787108423565,13.03315833400029
COA,CEC2017_F27,24,4705.6313676478085,13.077740417000314
COA,CEC2017_F27,25,4914.480461514735,13.080932458000461
COA,CEC2017_F27,26,4473.242436526254,13.129736333999972
COA,CEC2017_F27,27,4313.079881427295,13.35556516699944
COA,CEC2017_F27,28,4917.713578765424,13.66354529199998
COA,CEC2017_F27,29,4937.97420001715,13.32636091600034
COA,CEC2017_F29,0,3765415353.425554,11.167901165999865
COA,CEC2017_F29,1,15954050009.651424,11.124038832999759
COA,CEC2017_F29,2,4388198055.736534,11.175911749999614
COA,CEC2017_F29,3,13130753115.910826,11.05097774999922
COA,CEC2017_F29,4,11244152904.702328,11.173769999999422
COA,CEC2017_F29,5,9193613651.33079,10.994386833000135
COA,CEC2017_F29,6,20243869702.543896,11.13414400000056
COA,CEC2017_F29,7,12581938948.28902,11.096863374999884
COA,CEC2017_F29,8,13521061177.194324,11.196134833000542
COA,CEC2017_F29,9,6272183277.636117,11.282968083000014
COA,CEC2017_F29,10,4854838470.321262,11.127703625000322
COA,CEC2017_F29,11,6132789864.758145,11.137188707999485
COA,CEC2017_F29,12,16427664446.962849,10.948528208000425
COA,CEC2017_F29,13,7049149345.328719,11.15861541600043
COA,CEC2017_F29,14,10431976572.611792,11.137159458000497
COA,CEC2017_F29,15,15471269006.993399,11.172053999999662
COA,CEC2017_F29,16,7816405299.575175,11.207863207999253
COA,CEC2017_F29,17,7803757845.354337,10.997488832999807
COA,CEC2017_F29,18,5105226771.882286,11.146361250000155
COA,CEC2017_F29,19,16126497650.502882,11.395508792000328
COA,CEC2017_F29,20,6483808982.004395,11.42912887500006
COA,CEC2017_F29,21,14657098922.130436,11.38712837499952
COA,CEC2017_F29,22,17448155814.05081,11.099697125000603
COA,CEC2017_F29,23,8454872688.66064,11.421266207999906
COA,CEC2017_F29,24,6636490028.50396,11.278406375000486
COA,CEC2017_F29,25,11194218476.622334,11.338520917000096
COA,CEC2017_F29,26,30107795568.265804,11.254169792000539
COA,CEC2017_F29,27,9047172324.014826,11.391464583000015
COA,CEC2017_F29,28,18746480816.08718,11.410377457999857
COA,CEC2017_F29,29,19539334537.352493,11.075947583000016
COA,CEC2017_F26,0,3457.240819499215,13.923505667000427
COA,CEC2017_F26,1,3417.900335157914,13.976967249999689
COA,CEC2017_F26,2,3637.5689728151574,13.917045791999954
COA,CEC2017_F26,3,3641.925130628447,14.102688832999775
COA,CEC2017_F26,4,3577.245367021831,13.901436666000336
COA,CEC2017_F26,5,3493.454149647685,13.96772908300045
COA,CEC2017_F26,6,3269.057820424602,14.005726834000598
COA,CEC2017_F26,7,3372.4469149973183,13.748625625000386
COA,CEC2017_F26,8,3570.88099473048,14.042912458000501
COA,CEC2017_F26,9,3686.8049676615506,14.028271916000449
COA,CEC2017_F26,10,3553.0580722736695,13.9081110420002
COA,CEC2017_F26,11,3828.735175349408,14.08804741699987
COA,CEC2017_F26,12,3339.8959270922865,14.07936299999983
COA,CEC2017_F26,13,3513.360307999604,14.002749416999904
COA,CEC2017_F26,14,3328.499677177495,13.999295999999958
COA,CEC2017_F26,15,3331.79433758672,14.13256595799976
COA,CEC2017_F26,16,3448.768157081185,13.73677249999946
COA,CEC2017_F26,17,3435.981031495663,14.126129624999521
COA,CEC2017_F26,18,3424.3266828837477,14.027690750000147
COA,CEC2017_F26,19,3672.3849309675506,13.986726291000195
COA,CEC2017_F26,20,3752.7520736337715,13.733995917000357
COA,CEC2017_F26,21,3432.9234595923963,14.329851041999973
COA,CEC2017_F26,22,3419.447848250402,14.275945667000087
COA,CEC2017_F26,23,3383.502156770229,13.816560749999553
COA,CEC2017_F26,24,3405.0218592886513,14.080139457999394
COA,CEC2017_F26,25,3532.289907549562,14.486987250000311
COA,CEC2017_F26,26,3742.7875665061238,14.118646165999962
COA,CEC2017_F26,27,3310.289768123921,13.991210999999566
COA,CEC2017_F26,28,3463.098071648578,14.901945250000608
COA,CEC2017_F26,29,3334.7888204236933,13.84497645800002
OOA,CEC2017_F10,0,661271453.5892117,1.5276864170000408
OOA,CEC2017_F10,1,168689819.62223318,1.6402072499995484
OOA,CEC2017_F10,2,710313172.2545943,1.531912082999952
OOA,CEC2017_F10,3,75442995.35422654,1.6546700830003829
OOA,CEC2017_F10,4,580316597.9250077,1.4887546669997391
OOA,CEC2017_F10,5,739704783.4945973,1.5940203339996515
OOA,CEC2017_F10,6,281967680.33714247,1.7679487080004037
OOA,CEC2017_F10,7,329367471.8810186,1.7019361250004295
OOA,CEC2017_F10,8,830975800.8921385,1.5530542910000804
OOA,CEC2017_F10,9,236487578.84568053,1.5935206670001207
OOA,CEC2017_F10,10,479155129.69999045,1.5255870829996638
OOA,CEC2017_F10,11,307167136.1880741,1.5200145829994653
OOA,CEC2017_F10,12,91053976.96680522,1.5762157919998572
OOA,CEC2017_F10,13,220367604.74926934,1.6870456249998824
OOA,CEC2017_F10,14,636866382.8314985,1.5178744580007333
OOA,CEC2017_F10,15,839412674.42915,1.5794562499995664
OOA,CEC2017_F10,16,1922827076.6683269,1.4471404579999216
OOA,CEC2017_F10,17,1933161148.773883,1.4570794589999423
OOA,CEC2017_F10,18,140557810.11379135,1.5429910000002565
OOA,CEC2017_F10,19,233353980.20150417,1.5626035839995893
OOA,CEC2017_F10,20,390097766.6383568,1.3379200830004265
OOA,CEC2017_F10,21,450881855.43526226,1.5297287499997765
OOA,CEC2017_F10,22,227311780.44513157,1.489171166000233
OOA,CEC2017_F10,23,288903552.9169034,1.4983174999997573
OOA,CEC2017_F10,24,341804916.70460516,1.5607372499998746
OOA,CEC2017_F10,25,1490028272.9029374,1.5404942920004032
OOA,CEC2017_F10,26,275115504.79725575,1.5546762089998083
OOA,CEC2017_F10,27,40161657.45553917,1.5359861249999085
OOA,CEC2017_F10,28,1605059961.9910612,1.5178652499998861
OOA,CEC2017_F10,29,148241677.60531473,1.4595680840002387
OOA,CEC2017_F9,0,7774.731529079238,1.9779829160006557
OOA,CEC2017_F9,1,6776.753183649229,2.0460652499996286
OOA,CEC2017_F9,2,7128.309858175546,2.002906540999902
OOA,CEC2017_F9,3,5610.185547553887,2.143909207999968
OOA,CEC2017_F9,4,6893.516080738651,1.991767333000098
OOA,CEC2017_F9,5,7035.07269698625,2.101911333999851
OOA,CEC2017_F9,6,6824.5695714695985,1.992697458999828
OOA,CEC2017_F9,7,7469.923257648425,1.9944309169995904
OOA,CEC2017_F9,8,6983.584001923042,2.1930372080005327
OOA,CEC2017_F9,9,7285.133386093328,2.1418532500001675
OOA,CEC2017_F9,10,8484.602964160924,2.0559582500000033
OOA,CEC2017_F9,11,7292.060498441887,2.237645125000199
OOA,CEC2017_F9,12,7754.885099753389,2.1502586669994344
OOA,CEC2017_F9,13,7061.060076350563,2.1035017920003156
OOA,CEC2017_F9,14,7135.327316038078,2.194470082999942
OOA,CEC2017_F9,15,8069.335941935022,1.9250734170000214
OOA,CEC2017_F9,16,7967.223659435508,1.9422470839999733
OOA,CEC2017_F9,17,7225.4532403672665,2.002366417000303
OOA,CEC2017_F9,18,6932.119000197432,1.9117316669999127
OOA,CEC2017_F9,19,7168.673020384262,1.876236541000253
OOA,CEC2017_F9,20,6989.94893290178,1.9879465420008273
OOA,CEC2017_F9,21,7672.328725253028,1.9670967080000992
OOA,CEC2017_F9,22,6693.097156557032,1.9160389159997067
OOA,CEC2017_F9,23,7491.8705668614975,2.0168489580000823
OOA,CEC2017_F9,24,6683.64095245982,1.997286583999994
OOA,CEC2017_F9,25,8044.902548936339,1.9491547919997174
OOA,CEC2017_F9,26,8023.413209374232,1.899355791000744
OOA,CEC2017_F9,27,6675.922258488313,1.9413150410000526
OOA,CEC2017_F9,28,8292.912622851107,1.9431635000000824
OOA,CEC2017_F9,29,7270.710902407155,1.9541301669996756
OOA,CEC2017_F12,0,6166364799.670574,1.7560431250003603
OOA,CEC2017_F12,1,9479453439.952667,1.7043155000001207
OOA,CEC2017_F12,2,7953231735.427954,1.692508999999518
OOA,CEC2017_F12,3,10100552645.969316,1.9691716670004098
OOA,CEC2017_F12,4,3596053253.114287,1.7847412920000352
OOA,CEC2017_F12,5,3910501972.6236525,1.8331068750003396
OOA,CEC2017_F12,6,14009733611.691814,1.7320005000001402
OOA,CEC2017_F12,7,4401776359.047032,1.7016045000000304
OOA,CEC2017_F12,8,8945900126.065096,1.6293280419995426
OOA,CEC2017_F12,9,11851051543.132166,1.881891916999848
OOA,CEC2017_F12,10,7891277445.487197,1.7373043340003278
OOA,CEC2017_F12,11,11078086019.198345,1.668301041999257
OOA,CEC2017_F12,12,9000756730.28121,1.6647367499999746
OOA,CEC2017_F12,13,9335312026.941149,1.7627865829999791
OOA,CEC2017_F12,14,9119291737.960241,1.6956425419994048
OOA,CEC2017_F12,15,5714788497.450392,1.6878578749992812
OOA,CEC2017_F12,16,9164838970.859592,1.6217300420003085
OOA,CEC2017_F12,17,13562837039.86342,1.6636506659997394
OOA,CEC2017_F12,18,6027640427.848599,1.6793110419994264
OOA,CEC2017_F12,19,7418783466.322666,1.6760667090002244
OOA,CEC2017_F12,20,6594072109.279971,1.5958538340000814
OOA,CEC2017_F12,21,5270817713.969308,1.683171540999865
OOA,CEC2017_F12,22,6792932137.577177,1.6677359169998454
OOA,CEC2017_F12,23,9053282341.099964,1.6810140419993331
OOA,CEC2017_F12,24,10338751860.917566,1.6748150839994196
OOA,CEC2017_F12,25,3436753225.341658,1.6670016250000117
OOA,CEC2017_F12,26,10194595348.129448,1.7554972919997454
OOA,CEC2017_F12,27,5032023078.205188,1.6724264579997907
OOA,CEC2017_F12,28,8479021471.543356,1.6956842500003404
OOA,CEC2017_F12,29,9970970523.572498,1.6228420000006736
OOA,CEC2017_F11,0,6164136675.028421,2.305581667000297
OOA,CEC2017_F11,1,6193026585.950877,2.3513357920001
OOA,CEC2017_F11,2,2381350175.942594,2.243702333999863
OOA,CEC2017_F11,3,9069635834.933893,2.570365167000091
OOA,CEC2017_F11,4,1627958012.5884597,2.4990967919993636
OOA,CEC2017_F11,5,4945637714.166877,2.372608417000265
OOA,CEC2017_F11,6,3904523712.048767,2.272822124999948
OOA,CEC2017_F11,7,8924008162.392962,2.240285459000006
OOA,CEC2017_F11,8,5179323712.411124,2.656404708000082
OOA,CEC2017_F11,9,5412265235.722905,2.3035131249998813
OOA,CEC2017_F11,10,11690666153.87944,2.3398948750000272
OOA,CEC2017_F11,11,6658943238.161685,2.3162461669999175
OOA,CEC2017_F11,12,5647456876.084869,2.3116190840000854
OOA,CEC2017_F11,13,6630211521.973921,2.2042003329997897
OOA,CEC2017_F11,14,6687585733.85007,2.2926653340000485
OOA,CEC2017_F11,15,5805912319.393196,2.229946624999684
OOA,CEC2017_F11,16,2346390796.931749,2.221464666999964
OOA,CEC2017_F11,17,6356139109.314137,2.1599943330002134
OOA,CEC2017_F11,18,15142505501.686329,2.1985394590001306
OOA,CEC2017_F11,19,2072857691.7144804,2.208143832999667
OOA,CEC2017_F11,20,7997300134.478458,2.2688370420000865
OOA,CEC2017_F11,21,2812809326.3338723,2.2940332919997672
OOA,CEC2017_F11,22,11113175247.595238,2.2767758749996574
OOA,CEC2017_F11,23,3262125724.33784,2.251502250000158
OOA,CEC2017_F11,24,7693834605.757078,2.298189124999226
OOA,CEC2017_F11,25,6879862879.652973,2.1782014170003094
OOA,CEC2017_F11,26,5622490124.635996,2.2026897919995463
OOA,CEC2017_F11,27,2819707972.8799915,2.155476582999654
OOA,CEC2017_F11,28,655896450.8360366,2.1563229579996914
OOA,CEC2017_F11,29,9367975988.082426,2.258018292000088
OOA,CEC2017_F14,0,6580588038.268381,1.635281875000146
OOA,CEC2017_F14,1,4356402982.398806,1.7132549589996415
OOA,CEC2017_F14,2,723167459.7931521,1.685086083999522
OOA,CEC2017_F14,3,2612454902.5538106,1.683751915999892
OOA,CEC2017_F14,4,3561983313.932378,1.687677791999704
OOA,CEC2017_F14,5,1698778409.038857,1.6833387500000754
OOA,CEC2017_F14,6,2121632455.6941848,1.6833412500000122
OOA,CEC2017_F14,7,2663006482.4820256,1.544414541000151
OOA,CEC2017_F14,8,9262200465.359737,1.6546990420001748
OOA,CEC2017_F14,9,2186789310.435203,1.735555917000056
OOA,CEC2017_F14,10,5107543991.691106,1.6412316670002838
OOA,CEC2017_F14,11,1777706451.3182788,1.6110707079997155
OOA,CEC2017_F14,12,1316151210.8095083,1.7084774169998127
OOA,CEC2017_F14,13,3286418551.848311,1.6284263750003447
OOA,CEC2017_F14,14,3678212762.7075024,1.6574831249999988
OOA,CEC2017_F14,15,2169262370.10785,1.7001199169999381
OOA,CEC2017_F14,16,1198413576.6415093,1.7091842089994316
OOA,CEC2017_F14,17,2114703230.10714,1.6203917909997472
OOA,CEC2017_F14,18,2410642680.1526413,1.6130018339999879
OOA,CEC2017_F14,19,553133770.5648701,1.6923092079996422
OOA,CEC2017_F14,20,6843293793.774975,1.6743127920008192
OOA,CEC2017_F14,21,2312000658.0085225,1.6424942499997996
OOA,CEC2017_F14,22,4538711748.030586,1.6140127500002563
OOA,CEC2017_F14,23,2753678506.7817254,1.6528530420000607
OOA,CEC2017_F14,24,3709012960.350827,1.6004563749993395
OOA,CEC2017_F14,25,2386539779.2462316,1.6887456670001484
OOA,CEC2017_F14,26,1751360218.181737,1.69455970800027
OOA,CEC2017_F14,27,4064027716.01416,1.7170631670005605
OOA,CEC2017_F14,28,1860156543.815629,1.6777240829997027
OOA,CEC2017_F14,29,5018785144.113229,1.660173291999854
OOA,CEC2017_F13,0,787976.0443119297,1.9372846249998474
OOA,CEC2017_F13,1,1086144.740480186,1.9752607079999507
OOA,CEC2017_F13,2,452782.712556954,1.8332587499999136
OOA,CEC2017_F13,3,640232.5281366728,1.958559458000309
OOA,CEC2017_F13,4,1688118.1139552935,1.8510502500002985
OOA,CEC2017_F13,5,238503.61945804424,1.9102058749995194
OOA,CEC2017_F13,6,717558.2422580346,1.892286833000071
OOA,CEC2017_F13,7,768892.087343621,1.8837678340005368
OOA,CEC2017_F13,8,431101.3043885421,1.9243678749999162
OOA,CEC2017_F13,9,5396017.743183788,2.008432083999651
OOA,CEC2017_F13,10,1257796.9769047364,1.9210152920004475
OOA,CEC2017_F13,11,10674176.19819274,1.9306897919996118
OOA,CEC2017_F13,12,2236420.636856232,1.8064359169993622
OOA,CEC2017_F13,13,604004.6001515554,1.9444762909997735
OOA,CEC2017_F13,14,194126.5528290905,1.9166409170002225
OOA,CEC2017_F13,15,670066.7686379104,1.9113101659995664
OOA,CEC2017_F13,16,2539426.2656587013,1.9225506660004612
OOA,CEC2017_F13,17,1200043.909757495,1.887009584000225
OOA,CEC2017_F13,18,5713849.888031143,1.8625738750006349
OOA,CEC2017_F13,19,8119394.037880258,1.9574007499995787
OOA,CEC2017_F13,20,3118770.759199176,1.9434195419999014
OOA,CEC2017_F13,21,181375.2290448852,1.8791319169995404
OOA,CEC2017_F13,22,365916.47686575446,1.7974395840001307
OOA,CEC2017_F13,23,395965.20674448815,1.9238321670000005
OOA,CEC2017_F13,24,489227.0035226979,1.8943225840002924
OOA,CEC2017_F13,25,462425.2000242248,1.9004992919999495
OOA,CEC2017_F13,26,9529410.482769307,1.8638427089999823
OOA,CEC2017_F13,27,247765.46220056195,1.894048291999752
OOA,CEC2017_F13,28,1436521.854100822,1.9519217920005758
OOA,CEC2017_F13,29,2227866.070428408,1.927480999999716
OOA,CEC2017_F17,0,1585249.8512730675,1.9223657089996777
OOA,CEC2017_F17,1,340962.40865262516,1.958340041000156
OOA,CEC2017_F17,2,3660587.6414305614,1.9267049160007446
OOA,CEC2017_F17,3,2957899.937144785,1.942020209000475
OOA,CEC2017_F17,4,1718762.5216371769,1.9871940420007377
OOA,CEC2017_F17,5,1651048.3591023013,1.8758694170001036
OOA,CEC2017_F17,6,564371.8319939185,1.9683512920000794
OOA,CEC2017_F17,7,1253838.8946881557,1.9789780829996744
OOA,CEC2017_F17,8,755993.3371299236,1.9238647080001101
OOA,CEC2017_F17,9,1263011.543394352,1.9341557079997074
OOA,CEC2017_F17,10,421779.22126798774,2.053541833000054
OOA,CEC2017_F17,11,10943436.869939702,1.9131466660001024
OOA,CEC2017_F17,12,992955.7007346445,1.9538425829996413
OOA,CEC2017_F17,13,490656.4268896767,1.9842847090003488
OOA,CEC2017_F17,14,1160165.557865015,2.067416666999634
OOA,CEC2017_F17,15,425410.72939937806,1.9504184170000372
OOA,CEC2017_F17,16,932752.1226721545,1.9905122919999485
OOA,CEC2017_F17,17,1086237.6563467728,1.972993375000442
OOA,CEC2017_F17,18,821810.0451158183,1.8924672499997541
OOA,CEC2017_F17,19,1865105.2484401558,1.9140048330000354
OOA,CEC2017_F17,20,506852.0767360933,1.9875182079995284
OOA,CEC2017_F17,21,1758922.3638533284,1.9507160000002841
OOA,CEC2017_F17,22,1515768.0249569507,2.008401375000176
OOA,CEC2017_F17,23,5152692.089353872,1.9188427919998503
OOA,CEC2017_F17,24,2379864.4776931885,1.9881930829997145
OOA,CEC2017_F17,25,7560922.515800915,1.948286208999889
OOA,CEC2017_F17,26,2674928.5122597124,1.9423486250007045
OOA,CEC2017_F17,27,201125.75567108113,1.9239338329998645
OOA,CEC2017_F17,28,3429633.571858668,1.9680459999999584
OOA,CEC2017_F17,29,11241398.106666632,1.9733113339998454
OOA,CEC2017_F15,0,126723863.42337663,3.8855979590007337
OOA,CEC2017_F15,1,27183289.304850817,3.8621551249998447
OOA,CEC2017_F15,2,293270088.00663936,3.9119612909998978
OOA,CEC2017_F15,3,328508413.0330669,3.821881165999912
OOA,CEC2017_F15,4,161970287.45929027,3.8620679169998766
OOA,CEC2017_F15,5,283291466.08914584,3.8210542500000884
OOA,CEC2017_F15,6,223897217.40670425,3.9814393750002637
OOA,CEC2017_F15,7,7844986.142341067,3.928471250000257
OOA,CEC2017_F15,8,73595234.4177706,3.8360144159996707
OOA,CEC2017_F15,9,8478121.828774579,3.8170584169993163
OOA,CEC2017_F15,10,1473372.1857091151,3.8834203340002205
OOA,CEC2017_F15,11,19131107.212430052,3.861900584000068
OOA,CEC2017_F15,12,106874264.34731422,3.8305980829991313
OOA,CEC2017_F15,13,55783543.33558728,3.8579032089992324
OOA,CEC2017_F15,14,119149897.76348262,3.674058624999816
OOA,CEC2017_F15,15,18839001.38487397,3.8692041670001345
OOA,CEC2017_F15,16,609561910.2776707,3.8315442499997516
OOA,CEC2017_F15,17,13770893.281157931,3.941219207999893
OOA,CEC2017_F15,18,498872564.48963636,3.9178388330001326
OOA,CEC2017_F15,19,43068727.85207055,3.933740999999827
OOA,CEC2017_F15,20,473644.6612794818,3.6596227500003806
OOA,CEC2017_F15,21,111165502.8685466,3.8273184170002423
OOA,CEC2017_F15,22,293781072.7926765,3.8696466660003352
OOA,CEC2017_F15,23,18196784.31049958,3.8684187919998294
OOA,CEC2017_F15,24,26146729.167415846,3.8583214580003187
OOA,CEC2017_F15,25,45281082.626943484,3.951839750000545
OOA,CEC2017_F15,26,409009185.1239776,4.002646833000654
OOA,CEC2017_F15,27,194988123.6479035,3.9220939999995608
OOA,CEC2017_F15,28,281965326.20696026,3.9420310420000533
OOA,CEC2017_F15,29,1136613.9960015751,3.8643017079994024
OOA,CEC2017_F20,0,44753.22514587621,2.4245712920001097
OOA,CEC2017_F20,1,14967.781934419563,2.4673153749999983
OOA,CEC2017_F20,2,54332.94256640881,2.5664082089997464
OOA,CEC2017_F20,3,37332.37242562426,2.4664432919998944
OOA,CEC2017_F20,4,38320.15698809616,2.5076247090000834
OOA,CEC2017_F20,5,43595.03851149148,2.442997624999407
OOA,CEC2017_F20,6,38489.06329837256,2.4494923330003076
OOA,CEC2017_F20,7,34088.22554204007,2.5180387919999703
OOA,CEC2017_F20,8,45325.27287872936,2.4744293749999997
OOA,CEC2017_F20,9,46810.25787778819,2.4810800839995863
OOA,CEC2017_F20,10,21596.284325715715,2.414812542000618
OOA,CEC2017_F20,11,54910.68872517702,2.4878643330002888
OOA,CEC2017_F20,12,26739.567647303895,2.5139602910003305
OOA,CEC2017_F20,13,45806.669136990065,2.474490749999859
OOA,CEC2017_F20,14,42889.73654076893,2.5397068749998652
OOA,CEC2017_F20,15,42179.568949015505,2.4495549579996805
OOA,CEC2017_F20,16,35376.3362876727,2.4466419170003064
OOA,CEC2017_F20,17,39232.25282448744,2.645373833999656
OOA,CEC2017_F20,18,29888.053998335763,2.4144479590004266
OOA,CEC2017_F20,19,24414.75374855789,2.5458298749999813
OOA,CEC2017_F20,20,56472.43222326624,2.4760397920008472
OOA,CEC2017_F20,21,21065.298486797863,2.4174263340000834
OOA,CEC2017_F20,22,36090.7814277956,2.4615506250002
OOA,CEC2017_F20,23,42180.50073375216,2.5000070000005508
OOA,CEC2017_F20,24,26328.686054852355,2.5120947080004044
OOA,CEC2017_F20,25,39754.026731528465,2.4558808749998207
OOA,CEC2017_F20,26,50374.46301954602,2.4582216660000995
OOA,CEC2017_F20,27,50378.47962157383,2.405933332999666
OOA,CEC2017_F20,28,50475.77330789075,2.393016959000306
OOA,CEC2017_F20,29,56089.57173909335,2.5375174170003447
OOA,CEC2017_F21,0,5231.226534127911,3.2558842090002145
OOA,CEC2017_F21,1,3674.94636637665,3.225826750000124
OOA,CEC2017_F21,2,3647.6582518142563,3.3676431659996524
OOA,CEC2017_F21,3,3579.1124518424317,3.139706834000208
OOA,CEC2017_F21,4,2850.6160916937697,3.159105417000319
OOA,CEC2017_F21,5,4323.4516053627995,3.2098963340004047
OOA,CEC2017_F21,6,3619.7715138047424,3.1586922080005024
OOA,CEC2017_F21,7,3430.13936255504,3.2289585409998836
OOA,CEC2017_F21,8,3592.114742742834,3.186312041999372
OOA,CEC2017_F21,9,3796.400545740493,3.1358894579998378
OOA,CEC2017_F21,10,3543.797327287739,3.2566819590001614
OOA,CEC2017_F21,11,3867.5188639266134,3.2760301659991455
OOA,CEC2017_F21,12,3451.9114511558737,3.2587214999994103
OOA,CEC2017_F21,13,6247.383556790856,3.0990800839999793
OOA,CEC2017_F21,14,3916.0358249479887,3.0997320409996973
OOA,CEC2017_F21,15,3088.9125599633753,3.230280333000337
OOA,CEC2017_F21,16,5447.271780706287,3.1733495420003237
OOA,CEC2017_F21,17,4081.953985395063,3.2728560420000576
OOA,CEC2017_F21,18,5496.1609297338655,3.1540620419991683
OOA,CEC2017_F21,19,4449.12099080547,3.188646541999333
OOA,CEC2017_F21,20,3802.5795485510744,3.1724819589999242
OOA,CEC2017_F21,21,4429.468050103118,3.1370269999997618
OOA,CEC2017_F21,22,3835.9558656167283,3.2514384579999387
OOA,CEC2017_F21,23,5428.464654004576,3.1829164170003423
OOA,CEC2017_F21,24,4052.4739972611405,3.1656795409999177
OOA,CEC2017_F21,25,2929.0282176528126,3.2340668340002594
OOA,CEC2017_F21,26,4635.5690747152785,3.243473458999688
OOA,CEC2017_F21,27,4637.31472717587,3.230471374999979
OOA,CEC2017_F21,28,3214.0984901245047,3.2583392079995974
OOA,CEC2017_F21,29,3675.820928313085,3.1537075840005855
OOA,CEC2017_F22,0,46974.899524825276,3.8134714999996504
OOA,CEC2017_F22,1,45403.8846243155,3.666115666999758
OOA,CEC2017_F22,2,44651.833072687914,3.668821792000017
OOA,CEC2017_F22,3,55005.419143920284,3.645948249999492
OOA,CEC2017_F22,4,63951.848119644055,3.684172917000069
OOA,CEC2017_F22,5,57964.87510555389,3.7507987910003067
OOA,CEC2017_F22,6,56542.93413668499,3.7974432500004696
OOA,CEC2017_F22,7,58065.46773083874,3.8129382500001157
OOA,CEC2017_F22,8,63822.838524944265,3.7686167499996372
OOA,CEC2017_F22,9,44237.393696051106,3.8277937500006374
OOA,CEC2017_F22,10,54987.32081012694,3.756048582999938
OOA,CEC2017_F22,11,46856.59491352173,3.702665208000326
OOA,CEC2017_F22,12,59026.13403902068,3.794670791000499
OOA,CEC2017_F22,13,50718.37572834271,3.699228624999705
OOA,CEC2017_F22,14,49081.01110142871,3.697149499999796
OOA,CEC2017_F22,15,60619.1444240194,3.766531959000531
OOA,CEC2017_F22,16,57904.95490457435,3.754306457999519
OOA,CEC2017_F22,17,59787.78977140138,3.830005832999632
OOA,CEC2017_F22,18,65144.02410187142,3.7436837919995014
OOA,CEC2017_F22,19,54084.38003872284,3.7174269580000328
OOA,CEC2017_F22,20,57447.01923659619,3.7242336250001244
OOA,CEC2017_F22,21,57578.739695622404,3.84683808400041
OOA,CEC2017_F22,22,30416.3005670628,3.69662445799986
OOA,CEC2017_F22,23,65748.94481352279,3.73081354200076
OOA,CEC2017_F22,24,58359.635979012724,3.722794166999847
OOA,CEC2017_F22,25,52869.83508768415,3.758016041000701
OOA,CEC2017_F22,26,59295.584862762844,3.729110582999965
OOA,CEC2017_F22,27,64859.59322858974,3.746496250000746
OOA,CEC2017_F22,28,64965.73145304277,3.7184220419994745
OOA,CEC2017_F22,29,52729.81635129595,3.7015317080004024
OOA,CEC2017_F18,0,21485059549.181446,6.250644292000288
OOA,CEC2017_F18,1,55630580290.83231,6.073821291999593
OOA,CEC2017_F18,2,239538600099.15567,6.229113417000008
OOA,CEC2017_F18,3,57689893525.15437,6.153881125000225
OOA,CEC2017_F18,4,36815329515.69684,6.09220812500007
OOA,CEC2017_F18,5,21760180424.465034,5.982231334000062
OOA,CEC2017_F18,6,70119517797.72511,6.102218542000628
OOA,CEC2017_F18,7,46614791572.20666,6.061375708999549
OOA,CEC2017_F18,8,98744725220.90475,5.955852417000642
OOA,CEC2017_F18,9,159585134886.43283,6.138835166000717
OOA,CEC2017_F18,10,35185688888.84621,5.98510508399977
OOA,CEC2017_F18,11,37672679871.96758,6.065493458000674
OOA,CEC2017_F18,12,36718684107.05743,6.157480166999449
OOA,CEC2017_F18,13,44353794790.54803,6.136484917000416
OOA,CEC2017_F18,14,88020181855.50781,6.193661207999867
OOA,CEC2017_F18,15,36690484228.47959,6.239585583000007
OOA,CEC2017_F18,16,120805325171.40855,6.20340912499978
OOA,CEC2017_F18,17,387810890948.3606,6.114189833000637
OOA,CEC2017_F18,18,3948418482218.035,6.144273582999631
OOA,CEC2017_F18,19,40382103839.44574,6.08225583300009
OOA,CEC2017_F18,20,19326096289.141117,6.2305864579993795
OOA,CEC2017_F18,21,91902327977.17061,6.125597000000198
OOA,CEC2017_F18,22,67365242768.78089,6.22132695900018
OOA,CEC2017_F18,23,83033248576.43684,6.211790374999509
OOA,CEC2017_F18,24,63757190345.64371,6.119914666000113
OOA,CEC2017_F18,25,568378800841.1942,5.987892540999383
OOA,CEC2017_F18,26,63935051031.81409,6.18890733399985
OOA,CEC2017_F18,27,3692325131840.605,6.238246957999763
OOA,CEC2017_F18,28,2742600010577.944,6.138159208000616
OOA,CEC2017_F18,29,1072814810039.9463,6.355596792000142
OOA,CEC2017_F23,0,35581.351387234296,2.9139778750004552
OOA,CEC2017_F23,1,29812.952077806407,2.890791167000316
OOA,CEC2017_F23,2,28695.093716679577,2.9187234579994765
OOA,CEC2017_F23,3,28561.800939163077,2.9226295420003225
OOA,CEC2017_F23,4,35572.75412243656,2.899773582999842
OOA,CEC2017_F23,5,29576.561869477428,2.9260961660002067
OOA,CEC2017_F23,6,32236.933971933264,2.9207456250005635
OOA,CEC2017_F23,7,30492.063873379488,2.8267490420003014
OOA,CEC2017_F23,8,35523.78598253277,2.826247040999988
OOA,CEC2017_F23,9,31927.850343856655,2.875085124999714
OOA,CEC2017_F23,10,31191.791763049092,2.8907730420005464
OOA,CEC2017_F23,11,34443.68624428342,2.958593958000165
OOA,CEC2017_F23,12,34837.26187649646,2.7882305000002816
OOA,CEC2017_F23,13,35786.515140523436,2.9165205830004197
OOA,CEC2017_F23,14,31414.85795025372,3.067505459000131
OOA,CEC2017_F23,15,34181.5191520814,2.8824180420006087
OOA,CEC2017_F23,16,32678.875153343157,2.948462584000481
OOA,CEC2017_F23,17,30723.221764846687,2.860580583999763
OOA,CEC2017_F23,18,30001.537459710267,2.8205662079999456
OOA,CEC2017_F23,19,31765.72911673011,2.9560759160003727
OOA,CEC2017_F23,20,30028.307157161526,2.8548072920002596
OOA,CEC2017_F23,21,30227.17364352019,2.869191791999583
OOA,CEC2017_F23,22,32871.09412071987,2.871186792000117
OOA,CEC2017_F23,23,34956.15767295619,2.7871721669998806
OOA,CEC2017_F23,24,26286.483099349276,2.747004249999918
OOA,CEC2017_F23,25,31925.708175658026,2.8671924589998525
OOA,CEC2017_F23,26,27799.58677054889,2.8968625830002566
OOA,CEC2017_F23,27,35078.419591451384,2.8878510409995215
OOA,CEC2017_F23,28,32754.48981711416,2.796901082999284
OOA,CEC2017_F23,29,30091.956557102796,2.8237898329998643
OOA,CEC2017_F24,0,6378.399213895582,3.1903578750007
OOA,CEC2017_F24,1,5145.148227570053,3.1282317919994966
OOA,CEC2017_F24,2,5506.638091476158,3.164956790999895
OOA,CEC2017_F24,3,5773.308269685727,3.148766749999595
OOA,CEC2017_F24,4,4626.278877697853,3.2468103329993028
OOA,CEC2017_F24,5,5488.25715966632,3.1761388329996407
OOA,CEC2017_F24,6,5698.925233070428,3.2387798330000805
OOA,CEC2017_F24,7,4411.833270949655,3.251550916999804
OOA,CEC2017_F24,8,5758.098308028788,3.380573999999797
OOA,CEC2017_F24,9,6338.30901469094,3.362197749999723
OOA,CEC2017_F24,10,7019.279495811598,3.2533183750001626
OOA,CEC2017_F24,11,6189.756640997485,3.1050182079998194
OOA,CEC2017_F24,12,6094.95803310491,3.265641625000171
OOA,CEC2017_F24,13,5349.4404408955015,3.289964666999367
OOA,CEC2017_F24,14,5374.368655840059,3.2353682089997164
OOA,CEC2017_F24,15,5296.21603347058,3.1739067499993325
OOA,CEC2017_F24,16,7088.240319681401,3.1415747080000074
OOA,CEC2017_F24,17,5742.4406433078575,3.3053945000001477
OOA,CEC2017_F24,18,6037.700419672992,3.144976792000307
OOA,CEC2017_F24,19,6167.515830707034,3.2522242499999265
OOA,CEC2017_F24,20,4628.893728097815,3.319733250000354
OOA,CEC2017_F24,21,5763.901011522576,3.195728499999859
OOA,CEC2017_F24,22,5951.53078878626,3.1483743749995483
OOA,CEC2017_F24,23,6412.032374974687,3.261292625000351
OOA,CEC2017_F24,24,5231.05225674404,3.2573658749997776
OOA,CEC2017_F24,25,5407.311254512957,3.2080092079995666
OOA,CEC2017_F24,26,5745.338453361268,3.1797551660001773
OOA,CEC2017_F24,27,6264.656080248979,3.235582708000038
OOA,CEC2017_F24,28,7333.746082863189,3.1537612909996824
OOA,CEC2017_F24,29,6105.636369791673,3.244695708999643
COA,CEC2017_F28,0,1750381629.1702232,22.835235290999663
COA,CEC2017_F28,1,2195124326.243852,22.922634249999646
COA,CEC2017_F28,2,7335290614.471821,22.72475829099949
COA,CEC2017_F28,3,1999374053.9435263,22.633394915999816
COA,CEC2017_F28,4,2828779297.112749,22.99181200000021
COA,CEC2017_F28,5,3279550181.243272,22.54544000000078
COA,CEC2017_F28,6,5822876137.728816,22.91396041600001
COA,CEC2017_F28,7,1206461087.696404,22.72664475000056
COA,CEC2017_F28,8,2985298766.6791024,22.956795582999803
COA,CEC2017_F28,9,338797910.9045493,22.986891083000046
COA,CEC2017_F28,10,3979536952.1822004,22.797647833000156
COA,CEC2017_F28,11,3762701858.7622857,22.973293499999272
COA,CEC2017_F28,12,6243225165.494052,22.858075500000268
COA,CEC2017_F28,13,3141152682.547639,23.270680374999756
COA,CEC2017_F28,14,1652491079.3620791,22.73878033300025
COA,CEC2017_F28,15,2767810171.4652047,23.83379687500019
COA,CEC2017_F28,16,40339384.09513249,22.49613545900047
COA,CEC2017_F28,17,4825404917.655619,22.354237167000065
COA,CEC2017_F28,18,93178782.99424613,22.437879375000193
COA,CEC2017_F28,19,3299683162.4778137,22.476266583000324
COA,CEC2017_F28,20,2991555579.590277,22.67583949999971
COA,CEC2017_F28,21,5782595162.00236,22.834733042000153
COA,CEC2017_F28,22,1358959023.7981303,22.616030834000412
COA,CEC2017_F28,23,2140478153.9246836,22.588231499999893
COA,CEC2017_F28,24,3182311219.616773,22.619778540999505
COA,CEC2017_F28,25,58706354.0760396,22.55840999999964
COA,CEC2017_F28,26,5992479627.012253,22.2593217499998
COA,CEC2017_F28,27,2466412672.6651216,22.60748762499952
COA,CEC2017_F28,28,5435459601.809528,22.553629749999345
COA,CEC2017_F28,29,4316156082.957568,22.885524834000535
OOA,CEC2017_F16,0,4209218291.5890236,13.207341374999487
OOA,CEC2017_F16,1,3539854627.260871,13.395247082999958
OOA,CEC2017_F16,2,9140556145398.396,13.4815874169999
OOA,CEC2017_F16,3,210787.00708567427,13.515117416999601
OOA,CEC2017_F16,4,35110384173.044174,13.363702415999796
OOA,CEC2017_F16,5,5433030709050.117,13.477439833999597
OOA,CEC2017_F16,6,1625797.459047604,13.12638354200044
OOA,CEC2017_F16,7,194856071.51836592,13.624778124999466
OOA,CEC2017_F16,8,5540919.339652174,13.27423941699999
OOA,CEC2017_F16,9,107152.27362785488,13.503575249999813
OOA,CEC2017_F16,10,277700426.3929399,13.523125124999751
OOA,CEC2017_F16,11,24645179016.006115,13.294007874999807
OOA,CEC2017_F16,12,1566494786.7532296,13.330966000000444
OOA,CEC2017_F16,13,527233868.6095784,13.304276625000057
OOA,CEC2017_F16,14,54947286.448715866,13.55817933399976
OOA,CEC2017_F16,15,272803.7006793176,13.339024875000177
OOA,CEC2017_F16,16,24859846951.59812,13.290933750000477
OOA,CEC2017_F16,17,346012913.1643352,13.47216595900045
OOA,CEC2017_F16,18,48216417.18679906,13.42795762500009
OOA,CEC2017_F16,19,35119512920.865555,13.433435208999981
OOA,CEC2017_F16,20,96146331302.22368,13.283438749999732
OOA,CEC2017_F16,21,390615908092.9867,13.28204362500037
OOA,CEC2017_F16,22,75269232.6221099,12.875003916999958
OOA,CEC2017_F16,23,429842134.4799906,13.335916500000167
OOA,CEC2017_F16,24,1073887738.8863344,13.091409208000186
OOA,CEC2017_F16,25,57691.54048365536,13.009856291999313
OOA,CEC2017_F16,26,879903.8538754368,12.997541792000447
OOA,CEC2017_F16,27,1880278715.203143,13.096373250000397
OOA,CEC2017_F16,28,596681033.4110897,12.879446541999641
OOA,CEC2017_F16,29,57021525518.07959,12.639496041999337
OOA,CEC2017_F19,0,6991.362350334135,13.412971415999891
OOA,CEC2017_F19,1,5494.349578083685,13.736058124999545
OOA,CEC2017_F19,2,6560.867778757803,13.548725167000157
OOA,CEC2017_F19,3,8434.34399074571,13.6161898750006
OOA,CEC2017_F19,4,7092.549124215791,13.512165791999905
OOA,CEC2017_F19,5,8109.66386864731,13.56084487499993
OOA,CEC2017_F19,6,4949.736899656484,13.551031083000453
OOA,CEC2017_F19,7,5434.268352732525,13.720731209000405
OOA,CEC2017_F19,8,5625.244804151627,13.645408082999893
OOA,CEC2017_F19,9,8243.213835579567,13.498301374999755
OOA,CEC2017_F19,10,7035.228609536166,13.45657279199986
OOA,CEC2017_F19,11,5921.97398526071,13.574113333999776
OOA,CEC2017_F19,12,6357.604109478737,13.382322333000047
OOA,CEC2017_F19,13,9933.535243048253,13.26444254099988
OOA,CEC2017_F19,14,9225.722485062117,13.409236249999594
OOA,CEC2017_F19,15,7542.36037131551,13.696898166999745
OOA,CEC2017_F19,16,6653.0143518878795,13.530261042000348
OOA,CEC2017_F19,17,7445.3679509481735,13.573925542000325
OOA,CEC2017_F19,18,7918.204775556473,13.835977208000259
OOA,CEC2017_F19,19,6364.302627627713,13.731082457999946
OOA,CEC2017_F19,20,5550.251954324488,12.939791541999512
OOA,CEC2017_F19,21,5390.841753802175,13.172418084000128
OOA,CEC2017_F19,22,5973.734361475295,13.087074375000157
OOA,CEC2017_F19,23,6839.836868333378,13.057255167000221
OOA,CEC2017_F19,24,5271.691281634843,13.318481874999634
OOA,CEC2017_F19,25,5593.9760638741445,13.035241083000074
OOA,CEC2017_F19,26,8797.868141165785,12.939688957999351
OOA,CEC2017_F19,27,6918.640047748192,12.652809041999717
OOA,CEC2017_F19,28,6892.658098056872,12.02099966700007
OOA,CEC2017_F19,29,8627.798735801876,12.035631458999887
OOA,CEC2017_F25,0,10872.331932008945,10.897285209000074
OOA,CEC2017_F25,1,10445.615100727246,10.705829375000576
OOA,CEC2017_F25,2,6068.4326271254795,10.709679167000104
OOA,CEC2017_F25,3,11383.994929526136,10.861699333000615
OOA,CEC2017_F25,4,4831.149641756394,10.567057874999591
OOA,CEC2017_F25,5,5551.098378424068,10.613969167000505
OOA,CEC2017_F25,6,13918.38368669738,10.702406499999597
OOA,CEC2017_F25,7,13839.601342935164,10.786127333999502
OOA,CEC2017_F25,8,5413.008629239024,10.66447695900024
OOA,CEC2017_F25,9,4191.429932393252,10.789165624999441
OOA,CEC2017_F25,10,4415.005508182303,10.808525542000098
OOA,CEC2017_F25,11,4758.709570743347,10.625600833000135
OOA,CEC2017_F25,12,7517.017220425844,10.819096291000278
OOA,CEC2017_F25,13,9831.925080482786,10.862825500000326
OOA,CEC2017_F25,14,6075.971186147431,10.815659500000038
OOA,CEC2017_F25,15,5351.587019857587,10.024669290999555
OOA,CEC2017_F25,16,11114.729387533424,10.511153000000377
OOA,CEC2017_F25,17,11243.249827715248,10.54347450000023
OOA,CEC2017_F25,18,5471.422893412537,10.31996270899981
OOA,CEC2017_F25,19,3691.0530500304376,10.34355745800076
OOA,CEC2017_F25,20,3884.806806625311,10.433998749999773
OOA,CEC2017_F25,21,7112.557082312965,10.241174249999858
OOA,CEC2017_F25,22,6835.074326640031,10.247052875000008
OOA,CEC2017_F25,23,8643.132692275924,10.184847500000615
OOA,CEC2017_F25,24,8216.77355389978,9.739425333000327
OOA,CEC2017_F25,25,6778.211473582896,9.291640667000138
OOA,CEC2017_F25,26,4633.286308998373,9.516230082999755
OOA,CEC2017_F25,27,6042.604520206519,8.760609750000185
OOA,CEC2017_F25,28,5910.15529143829,8.627533541000048
OOA,CEC2017_F25,29,4769.232335994886,8.64254954200078
OOA,CEC2017_F29,0,6095852077.888135,9.00644929200007
OOA,CEC2017_F29,1,9787847853.366817,9.030442375000348
OOA,CEC2017_F29,2,15068240022.35529,8.812514749999536
OOA,CEC2017_F29,3,14263455421.398424,9.140733082999759
OOA,CEC2017_F29,4,11802980956.996769,9.021221416000117
OOA,CEC2017_F29,5,26962635555.23333,9.000227874999837
OOA,CEC2017_F29,6,23483777900.615036,8.936990457999855
OOA,CEC2017_F29,7,15757068602.489132,8.932752749999963
OOA,CEC2017_F29,8,1997251292.0125816,9.03403900000012
OOA,CEC2017_F29,9,20346442533.472824,8.874696916000175
OOA,CEC2017_F29,10,31033635006.162815,8.39337041699946
OOA,CEC2017_F29,11,9349096895.985914,8.784252375000506
OOA,CEC2017_F29,12,11944386083.47686,8.570538209000006
OOA,CEC2017_F29,13,10300237044.810394,8.568949084000451
OOA,CEC2017_F29,14,10984581588.565987,8.616178250000303
OOA,CEC2017_F29,15,4184183159.2777333,8.60190033300023
OOA,CEC2017_F29,16,8569896094.68599,8.51513633400009
OOA,CEC2017_F29,17,10482547433.295706,8.600418957999864
OOA,CEC2017_F29,18,20032882161.223484,8.460115709000092
OOA,CEC2017_F29,19,8041544846.656903,8.586065875000713
OOA,CEC2017_F29,20,20153910745.79601,8.523849875000451
OOA,CEC2017_F29,21,32575336801.319954,7.958249499999511
OOA,CEC2017_F29,22,14844589750.454594,7.7904195420005635
OOA,CEC2017_F29,23,17018003516.50655,7.687823166999806
OOA,CEC2017_F29,24,9530106901.006765,7.599244707999787
OOA,CEC2017_F29,25,16497794316.66737,7.026973874999385
OOA,CEC2017_F29,26,22585892962.613186,7.019386957999814
OOA,CEC2017_F29,27,13917194380.769695,7.135595457999443
OOA,CEC2017_F29,28,27906327275.619278,6.271134749999874
OOA,CEC2017_F29,29,6960601837.903421,6.3523519999998825
OOA,CEC2017_F27,0,4017.232567200513,10.41471491700031
OOA,CEC2017_F27,1,5610.881124849804,10.863734874999864
OOA,CEC2017_F27,2,7920.615148660361,10.353112041999339
OOA,CEC2017_F27,3,4512.531945294935,10.397771416999603
OOA,CEC2017_F27,4,4577.246950645436,10.427208332999726
OOA,CEC2017_F27,5,3839.744574096123,10.557252708000306
OOA,CEC2017_F27,6,4513.939486321539,10.40466650000053
OOA,CEC2017_F27,7,5989.98600762797,10.321082375000515
OOA,CEC2017_F27,8,7170.431331788588,10.522318874999655
OOA,CEC2017_F27,9,4428.425967379648,10.807638625000436
OOA,CEC2017_F27,10,4627.163619164568,9.778936292000253
OOA,CEC2017_F27,11,5071.030173029569,9.98334587499994
OOA,CEC2017_F27,12,5243.792912055656,10.123367500000313
OOA,CEC2017_F27,13,3857.3018804037456,10.076419082999564
OOA,CEC2017_F27,14,4767.448381900709,10.091745791999529
OOA,CEC2017_F27,15,5476.596706956882,9.974949541999194
OOA,CEC2017_F27,16,5233.064684285579,10.13265712500015
OOA,CEC2017_F27,17,7025.237611460938,9.811570207999466
OOA,CEC2017_F27,18,4267.85798224264,9.707660625000244
OOA,CEC2017_F27,19,5674.194164510844,9.866030041999693
OOA,CEC2017_F27,20,5469.217359646977,9.08263474999967
OOA,CEC2017_F27,21,5954.941876738582,9.018297999999959
OOA,CEC2017_F27,22,4405.940496812778,9.006992207999247
OOA,CEC2017_F27,23,4742.040465328572,8.349142999999458
OOA,CEC2017_F27,24,5330.379831590018,8.234634041999925
OOA,CEC2017_F27,25,6142.584225631176,7.973506416999953
OOA,CEC2017_F27,26,5721.492767029574,7.45064716700017
OOA,CEC2017_F27,27,5638.770153130405,7.250270166000519
OOA,CEC2017_F27,28,5375.733350640172,7.2182217499994294
OOA,CEC2017_F27,29,4063.70128921965,7.191919750000125
OOA,CEC2017_F26,0,3285.274921652187,11.094850000000406
OOA,CEC2017_F26,1,3664.5776973978836,11.287917124999694
OOA,CEC2017_F26,2,3755.392724766741,11.336019874999693
OOA,CEC2017_F26,3,3542.7033935394493,11.119790959000056
OOA,CEC2017_F26,4,3622.61734516682,11.22834766699998
OOA,CEC2017_F26,5,4018.4364067007864,11.381409292000171
OOA,CEC2017_F26,6,3458.157795776058,11.333241624999573
OOA,CEC2017_F26,7,3763.496798365991,11.264834165999673
OOA,CEC2017_F26,8,3880.031001795128,11.057760374999816
OOA,CEC2017_F26,9,3624.083139991595,10.834317791999638
OOA,CEC2017_F26,10,4099.265304427306,11.048344541000006
OOA,CEC2017_F26,11,3480.4167722509055,10.465091375000156
OOA,CEC2017_F26,12,3855.3889635873925,10.976514250000037
OOA,CEC2017_F26,13,3586.1623558300207,10.69864087499991
OOA,CEC2017_F26,14,4109.890441269709,10.689474041999347
OOA,CEC2017_F26,15,4430.402435323713,10.636008916999344
OOA,CEC2017_F26,16,3685.0085515052097,10.862809291999838
OOA,CEC2017_F26,17,3690.5719224937484,10.585019458000716
OOA,CEC2017_F26,18,3954.5860889076166,10.749344583000493
OOA,CEC2017_F26,19,3660.659140713946,10.459262542000033
OOA,CEC2017_F26,20,3852.2385178753575,10.00009237499944
OOA,CEC2017_F26,21,4108.954493071766,9.602096167000127
OOA,CEC2017_F26,22,3997.060502978494,9.626862500000243
OOA,CEC2017_F26,23,3780.0948122356403,8.885429457999635
OOA,CEC2017_F26,24,3733.438173013985,8.841291834000003
OOA,CEC2017_F26,25,3544.477437045125,8.274164917000235
OOA,CEC2017_F26,26,3980.8789185836777,7.905621957999756
OOA,CEC2017_F26,27,3777.936257434657,7.762041665999277
OOA,CEC2017_F26,28,3523.649321904553,7.735049416000038
OOA,CEC2017_F26,29,3848.4179064540904,7.5447925419994135
OOA,CEC2017_F28,0,1857579535.3960984,18.278530249999676
OOA,CEC2017_F28,1,269772350026.3556,18.377178374999858
OOA,CEC2017_F28,2,6028744887.734028,18.184603542000332
OOA,CEC2017_F28,3,1537868442.306587,18.239605916999608
OOA,CEC2017_F28,4,6176278287.711439,18.273374790999696
OOA,CEC2017_F28,5,8748704341.501078,18.06021404100011
OOA,CEC2017_F28,6,63889769175.1156,17.498087625000153
OOA,CEC2017_F28,7,13737121900.328127,17.666694292000102
OOA,CEC2017_F28,8,5031054150.66617,17.659842084000047
OOA,CEC2017_F28,9,8373269033.837128,17.57730433300003
OOA,CEC2017_F28,10,20338460764.947266,17.431205083999885
OOA,CEC2017_F28,11,9931051431.629345,16.53889325
OOA,CEC2017_F28,12,1928882000.595798,15.960313333000158
OOA,CEC2017_F28,13,4312854641.057486,14.547233957999197
OOA,CEC2017_F28,14,1118637884.6895566,13.974666875000366
OOA,CEC2017_F28,15,10242423539.2972,12.9808714589999
OOA,CEC2017_F28,16,2450713142.816393,12.887358250000034
OOA,CEC2017_F28,17,37213135813.79758,12.18149104099939
OOA,CEC2017_F28,18,14647146419.773596,12.028721292000228
OOA,CEC2017_F28,19,29004228748.725292,12.006102291999923
OOA,CEC2017_F28,20,9761545438.34902,12.031675042000643
OOA,CEC2017_F28,21,69926986916.65993,12.036109667000346
OOA,CEC2017_F28,22,20351208494.9445,12.037376334000328
OOA,CEC2017_F28,23,5182589908.752619,12.028499416999693
OOA,CEC2017_F28,24,57904976690.36201,12.028102334000323
OOA,CEC2017_F28,25,8700214481.14858,12.011877791000188
OOA,CEC2017_F28,26,13764673947.25126,12.171768083000643
OOA,CEC2017_F28,27,9982236366.607424,12.214967333000459
OOA,CEC2017_F28,28,9936075944.39353,12.188023499999872
OOA,CEC2017_F28,29,22312456806.071327,12.097015207999902
