iter,diversity,frozen_frac,mean_subset_size,dataset,gamma
0,0.4777777777777778,0.0,8.488888888888889,Zoo,0.0
1,0.48430555555555554,0.0,8.077777777777778,Zoo,0.0
2,0.4873611111111111,0.0,8.166666666666666,Zoo,0.0
3,0.48995370370370367,0.0,7.855555555555555,Zoo,0.0
4,0.4799074074074074,0.0,8.222222222222223,Zoo,0.0
5,0.48518518518518516,0.0,8.466666666666667,Zoo,0.0
6,0.4897222222222222,0.0,8.044444444444444,Zoo,0.0
7,0.48560185185185184,0.0,7.833333333333333,Zoo,0.0
8,0.48800925925925925,0.0,7.855555555555555,Zoo,0.0
9,0.4873148148148148,0.0,8.200000000000001,Zoo,0.0
10,0.485787037037037,0.0,7.98888888888889,Zoo,0.0
11,0.48643518518518514,0.0,7.811111111111111,Zoo,0.0
12,0.48291666666666666,0.0,7.966666666666666,Zoo,0.0
13,0.47388888888888886,0.0,7.733333333333333,Zoo,0.0
14,0.4802314814814815,0.0,7.944444444444444,Zoo,0.0
15,0.4809722222222222,0.0,7.877777777777777,Zoo,0.0
16,0.48162037037037037,0.0,7.966666666666666,Zoo,0.0
17,0.47675925925925927,0.0,7.6000000000000005,Zoo,0.0
18,0.4834259259259259,0.0,8.28888888888889,Zoo,0.0
19,0.47662037037037036,0.0,7.788888888888889,Zoo,0.0
20,0.482962962962963,0.0,7.533333333333334,Zoo,0.0
21,0.475462962962963,0.0,8.044444444444444,Zoo,0.0
22,0.4742592592592592,0.0,8.0,Zoo,0.0
23,0.4831481481481481,0.0,8.200000000000001,Zoo,0.0
24,0.48361111111111116,0.0,8.177777777777779,Zoo,0.0
25,0.4869907407407408,0.0,7.8999999999999995,Zoo,0.0
26,0.47833333333333333,0.0,7.933333333333334,Zoo,0.0
27,0.4810185185185185,0.0,7.888888888888889,Zoo,0.0
28,0.48388888888888887,0.0,8.066666666666666,Zoo,0.0
29,0.4815277777777778,0.0,7.677777777777777,Zoo,0.0
30,0.4877314814814815,0.0,7.98888888888889,Zoo,0.0
31,0.48273148148148143,0.0,8.077777777777778,Zoo,0.0
32,0.4856481481481481,0.0,7.644444444444445,Zoo,0.0
33,0.48657407407407405,0.0,7.822222222222223,Zoo,0.0
34,0.4846759259259259,0.0,7.966666666666666,Zoo,0.0
35,0.4824074074074074,0.0,7.777777777777779,Zoo,0.0
36,0.4817592592592592,0.0,7.7555555555555555,Zoo,0.0
37,0.4769444444444444,0.0,8.377777777777778,Zoo,0.0
38,0.48060185185185184,0.0,8.233333333333333,Zoo,0.0
39,0.47972222222222216,0.0,7.777777777777778,Zoo,0.0
40,0.48726851851851843,0.0,7.877777777777777,Zoo,0.0
41,0.48680555555555555,0.0,8.055555555555555,Zoo,0.0
42,0.48518518518518516,0.0,8.155555555555555,Zoo,0.0
43,0.4811111111111111,0.0,8.333333333333334,Zoo,0.0
44,0.48615740740740737,0.0,8.077777777777778,Zoo,0.0
45,0.4835648148148148,0.0,8.077777777777778,Zoo,0.0
46,0.4837962962962963,0.0,8.022222222222222,Zoo,0.0
47,0.4848148148148148,0.0,8.022222222222222,Zoo,0.0
48,0.48282407407407407,0.0,8.166666666666666,Zoo,0.0
49,0.4885185185185185,0.0,7.644444444444445,Zoo,0.0
50,0.48203703703703704,0.0,7.666666666666667,Zoo,0.0
51,0.4842592592592592,0.0,7.888888888888888,Zoo,0.0
52,0.4850462962962963,0.0,7.699999999999999,Zoo,0.0
53,0.48041666666666666,0.0,7.855555555555555,Zoo,0.0
54,0.48148148148148145,0.0,7.688888888888889,Zoo,0.0
55,0.48189814814814813,0.0,8.077777777777778,Zoo,0.0
56,0.4839814814814815,0.0,8.177777777777779,Zoo,0.0
57,0.48282407407407407,0.0,7.477777777777778,Zoo,0.0
58,0.48050925925925925,0.0,8.1,Zoo,0.0
59,0.47981481481481475,0.0,7.955555555555556,Zoo,0.0
60,0.483287037037037,0.0,7.7,Zoo,0.0
61,0.4808333333333333,0.0,8.177777777777777,Zoo,0.0
62,0.487037037037037,0.0,8.377777777777778,Zoo,0.0
63,0.48351851851851846,0.0,8.311111111111112,Zoo,0.0
64,0.48374999999999996,0.0,8.233333333333333,Zoo,0.0
65,0.48388888888888887,0.0,8.0,Zoo,0.0
66,0.48203703703703704,0.0,8.022222222222222,Zoo,0.0
67,0.48305555555555557,0.0,7.844444444444444,Zoo,0.0
68,0.4873148148148148,0.0,7.977777777777777,Zoo,0.0
69,0.48226851851851854,0.0,8.233333333333334,Zoo,0.0
70,0.4878240740740741,0.0,8.033333333333333,Zoo,0.0
71,0.48643518518518514,0.0,8.188888888888888,Zoo,0.0
72,0.48050925925925925,0.0,7.522222222222222,Zoo,0.0
73,0.4817592592592592,0.0,7.622222222222223,Zoo,0.0
74,0.47967592592592595,0.0,8.011111111111111,Zoo,0.0
75,0.4885185185185185,0.0,8.28888888888889,Zoo,0.0
76,0.48583333333333334,0.0,7.777777777777778,Zoo,0.0
77,0.49060185185185184,0.0,8.144444444444444,Zoo,0.0
78,0.4798611111111111,0.0,7.833333333333333,Zoo,0.0
79,0.4769444444444444,0.0,7.977777777777778,Zoo,0.0
80,0.48518518518518516,0.0,7.955555555555556,Zoo,0.0
81,0.4831944444444444,0.0,7.7,Zoo,0.0
82,0.48787037037037034,0.0,8.466666666666667,Zoo,0.0
83,0.48666666666666664,0.0,7.7555555555555555,Zoo,0.0
84,0.4862037037037037,0.0,7.822222222222222,Zoo,0.0
85,0.48560185185185184,0.0,7.7444444444444445,Zoo,0.0
86,0.4816666666666667,0.0,8.044444444444444,Zoo,0.0
87,0.48125,0.0,7.98888888888889,Zoo,0.0
88,0.48601851851851857,0.0,8.333333333333334,Zoo,0.0
89,0.48972222222222217,0.0,8.088888888888889,Zoo,0.0
90,0.4853703703703703,0.0,8.155555555555555,Zoo,0.0
91,0.48486111111111113,0.0,8.322222222222221,Zoo,0.0
92,0.48597222222222225,0.0,7.877777777777777,Zoo,0.0
93,0.4849074074074074,0.0,8.133333333333333,Zoo,0.0
94,0.48064814814814816,0.0,8.111111111111112,Zoo,0.0
95,0.4718981481481482,0.0,7.766666666666667,Zoo,0.0
96,0.48060185185185184,0.0,8.033333333333333,Zoo,0.0
97,0.4832407407407408,0.0,8.177777777777777,Zoo,0.0
98,0.48050925925925925,0.0,8.122222222222222,Zoo,0.0
99,0.48305555555555557,0.0,8.066666666666666,Zoo,0.0
100,0.48388888888888887,0.0,8.28888888888889,Zoo,0.0
101,0.48740740740740734,0.0,8.222222222222223,Zoo,0.0
102,0.4861111111111111,0.0,8.11111111111111,Zoo,0.0
103,0.4824537037037037,0.0,7.922222222222222,Zoo,0.0
104,0.4869444444444444,0.0,8.088888888888889,Zoo,0.0
105,0.48583333333333334,0.0,8.2,Zoo,0.0
106,0.4755092592592593,0.0,8.255555555555555,Zoo,0.0
107,0.4777314814814815,0.0,8.1,Zoo,0.0
108,0.48421296296296296,0.0,7.677777777777777,Zoo,0.0
109,0.4819907407407407,0.0,7.9444444444444455,Zoo,0.0
110,0.4883796296296296,0.0,7.922222222222222,Zoo,0.0
111,0.48736111111111113,0.0,8.1,Zoo,0.0
112,0.48106481481481483,0.0,7.966666666666666,Zoo,0.0
113,0.48625,0.0,8.033333333333333,Zoo,0.0
114,0.4841203703703704,0.0,8.166666666666666,Zoo,0.0
115,0.4882870370370371,0.0,8.21111111111111,Zoo,0.0
116,0.48796296296296293,0.0,8.133333333333333,Zoo,0.0
117,0.4873148148148148,0.0,8.355555555555556,Zoo,0.0
118,0.4843981481481481,0.0,7.922222222222222,Zoo,0.0
119,0.4846759259259259,0.0,7.855555555555555,Zoo,0.0
120,0.4804629629629629,0.0,7.733333333333333,Zoo,0.0
121,0.4832407407407407,0.0,8.044444444444444,Zoo,0.0
122,0.48574074074074075,0.0,8.11111111111111,Zoo,0.0
123,0.4898611111111111,0.0,8.077777777777778,Zoo,0.0
124,0.48055555555555557,0.0,7.800000000000001,Zoo,0.0
125,0.4879166666666666,0.0,8.277777777777779,Zoo,0.0
126,0.48814814814814816,0.0,8.222222222222223,Zoo,0.0
127,0.4831481481481481,0.0,8.022222222222222,Zoo,0.0
128,0.4816203703703703,0.0,8.033333333333333,Zoo,0.0
129,0.48680555555555555,0.0,8.411111111111111,Zoo,0.0
130,0.4882407407407407,0.0,8.022222222222224,Zoo,0.0
131,0.48898148148148146,0.0,8.066666666666666,Zoo,0.0
132,0.48273148148148143,0.0,8.388888888888888,Zoo,0.0
133,0.48740740740740734,0.0,8.177777777777777,Zoo,0.0
134,0.4840740740740741,0.0,7.977777777777778,Zoo,0.0
135,0.4852314814814815,0.0,8.144444444444444,Zoo,0.0
136,0.4844907407407408,0.0,8.1,Zoo,0.0
137,0.4875925925925926,0.0,8.066666666666666,Zoo,0.0
138,0.4853240740740741,0.0,7.988888888888888,Zoo,0.0
139,0.4847222222222222,0.0,8.044444444444444,Zoo,0.0
140,0.4824074074074074,0.0,8.0,Zoo,0.0
141,0.4879166666666666,0.0,8.077777777777778,Zoo,0.0
142,0.4809722222222222,0.0,8.255555555555555,Zoo,0.0
143,0.4859722222222222,0.0,8.18888888888889,Zoo,0.0
144,0.48657407407407405,0.0,8.133333333333333,Zoo,0.0
145,0.4877314814814815,0.0,8.233333333333333,Zoo,0.0
146,0.4840277777777778,0.0,8.299999999999999,Zoo,0.0
147,0.4849537037037037,0.0,8.299999999999999,Zoo,0.0
148,0.4853240740740741,0.0,8.055555555555555,Zoo,0.0
149,0.4897222222222222,0.0,8.0,Zoo,0.0
150,0.48120370370370374,0.0,7.7555555555555555,Zoo,0.0
151,0.4837037037037037,0.0,8.355555555555556,Zoo,0.0
152,0.48569444444444443,0.0,8.055555555555555,Zoo,0.0
153,0.48574074074074075,0.0,7.933333333333333,Zoo,0.0
154,0.4893055555555555,0.0,8.077777777777778,Zoo,0.0
155,0.48546296296296293,0.0,8.244444444444445,Zoo,0.0
156,0.48263888888888884,0.0,7.788888888888889,Zoo,0.0
157,0.48680555555555555,0.0,8.166666666666666,Zoo,0.0
158,0.4863888888888889,0.0,8.511111111111111,Zoo,0.0
159,0.4875925925925926,0.0,7.977777777777778,Zoo,0.0
160,0.47532407407407407,0.0,8.033333333333333,Zoo,0.0
161,0.48796296296296293,0.0,8.200000000000001,Zoo,0.0
162,0.48444444444444446,0.0,8.044444444444444,Zoo,0.0
163,0.4823611111111111,0.0,8.255555555555555,Zoo,0.0
164,0.4815277777777778,0.0,7.98888888888889,Zoo,0.0
165,0.4842592592592592,0.0,8.355555555555556,Zoo,0.0
166,0.4838425925925926,0.0,8.166666666666666,Zoo,0.0
167,0.4800462962962963,0.0,7.966666666666666,Zoo,0.0
168,0.4824537037037037,0.0,8.21111111111111,Zoo,0.0
169,0.4822222222222223,0.0,8.022222222222222,Zoo,0.0
170,0.47935185185185186,0.0,7.933333333333334,Zoo,0.0
171,0.482962962962963,0.0,8.28888888888889,Zoo,0.0
172,0.48300925925925925,0.0,8.055555555555555,Zoo,0.0
173,0.4809722222222222,0.0,7.877777777777777,Zoo,0.0
174,0.4799074074074074,0.0,8.022222222222222,Zoo,0.0
175,0.48439814814814813,0.0,8.033333333333333,Zoo,0.0
176,0.4795833333333333,0.0,8.011111111111111,Zoo,0.0
177,0.48055555555555557,0.0,8.133333333333333,Zoo,0.0
178,0.48736111111111113,0.0,7.988888888888888,Zoo,0.0
179,0.48601851851851846,0.0,8.0,Zoo,0.0
180,0.4844907407407408,0.0,8.188888888888888,Zoo,0.0
181,0.48291666666666666,0.0,8.144444444444444,Zoo,0.0
182,0.4873611111111111,0.0,8.011111111111111,Zoo,0.0
183,0.4808333333333333,0.0,8.177777777777777,Zoo,0.0
184,0.48486111111111113,0.0,7.8999999999999995,Zoo,0.0
185,0.48444444444444446,0.0,8.066666666666666,Zoo,0.0
186,0.47888888888888886,0.0,7.911111111111111,Zoo,0.0
187,0.4825,0.0,8.155555555555555,Zoo,0.0
188,0.48041666666666666,0.0,7.9444444444444455,Zoo,0.0
189,0.4825,0.0,7.866666666666667,Zoo,0.0
190,0.48365740740740737,0.0,7.722222222222221,Zoo,0.0
191,0.4815277777777778,0.0,7.98888888888889,Zoo,0.0
192,0.48833333333333334,0.0,7.888888888888889,Zoo,0.0
193,0.4835185185185185,0.0,7.911111111111111,Zoo,0.0
194,0.48106481481481483,0.0,8.077777777777778,Zoo,0.0
195,0.48560185185185184,0.0,7.766666666666667,Zoo,0.0
196,0.48138888888888887,0.0,8.133333333333333,Zoo,0.0
197,0.48180555555555554,0.0,7.7444444444444445,Zoo,0.0
198,0.4853703703703704,0.0,7.8,Zoo,0.0
199,0.48263888888888884,0.0,7.566666666666666,Zoo,0.0
200,0.4811574074074074,0.0,7.9444444444444455,Zoo,0.0
201,0.48189814814814813,0.0,7.611111111111111,Zoo,0.0
202,0.48055555555555557,0.0,7.577777777777778,Zoo,0.0
203,0.4837962962962963,0.0,7.933333333333334,Zoo,0.0
204,0.4802777777777778,0.0,7.888888888888889,Zoo,0.0
205,0.48212962962962963,0.0,7.688888888888889,Zoo,0.0
206,0.4854166666666666,0.0,7.855555555555555,Zoo,0.0
207,0.4814351851851852,0.0,7.98888888888889,Zoo,0.0
208,0.48634259259259255,0.0,7.966666666666666,Zoo,0.0
209,0.48291666666666666,0.0,7.855555555555555,Zoo,0.0
210,0.4769907407407407,0.0,7.966666666666666,Zoo,0.0
211,0.48203703703703704,0.0,7.977777777777778,Zoo,0.0
212,0.4777777777777778,0.0,7.8,Zoo,0.0
213,0.47935185185185186,0.0,8.066666666666668,Zoo,0.0
214,0.4831944444444445,0.0,7.8999999999999995,Zoo,0.0
215,0.4852314814814815,0.0,7.8999999999999995,Zoo,0.0
216,0.48300925925925925,0.0,8.299999999999999,Zoo,0.0
217,0.48518518518518516,0.0,7.888888888888889,Zoo,0.0
218,0.47726851851851854,0.0,7.855555555555555,Zoo,0.0
219,0.48064814814814816,0.0,8.155555555555557,Zoo,0.0
220,0.4777777777777778,0.0,7.888888888888889,Zoo,0.0
221,0.47671296296296295,0.0,7.833333333333333,Zoo,0.0
222,0.4834259259259259,0.0,8.244444444444445,Zoo,0.0
223,0.48810185185185184,0.0,8.21111111111111,Zoo,0.0
224,0.4832407407407407,0.0,8.066666666666666,Zoo,0.0
225,0.48731481481481476,0.0,8.11111111111111,Zoo,0.0
226,0.48643518518518514,0.0,8.166666666666666,Zoo,0.0
227,0.4833796296296296,0.0,8.166666666666666,Zoo,0.0
228,0.4825,0.0,7.688888888888889,Zoo,0.0
229,0.4824537037037037,0.0,8.144444444444444,Zoo,0.0
230,0.47726851851851854,0.0,7.544444444444444,Zoo,0.0
231,0.48351851851851846,0.0,8.177777777777779,Zoo,0.0
232,0.477037037037037,0.0,7.822222222222223,Zoo,0.0
233,0.4855092592592593,0.0,7.833333333333333,Zoo,0.0
234,0.48671296296296296,0.0,7.8999999999999995,Zoo,0.0
235,0.4852314814814815,0.0,8.322222222222223,Zoo,0.0
236,0.48435185185185187,0.0,7.933333333333334,Zoo,0.0
237,0.481712962962963,0.0,8.188888888888888,Zoo,0.0
238,0.48064814814814816,0.0,8.200000000000001,Zoo,0.0
239,0.4839814814814815,0.0,7.688888888888889,Zoo,0.0
240,0.48106481481481483,0.0,8.166666666666666,Zoo,0.0
241,0.4794907407407407,0.0,7.788888888888889,Zoo,0.0
242,0.4785648148148148,0.0,7.833333333333333,Zoo,0.0
243,0.47976851851851854,0.0,7.766666666666667,Zoo,0.0
244,0.48208333333333325,0.0,7.98888888888889,Zoo,0.0
245,0.48416666666666663,0.0,7.911111111111111,Zoo,0.0
246,0.48138888888888887,0.0,7.933333333333334,Zoo,0.0
247,0.48134259259259254,0.0,7.855555555555555,Zoo,0.0
248,0.4862962962962963,0.0,8.0,Zoo,0.0
249,0.4837962962962963,0.0,8.0,Zoo,0.0
250,0.4831944444444445,0.0,7.766666666666667,Zoo,0.0
251,0.4785648148148149,0.0,8.366666666666665,Zoo,0.0
252,0.4824537037037037,0.0,7.522222222222222,Zoo,0.0
253,0.48050925925925925,0.0,8.277777777777777,Zoo,0.0
254,0.48583333333333334,0.0,7.8,Zoo,0.0
255,0.48374999999999996,0.0,8.077777777777778,Zoo,0.0
256,0.48333333333333334,0.0,8.022222222222222,Zoo,0.0
257,0.48282407407407407,0.0,8.144444444444444,Zoo,0.0
258,0.4819907407407407,0.0,7.788888888888889,Zoo,0.0
259,0.4797685185185185,0.0,8.055555555555555,Zoo,0.0
260,0.4841203703703704,0.0,7.922222222222222,Zoo,0.0
261,0.4853703703703703,0.0,8.044444444444444,Zoo,0.0
262,0.48120370370370374,0.0,8.0,Zoo,0.0
263,0.4844907407407408,0.0,7.788888888888889,Zoo,0.0
264,0.48277777777777775,0.0,8.022222222222222,Zoo,0.0
265,0.4825462962962963,0.0,8.21111111111111,Zoo,0.0
266,0.482962962962963,0.0,7.622222222222223,Zoo,0.0
267,0.4765740740740741,0.0,8.466666666666667,Zoo,0.0
268,0.48416666666666663,0.0,7.622222222222223,Zoo,0.0
269,0.4835185185185185,0.0,8.111111111111112,Zoo,0.0
270,0.4862037037037037,0.0,7.911111111111111,Zoo,0.0
271,0.4855092592592592,0.0,7.8999999999999995,Zoo,0.0
272,0.4840277777777778,0.0,8.21111111111111,Zoo,0.0
273,0.4849537037037037,0.0,7.811111111111111,Zoo,0.0
274,0.48601851851851857,0.0,8.066666666666666,Zoo,0.0
275,0.48796296296296293,0.0,8.0,Zoo,0.0
276,0.4837037037037037,0.0,7.977777777777778,Zoo,0.0
277,0.48587962962962966,0.0,7.544444444444444,Zoo,0.0
278,0.48754629629629626,0.0,8.055555555555555,Zoo,0.0
279,0.49027777777777776,0.0,8.044444444444444,Zoo,0.0
280,0.48824074074074075,0.0,7.955555555555556,Zoo,0.0
281,0.4913888888888889,0.0,7.911111111111111,Zoo,0.0
282,0.4887037037037037,0.0,8.11111111111111,Zoo,0.0
283,0.48888888888888893,0.0,7.844444444444444,Zoo,0.0
284,0.47986111111111107,0.0,8.144444444444444,Zoo,0.0
285,0.48976851851851855,0.0,7.944444444444444,Zoo,0.0
286,0.48875,0.0,7.877777777777777,Zoo,0.0
287,0.48865740740740743,0.0,7.922222222222222,Zoo,0.0
288,0.49134259259259255,0.0,8.077777777777778,Zoo,0.0
289,0.4906944444444445,0.0,7.988888888888888,Zoo,0.0
290,0.49064814814814817,0.0,7.933333333333334,Zoo,0.0
291,0.4878240740740741,0.0,8.188888888888888,Zoo,0.0
292,0.4888425925925926,0.0,8.188888888888888,Zoo,0.0
293,0.48509259259259263,0.0,7.911111111111111,Zoo,0.0
294,0.4878703703703704,0.0,8.111111111111112,Zoo,0.0
295,0.4834259259259259,0.0,7.888888888888889,Zoo,0.0
296,0.4846759259259259,0.0,7.8999999999999995,Zoo,0.0
297,0.4817592592592592,0.0,7.777777777777778,Zoo,0.0
298,0.4852314814814815,0.0,7.922222222222222,Zoo,0.0
299,0.4855092592592592,0.0,7.699999999999999,Zoo,0.0
300,0.48666666666666664,0.0,8.044444444444444,Zoo,0.0
301,0.48787037037037034,0.0,8.11111111111111,Zoo,0.0
302,0.48800925925925925,0.0,7.855555555555555,Zoo,0.0
303,0.4825,0.0,8.311111111111112,Zoo,0.0
304,0.48574074074074075,0.0,7.711111111111111,Zoo,0.0
305,0.4875925925925926,0.0,8.0,Zoo,0.0
306,0.48810185185185184,0.0,8.122222222222222,Zoo,0.0
307,0.4838425925925926,0.0,7.788888888888889,Zoo,0.0
308,0.48662037037037037,0.0,8.1,Zoo,0.0
309,0.4847222222222222,0.0,7.7555555555555555,Zoo,0.0
310,0.4867592592592593,0.0,7.955555555555556,Zoo,0.0
311,0.48574074074074075,0.0,8.022222222222222,Zoo,0.0
312,0.48740740740740746,0.0,7.933333333333333,Zoo,0.0
313,0.4892592592592593,0.0,7.911111111111111,Zoo,0.0
314,0.4853703703703703,0.0,7.911111111111111,Zoo,0.0
315,0.4871759259259259,0.0,8.011111111111111,Zoo,0.0
316,0.48611111111111116,0.0,7.866666666666667,Zoo,0.0
317,0.4877777777777778,0.0,7.733333333333333,Zoo,0.0
318,0.4905555555555556,0.0,8.044444444444444,Zoo,0.0
319,0.48064814814814816,0.0,7.733333333333333,Zoo,0.0
320,0.48726851851851855,0.0,7.922222222222222,Zoo,0.0
321,0.47981481481481475,0.0,7.866666666666667,Zoo,0.0
322,0.48282407407407407,0.0,8.144444444444444,Zoo,0.0
323,0.4835648148148148,0.0,7.788888888888889,Zoo,0.0
324,0.48333333333333334,0.0,7.8,Zoo,0.0
325,0.4806944444444445,0.0,7.655555555555556,Zoo,0.0
326,0.4862037037037037,0.0,8.111111111111112,Zoo,0.0
327,0.4863888888888888,0.0,7.644444444444445,Zoo,0.0
328,0.48740740740740734,0.0,7.888888888888889,Zoo,0.0
329,0.4884259259259259,0.0,7.822222222222223,Zoo,0.0
330,0.4815277777777778,0.0,8.166666666666666,Zoo,0.0
331,0.4855092592592592,0.0,7.788888888888889,Zoo,0.0
332,0.4833796296296296,0.0,7.944444444444444,Zoo,0.0
333,0.48504629629629625,0.0,7.788888888888889,Zoo,0.0
334,0.48666666666666664,0.0,7.911111111111111,Zoo,0.0
335,0.4848148148148148,0.0,7.622222222222223,Zoo,0.0
336,0.48583333333333334,0.0,7.622222222222223,Zoo,0.0
337,0.47921296296296295,0.0,7.811111111111111,Zoo,0.0
338,0.4801388888888889,0.0,7.766666666666667,Zoo,0.0
339,0.4906944444444445,0.0,7.722222222222221,Zoo,0.0
340,0.4839814814814815,0.0,7.644444444444445,Zoo,0.0
341,0.48939814814814814,0.0,7.855555555555555,Zoo,0.0
342,0.4817129629629629,0.0,7.7444444444444445,Zoo,0.0
343,0.484537037037037,0.0,7.644444444444445,Zoo,0.0
344,0.4814351851851852,0.0,8.122222222222222,Zoo,0.0
345,0.4879166666666667,0.0,7.788888888888889,Zoo,0.0
346,0.48731481481481476,0.0,7.822222222222222,Zoo,0.0
347,0.47962962962962963,0.0,7.933333333333334,Zoo,0.0
348,0.4825,0.0,7.555555555555556,Zoo,0.0
349,0.48374999999999996,0.0,7.677777777777777,Zoo,0.0
350,0.48745370370370367,0.0,7.677777777777777,Zoo,0.0
351,0.4888888888888889,0.0,7.844444444444444,Zoo,0.0
352,0.4862037037037037,0.0,7.644444444444445,Zoo,0.0
353,0.4824074074074074,0.0,7.8,Zoo,0.0
354,0.4790277777777778,0.0,7.677777777777777,Zoo,0.0
355,0.4847222222222222,0.0,7.822222222222222,Zoo,0.0
356,0.48486111111111113,0.0,7.677777777777777,Zoo,0.0
357,0.4811111111111111,0.0,7.688888888888889,Zoo,0.0
358,0.4852314814814815,0.0,7.7,Zoo,0.0
359,0.48361111111111105,0.0,7.51111111111111,Zoo,0.0
360,0.4860648148148148,0.0,7.811111111111111,Zoo,0.0
361,0.4853703703703704,0.0,7.866666666666667,Zoo,0.0
362,0.48527777777777775,0.0,7.888888888888889,Zoo,0.0
363,0.48064814814814816,0.0,7.866666666666666,Zoo,0.0
364,0.47888888888888886,0.0,8.066666666666666,Zoo,0.0
365,0.48648148148148146,0.0,7.688888888888889,Zoo,0.0
366,0.4846759259259259,0.0,8.011111111111111,Zoo,0.0
367,0.48560185185185184,0.0,7.588888888888889,Zoo,0.0
368,0.48657407407407405,0.0,7.866666666666667,Zoo,0.0
369,0.4779166666666666,0.0,8.055555555555555,Zoo,0.0
370,0.4850462962962963,0.0,7.855555555555555,Zoo,0.0
371,0.48439814814814813,0.0,7.944444444444444,Zoo,0.0
372,0.48194444444444445,0.0,7.733333333333333,Zoo,0.0
373,0.48513888888888884,0.0,7.8999999999999995,Zoo,0.0
374,0.48416666666666663,0.0,8.155555555555555,Zoo,0.0
375,0.483287037037037,0.0,7.877777777777777,Zoo,0.0
376,0.48740740740740734,0.0,7.644444444444445,Zoo,0.0
377,0.48814814814814816,0.0,8.177777777777777,Zoo,0.0
378,0.4848148148148148,0.0,7.7555555555555555,Zoo,0.0
379,0.48671296296296296,0.0,8.077777777777778,Zoo,0.0
380,0.4877314814814815,0.0,8.033333333333333,Zoo,0.0
381,0.48685185185185187,0.0,7.577777777777778,Zoo,0.0
382,0.48726851851851855,0.0,7.855555555555555,Zoo,0.0
383,0.4804629629629629,0.0,7.577777777777778,Zoo,0.0
384,0.4839814814814815,0.0,7.844444444444444,Zoo,0.0
385,0.48300925925925925,0.0,7.811111111111111,Zoo,0.0
386,0.48995370370370367,0.0,7.966666666666666,Zoo,0.0
387,0.48671296296296296,0.0,7.7444444444444445,Zoo,0.0
388,0.48138888888888887,0.0,7.7555555555555555,Zoo,0.0
389,0.4862962962962963,0.0,7.911111111111111,Zoo,0.0
390,0.48120370370370374,0.0,7.777777777777778,Zoo,0.0
391,0.4853240740740741,0.0,7.855555555555555,Zoo,0.0
392,0.4841203703703704,0.0,7.788888888888889,Zoo,0.0
393,0.482962962962963,0.0,7.688888888888889,Zoo,0.0
0,0.46782407407407406,0.0,6.788888888888889,Zoo,0.5
1,0.4458333333333333,0.0,6.088888888888889,Zoo,0.5
2,0.4559722222222222,0.0,6.366666666666667,Zoo,0.5
3,0.45078703703703704,0.0,6.433333333333334,Zoo,0.5
4,0.45814814814814814,0.0,6.5555555555555545,Zoo,0.5
5,0.4488888888888889,0.0,6.422222222222222,Zoo,0.5
6,0.44620370370370366,0.0,6.177777777777777,Zoo,0.5
7,0.45180555555555557,0.0,6.5,Zoo,0.5
8,0.42796296296296293,0.0,5.844444444444444,Zoo,0.5
9,0.44296296296296295,0.0,6.155555555555556,Zoo,0.5
10,0.44416666666666665,0.0,6.377777777777777,Zoo,0.5
11,0.45620370370370367,0.0,6.533333333333334,Zoo,0.5
12,0.4569444444444444,0.0,6.422222222222222,Zoo,0.5
13,0.4518518518518519,0.0,6.2444444444444445,Zoo,0.5
14,0.44365740740740733,0.0,6.077777777777778,Zoo,0.5
15,0.4521296296296296,0.0,6.222222222222222,Zoo,0.5
16,0.45180555555555557,0.0,6.277777777777779,Zoo,0.5
17,0.4395833333333334,0.0,6.2555555555555555,Zoo,0.5
18,0.44773148148148145,0.0,6.388888888888889,Zoo,0.5
19,0.44009259259259254,0.0,5.955555555555556,Zoo,0.5
20,0.43717592592592586,0.0,5.8999999999999995,Zoo,0.5
21,0.44708333333333333,0.0,6.522222222222222,Zoo,0.5
22,0.43999999999999995,0.0,6.2,Zoo,0.5
23,0.4483333333333333,0.0,6.222222222222222,Zoo,0.5
24,0.4492129629629629,0.0,6.144444444444445,Zoo,0.5
25,0.4526851851851852,0.0,6.177777777777778,Zoo,0.5
26,0.4461111111111111,0.0,6.133333333333333,Zoo,0.5
27,0.4612962962962963,0.0,6.533333333333334,Zoo,0.5
28,0.4557407407407407,0.0,6.51111111111111,Zoo,0.5
29,0.45569444444444446,0.0,6.3,Zoo,0.5
30,0.4497222222222222,0.0,6.2,Zoo,0.5
31,0.4530092592592592,0.0,6.166666666666667,Zoo,0.5
32,0.43925925925925924,0.0,5.888888888888889,Zoo,0.5
33,0.4473148148148148,0.0,5.955555555555556,Zoo,0.5
34,0.44847222222222216,0.0,6.077777777777778,Zoo,0.5
35,0.45902777777777776,0.0,6.522222222222222,Zoo,0.5
36,0.4461111111111111,0.0,6.4444444444444455,Zoo,0.5
37,0.4453703703703704,0.0,6.311111111111111,Zoo,0.5
38,0.4400462962962963,0.0,6.344444444444444,Zoo,0.5
39,0.4419444444444445,0.0,6.177777777777777,Zoo,0.5
40,0.44708333333333333,0.0,6.144444444444445,Zoo,0.5
41,0.4367592592592593,0.0,6.044444444444444,Zoo,0.5
42,0.4450925925925926,0.0,6.066666666666666,Zoo,0.5
43,0.43569444444444444,0.0,5.944444444444444,Zoo,0.5
44,0.4458796296296296,0.0,6.388888888888889,Zoo,0.5
45,0.45148148148148143,0.0,6.266666666666667,Zoo,0.5
46,0.46023148148148146,0.0,6.366666666666667,Zoo,0.5
47,0.4346759259259259,0.0,5.98888888888889,Zoo,0.5
48,0.44717592592592587,0.0,6.166666666666667,Zoo,0.5
49,0.4494444444444445,0.0,6.2444444444444445,Zoo,0.5
50,0.4518981481481481,0.0,6.166666666666667,Zoo,0.5
51,0.44189814814814815,0.0,5.922222222222222,Zoo,0.5
52,0.452962962962963,0.0,6.577777777777778,Zoo,0.5
53,0.4530092592592592,0.0,6.433333333333334,Zoo,0.5
54,0.4523148148148148,0.0,6.3999999999999995,Zoo,0.5
55,0.45467592592592593,0.0,6.477777777777778,Zoo,0.5
56,0.44083333333333335,0.0,5.866666666666667,Zoo,0.5
57,0.4525462962962963,0.0,6.233333333333333,Zoo,0.5
58,0.45421296296296293,0.0,6.655555555555556,Zoo,0.5
59,0.46606481481481477,0.0,6.7,Zoo,0.5
60,0.45999999999999996,0.0,6.6000000000000005,Zoo,0.5
61,0.4550462962962963,0.0,6.455555555555556,Zoo,0.5
62,0.4519444444444444,0.0,6.044444444444444,Zoo,0.5
63,0.45101851851851854,0.0,6.422222222222222,Zoo,0.5
64,0.4443518518518519,0.0,6.2,Zoo,0.5
65,0.44643518518518516,0.0,6.2555555555555555,Zoo,0.5
66,0.45013888888888887,0.0,6.188888888888889,Zoo,0.5
67,0.4550925925925926,0.0,6.3999999999999995,Zoo,0.5
68,0.45546296296296296,0.0,6.577777777777778,Zoo,0.5
69,0.45018518518518524,0.0,6.533333333333334,Zoo,0.5
70,0.4542592592592593,0.0,6.4444444444444455,Zoo,0.5
71,0.453287037037037,0.0,6.433333333333334,Zoo,0.5
72,0.45310185185185187,0.0,6.5,Zoo,0.5
73,0.44837962962962963,0.0,5.944444444444444,Zoo,0.5
74,0.4576388888888889,0.0,6.544444444444444,Zoo,0.5
75,0.4556481481481482,0.0,6.3999999999999995,Zoo,0.5
76,0.4573611111111111,0.0,6.366666666666667,Zoo,0.5
77,0.4488888888888889,0.0,6.466666666666666,Zoo,0.5
78,0.4474074074074074,0.0,6.311111111111111,Zoo,0.5
79,0.4559722222222222,0.0,6.544444444444444,Zoo,0.5
80,0.44546296296296295,0.0,6.48888888888889,Zoo,0.5
81,0.45763888888888893,0.0,6.566666666666666,Zoo,0.5
82,0.45393518518518516,0.0,6.633333333333333,Zoo,0.5
83,0.4472222222222222,0.0,6.422222222222222,Zoo,0.5
84,0.45189814814814816,0.0,6.433333333333334,Zoo,0.5
85,0.44324074074074077,0.0,6.6000000000000005,Zoo,0.5
86,0.45,0.0,6.466666666666666,Zoo,0.5
87,0.4462037037037037,0.0,6.222222222222222,Zoo,0.5
88,0.4458796296296296,0.0,6.211111111111111,Zoo,0.5
89,0.45620370370370367,0.0,6.555555555555556,Zoo,0.5
90,0.4464814814814815,0.0,6.155555555555556,Zoo,0.5
91,0.44254629629629627,0.0,6.233333333333333,Zoo,0.5
92,0.43421296296296297,0.0,6.144444444444445,Zoo,0.5
93,0.4424074074074074,0.0,6.155555555555555,Zoo,0.5
94,0.44125,0.0,6.077777777777778,Zoo,0.5
95,0.4441203703703704,0.0,6.144444444444445,Zoo,0.5
96,0.4511111111111112,0.0,6.444444444444444,Zoo,0.5
97,0.4374074074074074,0.0,6.066666666666666,Zoo,0.5
98,0.4404166666666667,0.0,6.1000000000000005,Zoo,0.5
99,0.43504629629629626,0.0,5.966666666666666,Zoo,0.5
100,0.43291666666666667,0.0,6.2555555555555555,Zoo,0.5
101,0.43611111111111106,0.0,6.2,Zoo,0.5
102,0.4301388888888889,0.0,6.1000000000000005,Zoo,0.5
103,0.44814814814814813,0.0,6.444444444444444,Zoo,0.5
104,0.45310185185185187,0.0,6.7,Zoo,0.5
105,0.44930555555555557,0.0,6.633333333333333,Zoo,0.5
106,0.4374537037037037,0.0,6.433333333333334,Zoo,0.5
107,0.4419444444444444,0.0,6.2444444444444445,Zoo,0.5
108,0.43634259259259256,0.0,6.322222222222223,Zoo,0.5
109,0.44208333333333333,0.0,6.211111111111111,Zoo,0.5
110,0.43976851851851856,0.0,6.033333333333334,Zoo,0.5
111,0.4208796296296296,0.0,5.677777777777778,Zoo,0.5
112,0.4492129629629629,0.0,6.1000000000000005,Zoo,0.5
113,0.4447222222222222,0.0,6.266666666666667,Zoo,0.5
114,0.4510648148148148,0.0,6.233333333333333,Zoo,0.5
115,0.4563425925925926,0.0,6.188888888888889,Zoo,0.5
116,0.4525462962962963,0.0,6.433333333333334,Zoo,0.5
117,0.4436574074074074,0.0,6.522222222222222,Zoo,0.5
118,0.45143518518518516,0.0,6.588888888888889,Zoo,0.5
119,0.4480555555555556,0.0,6.51111111111111,Zoo,0.5
120,0.45773148148148146,0.0,6.544444444444444,Zoo,0.5
121,0.4526851851851852,0.0,6.444444444444444,Zoo,0.5
122,0.44796296296296295,0.0,6.2444444444444445,Zoo,0.5
123,0.44675925925925924,0.0,6.222222222222221,Zoo,0.5
124,0.44712962962962965,0.0,6.155555555555556,Zoo,0.5
125,0.4428703703703703,0.0,6.377777777777777,Zoo,0.5
126,0.44296296296296295,0.0,6.266666666666667,Zoo,0.5
127,0.44296296296296295,0.0,6.266666666666667,Zoo,0.5
128,0.4564814814814815,0.0,6.6000000000000005,Zoo,0.5
129,0.4533796296296296,0.0,6.455555555555556,Zoo,0.5
130,0.43703703703703706,0.0,6.111111111111111,Zoo,0.5
131,0.44245370370370374,0.0,6.2555555555555555,Zoo,0.5
132,0.4459722222222222,0.0,6.144444444444445,Zoo,0.5
133,0.43916666666666665,0.0,6.044444444444444,Zoo,0.5
134,0.4512037037037036,0.0,6.333333333333333,Zoo,0.5
135,0.44106481481481485,0.0,6.188888888888889,Zoo,0.5
136,0.4456481481481482,0.0,6.133333333333333,Zoo,0.5
137,0.44782407407407404,0.0,6.188888888888889,Zoo,0.5
138,0.4383796296296296,0.0,5.966666666666666,Zoo,0.5
139,0.4351851851851852,0.0,5.911111111111111,Zoo,0.5
140,0.4488888888888889,0.0,6.355555555555555,Zoo,0.5
141,0.4457407407407407,0.0,6.155555555555556,Zoo,0.5
142,0.45236111111111105,0.0,6.166666666666667,Zoo,0.5
143,0.44754629629629633,0.0,6.166666666666667,Zoo,0.5
144,0.4398611111111111,0.0,5.98888888888889,Zoo,0.5
145,0.4370833333333333,0.0,6.055555555555556,Zoo,0.5
146,0.444212962962963,0.0,6.033333333333334,Zoo,0.5
147,0.4419444444444444,0.0,5.955555555555556,Zoo,0.5
148,0.4533796296296296,0.0,6.366666666666667,Zoo,0.5
149,0.4494907407407407,0.0,6.411111111111111,Zoo,0.5
150,0.442037037037037,0.0,6.088888888888889,Zoo,0.5
151,0.4427314814814815,0.0,6.166666666666667,Zoo,0.5
152,0.44157407407407406,0.0,5.911111111111111,Zoo,0.5
153,0.44699074074074074,0.0,6.077777777777778,Zoo,0.5
154,0.4411574074074074,0.0,5.877777777777777,Zoo,0.5
155,0.43828703703703703,0.0,6.01111111111111,Zoo,0.5
156,0.4526851851851852,0.0,6.2,Zoo,0.5
157,0.4503240740740741,0.0,6.366666666666667,Zoo,0.5
158,0.4556481481481482,0.0,6.2,Zoo,0.5
159,0.447175925925926,0.0,6.233333333333333,Zoo,0.5
160,0.45925925925925926,0.0,6.644444444444445,Zoo,0.5
161,0.4474537037037037,0.0,6.366666666666667,Zoo,0.5
162,0.4496296296296296,0.0,6.288888888888889,Zoo,0.5
163,0.45013888888888887,0.0,6.366666666666667,Zoo,0.5
164,0.4568055555555555,0.0,6.633333333333333,Zoo,0.5
165,0.44189814814814815,0.0,6.211111111111111,Zoo,0.5
166,0.4510185185185185,0.0,6.3999999999999995,Zoo,0.5
167,0.4488888888888889,0.0,6.155555555555556,Zoo,0.5
168,0.44180555555555556,0.0,6.166666666666667,Zoo,0.5
169,0.44476851851851856,0.0,5.9444444444444455,Zoo,0.5
170,0.44162037037037033,0.0,6.2555555555555555,Zoo,0.5
171,0.44375000000000003,0.0,6.277777777777778,Zoo,0.5
172,0.44712962962962965,0.0,6.422222222222222,Zoo,0.5
173,0.44625000000000004,0.0,6.322222222222223,Zoo,0.5
174,0.44166666666666665,0.0,6.155555555555556,Zoo,0.5
175,0.4386574074074074,0.0,5.944444444444444,Zoo,0.5
176,0.43884259259259256,0.0,6.144444444444445,Zoo,0.5
177,0.435,0.0,5.955555555555556,Zoo,0.5
178,0.44472222222222224,0.0,6.266666666666667,Zoo,0.5
179,0.45222222222222225,0.0,6.333333333333333,Zoo,0.5
180,0.44527777777777783,0.0,6.222222222222222,Zoo,0.5
181,0.4465277777777778,0.0,6.144444444444445,Zoo,0.5
182,0.4368518518518519,0.0,5.888888888888889,Zoo,0.5
183,0.4437499999999999,0.0,6.033333333333334,Zoo,0.5
184,0.44555555555555554,0.0,6.0,Zoo,0.5
185,0.4363888888888889,0.0,5.866666666666667,Zoo,0.5
186,0.45296296296296296,0.0,6.355555555555555,Zoo,0.5
187,0.44435185185185183,0.0,6.155555555555556,Zoo,0.5
188,0.4560648148148148,0.0,6.388888888888889,Zoo,0.5
189,0.4377314814814815,0.0,6.055555555555556,Zoo,0.5
190,0.45541666666666664,0.0,6.455555555555556,Zoo,0.5
191,0.4521759259259259,0.0,6.5,Zoo,0.5
192,0.45055555555555554,0.0,6.333333333333333,Zoo,0.5
193,0.45078703703703704,0.0,6.433333333333334,Zoo,0.5
194,0.4618055555555555,0.0,6.544444444444444,Zoo,0.5
195,0.46231481481481485,0.0,6.688888888888889,Zoo,0.5
196,0.44328703703703703,0.0,6.122222222222223,Zoo,0.5
197,0.44981481481481483,0.0,6.266666666666667,Zoo,0.5
198,0.44092592592592594,0.0,6.088888888888889,Zoo,0.5
199,0.4398148148148148,0.0,6.2444444444444445,Zoo,0.5
200,0.44296296296296295,0.0,6.311111111111111,Zoo,0.5
201,0.4425925925925926,0.0,6.444444444444444,Zoo,0.5
202,0.44467592592592586,0.0,6.344444444444444,Zoo,0.5
203,0.45662037037037034,0.0,6.433333333333334,Zoo,0.5
204,0.4534722222222222,0.0,6.655555555555556,Zoo,0.5
205,0.4572222222222222,0.0,6.377777777777777,Zoo,0.5
206,0.45476851851851846,0.0,6.411111111111111,Zoo,0.5
207,0.4581944444444444,0.0,6.411111111111111,Zoo,0.5
208,0.43324074074074065,0.0,6.022222222222222,Zoo,0.5
209,0.4451851851851852,0.0,6.111111111111112,Zoo,0.5
210,0.43995370370370374,0.0,6.2555555555555555,Zoo,0.5
211,0.4369444444444444,0.0,6.088888888888889,Zoo,0.5
212,0.45009259259259254,0.0,6.333333333333333,Zoo,0.5
213,0.4571759259259259,0.0,6.277777777777779,Zoo,0.5
214,0.4459722222222222,0.0,6.277777777777778,Zoo,0.5
215,0.45222222222222214,0.0,6.2,Zoo,0.5
216,0.44236111111111115,0.0,6.1000000000000005,Zoo,0.5
217,0.45236111111111105,0.0,6.322222222222223,Zoo,0.5
218,0.4572222222222222,0.0,6.288888888888889,Zoo,0.5
219,0.4497222222222222,0.0,6.133333333333333,Zoo,0.5
220,0.4423148148148148,0.0,5.977777777777778,Zoo,0.5
221,0.4337962962962963,0.0,5.977777777777778,Zoo,0.5
222,0.4498611111111111,0.0,6.2555555555555555,Zoo,0.5
223,0.4442592592592593,0.0,6.177777777777777,Zoo,0.5
224,0.45222222222222214,0.0,6.2444444444444445,Zoo,0.5
225,0.4417592592592592,0.0,6.266666666666667,Zoo,0.5
226,0.44837962962962963,0.0,6.522222222222222,Zoo,0.5
227,0.44773148148148145,0.0,6.611111111111112,Zoo,0.5
228,0.46064814814814814,0.0,6.7555555555555555,Zoo,0.5
229,0.4567592592592593,0.0,6.555555555555556,Zoo,0.5
230,0.429537037037037,0.0,5.977777777777778,Zoo,0.5
231,0.4406481481481481,0.0,6.2,Zoo,0.5
232,0.43546296296296294,0.0,6.2444444444444445,Zoo,0.5
233,0.42712962962962964,0.0,5.844444444444444,Zoo,0.5
234,0.44050925925925927,0.0,6.388888888888888,Zoo,0.5
235,0.4334259259259259,0.0,6.111111111111111,Zoo,0.5
236,0.43800925925925926,0.0,6.211111111111111,Zoo,0.5
237,0.4435648148148148,0.0,6.433333333333334,Zoo,0.5
238,0.44111111111111106,0.0,6.266666666666667,Zoo,0.5
239,0.44537037037037036,0.0,6.022222222222222,Zoo,0.5
240,0.43263888888888885,0.0,5.98888888888889,Zoo,0.5
241,0.45143518518518516,0.0,6.211111111111111,Zoo,0.5
242,0.45629629629629626,0.0,6.622222222222223,Zoo,0.5
243,0.43930555555555556,0.0,5.98888888888889,Zoo,0.5
244,0.4496296296296296,0.0,6.355555555555555,Zoo,0.5
245,0.45560185185185187,0.0,6.433333333333334,Zoo,0.5
246,0.43629629629629635,0.0,5.866666666666667,Zoo,0.5
247,0.44263888888888886,0.0,6.188888888888889,Zoo,0.5
248,0.44643518518518516,0.0,6.277777777777779,Zoo,0.5
249,0.4563888888888889,0.0,6.2444444444444445,Zoo,0.5
250,0.44407407407407407,0.0,5.888888888888889,Zoo,0.5
251,0.444537037037037,0.0,5.933333333333334,Zoo,0.5
252,0.444537037037037,0.0,6.111111111111111,Zoo,0.5
253,0.4569907407407407,0.0,6.144444444444445,Zoo,0.5
254,0.45305555555555554,0.0,6.266666666666667,Zoo,0.5
255,0.4527314814814815,0.0,6.366666666666667,Zoo,0.5
256,0.4593055555555556,0.0,6.544444444444444,Zoo,0.5
257,0.4617129629629629,0.0,6.433333333333333,Zoo,0.5
258,0.4537962962962963,0.0,6.355555555555555,Zoo,0.5
259,0.4467129629629629,0.0,6.366666666666667,Zoo,0.5
260,0.44208333333333333,0.0,6.01111111111111,Zoo,0.5
261,0.45999999999999996,0.0,6.355555555555555,Zoo,0.5
262,0.45555555555555555,0.0,6.177777777777777,Zoo,0.5
263,0.4480555555555556,0.0,6.022222222222222,Zoo,0.5
264,0.4482407407407407,0.0,6.022222222222222,Zoo,0.5
265,0.4461111111111111,0.0,6.0,Zoo,0.5
266,0.45189814814814816,0.0,6.277777777777778,Zoo,0.5
267,0.4339351851851852,0.0,5.811111111111111,Zoo,0.5
268,0.4427314814814815,0.0,5.966666666666666,Zoo,0.5
269,0.44708333333333333,0.0,6.2555555555555555,Zoo,0.5
270,0.45023148148148145,0.0,6.188888888888889,Zoo,0.5
271,0.45134259259259263,0.0,6.455555555555556,Zoo,0.5
272,0.4526851851851852,0.0,6.3999999999999995,Zoo,0.5
273,0.4505092592592593,0.0,6.344444444444444,Zoo,0.5
274,0.451712962962963,0.0,6.277777777777778,Zoo,0.5
275,0.45083333333333336,0.0,6.422222222222222,Zoo,0.5
276,0.4441203703703704,0.0,6.122222222222223,Zoo,0.5
277,0.44305555555555554,0.0,6.022222222222222,Zoo,0.5
278,0.4558333333333333,0.0,6.2444444444444445,Zoo,0.5
279,0.4535648148148148,0.0,6.211111111111111,Zoo,0.5
280,0.45078703703703704,0.0,6.322222222222222,Zoo,0.5
281,0.45625,0.0,6.233333333333333,Zoo,0.5
282,0.4507407407407407,0.0,6.355555555555555,Zoo,0.5
283,0.4609259259259259,0.0,6.666666666666667,Zoo,0.5
284,0.45310185185185187,0.0,6.5,Zoo,0.5
285,0.45708333333333334,0.0,6.611111111111112,Zoo,0.5
286,0.4488888888888889,0.0,6.644444444444445,Zoo,0.5
287,0.4498611111111111,0.0,6.411111111111111,Zoo,0.5
288,0.45615740740740746,0.0,6.611111111111111,Zoo,0.5
289,0.44782407407407404,0.0,6.677777777777777,Zoo,0.5
290,0.43263888888888885,0.0,6.188888888888889,Zoo,0.5
291,0.4379166666666667,0.0,6.01111111111111,Zoo,0.5
292,0.4474537037037037,0.0,6.166666666666667,Zoo,0.5
293,0.4426851851851852,0.0,6.088888888888889,Zoo,0.5
294,0.44324074074074077,0.0,6.111111111111112,Zoo,0.5
295,0.44837962962962963,0.0,6.2555555555555555,Zoo,0.5
296,0.449537037037037,0.0,6.288888888888889,Zoo,0.5
297,0.4415740740740741,0.0,5.844444444444445,Zoo,0.5
298,0.44249999999999995,0.0,5.933333333333334,Zoo,0.5
299,0.4399074074074074,0.0,5.888888888888888,Zoo,0.5
300,0.45138888888888884,0.0,6.066666666666666,Zoo,0.5
301,0.44393518518518515,0.0,6.144444444444445,Zoo,0.5
302,0.44601851851851854,0.0,6.022222222222222,Zoo,0.5
303,0.4418981481481481,0.0,5.966666666666666,Zoo,0.5
304,0.4443981481481481,0.0,6.033333333333334,Zoo,0.5
305,0.4533796296296296,0.0,6.166666666666667,Zoo,0.5
306,0.4595370370370371,0.0,6.311111111111111,Zoo,0.5
307,0.4460648148148148,0.0,6.033333333333334,Zoo,0.5
308,0.4386111111111111,0.0,5.955555555555556,Zoo,0.5
309,0.44125,0.0,6.166666666666667,Zoo,0.5
310,0.4425925925925926,0.0,5.911111111111111,Zoo,0.5
311,0.44013888888888886,0.0,5.8999999999999995,Zoo,0.5
312,0.4366666666666667,0.0,6.044444444444444,Zoo,0.5
313,0.4338425925925926,0.0,6.122222222222223,Zoo,0.5
314,0.43689814814814815,0.0,6.01111111111111,Zoo,0.5
315,0.43773148148148144,0.0,6.144444444444445,Zoo,0.5
316,0.45125,0.0,6.322222222222223,Zoo,0.5
317,0.44555555555555554,0.0,6.088888888888889,Zoo,0.5
318,0.45175925925925925,0.0,6.311111111111111,Zoo,0.5
319,0.43263888888888885,0.0,6.033333333333334,Zoo,0.5
320,0.4530092592592592,0.0,6.633333333333333,Zoo,0.5
321,0.4328240740740741,0.0,6.122222222222223,Zoo,0.5
322,0.4451851851851852,0.0,6.222222222222222,Zoo,0.5
323,0.44782407407407404,0.0,6.433333333333334,Zoo,0.5
324,0.4474537037037037,0.0,6.2555555555555555,Zoo,0.5
325,0.4441203703703704,0.0,6.544444444444444,Zoo,0.5
326,0.4502777777777778,0.0,6.266666666666667,Zoo,0.5
327,0.4504166666666667,0.0,6.1000000000000005,Zoo,0.5
328,0.4497685185185185,0.0,6.1000000000000005,Zoo,0.5
329,0.4512037037037037,0.0,6.2444444444444445,Zoo,0.5
330,0.4571759259259259,0.0,6.366666666666667,Zoo,0.5
331,0.44435185185185183,0.0,6.177777777777777,Zoo,0.5
332,0.44634259259259257,0.0,6.211111111111111,Zoo,0.5
333,0.44037037037037036,0.0,6.2,Zoo,0.5
334,0.4368518518518518,0.0,5.933333333333334,Zoo,0.5
335,0.43236111111111114,0.0,5.788888888888889,Zoo,0.5
336,0.4468055555555555,0.0,5.966666666666666,Zoo,0.5
337,0.4375925925925926,0.0,5.822222222222222,Zoo,0.5
338,0.4314351851851852,0.0,5.7,Zoo,0.5
339,0.45157407407407407,0.0,6.111111111111112,Zoo,0.5
340,0.44537037037037036,0.0,6.066666666666666,Zoo,0.5
341,0.44763888888888886,0.0,6.166666666666667,Zoo,0.5
342,0.4466666666666666,0.0,6.311111111111111,Zoo,0.5
343,0.4418518518518519,0.0,6.311111111111111,Zoo,0.5
344,0.4474537037037037,0.0,6.233333333333334,Zoo,0.5
345,0.4446759259259259,0.0,6.233333333333333,Zoo,0.5
346,0.4509722222222223,0.0,6.411111111111111,Zoo,0.5
347,0.45208333333333334,0.0,6.3,Zoo,0.5
348,0.4533333333333333,0.0,6.555555555555556,Zoo,0.5
349,0.44703703703703707,0.0,6.311111111111111,Zoo,0.5
350,0.45689814814814816,0.0,6.544444444444444,Zoo,0.5
351,0.44796296296296295,0.0,6.5555555555555545,Zoo,0.5
352,0.4541203703703704,0.0,6.344444444444444,Zoo,0.5
353,0.4577777777777778,0.0,6.622222222222223,Zoo,0.5
354,0.44305555555555554,0.0,6.288888888888889,Zoo,0.5
355,0.4504629629629629,0.0,6.3999999999999995,Zoo,0.5
356,0.434537037037037,0.0,6.044444444444444,Zoo,0.5
357,0.4409259259259259,0.0,5.977777777777778,Zoo,0.5
358,0.4436574074074074,0.0,6.011111111111112,Zoo,0.5
359,0.4421759259259259,0.0,6.166666666666667,Zoo,0.5
360,0.4447222222222222,0.0,6.311111111111111,Zoo,0.5
361,0.43925925925925924,0.0,5.955555555555556,Zoo,0.5
362,0.43953703703703706,0.0,5.933333333333334,Zoo,0.5
363,0.4473148148148148,0.0,6.155555555555556,Zoo,0.5
364,0.44643518518518516,0.0,6.211111111111111,Zoo,0.5
365,0.45064814814814813,0.0,6.355555555555555,Zoo,0.5
366,0.43083333333333335,0.0,6.022222222222222,Zoo,0.5
367,0.4505092592592592,0.0,6.455555555555556,Zoo,0.5
368,0.4463888888888889,0.0,6.177777777777777,Zoo,0.5
369,0.4497685185185185,0.0,6.033333333333334,Zoo,0.5
370,0.4496759259259259,0.0,6.433333333333334,Zoo,0.5
371,0.44870370370370366,0.0,6.288888888888889,Zoo,0.5
372,0.44625000000000004,0.0,6.211111111111111,Zoo,0.5
373,0.44810185185185186,0.0,6.455555555555556,Zoo,0.5
374,0.44532407407407404,0.0,6.166666666666667,Zoo,0.5
375,0.4414351851851852,0.0,5.944444444444444,Zoo,0.5
376,0.4535185185185185,0.0,6.444444444444444,Zoo,0.5
377,0.45472222222222225,0.0,6.422222222222222,Zoo,0.5
378,0.44449074074074074,0.0,6.3,Zoo,0.5
379,0.45319444444444446,0.0,6.322222222222223,Zoo,0.5
380,0.4503703703703703,0.0,6.311111111111111,Zoo,0.5
381,0.45180555555555557,0.0,6.388888888888889,Zoo,0.5
382,0.44921296296296304,0.0,6.3,Zoo,0.5
383,0.45,0.0,6.266666666666667,Zoo,0.5
384,0.4489351851851852,0.0,6.322222222222223,Zoo,0.5
385,0.44861111111111107,0.0,6.599999999999999,Zoo,0.5
386,0.45078703703703704,0.0,6.2555555555555555,Zoo,0.5
387,0.45481481481481484,0.0,6.3999999999999995,Zoo,0.5
388,0.449537037037037,0.0,6.2444444444444445,Zoo,0.5
389,0.45481481481481484,0.0,6.333333333333333,Zoo,0.5
390,0.44416666666666665,0.0,6.288888888888889,Zoo,0.5
391,0.4412037037037037,0.0,6.177777777777777,Zoo,0.5
392,0.447175925925926,0.0,6.277777777777778,Zoo,0.5
393,0.442037037037037,0.0,6.133333333333333,Zoo,0.5
0,0.4084259259259259,0.0,5.377777777777777,Zoo,1.0
1,0.36074074074074075,0.020833333333333332,4.844444444444444,Zoo,1.0
2,0.36245370370370367,0.0625,4.811111111111111,Zoo,1.0
3,0.3406018518518519,0.08333333333333333,4.655555555555556,Zoo,1.0
4,0.355,0.10416666666666667,4.911111111111111,Zoo,1.0
5,0.34578703703703706,0.10416666666666667,4.7,Zoo,1.0
6,0.3431018518518519,0.10416666666666667,4.344444444444444,Zoo,1.0
7,0.33736111111111106,0.10416666666666667,4.588888888888889,Zoo,1.0
8,0.33666666666666667,0.125,4.666666666666667,Zoo,1.0
9,0.34787037037037044,0.125,4.577777777777778,Zoo,1.0
10,0.3362037037037037,0.125,4.533333333333334,Zoo,1.0
11,0.33069444444444446,0.10416666666666667,4.522222222222222,Zoo,1.0
12,0.33185185185185184,0.125,4.288888888888889,Zoo,1.0
13,0.3239814814814815,0.125,4.288888888888889,Zoo,1.0
14,0.3254166666666667,0.125,4.2555555555555555,Zoo,1.0
15,0.3368055555555555,0.14583333333333334,4.522222222222222,Zoo,1.0
16,0.33597222222222217,0.14583333333333334,4.433333333333334,Zoo,1.0
17,0.3198611111111111,0.125,4.144444444444445,Zoo,1.0
18,0.3406018518518519,0.16666666666666666,4.566666666666666,Zoo,1.0
19,0.33023148148148146,0.125,4.433333333333334,Zoo,1.0
20,0.32337962962962963,0.125,4.2555555555555555,Zoo,1.0
21,0.3233333333333333,0.14583333333333334,4.266666666666667,Zoo,1.0
22,0.3120833333333333,0.14583333333333334,4.2555555555555555,Zoo,1.0
23,0.32143518518518516,0.125,4.3,Zoo,1.0
24,0.32925925925925925,0.125,4.177777777777778,Zoo,1.0
25,0.3360648148148148,0.125,4.344444444444444,Zoo,1.0
26,0.3200462962962963,0.14583333333333334,4.011111111111111,Zoo,1.0
27,0.33268518518518514,0.125,4.355555555555555,Zoo,1.0
28,0.3392592592592593,0.125,4.555555555555556,Zoo,1.0
29,0.3372685185185185,0.10416666666666667,4.388888888888888,Zoo,1.0
30,0.33449074074074076,0.10416666666666667,4.388888888888889,Zoo,1.0
31,0.3333333333333333,0.10416666666666667,4.2444444444444445,Zoo,1.0
32,0.3337037037037038,0.10416666666666667,4.288888888888889,Zoo,1.0
33,0.34240740740740744,0.10416666666666667,4.511111111111112,Zoo,1.0
34,0.32861111111111113,0.10416666666666667,4.377777777777777,Zoo,1.0
35,0.33171296296296293,0.10416666666666667,4.544444444444444,Zoo,1.0
36,0.33805555555555555,0.10416666666666667,4.688888888888889,Zoo,1.0
37,0.33902777777777776,0.10416666666666667,4.655555555555556,Zoo,1.0
38,0.32810185185185187,0.125,4.366666666666666,Zoo,1.0
39,0.3222685185185185,0.125,4.433333333333334,Zoo,1.0
40,0.3255092592592593,0.10416666666666667,4.366666666666666,Zoo,1.0
41,0.32861111111111113,0.10416666666666667,4.377777777777777,Zoo,1.0
42,0.3354166666666667,0.10416666666666667,4.522222222222222,Zoo,1.0
43,0.3251851851851852,0.10416666666666667,4.377777777777777,Zoo,1.0
44,0.32944444444444443,0.10416666666666667,4.511111111111111,Zoo,1.0
45,0.33578703703703705,0.10416666666666667,4.455555555555556,Zoo,1.0
46,0.33805555555555555,0.10416666666666667,4.377777777777777,Zoo,1.0
47,0.3234722222222222,0.10416666666666667,4.188888888888889,Zoo,1.0
48,0.3395833333333333,0.10416666666666667,4.322222222222222,Zoo,1.0
49,0.3257407407407407,0.125,4.2,Zoo,1.0
50,0.32592592592592595,0.125,4.155555555555556,Zoo,1.0
51,0.32875000000000004,0.125,4.233333333333333,Zoo,1.0
52,0.34328703703703706,0.125,4.5,Zoo,1.0
53,0.35087962962962965,0.125,4.588888888888889,Zoo,1.0
54,0.3361111111111111,0.125,4.377777777777777,Zoo,1.0
55,0.3471296296296296,0.125,4.533333333333334,Zoo,1.0
56,0.3332407407407408,0.125,4.2444444444444445,Zoo,1.0
57,0.33791666666666664,0.125,4.566666666666666,Zoo,1.0
58,0.34787037037037033,0.125,4.555555555555556,Zoo,1.0
59,0.3375925925925926,0.125,4.533333333333334,Zoo,1.0
60,0.3439814814814815,0.125,4.622222222222223,Zoo,1.0
61,0.3439814814814815,0.125,4.6000000000000005,Zoo,1.0
62,0.33648148148148144,0.125,4.511111111111111,Zoo,1.0
63,0.34833333333333333,0.125,4.866666666666666,Zoo,1.0
64,0.3573148148148148,0.125,4.8,Zoo,1.0
65,0.3560185185185185,0.10416666666666667,4.688888888888889,Zoo,1.0
66,0.34282407407407406,0.10416666666666667,4.722222222222222,Zoo,1.0
67,0.3330092592592593,0.10416666666666667,4.3,Zoo,1.0
68,0.3413888888888889,0.10416666666666667,4.533333333333334,Zoo,1.0
69,0.3289814814814815,0.10416666666666667,4.266666666666667,Zoo,1.0
70,0.3298148148148148,0.10416666666666667,4.311111111111111,Zoo,1.0
71,0.32583333333333336,0.125,4.3999999999999995,Zoo,1.0
72,0.3239351851851852,0.125,4.211111111111111,Zoo,1.0
73,0.33722222222222226,0.125,4.266666666666667,Zoo,1.0
74,0.33037037037037037,0.14583333333333334,4.377777777777777,Zoo,1.0
75,0.33222222222222225,0.125,4.288888888888889,Zoo,1.0
76,0.3345833333333334,0.10416666666666667,4.477777777777778,Zoo,1.0
77,0.3223611111111111,0.125,4.388888888888889,Zoo,1.0
78,0.32162037037037033,0.10416666666666667,4.166666666666667,Zoo,1.0
79,0.3325925925925926,0.10416666666666667,4.511111111111111,Zoo,1.0
80,0.3374537037037037,0.10416666666666667,4.322222222222222,Zoo,1.0
81,0.33717592592592593,0.10416666666666667,4.344444444444444,Zoo,1.0
82,0.32449074074074075,0.10416666666666667,4.2555555555555555,Zoo,1.0
83,0.33722222222222226,0.10416666666666667,4.311111111111111,Zoo,1.0
84,0.34314814814814815,0.10416666666666667,4.444444444444444,Zoo,1.0
85,0.3475,0.10416666666666667,4.711111111111111,Zoo,1.0
86,0.33796296296296297,0.10416666666666667,4.644444444444445,Zoo,1.0
87,0.3460648148148148,0.10416666666666667,4.722222222222222,Zoo,1.0
88,0.34027777777777773,0.125,4.488888888888889,Zoo,1.0
89,0.34222222222222226,0.125,4.733333333333333,Zoo,1.0
90,0.3448611111111111,0.10416666666666667,4.655555555555556,Zoo,1.0
91,0.33694444444444444,0.10416666666666667,4.444444444444444,Zoo,1.0
92,0.3358796296296296,0.10416666666666667,4.5,Zoo,1.0
93,0.3453703703703704,0.125,4.644444444444445,Zoo,1.0
94,0.3279166666666667,0.125,4.233333333333333,Zoo,1.0
95,0.3291203703703704,0.125,4.277777777777778,Zoo,1.0
96,0.3290740740740741,0.125,4.3999999999999995,Zoo,1.0
97,0.32162037037037033,0.125,4.2555555555555555,Zoo,1.0
98,0.34087962962962964,0.125,4.677777777777778,Zoo,1.0
99,0.3237037037037037,0.125,4.133333333333334,Zoo,1.0
100,0.3253240740740741,0.125,4.3,Zoo,1.0
101,0.3353703703703704,0.125,4.466666666666667,Zoo,1.0
102,0.33648148148148155,0.125,4.3999999999999995,Zoo,1.0
103,0.33023148148148146,0.125,4.3,Zoo,1.0
104,0.33143518518518517,0.125,4.4111111111111105,Zoo,1.0
105,0.33777777777777773,0.14583333333333334,4.488888888888888,Zoo,1.0
106,0.3385648148148148,0.125,4.588888888888889,Zoo,1.0
107,0.3263888888888889,0.125,4.333333333333333,Zoo,1.0
108,0.3230092592592593,0.125,4.277777777777778,Zoo,1.0
109,0.3280555555555556,0.125,4.355555555555555,Zoo,1.0
110,0.33125,0.125,4.322222222222222,Zoo,1.0
111,0.32092592592592595,0.125,4.355555555555555,Zoo,1.0
112,0.33944444444444444,0.14583333333333334,4.466666666666667,Zoo,1.0
113,0.33175925925925925,0.125,4.2444444444444445,Zoo,1.0
114,0.32055555555555554,0.125,4.133333333333334,Zoo,1.0
115,0.33328703703703705,0.125,4.455555555555556,Zoo,1.0
116,0.3425,0.125,4.444444444444444,Zoo,1.0
117,0.3354166666666667,0.125,4.433333333333334,Zoo,1.0
118,0.34791666666666665,0.125,4.544444444444444,Zoo,1.0
119,0.33694444444444444,0.125,4.3999999999999995,Zoo,1.0
120,0.3311574074074074,0.125,4.344444444444444,Zoo,1.0
121,0.3241203703703704,0.125,4.2555555555555555,Zoo,1.0
122,0.3320370370370371,0.125,4.422222222222222,Zoo,1.0
123,0.33125,0.125,4.477777777777778,Zoo,1.0
124,0.32416666666666666,0.125,4.266666666666667,Zoo,1.0
125,0.3336574074074074,0.14583333333333334,4.5,Zoo,1.0
126,0.34185185185185185,0.125,4.466666666666666,Zoo,1.0
127,0.33745370370370376,0.10416666666666667,4.433333333333334,Zoo,1.0
128,0.35407407407407404,0.10416666666666667,4.666666666666667,Zoo,1.0
129,0.3544907407407408,0.10416666666666667,4.766666666666667,Zoo,1.0
130,0.33240740740740743,0.125,4.422222222222222,Zoo,1.0
131,0.35254629629629636,0.125,4.811111111111111,Zoo,1.0
132,0.32962962962962966,0.125,4.2,Zoo,1.0
133,0.3264814814814815,0.125,4.155555555555556,Zoo,1.0
134,0.3386574074074074,0.125,4.433333333333334,Zoo,1.0
135,0.3227777777777778,0.125,4.355555555555555,Zoo,1.0
136,0.3186574074074074,0.125,4.055555555555555,Zoo,1.0
137,0.33495370370370364,0.125,4.277777777777778,Zoo,1.0
138,0.33175925925925925,0.125,4.266666666666667,Zoo,1.0
139,0.3385185185185185,0.125,4.422222222222222,Zoo,1.0
140,0.3403703703703704,0.125,4.422222222222222,Zoo,1.0
141,0.32587962962962963,0.10416666666666667,4.233333333333333,Zoo,1.0
142,0.3345833333333334,0.125,4.322222222222222,Zoo,1.0
143,0.33171296296296293,0.10416666666666667,4.3,Zoo,1.0
144,0.3179166666666667,0.10416666666666667,4.077777777777778,Zoo,1.0
145,0.33962962962962967,0.10416666666666667,4.6000000000000005,Zoo,1.0
146,0.33708333333333335,0.10416666666666667,4.655555555555556,Zoo,1.0
147,0.3392592592592593,0.10416666666666667,4.466666666666667,Zoo,1.0
148,0.33708333333333335,0.125,4.344444444444444,Zoo,1.0
149,0.3408333333333333,0.125,4.466666666666667,Zoo,1.0
150,0.3301851851851852,0.14583333333333334,4.333333333333333,Zoo,1.0
151,0.32967592592592593,0.10416666666666667,4.188888888888889,Zoo,1.0
152,0.3347222222222222,0.10416666666666667,4.288888888888889,Zoo,1.0
153,0.34407407407407414,0.10416666666666667,4.577777777777778,Zoo,1.0
154,0.3445833333333333,0.10416666666666667,4.411111111111111,Zoo,1.0
155,0.32560185185185186,0.10416666666666667,4.322222222222222,Zoo,1.0
156,0.3260185185185185,0.125,4.2444444444444445,Zoo,1.0
157,0.3325925925925926,0.125,4.511111111111111,Zoo,1.0
158,0.3374537037037037,0.125,4.388888888888889,Zoo,1.0
159,0.33101851851851855,0.125,4.444444444444444,Zoo,1.0
160,0.33111111111111113,0.14583333333333334,4.488888888888889,Zoo,1.0
161,0.3246759259259259,0.125,4.411111111111111,Zoo,1.0
162,0.3239351851851852,0.14583333333333334,4.322222222222222,Zoo,1.0
163,0.34046296296296297,0.125,4.511111111111111,Zoo,1.0
164,0.33666666666666667,0.125,4.666666666666667,Zoo,1.0
165,0.3362037037037037,0.125,4.6000000000000005,Zoo,1.0
166,0.32416666666666666,0.14583333333333334,4.533333333333333,Zoo,1.0
167,0.3308333333333333,0.125,4.533333333333333,Zoo,1.0
168,0.3172685185185185,0.125,4.144444444444445,Zoo,1.0
169,0.34249999999999997,0.125,4.533333333333333,Zoo,1.0
170,0.3349074074074074,0.14583333333333334,4.422222222222222,Zoo,1.0
171,0.3177314814814815,0.16666666666666666,4.3,Zoo,1.0
172,0.3239351851851852,0.125,4.322222222222222,Zoo,1.0
173,0.33282407407407405,0.14583333333333334,4.322222222222222,Zoo,1.0
174,0.34393518518518523,0.125,4.722222222222222,Zoo,1.0
175,0.3468981481481481,0.125,4.655555555555556,Zoo,1.0
176,0.34282407407407406,0.125,4.5,Zoo,1.0
177,0.33379629629629637,0.125,4.511111111111112,Zoo,1.0
178,0.33574074074074073,0.125,4.533333333333334,Zoo,1.0
179,0.32824074074074067,0.125,4.377777777777777,Zoo,1.0
180,0.34648148148148145,0.10416666666666667,4.533333333333334,Zoo,1.0
181,0.3413888888888889,0.125,4.533333333333333,Zoo,1.0
182,0.34888888888888886,0.10416666666666667,4.5777777777777775,Zoo,1.0
183,0.3438888888888889,0.10416666666666667,4.488888888888889,Zoo,1.0
184,0.34236111111111117,0.10416666666666667,4.588888888888889,Zoo,1.0
185,0.3396759259259259,0.10416666666666667,4.477777777777778,Zoo,1.0
186,0.3422222222222222,0.125,4.6000000000000005,Zoo,1.0
187,0.34930555555555554,0.125,4.655555555555556,Zoo,1.0
188,0.3305092592592593,0.125,4.5,Zoo,1.0
189,0.3306481481481482,0.125,4.466666666666667,Zoo,1.0
190,0.33662037037037035,0.14583333333333334,4.477777777777778,Zoo,1.0
191,0.3326851851851852,0.125,4.377777777777777,Zoo,1.0
192,0.3388425925925926,0.14583333333333334,4.322222222222222,Zoo,1.0
193,0.34240740740740744,0.125,4.422222222222222,Zoo,1.0
194,0.3438888888888889,0.125,4.555555555555555,Zoo,1.0
195,0.3386574074074074,0.125,4.388888888888889,Zoo,1.0
196,0.3408333333333333,0.125,4.377777777777777,Zoo,1.0
197,0.33273148148148146,0.125,4.233333333333333,Zoo,1.0
198,0.31833333333333336,0.125,4.133333333333334,Zoo,1.0
199,0.32453703703703707,0.125,4.377777777777777,Zoo,1.0
200,0.31916666666666665,0.125,4.2444444444444445,Zoo,1.0
201,0.3223148148148148,0.125,4.333333333333333,Zoo,1.0
202,0.3332407407407408,0.125,4.355555555555555,Zoo,1.0
203,0.31722222222222224,0.14583333333333334,4.088888888888889,Zoo,1.0
204,0.33694444444444444,0.125,4.3999999999999995,Zoo,1.0
205,0.3308333333333333,0.125,4.2,Zoo,1.0
206,0.3278240740740741,0.125,4.366666666666667,Zoo,1.0
207,0.3374074074074074,0.125,4.3999999999999995,Zoo,1.0
208,0.3375462962962963,0.125,4.477777777777778,Zoo,1.0
209,0.33509259259259255,0.14583333333333334,4.488888888888889,Zoo,1.0
210,0.3362962962962963,0.125,4.511111111111111,Zoo,1.0
211,0.32189814814814816,0.125,4.233333333333333,Zoo,1.0
212,0.3299074074074075,0.125,4.488888888888889,Zoo,1.0
213,0.3239814814814815,0.125,4.333333333333333,Zoo,1.0
214,0.3169444444444444,0.125,4.177777777777777,Zoo,1.0
215,0.3351851851851852,0.125,4.355555555555555,Zoo,1.0
216,0.3279166666666667,0.125,4.7,Zoo,1.0
217,0.3328703703703703,0.125,4.333333333333333,Zoo,1.0
218,0.33796296296296297,0.125,4.377777777777777,Zoo,1.0
219,0.3347685185185185,0.125,4.411111111111111,Zoo,1.0
220,0.33319444444444446,0.125,4.477777777777778,Zoo,1.0
221,0.33194444444444443,0.125,4.422222222222222,Zoo,1.0
222,0.33879629629629626,0.125,4.311111111111111,Zoo,1.0
223,0.3377777777777778,0.14583333333333334,4.555555555555556,Zoo,1.0
224,0.34805555555555556,0.125,4.688888888888889,Zoo,1.0
225,0.3353703703703704,0.125,4.444444444444445,Zoo,1.0
226,0.3502314814814815,0.125,4.633333333333334,Zoo,1.0
227,0.3444907407407407,0.125,4.455555555555556,Zoo,1.0
228,0.3474074074074074,0.125,4.422222222222222,Zoo,1.0
229,0.3388425925925926,0.125,4.388888888888888,Zoo,1.0
230,0.3218518518518519,0.125,4.133333333333334,Zoo,1.0
231,0.33958333333333335,0.14583333333333334,4.433333333333334,Zoo,1.0
232,0.34481481481481485,0.125,4.622222222222223,Zoo,1.0
233,0.33412037037037035,0.125,4.388888888888889,Zoo,1.0
234,0.33768518518518514,0.125,4.577777777777778,Zoo,1.0
235,0.34638888888888886,0.125,4.622222222222223,Zoo,1.0
236,0.34791666666666665,0.125,4.566666666666666,Zoo,1.0
237,0.34949074074074077,0.14583333333333334,4.677777777777778,Zoo,1.0
238,0.3376388888888889,0.125,4.344444444444444,Zoo,1.0
239,0.3373148148148148,0.125,4.355555555555555,Zoo,1.0
240,0.34314814814814815,0.125,4.533333333333333,Zoo,1.0
241,0.346712962962963,0.14583333333333334,4.722222222222222,Zoo,1.0
242,0.34027777777777773,0.14583333333333334,4.733333333333333,Zoo,1.0
243,0.33314814814814814,0.14583333333333334,4.444444444444445,Zoo,1.0
244,0.3405092592592592,0.125,4.3,Zoo,1.0
245,0.3427777777777778,0.125,4.888888888888888,Zoo,1.0
246,0.34087962962962964,0.125,4.411111111111111,Zoo,1.0
247,0.3352777777777778,0.125,4.466666666666667,Zoo,1.0
248,0.34694444444444444,0.10416666666666667,4.622222222222223,Zoo,1.0
249,0.3400462962962963,0.125,4.366666666666667,Zoo,1.0
250,0.3433796296296296,0.125,4.633333333333334,Zoo,1.0
251,0.3251851851851852,0.125,4.266666666666667,Zoo,1.0
252,0.33254629629629634,0.125,4.5,Zoo,1.0
253,0.32296296296296295,0.125,4.2444444444444445,Zoo,1.0
254,0.3334722222222222,0.125,4.588888888888889,Zoo,1.0
255,0.33087962962962963,0.125,4.522222222222222,Zoo,1.0
256,0.33962962962962956,0.10416666666666667,4.688888888888889,Zoo,1.0
257,0.3333333333333333,0.10416666666666667,4.511111111111111,Zoo,1.0
258,0.33240740740740743,0.10416666666666667,4.422222222222222,Zoo,1.0
259,0.3287962962962963,0.125,4.422222222222222,Zoo,1.0
260,0.33060185185185187,0.10416666666666667,4.5,Zoo,1.0
261,0.32296296296296295,0.125,4.51111111111111,Zoo,1.0
262,0.32583333333333336,0.125,4.422222222222222,Zoo,1.0
263,0.3351851851851852,0.125,4.355555555555555,Zoo,1.0
264,0.329537037037037,0.125,4.311111111111111,Zoo,1.0
265,0.33189814814814816,0.125,4.5,Zoo,1.0
266,0.3348611111111111,0.125,4.522222222222222,Zoo,1.0
267,0.32254629629629633,0.125,4.144444444444445,Zoo,1.0
268,0.3153240740740741,0.125,4.2555555555555555,Zoo,1.0
269,0.3237962962962963,0.125,4.377777777777777,Zoo,1.0
270,0.31226851851851856,0.125,4.477777777777778,Zoo,1.0
271,0.3344444444444445,0.125,4.644444444444445,Zoo,1.0
272,0.3436574074074074,0.125,4.722222222222222,Zoo,1.0
273,0.3420370370370371,0.10416666666666667,4.555555555555556,Zoo,1.0
274,0.32884259259259263,0.125,4.433333333333334,Zoo,1.0
275,0.32587962962962963,0.10416666666666667,4.477777777777778,Zoo,1.0
276,0.3289814814814815,0.10416666666666667,4.2444444444444445,Zoo,1.0
277,0.3423148148148148,0.10416666666666667,4.488888888888889,Zoo,1.0
278,0.3285648148148148,0.10416666666666667,4.166666666666667,Zoo,1.0
279,0.33375000000000005,0.10416666666666667,4.277777777777778,Zoo,1.0
280,0.33648148148148144,0.10416666666666667,4.288888888888889,Zoo,1.0
281,0.3300462962962963,0.10416666666666667,4.388888888888889,Zoo,1.0
282,0.32805555555555554,0.10416666666666667,4.377777777777777,Zoo,1.0
283,0.3410648148148148,0.10416666666666667,4.455555555555556,Zoo,1.0
284,0.3300925925925926,0.10416666666666667,4.466666666666667,Zoo,1.0
285,0.33254629629629634,0.10416666666666667,4.366666666666667,Zoo,1.0
286,0.3269444444444444,0.10416666666666667,4.444444444444444,Zoo,1.0
287,0.3326851851851852,0.10416666666666667,4.511111111111111,Zoo,1.0
288,0.3242129629629629,0.10416666666666667,4.566666666666666,Zoo,1.0
289,0.32782407407407405,0.10416666666666667,4.477777777777778,Zoo,1.0
290,0.34694444444444444,0.10416666666666667,4.644444444444445,Zoo,1.0
291,0.3214814814814815,0.10416666666666667,4.288888888888889,Zoo,1.0
292,0.3259722222222222,0.10416666666666667,4.588888888888889,Zoo,1.0
293,0.3368518518518519,0.10416666666666667,4.688888888888889,Zoo,1.0
294,0.33273148148148146,0.10416666666666667,4.655555555555556,Zoo,1.0
295,0.33967592592592594,0.10416666666666667,4.388888888888888,Zoo,1.0
296,0.33949074074074076,0.10416666666666667,4.655555555555556,Zoo,1.0
297,0.32731481481481484,0.10416666666666667,4.377777777777777,Zoo,1.0
298,0.3299537037037037,0.10416666666666667,4.2555555555555555,Zoo,1.0
299,0.3363888888888889,0.125,4.622222222222223,Zoo,1.0
300,0.33467592592592593,0.125,4.522222222222222,Zoo,1.0
301,0.3346296296296296,0.125,4.466666666666666,Zoo,1.0
302,0.33370370370370367,0.125,4.377777777777777,Zoo,1.0
303,0.3413888888888889,0.125,4.666666666666667,Zoo,1.0
304,0.33212962962962966,0.125,4.51111111111111,Zoo,1.0
305,0.340787037037037,0.125,4.366666666666666,Zoo,1.0
306,0.33953703703703697,0.125,4.622222222222223,Zoo,1.0
307,0.3384259259259259,0.125,4.444444444444444,Zoo,1.0
308,0.33935185185185185,0.125,4.777777777777778,Zoo,1.0
309,0.34032407407407406,0.125,4.5888888888888895,Zoo,1.0
310,0.33125,0.125,4.188888888888889,Zoo,1.0
311,0.334675925925926,0.125,4.233333333333333,Zoo,1.0
312,0.32861111111111113,0.125,4.333333333333333,Zoo,1.0
313,0.3262037037037037,0.125,4.311111111111111,Zoo,1.0
314,0.34268518518518515,0.125,4.444444444444445,Zoo,1.0
315,0.3353703703703704,0.125,4.466666666666666,Zoo,1.0
316,0.3508796296296297,0.125,4.611111111111112,Zoo,1.0
317,0.338287037037037,0.125,4.366666666666666,Zoo,1.0
318,0.3533796296296296,0.125,4.677777777777778,Zoo,1.0
319,0.34481481481481485,0.125,4.622222222222223,Zoo,1.0
320,0.3347222222222222,0.125,4.511111111111111,Zoo,1.0
321,0.33944444444444444,0.125,4.444444444444444,Zoo,1.0
322,0.32810185185185187,0.125,4.277777777777778,Zoo,1.0
323,0.3481944444444445,0.125,4.477777777777778,Zoo,1.0
324,0.32828703703703704,0.125,4.322222222222222,Zoo,1.0
325,0.33069444444444446,0.125,4.566666666666666,Zoo,1.0
326,0.33370370370370367,0.125,4.311111111111111,Zoo,1.0
327,0.3238888888888889,0.125,4.2444444444444445,Zoo,1.0
328,0.32069444444444445,0.125,4.144444444444445,Zoo,1.0
329,0.3223148148148148,0.14583333333333334,4.222222222222222,Zoo,1.0
330,0.32296296296296295,0.125,4.0888888888888895,Zoo,1.0
331,0.31819444444444445,0.14583333333333334,4.2555555555555555,Zoo,1.0
332,0.3259722222222223,0.125,4.3,Zoo,1.0
333,0.32902777777777775,0.125,4.388888888888889,Zoo,1.0
334,0.3320370370370371,0.125,4.533333333333333,Zoo,1.0
335,0.3242129629629629,0.125,4.544444444444444,Zoo,1.0
336,0.33046296296296296,0.125,4.333333333333333,Zoo,1.0
337,0.3360648148148148,0.125,4.455555555555556,Zoo,1.0
338,0.3324537037037037,0.125,4.433333333333334,Zoo,1.0
339,0.32879629629629625,0.125,4.222222222222222,Zoo,1.0
340,0.3183796296296296,0.125,4.211111111111111,Zoo,1.0
341,0.3284722222222222,0.125,4.633333333333334,Zoo,1.0
342,0.32657407407407407,0.125,4.311111111111111,Zoo,1.0
343,0.33958333333333335,0.125,4.544444444444444,Zoo,1.0
344,0.3314814814814815,0.14583333333333334,4.422222222222222,Zoo,1.0
345,0.31875000000000003,0.14583333333333334,4.233333333333333,Zoo,1.0
346,0.3365740740740741,0.125,4.288888888888889,Zoo,1.0
347,0.33310185185185187,0.10416666666666667,4.388888888888889,Zoo,1.0
348,0.3298611111111111,0.10416666666666667,4.2555555555555555,Zoo,1.0
349,0.33791666666666664,0.10416666666666667,4.411111111111111,Zoo,1.0
350,0.3300462962962963,0.10416666666666667,4.344444444444444,Zoo,1.0
351,0.3344444444444445,0.125,4.444444444444444,Zoo,1.0
352,0.33166666666666667,0.14583333333333334,4.311111111111111,Zoo,1.0
353,0.33060185185185187,0.125,4.211111111111111,Zoo,1.0
354,0.33055555555555555,0.125,4.377777777777777,Zoo,1.0
355,0.3139351851851852,0.125,4.033333333333334,Zoo,1.0
356,0.32787037037037037,0.125,4.333333333333333,Zoo,1.0
357,0.33587962962962964,0.10416666666666667,4.5,Zoo,1.0
358,0.32949074074074075,0.125,4.411111111111111,Zoo,1.0
359,0.3353240740740741,0.10416666666666667,4.5,Zoo,1.0
360,0.3330092592592593,0.10416666666666667,4.477777777777778,Zoo,1.0
361,0.33199074074074075,0.125,4.411111111111111,Zoo,1.0
362,0.32305555555555554,0.125,4.288888888888889,Zoo,1.0
363,0.33041666666666664,0.125,4.211111111111111,Zoo,1.0
364,0.32976851851851846,0.125,4.433333333333334,Zoo,1.0
365,0.3361111111111111,0.125,4.511111111111111,Zoo,1.0
366,0.3259722222222222,0.125,4.344444444444444,Zoo,1.0
367,0.3314814814814815,0.125,4.466666666666667,Zoo,1.0
368,0.31884259259259257,0.125,4.211111111111111,Zoo,1.0
369,0.3221296296296296,0.125,4.266666666666667,Zoo,1.0
370,0.32814814814814813,0.125,4.466666666666667,Zoo,1.0
371,0.3297685185185185,0.125,4.522222222222222,Zoo,1.0
372,0.33439814814814817,0.125,4.477777777777778,Zoo,1.0
373,0.3324537037037037,0.125,4.5,Zoo,1.0
374,0.3406481481481481,0.125,4.644444444444445,Zoo,1.0
375,0.33162037037037034,0.125,4.477777777777778,Zoo,1.0
376,0.35347222222222224,0.125,4.788888888888889,Zoo,1.0
377,0.3476851851851852,0.125,4.777777777777778,Zoo,1.0
378,0.32282407407407404,0.125,4.2555555555555555,Zoo,1.0
379,0.3360648148148148,0.125,4.611111111111112,Zoo,1.0
380,0.3338888888888889,0.125,4.488888888888889,Zoo,1.0
381,0.3293055555555556,0.125,4.4111111111111105,Zoo,1.0
382,0.34356481481481477,0.125,4.7,Zoo,1.0
383,0.3274537037037037,0.125,4.633333333333334,Zoo,1.0
384,0.32662037037037034,0.125,4.344444444444444,Zoo,1.0
385,0.33569444444444446,0.125,4.722222222222222,Zoo,1.0
386,0.3282407407407407,0.125,4.466666666666666,Zoo,1.0
387,0.3302314814814815,0.10416666666666667,4.433333333333334,Zoo,1.0
388,0.34342592592592586,0.10416666666666667,4.688888888888889,Zoo,1.0
389,0.34805555555555556,0.10416666666666667,4.6000000000000005,Zoo,1.0
390,0.33958333333333335,0.125,4.588888888888889,Zoo,1.0
391,0.33666666666666667,0.125,4.622222222222223,Zoo,1.0
392,0.3360648148148148,0.125,4.455555555555556,Zoo,1.0
393,0.3201851851851852,0.125,4.288888888888889,Zoo,1.0
0,0.48172839506172843,0.0,14.888888888888888,WDBC,0.0
1,0.4840987654320988,0.0,14.6,WDBC,0.0
2,0.48375308641975306,0.0,14.755555555555555,WDBC,0.0
3,0.4850123456790123,0.0,15.166666666666666,WDBC,0.0
4,0.4830864197530864,0.0,15.5,WDBC,0.0
5,0.478962962962963,0.0,15.444444444444445,WDBC,0.0
6,0.4806172839506173,0.0,15.122222222222222,WDBC,0.0
7,0.47987654320987655,0.0,15.21111111111111,WDBC,0.0
8,0.48412345679012353,0.0,15.388888888888891,WDBC,0.0
9,0.4830617283950618,0.0,15.377777777777778,WDBC,0.0
10,0.480320987654321,0.0,15.566666666666668,WDBC,0.0
11,0.48266666666666663,0.0,15.28888888888889,WDBC,0.0
12,0.4827901234567901,0.0,15.144444444444446,WDBC,0.0
13,0.4835308641975309,0.0,15.277777777777777,WDBC,0.0
14,0.4778024691358025,0.0,15.366666666666667,WDBC,0.0
15,0.4797777777777778,0.0,14.855555555555554,WDBC,0.0
16,0.486320987654321,0.0,15.088888888888889,WDBC,0.0
17,0.4848888888888889,0.0,15.02222222222222,WDBC,0.0
18,0.4817037037037037,0.0,14.855555555555554,WDBC,0.0
19,0.48148148148148145,0.0,14.911111111111111,WDBC,0.0
20,0.4844938271604938,0.0,15.044444444444444,WDBC,0.0
21,0.4773333333333334,0.0,14.888888888888888,WDBC,0.0
22,0.4787901234567902,0.0,15.522222222222224,WDBC,0.0
23,0.48328395061728396,0.0,15.255555555555555,WDBC,0.0
24,0.4854567901234568,0.0,15.455555555555556,WDBC,0.0
25,0.48348148148148146,0.0,15.255555555555555,WDBC,0.0
26,0.4826913580246914,0.0,14.655555555555557,WDBC,0.0
27,0.48217283950617285,0.0,14.844444444444443,WDBC,0.0
28,0.48328395061728396,0.0,14.833333333333334,WDBC,0.0
29,0.4807654320987655,0.0,14.877777777777778,WDBC,0.0
30,0.4822716049382716,0.0,14.844444444444443,WDBC,0.0
31,0.4841728395061728,0.0,14.700000000000001,WDBC,0.0
32,0.48325925925925933,0.0,14.6,WDBC,0.0
33,0.4792345679012346,0.0,14.566666666666668,WDBC,0.0
34,0.4767654320987654,0.0,14.477777777777776,WDBC,0.0
35,0.4838518518518519,0.0,15.155555555555557,WDBC,0.0
36,0.48246913580246914,0.0,14.577777777777778,WDBC,0.0
37,0.4838024691358025,0.0,15.022222222222224,WDBC,0.0
38,0.4815061728395062,0.0,15.077777777777778,WDBC,0.0
39,0.48291358024691355,0.0,14.97777777777778,WDBC,0.0
40,0.4838024691358025,0.0,14.933333333333332,WDBC,0.0
41,0.4820987654320988,0.0,14.766666666666666,WDBC,0.0
42,0.4833086419753086,0.0,14.733333333333334,WDBC,0.0
43,0.485358024691358,0.0,14.877777777777778,WDBC,0.0
44,0.4826913580246914,0.0,14.766666666666666,WDBC,0.0
45,0.48414814814814816,0.0,14.799999999999999,WDBC,0.0
46,0.4795061728395062,0.0,14.866666666666667,WDBC,0.0
47,0.4802716049382716,0.0,15.122222222222222,WDBC,0.0
48,0.4803703703703704,0.0,15.1,WDBC,0.0
49,0.4800493827160494,0.0,15.311111111111112,WDBC,0.0
50,0.48140740740740745,0.0,15.344444444444443,WDBC,0.0
51,0.48274074074074075,0.0,15.233333333333334,WDBC,0.0
52,0.48162962962962963,0.0,14.888888888888891,WDBC,0.0
53,0.482962962962963,0.0,14.688888888888888,WDBC,0.0
54,0.48567901234567906,0.0,14.622222222222222,WDBC,0.0
55,0.4863209876543209,0.0,14.911111111111111,WDBC,0.0
56,0.4855802469135802,0.0,14.955555555555556,WDBC,0.0
57,0.4878518518518518,0.0,15.177777777777777,WDBC,0.0
58,0.48466666666666663,0.0,14.9,WDBC,0.0
59,0.4835061728395062,0.0,14.866666666666667,WDBC,0.0
60,0.48298765432098767,0.0,15.1,WDBC,0.0
61,0.484962962962963,0.0,15.100000000000001,WDBC,0.0
62,0.4844197530864198,0.0,15.166666666666666,WDBC,0.0
63,0.48590123456790124,0.0,14.9,WDBC,0.0
64,0.48659259259259263,0.0,14.922222222222222,WDBC,0.0
65,0.4838024691358025,0.0,15.02222222222222,WDBC,0.0
66,0.4830864197530864,0.0,15.055555555555555,WDBC,0.0
67,0.48219753086419753,0.0,15.166666666666666,WDBC,0.0
68,0.4838024691358025,0.0,14.911111111111111,WDBC,0.0
69,0.48246913580246914,0.0,14.799999999999999,WDBC,0.0
70,0.4828888888888889,0.0,15.077777777777778,WDBC,0.0
71,0.48120987654320996,0.0,14.922222222222222,WDBC,0.0
72,0.48175308641975306,0.0,14.744444444444445,WDBC,0.0
73,0.4808395061728395,0.0,14.577777777777778,WDBC,0.0
74,0.4798518518518518,0.0,14.71111111111111,WDBC,0.0
75,0.481037037037037,0.0,14.866666666666667,WDBC,0.0
76,0.4792592592592593,0.0,14.911111111111111,WDBC,0.0
77,0.484,0.0,15.088888888888889,WDBC,0.0
78,0.48313580246913584,0.0,15.033333333333333,WDBC,0.0
79,0.48412345679012336,0.0,15.055555555555555,WDBC,0.0
80,0.48437037037037034,0.0,14.877777777777778,WDBC,0.0
81,0.48162962962962963,0.0,15.0,WDBC,0.0
82,0.48367901234567895,0.0,14.722222222222221,WDBC,0.0
83,0.48306172839506173,0.0,14.799999999999999,WDBC,0.0
84,0.4817283950617284,0.0,14.622222222222222,WDBC,0.0
85,0.48202469135802467,0.0,14.733333333333334,WDBC,0.0
86,0.4780246913580248,0.0,14.488888888888889,WDBC,0.0
87,0.4801234567901234,0.0,14.544444444444444,WDBC,0.0
88,0.47617283950617284,0.0,14.677777777777777,WDBC,0.0
89,0.4801975308641975,0.0,14.888888888888891,WDBC,0.0
90,0.4797777777777778,0.0,15.188888888888888,WDBC,0.0
91,0.47945679012345677,0.0,14.888888888888888,WDBC,0.0
92,0.4795308641975309,0.0,14.877777777777778,WDBC,0.0
93,0.4770123456790123,0.0,14.811111111111112,WDBC,0.0
94,0.4713086419753087,0.0,15.044444444444444,WDBC,0.0
95,0.4767901234567901,0.0,15.177777777777777,WDBC,0.0
96,0.4756296296296297,0.0,15.277777777777777,WDBC,0.0
97,0.47674074074074074,0.0,15.044444444444444,WDBC,0.0
98,0.47755555555555557,0.0,15.077777777777778,WDBC,0.0
99,0.4778518518518519,0.0,15.1,WDBC,0.0
100,0.47600000000000003,0.0,15.066666666666668,WDBC,0.0
101,0.47844444444444445,0.0,15.011111111111111,WDBC,0.0
102,0.4775802469135802,0.0,14.688888888888888,WDBC,0.0
103,0.478641975308642,0.0,14.9,WDBC,0.0
104,0.480641975308642,0.0,14.955555555555556,WDBC,0.0
105,0.4787654320987655,0.0,15.28888888888889,WDBC,0.0
106,0.47698765432098766,0.0,15.133333333333333,WDBC,0.0
107,0.47733333333333333,0.0,15.4,WDBC,0.0
108,0.48093827160493835,0.0,15.355555555555556,WDBC,0.0
109,0.4802222222222223,0.0,15.366666666666667,WDBC,0.0
110,0.4819259259259259,0.0,15.066666666666668,WDBC,0.0
111,0.48355555555555557,0.0,15.111111111111112,WDBC,0.0
112,0.48683950617283944,0.0,14.966666666666667,WDBC,0.0
113,0.485037037037037,0.0,14.777777777777779,WDBC,0.0
114,0.48587654320987655,0.0,15.244444444444445,WDBC,0.0
115,0.48459259259259263,0.0,15.28888888888889,WDBC,0.0
116,0.48474074074074075,0.0,15.311111111111112,WDBC,0.0
117,0.4842469135802469,0.0,15.28888888888889,WDBC,0.0
118,0.48375308641975306,0.0,15.28888888888889,WDBC,0.0
119,0.4865679012345679,0.0,15.044444444444444,WDBC,0.0
120,0.48214814814814816,0.0,14.944444444444445,WDBC,0.0
121,0.4880987654320988,0.0,15.044444444444444,WDBC,0.0
122,0.48414814814814816,0.0,14.933333333333332,WDBC,0.0
123,0.4868395061728395,0.0,15.011111111111111,WDBC,0.0
124,0.4843703703703704,0.0,15.21111111111111,WDBC,0.0
125,0.4836543209876543,0.0,15.044444444444444,WDBC,0.0
126,0.48414814814814816,0.0,15.200000000000001,WDBC,0.0
127,0.48575308641975307,0.0,15.166666666666666,WDBC,0.0
128,0.482641975308642,0.0,14.744444444444445,WDBC,0.0
129,0.4820740740740741,0.0,14.911111111111111,WDBC,0.0
130,0.48397530864197535,0.0,14.922222222222222,WDBC,0.0
131,0.4843703703703704,0.0,15.1,WDBC,0.0
132,0.48387654320987655,0.0,15.144444444444446,WDBC,0.0
133,0.48570370370370375,0.0,14.966666666666667,WDBC,0.0
134,0.48637037037037034,0.0,15.066666666666668,WDBC,0.0
135,0.4857283950617284,0.0,14.955555555555556,WDBC,0.0
136,0.4817530864197532,0.0,15.21111111111111,WDBC,0.0
137,0.48424691358024696,0.0,14.71111111111111,WDBC,0.0
138,0.4845185185185185,0.0,15.033333333333333,WDBC,0.0
139,0.48120987654320996,0.0,15.188888888888888,WDBC,0.0
140,0.484,0.0,15.488888888888889,WDBC,0.0
141,0.48069135802469143,0.0,15.31111111111111,WDBC,0.0
142,0.48316049382716053,0.0,15.355555555555554,WDBC,0.0
143,0.48367901234567906,0.0,15.277777777777777,WDBC,0.0
144,0.4821234567901234,0.0,15.088888888888889,WDBC,0.0
145,0.48367901234567906,0.0,14.744444444444445,WDBC,0.0
146,0.4842469135802469,0.0,15.0,WDBC,0.0
147,0.48362962962962963,0.0,14.966666666666667,WDBC,0.0
148,0.4855308641975309,0.0,15.177777777777777,WDBC,0.0
149,0.4862222222222223,0.0,14.97777777777778,WDBC,0.0
150,0.4854567901234568,0.0,14.766666666666666,WDBC,0.0
151,0.48580246913580244,0.0,14.9,WDBC,0.0
152,0.4842469135802469,0.0,15.088888888888889,WDBC,0.0
153,0.48518518518518516,0.0,15.044444444444444,WDBC,0.0
154,0.48567901234567906,0.0,15.133333333333333,WDBC,0.0
155,0.4838024691358025,0.0,14.888888888888888,WDBC,0.0
156,0.48548148148148146,0.0,14.933333333333332,WDBC,0.0
157,0.48355555555555557,0.0,15.0,WDBC,0.0
158,0.48348148148148146,0.0,14.833333333333334,WDBC,0.0
159,0.48513580246913585,0.0,14.799999999999999,WDBC,0.0
160,0.4827407407407407,0.0,14.877777777777778,WDBC,0.0
161,0.48291358024691355,0.0,15.111111111111109,WDBC,0.0
162,0.4842716049382716,0.0,14.633333333333333,WDBC,0.0
163,0.4837037037037037,0.0,14.844444444444443,WDBC,0.0
164,0.4820987654320988,0.0,14.833333333333334,WDBC,0.0
165,0.48241975308641977,0.0,14.799999999999999,WDBC,0.0
166,0.4839753086419753,0.0,14.9,WDBC,0.0
167,0.4833086419753086,0.0,15.133333333333333,WDBC,0.0
168,0.48370370370370375,0.0,14.866666666666665,WDBC,0.0
169,0.484395061728395,0.0,14.71111111111111,WDBC,0.0
170,0.4825679012345679,0.0,14.577777777777778,WDBC,0.0
171,0.4816543209876543,0.0,14.611111111111112,WDBC,0.0
172,0.4827407407407407,0.0,14.411111111111111,WDBC,0.0
173,0.4835555555555555,0.0,14.622222222222222,WDBC,0.0
174,0.4844938271604938,0.0,14.844444444444443,WDBC,0.0
175,0.48439506172839514,0.0,14.71111111111111,WDBC,0.0
176,0.484320987654321,0.0,14.588888888888889,WDBC,0.0
177,0.48113580246913584,0.0,14.466666666666667,WDBC,0.0
178,0.4843456790123457,0.0,14.666666666666666,WDBC,0.0
179,0.48133333333333334,0.0,14.644444444444446,WDBC,0.0
180,0.48367901234567906,0.0,14.544444444444444,WDBC,0.0
181,0.4843703703703704,0.0,14.5,WDBC,0.0
182,0.4842469135802469,0.0,14.311111111111112,WDBC,0.0
183,0.4840246913580247,0.0,14.299999999999999,WDBC,0.0
184,0.4827654320987654,0.0,14.577777777777778,WDBC,0.0
185,0.48348148148148146,0.0,14.722222222222221,WDBC,0.0
186,0.4823209876543209,0.0,14.622222222222222,WDBC,0.0
187,0.48414814814814816,0.0,14.622222222222222,WDBC,0.0
188,0.48202469135802467,0.0,14.666666666666666,WDBC,0.0
189,0.4827901234567901,0.0,14.722222222222223,WDBC,0.0
190,0.4824938271604939,0.0,14.700000000000001,WDBC,0.0
191,0.4822469135802469,0.0,14.588888888888889,WDBC,0.0
192,0.4818518518518518,0.0,15.166666666666666,WDBC,0.0
193,0.48207407407407404,0.0,14.555555555555557,WDBC,0.0
194,0.4827654320987655,0.0,14.866666666666665,WDBC,0.0
195,0.482320987654321,0.0,14.799999999999999,WDBC,0.0
196,0.48241975308641977,0.0,14.555555555555555,WDBC,0.0
197,0.4830370370370371,0.0,14.544444444444444,WDBC,0.0
198,0.48054320987654325,0.0,14.444444444444443,WDBC,0.0
199,0.48,0.0,14.777777777777779,WDBC,0.0
200,0.482320987654321,0.0,14.644444444444446,WDBC,0.0
201,0.4822469135802469,0.0,14.633333333333333,WDBC,0.0
202,0.48306172839506173,0.0,14.622222222222222,WDBC,0.0
203,0.47864197530864194,0.0,14.455555555555556,WDBC,0.0
204,0.47918518518518516,0.0,14.411111111111111,WDBC,0.0
205,0.47772839506172843,0.0,14.533333333333333,WDBC,0.0
206,0.4834320987654321,0.0,14.366666666666667,WDBC,0.0
207,0.4806172839506173,0.0,14.455555555555556,WDBC,0.0
208,0.4812839506172839,0.0,14.533333333333333,WDBC,0.0
209,0.4813086419753086,0.0,14.5,WDBC,0.0
210,0.4825432098765432,0.0,14.52222222222222,WDBC,0.0
211,0.4840740740740741,0.0,14.322222222222223,WDBC,0.0
212,0.48128395061728396,0.0,14.266666666666666,WDBC,0.0
213,0.482395061728395,0.0,14.52222222222222,WDBC,0.0
214,0.48444444444444446,0.0,14.533333333333333,WDBC,0.0
215,0.48365432098765426,0.0,14.4,WDBC,0.0
216,0.48409876543209873,0.0,14.377777777777778,WDBC,0.0
217,0.4842962962962963,0.0,14.666666666666666,WDBC,0.0
218,0.48444444444444446,0.0,14.777777777777777,WDBC,0.0
219,0.4856543209876543,0.0,14.677777777777777,WDBC,0.0
220,0.4848888888888889,0.0,14.911111111111111,WDBC,0.0
221,0.48313580246913584,0.0,14.633333333333333,WDBC,0.0
222,0.4820987654320988,0.0,14.633333333333333,WDBC,0.0
223,0.48246913580246914,0.0,14.555555555555557,WDBC,0.0
224,0.481358024691358,0.0,14.677777777777777,WDBC,0.0
225,0.4857777777777778,0.0,14.622222222222222,WDBC,0.0
226,0.4874074074074075,0.0,14.222222222222221,WDBC,0.0
227,0.4865679012345679,0.0,14.333333333333334,WDBC,0.0
228,0.48113580246913584,0.0,14.6,WDBC,0.0
229,0.48540740740740745,0.0,14.388888888888891,WDBC,0.0
230,0.4847901234567901,0.0,14.488888888888889,WDBC,0.0
231,0.4867901234567901,0.0,14.655555555555557,WDBC,0.0
232,0.4854567901234568,0.0,14.544444444444444,WDBC,0.0
233,0.48459259259259263,0.0,14.755555555555555,WDBC,0.0
234,0.4822222222222223,0.0,14.777777777777779,WDBC,0.0
235,0.48419753086419764,0.0,14.688888888888888,WDBC,0.0
236,0.4800740740740741,0.0,14.47777777777778,WDBC,0.0
237,0.4821481481481482,0.0,14.855555555555554,WDBC,0.0
238,0.482567901234568,0.0,14.6,WDBC,0.0
239,0.4848148148148148,0.0,14.52222222222222,WDBC,0.0
240,0.4838024691358025,0.0,14.6,WDBC,0.0
241,0.4817530864197532,0.0,14.588888888888889,WDBC,0.0
242,0.4828888888888889,0.0,14.633333333333333,WDBC,0.0
243,0.4818024691358025,0.0,14.322222222222223,WDBC,0.0
244,0.4803703703703704,0.0,14.677777777777777,WDBC,0.0
245,0.4814567901234568,0.0,14.722222222222221,WDBC,0.0
246,0.48345679012345677,0.0,15.02222222222222,WDBC,0.0
247,0.4847901234567901,0.0,15.111111111111109,WDBC,0.0
248,0.48318518518518516,0.0,15.122222222222222,WDBC,0.0
249,0.4817777777777778,0.0,15.244444444444445,WDBC,0.0
250,0.4848395061728395,0.0,15.155555555555557,WDBC,0.0
251,0.48409876543209873,0.0,14.888888888888888,WDBC,0.0
252,0.485358024691358,0.0,15.077777777777778,WDBC,0.0
253,0.4823209876543209,0.0,15.4,WDBC,0.0
254,0.48249382716049377,0.0,14.877777777777778,WDBC,0.0
255,0.48244444444444445,0.0,14.944444444444443,WDBC,0.0
256,0.48395061728395067,0.0,15.088888888888889,WDBC,0.0
257,0.48293827160493824,0.0,15.166666666666666,WDBC,0.0
258,0.48545679012345677,0.0,14.944444444444443,WDBC,0.0
259,0.48195061728395067,0.0,15.033333333333333,WDBC,0.0
260,0.4839753086419753,0.0,15.077777777777778,WDBC,0.0
261,0.4836543209876543,0.0,14.977777777777776,WDBC,0.0
262,0.4827901234567901,0.0,14.833333333333334,WDBC,0.0
263,0.484641975308642,0.0,14.955555555555556,WDBC,0.0
264,0.4861234567901234,0.0,14.888888888888891,WDBC,0.0
265,0.48409876543209873,0.0,14.955555555555556,WDBC,0.0
266,0.48491358024691356,0.0,15.122222222222222,WDBC,0.0
267,0.48590123456790124,0.0,14.988888888888889,WDBC,0.0
268,0.484641975308642,0.0,15.088888888888889,WDBC,0.0
269,0.48580246913580244,0.0,15.011111111111111,WDBC,0.0
270,0.48464197530864195,0.0,15.02222222222222,WDBC,0.0
271,0.4803456790123457,0.0,15.466666666666667,WDBC,0.0
272,0.48291358024691355,0.0,15.377777777777778,WDBC,0.0
273,0.48345679012345677,0.0,14.97777777777778,WDBC,0.0
274,0.48595061728395067,0.0,15.299999999999999,WDBC,0.0
275,0.4882962962962963,0.0,15.177777777777777,WDBC,0.0
276,0.4888148148148148,0.0,15.299999999999999,WDBC,0.0
277,0.48767901234567906,0.0,15.055555555555555,WDBC,0.0
278,0.4880246913580247,0.0,14.9,WDBC,0.0
279,0.48622222222222217,0.0,14.955555555555556,WDBC,0.0
280,0.4821234567901234,0.0,14.844444444444443,WDBC,0.0
281,0.48765432098765427,0.0,15.088888888888889,WDBC,0.0
282,0.4880493827160494,0.0,14.955555555555556,WDBC,0.0
283,0.4888148148148148,0.0,14.9,WDBC,0.0
284,0.48822222222222217,0.0,15.055555555555555,WDBC,0.0
285,0.4866172839506173,0.0,15.355555555555556,WDBC,0.0
286,0.4878518518518519,0.0,15.0,WDBC,0.0
287,0.4882716049382716,0.0,14.677777777777777,WDBC,0.0
288,0.48681481481481476,0.0,14.688888888888888,WDBC,0.0
289,0.48592592592592593,0.0,15.466666666666667,WDBC,0.0
290,0.48483950617283944,0.0,15.266666666666666,WDBC,0.0
291,0.4860246913580247,0.0,15.111111111111112,WDBC,0.0
292,0.4845432098765432,0.0,14.97777777777778,WDBC,0.0
293,0.4822716049382716,0.0,15.044444444444444,WDBC,0.0
294,0.4832592592592593,0.0,15.200000000000001,WDBC,0.0
295,0.482395061728395,0.0,15.299999999999999,WDBC,0.0
296,0.4827654320987654,0.0,15.4,WDBC,0.0
297,0.48313580246913573,0.0,15.1,WDBC,0.0
298,0.4839753086419753,0.0,15.011111111111111,WDBC,0.0
299,0.4818024691358025,0.0,15.21111111111111,WDBC,0.0
300,0.4834567901234568,0.0,15.4,WDBC,0.0
301,0.48264197530864195,0.0,15.166666666666666,WDBC,0.0
302,0.4842962962962963,0.0,15.333333333333334,WDBC,0.0
303,0.48175308641975306,0.0,15.433333333333332,WDBC,0.0
304,0.48244444444444445,0.0,15.455555555555556,WDBC,0.0
305,0.48244444444444445,0.0,15.255555555555555,WDBC,0.0
306,0.48580246913580244,0.0,15.433333333333332,WDBC,0.0
307,0.4862469135802469,0.0,15.188888888888888,WDBC,0.0
308,0.484962962962963,0.0,15.122222222222222,WDBC,0.0
309,0.4850123456790123,0.0,14.9,WDBC,0.0
310,0.48562962962962963,0.0,15.200000000000001,WDBC,0.0
311,0.483358024691358,0.0,14.97777777777778,WDBC,0.0
312,0.48441975308641977,0.0,14.855555555555554,WDBC,0.0
313,0.48234567901234565,0.0,15.144444444444446,WDBC,0.0
314,0.485358024691358,0.0,14.988888888888889,WDBC,0.0
315,0.48395061728395067,0.0,14.555555555555555,WDBC,0.0
316,0.48387654320987655,0.0,14.944444444444445,WDBC,0.0
317,0.484320987654321,0.0,14.611111111111109,WDBC,0.0
318,0.4845679012345679,0.0,14.766666666666666,WDBC,0.0
319,0.48024691358024696,0.0,14.488888888888889,WDBC,0.0
320,0.4822962962962963,0.0,14.699999999999998,WDBC,0.0
321,0.4831111111111111,0.0,14.622222222222222,WDBC,0.0
322,0.48409876543209873,0.0,14.377777777777778,WDBC,0.0
323,0.48666666666666664,0.0,14.555555555555555,WDBC,0.0
324,0.48291358024691355,0.0,14.71111111111111,WDBC,0.0
325,0.48367901234567895,0.0,14.522222222222224,WDBC,0.0
326,0.4823456790123457,0.0,14.366666666666667,WDBC,0.0
327,0.483358024691358,0.0,14.488888888888889,WDBC,0.0
328,0.48567901234567906,0.0,15.0,WDBC,0.0
329,0.4843456790123457,0.0,15.088888888888889,WDBC,0.0
330,0.48237037037037034,0.0,15.177777777777777,WDBC,0.0
331,0.484320987654321,0.0,14.744444444444445,WDBC,0.0
332,0.48288888888888887,0.0,14.677777777777777,WDBC,0.0
333,0.4803456790123457,0.0,14.799999999999999,WDBC,0.0
334,0.4833086419753086,0.0,14.955555555555556,WDBC,0.0
335,0.47975308641975306,0.0,14.911111111111111,WDBC,0.0
336,0.47990123456790124,0.0,14.977777777777776,WDBC,0.0
337,0.4825185185185185,0.0,14.555555555555555,WDBC,0.0
338,0.4829876543209876,0.0,14.677777777777777,WDBC,0.0
339,0.4845679012345679,0.0,14.588888888888889,WDBC,0.0
340,0.4850864197530864,0.0,14.733333333333334,WDBC,0.0
341,0.48222222222222216,0.0,14.244444444444445,WDBC,0.0
342,0.48609876543209873,0.0,14.78888888888889,WDBC,0.0
343,0.4851604938271605,0.0,14.766666666666666,WDBC,0.0
344,0.48587654320987655,0.0,14.68888888888889,WDBC,0.0
345,0.4858518518518518,0.0,14.722222222222221,WDBC,0.0
346,0.4866913580246914,0.0,14.944444444444443,WDBC,0.0
347,0.48740740740740746,0.0,15.022222222222224,WDBC,0.0
348,0.4827654320987655,0.0,14.866666666666667,WDBC,0.0
349,0.48441975308641977,0.0,15.055555555555555,WDBC,0.0
350,0.4847654320987654,0.0,14.477777777777776,WDBC,0.0
351,0.48748148148148146,0.0,14.9,WDBC,0.0
352,0.48624691358024696,0.0,15.144444444444446,WDBC,0.0
353,0.48609876543209873,0.0,14.855555555555554,WDBC,0.0
354,0.48446913580246914,0.0,15.077777777777778,WDBC,0.0
355,0.4864938271604938,0.0,14.922222222222222,WDBC,0.0
356,0.48639506172839503,0.0,14.78888888888889,WDBC,0.0
357,0.48664197530864195,0.0,14.766666666666666,WDBC,0.0
358,0.48328395061728396,0.0,14.5,WDBC,0.0
359,0.4861234567901234,0.0,14.6,WDBC,0.0
360,0.4843703703703704,0.0,14.677777777777777,WDBC,0.0
361,0.48595061728395067,0.0,14.588888888888889,WDBC,0.0
362,0.48365432098765426,0.0,14.955555555555556,WDBC,0.0
363,0.4847654320987654,0.0,14.700000000000001,WDBC,0.0
364,0.48340740740740745,0.0,15.02222222222222,WDBC,0.0
365,0.48271604938271606,0.0,14.71111111111111,WDBC,0.0
366,0.48160493827160494,0.0,14.877777777777778,WDBC,0.0
367,0.48145679012345677,0.0,14.744444444444445,WDBC,0.0
368,0.4839753086419753,0.0,14.588888888888889,WDBC,0.0
369,0.4800740740740741,0.0,14.766666666666666,WDBC,0.0
370,0.4825185185185185,0.0,14.68888888888889,WDBC,0.0
371,0.4773086419753086,0.0,14.455555555555556,WDBC,0.0
372,0.48046913580246914,0.0,14.655555555555557,WDBC,0.0
373,0.4799753086419753,0.0,14.322222222222223,WDBC,0.0
374,0.48246913580246914,0.0,14.28888888888889,WDBC,0.0
375,0.48148148148148157,0.0,14.644444444444444,WDBC,0.0
376,0.47760493827160494,0.0,14.700000000000001,WDBC,0.0
377,0.483604938271605,0.0,14.71111111111111,WDBC,0.0
378,0.4812592592592593,0.0,14.677777777777777,WDBC,0.0
379,0.48340740740740745,0.0,14.6,WDBC,0.0
380,0.4831111111111111,0.0,14.4,WDBC,0.0
381,0.48367901234567895,0.0,14.744444444444445,WDBC,0.0
382,0.4804197530864198,0.0,14.655555555555557,WDBC,0.0
383,0.4817777777777778,0.0,14.71111111111111,WDBC,0.0
384,0.4815061728395062,0.0,15.055555555555557,WDBC,0.0
385,0.48340740740740734,0.0,14.755555555555555,WDBC,0.0
386,0.48466666666666663,0.0,14.722222222222221,WDBC,0.0
387,0.4835308641975309,0.0,14.988888888888889,WDBC,0.0
388,0.48664197530864195,0.0,15.033333333333333,WDBC,0.0
389,0.4845432098765432,0.0,14.888888888888888,WDBC,0.0
390,0.48333333333333334,0.0,14.988888888888889,WDBC,0.0
391,0.484641975308642,0.0,14.777777777777779,WDBC,0.0
392,0.4853827160493827,0.0,14.866666666666665,WDBC,0.0
393,0.4818518518518518,0.0,14.966666666666667,WDBC,0.0
0,0.4531604938271605,0.0,12.78888888888889,WDBC,0.5
1,0.4358024691358025,0.0,12.266666666666666,WDBC,0.5
2,0.43923456790123455,0.0,11.966666666666667,WDBC,0.5
3,0.4511358024691358,0.0,12.744444444444445,WDBC,0.5
4,0.4437283950617284,0.0,12.9,WDBC,0.5
5,0.43940740740740747,0.0,12.28888888888889,WDBC,0.5
6,0.4439753086419754,0.0,12.855555555555554,WDBC,0.5
7,0.4474567901234568,0.0,13.0,WDBC,0.5
8,0.44051851851851853,0.0,12.611111111111112,WDBC,0.5
9,0.44750617283950617,0.0,12.644444444444446,WDBC,0.5
10,0.44760493827160497,0.0,12.28888888888889,WDBC,0.5
11,0.4443950617283951,0.0,12.466666666666667,WDBC,0.5
12,0.43888888888888894,0.0,12.388888888888888,WDBC,0.5
13,0.43177777777777776,0.0,12.188888888888888,WDBC,0.5
14,0.4452098765432099,0.0,13.077777777777778,WDBC,0.5
15,0.4462222222222223,0.0,12.822222222222223,WDBC,0.5
16,0.44306172839506175,0.0,12.6,WDBC,0.5
17,0.4468888888888889,0.0,12.677777777777777,WDBC,0.5
18,0.43980246913580245,0.0,12.866666666666667,WDBC,0.5
19,0.4392839506172839,0.0,12.322222222222223,WDBC,0.5
20,0.43908641975308643,0.0,12.077777777777778,WDBC,0.5
21,0.43659259259259264,0.0,12.333333333333334,WDBC,0.5
22,0.4437777777777778,0.0,12.144444444444446,WDBC,0.5
23,0.4444691358024691,0.0,12.188888888888888,WDBC,0.5
24,0.43587654320987657,0.0,12.322222222222223,WDBC,0.5
25,0.42760493827160495,0.0,11.977777777777776,WDBC,0.5
26,0.4384197530864198,0.0,12.355555555555554,WDBC,0.5
27,0.44464197530864197,0.0,12.377777777777778,WDBC,0.5
28,0.438962962962963,0.0,12.200000000000001,WDBC,0.5
29,0.4333827160493828,0.0,11.911111111111111,WDBC,0.5
30,0.44609876543209875,0.0,12.366666666666667,WDBC,0.5
31,0.43933333333333335,0.0,12.1,WDBC,0.5
32,0.44222222222222224,0.0,12.355555555555554,WDBC,0.5
33,0.4395802469135803,0.0,12.433333333333332,WDBC,0.5
34,0.43987654320987657,0.0,12.144444444444444,WDBC,0.5
35,0.44849382716049385,0.0,12.822222222222223,WDBC,0.5
36,0.44076543209876545,0.0,12.322222222222223,WDBC,0.5
37,0.43656790123456785,0.0,12.411111111111111,WDBC,0.5
38,0.43676543209876545,0.0,12.144444444444446,WDBC,0.5
39,0.44437037037037036,0.0,12.655555555555557,WDBC,0.5
40,0.4442716049382716,0.0,12.455555555555556,WDBC,0.5
41,0.448,0.0,12.4,WDBC,0.5
42,0.44256790123456796,0.0,12.488888888888889,WDBC,0.5
43,0.43901234567901243,0.0,11.955555555555556,WDBC,0.5
44,0.4376296296296296,0.0,12.155555555555557,WDBC,0.5
45,0.44676543209876546,0.0,12.844444444444443,WDBC,0.5
46,0.4409382716049383,0.0,12.355555555555554,WDBC,0.5
47,0.44409876543209886,0.0,12.622222222222222,WDBC,0.5
48,0.4429876543209877,0.0,12.299999999999999,WDBC,0.5
49,0.43217283950617286,0.0,12.411111111111111,WDBC,0.5
50,0.43002469135802474,0.0,11.866666666666667,WDBC,0.5
51,0.4326666666666667,0.0,12.011111111111111,WDBC,0.5
52,0.4413827160493828,0.0,12.688888888888888,WDBC,0.5
53,0.4329382716049382,0.0,12.222222222222221,WDBC,0.5
54,0.4388888888888889,0.0,12.144444444444446,WDBC,0.5
55,0.4354320987654321,0.0,11.988888888888889,WDBC,0.5
56,0.436,0.0,11.911111111111111,WDBC,0.5
57,0.4376296296296296,0.0,12.311111111111112,WDBC,0.5
58,0.43832098765432104,0.0,12.422222222222222,WDBC,0.5
59,0.42876543209876544,0.0,12.122222222222222,WDBC,0.5
60,0.4457283950617284,0.0,12.177777777777777,WDBC,0.5
61,0.442716049382716,0.0,12.4,WDBC,0.5
62,0.4361234567901235,0.0,12.055555555555557,WDBC,0.5
63,0.4412098765432099,0.0,12.47777777777778,WDBC,0.5
64,0.4341975308641975,0.0,12.122222222222222,WDBC,0.5
65,0.44629629629629636,0.0,12.366666666666667,WDBC,0.5
66,0.4452345679012346,0.0,12.377777777777778,WDBC,0.5
67,0.4402222222222223,0.0,12.322222222222223,WDBC,0.5
68,0.4401234567901235,0.0,12.277777777777777,WDBC,0.5
69,0.4352098765432099,0.0,12.177777777777777,WDBC,0.5
70,0.4468641975308642,0.0,12.844444444444443,WDBC,0.5
71,0.4365925925925926,0.0,12.28888888888889,WDBC,0.5
72,0.4432345679012346,0.0,12.877777777777778,WDBC,0.5
73,0.4478765432098766,0.0,12.411111111111111,WDBC,0.5
74,0.43943209876543204,0.0,12.299999999999999,WDBC,0.5
75,0.4393827160493828,0.0,11.988888888888889,WDBC,0.5
76,0.426962962962963,0.0,12.066666666666668,WDBC,0.5
77,0.43602469135802474,0.0,12.433333333333332,WDBC,0.5
78,0.44612345679012355,0.0,12.666666666666666,WDBC,0.5
79,0.4352098765432099,0.0,12.644444444444446,WDBC,0.5
80,0.4326913580246914,0.0,12.266666666666666,WDBC,0.5
81,0.4296543209876544,0.0,12.011111111111111,WDBC,0.5
82,0.443925925925926,0.0,12.677777777777777,WDBC,0.5
83,0.43461728395061733,0.0,12.266666666666666,WDBC,0.5
84,0.43733333333333335,0.0,12.222222222222223,WDBC,0.5
85,0.4352839506172839,0.0,12.166666666666666,WDBC,0.5
86,0.4400493827160494,0.0,12.799999999999999,WDBC,0.5
87,0.44259259259259265,0.0,12.411111111111111,WDBC,0.5
88,0.4448641975308642,0.0,12.677777777777777,WDBC,0.5
89,0.4426172839506173,0.0,12.444444444444445,WDBC,0.5
90,0.4424444444444445,0.0,12.544444444444444,WDBC,0.5
91,0.4385432098765432,0.0,12.21111111111111,WDBC,0.5
92,0.4309876543209876,0.0,12.455555555555556,WDBC,0.5
93,0.4452345679012346,0.0,12.933333333333332,WDBC,0.5
94,0.4376049382716049,0.0,12.566666666666668,WDBC,0.5
95,0.4366913580246914,0.0,12.28888888888889,WDBC,0.5
96,0.44671604938271603,0.0,12.6,WDBC,0.5
97,0.4287407407407407,0.0,12.088888888888889,WDBC,0.5
98,0.43209876543209885,0.0,12.4,WDBC,0.5
99,0.4376543209876543,0.0,12.21111111111111,WDBC,0.5
100,0.44009876543209875,0.0,12.088888888888889,WDBC,0.5
101,0.44456790123456796,0.0,12.722222222222223,WDBC,0.5
102,0.4361234567901235,0.0,12.411111111111111,WDBC,0.5
103,0.43691358024691357,0.0,12.122222222222222,WDBC,0.5
104,0.42730864197530866,0.0,12.0,WDBC,0.5
105,0.4396296296296296,0.0,12.322222222222223,WDBC,0.5
106,0.4446172839506173,0.0,12.388888888888891,WDBC,0.5
107,0.43237037037037035,0.0,12.122222222222222,WDBC,0.5
108,0.43933333333333335,0.0,12.144444444444446,WDBC,0.5
109,0.4394320987654321,0.0,12.722222222222221,WDBC,0.5
110,0.4387407407407407,0.0,12.255555555555555,WDBC,0.5
111,0.4487160493827161,0.0,12.633333333333333,WDBC,0.5
112,0.45148148148148143,0.0,12.922222222222222,WDBC,0.5
113,0.4453333333333334,0.0,12.68888888888889,WDBC,0.5
114,0.4539259259259259,0.0,12.799999999999999,WDBC,0.5
115,0.44750617283950617,0.0,12.97777777777778,WDBC,0.5
116,0.43691358024691357,0.0,12.522222222222224,WDBC,0.5
117,0.4378518518518519,0.0,12.21111111111111,WDBC,0.5
118,0.44251851851851853,0.0,12.622222222222222,WDBC,0.5
119,0.4435802469135803,0.0,12.188888888888888,WDBC,0.5
120,0.4508148148148148,0.0,12.28888888888889,WDBC,0.5
121,0.44217283950617287,0.0,12.333333333333334,WDBC,0.5
122,0.43577777777777776,0.0,12.21111111111111,WDBC,0.5
123,0.44437037037037036,0.0,12.477777777777776,WDBC,0.5
124,0.44479012345679014,0.0,12.311111111111112,WDBC,0.5
125,0.4579012345679012,0.0,12.811111111111112,WDBC,0.5
126,0.4483950617283951,0.0,12.6,WDBC,0.5
127,0.44533333333333336,0.0,12.777777777777779,WDBC,0.5
128,0.4494074074074074,0.0,12.566666666666668,WDBC,0.5
129,0.4423456790123457,0.0,12.455555555555556,WDBC,0.5
130,0.4321975308641975,0.0,12.044444444444444,WDBC,0.5
131,0.4504691358024691,0.0,12.222222222222223,WDBC,0.5
132,0.45222222222222225,0.0,12.877777777777778,WDBC,0.5
133,0.4487160493827161,0.0,12.52222222222222,WDBC,0.5
134,0.4537037037037037,0.0,12.766666666666666,WDBC,0.5
135,0.44659259259259265,0.0,12.566666666666668,WDBC,0.5
136,0.4458765432098766,0.0,12.577777777777778,WDBC,0.5
137,0.4321728395061728,0.0,12.455555555555556,WDBC,0.5
138,0.4405432098765432,0.0,12.28888888888889,WDBC,0.5
139,0.4368888888888889,0.0,12.177777777777777,WDBC,0.5
140,0.4377283950617284,0.0,12.02222222222222,WDBC,0.5
141,0.4330864197530864,0.0,12.044444444444444,WDBC,0.5
142,0.4352839506172839,0.0,11.877777777777778,WDBC,0.5
143,0.43903703703703706,0.0,12.033333333333333,WDBC,0.5
144,0.4366913580246914,0.0,11.911111111111111,WDBC,0.5
145,0.4369382716049383,0.0,12.422222222222222,WDBC,0.5
146,0.4457283950617284,0.0,11.933333333333332,WDBC,0.5
147,0.43851851851851853,0.0,12.0,WDBC,0.5
148,0.4323950617283951,0.0,12.02222222222222,WDBC,0.5
149,0.435679012345679,0.0,12.366666666666667,WDBC,0.5
150,0.43535802469135804,0.0,12.333333333333334,WDBC,0.5
151,0.43358024691358027,0.0,12.02222222222222,WDBC,0.5
152,0.4331604938271605,0.0,12.388888888888888,WDBC,0.5
153,0.4407160493827161,0.0,12.633333333333333,WDBC,0.5
154,0.43523456790123455,0.0,12.188888888888888,WDBC,0.5
155,0.4353086419753087,0.0,11.955555555555556,WDBC,0.5
156,0.44034567901234567,0.0,12.0,WDBC,0.5
157,0.44679012345679014,0.0,12.344444444444443,WDBC,0.5
158,0.4419753086419753,0.0,12.6,WDBC,0.5
159,0.4382716049382716,0.0,12.444444444444445,WDBC,0.5
160,0.4455061728395062,0.0,12.833333333333334,WDBC,0.5
161,0.4464444444444445,0.0,12.477777777777776,WDBC,0.5
162,0.4409382716049383,0.0,12.422222222222222,WDBC,0.5
163,0.4452592592592593,0.0,12.78888888888889,WDBC,0.5
164,0.4343950617283951,0.0,12.21111111111111,WDBC,0.5
165,0.4317530864197532,0.0,12.4,WDBC,0.5
166,0.4514320987654321,0.0,12.544444444444444,WDBC,0.5
167,0.44728395061728404,0.0,12.344444444444443,WDBC,0.5
168,0.4371358024691358,0.0,11.933333333333332,WDBC,0.5
169,0.4375802469135803,0.0,12.511111111111111,WDBC,0.5
170,0.4354814814814815,0.0,12.655555555555557,WDBC,0.5
171,0.4377283950617284,0.0,12.555555555555557,WDBC,0.5
172,0.44995061728395064,0.0,12.811111111111112,WDBC,0.5
173,0.4337777777777778,0.0,12.333333333333334,WDBC,0.5
174,0.4331604938271605,0.0,12.433333333333332,WDBC,0.5
175,0.42590123456790124,0.0,12.188888888888888,WDBC,0.5
176,0.4300740740740741,0.0,12.244444444444445,WDBC,0.5
177,0.4326172839506173,0.0,12.166666666666666,WDBC,0.5
178,0.43059259259259264,0.0,12.077777777777778,WDBC,0.5
179,0.4396790123456791,0.0,12.388888888888891,WDBC,0.5
180,0.4343950617283951,0.0,11.988888888888889,WDBC,0.5
181,0.4367160493827161,0.0,12.21111111111111,WDBC,0.5
182,0.4394074074074074,0.0,12.177777777777777,WDBC,0.5
183,0.4326666666666667,0.0,12.033333333333333,WDBC,0.5
184,0.43202469135802474,0.0,12.011111111111111,WDBC,0.5
185,0.44390123456790126,0.0,12.533333333333333,WDBC,0.5
186,0.4371851851851852,0.0,12.666666666666666,WDBC,0.5
187,0.43506172839506174,0.0,12.511111111111111,WDBC,0.5
188,0.441925925925926,0.0,12.577777777777778,WDBC,0.5
189,0.4411358024691358,0.0,12.511111111111111,WDBC,0.5
190,0.4456296296296296,0.0,12.844444444444443,WDBC,0.5
191,0.4408148148148148,0.0,12.544444444444444,WDBC,0.5
192,0.44130864197530856,0.0,12.833333333333334,WDBC,0.5
193,0.4276543209876544,0.0,12.511111111111111,WDBC,0.5
194,0.4460740740740741,0.0,13.0,WDBC,0.5
195,0.444716049382716,0.0,12.655555555555557,WDBC,0.5
196,0.44651851851851854,0.0,12.422222222222222,WDBC,0.5
197,0.4436296296296296,0.0,12.455555555555556,WDBC,0.5
198,0.43281481481481476,0.0,12.47777777777778,WDBC,0.5
199,0.43913580246913586,0.0,12.144444444444446,WDBC,0.5
200,0.4326172839506173,0.0,12.055555555555557,WDBC,0.5
201,0.43958024691358033,0.0,12.255555555555555,WDBC,0.5
202,0.42671604938271607,0.0,11.799999999999999,WDBC,0.5
203,0.43540740740740747,0.0,12.200000000000001,WDBC,0.5
204,0.43367901234567907,0.011111111111111112,11.955555555555556,WDBC,0.5
205,0.4442716049382716,0.0,12.144444444444446,WDBC,0.5
206,0.4505925925925926,0.0,12.566666666666668,WDBC,0.5
207,0.44706172839506175,0.0,12.6,WDBC,0.5
208,0.45081481481481483,0.0,12.466666666666667,WDBC,0.5
209,0.4447407407407407,0.0,12.177777777777777,WDBC,0.5
210,0.445925925925926,0.0,12.28888888888889,WDBC,0.5
211,0.4408888888888889,0.0,12.422222222222222,WDBC,0.5
212,0.44222222222222224,0.0,12.488888888888889,WDBC,0.5
213,0.43987654320987657,0.0,12.78888888888889,WDBC,0.5
214,0.4436296296296296,0.0,12.344444444444443,WDBC,0.5
215,0.4349382716049383,0.0,12.655555555555557,WDBC,0.5
216,0.4357037037037037,0.0,12.333333333333334,WDBC,0.5
217,0.43896296296296294,0.0,12.333333333333334,WDBC,0.5
218,0.44269135802469145,0.0,12.21111111111111,WDBC,0.5
219,0.4405432098765432,0.0,11.888888888888891,WDBC,0.5
220,0.4417283950617284,0.0,12.422222222222222,WDBC,0.5
221,0.4373827160493828,0.0,12.02222222222222,WDBC,0.5
222,0.43859259259259264,0.0,11.833333333333334,WDBC,0.5
223,0.4410617283950618,0.0,11.966666666666667,WDBC,0.5
224,0.43955555555555553,0.0,12.044444444444444,WDBC,0.5
225,0.43876543209876545,0.0,12.377777777777778,WDBC,0.5
226,0.4464444444444444,0.0,12.544444444444444,WDBC,0.5
227,0.45143209876543205,0.0,12.655555555555557,WDBC,0.5
228,0.44251851851851853,0.0,12.422222222222222,WDBC,0.5
229,0.4434074074074075,0.0,12.533333333333333,WDBC,0.5
230,0.4480493827160494,0.0,12.577777777777778,WDBC,0.5
231,0.4421481481481481,0.0,12.411111111111111,WDBC,0.5
232,0.44303703703703706,0.0,12.766666666666666,WDBC,0.5
233,0.44009876543209875,0.0,12.466666666666667,WDBC,0.5
234,0.4478765432098766,0.0,12.544444444444444,WDBC,0.5
235,0.43775308641975313,0.0,12.47777777777778,WDBC,0.5
236,0.43933333333333335,0.0,12.455555555555556,WDBC,0.5
237,0.42558024691358026,0.0,12.133333333333333,WDBC,0.5
238,0.4287407407407408,0.0,12.044444444444444,WDBC,0.5
239,0.4366666666666667,0.0,12.322222222222223,WDBC,0.5
240,0.4374074074074074,0.0,12.366666666666667,WDBC,0.5
241,0.4368888888888889,0.0,12.533333333333333,WDBC,0.5
242,0.4473827160493828,0.0,12.655555555555557,WDBC,0.5
243,0.44264197530864197,0.0,12.388888888888888,WDBC,0.5
244,0.454,0.0,12.52222222222222,WDBC,0.5
245,0.44422222222222224,0.0,12.411111111111111,WDBC,0.5
246,0.4379753086419753,0.0,12.466666666666669,WDBC,0.5
247,0.4408888888888889,0.0,12.222222222222221,WDBC,0.5
248,0.44790123456790126,0.0,12.177777777777777,WDBC,0.5
249,0.4362469135802469,0.0,12.28888888888889,WDBC,0.5
250,0.4439506172839507,0.0,12.644444444444446,WDBC,0.5
251,0.4361975308641975,0.0,12.088888888888889,WDBC,0.5
252,0.44175308641975314,0.0,12.144444444444446,WDBC,0.5
253,0.4461975308641975,0.0,12.366666666666667,WDBC,0.5
254,0.4416543209876543,0.0,12.277777777777777,WDBC,0.5
255,0.44575308641975314,0.0,12.344444444444443,WDBC,0.5
256,0.4356543209876544,0.0,11.777777777777777,WDBC,0.5
257,0.4531111111111111,0.0,12.344444444444443,WDBC,0.5
258,0.4473086419753087,0.0,12.555555555555557,WDBC,0.5
259,0.4388148148148148,0.0,12.555555555555557,WDBC,0.5
260,0.43935802469135804,0.0,12.4,WDBC,0.5
261,0.4378518518518519,0.0,11.966666666666667,WDBC,0.5
262,0.43649382716049384,0.0,12.133333333333333,WDBC,0.5
263,0.4381481481481482,0.0,12.255555555555555,WDBC,0.5
264,0.43923456790123455,0.0,12.166666666666666,WDBC,0.5
265,0.4377037037037037,0.0,12.299999999999999,WDBC,0.5
266,0.44883950617283946,0.0,12.755555555555555,WDBC,0.5
267,0.4421481481481482,0.0,12.411111111111111,WDBC,0.5
268,0.4375802469135803,0.0,12.311111111111112,WDBC,0.5
269,0.4335555555555555,0.0,12.611111111111109,WDBC,0.5
270,0.42938271604938266,0.0,12.133333333333335,WDBC,0.5
271,0.43834567901234567,0.0,12.344444444444443,WDBC,0.5
272,0.42871604938271607,0.0,11.922222222222222,WDBC,0.5
273,0.4383456790123457,0.0,12.21111111111111,WDBC,0.5
274,0.4346666666666667,0.0,12.377777777777778,WDBC,0.5
275,0.43091358024691356,0.0,11.666666666666666,WDBC,0.5
276,0.43679012345679014,0.0,12.044444444444444,WDBC,0.5
277,0.4429876543209877,0.0,12.366666666666667,WDBC,0.5
278,0.44333333333333336,0.0,12.011111111111111,WDBC,0.5
279,0.443925925925926,0.0,12.077777777777778,WDBC,0.5
280,0.44064197530864196,0.0,12.31111111111111,WDBC,0.5
281,0.44755555555555554,0.0,12.488888888888889,WDBC,0.5
282,0.44634567901234573,0.0,12.811111111111112,WDBC,0.5
283,0.4365432098765433,0.0,12.488888888888889,WDBC,0.5
284,0.4344938271604939,0.0,12.52222222222222,WDBC,0.5
285,0.44461728395061734,0.0,12.322222222222223,WDBC,0.5
286,0.4276543209876544,0.0,11.71111111111111,WDBC,0.5
287,0.444,0.0,11.799999999999999,WDBC,0.5
288,0.4375308641975309,0.0,12.4,WDBC,0.5
289,0.43387654320987656,0.0,12.155555555555557,WDBC,0.5
290,0.4415802469135803,0.0,12.200000000000001,WDBC,0.5
291,0.446320987654321,0.0,12.555555555555555,WDBC,0.5
292,0.43404938271604937,0.0,12.544444444444444,WDBC,0.5
293,0.4340493827160494,0.0,12.366666666666667,WDBC,0.5
294,0.44182716049382725,0.0,12.6,WDBC,0.5
295,0.4320493827160494,0.0,12.133333333333333,WDBC,0.5
296,0.43634567901234567,0.0,12.066666666666668,WDBC,0.5
297,0.4441234567901235,0.0,12.188888888888888,WDBC,0.5
298,0.4452098765432099,0.0,12.700000000000001,WDBC,0.5
299,0.4385432098765432,0.0,12.744444444444445,WDBC,0.5
300,0.4457037037037037,0.0,12.744444444444445,WDBC,0.5
301,0.44108641975308643,0.0,12.4,WDBC,0.5
302,0.43856790123456796,0.0,12.488888888888889,WDBC,0.5
303,0.44382716049382714,0.0,12.655555555555557,WDBC,0.5
304,0.43069135802469133,0.0,12.611111111111112,WDBC,0.5
305,0.4316543209876544,0.0,12.422222222222222,WDBC,0.5
306,0.43832098765432104,0.0,12.888888888888891,WDBC,0.5
307,0.4352098765432099,0.0,12.71111111111111,WDBC,0.5
308,0.44686419753086426,0.0,12.822222222222223,WDBC,0.5
309,0.4384197530864198,0.0,12.733333333333334,WDBC,0.5
310,0.4372839506172839,0.0,12.644444444444446,WDBC,0.5
311,0.4440740740740741,0.0,12.78888888888889,WDBC,0.5
312,0.43590123456790125,0.0,12.822222222222223,WDBC,0.5
313,0.43733333333333335,0.0,12.155555555555557,WDBC,0.5
314,0.4270617283950618,0.0,12.066666666666668,WDBC,0.5
315,0.43790123456790125,0.0,12.055555555555555,WDBC,0.5
316,0.4349876543209876,0.0,12.233333333333334,WDBC,0.5
317,0.4407407407407408,0.0,12.355555555555554,WDBC,0.5
318,0.4409876543209877,0.0,12.377777777777778,WDBC,0.5
319,0.439358024691358,0.0,12.511111111111111,WDBC,0.5
320,0.4393827160493828,0.0,12.366666666666667,WDBC,0.5
321,0.4441481481481482,0.0,12.844444444444443,WDBC,0.5
322,0.44402469135802464,0.0,12.411111111111111,WDBC,0.5
323,0.44456790123456796,0.0,12.47777777777778,WDBC,0.5
324,0.4422716049382716,0.0,12.4,WDBC,0.5
325,0.4488888888888889,0.0,12.688888888888888,WDBC,0.5
326,0.4401481481481482,0.0,12.688888888888888,WDBC,0.5
327,0.4473086419753087,0.0,12.822222222222223,WDBC,0.5
328,0.444320987654321,0.0,12.544444444444444,WDBC,0.5
329,0.4485432098765432,0.0,12.466666666666667,WDBC,0.5
330,0.44276543209876545,0.0,12.844444444444443,WDBC,0.5
331,0.44679012345679014,0.0,12.388888888888891,WDBC,0.5
332,0.43962962962962965,0.0,12.411111111111111,WDBC,0.5
333,0.4441728395061728,0.0,12.411111111111111,WDBC,0.5
334,0.43879012345679014,0.0,12.477777777777776,WDBC,0.5
335,0.4335061728395062,0.0,12.455555555555556,WDBC,0.5
336,0.4331358024691358,0.0,12.6,WDBC,0.5
337,0.4433827160493827,0.0,12.855555555555554,WDBC,0.5
338,0.43995061728395063,0.0,12.577777777777778,WDBC,0.5
339,0.44237037037037036,0.0,12.71111111111111,WDBC,0.5
340,0.43158024691358027,0.0,12.144444444444446,WDBC,0.5
341,0.43212345679012354,0.0,11.944444444444445,WDBC,0.5
342,0.43903703703703706,0.0,12.5,WDBC,0.5
343,0.4384444444444444,0.0,12.566666666666668,WDBC,0.5
344,0.4377037037037037,0.0,12.344444444444443,WDBC,0.5
345,0.43202469135802474,0.0,12.255555555555555,WDBC,0.5
346,0.4499012345679012,0.0,13.122222222222222,WDBC,0.5
347,0.4457283950617284,0.0,12.799999999999999,WDBC,0.5
348,0.4422469135802469,0.0,12.677777777777777,WDBC,0.5
349,0.4508641975308642,0.0,12.933333333333332,WDBC,0.5
350,0.433679012345679,0.0,12.222222222222223,WDBC,0.5
351,0.4473827160493827,0.0,12.811111111111112,WDBC,0.5
352,0.4430864197530864,0.0,12.433333333333332,WDBC,0.5
353,0.44059259259259265,0.0,12.244444444444445,WDBC,0.5
354,0.4483456790123457,0.0,12.911111111111111,WDBC,0.5
355,0.4425432098765432,0.0,12.544444444444444,WDBC,0.5
356,0.43735802469135804,0.0,12.477777777777776,WDBC,0.5
357,0.4438765432098766,0.0,12.52222222222222,WDBC,0.5
358,0.4361234567901235,0.0,12.21111111111111,WDBC,0.5
359,0.43456790123456795,0.0,12.133333333333333,WDBC,0.5
360,0.43908641975308643,0.0,12.544444444444444,WDBC,0.5
361,0.4451358024691358,0.0,12.488888888888889,WDBC,0.5
362,0.43930864197530867,0.0,12.422222222222222,WDBC,0.5
363,0.43879012345679014,0.0,12.166666666666666,WDBC,0.5
364,0.43837037037037035,0.0,12.066666666666668,WDBC,0.5
365,0.4443456790123457,0.0,12.222222222222221,WDBC,0.5
366,0.4344691358024691,0.0,12.333333333333334,WDBC,0.5
367,0.4521481481481482,0.0,12.466666666666667,WDBC,0.5
368,0.440962962962963,0.0,12.366666666666665,WDBC,0.5
369,0.4476049382716049,0.0,12.4,WDBC,0.5
370,0.4424691358024691,0.0,12.6,WDBC,0.5
371,0.43691358024691357,0.0,11.877777777777778,WDBC,0.5
372,0.43637037037037035,0.0,12.144444444444446,WDBC,0.5
373,0.4370370370370371,0.0,12.333333333333334,WDBC,0.5
374,0.4401975308641976,0.0,12.733333333333334,WDBC,0.5
375,0.44560493827160497,0.0,12.411111111111111,WDBC,0.5
376,0.4302716049382717,0.0,12.222222222222221,WDBC,0.5
377,0.43637037037037035,0.0,12.255555555555555,WDBC,0.5
378,0.4474320987654321,0.0,12.588888888888889,WDBC,0.5
379,0.43728395061728403,0.0,12.555555555555555,WDBC,0.5
380,0.4361975308641976,0.0,12.577777777777778,WDBC,0.5
381,0.43283950617283956,0.0,12.200000000000001,WDBC,0.5
382,0.4326172839506173,0.0,12.011111111111111,WDBC,0.5
383,0.44002469135802463,0.0,12.5,WDBC,0.5
384,0.44180246913580246,0.0,12.344444444444443,WDBC,0.5
385,0.43832098765432104,0.0,11.955555555555556,WDBC,0.5
386,0.44009876543209875,0.0,12.488888888888889,WDBC,0.5
387,0.4381234567901235,0.0,12.533333333333333,WDBC,0.5
388,0.44328395061728404,0.0,12.344444444444443,WDBC,0.5
389,0.4354814814814815,0.0,12.011111111111111,WDBC,0.5
390,0.43333333333333335,0.0,12.155555555555557,WDBC,0.5
391,0.4370864197530864,0.0,12.244444444444445,WDBC,0.5
392,0.44795061728395064,0.0,12.533333333333333,WDBC,0.5
393,0.4367407407407408,0.0,12.088888888888889,WDBC,0.5
0,0.3948641975308642,0.0,11.244444444444445,WDBC,1.0
1,0.34683950617283954,0.022222222222222223,10.166666666666666,WDBC,1.0
2,0.33827160493827163,0.06666666666666667,9.822222222222223,WDBC,1.0
3,0.3429876543209877,0.05555555555555555,10.188888888888888,WDBC,1.0
4,0.33392592592592596,0.07777777777777778,10.466666666666667,WDBC,1.0
5,0.333679012345679,0.07777777777777778,10.155555555555557,WDBC,1.0
6,0.32634567901234574,0.07777777777777778,10.299999999999999,WDBC,1.0
7,0.3166913580246914,0.08888888888888889,9.977777777777778,WDBC,1.0
8,0.3249876543209877,0.1111111111111111,10.066666666666668,WDBC,1.0
9,0.3248395061728396,0.08888888888888889,10.088888888888889,WDBC,1.0
10,0.31182716049382725,0.1111111111111111,9.477777777777776,WDBC,1.0
11,0.30844444444444447,0.1111111111111111,10.0,WDBC,1.0
12,0.31960493827160497,0.09999999999999999,9.88888888888889,WDBC,1.0
13,0.3160987654320988,0.06666666666666667,10.02222222222222,WDBC,1.0
14,0.31587654320987657,0.09999999999999999,10.144444444444444,WDBC,1.0
15,0.3288641975308642,0.08888888888888889,10.433333333333332,WDBC,1.0
16,0.3178271604938272,0.08888888888888889,9.933333333333332,WDBC,1.0
17,0.3223456790123457,0.044444444444444446,10.255555555555555,WDBC,1.0
18,0.31908641975308644,0.06666666666666667,10.122222222222222,WDBC,1.0
19,0.3154567901234569,0.05555555555555555,10.0,WDBC,1.0
20,0.3151111111111111,0.06666666666666667,9.688888888888888,WDBC,1.0
21,0.316,0.06666666666666667,10.111111111111112,WDBC,1.0
22,0.3141975308641976,0.08888888888888889,9.988888888888889,WDBC,1.0
23,0.31748148148148153,0.05555555555555555,9.977777777777778,WDBC,1.0
24,0.31545679012345684,0.07777777777777778,9.644444444444444,WDBC,1.0
25,0.3221481481481482,0.05555555555555555,9.855555555555556,WDBC,1.0
26,0.3260987654320988,0.06666666666666667,9.966666666666667,WDBC,1.0
27,0.32543209876543217,0.05555555555555555,9.977777777777778,WDBC,1.0
28,0.33412345679012345,0.06666666666666667,10.4,WDBC,1.0
29,0.3265679012345679,0.07777777777777778,10.311111111111112,WDBC,1.0
30,0.31523456790123455,0.07777777777777778,9.944444444444445,WDBC,1.0
31,0.3175555555555556,0.07777777777777778,9.9,WDBC,1.0
32,0.3200246913580247,0.08888888888888889,9.922222222222222,WDBC,1.0
33,0.31530864197530867,0.07777777777777778,9.977777777777776,WDBC,1.0
34,0.314,0.09999999999999999,9.988888888888889,WDBC,1.0
35,0.3236049382716049,0.09999999999999999,9.955555555555556,WDBC,1.0
36,0.3134567901234568,0.1111111111111111,9.922222222222222,WDBC,1.0
37,0.3058518518518519,0.12222222222222222,9.833333333333334,WDBC,1.0
38,0.31600000000000006,0.1111111111111111,9.911111111111111,WDBC,1.0
39,0.32965432098765435,0.09999999999999999,10.255555555555555,WDBC,1.0
40,0.31960493827160497,0.08888888888888889,9.933333333333332,WDBC,1.0
41,0.3100246913580247,0.08888888888888889,9.911111111111111,WDBC,1.0
42,0.3288641975308642,0.06666666666666667,10.322222222222223,WDBC,1.0
43,0.32340740740740737,0.05555555555555555,10.31111111111111,WDBC,1.0
44,0.3144444444444444,0.07777777777777778,10.1,WDBC,1.0
45,0.318320987654321,0.08888888888888889,10.044444444444444,WDBC,1.0
46,0.32217283950617287,0.07777777777777778,10.155555555555557,WDBC,1.0
47,0.3137283950617284,0.07777777777777778,10.200000000000001,WDBC,1.0
48,0.31933333333333336,0.10000000000000002,9.988888888888889,WDBC,1.0
49,0.32204938271604944,0.09999999999999999,10.366666666666667,WDBC,1.0
50,0.31735802469135804,0.10000000000000002,9.833333333333334,WDBC,1.0
51,0.3129382716049383,0.07777777777777778,9.911111111111111,WDBC,1.0
52,0.3224197530864198,0.08888888888888889,10.28888888888889,WDBC,1.0
53,0.3180246913580247,0.08888888888888889,10.222222222222221,WDBC,1.0
54,0.32316049382716056,0.13333333333333333,10.200000000000001,WDBC,1.0
55,0.315679012345679,0.1111111111111111,10.055555555555555,WDBC,1.0
56,0.31214814814814823,0.12222222222222223,9.88888888888889,WDBC,1.0
57,0.3122222222222223,0.11111111111111112,9.700000000000001,WDBC,1.0
58,0.3155555555555556,0.10000000000000002,9.911111111111111,WDBC,1.0
59,0.307679012345679,0.07777777777777778,9.722222222222223,WDBC,1.0
60,0.3181975308641976,0.08888888888888889,9.9,WDBC,1.0
61,0.3227407407407408,0.08888888888888889,10.166666666666666,WDBC,1.0
62,0.31056790123456796,0.09999999999999999,9.799999999999999,WDBC,1.0
63,0.3170617283950617,0.11111111111111112,9.744444444444445,WDBC,1.0
64,0.315679012345679,0.08888888888888889,9.811111111111112,WDBC,1.0
65,0.3123456790123457,0.09999999999999999,9.844444444444445,WDBC,1.0
66,0.3165185185185186,0.05555555555555556,9.988888888888889,WDBC,1.0
67,0.32019753086419755,0.08888888888888889,10.022222222222224,WDBC,1.0
68,0.3255802469135803,0.07777777777777778,10.200000000000001,WDBC,1.0
69,0.32866666666666666,0.10000000000000002,10.011111111111111,WDBC,1.0
70,0.32977777777777784,0.06666666666666667,10.111111111111112,WDBC,1.0
71,0.32762962962962966,0.09999999999999999,10.18888888888889,WDBC,1.0
72,0.32567901234567903,0.09999999999999999,10.088888888888889,WDBC,1.0
73,0.3218271604938272,0.08888888888888889,10.044444444444444,WDBC,1.0
74,0.31414814814814823,0.12222222222222222,9.833333333333334,WDBC,1.0
75,0.3232345679012346,0.1111111111111111,9.833333333333334,WDBC,1.0
76,0.3178024691358025,0.09999999999999999,9.722222222222223,WDBC,1.0
77,0.3164691358024691,0.08888888888888889,9.855555555555556,WDBC,1.0
78,0.32958024691358023,0.08888888888888889,10.266666666666667,WDBC,1.0
79,0.3194320987654321,0.09999999999999999,10.011111111111111,WDBC,1.0
80,0.3205925925925926,0.07777777777777778,10.088888888888889,WDBC,1.0
81,0.3234567901234568,0.07777777777777778,10.311111111111112,WDBC,1.0
82,0.32476543209876546,0.06666666666666667,10.366666666666667,WDBC,1.0
83,0.3098518518518518,0.08888888888888889,10.011111111111111,WDBC,1.0
84,0.31076543209876545,0.06666666666666667,9.755555555555555,WDBC,1.0
85,0.310320987654321,0.07777777777777778,9.911111111111111,WDBC,1.0
86,0.30822222222222223,0.08888888888888889,9.811111111111112,WDBC,1.0
87,0.3035802469135802,0.08888888888888889,9.988888888888889,WDBC,1.0
88,0.31617283950617286,0.08888888888888889,9.855555555555556,WDBC,1.0
89,0.3168641975308642,0.08888888888888889,9.811111111111112,WDBC,1.0
90,0.3040246913580247,0.11111111111111112,9.588888888888889,WDBC,1.0
91,0.3068395061728395,0.10000000000000002,9.855555555555556,WDBC,1.0
92,0.30219753086419754,0.12222222222222223,9.833333333333334,WDBC,1.0
93,0.3105432098765432,0.12222222222222223,9.966666666666667,WDBC,1.0
94,0.30404938271604937,0.12222222222222223,9.777777777777777,WDBC,1.0
95,0.30429629629629634,0.14444444444444446,9.444444444444445,WDBC,1.0
96,0.31427160493827166,0.13333333333333333,10.111111111111112,WDBC,1.0
97,0.30530864197530866,0.14444444444444446,9.588888888888889,WDBC,1.0
98,0.30649382716049384,0.14444444444444446,9.588888888888889,WDBC,1.0
99,0.3036049382716049,0.14444444444444446,9.488888888888889,WDBC,1.0
100,0.3092098765432099,0.13333333333333333,9.411111111111111,WDBC,1.0
101,0.31422222222222224,0.09999999999999999,9.488888888888889,WDBC,1.0
102,0.31461728395061733,0.08888888888888889,9.466666666666667,WDBC,1.0
103,0.30777777777777776,0.09999999999999999,9.588888888888889,WDBC,1.0
104,0.3067407407407407,0.1111111111111111,9.388888888888888,WDBC,1.0
105,0.32214814814814813,0.08888888888888889,9.722222222222221,WDBC,1.0
106,0.3171111111111111,0.07777777777777778,9.700000000000001,WDBC,1.0
107,0.31896296296296295,0.07777777777777778,9.644444444444444,WDBC,1.0
108,0.31301234567901237,0.08888888888888889,9.700000000000001,WDBC,1.0
109,0.30725925925925934,0.08888888888888889,9.533333333333333,WDBC,1.0
110,0.3157283950617284,0.08888888888888889,9.700000000000001,WDBC,1.0
111,0.317283950617284,0.11111111111111112,9.644444444444444,WDBC,1.0
112,0.31392592592592594,0.12222222222222223,9.733333333333334,WDBC,1.0
113,0.3120740740740741,0.12222222222222223,9.433333333333334,WDBC,1.0
114,0.318246913580247,0.1111111111111111,9.722222222222223,WDBC,1.0
115,0.32096296296296295,0.1111111111111111,9.61111111111111,WDBC,1.0
116,0.3084197530864197,0.11111111111111112,9.722222222222223,WDBC,1.0
117,0.30837037037037035,0.12222222222222223,9.344444444444443,WDBC,1.0
118,0.3093827160493827,0.12222222222222222,9.666666666666666,WDBC,1.0
119,0.3088641975308642,0.12222222222222223,9.766666666666666,WDBC,1.0
120,0.31116049382716054,0.13333333333333333,9.866666666666667,WDBC,1.0
121,0.31743209876543216,0.13333333333333333,9.799999999999999,WDBC,1.0
122,0.3086666666666667,0.1111111111111111,9.744444444444445,WDBC,1.0
123,0.31017283950617286,0.12222222222222223,10.066666666666666,WDBC,1.0
124,0.3004444444444445,0.08888888888888889,9.488888888888889,WDBC,1.0
125,0.3121728395061729,0.11111111111111112,9.566666666666666,WDBC,1.0
126,0.30590123456790125,0.13333333333333333,9.833333333333334,WDBC,1.0
127,0.30832098765432103,0.11111111111111112,9.677777777777777,WDBC,1.0
128,0.31279012345679014,0.11111111111111112,10.11111111111111,WDBC,1.0
129,0.3040740740740741,0.11111111111111112,9.81111111111111,WDBC,1.0
130,0.3081234567901235,0.08888888888888889,9.722222222222221,WDBC,1.0
131,0.31802469135802475,0.08888888888888889,9.88888888888889,WDBC,1.0
132,0.31239506172839504,0.11111111111111112,9.933333333333332,WDBC,1.0
133,0.3053827160493828,0.10000000000000002,9.6,WDBC,1.0
134,0.30330864197530866,0.10000000000000002,9.799999999999999,WDBC,1.0
135,0.307679012345679,0.08888888888888889,9.677777777777777,WDBC,1.0
136,0.31518518518518523,0.11111111111111112,9.61111111111111,WDBC,1.0
137,0.31422222222222224,0.11111111111111112,9.688888888888888,WDBC,1.0
138,0.3160740740740741,0.11111111111111112,9.877777777777778,WDBC,1.0
139,0.31170370370370376,0.08888888888888889,9.822222222222221,WDBC,1.0
140,0.30777777777777776,0.07777777777777778,9.588888888888889,WDBC,1.0
141,0.31918518518518524,0.09999999999999999,9.922222222222222,WDBC,1.0
142,0.31049382716049384,0.09999999999999999,9.655555555555557,WDBC,1.0
143,0.31777777777777777,0.08888888888888889,9.68888888888889,WDBC,1.0
144,0.3062716049382716,0.10000000000000002,9.577777777777778,WDBC,1.0
145,0.3120740740740741,0.11111111111111112,9.877777777777778,WDBC,1.0
146,0.3028395061728395,0.12222222222222223,9.877777777777778,WDBC,1.0
147,0.309679012345679,0.12222222222222223,9.733333333333333,WDBC,1.0
148,0.30646913580246915,0.12222222222222223,9.822222222222221,WDBC,1.0
149,0.3107160493827161,0.10000000000000002,9.888888888888888,WDBC,1.0
150,0.31143209876543215,0.06666666666666667,9.78888888888889,WDBC,1.0
151,0.32165432098765434,0.07777777777777778,10.077777777777778,WDBC,1.0
152,0.311283950617284,0.06666666666666667,9.988888888888889,WDBC,1.0
153,0.3213086419753087,0.09999999999999999,9.944444444444445,WDBC,1.0
154,0.32160493827160497,0.08888888888888889,9.922222222222222,WDBC,1.0
155,0.3046172839506173,0.09999999999999999,9.655555555555557,WDBC,1.0
156,0.31202469135802474,0.08888888888888889,9.700000000000001,WDBC,1.0
157,0.31674074074074077,0.09999999999999999,9.933333333333332,WDBC,1.0
158,0.32219753086419756,0.09999999999999999,9.988888888888889,WDBC,1.0
159,0.3177777777777778,0.08888888888888889,10.044444444444444,WDBC,1.0
160,0.3097777777777778,0.09999999999999999,9.6,WDBC,1.0
161,0.30817283950617286,0.10000000000000002,9.655555555555555,WDBC,1.0
162,0.31819753086419755,0.11111111111111112,9.722222222222221,WDBC,1.0
163,0.319283950617284,0.10000000000000002,10.055555555555555,WDBC,1.0
164,0.31488888888888894,0.10000000000000002,9.877777777777778,WDBC,1.0
165,0.3069876543209876,0.1111111111111111,9.855555555555556,WDBC,1.0
166,0.31217283950617286,0.11111111111111112,9.855555555555556,WDBC,1.0
167,0.30654320987654327,0.11111111111111112,9.47777777777778,WDBC,1.0
168,0.31992592592592595,0.10000000000000002,9.988888888888889,WDBC,1.0
169,0.31474074074074077,0.08888888888888889,9.633333333333333,WDBC,1.0
170,0.31387654320987657,0.08888888888888889,9.822222222222223,WDBC,1.0
171,0.3119506172839506,0.07777777777777778,10.0,WDBC,1.0
172,0.3172592592592593,0.08888888888888889,9.922222222222222,WDBC,1.0
173,0.30666666666666664,0.07777777777777778,9.866666666666667,WDBC,1.0
174,0.31703703703703706,0.08888888888888889,9.955555555555556,WDBC,1.0
175,0.3155802469135802,0.09999999999999999,9.922222222222222,WDBC,1.0
176,0.3167160493827161,0.07777777777777778,9.966666666666667,WDBC,1.0
177,0.3189876543209877,0.07777777777777778,9.966666666666667,WDBC,1.0
178,0.3225679012345679,0.09999999999999999,10.0,WDBC,1.0
179,0.31817283950617287,0.08888888888888889,9.844444444444445,WDBC,1.0
180,0.31004938271604937,0.09999999999999999,9.366666666666667,WDBC,1.0
181,0.3132592592592593,0.08888888888888889,9.544444444444444,WDBC,1.0
182,0.3083456790123457,0.09999999999999999,9.688888888888888,WDBC,1.0
183,0.3010864197530864,0.12222222222222222,9.71111111111111,WDBC,1.0
184,0.3079753086419753,0.12222222222222222,9.633333333333335,WDBC,1.0
185,0.310246913580247,0.1111111111111111,9.655555555555557,WDBC,1.0
186,0.3072345679012346,0.12222222222222222,9.677777777777777,WDBC,1.0
187,0.32019753086419755,0.08888888888888889,9.71111111111111,WDBC,1.0
188,0.31723456790123455,0.06666666666666667,9.622222222222222,WDBC,1.0
189,0.3083703703703704,0.09999999999999999,9.566666666666666,WDBC,1.0
190,0.31237037037037035,0.07777777777777778,9.633333333333333,WDBC,1.0
191,0.31372839506172845,0.07777777777777778,9.71111111111111,WDBC,1.0
192,0.3161234567901235,0.08888888888888889,9.677777777777777,WDBC,1.0
193,0.31395061728395063,0.1111111111111111,9.9,WDBC,1.0
194,0.316246913580247,0.07777777777777778,10.0,WDBC,1.0
195,0.31143209876543204,0.09999999999999999,9.522222222222222,WDBC,1.0
196,0.3114320987654321,0.09999999999999999,9.566666666666668,WDBC,1.0
197,0.30649382716049384,0.09999999999999999,9.544444444444444,WDBC,1.0
198,0.31392592592592594,0.08888888888888889,9.511111111111111,WDBC,1.0
199,0.31066666666666665,0.08888888888888889,9.466666666666667,WDBC,1.0
200,0.3094814814814815,0.1111111111111111,9.577777777777778,WDBC,1.0
201,0.31696296296296295,0.07777777777777778,9.5,WDBC,1.0
202,0.3091111111111111,0.08888888888888889,9.700000000000001,WDBC,1.0
203,0.30592592592592593,0.08888888888888889,9.666666666666666,WDBC,1.0
204,0.3126913580246914,0.1111111111111111,9.644444444444444,WDBC,1.0
205,0.3108888888888889,0.07777777777777778,9.855555555555556,WDBC,1.0
206,0.3098518518518519,0.09999999999999999,9.944444444444445,WDBC,1.0
207,0.3109135802469136,0.09999999999999999,9.688888888888888,WDBC,1.0
208,0.3085679012345679,0.08888888888888889,9.811111111111112,WDBC,1.0
209,0.3095308641975309,0.07777777777777778,9.822222222222223,WDBC,1.0
210,0.31770370370370365,0.08888888888888889,9.855555555555554,WDBC,1.0
211,0.3049876543209877,0.09999999999999999,9.733333333333333,WDBC,1.0
212,0.3115308641975309,0.11111111111111112,9.722222222222221,WDBC,1.0
213,0.30185185185185187,0.07777777777777778,9.655555555555557,WDBC,1.0
214,0.30950617283950616,0.08888888888888889,9.455555555555556,WDBC,1.0
215,0.30641975308641983,0.08888888888888889,9.799999999999999,WDBC,1.0
216,0.3077777777777779,0.07777777777777778,9.522222222222222,WDBC,1.0
217,0.3115555555555556,0.10000000000000002,9.511111111111111,WDBC,1.0
218,0.3008641975308642,0.10000000000000002,9.21111111111111,WDBC,1.0
219,0.3148395061728395,0.08888888888888889,9.677777777777779,WDBC,1.0
220,0.3071851851851852,0.1111111111111111,9.366666666666667,WDBC,1.0
221,0.29827160493827165,0.12222222222222222,9.355555555555556,WDBC,1.0
222,0.3194074074074074,0.08888888888888889,9.644444444444444,WDBC,1.0
223,0.3083456790123457,0.09999999999999999,9.555555555555555,WDBC,1.0
224,0.3154814814814815,0.05555555555555555,9.433333333333332,WDBC,1.0
225,0.31703703703703706,0.05555555555555555,9.555555555555555,WDBC,1.0
226,0.31116049382716054,0.08888888888888889,9.577777777777778,WDBC,1.0
227,0.3098271604938272,0.1111111111111111,9.355555555555556,WDBC,1.0
228,0.3114074074074074,0.08888888888888889,9.266666666666667,WDBC,1.0
229,0.3066666666666667,0.07777777777777778,9.533333333333333,WDBC,1.0
230,0.31449382716049384,0.09999999999999999,9.544444444444444,WDBC,1.0
231,0.29851851851851857,0.08888888888888889,9.6,WDBC,1.0
232,0.309679012345679,0.06666666666666667,9.888888888888888,WDBC,1.0
233,0.30362962962962964,0.05555555555555555,9.722222222222221,WDBC,1.0
234,0.31679012345679014,0.08888888888888889,9.6,WDBC,1.0
235,0.30891358024691357,0.1111111111111111,9.588888888888889,WDBC,1.0
236,0.31143209876543204,0.08888888888888889,9.611111111111112,WDBC,1.0
237,0.30839506172839504,0.08888888888888889,9.555555555555555,WDBC,1.0
238,0.30876543209876545,0.09999999999999999,9.944444444444445,WDBC,1.0
239,0.30743209876543215,0.08888888888888889,9.766666666666666,WDBC,1.0
240,0.314320987654321,0.07777777777777778,9.666666666666666,WDBC,1.0
241,0.3012098765432099,0.09999999999999999,9.411111111111111,WDBC,1.0
242,0.31158024691358027,0.07777777777777778,9.566666666666666,WDBC,1.0
243,0.30372839506172844,0.08888888888888889,9.522222222222222,WDBC,1.0
244,0.3023456790123457,0.09999999999999999,9.655555555555557,WDBC,1.0
245,0.31227160493827166,0.08888888888888889,9.544444444444444,WDBC,1.0
246,0.30367901234567907,0.07777777777777778,9.38888888888889,WDBC,1.0
247,0.31639506172839504,0.08888888888888889,9.555555555555555,WDBC,1.0
248,0.3183950617283951,0.07777777777777778,9.344444444444443,WDBC,1.0
249,0.31165432098765433,0.08888888888888889,9.466666666666667,WDBC,1.0
250,0.3225432098765433,0.11111111111111112,9.855555555555556,WDBC,1.0
251,0.3049135802469136,0.11111111111111112,9.700000000000001,WDBC,1.0
252,0.3147901234567902,0.10000000000000002,9.566666666666666,WDBC,1.0
253,0.3126913580246914,0.12222222222222223,9.777777777777779,WDBC,1.0
254,0.3029876543209877,0.12222222222222223,9.344444444444443,WDBC,1.0
255,0.30476543209876544,0.10000000000000002,9.5,WDBC,1.0
256,0.30607407407407405,0.11111111111111112,9.355555555555556,WDBC,1.0
257,0.30777777777777776,0.07777777777777778,9.5,WDBC,1.0
258,0.3107160493827161,0.09999999999999999,9.666666666666666,WDBC,1.0
259,0.31125925925925935,0.07777777777777778,9.488888888888889,WDBC,1.0
260,0.31069135802469133,0.09999999999999999,9.744444444444445,WDBC,1.0
261,0.30888888888888894,0.11111111111111112,9.688888888888888,WDBC,1.0
262,0.3123950617283951,0.09999999999999999,9.622222222222222,WDBC,1.0
263,0.30970370370370376,0.1111111111111111,9.522222222222222,WDBC,1.0
264,0.3072098765432099,0.12222222222222222,9.133333333333333,WDBC,1.0
265,0.32027160493827167,0.1111111111111111,9.477777777777778,WDBC,1.0
266,0.31762962962962965,0.12222222222222223,9.733333333333334,WDBC,1.0
267,0.31758024691358033,0.13333333333333333,9.466666666666667,WDBC,1.0
268,0.3127901234567902,0.13333333333333333,9.622222222222222,WDBC,1.0
269,0.310888888888889,0.12222222222222223,9.411111111111111,WDBC,1.0
270,0.30306172839506174,0.15555555555555556,9.466666666666667,WDBC,1.0
271,0.310246913580247,0.13333333333333333,9.655555555555557,WDBC,1.0
272,0.3075555555555556,0.13333333333333333,9.555555555555555,WDBC,1.0
273,0.30975308641975313,0.13333333333333333,9.81111111111111,WDBC,1.0
274,0.313679012345679,0.11111111111111112,9.955555555555556,WDBC,1.0
275,0.31706172839506175,0.11111111111111112,9.677777777777777,WDBC,1.0
276,0.31296296296296294,0.13333333333333333,9.766666666666667,WDBC,1.0
277,0.318,0.11111111111111112,9.477777777777778,WDBC,1.0
278,0.3147901234567902,0.13333333333333333,9.47777777777778,WDBC,1.0
279,0.315679012345679,0.1111111111111111,9.655555555555557,WDBC,1.0
280,0.31269135802469145,0.13333333333333333,9.733333333333334,WDBC,1.0
281,0.3190617283950618,0.08888888888888889,9.933333333333334,WDBC,1.0
282,0.3157777777777779,0.08888888888888889,9.78888888888889,WDBC,1.0
283,0.31197530864197537,0.12222222222222223,10.011111111111111,WDBC,1.0
284,0.310641975308642,0.09999999999999999,9.633333333333333,WDBC,1.0
285,0.302320987654321,0.09999999999999999,9.911111111111111,WDBC,1.0
286,0.2986666666666667,0.1111111111111111,9.666666666666666,WDBC,1.0
287,0.30617283950617286,0.12222222222222223,9.511111111111111,WDBC,1.0
288,0.3070617283950618,0.12222222222222223,9.622222222222222,WDBC,1.0
289,0.2998765432098766,0.13333333333333333,9.588888888888889,WDBC,1.0
290,0.3128148148148148,0.12222222222222223,9.811111111111112,WDBC,1.0
291,0.3068148148148148,0.09999999999999999,9.755555555555555,WDBC,1.0
292,0.3093827160493828,0.12222222222222223,9.88888888888889,WDBC,1.0
293,0.30762962962962964,0.13333333333333333,9.922222222222222,WDBC,1.0
294,0.3153333333333333,0.1111111111111111,9.944444444444445,WDBC,1.0
295,0.3054074074074074,0.12222222222222223,9.877777777777778,WDBC,1.0
296,0.30916049382716054,0.13333333333333333,9.522222222222224,WDBC,1.0
297,0.3095308641975309,0.1111111111111111,9.644444444444446,WDBC,1.0
298,0.30370370370370364,0.1111111111111111,9.444444444444445,WDBC,1.0
299,0.3138518518518519,0.11111111111111112,9.9,WDBC,1.0
300,0.30511111111111117,0.13333333333333333,9.677777777777777,WDBC,1.0
301,0.3061234567901235,0.11111111111111112,9.622222222222222,WDBC,1.0
302,0.31316049382716055,0.12222222222222223,9.477777777777778,WDBC,1.0
303,0.31037037037037035,0.08888888888888889,9.977777777777778,WDBC,1.0
304,0.31335802469135804,0.11111111111111112,9.677777777777777,WDBC,1.0
305,0.30560493827160495,0.11111111111111112,9.811111111111112,WDBC,1.0
306,0.3052592592592593,0.12222222222222223,9.722222222222221,WDBC,1.0
307,0.30404938271604937,0.08888888888888889,9.511111111111111,WDBC,1.0
308,0.31296296296296294,0.09999999999999999,9.633333333333333,WDBC,1.0
309,0.3017283950617284,0.1111111111111111,9.555555555555555,WDBC,1.0
310,0.31172839506172845,0.09999999999999999,9.677777777777777,WDBC,1.0
311,0.30350617283950615,0.09999999999999999,9.577777777777778,WDBC,1.0
312,0.3023456790123457,0.08888888888888889,9.766666666666667,WDBC,1.0
313,0.3048148148148148,0.09999999999999999,9.322222222222223,WDBC,1.0
314,0.29076543209876543,0.13333333333333333,9.444444444444445,WDBC,1.0
315,0.3048641975308642,0.12222222222222223,9.544444444444444,WDBC,1.0
316,0.29758024691358026,0.1111111111111111,9.555555555555555,WDBC,1.0
317,0.29730864197530865,0.13333333333333333,9.411111111111111,WDBC,1.0
318,0.30017283950617285,0.1111111111111111,9.855555555555556,WDBC,1.0
319,0.30725925925925923,0.09999999999999999,9.799999999999999,WDBC,1.0
320,0.30276543209876544,0.11111111111111112,9.311111111111112,WDBC,1.0
321,0.30170370370370375,0.1111111111111111,9.433333333333334,WDBC,1.0
322,0.3090617283950618,0.10000000000000002,9.522222222222222,WDBC,1.0
323,0.29748148148148146,0.09999999999999999,9.555555555555555,WDBC,1.0
324,0.30069135802469144,0.11111111111111112,9.577777777777778,WDBC,1.0
325,0.3006666666666667,0.11111111111111112,9.5,WDBC,1.0
326,0.30876543209876545,0.08888888888888889,9.766666666666667,WDBC,1.0
327,0.3174567901234568,0.06666666666666667,9.655555555555557,WDBC,1.0
328,0.31101234567901237,0.07777777777777778,9.6,WDBC,1.0
329,0.30962962962962964,0.08888888888888889,9.422222222222222,WDBC,1.0
330,0.3063950617283951,0.08888888888888889,9.633333333333333,WDBC,1.0
331,0.3018765432098765,0.09999999999999999,9.333333333333334,WDBC,1.0
332,0.29743209876543214,0.11111111111111112,9.244444444444445,WDBC,1.0
333,0.3000740740740741,0.13333333333333333,9.455555555555556,WDBC,1.0
334,0.30790123456790125,0.08888888888888889,9.533333333333333,WDBC,1.0
335,0.3084197530864197,0.1111111111111111,9.655555555555557,WDBC,1.0
336,0.306,0.09999999999999999,9.477777777777778,WDBC,1.0
337,0.31530864197530867,0.09999999999999999,9.71111111111111,WDBC,1.0
338,0.3118024691358025,0.12222222222222223,9.6,WDBC,1.0
339,0.31034567901234567,0.1111111111111111,9.344444444444445,WDBC,1.0
340,0.30962962962962964,0.1111111111111111,9.533333333333333,WDBC,1.0
341,0.31061728395061733,0.08888888888888889,9.555555555555555,WDBC,1.0
342,0.304641975308642,0.12222222222222222,9.466666666666667,WDBC,1.0
343,0.3154074074074074,0.09999999999999999,9.666666666666666,WDBC,1.0
344,0.30587654320987656,0.08888888888888889,9.688888888888888,WDBC,1.0
345,0.30417283950617285,0.09999999999999999,9.566666666666666,WDBC,1.0
346,0.3148148148148148,0.08888888888888889,9.844444444444443,WDBC,1.0
347,0.29760493827160495,0.12222222222222223,9.655555555555555,WDBC,1.0
348,0.2959506172839506,0.09999999999999999,9.444444444444445,WDBC,1.0
349,0.31200000000000006,0.06666666666666667,9.555555555555555,WDBC,1.0
350,0.2938271604938272,0.07777777777777778,9.422222222222222,WDBC,1.0
351,0.3069876543209877,0.09999999999999999,9.255555555555555,WDBC,1.0
352,0.30454320987654326,0.09999999999999999,9.222222222222221,WDBC,1.0
353,0.3065432098765432,0.09999999999999999,9.5,WDBC,1.0
354,0.30711111111111117,0.1111111111111111,9.777777777777777,WDBC,1.0
355,0.3131111111111111,0.11111111111111112,9.411111111111111,WDBC,1.0
356,0.31649382716049385,0.07777777777777778,9.6,WDBC,1.0
357,0.3125925925925926,0.08888888888888889,9.355555555555556,WDBC,1.0
358,0.3063456790123457,0.1111111111111111,9.255555555555555,WDBC,1.0
359,0.3075555555555556,0.13333333333333333,9.222222222222223,WDBC,1.0
360,0.30200000000000005,0.12222222222222223,9.655555555555557,WDBC,1.0
361,0.30592592592592593,0.13333333333333333,9.222222222222223,WDBC,1.0
362,0.30916049382716054,0.12222222222222222,9.722222222222223,WDBC,1.0
363,0.308888888888889,0.12222222222222223,9.444444444444445,WDBC,1.0
364,0.2966666666666667,0.12222222222222222,9.5,WDBC,1.0
365,0.30859259259259264,0.12222222222222223,9.4,WDBC,1.0
366,0.31212345679012343,0.11111111111111112,10.122222222222222,WDBC,1.0
367,0.30775308641975313,0.12222222222222223,9.333333333333334,WDBC,1.0
368,0.3003703703703704,0.09999999999999999,9.522222222222222,WDBC,1.0
369,0.3078518518518519,0.08888888888888889,9.666666666666666,WDBC,1.0
370,0.3003456790123457,0.13333333333333333,9.644444444444444,WDBC,1.0
371,0.3045925925925926,0.09999999999999999,9.622222222222222,WDBC,1.0
372,0.3106913580246914,0.13333333333333333,9.877777777777778,WDBC,1.0
373,0.3175308641975309,0.12222222222222223,9.866666666666667,WDBC,1.0
374,0.3148148148148148,0.13333333333333333,9.755555555555555,WDBC,1.0
375,0.30965432098765433,0.09999999999999999,9.722222222222221,WDBC,1.0
376,0.3130864197530865,0.08888888888888889,9.755555555555555,WDBC,1.0
377,0.31158024691358027,0.07777777777777778,10.055555555555555,WDBC,1.0
378,0.3078518518518519,0.09999999999999999,9.799999999999999,WDBC,1.0
379,0.3123456790123457,0.08888888888888889,10.266666666666666,WDBC,1.0
380,0.3149382716049383,0.11111111111111112,9.78888888888889,WDBC,1.0
381,0.3137777777777778,0.13333333333333333,9.777777777777777,WDBC,1.0
382,0.30918518518518523,0.13333333333333333,10.0,WDBC,1.0
383,0.3170123456790124,0.09999999999999999,9.855555555555556,WDBC,1.0
384,0.3118024691358025,0.1111111111111111,9.488888888888889,WDBC,1.0
385,0.31592592592592594,0.11111111111111112,9.766666666666666,WDBC,1.0
386,0.3148888888888889,0.1111111111111111,9.655555555555557,WDBC,1.0
387,0.3202962962962963,0.09999999999999999,9.911111111111111,WDBC,1.0
388,0.3209876543209877,0.09999999999999999,9.733333333333334,WDBC,1.0
389,0.31743209876543216,0.12222222222222223,9.71111111111111,WDBC,1.0
390,0.32051851851851854,0.12222222222222223,9.633333333333333,WDBC,1.0
391,0.3048641975308642,0.13333333333333333,9.766666666666666,WDBC,1.0
392,0.3187160493827161,0.08888888888888889,9.822222222222223,WDBC,1.0
393,0.3028148148148148,0.11111111111111112,9.88888888888889,WDBC,1.0
0,0.48112037037037036,0.0,1001.8333333333334,ColonCancer,0.0
1,0.48376111111111114,0.0,1001.7222222222223,ColonCancer,0.0
2,0.48357,0.0,997.5666666666666,ColonCancer,0.0
3,0.4835022222222222,0.0,1001.2444444444445,ColonCancer,0.0
4,0.4831959259259259,0.0,1000.1222222222223,ColonCancer,0.0
5,0.4830922222222222,0.0,1001.7888888888889,ColonCancer,0.0
6,0.48303740740740747,0.0,1002.6555555555556,ColonCancer,0.0
7,0.48298851851851854,0.0,998.9666666666667,ColonCancer,0.0
8,0.48354518518518513,0.0,996.4,ColonCancer,0.0
9,0.48288888888888887,0.0,998.5777777777779,ColonCancer,0.0
10,0.4836196296296296,0.0,1000.0111111111111,ColonCancer,0.0
11,0.4835496296296296,0.0,996.9555555555556,ColonCancer,0.0
12,0.4832829629629629,0.0,1003.4444444444445,ColonCancer,0.0
13,0.483092962962963,0.0,1000.7888888888889,ColonCancer,0.0
14,0.48350000000000004,0.0,996.1111111111112,ColonCancer,0.0
15,0.4828922222222222,0.0,998.8111111111111,ColonCancer,0.0
16,0.48335,0.0,994.6333333333333,ColonCancer,0.0
17,0.4836548148148148,0.0,1000.0,ColonCancer,0.0
18,0.483497037037037,0.0,1000.5777777777779,ColonCancer,0.0
19,0.4836681481481482,0.0,999.5333333333333,ColonCancer,0.0
20,0.48371777777777775,0.0,1002.3333333333334,ColonCancer,0.0
21,0.48337925925925923,0.0,1001.3555555555555,ColonCancer,0.0
22,0.4839155555555556,0.0,1004.4,ColonCancer,0.0
23,0.48401740740740745,0.0,1003.1666666666666,ColonCancer,0.0
24,0.483187037037037,0.0,1000.7222222222222,ColonCancer,0.0
25,0.48354333333333327,0.0,1001.0111111111111,ColonCancer,0.0
26,0.48324518518518517,0.0,998.6444444444445,ColonCancer,0.0
27,0.48401259259259266,0.0,1000.6,ColonCancer,0.0
28,0.48378407407407403,0.0,1003.3000000000001,ColonCancer,0.0
29,0.48351296296296303,0.0,1001.3666666666667,ColonCancer,0.0
30,0.4829940740740741,0.0,997.8888888888888,ColonCancer,0.0
31,0.48309814814814817,0.0,1000.3444444444444,ColonCancer,0.0
32,0.48357074074074075,0.0,997.4111111111112,ColonCancer,0.0
33,0.4831122222222222,0.0,999.9888888888889,ColonCancer,0.0
34,0.48349037037037035,0.0,998.3555555555555,ColonCancer,0.0
35,0.4830625925925926,0.0,998.6333333333333,ColonCancer,0.0
36,0.4829748148148148,0.0,997.6666666666666,ColonCancer,0.0
37,0.4833992592592593,0.0,1002.4,ColonCancer,0.0
38,0.4831140740740741,0.0,998.0888888888888,ColonCancer,0.0
39,0.48307407407407404,0.0,999.2666666666668,ColonCancer,0.0
40,0.4836248148148148,0.0,994.3222222222222,ColonCancer,0.0
41,0.48274518518518517,0.0,1001.9555555555556,ColonCancer,0.0
42,0.48382148148148146,0.0,1002.9111111111112,ColonCancer,0.0
43,0.4835259259259259,0.0,1001.8000000000001,ColonCancer,0.0
44,0.4832874074074074,0.0,998.9333333333334,ColonCancer,0.0
45,0.48296370370370373,0.0,997.8222222222222,ColonCancer,0.0
46,0.4834318518518519,0.0,993.8666666666667,ColonCancer,0.0
47,0.48372444444444446,0.0,997.4,ColonCancer,0.0
48,0.483487037037037,0.0,997.6333333333333,ColonCancer,0.0
49,0.4839125925925926,0.0,999.0666666666666,ColonCancer,0.0
50,0.48348592592592593,0.0,998.9111111111112,ColonCancer,0.0
51,0.4831255555555556,0.0,1000.5222222222222,ColonCancer,0.0
52,0.48381,0.0,996.9666666666667,ColonCancer,0.0
53,0.48363481481481485,0.0,998.4,ColonCancer,0.0
54,0.4837922222222222,0.0,994.9666666666667,ColonCancer,0.0
55,0.4833881481481481,0.0,993.0444444444444,ColonCancer,0.0
56,0.4833070370370371,0.0,996.9888888888889,ColonCancer,0.0
57,0.48345407407407404,0.0,995.4666666666667,ColonCancer,0.0
58,0.48295333333333335,0.0,993.2222222222223,ColonCancer,0.0
59,0.4833237037037037,0.0,994.7777777777778,ColonCancer,0.0
60,0.4834333333333334,0.0,999.8222222222222,ColonCancer,0.0
61,0.4832644444444445,0.0,998.5111111111111,ColonCancer,0.0
62,0.4833544444444445,0.0,996.7444444444445,ColonCancer,0.0
63,0.4836118518518518,0.0,997.3111111111111,ColonCancer,0.0
64,0.48374185185185187,0.0,998.0333333333333,ColonCancer,0.0
65,0.48380666666666666,0.0,997.3555555555555,ColonCancer,0.0
66,0.48338777777777775,0.0,997.9444444444445,ColonCancer,0.0
67,0.4833248148148148,0.0,999.1444444444445,ColonCancer,0.0
68,0.48348407407407407,0.0,999.4777777777778,ColonCancer,0.0
69,0.4835977777777778,0.0,997.5333333333333,ColonCancer,0.0
70,0.483422962962963,0.0,997.3333333333334,ColonCancer,0.0
71,0.4831574074074074,0.0,995.7888888888889,ColonCancer,0.0
72,0.483747037037037,0.0,995.8555555555555,ColonCancer,0.0
73,0.4838185185185185,0.0,997.7333333333332,ColonCancer,0.0
74,0.48345518518518515,0.0,998.2777777777778,ColonCancer,0.0
75,0.4835144444444445,0.0,997.9,ColonCancer,0.0
76,0.4835188888888889,0.0,997.3888888888888,ColonCancer,0.0
77,0.4837777777777778,0.0,998.911111111111,ColonCancer,0.0
78,0.4831977777777778,0.0,1002.0,ColonCancer,0.0
79,0.48332629629629625,0.0,999.1888888888889,ColonCancer,0.0
80,0.4835429629629629,0.0,1003.5333333333333,ColonCancer,0.0
81,0.48318037037037037,0.0,999.6555555555556,ColonCancer,0.0
82,0.4828603703703704,0.0,999.4777777777778,ColonCancer,0.0
83,0.4832311111111111,0.0,998.8444444444444,ColonCancer,0.0
84,0.48356333333333335,0.0,997.8555555555555,ColonCancer,0.0
85,0.4834514814814815,0.0,996.7000000000002,ColonCancer,0.0
86,0.4833733333333334,0.0,997.888888888889,ColonCancer,0.0
87,0.4836062962962963,0.0,1001.8555555555555,ColonCancer,0.0
88,0.48316555555555557,0.0,996.4555555555556,ColonCancer,0.0
89,0.4828655555555555,0.0,999.6999999999999,ColonCancer,0.0
90,0.48303888888888885,0.0,1002.0111111111111,ColonCancer,0.0
91,0.483544074074074,0.0,1001.5444444444444,ColonCancer,0.0
92,0.48351000000000005,0.0,1000.9,ColonCancer,0.0
93,0.4834837037037037,0.0,999.1555555555556,ColonCancer,0.0
94,0.4832288888888889,0.0,1000.6888888888889,ColonCancer,0.0
95,0.4831488888888889,0.0,1002.1777777777778,ColonCancer,0.0
96,0.4831277777777778,0.0,999.9,ColonCancer,0.0
97,0.48270703703703705,0.0,999.4111111111112,ColonCancer,0.0
98,0.4834159259259259,0.0,999.1,ColonCancer,0.0
99,0.48349740740740743,0.0,1000.5222222222222,ColonCancer,0.0
100,0.4833962962962963,0.0,999.7111111111111,ColonCancer,0.0
101,0.48394888888888893,0.0,999.4222222222221,ColonCancer,0.0
102,0.48356148148148154,0.0,997.5111111111111,ColonCancer,0.0
103,0.48330629629629634,0.0,1000.0333333333333,ColonCancer,0.0
104,0.4836196296296296,0.0,1000.5222222222222,ColonCancer,0.0
105,0.48316555555555557,0.0,999.3222222222222,ColonCancer,0.0
106,0.48318,0.0,1001.1333333333333,ColonCancer,0.0
107,0.4829411111111111,0.0,997.2777777777777,ColonCancer,0.0
108,0.4825311111111111,0.0,1003.2666666666668,ColonCancer,0.0
109,0.4835614814814815,0.0,999.7333333333332,ColonCancer,0.0
110,0.48355703703703706,0.0,1003.8666666666667,ColonCancer,0.0
111,0.48328518518518515,0.0,1002.5333333333333,ColonCancer,0.0
112,0.4832459259259259,0.0,1003.7333333333332,ColonCancer,0.0
113,0.48347,0.0,1001.8555555555555,ColonCancer,0.0
114,0.48310111111111115,0.0,1001.9222222222223,ColonCancer,0.0
115,0.4835188888888889,0.0,1000.5888888888888,ColonCancer,0.0
116,0.48346925925925927,0.0,1001.4777777777778,ColonCancer,0.0
117,0.4831351851851851,0.0,1001.4111111111112,ColonCancer,0.0
118,0.4835770370370371,0.0,998.5555555555557,ColonCancer,0.0
119,0.48339444444444446,0.0,1000.8111111111111,ColonCancer,0.0
120,0.4834218518518519,0.0,1002.3222222222222,ColonCancer,0.0
121,0.48336851851851853,0.0,999.7222222222222,ColonCancer,0.0
122,0.48358555555555555,0.0,1003.1444444444445,ColonCancer,0.0
123,0.48348703703703705,0.0,1000.3000000000001,ColonCancer,0.0
124,0.48329370370370367,0.0,1002.1444444444445,ColonCancer,0.0
125,0.4829385185185185,0.0,1002.1999999999999,ColonCancer,0.0
126,0.4834922222222222,0.0,1001.0111111111111,ColonCancer,0.0
127,0.4833377777777778,0.0,1000.8000000000001,ColonCancer,0.0
128,0.4837440740740741,0.0,1001.8111111111111,ColonCancer,0.0
129,0.4837829629629629,0.0,999.1555555555556,ColonCancer,0.0
130,0.4836988888888889,0.0,1000.7222222222222,ColonCancer,0.0
131,0.48303629629629624,0.0,1005.9333333333334,ColonCancer,0.0
132,0.4830785185185185,0.0,996.5555555555555,ColonCancer,0.0
133,0.4830274074074074,0.0,1002.9777777777778,ColonCancer,0.0
134,0.48321185185185184,0.0,996.4444444444445,ColonCancer,0.0
135,0.48327518518518514,0.0,1006.8777777777777,ColonCancer,0.0
136,0.4830548148148148,0.0,1002.7333333333332,ColonCancer,0.0
137,0.4831370370370371,0.0,998.6888888888889,ColonCancer,0.0
138,0.4833718518518519,0.0,998.6666666666666,ColonCancer,0.0
139,0.4831555555555555,0.0,1000.0,ColonCancer,0.0
140,0.4834766666666666,0.0,1001.5444444444444,ColonCancer,0.0
141,0.4832085185185185,0.0,1003.4333333333334,ColonCancer,0.0
142,0.4830496296296296,0.0,1005.5333333333333,ColonCancer,0.0
143,0.4831996296296297,0.0,1003.4777777777778,ColonCancer,0.0
144,0.48283000000000004,0.0,999.5,ColonCancer,0.0
145,0.4833066666666667,0.0,1005.1111111111112,ColonCancer,0.0
146,0.4829218518518519,0.0,1001.8333333333334,ColonCancer,0.0
147,0.48314000000000007,0.0,1001.3555555555555,ColonCancer,0.0
148,0.4831018518518519,0.0,1003.1,ColonCancer,0.0
149,0.48372037037037036,0.0,1003.2777777777778,ColonCancer,0.0
150,0.4833025925925926,0.0,1003.5444444444444,ColonCancer,0.0
151,0.4829737037037037,0.0,998.3000000000001,ColonCancer,0.0
152,0.48320370370370364,0.0,1001.1111111111112,ColonCancer,0.0
153,0.48325148148148145,0.0,1001.5888888888888,ColonCancer,0.0
154,0.48386666666666667,0.0,1003.5777777777777,ColonCancer,0.0
155,0.4833433333333333,0.0,1000.4777777777778,ColonCancer,0.0
156,0.4835455555555556,0.0,1002.0111111111111,ColonCancer,0.0
157,0.4835285185185185,0.0,1004.1888888888889,ColonCancer,0.0
158,0.4832796296296296,0.0,1003.9888888888889,ColonCancer,0.0
159,0.48292814814814816,0.0,996.3555555555555,ColonCancer,0.0
160,0.48317629629629627,0.0,998.9333333333334,ColonCancer,0.0
161,0.4835066666666667,0.0,1000.8444444444444,ColonCancer,0.0
162,0.4829792592592593,0.0,995.2666666666668,ColonCancer,0.0
163,0.4830859259259259,0.0,1000.4666666666667,ColonCancer,0.0
164,0.48316703703703706,0.0,998.2333333333332,ColonCancer,0.0
165,0.48364222222222225,0.0,999.0222222222222,ColonCancer,0.0
166,0.4833251851851852,0.0,998.0888888888888,ColonCancer,0.0
167,0.48311074074074073,0.0,999.5888888888888,ColonCancer,0.0
168,0.4830074074074074,0.0,1000.3111111111111,ColonCancer,0.0
169,0.48363,0.0,1002.411111111111,ColonCancer,0.0
170,0.48340037037037037,0.0,998.1444444444445,ColonCancer,0.0
171,0.48310000000000003,0.0,997.6444444444445,ColonCancer,0.0
172,0.4834218518518518,0.0,997.7222222222222,ColonCancer,0.0
173,0.4838766666666667,0.0,1002.6333333333333,ColonCancer,0.0
174,0.4835344444444445,0.0,999.7222222222222,ColonCancer,0.0
175,0.4834614814814815,0.0,999.7555555555555,ColonCancer,0.0
176,0.48306185185185185,0.0,998.6999999999999,ColonCancer,0.0
177,0.48329666666666665,0.0,1001.3888888888888,ColonCancer,0.0
178,0.4832140740740741,0.0,999.4222222222221,ColonCancer,0.0
179,0.4832351851851852,0.0,1000.6111111111112,ColonCancer,0.0
180,0.4837237037037037,0.0,1002.2666666666668,ColonCancer,0.0
181,0.4829825925925926,0.0,999.3000000000001,ColonCancer,0.0
182,0.4832637037037037,0.0,1002.0666666666666,ColonCancer,0.0
183,0.4831918518518519,0.0,997.5111111111111,ColonCancer,0.0
184,0.48320592592592587,0.0,997.1777777777778,ColonCancer,0.0
185,0.4838492592592593,0.0,1000.8333333333334,ColonCancer,0.0
186,0.4834266666666666,0.0,1001.9777777777778,ColonCancer,0.0
187,0.4838744444444445,0.0,1000.1888888888889,ColonCancer,0.0
188,0.4831788888888889,0.0,997.2555555555556,ColonCancer,0.0
189,0.48352666666666666,0.0,1003.4222222222221,ColonCancer,0.0
190,0.48346703703703703,0.0,1001.3222222222222,ColonCancer,0.0
191,0.4837044444444445,0.0,999.5333333333334,ColonCancer,0.0
192,0.4829981481481482,0.0,997.9666666666667,ColonCancer,0.0
193,0.48317370370370377,0.0,998.0555555555555,ColonCancer,0.0
194,0.48341259259259256,0.0,998.8222222222222,ColonCancer,0.0
195,0.4835055555555556,0.0,998.2333333333332,ColonCancer,0.0
196,0.4833503703703704,0.0,998.8000000000001,ColonCancer,0.0
197,0.4831396296296296,0.0,996.5888888888888,ColonCancer,0.0
198,0.4828225925925926,0.0,995.8333333333334,ColonCancer,0.0
199,0.4827707407407407,0.0,999.3000000000001,ColonCancer,0.0
200,0.4830244444444445,0.0,996.3555555555555,ColonCancer,0.0
201,0.4832314814814815,0.0,999.8555555555555,ColonCancer,0.0
202,0.4827551851851852,0.0,999.8111111111111,ColonCancer,0.0
203,0.4832085185185185,0.0,999.7888888888889,ColonCancer,0.0
204,0.4834281481481481,0.0,999.2888888888889,ColonCancer,0.0
205,0.4834322222222222,0.0,997.5888888888888,ColonCancer,0.0
206,0.4832033333333334,0.0,997.3222222222222,ColonCancer,0.0
207,0.48348037037037034,0.0,1002.9,ColonCancer,0.0
208,0.48329814814814814,0.0,998.4555555555556,ColonCancer,0.0
209,0.4836174074074074,0.0,999.0777777777779,ColonCancer,0.0
210,0.48326296296296295,0.0,999.4666666666667,ColonCancer,0.0
211,0.48269370370370374,0.0,1000.4555555555556,ColonCancer,0.0
212,0.4833544444444445,0.0,1000.2333333333332,ColonCancer,0.0
213,0.48313333333333336,0.0,999.2444444444445,ColonCancer,0.0
214,0.4831133333333333,0.0,998.1333333333333,ColonCancer,0.0
215,0.48353518518518523,0.0,997.0555555555555,ColonCancer,0.0
216,0.48338333333333333,0.0,998.611111111111,ColonCancer,0.0
217,0.4838496296296296,0.0,999.0222222222222,ColonCancer,0.0
218,0.4836792592592593,0.0,1000.888888888889,ColonCancer,0.0
219,0.48349703703703706,0.0,999.3777777777777,ColonCancer,0.0
220,0.48360037037037035,0.0,999.0555555555557,ColonCancer,0.0
221,0.48316222222222227,0.0,998.3333333333334,ColonCancer,0.0
222,0.4834718518518519,0.0,998.2444444444445,ColonCancer,0.0
223,0.48355703703703706,0.0,998.8000000000001,ColonCancer,0.0
224,0.4832577777777778,0.0,1000.088888888889,ColonCancer,0.0
225,0.4827755555555555,0.0,997.4666666666667,ColonCancer,0.0
226,0.4829451851851852,0.0,997.4444444444445,ColonCancer,0.0
227,0.48323185185185186,0.0,1002.1555555555556,ColonCancer,0.0
228,0.4832296296296297,0.0,999.111111111111,ColonCancer,0.0
229,0.48298185185185183,0.0,1001.5222222222222,ColonCancer,0.0
230,0.4831940740740741,0.0,1003.6444444444445,ColonCancer,0.0
231,0.48270555555555555,0.0,998.3666666666667,ColonCancer,0.0
232,0.4831722222222223,0.0,1000.8111111111111,ColonCancer,0.0
233,0.4832259259259259,0.0,998.8222222222222,ColonCancer,0.0
234,0.4832785185185185,0.0,999.1999999999999,ColonCancer,0.0
235,0.48291111111111107,0.0,1002.3333333333334,ColonCancer,0.0
236,0.4830703703703703,0.0,999.8666666666667,ColonCancer,0.0
237,0.48296592592592597,0.0,1001.8222222222222,ColonCancer,0.0
238,0.4835466666666666,0.0,1001.9111111111112,ColonCancer,0.0
239,0.4834185185185185,0.0,1003.6888888888889,ColonCancer,0.0
240,0.4832492592592592,0.0,999.388888888889,ColonCancer,0.0
241,0.48318925925925926,0.0,998.5888888888888,ColonCancer,0.0
242,0.4829359259259259,0.0,996.5444444444444,ColonCancer,0.0
243,0.48375814814814816,0.0,995.6999999999999,ColonCancer,0.0
244,0.48362037037037037,0.0,996.5444444444444,ColonCancer,0.0
245,0.4832422222222223,0.0,997.8444444444444,ColonCancer,0.0
246,0.48312629629629633,0.0,999.3666666666667,ColonCancer,0.0
247,0.4830581481481482,0.0,998.4555555555556,ColonCancer,0.0
248,0.48345037037037036,0.0,998.9333333333334,ColonCancer,0.0
249,0.48329222222222223,0.0,1001.2777777777778,ColonCancer,0.0
250,0.4833877777777778,0.0,997.611111111111,ColonCancer,0.0
251,0.48350481481481483,0.0,1000.9,ColonCancer,0.0
252,0.4831748148148148,0.0,1002.0,ColonCancer,0.0
253,0.4830788888888889,0.0,999.4777777777778,ColonCancer,0.0
254,0.4833544444444445,0.0,1002.8333333333334,ColonCancer,0.0
255,0.48336703703703704,0.0,1000.0777777777779,ColonCancer,0.0
256,0.48320740740740736,0.0,1004.1111111111112,ColonCancer,0.0
257,0.48305,0.0,1002.3444444444444,ColonCancer,0.0
258,0.48304629629629625,0.0,1003.0111111111111,ColonCancer,0.0
259,0.48283555555555563,0.0,1002.4,ColonCancer,0.0
260,0.4829048148148149,0.0,1000.7222222222223,ColonCancer,0.0
261,0.4829833333333333,0.0,1002.2111111111111,ColonCancer,0.0
262,0.4825877777777778,0.0,999.1666666666666,ColonCancer,0.0
263,0.48262629629629633,0.0,998.6777777777778,ColonCancer,0.0
264,0.48280666666666666,0.0,1000.7555555555555,ColonCancer,0.0
265,0.48296074074074075,0.0,999.6888888888889,ColonCancer,0.0
266,0.4832074074074075,0.0,1002.4888888888889,ColonCancer,0.0
267,0.4833551851851852,0.0,1000.3444444444444,ColonCancer,0.0
268,0.48348777777777774,0.0,1000.0111111111111,ColonCancer,0.0
269,0.48340851851851857,0.0,999.9888888888889,ColonCancer,0.0
270,0.4832707407407408,0.0,1002.5,ColonCancer,0.0
271,0.4830422222222222,0.0,998.8222222222222,ColonCancer,0.0
272,0.48297999999999996,0.0,998.4,ColonCancer,0.0
273,0.48279037037037037,0.0,998.6,ColonCancer,0.0
274,0.48322074074074073,0.0,999.4888888888889,ColonCancer,0.0
275,0.48283259259259265,0.0,999.6222222222223,ColonCancer,0.0
276,0.4828262962962963,0.0,997.8777777777777,ColonCancer,0.0
277,0.4825851851851852,0.0,999.3333333333334,ColonCancer,0.0
278,0.4826796296296296,0.0,1002.1222222222223,ColonCancer,0.0
279,0.4828711111111111,0.0,1003.0888888888888,ColonCancer,0.0
280,0.48282962962962966,0.0,997.1777777777778,ColonCancer,0.0
281,0.4827477777777778,0.0,999.8555555555555,ColonCancer,0.0
282,0.48286518518518523,0.0,1002.2222222222222,ColonCancer,0.0
283,0.4830355555555555,0.0,998.7777777777778,ColonCancer,0.0
284,0.48297259259259256,0.0,1000.8222222222222,ColonCancer,0.0
285,0.4828374074074074,0.0,997.7222222222222,ColonCancer,0.0
286,0.4825633333333333,0.0,999.2777777777777,ColonCancer,0.0
287,0.48266074074074067,0.0,997.4222222222221,ColonCancer,0.0
288,0.4829185185185185,0.0,999.1999999999999,ColonCancer,0.0
289,0.4830640740740741,0.0,995.1444444444445,ColonCancer,0.0
290,0.48262592592592596,0.0,998.2444444444444,ColonCancer,0.0
291,0.482847037037037,0.0,996.4333333333334,ColonCancer,0.0
292,0.4832885185185185,0.0,994.4111111111112,ColonCancer,0.0
293,0.4836822222222222,0.0,995.6888888888889,ColonCancer,0.0
294,0.4836622222222222,0.0,998.3555555555555,ColonCancer,0.0
295,0.4836807407407407,0.0,994.2666666666668,ColonCancer,0.0
296,0.4836114814814814,0.0,997.9888888888889,ColonCancer,0.0
297,0.48378814814814813,0.0,992.7333333333332,ColonCancer,0.0
298,0.4829492592592593,0.0,998.7888888888889,ColonCancer,0.0
299,0.48306000000000004,0.0,998.2888888888889,ColonCancer,0.0
300,0.48294925925925924,0.0,999.8111111111111,ColonCancer,0.0
301,0.4832259259259259,0.0,999.6,ColonCancer,0.0
302,0.48298703703703705,0.0,995.8555555555555,ColonCancer,0.0
303,0.48312888888888894,0.0,1001.3111111111111,ColonCancer,0.0
304,0.48331407407407406,0.0,994.5111111111111,ColonCancer,0.0
305,0.48296370370370373,0.0,999.7111111111111,ColonCancer,0.0
306,0.48281407407407406,0.0,996.5333333333333,ColonCancer,0.0
307,0.4825607407407408,0.0,999.6222222222223,ColonCancer,0.0
308,0.4832222222222222,0.0,995.3777777777777,ColonCancer,0.0
309,0.483177037037037,0.0,994.0444444444444,ColonCancer,0.0
310,0.48323740740740745,0.0,994.9444444444443,ColonCancer,0.0
311,0.48297000000000007,0.0,993.3000000000001,ColonCancer,0.0
312,0.4832418518518519,0.0,994.8555555555555,ColonCancer,0.0
313,0.4835359259259259,0.0,998.5888888888888,ColonCancer,0.0
314,0.4837133333333334,0.0,999.2222222222223,ColonCancer,0.0
315,0.48363,0.0,997.9888888888889,ColonCancer,0.0
316,0.4836062962962963,0.0,999.5666666666666,ColonCancer,0.0
317,0.4834381481481482,0.0,997.8777777777777,ColonCancer,0.0
318,0.48345,0.0,999.0777777777777,ColonCancer,0.0
319,0.48355037037037035,0.0,996.3555555555555,ColonCancer,0.0
320,0.4833914814814815,0.0,998.9666666666667,ColonCancer,0.0
321,0.4836766666666667,0.0,999.6777777777778,ColonCancer,0.0
322,0.48379222222222223,0.0,999.588888888889,ColonCancer,0.0
323,0.4839440740740741,0.0,996.9888888888889,ColonCancer,0.0
324,0.4836622222222222,0.0,997.0,ColonCancer,0.0
325,0.48342333333333337,0.0,997.7666666666668,ColonCancer,0.0
326,0.48336,0.0,997.4,ColonCancer,0.0
327,0.48349111111111115,0.0,996.4666666666667,ColonCancer,0.0
328,0.4833237037037037,0.0,995.5111111111111,ColonCancer,0.0
329,0.48337518518518524,0.0,999.3444444444444,ColonCancer,0.0
330,0.48368777777777777,0.0,999.4555555555556,ColonCancer,0.0
331,0.4835418518518518,0.0,1000.3666666666667,ColonCancer,0.0
332,0.4834307407407407,0.0,999.6555555555556,ColonCancer,0.0
333,0.4834311111111111,0.0,998.1111111111112,ColonCancer,0.0
334,0.483217037037037,0.0,996.4444444444443,ColonCancer,0.0
335,0.4837285185185185,0.0,998.588888888889,ColonCancer,0.0
336,0.48365481481481476,0.0,997.6666666666666,ColonCancer,0.0
337,0.48382555555555556,0.0,995.1,ColonCancer,0.0
338,0.4832018518518519,0.0,997.1888888888889,ColonCancer,0.0
339,0.4837403703703704,0.0,998.0333333333333,ColonCancer,0.0
340,0.4834511111111111,0.0,998.5333333333333,ColonCancer,0.0
341,0.48336333333333337,0.0,999.3222222222222,ColonCancer,0.0
342,0.4835770370370371,0.0,997.5333333333333,ColonCancer,0.0
343,0.4834740740740741,0.0,998.6,ColonCancer,0.0
344,0.4838762962962963,0.0,997.4,ColonCancer,0.0
345,0.48364074074074076,0.0,998.4222222222223,ColonCancer,0.0
346,0.48366703703703706,0.0,1001.6555555555556,ColonCancer,0.0
347,0.4833174074074074,0.0,999.1222222222223,ColonCancer,0.0
348,0.48337888888888886,0.0,999.7222222222222,ColonCancer,0.0
349,0.48378148148148153,0.0,1001.1111111111112,ColonCancer,0.0
350,0.48320074074074076,0.0,998.6222222222223,ColonCancer,0.0
351,0.4833181481481481,0.0,999.5,ColonCancer,0.0
352,0.4838737037037037,0.0,1001.0555555555557,ColonCancer,0.0
353,0.48369222222222225,0.0,998.7444444444444,ColonCancer,0.0
354,0.4833237037037037,0.0,1000.3111111111111,ColonCancer,0.0
355,0.4831588888888889,0.0,999.3222222222222,ColonCancer,0.0
356,0.4835655555555556,0.0,999.1222222222223,ColonCancer,0.0
357,0.483372962962963,0.0,1000.8555555555555,ColonCancer,0.0
358,0.4832707407407408,0.0,997.388888888889,ColonCancer,0.0
359,0.48335333333333336,0.0,1000.0222222222222,ColonCancer,0.0
360,0.48329333333333335,0.0,1000.2222222222223,ColonCancer,0.0
361,0.48357777777777783,0.0,999.3111111111111,ColonCancer,0.0
362,0.4837822222222223,0.0,1001.2222222222222,ColonCancer,0.0
363,0.48343444444444444,0.0,998.7222222222223,ColonCancer,0.0
364,0.4834081481481481,0.0,996.111111111111,ColonCancer,0.0
365,0.4834585185185185,0.0,1004.2666666666668,ColonCancer,0.0
366,0.4830814814814815,0.0,999.0888888888888,ColonCancer,0.0
367,0.4826196296296296,0.0,1000.3666666666667,ColonCancer,0.0
368,0.48305444444444445,0.0,999.1444444444445,ColonCancer,0.0
369,0.4834259259259259,0.0,1002.5111111111111,ColonCancer,0.0
370,0.4836366666666667,0.0,997.4777777777778,ColonCancer,0.0
371,0.4834962962962963,0.0,1003.4444444444445,ColonCancer,0.0
372,0.48376703703703705,0.0,1000.3000000000001,ColonCancer,0.0
373,0.4833659259259259,0.0,1000.7333333333332,ColonCancer,0.0
374,0.4834574074074074,0.0,999.4555555555556,ColonCancer,0.0
375,0.48332851851851855,0.0,999.5666666666666,ColonCancer,0.0
376,0.4833885185185185,0.0,1003.4777777777778,ColonCancer,0.0
377,0.48342555555555555,0.0,999.7666666666668,ColonCancer,0.0
378,0.48357888888888895,0.0,1000.8555555555555,ColonCancer,0.0
379,0.4832922222222222,0.0,998.8555555555555,ColonCancer,0.0
380,0.48301518518518516,0.0,1002.1222222222223,ColonCancer,0.0
381,0.4833822222222222,0.0,999.9555555555556,ColonCancer,0.0
382,0.4834866666666667,0.0,1002.3111111111111,ColonCancer,0.0
383,0.48353,0.0,1000.1888888888889,ColonCancer,0.0
384,0.4830551851851852,0.0,1001.0111111111111,ColonCancer,0.0
385,0.48360296296296296,0.0,998.1555555555556,ColonCancer,0.0
386,0.4834681481481482,0.0,1001.3555555555555,ColonCancer,0.0
387,0.48355481481481477,0.0,996.7111111111111,ColonCancer,0.0
388,0.4834051851851851,0.0,1004.6222222222223,ColonCancer,0.0
389,0.4835992592592593,0.0,997.9555555555556,ColonCancer,0.0
390,0.482937037037037,0.0,999.8000000000001,ColonCancer,0.0
391,0.4831392592592592,0.0,999.3333333333334,ColonCancer,0.0
392,0.48263629629629623,0.0,1000.9333333333334,ColonCancer,0.0
393,0.48293074074074077,0.0,999.388888888889,ColonCancer,0.0
0,0.4186903703703704,0.00016666666666666666,651.3777777777777,ColonCancer,0.5
1,0.4022003703703703,0.00016666666666666666,599.0111111111111,ColonCancer,0.5
2,0.3977577777777777,0.00016666666666666666,587.0,ColonCancer,0.5
3,0.39799481481481475,0.0003333333333333333,588.2222222222223,ColonCancer,0.5
4,0.39669777777777776,0.0,583.6666666666666,ColonCancer,0.5
5,0.39513740740740744,0.0,578.9,ColonCancer,0.5
6,0.3943959259259259,0.00016666666666666666,578.0333333333334,ColonCancer,0.5
7,0.39702777777777776,0.00016666666666666666,585.5444444444444,ColonCancer,0.5
8,0.3938774074074074,0.0,577.4555555555556,ColonCancer,0.5
9,0.39277629629629623,0.0,575.0666666666667,ColonCancer,0.5
10,0.39320666666666665,0.0,576.8222222222222,ColonCancer,0.5
11,0.39431074074074074,0.00016666666666666666,578.7666666666667,ColonCancer,0.5
12,0.3926648148148148,0.00016666666666666666,574.0555555555555,ColonCancer,0.5
13,0.3929914814814815,0.00016666666666666666,575.3444444444444,ColonCancer,0.5
14,0.39196518518518514,0.0,573.2222222222222,ColonCancer,0.5
15,0.392414074074074,0.0,574.6888888888889,ColonCancer,0.5
16,0.3933311111111111,0.0,576.4,ColonCancer,0.5
17,0.39231,0.0,574.9222222222222,ColonCancer,0.5
18,0.3906174074074074,0.0,570.2555555555556,ColonCancer,0.5
19,0.3900896296296296,0.0,568.5111111111111,ColonCancer,0.5
20,0.3903266666666667,0.0,570.6,ColonCancer,0.5
21,0.39111333333333337,0.00016666666666666666,571.6888888888889,ColonCancer,0.5
22,0.39168851851851844,0.0,571.0111111111111,ColonCancer,0.5
23,0.38998185185185186,0.0,568.6333333333333,ColonCancer,0.5
24,0.39081407407407404,0.0,570.8000000000001,ColonCancer,0.5
25,0.3904851851851852,0.0,569.2222222222222,ColonCancer,0.5
26,0.38962333333333327,0.0,567.3888888888889,ColonCancer,0.5
27,0.3904214814814815,0.00016666666666666666,568.5111111111111,ColonCancer,0.5
28,0.39057111111111104,0.0,569.1777777777778,ColonCancer,0.5
29,0.39177259259259256,0.0003333333333333333,572.7777777777778,ColonCancer,0.5
30,0.3912881481481481,0.0,571.8222222222222,ColonCancer,0.5
31,0.39028333333333326,0.0003333333333333333,569.7666666666667,ColonCancer,0.5
32,0.3901407407407407,0.0,570.0888888888888,ColonCancer,0.5
33,0.3891125925925926,0.0,567.8000000000001,ColonCancer,0.5
34,0.39005185185185187,0.0,569.0444444444444,ColonCancer,0.5
35,0.3896311111111111,0.0,567.8888888888888,ColonCancer,0.5
36,0.39062148148148146,0.0005,570.5333333333333,ColonCancer,0.5
37,0.3914518518518519,0.0,572.6444444444445,ColonCancer,0.5
38,0.39110259259259256,0.0,570.3666666666667,ColonCancer,0.5
39,0.3909796296296297,0.0,571.8555555555555,ColonCancer,0.5
40,0.3928503703703703,0.0,575.2444444444444,ColonCancer,0.5
41,0.3912748148148148,0.0003333333333333333,571.6,ColonCancer,0.5
42,0.3909740740740741,0.00016666666666666666,571.2222222222222,ColonCancer,0.5
43,0.39090703703703705,0.00016666666666666666,570.8777777777777,ColonCancer,0.5
44,0.3894311111111111,0.0,567.7555555555556,ColonCancer,0.5
45,0.39110111111111107,0.00016666666666666666,571.1444444444445,ColonCancer,0.5
46,0.3903285185185185,0.00016666666666666666,569.3444444444444,ColonCancer,0.5
47,0.39062777777777774,0.00016666666666666666,569.9444444444445,ColonCancer,0.5
48,0.38969370370370365,0.0,567.4333333333333,ColonCancer,0.5
49,0.3892744444444444,0.0003333333333333333,566.5444444444444,ColonCancer,0.5
50,0.39162777777777774,0.00016666666666666666,571.3888888888888,ColonCancer,0.5
51,0.38918259259259264,0.00016666666666666666,567.6777777777778,ColonCancer,0.5
52,0.39004,0.0,568.6,ColonCancer,0.5
53,0.39076518518518516,0.0,570.4,ColonCancer,0.5
54,0.39047814814814813,0.00016666666666666666,569.1222222222223,ColonCancer,0.5
55,0.39167148148148145,0.0,573.0111111111111,ColonCancer,0.5
56,0.3911603703703704,0.0003333333333333333,572.3444444444444,ColonCancer,0.5
57,0.39012481481481487,0.00016666666666666666,568.6999999999999,ColonCancer,0.5
58,0.38946185185185184,0.00016666666666666666,567.0777777777778,ColonCancer,0.5
59,0.39162222222222215,0.0,572.6666666666666,ColonCancer,0.5
60,0.3915525925925926,0.0,571.9777777777778,ColonCancer,0.5
61,0.3898,0.0,567.8222222222222,ColonCancer,0.5
62,0.3893103703703704,0.0003333333333333333,567.1333333333333,ColonCancer,0.5
63,0.3890325925925926,0.0,567.0444444444444,ColonCancer,0.5
64,0.38835,0.0,563.5222222222222,ColonCancer,0.5
65,0.3890781481481482,0.00016666666666666666,566.5444444444444,ColonCancer,0.5
66,0.3885755555555555,0.00016666666666666666,565.6,ColonCancer,0.5
67,0.38957296296296295,0.0003333333333333333,566.8111111111111,ColonCancer,0.5
68,0.38905962962962964,0.0005,565.8111111111111,ColonCancer,0.5
69,0.389894074074074,0.0,568.4666666666667,ColonCancer,0.5
70,0.3905251851851852,0.0,570.5777777777779,ColonCancer,0.5
71,0.39019000000000004,0.0,568.5888888888888,ColonCancer,0.5
72,0.389727037037037,0.0,569.1666666666666,ColonCancer,0.5
73,0.3899633333333334,0.00016666666666666666,569.5888888888888,ColonCancer,0.5
74,0.38950259259259257,0.0003333333333333333,566.9666666666667,ColonCancer,0.5
75,0.38911222222222225,0.0,566.2555555555556,ColonCancer,0.5
76,0.39008444444444446,0.0,568.7555555555556,ColonCancer,0.5
77,0.3910311111111111,0.0003333333333333333,571.0,ColonCancer,0.5
78,0.39175185185185185,0.00016666666666666666,572.8444444444444,ColonCancer,0.5
79,0.3907777777777777,0.00016666666666666666,569.5777777777777,ColonCancer,0.5
80,0.3897422222222222,0.0,568.2222222222222,ColonCancer,0.5
81,0.39019111111111116,0.0,568.5333333333333,ColonCancer,0.5
82,0.39013111111111115,0.0,567.6444444444445,ColonCancer,0.5
83,0.3910911111111111,0.0003333333333333333,570.2888888888889,ColonCancer,0.5
84,0.3903518518518518,0.0,569.9777777777778,ColonCancer,0.5
85,0.389017037037037,0.0,565.2222222222222,ColonCancer,0.5
86,0.3921344444444444,0.0,572.6333333333333,ColonCancer,0.5
87,0.3901022222222223,0.0,567.6666666666666,ColonCancer,0.5
88,0.39145259259259263,0.00016666666666666666,572.1999999999999,ColonCancer,0.5
89,0.38968555555555556,0.00016666666666666666,568.5222222222222,ColonCancer,0.5
90,0.39053037037037036,0.0,570.5111111111111,ColonCancer,0.5
91,0.39100370370370374,0.0,570.9333333333333,ColonCancer,0.5
92,0.3898333333333333,0.0,568.0444444444445,ColonCancer,0.5
93,0.3897888888888889,0.0003333333333333333,567.9333333333333,ColonCancer,0.5
94,0.38863740740740743,0.00016666666666666666,565.2555555555556,ColonCancer,0.5
95,0.3890614814814815,0.00016666666666666666,567.3333333333334,ColonCancer,0.5
96,0.3893081481481482,0.0003333333333333333,568.0,ColonCancer,0.5
97,0.3892911111111111,0.0,567.1777777777778,ColonCancer,0.5
98,0.3907277777777778,0.00016666666666666666,570.6999999999999,ColonCancer,0.5
99,0.3897840740740741,0.0003333333333333333,567.9666666666667,ColonCancer,0.5
100,0.3902807407407407,0.00016666666666666666,569.3111111111111,ColonCancer,0.5
101,0.38983444444444443,0.0,568.0333333333333,ColonCancer,0.5
102,0.3893292592592592,0.0,567.0555555555555,ColonCancer,0.5
103,0.3895618518518518,0.0,567.6333333333333,ColonCancer,0.5
104,0.39167407407407406,0.0,571.9777777777778,ColonCancer,0.5
105,0.38953814814814813,0.0,567.6999999999999,ColonCancer,0.5
106,0.38905925925925927,0.0,566.1111111111111,ColonCancer,0.5
107,0.3895737037037037,0.0,566.4555555555556,ColonCancer,0.5
108,0.39009481481481484,0.00016666666666666666,568.3333333333334,ColonCancer,0.5
109,0.3904622222222222,0.0,569.1333333333333,ColonCancer,0.5
110,0.38957555555555556,0.0,568.0,ColonCancer,0.5
111,0.3901233333333334,0.0,568.9222222222223,ColonCancer,0.5
112,0.38793888888888883,0.0,563.8555555555555,ColonCancer,0.5
113,0.38990037037037034,0.00016666666666666666,568.3666666666667,ColonCancer,0.5
114,0.38881111111111105,0.00016666666666666666,566.6666666666666,ColonCancer,0.5
115,0.3901877777777778,0.0,568.5,ColonCancer,0.5
116,0.389725925925926,0.0,568.5777777777777,ColonCancer,0.5
117,0.39134962962962966,0.0,572.0444444444444,ColonCancer,0.5
118,0.39076037037037037,0.00016666666666666666,571.0111111111111,ColonCancer,0.5
119,0.39026999999999995,0.00016666666666666666,569.2777777777777,ColonCancer,0.5
120,0.3892544444444444,0.0,567.4333333333333,ColonCancer,0.5
121,0.3894414814814815,0.0,567.4222222222222,ColonCancer,0.5
122,0.3889603703703704,0.0,566.1666666666666,ColonCancer,0.5
123,0.38981592592592595,0.00016666666666666666,568.5888888888888,ColonCancer,0.5
124,0.39057370370370376,0.0,569.3000000000001,ColonCancer,0.5
125,0.38887999999999995,0.0,566.0888888888888,ColonCancer,0.5
126,0.3900925925925926,0.0,567.9555555555556,ColonCancer,0.5
127,0.38923555555555556,0.0,567.4444444444445,ColonCancer,0.5
128,0.3881948148148148,0.00016666666666666666,565.1111111111111,ColonCancer,0.5
129,0.38875518518518515,0.0,566.1666666666666,ColonCancer,0.5
130,0.3896266666666666,0.0,567.4666666666666,ColonCancer,0.5
131,0.38779925925925923,0.0,564.6,ColonCancer,0.5
132,0.3892292592592593,0.0003333333333333333,566.8555555555555,ColonCancer,0.5
133,0.39002592592592594,0.0,568.1111111111112,ColonCancer,0.5
134,0.3885725925925925,0.0,565.6,ColonCancer,0.5
135,0.3886081481481482,0.0,565.3111111111111,ColonCancer,0.5
136,0.3882359259259259,0.00016666666666666666,565.0333333333333,ColonCancer,0.5
137,0.390047037037037,0.00016666666666666666,568.8555555555555,ColonCancer,0.5
138,0.3893685185185185,0.00016666666666666666,567.2111111111111,ColonCancer,0.5
139,0.3872466666666667,0.0,562.4,ColonCancer,0.5
140,0.3896714814814815,0.0,567.0777777777778,ColonCancer,0.5
141,0.3899992592592592,0.0,568.3111111111111,ColonCancer,0.5
142,0.3896637037037037,0.00016666666666666666,568.4222222222222,ColonCancer,0.5
143,0.38860333333333336,0.00016666666666666666,566.1888888888889,ColonCancer,0.5
144,0.3885211111111111,0.0,566.2111111111111,ColonCancer,0.5
145,0.38808,0.0,565.4888888888889,ColonCancer,0.5
146,0.3893307407407407,0.0003333333333333333,568.2111111111111,ColonCancer,0.5
147,0.3900022222222222,0.00016666666666666666,569.5555555555555,ColonCancer,0.5
148,0.39078777777777773,0.0,570.9666666666667,ColonCancer,0.5
149,0.3899722222222222,0.0,568.9444444444445,ColonCancer,0.5
150,0.3892418518518519,0.00016666666666666666,567.7222222222223,ColonCancer,0.5
151,0.38938740740740735,0.00016666666666666666,568.4888888888889,ColonCancer,0.5
152,0.3896466666666667,0.00016666666666666666,569.1777777777778,ColonCancer,0.5
153,0.38998185185185186,0.0,568.9888888888889,ColonCancer,0.5
154,0.3910903703703703,0.00016666666666666666,571.9777777777778,ColonCancer,0.5
155,0.39039148148148145,0.0,569.1444444444445,ColonCancer,0.5
156,0.39049962962962964,0.0,570.1888888888889,ColonCancer,0.5
157,0.38984296296296295,0.0003333333333333333,569.5777777777778,ColonCancer,0.5
158,0.3888207407407407,0.0,567.5111111111111,ColonCancer,0.5
159,0.3883144444444444,0.0003333333333333333,566.0333333333333,ColonCancer,0.5
160,0.3881211111111111,0.0,565.0333333333333,ColonCancer,0.5
161,0.38863444444444445,0.0,566.1666666666666,ColonCancer,0.5
162,0.3884444444444444,0.0,565.1999999999999,ColonCancer,0.5
163,0.38821148148148144,0.00016666666666666666,565.411111111111,ColonCancer,0.5
164,0.38961962962962965,0.00016666666666666666,568.9222222222222,ColonCancer,0.5
165,0.3880533333333333,0.0,566.1555555555556,ColonCancer,0.5
166,0.3895033333333333,0.0,567.5666666666666,ColonCancer,0.5
167,0.38829666666666657,0.0,565.2333333333333,ColonCancer,0.5
168,0.3884337037037037,0.0,565.9444444444445,ColonCancer,0.5
169,0.38839962962962965,0.0005,565.5888888888888,ColonCancer,0.5
170,0.3884377777777777,0.00016666666666666666,564.8888888888889,ColonCancer,0.5
171,0.3896762962962963,0.00016666666666666666,568.9333333333334,ColonCancer,0.5
172,0.3898411111111111,0.00016666666666666666,568.6555555555556,ColonCancer,0.5
173,0.3898174074074074,0.0,569.4555555555556,ColonCancer,0.5
174,0.38932407407407404,0.0,568.1888888888889,ColonCancer,0.5
175,0.3888922222222222,0.0,566.8777777777777,ColonCancer,0.5
176,0.38915814814814814,0.00016666666666666666,566.8777777777777,ColonCancer,0.5
177,0.38940555555555556,0.0,567.7888888888889,ColonCancer,0.5
178,0.38960518518518517,0.0,568.6222222222221,ColonCancer,0.5
179,0.39001629629629625,0.0,568.7777777777777,ColonCancer,0.5
180,0.38873407407407407,0.0,566.5777777777778,ColonCancer,0.5
181,0.38844296296296293,0.00016666666666666666,565.0,ColonCancer,0.5
182,0.38835037037037035,0.0003333333333333333,564.9777777777778,ColonCancer,0.5
183,0.38868925925925923,0.00016666666666666666,565.3444444444444,ColonCancer,0.5
184,0.38934444444444444,0.0,567.4444444444445,ColonCancer,0.5
185,0.3886351851851852,0.0,566.2555555555556,ColonCancer,0.5
186,0.3881396296296296,0.0003333333333333333,565.9,ColonCancer,0.5
187,0.3892074074074074,0.0,569.2666666666668,ColonCancer,0.5
188,0.38956037037037033,0.00016666666666666666,568.5,ColonCancer,0.5
189,0.3903537037037037,0.0,570.3888888888888,ColonCancer,0.5
190,0.3903822222222222,0.0003333333333333333,571.4444444444445,ColonCancer,0.5
191,0.3891896296296296,0.0,567.9333333333334,ColonCancer,0.5
192,0.3891792592592593,0.0,567.4,ColonCancer,0.5
193,0.3891311111111111,0.00016666666666666666,568.1777777777778,ColonCancer,0.5
194,0.39059814814814814,0.0,570.2555555555556,ColonCancer,0.5
195,0.38924111111111115,0.00016666666666666666,566.0555555555555,ColonCancer,0.5
196,0.3875007407407407,0.00016666666666666666,562.5111111111111,ColonCancer,0.5
197,0.38801148148148146,0.00016666666666666666,565.6555555555556,ColonCancer,0.5
198,0.3883492592592593,0.0003333333333333333,565.9888888888889,ColonCancer,0.5
199,0.38744703703703703,0.0,564.3000000000001,ColonCancer,0.5
200,0.38863000000000003,0.0,566.2111111111111,ColonCancer,0.5
201,0.3875825925925926,0.0,563.7888888888889,ColonCancer,0.5
202,0.3882159259259259,0.0,564.2555555555556,ColonCancer,0.5
203,0.38831851851851845,0.0,563.6888888888889,ColonCancer,0.5
204,0.3893585185185185,0.0,566.8444444444444,ColonCancer,0.5
205,0.38914444444444446,0.0,567.2222222222223,ColonCancer,0.5
206,0.38742259259259254,0.0005,563.6777777777778,ColonCancer,0.5
207,0.3893433333333333,0.00016666666666666666,567.7444444444444,ColonCancer,0.5
208,0.387652962962963,0.0003333333333333333,562.8333333333334,ColonCancer,0.5
209,0.3890829629629629,0.0,566.6888888888889,ColonCancer,0.5
210,0.38834444444444444,0.0,565.4,ColonCancer,0.5
211,0.3877496296296296,0.0,563.7777777777777,ColonCancer,0.5
212,0.3860407407407407,0.0,560.2888888888889,ColonCancer,0.5
213,0.38754962962962963,0.0,563.0444444444444,ColonCancer,0.5
214,0.3877014814814815,0.00016666666666666666,563.5555555555555,ColonCancer,0.5
215,0.387964074074074,0.0,564.4333333333333,ColonCancer,0.5
216,0.3874337037037037,0.0,563.9888888888889,ColonCancer,0.5
217,0.3883114814814815,0.0,565.5888888888888,ColonCancer,0.5
218,0.38797703703703706,0.0,564.8888888888888,ColonCancer,0.5
219,0.3875174074074074,0.00016666666666666666,562.9444444444445,ColonCancer,0.5
220,0.38847518518518515,0.0,566.1666666666666,ColonCancer,0.5
221,0.3876959259259259,0.0,564.1888888888889,ColonCancer,0.5
222,0.38859037037037036,0.0,566.6666666666666,ColonCancer,0.5
223,0.38850740740740736,0.00016666666666666666,565.5333333333333,ColonCancer,0.5
224,0.38876666666666665,0.0,564.9555555555555,ColonCancer,0.5
225,0.38761333333333337,0.0,564.6222222222223,ColonCancer,0.5
226,0.3886066666666667,0.0,564.6222222222223,ColonCancer,0.5
227,0.3890948148148148,0.00016666666666666666,565.8888888888888,ColonCancer,0.5
228,0.38761629629629635,0.00016666666666666666,562.7333333333333,ColonCancer,0.5
229,0.39031370370370366,0.0,568.0111111111111,ColonCancer,0.5
230,0.3895229629629629,0.0,566.9111111111112,ColonCancer,0.5
231,0.38926666666666665,0.00016666666666666666,565.5111111111111,ColonCancer,0.5
232,0.38927962962962964,0.0,566.2111111111111,ColonCancer,0.5
233,0.3866781481481481,0.0003333333333333333,560.3000000000001,ColonCancer,0.5
234,0.39010407407407405,0.0,568.3888888888888,ColonCancer,0.5
235,0.38856962962962954,0.0,566.1333333333333,ColonCancer,0.5
236,0.38890296296296295,0.0,565.7111111111111,ColonCancer,0.5
237,0.3885403703703704,0.0,565.1444444444445,ColonCancer,0.5
238,0.3886792592592592,0.00016666666666666666,565.8222222222222,ColonCancer,0.5
239,0.389212962962963,0.0008333333333333334,566.9444444444445,ColonCancer,0.5
240,0.3893422222222222,0.00016666666666666666,567.6666666666666,ColonCancer,0.5
241,0.39063333333333333,0.0,570.1555555555556,ColonCancer,0.5
242,0.3892907407407407,0.00016666666666666666,566.8111111111111,ColonCancer,0.5
243,0.3888737037037037,0.0,565.5,ColonCancer,0.5
244,0.38935888888888887,0.00016666666666666666,568.1888888888889,ColonCancer,0.5
245,0.38831333333333334,0.0,564.8222222222222,ColonCancer,0.5
246,0.3887755555555555,0.0003333333333333333,566.2888888888889,ColonCancer,0.5
247,0.3883188888888889,0.0,566.2555555555556,ColonCancer,0.5
248,0.38768407407407407,0.0,564.2333333333333,ColonCancer,0.5
249,0.3871518518518518,0.00016666666666666666,563.0444444444445,ColonCancer,0.5
250,0.3880925925925926,0.0,565.2888888888889,ColonCancer,0.5
251,0.388742962962963,0.0,566.6444444444445,ColonCancer,0.5
252,0.3882744444444444,0.0,565.1666666666666,ColonCancer,0.5
253,0.3887107407407407,0.0,566.3222222222222,ColonCancer,0.5
254,0.3889681481481482,0.0,566.9777777777778,ColonCancer,0.5
255,0.3879096296296296,0.00016666666666666666,563.3111111111111,ColonCancer,0.5
256,0.3888318518518519,0.0,565.8000000000001,ColonCancer,0.5
257,0.3897311111111111,0.0,568.1999999999999,ColonCancer,0.5
258,0.38713925925925924,0.0003333333333333333,562.4666666666667,ColonCancer,0.5
259,0.3880640740740741,0.00016666666666666666,564.1666666666666,ColonCancer,0.5
260,0.3887118518518518,0.0005,565.2888888888889,ColonCancer,0.5
261,0.38813925925925924,0.0,563.9333333333333,ColonCancer,0.5
262,0.3880544444444444,0.0003333333333333333,564.9666666666667,ColonCancer,0.5
263,0.3890462962962962,0.0003333333333333333,567.4333333333334,ColonCancer,0.5
264,0.38917074074074076,0.00016666666666666666,566.5444444444445,ColonCancer,0.5
265,0.3885714814814815,0.00016666666666666666,565.2333333333333,ColonCancer,0.5
266,0.3897644444444444,0.0,567.7777777777778,ColonCancer,0.5
267,0.3881418518518518,0.0,564.6111111111112,ColonCancer,0.5
268,0.39065518518518516,0.0,569.8555555555555,ColonCancer,0.5
269,0.3903914814814815,0.00016666666666666666,568.8333333333334,ColonCancer,0.5
270,0.3895722222222222,0.00016666666666666666,567.8777777777777,ColonCancer,0.5
271,0.38806518518518524,0.00016666666666666666,564.6222222222223,ColonCancer,0.5
272,0.38894888888888884,0.0,566.2666666666667,ColonCancer,0.5
273,0.38904296296296287,0.0,566.4222222222222,ColonCancer,0.5
274,0.38820111111111116,0.0005,565.8333333333334,ColonCancer,0.5
275,0.38830777777777775,0.00016666666666666666,564.2333333333333,ColonCancer,0.5
276,0.388407037037037,0.0,564.8111111111111,ColonCancer,0.5
277,0.38875333333333334,0.0,566.3111111111111,ColonCancer,0.5
278,0.389877037037037,0.0,567.9777777777778,ColonCancer,0.5
279,0.389194074074074,0.0,566.8222222222222,ColonCancer,0.5
280,0.3905844444444444,0.0003333333333333333,570.0444444444444,ColonCancer,0.5
281,0.38945333333333326,0.0003333333333333333,567.1111111111112,ColonCancer,0.5
282,0.38997185185185185,0.0,568.4,ColonCancer,0.5
283,0.3884551851851852,0.0003333333333333333,565.3666666666667,ColonCancer,0.5
284,0.38847999999999994,0.0,565.4444444444445,ColonCancer,0.5
285,0.38988666666666666,0.00016666666666666666,567.8222222222222,ColonCancer,0.5
286,0.3878307407407407,0.0,564.6111111111112,ColonCancer,0.5
287,0.38891925925925924,0.0003333333333333333,566.3333333333334,ColonCancer,0.5
288,0.3892733333333333,0.0,567.7333333333332,ColonCancer,0.5
289,0.38911370370370374,0.0,566.2111111111111,ColonCancer,0.5
290,0.39027259259259256,0.0,568.4888888888889,ColonCancer,0.5
291,0.3883937037037037,0.0,563.9888888888889,ColonCancer,0.5
292,0.38793851851851846,0.0,563.3111111111111,ColonCancer,0.5
293,0.3890874074074073,0.0,566.1777777777778,ColonCancer,0.5
294,0.3890451851851851,0.0,566.9555555555556,ColonCancer,0.5
295,0.3901277777777778,0.0,569.6333333333333,ColonCancer,0.5
296,0.3897825925925926,0.00016666666666666666,567.5222222222222,ColonCancer,0.5
297,0.39017999999999997,0.00016666666666666666,568.2888888888889,ColonCancer,0.5
298,0.38994888888888884,0.00016666666666666666,569.0666666666666,ColonCancer,0.5
299,0.3899755555555555,0.0,567.6222222222223,ColonCancer,0.5
300,0.38853185185185185,0.00016666666666666666,564.4444444444445,ColonCancer,0.5
301,0.38956444444444444,0.0,568.2888888888889,ColonCancer,0.5
302,0.39066925925925916,0.0,569.8777777777777,ColonCancer,0.5
303,0.3891225925925926,0.00016666666666666666,568.5222222222222,ColonCancer,0.5
304,0.38869037037037035,0.0,566.8444444444444,ColonCancer,0.5
305,0.3891266666666666,0.0,567.8222222222222,ColonCancer,0.5
306,0.39033888888888885,0.0,569.4333333333333,ColonCancer,0.5
307,0.39022814814814816,0.0,569.2666666666668,ColonCancer,0.5
308,0.38909,0.00016666666666666666,566.6333333333333,ColonCancer,0.5
309,0.3886559259259259,0.00016666666666666666,566.0555555555555,ColonCancer,0.5
310,0.3903574074074074,0.00016666666666666666,569.3222222222222,ColonCancer,0.5
311,0.38781185185185185,0.0,563.9333333333334,ColonCancer,0.5
312,0.3879725925925926,0.00016666666666666666,563.6666666666666,ColonCancer,0.5
313,0.38845148148148145,0.0,566.0555555555555,ColonCancer,0.5
314,0.3875592592592592,0.00016666666666666666,564.0888888888888,ColonCancer,0.5
315,0.38917555555555555,0.00016666666666666666,567.3555555555555,ColonCancer,0.5
316,0.38805259259259256,0.00016666666666666666,565.4666666666667,ColonCancer,0.5
317,0.3901555555555556,0.0,568.6888888888889,ColonCancer,0.5
318,0.3885744444444444,0.0,565.3888888888888,ColonCancer,0.5
319,0.38918370370370364,0.0,566.1333333333333,ColonCancer,0.5
320,0.389015925925926,0.0,565.6111111111112,ColonCancer,0.5
321,0.38895037037037034,0.0,566.3111111111111,ColonCancer,0.5
322,0.38855296296296293,0.0,565.6555555555556,ColonCancer,0.5
323,0.38690962962962966,0.0,562.4888888888889,ColonCancer,0.5
324,0.38949407407407405,0.0,568.2888888888889,ColonCancer,0.5
325,0.38909259259259255,0.0,567.1111111111111,ColonCancer,0.5
326,0.3895655555555555,0.0,566.4555555555556,ColonCancer,0.5
327,0.38902629629629626,0.0,566.5666666666667,ColonCancer,0.5
328,0.3888022222222222,0.0,566.6444444444445,ColonCancer,0.5
329,0.38975,0.0,569.4777777777778,ColonCancer,0.5
330,0.3898311111111111,0.0,568.9555555555556,ColonCancer,0.5
331,0.38838407407407405,0.00016666666666666666,564.9888888888889,ColonCancer,0.5
332,0.38794518518518517,0.0003333333333333333,564.0444444444444,ColonCancer,0.5
333,0.38951703703703705,0.00016666666666666666,568.0666666666667,ColonCancer,0.5
334,0.3891011111111111,0.0,565.7444444444444,ColonCancer,0.5
335,0.3889637037037037,0.0,567.0888888888888,ColonCancer,0.5
336,0.38848259259259255,0.0,564.3888888888888,ColonCancer,0.5
337,0.38886333333333334,0.00016666666666666666,567.5,ColonCancer,0.5
338,0.38742111111111105,0.00016666666666666666,563.6999999999999,ColonCancer,0.5
339,0.38885851851851855,0.00016666666666666666,566.8000000000001,ColonCancer,0.5
340,0.3887985185185185,0.0,566.6444444444445,ColonCancer,0.5
341,0.38804814814814814,0.0,564.1111111111112,ColonCancer,0.5
342,0.3895444444444444,0.00016666666666666666,566.6888888888889,ColonCancer,0.5
343,0.38991777777777775,0.0003333333333333333,568.0666666666666,ColonCancer,0.5
344,0.3889566666666667,0.0,567.3888888888888,ColonCancer,0.5
345,0.38804148148148143,0.0,564.7333333333332,ColonCancer,0.5
346,0.38969000000000004,0.0,568.3888888888888,ColonCancer,0.5
347,0.38895592592592587,0.0003333333333333333,565.6555555555556,ColonCancer,0.5
348,0.389157037037037,0.00016666666666666666,567.8666666666667,ColonCancer,0.5
349,0.38920518518518515,0.0,568.0,ColonCancer,0.5
350,0.38870592592592595,0.0,565.9333333333333,ColonCancer,0.5
351,0.3885337037037037,0.00016666666666666666,565.8777777777777,ColonCancer,0.5
352,0.3896296296296296,0.0,566.5111111111111,ColonCancer,0.5
353,0.388472962962963,0.0,565.1888888888889,ColonCancer,0.5
354,0.3902251851851852,0.0,569.3333333333334,ColonCancer,0.5
355,0.38907592592592594,0.0,567.1666666666666,ColonCancer,0.5
356,0.3882385185185185,0.00016666666666666666,564.4,ColonCancer,0.5
357,0.3885322222222222,0.00016666666666666666,564.9666666666667,ColonCancer,0.5
358,0.3897644444444444,0.0003333333333333333,567.6888888888889,ColonCancer,0.5
359,0.38844259259259256,0.00016666666666666666,565.9222222222222,ColonCancer,0.5
360,0.3906766666666666,0.0,569.8555555555555,ColonCancer,0.5
361,0.38981,0.0,568.5,ColonCancer,0.5
362,0.3886937037037037,0.0,565.7222222222222,ColonCancer,0.5
363,0.3890692592592592,0.0005,566.7666666666668,ColonCancer,0.5
364,0.38994629629629635,0.0,567.7444444444444,ColonCancer,0.5
365,0.3895433333333333,0.0003333333333333333,567.7888888888889,ColonCancer,0.5
366,0.38948222222222223,0.0003333333333333333,568.2444444444444,ColonCancer,0.5
367,0.3881681481481481,0.0,564.0,ColonCancer,0.5
368,0.38852629629629626,0.0,565.5666666666667,ColonCancer,0.5
369,0.3887740740740741,0.0003333333333333333,566.1999999999999,ColonCancer,0.5
370,0.3891274074074074,0.00016666666666666666,567.4888888888889,ColonCancer,0.5
371,0.38728222222222225,0.0,562.3111111111111,ColonCancer,0.5
372,0.38826,0.0,564.6444444444445,ColonCancer,0.5
373,0.3896385185185185,0.0,567.9111111111112,ColonCancer,0.5
374,0.3888037037037037,0.0,566.5333333333333,ColonCancer,0.5
375,0.3902074074074074,0.0,568.6888888888889,ColonCancer,0.5
376,0.38843222222222223,0.0003333333333333333,565.8333333333334,ColonCancer,0.5
377,0.3873962962962963,0.0003333333333333333,563.8000000000001,ColonCancer,0.5
378,0.38809851851851845,0.0,564.8,ColonCancer,0.5
379,0.38968407407407407,0.0,568.7888888888889,ColonCancer,0.5
380,0.38996629629629626,0.0,568.3222222222222,ColonCancer,0.5
381,0.3887848148148148,0.0,566.0333333333333,ColonCancer,0.5
382,0.38902777777777775,0.0,566.6999999999999,ColonCancer,0.5
383,0.3874207407407408,0.0,562.3777777777777,ColonCancer,0.5
384,0.3883244444444444,0.00016666666666666666,564.9555555555556,ColonCancer,0.5
385,0.3886292592592593,0.0003333333333333333,564.4777777777778,ColonCancer,0.5
386,0.388407037037037,0.0,563.9444444444445,ColonCancer,0.5
387,0.3884,0.00016666666666666666,564.5777777777778,ColonCancer,0.5
388,0.3896959259259259,0.0,568.3444444444444,ColonCancer,0.5
389,0.3881759259259259,0.0,564.8777777777777,ColonCancer,0.5
390,0.3893425925925926,0.0,567.0555555555555,ColonCancer,0.5
391,0.38989592592592587,0.00016666666666666666,569.5666666666666,ColonCancer,0.5
392,0.3885351851851852,0.0,565.7444444444444,ColonCancer,0.5
393,0.38857,0.0,566.0333333333333,ColonCancer,0.5
0,0.28828592592592595,0.012499999999999999,382.0444444444444,ColonCancer,1.0
1,0.17661185185185188,0.1708333333333333,221.53333333333333,ColonCancer,1.0
2,0.13477481481481482,0.3458333333333334,168.82222222222222,ColonCancer,1.0
3,0.12431666666666667,0.40549999999999997,156.34444444444443,ColonCancer,1.0
4,0.11842444444444444,0.4378333333333333,149.0222222222222,ColonCancer,1.0
5,0.11538148148148149,0.45949999999999996,145.15555555555557,ColonCancer,1.0
6,0.11473296296296297,0.47,144.9,ColonCancer,1.0
7,0.11542000000000001,0.47583333333333333,145.95555555555555,ColonCancer,1.0
8,0.11470481481481482,0.4768333333333333,145.25555555555556,ColonCancer,1.0
9,0.11224296296296295,0.48233333333333334,141.95555555555555,ColonCancer,1.0
10,0.11242333333333333,0.48533333333333334,142.29999999999998,ColonCancer,1.0
11,0.11296444444444444,0.48383333333333334,143.53333333333333,ColonCancer,1.0
12,0.11278666666666666,0.48733333333333334,142.9333333333333,ColonCancer,1.0
13,0.11103037037037038,0.4883333333333333,140.53333333333333,ColonCancer,1.0
14,0.11219259259259258,0.48816666666666664,142.75555555555556,ColonCancer,1.0
15,0.11158592592592594,0.49466666666666664,142.2,ColonCancer,1.0
16,0.11259740740740741,0.49,142.98888888888888,ColonCancer,1.0
17,0.11256925925925926,0.4895,143.14444444444445,ColonCancer,1.0
18,0.11096814814814815,0.48816666666666664,141.0222222222222,ColonCancer,1.0
19,0.11311,0.486,143.4777777777778,ColonCancer,1.0
20,0.11452481481481482,0.4831666666666667,145.32222222222222,ColonCancer,1.0
21,0.1137874074074074,0.4876666666666667,144.37777777777777,ColonCancer,1.0
22,0.11259407407407407,0.4911666666666667,142.75555555555556,ColonCancer,1.0
23,0.11147888888888889,0.4905,141.07777777777778,ColonCancer,1.0
24,0.10974703703703703,0.4948333333333333,138.83333333333334,ColonCancer,1.0
25,0.11016148148148149,0.49816666666666665,139.26666666666668,ColonCancer,1.0
26,0.1092259259259259,0.49766666666666665,138.04444444444445,ColonCancer,1.0
27,0.10902925925925927,0.4965,137.56666666666666,ColonCancer,1.0
28,0.10776555555555556,0.49933333333333324,135.56666666666666,ColonCancer,1.0
29,0.10836555555555556,0.4998333333333333,136.54444444444445,ColonCancer,1.0
30,0.1072188888888889,0.4985,135.34444444444443,ColonCancer,1.0
31,0.10961296296296297,0.4951666666666667,138.7222222222222,ColonCancer,1.0
32,0.10866111111111111,0.5018333333333334,137.45555555555555,ColonCancer,1.0
33,0.10758703703703705,0.5015,135.9,ColonCancer,1.0
34,0.1083788888888889,0.5023333333333334,137.54444444444445,ColonCancer,1.0
35,0.10745,0.5023333333333333,135.81111111111113,ColonCancer,1.0
36,0.1085025925925926,0.4983333333333333,137.5222222222222,ColonCancer,1.0
37,0.10926407407407407,0.4951666666666667,138.1,ColonCancer,1.0
38,0.10828703703703703,0.5003333333333333,137.14444444444445,ColonCancer,1.0
39,0.10785037037037037,0.4988333333333333,136.57777777777778,ColonCancer,1.0
40,0.1086062962962963,0.49933333333333324,137.45555555555555,ColonCancer,1.0
41,0.10655666666666667,0.5008333333333334,134.41111111111113,ColonCancer,1.0
42,0.10694296296296296,0.49983333333333335,134.73333333333332,ColonCancer,1.0
43,0.10670407407407408,0.49733333333333335,134.65555555555557,ColonCancer,1.0
44,0.10694518518518518,0.5021666666666667,134.7111111111111,ColonCancer,1.0
45,0.10580370370370369,0.5016666666666666,133.46666666666667,ColonCancer,1.0
46,0.10632074074074076,0.5016666666666666,134.0222222222222,ColonCancer,1.0
47,0.10707111111111112,0.49983333333333335,135.35555555555558,ColonCancer,1.0
48,0.10686407407407407,0.501,134.9888888888889,ColonCancer,1.0
49,0.10613148148148148,0.5018333333333334,134.5666666666667,ColonCancer,1.0
50,0.10667555555555557,0.5028333333333334,135.20000000000002,ColonCancer,1.0
51,0.10616814814814814,0.505,134.57777777777778,ColonCancer,1.0
52,0.10547555555555556,0.5061666666666667,133.4888888888889,ColonCancer,1.0
53,0.1068711111111111,0.5045000000000001,135.4,ColonCancer,1.0
54,0.10688888888888888,0.5043333333333333,134.97777777777776,ColonCancer,1.0
55,0.10737740740740741,0.5021666666666667,135.63333333333333,ColonCancer,1.0
56,0.10618333333333334,0.5038333333333334,133.87777777777777,ColonCancer,1.0
57,0.10534851851851852,0.5048333333333334,132.58888888888887,ColonCancer,1.0
58,0.10679074074074074,0.4998333333333333,134.32222222222222,ColonCancer,1.0
59,0.10617037037037037,0.5036666666666666,133.84444444444443,ColonCancer,1.0
60,0.10582407407407408,0.504,133.58888888888887,ColonCancer,1.0
61,0.10561740740740742,0.5075,133.45555555555555,ColonCancer,1.0
62,0.10606777777777777,0.5055,133.58888888888887,ColonCancer,1.0
63,0.10647592592592592,0.5031666666666667,134.74444444444444,ColonCancer,1.0
64,0.10556,0.5033333333333333,133.4888888888889,ColonCancer,1.0
65,0.10608740740740741,0.5036666666666666,134.08888888888887,ColonCancer,1.0
66,0.10573185185185185,0.5056666666666666,133.4888888888889,ColonCancer,1.0
67,0.10483074074074074,0.5053333333333333,132.41111111111113,ColonCancer,1.0
68,0.10458962962962964,0.5025,131.62222222222223,ColonCancer,1.0
69,0.10495037037037036,0.5048333333333334,132.0666666666667,ColonCancer,1.0
70,0.10509333333333333,0.505,132.5111111111111,ColonCancer,1.0
71,0.10580777777777776,0.5008333333333334,133.2777777777778,ColonCancer,1.0
72,0.10689407407407407,0.5026666666666667,135.48888888888888,ColonCancer,1.0
73,0.10713814814814815,0.5026666666666667,135.5666666666667,ColonCancer,1.0
74,0.10654333333333332,0.5015,134.70000000000002,ColonCancer,1.0
75,0.10680296296296297,0.5023333333333334,135.20000000000002,ColonCancer,1.0
76,0.1068851851851852,0.5006666666666667,135.33333333333334,ColonCancer,1.0
77,0.1068148148148148,0.5023333333333333,135.0666666666667,ColonCancer,1.0
78,0.10634185185185185,0.5055,134.2777777777778,ColonCancer,1.0
79,0.10581925925925927,0.5061666666666667,134.04444444444445,ColonCancer,1.0
80,0.10569148148148148,0.5055,133.5,ColonCancer,1.0
81,0.10526185185185184,0.5036666666666666,132.63333333333333,ColonCancer,1.0
82,0.10546148148148149,0.5006666666666667,132.77777777777777,ColonCancer,1.0
83,0.10500037037037037,0.5033333333333333,132.29999999999998,ColonCancer,1.0
84,0.10439703703703702,0.5051666666666667,131.64444444444445,ColonCancer,1.0
85,0.1038788888888889,0.5043333333333333,130.8111111111111,ColonCancer,1.0
86,0.10451481481481482,0.5059999999999999,131.75555555555556,ColonCancer,1.0
87,0.1051288888888889,0.5038333333333334,132.20000000000002,ColonCancer,1.0
88,0.10465703703703705,0.503,131.44444444444446,ColonCancer,1.0
89,0.1050151851851852,0.5059999999999999,132.16666666666666,ColonCancer,1.0
90,0.10512629629629629,0.5031666666666667,132.2111111111111,ColonCancer,1.0
91,0.10531259259259258,0.5073333333333333,132.37777777777777,ColonCancer,1.0
92,0.10459925925925927,0.5098333333333334,131.55555555555554,ColonCancer,1.0
93,0.10514555555555555,0.5065,132.58888888888887,ColonCancer,1.0
94,0.10492296296296295,0.5085000000000001,132.15555555555557,ColonCancer,1.0
95,0.10426962962962964,0.5058333333333334,131.17777777777778,ColonCancer,1.0
96,0.10453629629629631,0.5061666666666667,131.37777777777777,ColonCancer,1.0
97,0.10577962962962963,0.5046666666666667,133.34444444444443,ColonCancer,1.0
98,0.10599740740740742,0.5045000000000001,134.05555555555554,ColonCancer,1.0
99,0.10499740740740741,0.5075,132.16666666666666,ColonCancer,1.0
100,0.10427185185185184,0.5068333333333334,130.95555555555555,ColonCancer,1.0
101,0.10361296296296296,0.5078333333333332,129.98888888888888,ColonCancer,1.0
102,0.1038562962962963,0.5086666666666666,130.13333333333333,ColonCancer,1.0
103,0.10505444444444445,0.5095,132.23333333333332,ColonCancer,1.0
104,0.1053574074074074,0.506,132.14444444444445,ColonCancer,1.0
105,0.10594777777777777,0.5055,133.65555555555557,ColonCancer,1.0
106,0.1041274074074074,0.5045,130.57777777777778,ColonCancer,1.0
107,0.10406185185185185,0.507,130.9,ColonCancer,1.0
108,0.10439703703703705,0.5058333333333334,131.24444444444444,ColonCancer,1.0
109,0.10426703703703703,0.5048333333333334,131.14444444444447,ColonCancer,1.0
110,0.10349148148148148,0.5073333333333333,130.07777777777778,ColonCancer,1.0
111,0.10335370370370371,0.5111666666666667,129.94444444444446,ColonCancer,1.0
112,0.10367666666666668,0.5071666666666667,130.67777777777778,ColonCancer,1.0
113,0.10437037037037038,0.5031666666666667,131.2888888888889,ColonCancer,1.0
114,0.10419333333333335,0.5073333333333333,131.24444444444444,ColonCancer,1.0
115,0.1037111111111111,0.5041666666666667,130.64444444444442,ColonCancer,1.0
116,0.10396148148148149,0.503,131.11111111111111,ColonCancer,1.0
117,0.10367740740740743,0.49966666666666665,130.67777777777778,ColonCancer,1.0
118,0.10314111111111111,0.5026666666666667,129.92222222222222,ColonCancer,1.0
119,0.10432259259259259,0.5053333333333333,131.70000000000002,ColonCancer,1.0
120,0.10454074074074075,0.5013333333333333,131.44444444444446,ColonCancer,1.0
121,0.10448925925925927,0.503,131.4333333333333,ColonCancer,1.0
122,0.10493703703703705,0.5023333333333333,131.95555555555555,ColonCancer,1.0
123,0.10562888888888888,0.5031666666666667,132.79999999999998,ColonCancer,1.0
124,0.10462333333333333,0.5016666666666666,131.65555555555557,ColonCancer,1.0
125,0.10438444444444445,0.5065,131.66666666666666,ColonCancer,1.0
126,0.10386925925925927,0.5051666666666667,130.8111111111111,ColonCancer,1.0
127,0.10479740740740741,0.5023333333333333,132.03333333333333,ColonCancer,1.0
128,0.10407629629629629,0.5063333333333333,131.4888888888889,ColonCancer,1.0
129,0.10466407407407408,0.5073333333333333,132.41111111111113,ColonCancer,1.0
130,0.1053237037037037,0.507,133.53333333333333,ColonCancer,1.0
131,0.10515000000000001,0.5078333333333332,133.1888888888889,ColonCancer,1.0
132,0.10556555555555557,0.5085,134.05555555555557,ColonCancer,1.0
133,0.10516666666666667,0.5075,133.55555555555557,ColonCancer,1.0
134,0.10467518518518519,0.5103333333333334,132.18888888888887,ColonCancer,1.0
135,0.10414851851851852,0.5066666666666667,131.41111111111113,ColonCancer,1.0
136,0.10425185185185186,0.507,131.13333333333333,ColonCancer,1.0
137,0.10348555555555555,0.5098333333333334,129.8111111111111,ColonCancer,1.0
138,0.10378185185185185,0.5071666666666667,130.2111111111111,ColonCancer,1.0
139,0.10439,0.5053333333333333,131.07777777777778,ColonCancer,1.0
140,0.1045914814814815,0.5065,131.70000000000002,ColonCancer,1.0
141,0.1038774074074074,0.5059999999999999,130.4777777777778,ColonCancer,1.0
142,0.10441111111111112,0.5063333333333333,131.15555555555557,ColonCancer,1.0
143,0.10533037037037037,0.5056666666666666,132.7777777777778,ColonCancer,1.0
144,0.10494703703703705,0.5075,132.65555555555557,ColonCancer,1.0
145,0.10467888888888889,0.507,132.23333333333332,ColonCancer,1.0
146,0.10438296296296297,0.5081666666666667,131.7111111111111,ColonCancer,1.0
147,0.10404740740740741,0.5053333333333333,131.06666666666666,ColonCancer,1.0
148,0.10472740740740742,0.5011666666666666,131.57777777777778,ColonCancer,1.0
149,0.10396629629629629,0.5036666666666667,130.96666666666667,ColonCancer,1.0
150,0.10368555555555554,0.5033333333333333,130.45555555555555,ColonCancer,1.0
151,0.10437037037037038,0.5036666666666666,131.24444444444444,ColonCancer,1.0
152,0.10433925925925926,0.5023333333333333,131.2888888888889,ColonCancer,1.0
153,0.10457814814814816,0.5016666666666666,131.63333333333333,ColonCancer,1.0
154,0.10453703703703704,0.5045000000000001,131.75555555555556,ColonCancer,1.0
155,0.10529962962962963,0.5013333333333333,132.8111111111111,ColonCancer,1.0
156,0.10552370370370372,0.5025,133.11111111111111,ColonCancer,1.0
157,0.10539444444444444,0.504,133.12222222222223,ColonCancer,1.0
158,0.10545962962962963,0.5038333333333332,133.12222222222223,ColonCancer,1.0
159,0.1051874074074074,0.5023333333333333,132.17777777777778,ColonCancer,1.0
160,0.10519370370370369,0.49783333333333335,132.23333333333332,ColonCancer,1.0
161,0.10543037037037035,0.49783333333333335,132.53333333333333,ColonCancer,1.0
162,0.10465333333333333,0.49866666666666665,131.44444444444446,ColonCancer,1.0
163,0.10465740740740741,0.5025,131.63333333333333,ColonCancer,1.0
164,0.10420518518518518,0.5023333333333334,131.0,ColonCancer,1.0
165,0.10363407407407409,0.5026666666666667,130.13333333333333,ColonCancer,1.0
166,0.10393814814814815,0.5011666666666666,130.63333333333333,ColonCancer,1.0
167,0.10437037037037038,0.5051666666666667,131.62222222222223,ColonCancer,1.0
168,0.10364,0.504,130.5111111111111,ColonCancer,1.0
169,0.10319518518518518,0.5066666666666667,129.65555555555557,ColonCancer,1.0
170,0.10343925925925927,0.5046666666666666,130.2888888888889,ColonCancer,1.0
171,0.10317481481481483,0.5058333333333332,129.82222222222222,ColonCancer,1.0
172,0.10327777777777776,0.5051666666666667,130.04444444444445,ColonCancer,1.0
173,0.10449629629629631,0.5056666666666666,131.88888888888889,ColonCancer,1.0
174,0.10353481481481482,0.507,130.66666666666666,ColonCancer,1.0
175,0.10402296296296297,0.5038333333333332,130.86666666666667,ColonCancer,1.0
176,0.10401444444444445,0.5038333333333332,130.74444444444444,ColonCancer,1.0
177,0.10441518518518518,0.5021666666666667,131.36666666666667,ColonCancer,1.0
178,0.10351296296296297,0.5038333333333332,130.12222222222223,ColonCancer,1.0
179,0.10436962962962963,0.5065,131.3111111111111,ColonCancer,1.0
180,0.10351925925925926,0.5055,130.08888888888887,ColonCancer,1.0
181,0.10360333333333334,0.5035,130.12222222222223,ColonCancer,1.0
182,0.10391851851851852,0.505,130.84444444444443,ColonCancer,1.0
183,0.10435777777777777,0.5046666666666666,131.33333333333334,ColonCancer,1.0
184,0.1042614814814815,0.5066666666666667,131.44444444444446,ColonCancer,1.0
185,0.10399666666666667,0.5035,130.92222222222222,ColonCancer,1.0
186,0.1047474074074074,0.5013333333333333,131.79999999999998,ColonCancer,1.0
187,0.10482851851851853,0.5021666666666667,131.94444444444446,ColonCancer,1.0
188,0.10537222222222221,0.5038333333333334,132.7888888888889,ColonCancer,1.0
189,0.10529370370370372,0.5059999999999999,132.61111111111111,ColonCancer,1.0
190,0.1047262962962963,0.5048333333333334,132.16666666666666,ColonCancer,1.0
191,0.10439703703703705,0.5041666666666667,131.53333333333333,ColonCancer,1.0
192,0.10306222222222221,0.5041666666666667,129.37777777777777,ColonCancer,1.0
193,0.10257296296296296,0.5075,128.74444444444444,ColonCancer,1.0
194,0.10346629629629629,0.5041666666666665,130.36666666666667,ColonCancer,1.0
195,0.1032674074074074,0.504,129.86666666666667,ColonCancer,1.0
196,0.10286111111111111,0.5021666666666667,129.32222222222222,ColonCancer,1.0
197,0.10345518518518519,0.5083333333333333,129.7222222222222,ColonCancer,1.0
198,0.10239481481481483,0.5121666666666667,128.88888888888889,ColonCancer,1.0
199,0.10389296296296296,0.509,130.76666666666668,ColonCancer,1.0
200,0.10337074074074075,0.5106666666666667,130.14444444444445,ColonCancer,1.0
201,0.1034525925925926,0.5098333333333332,130.24444444444444,ColonCancer,1.0
202,0.10382592592592592,0.5103333333333334,131.35555555555555,ColonCancer,1.0
203,0.10314851851851853,0.5076666666666666,129.94444444444446,ColonCancer,1.0
204,0.10365185185185184,0.5061666666666667,130.5111111111111,ColonCancer,1.0
205,0.10459111111111112,0.5041666666666667,131.95555555555555,ColonCancer,1.0
206,0.10373,0.5105,130.9888888888889,ColonCancer,1.0
207,0.1040537037037037,0.5055,131.05555555555554,ColonCancer,1.0
208,0.10306,0.505,130.06666666666666,ColonCancer,1.0
209,0.10342222222222223,0.505,130.75555555555556,ColonCancer,1.0
210,0.10379407407407408,0.505,131.13333333333333,ColonCancer,1.0
211,0.1044585185185185,0.503,131.95555555555555,ColonCancer,1.0
212,0.10438296296296297,0.5078333333333332,131.6888888888889,ColonCancer,1.0
213,0.10314666666666668,0.5055,130.15555555555557,ColonCancer,1.0
214,0.10368185185185186,0.5085000000000001,130.38888888888889,ColonCancer,1.0
215,0.10344037037037036,0.5116666666666666,130.5,ColonCancer,1.0
216,0.10347333333333335,0.5059999999999999,129.82222222222222,ColonCancer,1.0
217,0.10291370370370372,0.5056666666666666,128.85555555555555,ColonCancer,1.0
218,0.10400925925925926,0.5053333333333333,130.41111111111113,ColonCancer,1.0
219,0.10414888888888889,0.5065,130.75555555555556,ColonCancer,1.0
220,0.10382481481481483,0.5058333333333334,130.03333333333333,ColonCancer,1.0
221,0.10309222222222221,0.5106666666666667,129.29999999999998,ColonCancer,1.0
222,0.10422703703703702,0.5043333333333333,130.67777777777778,ColonCancer,1.0
223,0.10442074074074074,0.5035,130.95555555555555,ColonCancer,1.0
224,0.10442666666666667,0.5006666666666667,131.24444444444444,ColonCancer,1.0
225,0.10462444444444445,0.5016666666666666,131.6,ColonCancer,1.0
226,0.1036777777777778,0.5021666666666667,129.8,ColonCancer,1.0
227,0.1037374074074074,0.5035,130.05555555555554,ColonCancer,1.0
228,0.10409407407407407,0.503,131.11111111111111,ColonCancer,1.0
229,0.10372148148148148,0.505,130.44444444444446,ColonCancer,1.0
230,0.10387629629629629,0.5038333333333332,130.4888888888889,ColonCancer,1.0
231,0.10433148148148148,0.5038333333333332,131.03333333333333,ColonCancer,1.0
232,0.10491740740740742,0.5006666666666667,132.2111111111111,ColonCancer,1.0
233,0.10438222222222222,0.5028333333333334,131.53333333333333,ColonCancer,1.0
234,0.10492074074074074,0.5013333333333333,132.3111111111111,ColonCancer,1.0
235,0.10446,0.5043333333333333,131.4,ColonCancer,1.0
236,0.10481259259259258,0.5031666666666667,132.0,ColonCancer,1.0
237,0.10483851851851851,0.5066666666666667,132.15555555555557,ColonCancer,1.0
238,0.10431407407407407,0.5051666666666667,131.42222222222222,ColonCancer,1.0
239,0.10455962962962963,0.5055,131.27777777777777,ColonCancer,1.0
240,0.10497592592592592,0.5013333333333333,132.05555555555557,ColonCancer,1.0
241,0.10417148148148149,0.5056666666666666,131.4777777777778,ColonCancer,1.0
242,0.10324370370370371,0.509,130.0222222222222,ColonCancer,1.0
243,0.10314259259259258,0.5073333333333333,129.8111111111111,ColonCancer,1.0
244,0.10455333333333335,0.5035,131.62222222222223,ColonCancer,1.0
245,0.10450407407407408,0.5051666666666667,131.74444444444444,ColonCancer,1.0
246,0.10433666666666667,0.5063333333333333,131.1,ColonCancer,1.0
247,0.1040874074074074,0.5051666666666667,131.0,ColonCancer,1.0
248,0.10406962962962962,0.5051666666666667,130.77777777777777,ColonCancer,1.0
249,0.10441555555555555,0.505,131.20000000000002,ColonCancer,1.0
250,0.10507555555555555,0.5028333333333334,132.08888888888887,ColonCancer,1.0
251,0.10460555555555556,0.5031666666666667,131.67777777777778,ColonCancer,1.0
252,0.10541555555555555,0.5043333333333333,132.7111111111111,ColonCancer,1.0
253,0.10446148148148149,0.5045000000000001,131.6888888888889,ColonCancer,1.0
254,0.10470666666666667,0.5059999999999999,132.0,ColonCancer,1.0
255,0.10506444444444445,0.5083333333333333,133.11111111111111,ColonCancer,1.0
256,0.10456592592592594,0.5116666666666667,132.2888888888889,ColonCancer,1.0
257,0.10435777777777777,0.5078333333333332,131.73333333333332,ColonCancer,1.0
258,0.10448407407407408,0.5071666666666667,131.94444444444446,ColonCancer,1.0
259,0.10474185185185185,0.5045000000000001,132.07777777777778,ColonCancer,1.0
260,0.10484333333333334,0.5046666666666666,131.9888888888889,ColonCancer,1.0
261,0.10484703703703703,0.5038333333333332,131.96666666666667,ColonCancer,1.0
262,0.10478703703703703,0.5006666666666666,131.67777777777778,ColonCancer,1.0
263,0.10346370370370371,0.5076666666666667,129.95555555555555,ColonCancer,1.0
264,0.1035462962962963,0.5056666666666666,130.1,ColonCancer,1.0
265,0.10390111111111111,0.5103333333333333,130.85555555555555,ColonCancer,1.0
266,0.10386074074074074,0.5041666666666667,129.88888888888889,ColonCancer,1.0
267,0.10405888888888888,0.504,131.16666666666666,ColonCancer,1.0
268,0.10491518518518518,0.5046666666666667,132.32222222222222,ColonCancer,1.0
269,0.10386148148148149,0.5046666666666667,130.73333333333335,ColonCancer,1.0
270,0.10310703703703704,0.5078333333333332,129.83333333333334,ColonCancer,1.0
271,0.10327000000000001,0.5056666666666666,130.2111111111111,ColonCancer,1.0
272,0.10332925925925925,0.5056666666666666,130.0111111111111,ColonCancer,1.0
273,0.10458222222222223,0.5058333333333334,132.02222222222224,ColonCancer,1.0
274,0.10491518518518518,0.5053333333333333,132.41111111111113,ColonCancer,1.0
275,0.10448592592592593,0.5045000000000001,131.62222222222223,ColonCancer,1.0
276,0.10446222222222222,0.5023333333333334,131.35555555555555,ColonCancer,1.0
277,0.10453703703703704,0.5048333333333334,131.53333333333333,ColonCancer,1.0
278,0.10443333333333334,0.5051666666666667,131.2,ColonCancer,1.0
279,0.10553296296296295,0.5021666666666667,133.07777777777778,ColonCancer,1.0
280,0.10472703703703705,0.5041666666666667,131.92222222222222,ColonCancer,1.0
281,0.10465814814814815,0.5043333333333333,131.9888888888889,ColonCancer,1.0
282,0.10454999999999999,0.5053333333333333,131.9,ColonCancer,1.0
283,0.10324370370370371,0.5053333333333333,129.9333333333333,ColonCancer,1.0
284,0.10395703703703703,0.5063333333333333,130.9333333333333,ColonCancer,1.0
285,0.10391,0.5101666666666667,130.92222222222222,ColonCancer,1.0
286,0.10341703703703703,0.5093333333333333,130.08888888888887,ColonCancer,1.0
287,0.1034762962962963,0.5086666666666666,130.22222222222223,ColonCancer,1.0
288,0.10359296296296296,0.5088333333333334,130.32222222222222,ColonCancer,1.0
289,0.10379074074074074,0.5083333333333333,130.8111111111111,ColonCancer,1.0
290,0.10553703703703704,0.5071666666666667,132.91111111111113,ColonCancer,1.0
291,0.10527666666666667,0.5038333333333332,132.61111111111111,ColonCancer,1.0
292,0.10475333333333332,0.5036666666666666,131.91111111111113,ColonCancer,1.0
293,0.10460555555555556,0.5028333333333334,131.7222222222222,ColonCancer,1.0
294,0.10423629629629631,0.5013333333333333,131.15555555555557,ColonCancer,1.0
295,0.1048622222222222,0.504,132.11111111111111,ColonCancer,1.0
296,0.10434666666666666,0.5053333333333333,131.4,ColonCancer,1.0
297,0.10410518518518519,0.5043333333333333,130.64444444444445,ColonCancer,1.0
298,0.10489111111111112,0.5036666666666666,131.91111111111113,ColonCancer,1.0
299,0.10475962962962963,0.5035,131.54444444444445,ColonCancer,1.0
300,0.10414074074074074,0.5056666666666666,130.64444444444445,ColonCancer,1.0
301,0.10465777777777778,0.5041666666666667,131.37777777777777,ColonCancer,1.0
302,0.1037351851851852,0.5096666666666666,130.4333333333333,ColonCancer,1.0
303,0.10521814814814816,0.5046666666666666,132.2777777777778,ColonCancer,1.0
304,0.10511,0.5053333333333333,132.03333333333333,ColonCancer,1.0
305,0.10454555555555556,0.51,131.8111111111111,ColonCancer,1.0
306,0.10562629629629629,0.5075,133.4777777777778,ColonCancer,1.0
307,0.10436074074074075,0.5098333333333334,131.33333333333334,ColonCancer,1.0
308,0.1037725925925926,0.5056666666666666,131.08888888888887,ColonCancer,1.0
309,0.10437666666666667,0.5038333333333332,131.9888888888889,ColonCancer,1.0
310,0.10492259259259258,0.505,132.14444444444445,ColonCancer,1.0
311,0.10460740740740741,0.5065,131.7111111111111,ColonCancer,1.0
312,0.10452333333333334,0.5078333333333332,131.98888888888888,ColonCancer,1.0
313,0.10416703703703704,0.5098333333333334,131.76666666666668,ColonCancer,1.0
314,0.10392555555555555,0.5025,130.74444444444444,ColonCancer,1.0
315,0.10402814814814815,0.5068333333333334,131.0222222222222,ColonCancer,1.0
316,0.10382925925925925,0.5075,131.0111111111111,ColonCancer,1.0
317,0.10424888888888889,0.5008333333333334,131.08888888888887,ColonCancer,1.0
318,0.10340629629629629,0.5083333333333333,130.2111111111111,ColonCancer,1.0
319,0.10367703703703705,0.5033333333333333,130.20000000000002,ColonCancer,1.0
320,0.10337518518518518,0.506,129.7222222222222,ColonCancer,1.0
321,0.10326962962962964,0.5038333333333332,129.7111111111111,ColonCancer,1.0
322,0.10320888888888889,0.5045000000000001,129.42222222222222,ColonCancer,1.0
323,0.10277296296296295,0.5048333333333334,128.94444444444446,ColonCancer,1.0
324,0.1036925925925926,0.508,130.62222222222223,ColonCancer,1.0
325,0.10376555555555556,0.5093333333333333,130.29999999999998,ColonCancer,1.0
326,0.10446074074074074,0.5078333333333332,131.35555555555555,ColonCancer,1.0
327,0.10405296296296296,0.5068333333333334,131.23333333333335,ColonCancer,1.0
328,0.10419851851851852,0.5048333333333334,131.0666666666667,ColonCancer,1.0
329,0.10408444444444447,0.5078333333333332,131.37777777777777,ColonCancer,1.0
330,0.10481111111111112,0.5066666666666667,132.06666666666666,ColonCancer,1.0
331,0.10413481481481483,0.5081666666666667,130.82222222222222,ColonCancer,1.0
332,0.10485296296296297,0.507,131.94444444444443,ColonCancer,1.0
333,0.10365555555555556,0.5099999999999999,130.42222222222222,ColonCancer,1.0
334,0.10376259259259259,0.5105,130.38888888888889,ColonCancer,1.0
335,0.10427407407407407,0.5115,131.15555555555554,ColonCancer,1.0
336,0.10353925925925926,0.5091666666666667,130.3111111111111,ColonCancer,1.0
337,0.10400481481481481,0.5106666666666667,131.27777777777777,ColonCancer,1.0
338,0.10336185185185186,0.5068333333333334,130.1,ColonCancer,1.0
339,0.10359851851851852,0.5068333333333332,130.55555555555554,ColonCancer,1.0
340,0.10452370370370372,0.5028333333333334,131.6,ColonCancer,1.0
341,0.10408629629629629,0.5036666666666666,130.7888888888889,ColonCancer,1.0
342,0.10382999999999999,0.5026666666666667,130.65555555555557,ColonCancer,1.0
343,0.10430222222222223,0.5021666666666667,130.91111111111113,ColonCancer,1.0
344,0.10462555555555554,0.5033333333333333,131.4333333333333,ColonCancer,1.0
345,0.10324814814814814,0.5101666666666667,129.62222222222223,ColonCancer,1.0
346,0.10302296296296297,0.511,129.64444444444445,ColonCancer,1.0
347,0.10442185185185186,0.5085000000000001,131.36666666666667,ColonCancer,1.0
348,0.10437296296296296,0.5113333333333333,132.29999999999998,ColonCancer,1.0
349,0.10442111111111112,0.5098333333333334,132.16666666666666,ColonCancer,1.0
350,0.1041974074074074,0.5066666666666667,131.4777777777778,ColonCancer,1.0
351,0.10524222222222222,0.5068333333333334,132.86666666666667,ColonCancer,1.0
352,0.10433740740740742,0.5075,132.25555555555556,ColonCancer,1.0
353,0.10404444444444445,0.509,131.82222222222222,ColonCancer,1.0
354,0.10454925925925924,0.5076666666666667,132.25555555555556,ColonCancer,1.0
355,0.10361666666666668,0.5139999999999999,130.9888888888889,ColonCancer,1.0
356,0.10442148148148149,0.5118333333333333,132.33333333333334,ColonCancer,1.0
357,0.10416555555555557,0.5078333333333332,131.12222222222223,ColonCancer,1.0
358,0.10449740740740741,0.505,131.58888888888887,ColonCancer,1.0
359,0.10474444444444443,0.5066666666666667,132.4,ColonCancer,1.0
360,0.10430518518518521,0.506,131.46666666666667,ColonCancer,1.0
361,0.10470407407407407,0.5048333333333334,132.14444444444445,ColonCancer,1.0
362,0.10479000000000001,0.5061666666666667,132.07777777777778,ColonCancer,1.0
363,0.10487666666666667,0.5085000000000001,132.03333333333333,ColonCancer,1.0
364,0.10523925925925925,0.5098333333333334,132.57777777777778,ColonCancer,1.0
365,0.10493629629629629,0.5071666666666667,132.2222222222222,ColonCancer,1.0
366,0.10536481481481481,0.5013333333333333,132.74444444444444,ColonCancer,1.0
367,0.10430037037037038,0.506,131.07777777777778,ColonCancer,1.0
368,0.1037062962962963,0.503,130.38888888888889,ColonCancer,1.0
369,0.1037851851851852,0.5078333333333332,130.17777777777778,ColonCancer,1.0
370,0.10458185185185187,0.507,131.72222222222223,ColonCancer,1.0
371,0.10351518518518517,0.5091666666666667,130.5222222222222,ColonCancer,1.0
372,0.1035322222222222,0.5066666666666667,130.14444444444445,ColonCancer,1.0
373,0.1034188888888889,0.5103333333333333,129.94444444444446,ColonCancer,1.0
374,0.10312370370370372,0.5086666666666666,129.75555555555556,ColonCancer,1.0
375,0.10364777777777778,0.5048333333333334,130.16666666666666,ColonCancer,1.0
376,0.10360629629629631,0.5055,129.96666666666667,ColonCancer,1.0
377,0.10419370370370369,0.508,130.8111111111111,ColonCancer,1.0
378,0.10366814814814813,0.5078333333333332,130.08888888888887,ColonCancer,1.0
379,0.10411,0.5083333333333333,130.85555555555555,ColonCancer,1.0
380,0.10351370370370372,0.5088333333333334,130.1,ColonCancer,1.0
381,0.10391777777777778,0.5091666666666667,130.9777777777778,ColonCancer,1.0
382,0.10392074074074074,0.5081666666666667,131.11111111111111,ColonCancer,1.0
383,0.10360074074074073,0.509,130.66666666666666,ColonCancer,1.0
384,0.10460444444444444,0.5048333333333334,131.93333333333334,ColonCancer,1.0
385,0.10314481481481481,0.5093333333333333,129.83333333333334,ColonCancer,1.0
386,0.10418888888888889,0.5088333333333334,132.04444444444445,ColonCancer,1.0
387,0.10326222222222221,0.5085000000000001,130.08888888888887,ColonCancer,1.0
388,0.10347777777777778,0.5128333333333334,130.04444444444445,ColonCancer,1.0
389,0.10218962962962963,0.5103333333333333,128.55555555555557,ColonCancer,1.0
390,0.10402666666666666,0.5099999999999999,130.6,ColonCancer,1.0
391,0.10357148148148149,0.5083333333333333,130.8111111111111,ColonCancer,1.0
392,0.10271148148148147,0.5083333333333333,129.58888888888887,ColonCancer,1.0
393,0.10258407407407406,0.5115,129.16666666666666,ColonCancer,1.0
