algorithm,wrapper,prior,dataset,run_id,fitness,accuracy,n_selected_features,n_total_features,runtime_seconds
RG-SCSO-MI,KNN,mi,Zoo,0,0.025424999999999906,0.9800000000000001,9,16,166.43652308289893
RG-SCSO-MI,KNN,mi,Zoo,2,0.01677500000000001,0.99,11,16,166.646773833083
RG-SCSO-MI,KNN,mi,Zoo,5,0.02417499999999991,0.9800000000000001,7,16,166.70470412494615
RG-SCSO-MI,KNN,mi,Zoo,7,0.022453571428571403,0.9804761904761905,5,16,167.08057891600765
RG-SCSO-MI,KNN,mi,Zoo,3,0.0249535714285714,0.9804761904761905,9,16,167.1299106660299
RG-SCSO-MI,KNN,mi,Zoo,6,0.023549999999999908,0.9800000000000001,6,16,167.42411504196934
RG-SCSO-MI,KNN,mi,Zoo,1,0.025424999999999906,0.9800000000000001,9,16,167.6236880829092
RG-SCSO-MI,KNN,mi,Zoo,4,0.022453571428571514,0.9804761904761904,5,16,167.61264229216613
RG-SCSO-MI,KNN,mi,Zoo,9,0.022924999999999907,0.9800000000000001,5,16,166.06437708297744
RG-SCSO-MI,KNN,mi,Zoo,12,0.022924999999999907,0.9800000000000001,5,16,165.6895437920466
RG-SCSO-MI,KNN,mi,Zoo,8,0.022924999999999907,0.9800000000000001,5,16,166.67784191598184
RG-SCSO-MI,KNN,mi,Zoo,14,0.022924999999999907,0.9800000000000001,5,16,165.54991195793264
RG-SCSO-MI,KNN,mi,Zoo,13,0.026049999999999907,0.9800000000000001,10,16,165.83385729207657
RG-SCSO-MI,KNN,mi,Zoo,10,0.02479999999999991,0.9800000000000001,8,16,167.17611237498932
RG-SCSO-MI,KNN,mi,Zoo,15,0.026049999999999907,0.9800000000000001,10,16,167.17929920810275
RG-SCSO-MI,KNN,mi,Zoo,11,0.022924999999999907,0.9800000000000001,5,16,167.8946072498802
RG-SCSO-MI,KNN,mi,Zoo,18,0.026049999999999907,0.9800000000000001,10,16,164.59727812511846
RG-SCSO-MI,KNN,mi,Zoo,17,0.022924999999999907,0.9800000000000001,5,16,165.30339333298616
RG-SCSO-MI,KNN,mi,Zoo,16,0.02417499999999991,0.9800000000000001,7,16,166.40657808282413
RG-SCSO-MI,KNN,mi,Zoo,20,0.01490000000000001,0.99,8,16,166.08158462494612
RG-SCSO-MI,KNN,mi,Zoo,19,0.0329785714285713,0.9704761904761906,6,16,166.8187806669157
RG-SCSO-MI,KNN,mi,Zoo,21,0.0323535714285713,0.9704761904761906,5,16,166.25253466702998
RG-SCSO-MI,KNN,mi,Zoo,22,0.022924999999999907,0.9800000000000001,5,16,167.61594662512653
RG-SCSO-MI,KNN,mi,Zoo,23,0.026049999999999907,0.9800000000000001,10,16,167.47773495898582
RG-SCSO-MI,KNN,mi,Zoo,24,0.025424999999999906,0.9800000000000001,9,16,151.13362737488933
RG-SCSO-MI,KNN,mi,Zoo,25,0.01615000000000001,0.99,10,16,150.9105502499733
RG-SCSO-MI,KNN,mi,Zoo,26,0.02417499999999991,0.9800000000000001,7,16,150.09024891606532
RG-SCSO-MI,KNN,mi,Zoo,27,0.022453571428571403,0.9804761904761905,5,16,150.6712130829692
RG-SCSO-MI,KNN,mi,Zoo,29,0.01615000000000001,0.99,10,16,150.4539250419475
RG-SCSO-MI,KNN,mi,Zoo,28,0.02417499999999991,0.9800000000000001,7,16,150.95902558299713
RG-SCSO-MI,KNN,mi,Sonar,1,0.10824912891986067,0.8941927990708478,21,60,314.57881083292887
RG-SCSO-MI,KNN,mi,Sonar,0,0.11784436701509873,0.8846689895470383,22,60,319.5500508749392
RG-SCSO-MI,KNN,mi,Sonar,4,0.11651103368176541,0.8846689895470383,14,60,278.5257961251773
RG-SCSO-MI,KNN,mi,Sonar,2,0.1120150987224158,0.8895470383275261,16,60,312.9035127500538
RG-SCSO-MI,KNN,mi,Sonar,6,0.09793554006968651,0.9036004645760742,15,60,330.8647292498499
RG-SCSO-MI,KNN,mi,Sonar,7,0.10313821138211383,0.8991869918699187,20,60,342.5447329999879
RG-SCSO-MI,KNN,mi,Sonar,5,0.10785249709639953,0.8944250871080139,20,60,344.42177062504925
RG-SCSO-MI,KNN,mi,Sonar,3,0.09860220673635317,0.9036004645760742,19,60,346.1383137500379
RG-SCSO-MI,KNN,mi,Sonar,8,0.0981538908246226,0.9037166085946573,17,60,327.9211383750662
RG-SCSO-MI,KNN,mi,Sonar,9,0.1121416957026714,0.8890824622531939,14,60,328.85942450002767
RG-SCSO-MI,KNN,mi,Sonar,10,0.10313821138211383,0.8991869918699187,20,60,324.0750255410094
RG-SCSO-MI,KNN,mi,Sonar,12,0.10753077816492457,0.8940766550522647,16,60,278.4485650418792
RG-SCSO-MI,KNN,mi,Sonar,13,0.11218176538908246,0.8895470383275261,17,60,298.38230912503786
RG-SCSO-MI,KNN,mi,Sonar,11,0.10740418118466907,0.8945412311265969,18,60,345.6812719157897
RG-SCSO-MI,KNN,mi,Sonar,14,0.1120783972125436,0.88931475029036,15,60,315.93595854216255
RG-SCSO-MI,KNN,mi,Sonar,15,0.08859872241579561,0.913704994192799,19,60,333.45041766692884
RG-SCSO-MI,KNN,mi,Sonar,16,0.11313008130081303,0.8894308943089431,22,60,318.03668433381245
RG-SCSO-MI,KNN,mi,Sonar,17,0.11496341463414637,0.8894308943089431,33,60,336.3203284589108
RG-SCSO-MI,KNN,mi,Sonar,19,0.1255946573751452,0.8754936120789779,14,60,281.10846137511544
RG-SCSO-MI,KNN,mi,Sonar,18,0.09347967479674797,0.9089430894308943,20,60,329.0086152080912
RG-SCSO-MI,KNN,mi,Sonar,20,0.10841579558652734,0.8941927990708478,22,60,324.8631286250893
RG-SCSO-MI,KNN,mi,Sonar,22,0.11774099883855986,0.8844367015098722,20,60,324.63805216690525
RG-SCSO-MI,KNN,mi,Sonar,21,0.1137049941927992,0.8888501742160277,22,60,328.91295575001277
RG-SCSO-MI,KNN,mi,Sonar,23,0.11324506387921027,0.88931475029036,22,60,320.69584345887415
RG-SCSO-MI,KNN,mi,Sonar,25,0.11206678281068522,0.8896631823461092,17,60,323.11317954119295
RG-SCSO-MI,KNN,mi,Sonar,24,0.09836062717770035,0.9041811846689896,21,60,351.1542526250705
RG-SCSO-MI,KNN,mi,Sonar,26,0.1073008130081301,0.8943089430894309,16,60,301.0786302499473
RG-SCSO-MI,KNN,mi,Sonar,27,0.09381300813008131,0.9089430894308943,22,60,319.26712070801295
RG-SCSO-MI,KNN,mi,Sonar,28,0.11694773519163759,0.8849012775842044,18,60,316.5024237080943
RG-SCSO-MI,KNN,mi,WDBC,1,0.026260984319205004,0.9771774569166279,11,30,292.34815595904365
RG-SCSO-MI,KNN,mi,Sonar,29,0.1124518002322881,0.8897793263646921,20,60,325.19211425003596
RG-SCSO-MI,KNN,mi,WDBC,0,0.027997826424468276,0.9754230709517155,11,30,353.5267620838713
RG-SCSO-MI,KNN,mi,WDBC,3,0.021368421052631523,0.9824561403508772,12,30,336.67043908312917
RG-SCSO-MI,KNN,mi,WDBC,2,0.023120633442012123,0.9806862288464524,12,30,356.6538565410301
RG-SCSO-MI,KNN,mi,WDBC,4,0.026943021269989112,0.9771619313771154,13,30,341.9805051248986
RG-SCSO-MI,KNN,mi,WDBC,5,0.02653951249805939,0.9789163173420276,17,30,386.43987466720864
RG-SCSO-MI,KNN,mi,WDBC,6,0.024175438596491294,0.9789473684210526,10,30,355.53068191581406
RG-SCSO-MI,KNN,mi,WDBC,8,0.027609687936655778,0.9771619313771154,15,30,356.9026219579391
RG-SCSO-MI,KNN,mi,WDBC,7,0.024151374010246886,0.9806551777674274,15,30,381.71950158290565
RG-SCSO-MI,KNN,mi,WDBC,9,0.02378730010867879,0.9806862288464524,14,30,356.58557779178955
RG-SCSO-MI,KNN,mi,WDBC,10,0.02523691973296082,0.9788852662630025,13,30,351.7180351249408
RG-SCSO-MI,KNN,mi,WDBC,12,0.025958391554106657,0.9771464058376027,10,30,363.1535208749119
RG-SCSO-MI,KNN,mi,WDBC,11,0.02306582828753317,0.982425089271852,17,30,402.5186381251551
RG-SCSO-MI,KNN,mi,WDBC,14,0.025260984319205006,0.9771774569166279,8,30,347.5344691670034
RG-SCSO-MI,KNN,mi,WDBC,13,0.023469337059462674,0.9806707033069401,13,30,373.8725351248868
RG-SCSO-MI,KNN,mi,WDBC,16,0.024857475547275285,0.9789318428815401,12,30,351.85083708306774
RG-SCSO-MI,KNN,mi,WDBC,15,0.02136842105263174,0.982456140350877,12,30,362.96669741603546
RG-SCSO-MI,KNN,mi,WDBC,17,0.024206179164725835,0.9789163173420278,10,30,367.0702008330263
RG-SCSO-MI,KNN,mi,WDBC,18,0.022787300108678788,0.9806862288464524,11,30,364.3157970830798
RG-SCSO-MI,KNN,mi,WDBC,19,0.021383791336748958,0.9824406148113647,12,30,361.7392902499996
RG-SCSO-MI,KNN,mi,WDBC,20,0.022469337059462784,0.98067070330694,10,30,366.3829573339317
RG-SCSO-MI,KNN,mi,WDBC,21,0.022802670392796116,0.98067070330694,11,30,368.7698115000967
RG-SCSO-MI,KNN,mi,WDBC,22,0.028059307560937913,0.9753609687936654,11,30,362.1805827920325
RG-SCSO-MI,KNN,mi,WDBC,24,0.024554882782176712,0.9789007918025151,11,30,359.59814691590145
RG-SCSO-MI,KNN,mi,WDBC,23,0.02248470734358022,0.9806551777674274,10,30,369.80182175012305
RG-SCSO-MI,KNN,mi,WDBC,25,0.02248470734358022,0.9806551777674274,10,30,364.94327083416283
RG-SCSO-MI,KNN,mi,WDBC,26,0.02419080888060862,0.9789318428815401,10,30,323.29628620808944
RG-SCSO-MI,KNN,mi,WDBC,27,0.024206179164725835,0.9789163173420278,10,30,384.02351600001566
RG-SCSO-MI,KNN,mi,WDBC,28,0.02348470734358022,0.9806551777674274,13,30,366.65650383289903
RG-SCSO-MI,KNN,mi,WDBC,29,0.025958391554106657,0.9771464058376027,10,30,316.2753138751723
RG-SCSO-MI,KNN,mi,ColonCancer,0,0.11570653846153839,0.885897435897436,549,2000,389.9649084159173
RG-SCSO-MI,KNN,mi,ColonCancer,1,0.16157384615384615,0.8397435897435898,584,2000,387.6267456668429
RG-SCSO-MI,KNN,mi,ColonCancer,2,0.08401076923076928,0.9179487179487179,556,2000,388.41903604217805
RG-SCSO-MI,KNN,mi,ColonCancer,3,0.12850884615384625,0.873076923076923,571,2000,385.72195733408444
RG-SCSO-MI,KNN,mi,ColonCancer,4,0.10053576923076922,0.9012820512820513,561,2000,377.5051151250955
RG-SCSO-MI,KNN,mi,ColonCancer,5,0.14621307692307695,0.8551282051282051,558,2000,386.44676695903763
RG-SCSO-MI,KNN,mi,ColonCancer,6,0.11465230769230762,0.8871794871794872,592,2000,386.6442538329866
RG-SCSO-MI,KNN,mi,ColonCancer,7,0.09545384615384615,0.9064102564102564,560,2000,385.6869029169902
RG-SCSO-MI,KNN,mi,ColonCancer,8,0.12830384615384627,0.873076923076923,530,2000,385.77264591585845
RG-SCSO-MI,KNN,mi,ColonCancer,9,0.1158365384615384,0.885897435897436,575,2000,387.99873666698113
RG-SCSO-MI,KNN,mi,ColonCancer,10,0.1157715384615384,0.885897435897436,562,2000,388.4051510419231
RG-SCSO-MI,KNN,mi,ColonCancer,11,0.11325807692307686,0.8884615384615385,567,2000,391.3949653340969
RG-SCSO-MI,KNN,mi,ColonCancer,12,0.14622807692307696,0.8551282051282051,561,2000,395.6398867079988
RG-SCSO-MI,KNN,mi,ColonCancer,13,0.13088730769230777,0.8705128205128204,539,2000,404.9255883330479
RG-SCSO-MI,KNN,mi,ColonCancer,14,0.09546384615384616,0.9064102564102564,562,2000,405.06196441687644
RG-SCSO-MI,KNN,mi,ColonCancer,15,0.11434730769230762,0.8871794871794872,531,2000,402.35111783305183
RG-SCSO-MI,KNN,mi,ColonCancer,16,0.11319807692307686,0.8884615384615385,555,2000,409.282137791859
RG-SCSO-MI,KNN,mi,ColonCancer,17,0.09809730769230769,0.9038461538461539,581,2000,410.110081957886
RG-SCSO-MI,KNN,mi,ColonCancer,18,0.1296380769230768,0.8717948717948719,543,2000,412.4734293750953
RG-SCSO-MI,KNN,mi,ColonCancer,19,0.14764730769230774,0.8538461538461538,591,2000,406.4704572078772
RG-SCSO-MI,KNN,mi,ColonCancer,20,0.13103730769230776,0.8705128205128204,569,2000,414.3176585000474
RG-SCSO-MI,KNN,mi,ColonCancer,21,0.11314307692307686,0.8884615384615385,544,2000,402.28916225000285
RG-SCSO-MI,KNN,mi,ColonCancer,22,0.11454230769230762,0.8871794871794872,570,2000,403.580528707942
RG-SCSO-MI,KNN,mi,ColonCancer,23,0.1627930769230769,0.8384615384615385,574,2000,402.968608958181
RG-SCSO-MI,KNN,mi,ColonCancer,24,0.09929653846153845,0.9025641025641026,567,2000,400.2282148748636
RG-SCSO-MI,KNN,mi,ColonCancer,25,0.09804230769230769,0.9038461538461539,570,2000,401.6376457910519
RG-SCSO-MI,KNN,mi,ColonCancer,26,0.09796730769230769,0.9038461538461539,555,2000,402.5969936249312
RG-SCSO-MI,KNN,mi,ColonCancer,27,0.11471230769230761,0.8871794871794872,604,2000,409.3924499589484
RG-SCSO-MI,KNN,mi,ColonCancer,28,0.16387230769230765,0.8371794871794872,536,2000,415.0940881250426
RG-SCSO-MI,KNN,mi,ColonCancer,29,0.1298080769230768,0.8717948717948719,577,2000,439.4313532919623
RG-SCSO-MI,KNN,mi,Leukemia,0,0.01673316798015757,0.9857142857142858,925,3571,456.6704841668252
RG-SCSO-MI,KNN,mi,Leukemia,1,0.016831179741568936,0.9857142857142858,960,3571,456.03937358385883
RG-SCSO-MI,KNN,mi,Leukemia,2,0.016772372684722116,0.9857142857142858,939,3571,467.12619362492114
RG-SCSO-MI,KNN,mi,Leukemia,3,0.0158071128535424,0.9866666666666667,931,3571,468.48291141702794
RG-SCSO-MI,KNN,mi,Leukemia,4,0.016679961595391396,0.9857142857142858,906,3571,469.7873539580032
RG-SCSO-MI,KNN,mi,Leukemia,5,0.015790310837300453,0.9866666666666667,925,3571,470.6229397908319
RG-SCSO-MI,KNN,mi,Leukemia,6,0.015826715205824675,0.9866666666666667,938,3571,471.9862534168642
RG-SCSO-MI,KNN,mi,Leukemia,7,0.016833980077609265,0.9857142857142858,961,3571,471.6801679590717
RG-SCSO-MI,KNN,mi,Leukemia,8,0.015930327639316694,0.9866666666666667,975,3571,471.6700359170791
RG-SCSO-MI,KNN,mi,Leukemia,9,0.015706300756090707,0.9866666666666667,895,3571,470.92617908283137
RG-SCSO-MI,KNN,mi,Leukemia,10,0.015891122934752144,0.9866666666666667,961,3571,470.3217534578871
RG-SCSO-MI,KNN,mi,Leukemia,11,0.016766772012641467,0.9857142857142858,937,3571,472.32304104208015
RG-SCSO-MI,KNN,mi,Leukemia,12,0.01679197503700439,0.9857142857142858,946,3571,473.2082179998979
RG-SCSO-MI,KNN,mi,Leukemia,13,0.015809913189582726,0.9866666666666667,932,3571,472.45689995912835
RG-SCSO-MI,KNN,mi,Leukemia,14,0.016755570668480168,0.9857142857142858,933,3571,472.72801454085857
RG-SCSO-MI,KNN,mi,Leukemia,15,0.016763971676601142,0.9857142857142858,936,3571,473.7136367079802
RG-SCSO-MI,KNN,mi,Leukemia,16,0.0158183141977037,0.9866666666666667,935,3571,472.6593569999095
RG-SCSO-MI,KNN,mi,Leukemia,17,0.01677517302076244,0.9857142857142858,940,3571,470.91263400018215
RG-SCSO-MI,KNN,mi,Leukemia,18,0.016724766972036596,0.9857142857142858,922,3571,469.74713354208507
RG-SCSO-MI,KNN,mi,Leukemia,19,0.01677517302076244,0.9857142857142858,940,3571,471.4840204580687
RG-SCSO-MI,KNN,mi,Leukemia,20,0.016783574028883416,0.9857142857142858,943,3571,471.46502474998124
RG-SCSO-MI,KNN,mi,Leukemia,21,0.01684798175781089,0.9857142857142858,966,3571,470.85012129112147
RG-SCSO-MI,KNN,mi,Leukemia,22,0.016817178061367313,0.9857142857142858,955,3571,470.5749687498901
RG-SCSO-MI,SVM,mi,Zoo,0,0.022924999999999907,0.9800000000000001,5,16,80.69451391603798
RG-SCSO-MI,KNN,mi,Leukemia,23,0.01581271352562305,0.9866666666666667,933,3571,462.17697337502614
RG-SCSO-MI,KNN,mi,Leukemia,24,0.016763971676601142,0.9857142857142858,936,3571,459.20117441704497
RG-SCSO-MI,KNN,mi,Leukemia,25,0.016856382765931863,0.9857142857142858,969,3571,457.2382350410335
RG-SCSO-MI,SVM,mi,Zoo,1,0.01490000000000001,0.99,8,16,82.77972466615029
RG-SCSO-MI,SVM,mi,Zoo,2,0.016303571428571396,0.9904761904761905,11,16,90.96754550002515
RG-SCSO-MI,SVM,mi,Zoo,3,0.022453571428571403,0.9804761904761905,5,16,93.88633845793083
RG-SCSO-MI,KNN,mi,Leukemia,26,0.016761171340560817,0.9857142857142858,935,3571,438.675629750127
RG-SCSO-MI,SVM,mi,Zoo,4,0.022453571428571514,0.9804761904761904,5,16,94.12154116597958
RG-SCSO-MI,SVM,mi,Zoo,5,0.022924999999999907,0.9800000000000001,5,16,94.15430987486616
RG-SCSO-MI,KNN,mi,Leukemia,27,0.01677517302076244,0.9857142857142858,940,3571,439.7895872918889
RG-SCSO-MI,KNN,mi,Leukemia,28,0.01679757570908504,0.9857142857142858,948,3571,440.1399478749372
RG-SCSO-MI,SVM,mi,Zoo,6,0.01490000000000001,0.99,8,16,104.83700579218566
RG-SCSO-MI,KNN,mi,Leukemia,29,0.016741568988278544,0.9857142857142858,928,3571,447.73933912510984
RG-SCSO-MI,SVM,mi,Zoo,7,0.01490000000000001,0.99,8,16,110.49062175001018
RG-SCSO-MI,SVM,mi,Zoo,8,0.022924999999999907,0.9800000000000001,5,16,109.46808224986307
RG-SCSO-MI,SVM,mi,Zoo,9,0.01427500000000001,0.99,7,16,111.38054391695186
RG-SCSO-MI,SVM,mi,Zoo,10,0.022924999999999907,0.9800000000000001,5,16,111.34313383419067
RG-SCSO-MI,SVM,mi,Zoo,11,0.01490000000000001,0.99,8,16,114.73124950006604
RG-SCSO-MI,SVM,mi,Zoo,12,0.023549999999999908,0.9800000000000001,6,16,115.91538229188882
RG-SCSO-MI,SVM,mi,Zoo,13,0.022924999999999907,0.9800000000000001,5,16,115.33020016713999
RG-SCSO-MI,SVM,mi,Zoo,14,0.01552500000000001,0.99,9,16,115.06422683293931
RG-SCSO-MI,SVM,mi,Zoo,15,0.022453571428571403,0.9804761904761905,5,16,122.13701237482019
RG-SCSO-MI,SVM,mi,Zoo,16,0.022924999999999907,0.9800000000000001,5,16,121.9742565411143
RG-SCSO-MI,SVM,mi,Zoo,17,0.022924999999999907,0.9800000000000001,5,16,122.08660512487404
RG-SCSO-MI,SVM,mi,Zoo,18,0.01615000000000001,0.99,10,16,125.17995358421467
RG-SCSO-MI,SVM,mi,Zoo,19,0.023549999999999908,0.9800000000000001,6,16,123.6790448341053
RG-SCSO-MI,SVM,mi,Zoo,20,0.01490000000000001,0.99,8,16,124.20014629210345
RG-SCSO-MI,SVM,mi,Zoo,21,0.022924999999999907,0.9800000000000001,5,16,122.85417054197751
RG-SCSO-MI,SVM,mi,Zoo,22,0.01490000000000001,0.99,8,16,124.02174345916137
RG-SCSO-MI,SVM,mi,Zoo,23,0.01490000000000001,0.99,8,16,121.7741455831565
RG-SCSO-MI,SVM,mi,Zoo,24,0.016303571428571396,0.9904761904761905,11,16,119.54009625012986
RG-SCSO-MI,SVM,mi,Zoo,25,0.022924999999999907,0.9800000000000001,5,16,120.51236537494697
RG-SCSO-MI,SVM,mi,Zoo,26,0.01490000000000001,0.99,8,16,120.69501333404332
RG-SCSO-MI,SVM,mi,Zoo,27,0.01552500000000001,0.99,9,16,118.94214145909064
RG-SCSO-MI,SVM,mi,Zoo,28,0.022924999999999907,0.9800000000000001,5,16,118.03961095795967
RG-SCSO-MI,SVM,mi,Zoo,29,0.022924999999999907,0.9800000000000001,5,16,118.32802704186179
RG-SCSO-MI,SVM,mi,Sonar,0,0.1029314750290361,0.8987224157955864,16,60,172.68784333392978
RG-SCSO-MI,SVM,mi,Sonar,2,0.10769744483159123,0.8940766550522647,17,60,174.27017387514934
RG-SCSO-MI,SVM,mi,Sonar,1,0.10463821138211384,0.8991869918699187,29,60,177.1001058339607
RG-SCSO-MI,SVM,mi,Sonar,3,0.10797909407665514,0.8939605110336817,18,60,171.80533879203722
RG-SCSO-MI,SVM,mi,Sonar,4,0.10841579558652734,0.8941927990708478,22,60,173.67860745918006
RG-SCSO-MI,SVM,mi,Sonar,5,0.1180743321718932,0.8844367015098722,22,60,171.71901108301245
RG-SCSO-MI,SVM,mi,Sonar,6,0.07012659698025558,0.9328687572590011,22,60,173.33952591684647
RG-SCSO-MI,SVM,mi,Sonar,7,0.09780894308943101,0.9040650406504064,17,60,171.95744808297604
RG-SCSO-MI,SVM,mi,Sonar,8,0.12122531939605109,0.8799070847851336,14,60,167.66281662508845
RG-SCSO-MI,SVM,mi,Sonar,9,0.09859059233449481,0.9039488966318234,21,60,168.85954520804808
RG-SCSO-MI,SVM,mi,Sonar,11,0.10331649245063887,0.8988385598141695,19,60,168.07041362510063
RG-SCSO-MI,SVM,mi,Sonar,10,0.1116701509872242,0.8898954703832752,16,60,172.8467787920963
RG-SCSO-MI,SVM,mi,Sonar,12,0.09888385598141707,0.9034843205574912,20,60,168.2468846249394
RG-SCSO-MI,SVM,mi,Sonar,13,0.11724099883855986,0.8844367015098722,17,60,169.00634466693737
RG-SCSO-MI,SVM,mi,Sonar,14,0.09338792102206747,0.908362369337979,16,60,169.96278312499635
RG-SCSO-MI,SVM,mi,Sonar,15,0.09370963995354244,0.9087108013937282,20,60,169.23323433287442
RG-SCSO-MI,SVM,mi,Sonar,16,0.0982804878048782,0.903252032520325,15,60,169.181241333019
RG-SCSO-MI,SVM,mi,Sonar,17,0.11571777003484324,0.8851335656213705,12,60,170.3135256250389
RG-SCSO-MI,SVM,mi,Sonar,18,0.10280487804878051,0.8991869918699187,18,60,169.89614299987443
RG-SCSO-MI,SVM,mi,Sonar,19,0.13114227642276424,0.8707317073170732,19,60,173.63635287503712
RG-SCSO-MI,SVM,mi,Sonar,20,0.11762601626016263,0.8845528455284553,20,60,169.94222558289766
RG-SCSO-MI,SVM,mi,Sonar,21,0.09747560975609758,0.9040650406504065,15,60,170.02138624992222
RG-SCSO-MI,SVM,mi,Sonar,22,0.11717770034843207,0.8846689895470383,18,60,172.38371079182252
RG-SCSO-MI,SVM,mi,Sonar,23,0.11739605110336815,0.8847851335656214,20,60,172.5072966669686
RG-SCSO-MI,SVM,mi,Sonar,24,0.12576132404181187,0.8754936120789779,15,60,170.1346088750288
RG-SCSO-MI,SVM,mi,Sonar,25,0.1127967479674797,0.8894308943089431,20,60,171.46135525009595
RG-SCSO-MI,SVM,mi,Sonar,26,0.09807897793263654,0.9042973286875725,20,60,171.46759116696194
RG-SCSO-MI,SVM,mi,Sonar,27,0.08484436701509884,0.9180023228803715,22,60,171.25187537493184
RG-SCSO-MI,SVM,mi,Sonar,28,0.09997560975609758,0.9040650406504065,30,60,172.7594163750764
RG-SCSO-MI,SVM,mi,Sonar,29,0.11662601626016264,0.8845528455284553,14,60,168.7185705420561
RG-SCSO-MI,SVM,mi,WDBC,0,0.021717124670082293,0.9824406148113647,13,30,253.7021082090214
RG-SCSO-MI,SVM,mi,WDBC,1,0.021050458003415623,0.9824406148113647,11,30,249.25188029184937
RG-SCSO-MI,SVM,mi,WDBC,2,0.020747865238316947,0.9824095637323398,10,30,250.23179549979977
RG-SCSO-MI,SVM,mi,WDBC,3,0.02003508771929819,0.9824561403508772,8,30,249.360546708107
RG-SCSO-MI,SVM,mi,WDBC,4,0.020701754385964857,0.9824561403508772,10,30,250.73720362479798
RG-SCSO-MI,SVM,mi,WDBC,5,0.020747865238317165,0.9824095637323396,10,30,254.89542404189706
RG-SCSO-MI,SVM,mi,WDBC,6,0.024105263157894796,0.9807017543859649,15,30,251.42256029183045
RG-SCSO-MI,SVM,mi,WDBC,7,0.021383791336748958,0.9824406148113647,12,30,249.49415016593412
RG-SCSO-MI,SVM,mi,WDBC,8,0.020065828287532953,0.9824250892718522,8,30,248.90595779195428
RG-SCSO-MI,SVM,mi,WDBC,9,0.019646949231485907,0.9841950007762769,12,30,251.7811665830668
RG-SCSO-MI,SVM,mi,WDBC,10,0.020763235522434493,0.9823940381928271,10,30,252.75971991708502
RG-SCSO-MI,SVM,mi,WDBC,11,0.021399161620866504,0.982425089271852,12,30,255.31684874999337
RG-SCSO-MI,SVM,mi,WDBC,12,0.020701754385965075,0.982456140350877,10,30,253.7566776247695
RG-SCSO-MI,SVM,mi,WDBC,14,0.019646949231485907,0.9841950007762769,12,30,251.3114881250076
RG-SCSO-MI,SVM,mi,WDBC,13,0.021399161620866504,0.982425089271852,12,30,257.6138820000924
RG-SCSO-MI,SVM,mi,WDBC,15,0.019980282564819242,0.9841950007762769,13,30,254.90850762510672
RG-SCSO-MI,SVM,mi,WDBC,16,0.02173249495419962,0.9824250892718522,13,30,255.15978454216383
RG-SCSO-MI,SVM,mi,WDBC,17,0.02098028256481924,0.9841950007762769,16,30,249.7817883330863
RG-SCSO-MI,SVM,mi,WDBC,18,0.022469337059462784,0.98067070330694,10,30,248.16135970805772
RG-SCSO-MI,SVM,mi,WDBC,19,0.022787300108678788,0.9806862288464524,11,30,248.89405800006352
RG-SCSO-MI,SVM,mi,WDBC,20,0.021081198571650278,0.9824095637323398,11,30,256.06217654189095
RG-SCSO-MI,SVM,mi,WDBC,21,0.020646949231485908,0.9841950007762769,15,30,248.66205450007692
RG-SCSO-MI,SVM,mi,WDBC,22,0.02281804067691355,0.9806551777674274,11,30,254.02497133309953
RG-SCSO-MI,SVM,mi,WDBC,23,0.019910107126222633,0.9859493867411893,18,30,248.90446116705425
RG-SCSO-MI,SVM,mi,WDBC,24,0.022081198571650498,0.9824095637323396,14,30,256.1531970829237
RG-SCSO-MI,SVM,mi,WDBC,25,0.021747865238316948,0.9824095637323398,13,30,250.78550929087214
RG-SCSO-MI,SVM,mi,ColonCancer,0,0.11544653846153839,0.885897435897436,497,2000,162.11959087499417
RG-SCSO-MI,SVM,mi,ColonCancer,1,0.11417230769230761,0.8871794871794872,496,2000,159.24385337485
RG-SCSO-MI,SVM,mi,WDBC,26,0.021383791336748958,0.9824406148113647,12,30,257.8231330830604
RG-SCSO-MI,SVM,mi,WDBC,27,0.01935972675050466,0.9841484241577394,11,30,259.69118229090236
RG-SCSO-MI,SVM,mi,WDBC,29,0.023469337059463004,0.9806707033069397,13,30,252.9915833750274
RG-SCSO-MI,SVM,mi,WDBC,28,0.02206582828753317,0.982425089271852,14,30,254.72681625001132
RG-SCSO-MI,SVM,mi,ColonCancer,2,0.10037076923076922,0.9012820512820513,528,2000,163.51621479191817
RG-SCSO-MI,SVM,mi,ColonCancer,3,0.09659807692307691,0.9051282051282051,535,2000,164.57263141591102
RG-SCSO-MI,SVM,mi,ColonCancer,5,0.11706076923076915,0.8846153846153847,566,2000,164.08033720799722
RG-SCSO-MI,SVM,mi,ColonCancer,4,0.11540153846153839,0.885897435897436,488,2000,164.59798475005664
RG-SCSO-MI,SVM,mi,ColonCancer,6,0.09904153846153844,0.9025641025641026,516,2000,164.86987349996343
RG-SCSO-MI,SVM,mi,ColonCancer,7,0.1116788461538461,0.8897435897435898,505,2000,165.48326062504202
RG-SCSO-MI,SVM,mi,ColonCancer,9,0.11541153846153838,0.885897435897436,490,2000,164.6360126659274
RG-SCSO-MI,SVM,mi,ColonCancer,8,0.09911653846153845,0.9025641025641026,531,2000,166.02286512497813
RG-SCSO-MI,SVM,mi,ColonCancer,10,0.11441230769230762,0.8871794871794872,544,2000,167.32987820799462
RG-SCSO-MI,SVM,mi,ColonCancer,11,0.09783230769230769,0.9038461538461539,528,2000,167.28447654191405
RG-SCSO-MI,SVM,mi,ColonCancer,12,0.0978073076923077,0.9038461538461539,523,2000,168.19706350006163
RG-SCSO-MI,SVM,mi,ColonCancer,13,0.11479230769230762,0.8871794871794872,620,2000,170.5628720840905
RG-SCSO-MI,SVM,mi,ColonCancer,14,0.09663807692307691,0.9051282051282051,543,2000,169.18233970808797
RG-SCSO-MI,SVM,mi,ColonCancer,15,0.1154615384615384,0.885897435897436,500,2000,166.47982091689482
RG-SCSO-MI,SVM,mi,ColonCancer,16,0.11541153846153838,0.885897435897436,490,2000,165.0190775829833
RG-SCSO-MI,SVM,mi,ColonCancer,17,0.09776230769230769,0.9038461538461539,514,2000,166.28348037507385
RG-SCSO-MI,SVM,mi,ColonCancer,18,0.0826815384615384,0.9192307692307693,544,2000,168.0873374589719
RG-SCSO-MI,SVM,mi,ColonCancer,19,0.11421230769230761,0.8871794871794872,504,2000,167.5557566669304
RG-SCSO-MI,SVM,mi,ColonCancer,20,0.09907153846153845,0.9025641025641026,522,2000,164.60107274982147
RG-SCSO-MI,SVM,mi,ColonCancer,21,0.09770230769230769,0.9038461538461539,502,2000,166.6770681249909
RG-SCSO-MI,SVM,mi,ColonCancer,22,0.1153965384615384,0.885897435897436,487,2000,166.71537158288993
RG-SCSO-MI,SVM,mi,ColonCancer,23,0.11432730769230762,0.8871794871794872,527,2000,167.85811033286154
RG-SCSO-MI,SVM,mi,ColonCancer,24,0.09889653846153845,0.9025641025641026,487,2000,166.79497112496756
RG-SCSO-MI,SVM,mi,ColonCancer,25,0.11295807692307686,0.8884615384615385,507,2000,169.17326979199424
RG-SCSO-MI,SVM,mi,ColonCancer,26,0.09667307692307692,0.9051282051282051,550,2000,175.27007812494412
RG-SCSO-MI,SVM,mi,ColonCancer,27,0.10028076923076922,0.9012820512820513,510,2000,177.71099041588604
RG-SCSO-MI,SVM,mi,ColonCancer,28,0.09926653846153845,0.9025641025641026,561,2000,185.74191287509166
RG-SCSO-MI,SVM,mi,ColonCancer,29,0.11419730769230761,0.8871794871794872,501,2000,186.82098020799458
RG-SCSO-MI,SVM,mi,Leukemia,0,0.016805976717206014,0.9857142857142858,951,3571,324.53264425019734
RG-SCSO-MI,SVM,mi,Leukemia,2,0.016761171340560817,0.9857142857142858,935,3571,325.62960479198955
RG-SCSO-MI,SVM,mi,Leukemia,1,0.01679197503700439,0.9857142857142858,946,3571,330.28377204108983
RG-SCSO-MI,SVM,mi,Leukemia,3,0.015821114533744025,0.9866666666666667,936,3571,331.1243322500959
RG-SCSO-MI,SVM,mi,Leukemia,4,0.016833980077609265,0.9857142857142858,961,3571,334.89326704107225
RG-SCSO-MI,SVM,mi,Leukemia,5,0.015821114533744025,0.9866666666666667,936,3571,338.1293950001709
RG-SCSO-MI,SVM,mi,Leukemia,6,0.01588272192663117,0.9866666666666667,958,3571,336.2149722499307
RG-SCSO-MI,SVM,mi,Leukemia,7,0.016772372684722116,0.9857142857142858,939,3571,334.98469224991277
RG-SCSO-MI,SVM,mi,Leukemia,8,0.015868720246429546,0.9866666666666667,953,3571,338.6418085419573
RG-SCSO-MI,SVM,mi,Leukemia,10,0.01583511621394565,0.9866666666666667,941,3571,340.060363833094
RG-SCSO-MI,SVM,mi,Leukemia,9,0.015851918230187598,0.9866666666666667,947,3571,345.2417906250339
RG-SCSO-MI,SVM,mi,Leukemia,11,0.016772372684722116,0.9857142857142858,939,3571,348.90189454099163
RG-SCSO-MI,SVM,mi,Leukemia,12,0.01678077369284309,0.9857142857142858,942,3571,345.08151841606013
RG-SCSO-MI,SVM,mi,Leukemia,13,0.01576790814897785,0.9866666666666667,917,3571,343.19425045792013
RG-SCSO-MI,SVM,mi,Leukemia,14,0.016747169660359194,0.9857142857142858,930,3571,343.6343949169386
RG-SCSO-MI,SVM,mi,Leukemia,15,0.016825579069488287,0.9857142857142858,958,3571,343.0981895001605
RG-SCSO-MI,SVM,mi,Leukemia,16,0.01590512461495377,0.9866666666666667,966,3571,338.3701360828709
RG-SCSO-MI,SVM,mi,Leukemia,17,0.016755570668480168,0.9857142857142858,933,3571,338.1321987078991
RG-SCSO-MI,SVM,mi,Leukemia,18,0.01680877705324634,0.9857142857142858,952,3571,337.8659232920036
RG-SCSO-MI,SVM,mi,Leukemia,19,0.016763971676601142,0.9857142857142858,936,3571,341.5408297081012
RG-SCSO-MI,SVM,mi,Leukemia,20,0.016660359243109123,0.9857142857142858,899,3571,339.89003387489356
RG-SCSO-MI,SVM,mi,Leukemia,21,0.01679197503700439,0.9857142857142858,946,3571,337.0627007081639
RG-SCSO-MI,SVM,mi,Leukemia,22,0.01679757570908504,0.9857142857142858,948,3571,334.65652962517925
RG-SCSO-MI,SVM,mi,Leukemia,23,0.015759507140856877,0.9866666666666667,914,3571,338.49357874994166
RG-SCSO-MI,SVM,mi,Leukemia,24,0.016747169660359194,0.9857142857142858,930,3571,325.54110504104756
RG-SCSO-MI,SVM,mi,Leukemia,25,0.01648673840860898,0.9857142857142858,837,3571,318.82165649998933
RG-SCSO-ReliefF,KNN,relieff,Zoo,0,0.025424999999999906,0.9800000000000001,9,16,206.12191004212946
RG-SCSO-MI,SVM,mi,Leukemia,26,0.016805976717206014,0.9857142857142858,951,3571,320.0593632918317
RG-SCSO-ReliefF,KNN,relieff,Zoo,1,0.025424999999999906,0.9800000000000001,9,16,205.6057645000983
RG-SCSO-MI,SVM,mi,Leukemia,27,0.01679757570908504,0.9857142857142858,948,3571,324.436705583008
RG-SCSO-MI,SVM,mi,Leukemia,28,0.01678077369284309,0.9857142857142858,942,3571,317.33741304208525
RG-SCSO-MI,SVM,mi,Leukemia,29,0.016752770332439843,0.9857142857142858,932,3571,313.761989624938
RG-SCSO-ReliefF,KNN,relieff,Zoo,2,0.026049999999999907,0.9800000000000001,10,16,178.17272887495346
RG-SCSO-ReliefF,KNN,relieff,Zoo,3,0.023857142857142792,0.980952380952381,8,16,171.33932783314958
RG-SCSO-ReliefF,KNN,relieff,Zoo,4,0.024953571428571512,0.9804761904761904,9,16,171.00982037489302
RG-SCSO-ReliefF,KNN,relieff,Zoo,5,0.02417499999999991,0.9800000000000001,7,16,171.32380904094316
RG-SCSO-ReliefF,KNN,relieff,Zoo,6,0.03532500000000002,0.97,9,16,172.98440870898776
RG-SCSO-ReliefF,KNN,relieff,Zoo,7,0.025578571428571402,0.9804761904761905,10,16,169.2610561659094
RG-SCSO-ReliefF,KNN,relieff,Zoo,8,0.026049999999999907,0.9800000000000001,10,16,166.00829966715537
RG-SCSO-ReliefF,KNN,relieff,Zoo,9,0.03345000000000002,0.97,6,16,165.0652168749366
RG-SCSO-ReliefF,KNN,relieff,Zoo,10,0.026049999999999907,0.9800000000000001,10,16,164.34718783386052
RG-SCSO-ReliefF,KNN,relieff,Zoo,12,0.02479999999999991,0.9800000000000001,8,16,164.07749495794997
RG-SCSO-ReliefF,KNN,relieff,Zoo,11,0.02417499999999991,0.9800000000000001,7,16,165.68969354196452
RG-SCSO-ReliefF,KNN,relieff,Zoo,13,0.026049999999999907,0.9800000000000001,10,16,165.4159464999102
RG-SCSO-ReliefF,KNN,relieff,Zoo,14,0.02417499999999991,0.9800000000000001,7,16,165.33370208297856
RG-SCSO-ReliefF,KNN,relieff,Zoo,15,0.025578571428571402,0.9804761904761905,10,16,166.11387341702357
RG-SCSO-ReliefF,KNN,relieff,Zoo,16,0.026049999999999907,0.9800000000000001,10,16,166.35549758397974
RG-SCSO-ReliefF,KNN,relieff,Zoo,17,0.015678571428571396,0.9904761904761905,10,16,164.39110516710207
RG-SCSO-ReliefF,KNN,relieff,Zoo,18,0.025424999999999906,0.9800000000000001,9,16,165.05560912494548
RG-SCSO-ReliefF,KNN,relieff,Zoo,20,0.01615000000000001,0.99,10,16,164.08662683400325
RG-SCSO-ReliefF,KNN,relieff,Zoo,19,0.0342285714285713,0.9704761904761906,8,16,166.15528712491505
RG-SCSO-ReliefF,KNN,relieff,Zoo,21,0.0342285714285713,0.9704761904761906,8,16,164.52493191696703
RG-SCSO-ReliefF,KNN,relieff,Zoo,22,0.02479999999999991,0.9800000000000001,8,16,166.5325856669806
RG-SCSO-ReliefF,KNN,relieff,Zoo,23,0.025424999999999906,0.9800000000000001,9,16,164.90419633314013
RG-SCSO-ReliefF,KNN,relieff,Zoo,24,0.025424999999999906,0.9800000000000001,9,16,163.4057147500571
RG-SCSO-ReliefF,KNN,relieff,Zoo,25,0.01615000000000001,0.99,10,16,159.8550570840016
RG-SCSO-ReliefF,KNN,relieff,Zoo,26,0.026674999999999907,0.9800000000000001,11,16,148.46870054211468
RG-SCSO-ReliefF,KNN,relieff,Zoo,27,0.01677500000000001,0.99,11,16,136.79498129105195
RG-SCSO-ReliefF,KNN,relieff,Zoo,28,0.026049999999999907,0.9800000000000001,10,16,136.95051824999973
RG-SCSO-ReliefF,KNN,relieff,Zoo,29,0.025424999999999906,0.9800000000000001,9,16,136.03244529198855
RG-SCSO-ReliefF,KNN,relieff,Sonar,0,0.1195110336817654,0.8846689895470383,32,60,349.0363701249007
RG-SCSO-ReliefF,KNN,relieff,Sonar,1,0.11468176538908256,0.889547038327526,32,60,344.4474813330453
RG-SCSO-ReliefF,KNN,relieff,Sonar,2,0.10547154471544717,0.8991869918699187,34,60,337.1984445839189
RG-SCSO-ReliefF,KNN,relieff,Sonar,3,0.11023751451800229,0.894541231126597,35,60,336.56962216598913
RG-SCSO-ReliefF,KNN,relieff,Sonar,4,0.11463008130081304,0.8894308943089431,31,60,341.7798492501024
RG-SCSO-ReliefF,KNN,relieff,Sonar,5,0.1292212543554007,0.8750290360046458,33,60,346.33366379211657
RG-SCSO-ReliefF,KNN,relieff,Sonar,6,0.1009988385598143,0.9033681765389081,32,60,346.496060666861
RG-SCSO-ReliefF,KNN,relieff,Sonar,7,0.13753484320557496,0.8656213704994192,27,60,347.1829297908116
RG-SCSO-ReliefF,KNN,relieff,Sonar,8,0.09116202090592342,0.9134727061556329,33,60,362.5689355840441
RG-SCSO-ReliefF,KNN,relieff,Sonar,9,0.11895934959349597,0.8845528455284553,28,60,362.4281585419085
RG-SCSO-ReliefF,KNN,relieff,Sonar,10,0.1147967479674797,0.8894308943089431,32,60,368.43049045908265
RG-SCSO-ReliefF,KNN,relieff,Sonar,11,0.11911440185830437,0.8849012775842043,31,60,367.3546077918727
RG-SCSO-ReliefF,KNN,relieff,Sonar,12,0.10509814169570277,0.8987224157955864,29,60,370.84233516594395
RG-SCSO-ReliefF,KNN,relieff,Sonar,13,0.11845934959349597,0.8845528455284553,25,60,369.72946883318946
RG-SCSO-ReliefF,KNN,relieff,Sonar,14,0.09105865272938454,0.9132404181184668,31,60,370.0368534999434
RG-SCSO-ReliefF,KNN,relieff,Sonar,15,0.11461846689895477,0.8897793263646921,33,60,370.895963416202
RG-SCSO-ReliefF,KNN,relieff,Sonar,16,0.11905110336817656,0.8851335656213705,32,60,356.23031574999914
RG-SCSO-ReliefF,KNN,relieff,Sonar,17,0.10043554006968651,0.9036004645760742,30,60,355.4867760420311
RG-SCSO-ReliefF,KNN,relieff,Sonar,18,0.1094558652729384,0.8946573751451801,31,60,352.23744716704823
RG-SCSO-ReliefF,KNN,relieff,Sonar,19,0.1235987224157956,0.8803716608594657,31,60,350.9501803338062
RG-SCSO-ReliefF,KNN,relieff,Sonar,20,0.11947096399535433,0.8842044134727061,29,60,352.86600383301266
RG-SCSO-ReliefF,KNN,relieff,Sonar,21,0.12008594657375156,0.884088269454123,32,60,347.84985395893455
RG-SCSO-ReliefF,KNN,relieff,Sonar,22,0.12562195121951222,0.8796747967479674,39,60,347.2000191670377
RG-SCSO-ReliefF,KNN,relieff,Sonar,23,0.128554587688734,0.8750290360046458,29,60,347.9221910000779
RG-SCSO-ReliefF,KNN,relieff,Sonar,24,0.11491173054587693,0.88931475029036,32,60,376.96752683306113
RG-SCSO-ReliefF,KNN,relieff,Sonar,25,0.10363821138211383,0.8991869918699187,23,60,376.5499444580637
RG-SCSO-ReliefF,KNN,relieff,Sonar,26,0.10553484320557498,0.8989547038327526,33,60,377.6410963330418
RG-SCSO-ReliefF,KNN,relieff,Sonar,27,0.10047560975609758,0.9040650406504065,33,60,380.9393245000392
RG-SCSO-ReliefF,KNN,relieff,Sonar,28,0.09627293844367024,0.908478513356562,34,60,379.9299157920759
RG-SCSO-ReliefF,KNN,relieff,Sonar,29,0.12915795586527287,0.8752613240418119,34,60,380.95189741719514
RG-SCSO-ReliefF,KNN,relieff,WDBC,0,0.026609687936655777,0.9771619313771154,12,30,466.7021399999503
RG-SCSO-ReliefF,KNN,relieff,WDBC,1,0.027539512498059165,0.9789163173420278,20,30,514.673668375006
RG-SCSO-ReliefF,KNN,relieff,WDBC,2,0.026206179164725833,0.9789163173420278,16,30,507.5031627919525
RG-SCSO-ReliefF,KNN,relieff,WDBC,3,0.02792765098587167,0.9771774569166279,16,30,507.7400614169892
RG-SCSO-ReliefF,KNN,relieff,WDBC,4,0.027260984319205227,0.9771774569166277,14,30,486.2054343749769
RG-SCSO-ReliefF,KNN,relieff,WDBC,5,0.026190808880608617,0.9789318428815401,16,30,513.2676232079975
RG-SCSO-ReliefF,KNN,relieff,WDBC,6,0.029594317652538338,0.9771774569166279,21,30,503.92983695911244
RG-SCSO-ReliefF,KNN,relieff,WDBC,7,0.02242990218910116,0.9823940381928271,15,30,493.490877666045
RG-SCSO-ReliefF,KNN,relieff,WDBC,8,0.026857475547275286,0.9789318428815401,18,30,470.7677080829162
RG-SCSO-ReliefF,KNN,relieff,WDBC,9,0.024717124670082403,0.9824406148113646,22,30,512.6796242501587
RG-SCSO-ReliefF,KNN,relieff,WDBC,10,0.027625058220773324,0.9771464058376027,15,30,489.3353567500599
RG-SCSO-ReliefF,KNN,relieff,WDBC,11,0.023383791336748956,0.9824406148113647,18,30,510.36579587496817
RG-SCSO-ReliefF,KNN,relieff,WDBC,12,0.025120633442012125,0.9806862288464524,18,30,516.8478462500498
RG-SCSO-ReliefF,KNN,relieff,WDBC,13,0.024484707343580218,0.9806551777674274,16,30,497.23122349986807
RG-SCSO-ReliefF,KNN,relieff,WDBC,14,0.022701754385965073,0.982456140350877,16,30,479.81262512505054
RG-SCSO-ReliefF,KNN,relieff,WDBC,15,0.025857475547275285,0.9789318428815401,15,30,504.1460575410165
RG-SCSO-ReliefF,KNN,relieff,WDBC,16,0.025453966775345456,0.9806862288464524,19,30,498.74766779202037
RG-SCSO-ReliefF,KNN,relieff,WDBC,17,0.02643859649122813,0.9807017543859649,22,30,513.7740749579389
RG-SCSO-ReliefF,KNN,relieff,WDBC,18,0.024120633442012124,0.9806862288464524,15,30,488.87349004205316
RG-SCSO-ReliefF,KNN,relieff,WDBC,19,0.026539512498059168,0.9789163173420278,17,30,512.4918092500884
RG-SCSO-ReliefF,KNN,relieff,WDBC,20,0.024484707343580218,0.9806551777674274,16,30,509.10915970779024
RG-SCSO-ReliefF,KNN,relieff,WDBC,21,0.026927650985871673,0.9771774569166279,13,30,491.3994841668755
RG-SCSO-ReliefF,KNN,relieff,WDBC,22,0.029043937276820368,0.9753764943331781,14,30,476.35553058306687
RG-SCSO-ReliefF,KNN,relieff,WDBC,23,0.024065828287532953,0.9824250892718522,20,30,518.8725541250315
RG-SCSO-ReliefF,KNN,relieff,WDBC,24,0.02723691973296082,0.9788852662630025,19,30,520.8451458748896
RG-SCSO-ReliefF,KNN,relieff,WDBC,25,0.023732494954199837,0.982425089271852,19,30,507.00538449990563
RG-SCSO-ReliefF,KNN,relieff,ColonCancer,0,0.14987230769230772,0.8538461538461538,1036,2000,429.2559793749824
RG-SCSO-ReliefF,KNN,relieff,WDBC,26,0.023368421052631524,0.9824561403508772,18,30,540.6513750408776
RG-SCSO-ReliefF,KNN,relieff,WDBC,28,0.02552414221394195,0.9789318428815401,14,30,479.34736325009726
RG-SCSO-ReliefF,KNN,relieff,WDBC,27,0.025888216115510048,0.9789007918025151,15,30,513.9721977079753
RG-SCSO-ReliefF,KNN,relieff,ColonCancer,1,0.19701884615384613,0.8064102564102564,1073,2000,433.15814425004646
RG-SCSO-ReliefF,KNN,relieff,WDBC,29,0.025151374010246884,0.9806551777674274,18,30,538.7431703330949
RG-SCSO-ReliefF,KNN,relieff,ColonCancer,2,0.11919076923076916,0.8846153846153847,992,2000,440.2077677499037
RG-SCSO-ReliefF,KNN,relieff,ColonCancer,3,0.16388384615384616,0.8397435897435898,1046,2000,447.16749220807105
RG-SCSO-ReliefF,KNN,relieff,ColonCancer,4,0.11937076923076916,0.8846153846153847,1028,2000,460.3135501658544
RG-SCSO-ReliefF,KNN,relieff,ColonCancer,5,0.19546461538461538,0.8076923076923077,1016,2000,463.096784792142
RG-SCSO-ReliefF,KNN,relieff,ColonCancer,6,0.14978730769230772,0.8538461538461538,1019,2000,462.6483886667993
RG-SCSO-ReliefF,KNN,relieff,ColonCancer,7,0.1143288461538461,0.8897435897435898,1035,2000,464.6051505829673
RG-SCSO-ReliefF,KNN,relieff,ColonCancer,8,0.14599461538461544,0.8576923076923076,1022,2000,465.6084965420887
RG-SCSO-ReliefF,KNN,relieff,ColonCancer,9,0.1471588461538462,0.8564102564102564,1001,2000,466.4765447501559
RG-SCSO-ReliefF,KNN,relieff,ColonCancer,10,0.14980230769230773,0.8538461538461538,1022,2000,464.86024520918727
RG-SCSO-ReliefF,KNN,relieff,ColonCancer,11,0.1471288461538462,0.8564102564102564,995,2000,461.5699297499377
RG-SCSO-ReliefF,KNN,relieff,ColonCancer,12,0.16498807692307688,0.8384615384615385,1013,2000,460.8762250409927
RG-SCSO-ReliefF,KNN,relieff,ColonCancer,14,0.1294246153846155,0.8743589743589743,1008,2000,459.15177929215133
RG-SCSO-ReliefF,KNN,relieff,ColonCancer,13,0.16385884615384613,0.8397435897435898,1041,2000,460.62776637496427
RG-SCSO-ReliefF,KNN,relieff,ColonCancer,15,0.13220807692307682,0.8717948717948719,1057,2000,459.4812261669431
RG-SCSO-ReliefF,KNN,relieff,ColonCancer,16,0.13095384615384625,0.873076923076923,1060,2000,459.11342116585
RG-SCSO-ReliefF,KNN,relieff,ColonCancer,17,0.1295046153846155,0.8743589743589743,1024,2000,458.92785549978726
RG-SCSO-ReliefF,KNN,relieff,ColonCancer,18,0.1650330769230769,0.8384615384615385,1022,2000,456.91564724990167
RG-SCSO-ReliefF,KNN,relieff,ColonCancer,19,0.18154807692307684,0.8217948717948719,1025,2000,458.613187875133
RG-SCSO-ReliefF,KNN,relieff,ColonCancer,20,0.14994730769230774,0.8538461538461538,1051,2000,463.3009517081082
RG-SCSO-ReliefF,KNN,relieff,ColonCancer,21,0.11558807692307708,0.8884615384615383,1033,2000,464.97832445800304
RG-SCSO-ReliefF,KNN,relieff,ColonCancer,22,0.1319880769230768,0.8717948717948719,1013,2000,465.2347486668732
RG-SCSO-ReliefF,KNN,relieff,ColonCancer,23,0.21308884615384607,0.7897435897435898,987,2000,464.410125290975
RG-SCSO-ReliefF,KNN,relieff,ColonCancer,24,0.1321330769230768,0.8717948717948719,1042,2000,465.31126808398403
RG-SCSO-ReliefF,KNN,relieff,ColonCancer,25,0.13071384615384604,0.8730769230769232,1012,2000,465.52262070798315
RG-SCSO-ReliefF,KNN,relieff,ColonCancer,26,0.13075884615384603,0.8730769230769232,1021,2000,467.3765674580354
RG-SCSO-ReliefF,KNN,relieff,ColonCancer,27,0.13458653846153854,0.8692307692307691,1025,2000,468.49386425013654
RG-SCSO-ReliefF,KNN,relieff,ColonCancer,28,0.2134238461538462,0.7897435897435897,1054,2000,478.80406316695735
RG-SCSO-ReliefF,KNN,relieff,ColonCancer,29,0.16259461538461548,0.8410256410256409,1042,2000,480.03427883284166
RG-SCSO-ReliefF,KNN,relieff,Leukemia,0,0.01904904588550621,0.9857142857142858,1752,3571,506.2211497090757
RG-SCSO-ReliefF,KNN,relieff,Leukemia,1,0.019009841180941664,0.9857142857142858,1738,3571,506.4199190828949
RG-SCSO-ReliefF,KNN,relieff,Leukemia,2,0.01899583950074004,0.9857142857142858,1733,3571,505.86685024993494
RG-SCSO-ReliefF,KNN,relieff,Leukemia,3,0.018226603192383062,0.9866666666666667,1795,3571,509.98781437496655
RG-SCSO-ReliefF,KNN,relieff,Leukemia,4,0.018998639836780365,0.9857142857142858,1734,3571,509.7954545421526
RG-SCSO-ReliefF,KNN,relieff,Leukemia,5,0.018072584710165197,0.9866666666666667,1740,3571,510.7665788331069
RG-SCSO-ReliefF,KNN,relieff,Leukemia,6,0.01809778773452812,0.9866666666666667,1749,3571,525.2450403750408
RG-SCSO-ReliefF,KNN,relieff,Leukemia,7,0.01896783614033679,0.9857142857142858,1723,3571,526.922473249957
RG-SCSO-ReliefF,KNN,relieff,Leukemia,8,0.01817339680761689,0.9866666666666667,1776,3571,526.1969959170092
RG-SCSO-ReliefF,KNN,relieff,Leukemia,9,0.018125791094931367,0.9866666666666667,1759,3571,525.0387579170056
RG-SCSO-ReliefF,KNN,relieff,Leukemia,10,0.018106188742649094,0.9866666666666667,1752,3571,526.2563896251377
RG-SCSO-ReliefF,KNN,relieff,Leukemia,11,0.01910785294235303,0.9857142857142858,1773,3571,528.7389920409769
RG-SCSO-ReliefF,KNN,relieff,Leukemia,12,0.018928631435772243,0.9857142857142858,1709,3571,527.9413394590374
RG-SCSO-ReliefF,KNN,relieff,Leukemia,13,0.01806418370204422,0.9866666666666667,1737,3571,527.5131165829953
RG-SCSO-ReliefF,KNN,relieff,Leukemia,14,0.019105052606312706,0.9857142857142858,1772,3571,520.4203272501472
RG-SCSO-ReliefF,KNN,relieff,Leukemia,15,0.019026643197183613,0.9857142857142858,1744,3571,520.5872504168656
RG-SCSO-ReliefF,KNN,relieff,Leukemia,16,0.01808658639036682,0.9866666666666667,1745,3571,521.4862322499976
RG-SCSO-ReliefF,KNN,relieff,Leukemia,17,0.01910785294235303,0.9857142857142858,1773,3571,520.3744554170407
RG-SCSO-ReliefF,KNN,relieff,Leukemia,18,0.01896223546825614,0.9857142857142858,1721,3571,515.443038625177
RG-SCSO-ReliefF,KNN,relieff,Leukemia,19,0.01900144017282069,0.9857142857142858,1735,3571,518.0469235840719
RG-SCSO-ReliefF,KNN,relieff,Leukemia,20,0.018928631435772243,0.9857142857142858,1709,3571,516.5422862500418
RG-SCSO-ReliefF,KNN,relieff,Leukemia,21,0.01900704084490134,0.9857142857142858,1737,3571,515.5395899580326
RG-SCSO-ReliefF,KNN,relieff,Leukemia,22,0.018998639836780365,0.9857142857142858,1734,3571,518.5160127501003
RG-SCSO-ReliefF,KNN,relieff,Leukemia,23,0.01819579949593949,0.9866666666666667,1784,3571,516.705188583117
RG-SCSO-ReliefF,KNN,relieff,Leukemia,24,0.018981837820538413,0.9857142857142858,1728,3571,514.2164590421598
RG-SCSO-ReliefF,KNN,relieff,Leukemia,25,0.019077049245909458,0.9857142857142858,1762,3571,509.7305023749359
RG-SCSO-ReliefF,SVM,relieff,Zoo,0,0.01552500000000001,0.99,9,16,93.8293035000097
RG-SCSO-ReliefF,KNN,relieff,Leukemia,26,0.018965035804296464,0.9857142857142858,1722,3571,507.37887845910154
RG-SCSO-ReliefF,KNN,relieff,Leukemia,27,0.018998639836780365,0.9857142857142858,1734,3571,507.10413362504914
RG-SCSO-ReliefF,SVM,relieff,Zoo,1,0.01615000000000001,0.99,10,16,107.16234045778401
RG-SCSO-ReliefF,KNN,relieff,Leukemia,28,0.01904904588550621,0.9857142857142858,1752,3571,506.55741991614923
RG-SCSO-ReliefF,SVM,relieff,Zoo,2,0.01552500000000001,0.99,9,16,114.04041062504984
RG-SCSO-ReliefF,SVM,relieff,Zoo,3,0.023549999999999908,0.9800000000000001,6,16,116.53871875000186
RG-SCSO-ReliefF,SVM,relieff,Zoo,4,0.02323214285714279,0.980952380952381,7,16,117.67520474991761
RG-SCSO-ReliefF,SVM,relieff,Zoo,5,0.01677500000000001,0.99,11,16,121.0101891248487
RG-SCSO-ReliefF,SVM,relieff,Zoo,6,0.01552500000000001,0.99,9,16,122.90565741597675
RG-SCSO-ReliefF,SVM,relieff,Zoo,7,0.01552500000000001,0.99,9,16,123.38174108299427
RG-SCSO-ReliefF,KNN,relieff,Leukemia,29,0.018937032443893217,0.9857142857142858,1712,3571,522.7771334999707
RG-SCSO-ReliefF,SVM,relieff,Zoo,8,0.02417499999999991,0.9800000000000001,7,16,125.40749904187396
RG-SCSO-ReliefF,SVM,relieff,Zoo,9,0.01490000000000001,0.99,8,16,128.25442679203115
RG-SCSO-ReliefF,SVM,relieff,Zoo,10,0.01677500000000001,0.99,11,16,126.24668491608463
RG-SCSO-ReliefF,SVM,relieff,Zoo,11,0.01615000000000001,0.99,10,16,129.45292079099454
RG-SCSO-ReliefF,SVM,relieff,Zoo,12,0.02417499999999991,0.9800000000000001,7,16,127.02651654183865
RG-SCSO-ReliefF,SVM,relieff,Zoo,13,0.023549999999999908,0.9800000000000001,6,16,126.47599975019693
RG-SCSO-ReliefF,SVM,relieff,Zoo,14,0.01490000000000001,0.99,8,16,129.3910373330582
RG-SCSO-ReliefF,SVM,relieff,Zoo,15,0.023703571428571404,0.9804761904761905,7,16,128.72534720785916
RG-SCSO-ReliefF,SVM,relieff,Zoo,16,0.022924999999999907,0.9800000000000001,5,16,127.38537125010043
RG-SCSO-ReliefF,SVM,relieff,Zoo,17,0.01552500000000001,0.99,9,16,130.58219704101793
RG-SCSO-ReliefF,SVM,relieff,Zoo,18,0.01552500000000001,0.99,9,16,128.99164791684598
RG-SCSO-ReliefF,SVM,relieff,Zoo,19,0.023703571428571404,0.9804761904761905,7,16,127.01403320790268
RG-SCSO-ReliefF,SVM,relieff,Zoo,20,0.01552500000000001,0.99,9,16,129.2037479998544
RG-SCSO-ReliefF,SVM,relieff,Zoo,21,0.023703571428571515,0.9804761904761904,7,16,127.75577891711146
RG-SCSO-ReliefF,SVM,relieff,Zoo,22,0.01552500000000001,0.99,9,16,130.30252575012855
RG-SCSO-ReliefF,SVM,relieff,Zoo,23,0.01552500000000001,0.99,9,16,127.87172366608866
RG-SCSO-ReliefF,SVM,relieff,Zoo,24,0.01552500000000001,0.99,9,16,127.86755679198541
RG-SCSO-ReliefF,SVM,relieff,Zoo,25,0.02417499999999991,0.9800000000000001,7,16,128.10429624980316
RG-SCSO-ReliefF,SVM,relieff,Zoo,26,0.01490000000000001,0.99,8,16,128.55257049994543
RG-SCSO-ReliefF,SVM,relieff,Zoo,27,0.01615000000000001,0.99,10,16,129.97038262500428
RG-SCSO-ReliefF,SVM,relieff,Zoo,28,0.01490000000000001,0.99,8,16,130.12193020805717
RG-SCSO-ReliefF,SVM,relieff,Zoo,29,0.02479999999999991,0.9800000000000001,8,16,128.9282948328182
RG-SCSO-ReliefF,SVM,relieff,Sonar,0,0.09586469221835074,0.9090592334494774,35,60,194.07619516691193
RG-SCSO-ReliefF,SVM,relieff,Sonar,1,0.11518176538908247,0.8895470383275261,35,60,195.4733437919058
RG-SCSO-ReliefF,SVM,relieff,Sonar,2,0.09049535423925674,0.9134727061556329,29,60,192.88501708302647
RG-SCSO-ReliefF,SVM,relieff,Sonar,3,0.08201509872241591,0.9228803716608593,34,60,195.14972599991597
RG-SCSO-ReliefF,SVM,relieff,Sonar,4,0.10969744483159123,0.8940766550522647,29,60,194.02954199980013
RG-SCSO-ReliefF,SVM,relieff,Sonar,5,0.11967770034843207,0.8846689895470383,33,60,192.63130933302455
RG-SCSO-ReliefF,SVM,relieff,Sonar,6,0.10082055749128928,0.9037166085946573,33,60,193.0954150420148
RG-SCSO-ReliefF,SVM,relieff,Sonar,7,0.0996538908246226,0.9037166085946573,26,60,191.8907616250217
RG-SCSO-ReliefF,SVM,relieff,Sonar,8,0.11384843205574914,0.8895470383275261,27,60,191.88123770896345
RG-SCSO-ReliefF,SVM,relieff,Sonar,10,0.12299535423925673,0.8801393728222996,26,60,188.48419962497428
RG-SCSO-ReliefF,SVM,relieff,Sonar,9,0.0965029036004647,0.9082462253193959,34,60,193.1882315829862
RG-SCSO-ReliefF,SVM,relieff,Sonar,11,0.10553484320557498,0.8989547038327526,33,60,193.7983331659343
RG-SCSO-ReliefF,SVM,relieff,Sonar,12,0.11126074332171904,0.8938443670150986,37,60,192.7539993750397
RG-SCSO-ReliefF,SVM,relieff,Sonar,13,0.12417363530778167,0.8797909407665505,31,60,190.95729200006463
RG-SCSO-ReliefF,SVM,relieff,Sonar,14,0.10541986062717774,0.8990708478513356,33,60,193.3045046250336
RG-SCSO-ReliefF,SVM,relieff,Sonar,15,0.09959059233449481,0.9039488966318234,27,60,191.57957870792598
RG-SCSO-ReliefF,SVM,relieff,Sonar,16,0.10564982578397221,0.8988385598141695,33,60,191.494712542044
RG-SCSO-ReliefF,SVM,relieff,Sonar,17,0.10518989547038328,0.8993031358885017,33,60,190.38143362500705
RG-SCSO-ReliefF,SVM,relieff,Sonar,18,0.10037224157955871,0.9038327526132404,31,60,191.36084600002505
RG-SCSO-ReliefF,SVM,relieff,Sonar,19,0.13314227642276424,0.8707317073170732,31,60,192.37137312511913
RG-SCSO-ReliefF,SVM,relieff,Sonar,20,0.11480836236933807,0.8890824622531939,30,60,190.86401191703044
RG-SCSO-ReliefF,SVM,relieff,Sonar,21,0.1151416957026714,0.8890824622531939,32,60,188.90750425006263
RG-SCSO-ReliefF,SVM,relieff,Sonar,22,0.1139233449477353,0.8889663182346108,24,60,189.17025029216893
RG-SCSO-ReliefF,SVM,relieff,Sonar,23,0.11524506387921027,0.88931475029036,34,60,191.50140616716817
RG-SCSO-ReliefF,SVM,relieff,Sonar,24,0.10903077816492457,0.8940766550522647,25,60,190.37482604198158
RG-SCSO-ReliefF,SVM,relieff,Sonar,25,0.10626480836236944,0.8987224157955864,36,60,188.48741933400743
RG-SCSO-ReliefF,SVM,relieff,Sonar,26,0.10059059233449481,0.9039488966318234,33,60,192.58151429099962
RG-SCSO-ReliefF,SVM,relieff,Sonar,27,0.1050865272938444,0.8990708478513356,31,60,193.5695758331567
RG-SCSO-ReliefF,SVM,relieff,Sonar,28,0.09076538908246227,0.913704994192799,32,60,192.09780399990268
RG-SCSO-ReliefF,SVM,relieff,Sonar,29,0.1137967479674797,0.8894308943089431,26,60,190.56408437504433
RG-SCSO-ReliefF,SVM,relieff,WDBC,0,0.021313615898152574,0.9841950007762769,17,30,281.3033765000291
RG-SCSO-ReliefF,SVM,relieff,WDBC,1,0.02303508771929819,0.9824561403508772,17,30,279.8705542089883
RG-SCSO-ReliefF,SVM,relieff,WDBC,2,0.021631578947368467,0.9842105263157894,18,30,282.2400875000749
RG-SCSO-ReliefF,SVM,relieff,WDBC,3,0.02303508771929819,0.9824561403508772,17,30,283.08130791713484
RG-SCSO-ReliefF,SVM,relieff,WDBC,4,0.021631578947368467,0.9842105263157894,18,30,281.14478316693567
RG-SCSO-ReliefF,SVM,relieff,WDBC,5,0.021011023133054002,0.9841639496972518,16,30,287.5311297920998
RG-SCSO-ReliefF,SVM,relieff,WDBC,6,0.026120633442012122,0.9806862288464524,21,30,284.08348583313636
RG-SCSO-ReliefF,SVM,relieff,WDBC,7,0.021328986182269898,0.9841794752367644,17,30,282.04146954091266
RG-SCSO-ReliefF,SVM,relieff,WDBC,8,0.02371712467008229,0.9824406148113647,19,30,285.115655249916
RG-SCSO-ReliefF,SVM,relieff,WDBC,9,0.022313615898152575,0.9841950007762769,20,30,282.82262729108334
RG-SCSO-ReliefF,SVM,relieff,WDBC,10,0.02206582828753317,0.982425089271852,14,30,283.9159277500585
RG-SCSO-ReliefF,SVM,relieff,WDBC,11,0.022399161620866505,0.982425089271852,15,30,277.4266956669744
RG-SCSO-ReliefF,SVM,relieff,WDBC,12,0.024050458003415626,0.9824406148113647,20,30,285.5095642909873
RG-SCSO-ReliefF,SVM,relieff,WDBC,13,0.02208119857165028,0.9824095637323398,14,30,281.54228012496606
RG-SCSO-ReliefF,SVM,relieff,WDBC,14,0.022368421052631524,0.9824561403508772,15,30,279.3513608330395
RG-SCSO-ReliefF,SVM,relieff,WDBC,15,0.02098028256481924,0.9841950007762769,16,30,280.0979049161542
RG-SCSO-ReliefF,SVM,relieff,WDBC,16,0.023050458003415625,0.9824406148113647,17,30,280.8080911668949
RG-SCSO-ReliefF,SVM,relieff,WDBC,17,0.02173249495419962,0.9824250892718522,13,30,278.90365512506105
RG-SCSO-ReliefF,SVM,relieff,WDBC,18,0.022368421052631524,0.9824561403508772,15,30,280.9981822920963
RG-SCSO-ReliefF,SVM,relieff,WDBC,19,0.021344356466387337,0.9841639496972518,17,30,281.19435345800593
RG-SCSO-ReliefF,SVM,relieff,WDBC,20,0.020328986182269897,0.9841794752367644,14,30,283.7632686670404
RG-SCSO-ReliefF,SVM,relieff,WDBC,21,0.021717124670082293,0.9824406148113647,13,30,286.29981491691433
RG-SCSO-ReliefF,SVM,relieff,WDBC,23,0.02022807017543864,0.9859649122807017,19,30,281.17364545795135
RG-SCSO-ReliefF,SVM,relieff,WDBC,22,0.02208119857165028,0.9824095637323398,14,30,285.7252193749882
RG-SCSO-ReliefF,SVM,relieff,WDBC,24,0.021328986182269898,0.9841794752367644,17,30,291.6732269579079
RG-SCSO-ReliefF,SVM,relieff,WDBC,25,0.021313615898152352,0.9841950007762771,17,30,287.9039994170889
RG-SCSO-ReliefF,SVM,relieff,WDBC,26,0.01922807017543864,0.9859649122807017,16,30,303.4831152919214
RG-SCSO-ReliefF,SVM,relieff,ColonCancer,0,0.11777153846153839,0.885897435897436,962,2000,252.8684419998899
RG-SCSO-ReliefF,SVM,relieff,ColonCancer,1,0.13169807692307703,0.8717948717948717,955,2000,252.76702266582288
RG-SCSO-ReliefF,SVM,relieff,WDBC,27,0.0178706722558609,0.9876727216270765,17,30,302.45000075013377
RG-SCSO-ReliefF,SVM,relieff,WDBC,28,0.021995652848936564,0.9841794752367644,19,30,305.06523462501355
RG-SCSO-ReliefF,SVM,relieff,WDBC,29,0.0230811985716505,0.9824095637323396,17,30,315.1048836670816
RG-SCSO-ReliefF,SVM,relieff,ColonCancer,2,0.11772153846153839,0.885897435897436,952,2000,268.88521270803176
RG-SCSO-ReliefF,SVM,relieff,ColonCancer,3,0.11553807692307685,0.8884615384615385,1023,2000,268.6971978340298
RG-SCSO-ReliefF,SVM,relieff,ColonCancer,4,0.11772153846153839,0.885897435897436,952,2000,280.86082379193977
RG-SCSO-ReliefF,SVM,relieff,ColonCancer,7,0.13043884615384627,0.873076923076923,957,2000,279.89013374992646
RG-SCSO-ReliefF,SVM,relieff,ColonCancer,6,0.11651230769230762,0.8871794871794872,964,2000,283.80451829195954
RG-SCSO-ReliefF,SVM,relieff,ColonCancer,5,0.12079499999999992,0.8833333333333334,1059,2000,285.68724245904014
RG-SCSO-ReliefF,SVM,relieff,ColonCancer,8,0.11779153846153839,0.885897435897436,966,2000,283.8431485421024
RG-SCSO-ReliefF,SVM,relieff,ColonCancer,9,0.11772153846153839,0.885897435897436,952,2000,284.7874563750811
RG-SCSO-ReliefF,SVM,relieff,ColonCancer,10,0.13295730769230776,0.8705128205128204,953,2000,280.48288008291274
RG-SCSO-ReliefF,SVM,relieff,ColonCancer,11,0.11649730769230762,0.8871794871794872,961,2000,279.45149479201064
RG-SCSO-ReliefF,SVM,relieff,ColonCancer,12,0.11527807692307686,0.8884615384615385,971,2000,282.24541841703467
RG-SCSO-ReliefF,SVM,relieff,ColonCancer,13,0.11823653846153839,0.885897435897436,1055,2000,279.70416574995033
RG-SCSO-ReliefF,SVM,relieff,ColonCancer,15,0.11781153846153838,0.885897435897436,970,2000,279.0811640000902
RG-SCSO-ReliefF,SVM,relieff,ColonCancer,14,0.11514807692307685,0.8884615384615385,945,2000,281.47068458399735
RG-SCSO-ReliefF,SVM,relieff,ColonCancer,16,0.1178365384615384,0.885897435897436,975,2000,276.45872433297336
RG-SCSO-ReliefF,SVM,relieff,ColonCancer,17,0.10028730769230769,0.9038461538461539,1019,2000,279.25792333390564
RG-SCSO-ReliefF,SVM,relieff,ColonCancer,18,0.10130653846153845,0.9025641025641026,969,2000,280.9809471250046
RG-SCSO-ReliefF,SVM,relieff,ColonCancer,19,0.11663230769230762,0.8871794871794872,988,2000,280.5403092089109
RG-SCSO-ReliefF,SVM,relieff,ColonCancer,20,0.1178765384615384,0.885897435897436,983,2000,279.3152871672064
RG-SCSO-ReliefF,SVM,relieff,ColonCancer,21,0.11518307692307686,0.8884615384615385,952,2000,278.47680662502535
RG-SCSO-ReliefF,SVM,relieff,ColonCancer,23,0.13306730769230776,0.8705128205128204,975,2000,278.5636528749019
RG-SCSO-ReliefF,SVM,relieff,ColonCancer,22,0.1177665384615384,0.885897435897436,961,2000,280.072169583058
RG-SCSO-ReliefF,SVM,relieff,ColonCancer,24,0.10121153846153845,0.9025641025641026,950,2000,279.9319780410733
RG-SCSO-ReliefF,SVM,relieff,ColonCancer,25,0.1319680769230768,0.8717948717948719,1009,2000,284.2976586672012
RG-SCSO-ReliefF,SVM,relieff,ColonCancer,26,0.1137938461538461,0.8897435897435898,928,2000,285.5466481249314
RG-SCSO-ReliefF,SVM,relieff,ColonCancer,27,0.11905076923076915,0.8846153846153847,964,2000,286.60660070879385
RG-SCSO-ReliefF,SVM,relieff,ColonCancer,28,0.11647230769230763,0.8871794871794872,956,2000,293.45261395792477
RG-SCSO-ReliefF,SVM,relieff,ColonCancer,29,0.11654230769230761,0.8871794871794872,970,2000,292.03136474988423
RG-SCSO-ReliefF,SVM,relieff,Leukemia,1,0.01896783614033679,0.9857142857142858,1723,3571,472.97916216705926
RG-SCSO-ReliefF,SVM,relieff,Leukemia,0,0.019144257310877256,0.9857142857142858,1786,3571,477.1042815421242
RG-SCSO-ReliefF,SVM,relieff,Leukemia,2,0.019015441853022313,0.9857142857142858,1740,3571,473.7074861249421
RG-SCSO-ReliefF,SVM,relieff,Leukemia,3,0.01806418370204422,0.9866666666666667,1737,3571,471.7256627918687
RG-SCSO-ReliefF,SVM,relieff,Leukemia,4,0.018976237148457763,0.9857142857142858,1726,3571,477.8107964999508
RG-SCSO-ReliefF,SVM,relieff,Leukemia,5,0.01809778773452812,0.9866666666666667,1749,3571,476.09905183315277
RG-SCSO-ReliefF,SVM,relieff,Leukemia,6,0.018215401848221763,0.9866666666666667,1791,3571,468.7918758750893
RG-SCSO-ReliefF,SVM,relieff,Leukemia,7,0.018976237148457763,0.9857142857142858,1726,3571,481.30719312513247
RG-SCSO-ReliefF,SVM,relieff,Leukemia,8,0.01810898907868942,0.9866666666666667,1753,3571,484.70178000000305
RG-SCSO-ReliefF,SVM,relieff,Leukemia,9,0.01833021562587508,0.9866666666666667,1832,3571,485.29368350002915
RG-SCSO-ReliefF,SVM,relieff,Leukemia,10,0.018083786054326496,0.9866666666666667,1744,3571,483.09246375015937
RG-SCSO-ReliefF,SVM,relieff,Leukemia,11,0.019079849581949783,0.9857142857142858,1763,3571,489.17652658279985
RG-SCSO-ReliefF,SVM,relieff,Leukemia,12,0.018987438492619066,0.9857142857142858,1730,3571,487.34965441701934
RG-SCSO-ReliefF,SVM,relieff,Leukemia,13,0.01806418370204422,0.9866666666666667,1737,3571,487.5946591249667
RG-SCSO-ReliefF,SVM,relieff,Leukemia,14,0.019063047565707834,0.9857142857142858,1757,3571,488.0552688750904
RG-SCSO-ReliefF,SVM,relieff,Leukemia,15,0.019032243869264262,0.9857142857142858,1746,3571,476.324055749923
RG-SCSO-ReliefF,SVM,relieff,Leukemia,16,0.018187398487818515,0.9866666666666667,1781,3571,482.61332129198126
RG-SCSO-ReliefF,SVM,relieff,Leukemia,17,0.019029443533223937,0.9857142857142858,1745,3571,482.25920845894143
RG-SCSO-ReliefF,SVM,relieff,Leukemia,18,0.019068648237788484,0.9857142857142858,1759,3571,479.0575484582223
RG-SCSO-ReliefF,SVM,relieff,Leukemia,19,0.01897903748449809,0.9857142857142858,1727,3571,465.8215342501644
RG-SCSO-ReliefF,SVM,relieff,Leukemia,20,0.019009841180941664,0.9857142857142858,1738,3571,477.94203058304265
RG-SCSO-ReliefF,SVM,relieff,Leukemia,21,0.033197503700443956,0.9714285714285715,1754,3571,483.6788429580629
RG-SCSO-ReliefF,SVM,relieff,Leukemia,22,0.018953834460135165,0.9857142857142858,1718,3571,480.4524299169425
RG-SCSO-ReliefF,SVM,relieff,Leukemia,23,0.018033380005600647,0.9866666666666667,1726,3571,479.9601460839622
RG-SCSO-ReliefF,SVM,relieff,Leukemia,24,0.018976237148457763,0.9857142857142858,1726,3571,457.2592265000567
RG-SCSO-ReliefF,SVM,relieff,Leukemia,25,0.019035044205304587,0.9857142857142858,1747,3571,469.170595417032
RG-SCSO-ReliefF,SVM,relieff,Leukemia,26,0.01906024722966751,0.9857142857142858,1756,3571,467.2349846670404
bSCSO,KNN,none,Zoo,0,0.025424999999999906,0.9800000000000001,9,16,211.71628691605292
bSCSO,KNN,none,Zoo,1,0.01615000000000001,0.99,10,16,210.69485183293
RG-SCSO-ReliefF,SVM,relieff,Leukemia,27,0.01898463815657874,0.9857142857142858,1729,3571,465.69907808396965
RG-SCSO-ReliefF,SVM,relieff,Leukemia,28,0.01895103412409484,0.9857142857142858,1717,3571,449.1134895419236
RG-SCSO-ReliefF,SVM,relieff,Leukemia,29,0.018998639836780365,0.9857142857142858,1734,3571,445.7500582081266
bSCSO,KNN,none,Zoo,2,0.025578571428571513,0.9804761904761904,10,16,188.41780950012617
bSCSO,KNN,none,Zoo,3,0.022453571428571403,0.9804761904761905,5,16,187.503544208128
bSCSO,KNN,none,Zoo,4,0.026203571428571514,0.9804761904761904,11,16,185.72327737510204
bSCSO,KNN,none,Zoo,5,0.02417499999999991,0.9800000000000001,7,16,183.64220845885575
bSCSO,KNN,none,Zoo,6,0.03407499999999992,0.9700000000000001,7,16,182.92932774988003
bSCSO,KNN,none,Zoo,7,0.01615000000000001,0.99,10,16,183.51350266602822
bSCSO,KNN,none,Zoo,8,0.023549999999999908,0.9800000000000001,6,16,173.05152395786718
bSCSO,KNN,none,Zoo,9,0.03407500000000002,0.97,7,16,173.55712266708724
bSCSO,KNN,none,Zoo,10,0.026049999999999907,0.9800000000000001,10,16,173.67180458293296
bSCSO,KNN,none,Zoo,11,0.0323535714285713,0.9704761904761906,5,16,171.04905149992555
bSCSO,KNN,none,Zoo,12,0.02479999999999991,0.9800000000000001,8,16,171.04929820913821
bSCSO,KNN,none,Zoo,13,0.026049999999999907,0.9800000000000001,10,16,171.17585625010543
bSCSO,KNN,none,Zoo,14,0.02417499999999991,0.9800000000000001,7,16,171.8393354578875
bSCSO,KNN,none,Zoo,15,0.023703571428571404,0.9804761904761905,7,16,172.71376700000837
bSCSO,KNN,none,Zoo,16,0.026049999999999907,0.9800000000000001,10,16,171.3251378329005
bSCSO,KNN,none,Zoo,17,0.026049999999999907,0.9800000000000001,10,16,172.95564341614954
bSCSO,KNN,none,Zoo,18,0.026049999999999907,0.9800000000000001,10,16,174.0885699170176
bSCSO,KNN,none,Zoo,19,0.03345000000000002,0.97,6,16,175.3142391250003
bSCSO,KNN,none,Zoo,20,0.01677500000000001,0.99,11,16,174.32301404094324
bSCSO,KNN,none,Zoo,21,0.0323535714285713,0.9704761904761906,5,16,176.04639025009237
bSCSO,KNN,none,Zoo,22,0.02417499999999991,0.9800000000000001,7,16,174.3230762500316
bSCSO,KNN,none,Zoo,23,0.025424999999999906,0.9800000000000001,9,16,175.3409472501371
bSCSO,KNN,none,Zoo,24,0.026674999999999907,0.9800000000000001,11,16,167.8484770830255
bSCSO,KNN,none,Zoo,25,0.01677500000000001,0.99,11,16,165.93919708300382
bSCSO,KNN,none,Zoo,26,0.02479999999999991,0.9800000000000001,8,16,155.92104558390565
bSCSO,KNN,none,Zoo,27,0.024328571428571404,0.9804761904761905,8,16,152.3034115419723
bSCSO,KNN,none,Zoo,28,0.02479999999999991,0.9800000000000001,8,16,151.05084083299153
bSCSO,KNN,none,Zoo,29,0.01615000000000001,0.99,10,16,146.72719787503593
bSCSO,KNN,none,Sonar,0,0.1236620209059234,0.8801393728222996,30,60,368.8386367498897
bSCSO,KNN,none,Sonar,1,0.10807084785133574,0.8945412311265969,22,60,366.5290508749895
bSCSO,KNN,none,Sonar,2,0.11413008130081304,0.8894308943089431,28,60,347.71741245896555
bSCSO,KNN,none,Sonar,3,0.1040865272938444,0.8990708478513356,25,60,348.2849503341131
bSCSO,KNN,none,Sonar,4,0.12305865272938442,0.8799070847851336,25,60,353.25615483289585
bSCSO,KNN,none,Sonar,5,0.12277700348432063,0.8800232288037165,24,60,354.4287370839156
bSCSO,KNN,none,Sonar,6,0.10122880371660876,0.903135888501742,32,60,353.89984516683035
bSCSO,KNN,none,Sonar,7,0.13243554006968639,0.870267131242741,24,60,355.6560829170048
bSCSO,KNN,none,Sonar,8,0.1039314750290361,0.8987224157955864,22,60,337.9606772910338
bSCSO,KNN,none,Sonar,9,0.11874099883855986,0.8844367015098722,26,60,339.57179025001824
bSCSO,KNN,none,Sonar,10,0.12804297328687578,0.8753774680603948,28,60,344.6216077920981
bSCSO,KNN,none,Sonar,11,0.1147967479674797,0.8894308943089431,32,60,348.94461875013076
bSCSO,KNN,none,Sonar,12,0.11447502903600473,0.8890824622531939,28,60,346.907649083063
bSCSO,KNN,none,Sonar,13,0.11413008130081304,0.8894308943089431,28,60,347.79665116709657
bSCSO,KNN,none,Sonar,14,0.10430487804878051,0.8991869918699187,27,60,347.05125462519936
bSCSO,KNN,none,Sonar,15,0.1147967479674797,0.8894308943089431,32,60,346.6754600838758
bSCSO,KNN,none,Sonar,16,0.11872938443670149,0.8847851335656214,28,60,390.4472242088523
bSCSO,KNN,none,Sonar,17,0.11872938443670149,0.8847851335656214,28,60,388.8225183750037
bSCSO,KNN,none,Sonar,18,0.09970557491289204,0.9038327526132404,27,60,386.9051459589973
bSCSO,KNN,none,Sonar,19,0.11878106852497092,0.8849012775842044,29,60,384.2305295839906
bSCSO,KNN,none,Sonar,20,0.12351858304297336,0.8794425087108013,25,60,380.28973249997944
bSCSO,KNN,none,Sonar,21,0.12355865272938442,0.8799070847851336,28,60,380.61685895803384
bSCSO,KNN,none,Sonar,22,0.11463008130081304,0.8894308943089431,31,60,380.04976929188706
bSCSO,KNN,none,Sonar,23,0.13478048780487809,0.8699186991869918,36,60,382.41300791688263
bSCSO,KNN,none,Sonar,24,0.1135150987224158,0.8895470383275261,25,60,377.17789791710675
bSCSO,KNN,none,Sonar,25,0.11939605110336815,0.8847851335656214,32,60,383.93353416607715
bSCSO,KNN,none,Sonar,26,0.10913414634146344,0.8943089430894309,27,60,391.4680304171052
bSCSO,KNN,none,Sonar,27,0.11925261324041823,0.884088269454123,27,60,396.46926791686565
bSCSO,KNN,none,WDBC,0,0.027625058220773102,0.9771464058376029,15,30,370.4965252080001
bSCSO,KNN,none,Sonar,28,0.11917770034843207,0.8846689895470383,30,60,401.99500708305277
bSCSO,KNN,none,Sonar,29,0.127054587688734,0.8750290360046458,20,60,404.36619433318265
bSCSO,KNN,none,WDBC,1,0.02552414221394195,0.9789318428815401,14,30,411.639560374897
bSCSO,KNN,none,WDBC,2,0.025570253066294152,0.9788852662630025,14,30,376.18527854187414
bSCSO,KNN,none,WDBC,3,0.027578947368421015,0.9771929824561404,15,30,423.10884408303536
bSCSO,KNN,none,WDBC,4,0.029361900326036267,0.9753920198726906,15,30,413.31880208291113
bSCSO,KNN,none,WDBC,5,0.025872845831392502,0.9789163173420278,15,30,422.31066062510945
bSCSO,KNN,none,WDBC,6,0.028260984319205006,0.9771774569166279,17,30,412.3765436250251
bSCSO,KNN,none,WDBC,7,0.024500077627697545,0.9806396522279149,16,30,422.8320825828705
bSCSO,KNN,none,WDBC,8,0.027260984319205005,0.9771774569166279,14,30,421.82240483304486
bSCSO,KNN,none,WDBC,9,0.026276354603322442,0.9771619313771154,11,30,407.19595150020905
bSCSO,KNN,none,WDBC,10,0.024539512498059166,0.9789163173420278,11,30,417.2449340408202
bSCSO,KNN,none,WDBC,11,0.024484707343580218,0.9806551777674274,16,30,427.387929874938
bSCSO,KNN,none,WDBC,12,0.02553951249805939,0.9789163173420276,14,30,410.9226587500889
bSCSO,KNN,none,WDBC,14,0.02584210526315774,0.9789473684210528,15,30,418.6730182080064
bSCSO,KNN,none,WDBC,13,0.02446933705946267,0.9806707033069401,16,30,431.5670187920332
bSCSO,KNN,none,WDBC,17,0.027609687936655778,0.9771619313771154,15,30,412.1174334578682
bSCSO,KNN,none,WDBC,16,0.02659431765253834,0.9771774569166279,12,30,430.0122570001986
bSCSO,KNN,none,WDBC,15,0.02622154944884338,0.9789007918025151,16,30,463.0112611670047
bSCSO,KNN,none,WDBC,18,0.024453966775345455,0.9806862288464524,16,30,451.8859935000073
bSCSO,KNN,none,WDBC,19,0.025175438596491295,0.9789473684210526,13,30,413.66554395807907
bSCSO,KNN,none,WDBC,20,0.025888216115510048,0.9789007918025151,15,30,399.37018833402544
bSCSO,KNN,none,WDBC,21,0.028260984319205006,0.9771774569166279,17,30,411.79287066706456
bSCSO,KNN,none,WDBC,22,0.023469337059463004,0.9806707033069397,13,30,417.742276832927
bSCSO,KNN,none,WDBC,24,0.02622154944884338,0.9789007918025151,16,30,427.6158691660967
bSCSO,KNN,none,WDBC,25,0.023802670392796335,0.9806707033069397,14,30,409.40822720807046
bSCSO,KNN,none,WDBC,23,0.025206179164725836,0.9789163173420278,13,30,477.157447792124
bSCSO,KNN,none,WDBC,26,0.02478730010867879,0.9806862288464524,17,30,429.7662092910614
bSCSO,KNN,none,WDBC,28,0.02238379133674896,0.9824406148113647,15,30,422.6734409579076
bSCSO,KNN,none,WDBC,29,0.026291724887439766,0.9771464058376029,11,30,421.0538367498666
bSCSO,KNN,none,WDBC,27,0.02381804067691355,0.9806551777674274,14,30,493.24346845783293
bSCSO,KNN,none,ColonCancer,0,0.14960730769230773,0.8538461538461538,983,2000,448.51905200001784
bSCSO,KNN,none,ColonCancer,1,0.1979530769230769,0.8051282051282052,1006,2000,449.31080308300443
bSCSO,KNN,none,ColonCancer,2,0.1341965384615383,0.8692307692307694,947,2000,449.6373214169871
bSCSO,KNN,none,ColonCancer,3,0.1787996153846153,0.8243589743589744,983,2000,449.37674891599454
bSCSO,KNN,none,ColonCancer,4,0.13432653846153833,0.8692307692307694,973,2000,451.7406770410016
bSCSO,KNN,none,ColonCancer,5,0.1941003846153846,0.808974358974359,997,2000,452.58497695811093
bSCSO,KNN,none,ColonCancer,6,0.14950230769230774,0.8538461538461538,962,2000,450.8244827501476
bSCSO,KNN,none,ColonCancer,7,0.13047384615384625,0.873076923076923,964,2000,453.9935705841053
bSCSO,KNN,none,ColonCancer,8,0.14562961538461544,0.8576923076923076,949,2000,454.2445778341498
bSCSO,KNN,none,ColonCancer,9,0.19551461538461537,0.8076923076923077,1026,2000,453.12150395894423
bSCSO,KNN,none,ColonCancer,10,0.14959730769230772,0.8538461538461538,981,2000,452.910648916848
bSCSO,KNN,none,ColonCancer,11,0.1469888461538462,0.8564102564102564,967,2000,455.1554899578914
bSCSO,KNN,none,ColonCancer,12,0.1649730769230769,0.8384615384615385,1010,2000,456.67652170802467
bSCSO,KNN,none,ColonCancer,13,0.16357384615384615,0.8397435897435898,984,2000,456.1969489159528
bSCSO,KNN,none,ColonCancer,14,0.1291396153846155,0.8743589743589743,951,2000,456.31895145890303
bSCSO,KNN,none,ColonCancer,15,0.14826807692307695,0.8551282051282051,969,2000,459.47639816696756
bSCSO,KNN,none,ColonCancer,16,0.14601961538461544,0.8576923076923076,1027,2000,459.434613334015
bSCSO,KNN,none,ColonCancer,17,0.1612203846153846,0.8423076923076923,1021,2000,459.6357022919692
bSCSO,KNN,none,ColonCancer,18,0.1800388461538462,0.823076923076923,977,2000,460.39264887501486
bSCSO,KNN,none,ColonCancer,19,0.19651384615384612,0.8064102564102564,972,2000,458.89048704202287
bSCSO,KNN,none,ColonCancer,20,0.14968730769230773,0.8538461538461538,999,2000,455.64075529086404
bSCSO,KNN,none,ColonCancer,21,0.13180307692307702,0.8717948717948717,976,2000,455.5873017918784
bSCSO,KNN,none,ColonCancer,22,0.14697384615384618,0.8564102564102564,964,2000,453.0619297081139
bSCSO,KNN,none,ColonCancer,23,0.22816461538461535,0.7743589743589744,956,2000,455.1902736250777
bSCSO,KNN,none,ColonCancer,24,0.14957230769230773,0.8538461538461538,976,2000,455.8188692498952
bSCSO,KNN,none,ColonCancer,25,0.13077884615384602,0.8730769230769232,1025,2000,456.7460052079987
bSCSO,KNN,none,ColonCancer,26,0.1470388461538462,0.8564102564102564,977,2000,457.06506966613233
bSCSO,KNN,none,ColonCancer,27,0.14962730769230773,0.8538461538461538,987,2000,461.6329759170767
bSCSO,KNN,none,ColonCancer,28,0.21313884615384618,0.7897435897435897,997,2000,475.85956716700457
bSCSO,KNN,none,ColonCancer,29,0.16215461538461548,0.8410256410256409,954,2000,477.5962299169041
bSCSO,KNN,none,Leukemia,0,0.018881025723086718,0.9857142857142858,1692,3571,505.98678883281536
bSCSO,KNN,none,Leukemia,1,0.018895027403288345,0.9857142857142858,1697,3571,510.48703766590916
bSCSO,KNN,none,Leukemia,2,0.01893983277993354,0.9857142857142858,1713,3571,511.93406862486154
bSCSO,KNN,none,Leukemia,3,0.018022178661439348,0.9866666666666667,1722,3571,513.3693667079788
bSCSO,KNN,none,Leukemia,4,0.018883826059127046,0.9857142857142858,1693,3571,513.7975270419847
bSCSO,KNN,none,Leukemia,5,0.017868160179221482,0.9866666666666667,1667,3571,515.4313852081541
bSCSO,KNN,none,Leukemia,6,0.017954970596471553,0.9866666666666667,1698,3571,521.8600533329882
bSCSO,KNN,none,Leukemia,7,0.018827819338320548,0.9857142857142858,1673,3571,522.5591909999494
bSCSO,KNN,none,Leukemia,8,0.018066984038084547,0.9866666666666667,1738,3571,523.6976883329917
bSCSO,KNN,none,Leukemia,9,0.017968972276673177,0.9866666666666667,1703,3571,524.9338366249576
bSCSO,KNN,none,Leukemia,10,0.017996975637076425,0.9866666666666667,1713,3571,526.9124271669425
bSCSO,KNN,none,Leukemia,11,0.01899023882865939,0.9857142857142858,1731,3571,526.7251791669987
bSCSO,KNN,none,Leukemia,12,0.01870740488858658,0.9857142857142858,1630,3571,526.1648682500236
bSCSO,KNN,none,Leukemia,13,0.01789056286754408,0.9866666666666667,1675,3571,528.1082856669091
bSCSO,KNN,none,Leukemia,14,0.01898463815657874,0.9857142857142858,1729,3571,524.5029148329049
bSCSO,KNN,none,Leukemia,15,0.018867024042885094,0.9857142857142858,1687,3571,520.134154374944
bSCSO,KNN,none,Leukemia,16,0.017974572948753827,0.9866666666666667,1705,3571,520.467926209094
bSCSO,KNN,none,Leukemia,17,0.018886626395167368,0.9857142857142858,1694,3571,522.6441171250772
bSCSO,KNN,none,Leukemia,18,0.018861423370804445,0.9857142857142858,1685,3571,522.5140513749793
bSCSO,KNN,none,Leukemia,19,0.018886626395167368,0.9857142857142858,1694,3571,520.1146587908734
bSCSO,KNN,none,Leukemia,20,0.018822218666239898,0.9857142857142858,1671,3571,520.2190820418764
bSCSO,KNN,none,Leukemia,21,0.01890342841140932,0.9857142857142858,1700,3571,522.0485379169695
bSCSO,KNN,none,Leukemia,22,0.01887542505100607,0.9857142857142858,1690,3571,515.3212946660351
bSCSO,KNN,none,Leukemia,23,0.017985774292915126,0.9866666666666667,1709,3571,511.5216104169376
bSCSO,SVM,none,Zoo,0,0.023703571428571404,0.9804761904761905,7,16,91.70616870885715
bSCSO,KNN,none,Leukemia,24,0.018769012281473728,0.9857142857142858,1652,3571,503.2127706659958
bSCSO,KNN,none,Leukemia,25,0.018917430091610943,0.9857142857142858,1705,3571,504.23885837499984
bSCSO,SVM,none,Zoo,1,0.01552500000000001,0.99,9,16,98.47488683299161
bSCSO,KNN,none,Leukemia,26,0.018822218666239898,0.9857142857142858,1671,3571,502.30352245806716
bSCSO,SVM,none,Zoo,2,0.014428571428571395,0.9904761904761905,8,16,104.58634250005707
bSCSO,KNN,none,Leukemia,27,0.018872624714965744,0.9857142857142858,1689,3571,496.22029158310033
bSCSO,SVM,none,Zoo,3,0.01490000000000001,0.99,8,16,110.46524433302693
bSCSO,KNN,none,Leukemia,28,0.01891462975557062,0.9857142857142858,1704,3571,495.3133342079818
bSCSO,SVM,none,Zoo,4,0.014428571428571395,0.9904761904761905,8,16,115.48229437484406
bSCSO,SVM,none,Zoo,5,0.01490000000000001,0.99,8,16,114.66173979104497
bSCSO,KNN,none,Leukemia,29,0.018802616313957625,0.9857142857142858,1664,3571,501.7524663328659
bSCSO,SVM,none,Zoo,6,0.01490000000000001,0.99,8,16,121.00356808304787
bSCSO,SVM,none,Zoo,7,0.022453571428571403,0.9804761904761905,5,16,121.74010104197077
bSCSO,SVM,none,Zoo,9,0.01615000000000001,0.99,10,16,124.23740754206665
bSCSO,SVM,none,Zoo,8,0.023549999999999908,0.9800000000000001,6,16,125.27821066603065
bSCSO,SVM,none,Zoo,10,0.023549999999999908,0.9800000000000001,6,16,128.54987204098143
bSCSO,SVM,none,Zoo,11,0.01552500000000001,0.99,9,16,129.16354041709565
bSCSO,SVM,none,Zoo,12,0.023549999999999908,0.9800000000000001,6,16,127.88920362503268
bSCSO,SVM,none,Zoo,13,0.023549999999999908,0.9800000000000001,6,16,124.87200966710225
bSCSO,SVM,none,Zoo,14,0.014428571428571395,0.9904761904761905,8,16,126.78172491607256
bSCSO,SVM,none,Zoo,15,0.023078571428571403,0.9804761904761905,6,16,123.87065391615033
bSCSO,SVM,none,Zoo,17,0.01490000000000001,0.99,8,16,126.41399179096334
bSCSO,SVM,none,Zoo,16,0.01490000000000001,0.99,8,16,127.43619695911184
bSCSO,SVM,none,Zoo,18,0.01490000000000001,0.99,8,16,126.13018562505022
bSCSO,SVM,none,Zoo,19,0.023549999999999908,0.9800000000000001,6,16,127.8495462089777
bSCSO,SVM,none,Zoo,20,0.01615000000000001,0.99,10,16,126.89816550002433
bSCSO,SVM,none,Zoo,21,0.023549999999999908,0.9800000000000001,6,16,129.7804508751724
bSCSO,SVM,none,Zoo,22,0.01552500000000001,0.99,9,16,131.30483912490308
bSCSO,SVM,none,Zoo,23,0.01552500000000001,0.99,9,16,129.47844654205255
bSCSO,SVM,none,Zoo,25,0.02417499999999991,0.9800000000000001,7,16,128.57223979197443
bSCSO,SVM,none,Zoo,24,0.016303571428571396,0.9904761904761905,11,16,129.637010875158
bSCSO,SVM,none,Zoo,26,0.01490000000000001,0.99,8,16,127.31057741586119
bSCSO,SVM,none,Zoo,27,0.01615000000000001,0.99,10,16,130.9109166660346
bSCSO,SVM,none,Zoo,28,0.023549999999999908,0.9800000000000001,6,16,130.23847295809537
bSCSO,SVM,none,Zoo,29,0.022924999999999907,0.9800000000000001,5,16,129.01136858412065
bSCSO,SVM,none,Sonar,0,0.09497967479674797,0.9089430894308943,29,60,190.09612687514164
bSCSO,SVM,none,Sonar,1,0.09987224157955871,0.9038327526132404,28,60,189.5607887080405
bSCSO,SVM,none,Sonar,2,0.11041579558652734,0.8941927990708478,34,60,191.420734167099
bSCSO,SVM,none,Sonar,3,0.09532462253193967,0.9085946573751451,29,60,191.19801141601056
bSCSO,SVM,none,Sonar,4,0.1177926829268293,0.8845528455284553,21,60,192.35677058296278
bSCSO,SVM,none,Sonar,6,0.09993554006968651,0.9036004645760742,27,60,190.4178515409585
bSCSO,SVM,none,Sonar,5,0.12102264808362377,0.8843205574912891,39,60,193.95401750016026
bSCSO,SVM,none,Sonar,7,0.09554297328687578,0.9087108013937282,31,60,192.24486516602337
bSCSO,SVM,none,Sonar,8,0.10913414634146344,0.8943089430894309,27,60,192.10613970807754
bSCSO,SVM,none,Sonar,9,0.09583623693379782,0.9082462253193961,30,60,190.74873354216106
bSCSO,SVM,none,Sonar,10,0.1230987224157956,0.8803716608594657,28,60,194.76597462501377
bSCSO,SVM,none,Sonar,11,0.10547154471544717,0.8991869918699187,34,60,195.69958433392458
bSCSO,SVM,none,Sonar,12,0.10476480836236944,0.8987224157955864,27,60,193.46981070796028
bSCSO,SVM,none,Sonar,13,0.1145150987224158,0.8895470383275261,31,60,193.6142534161918
bSCSO,SVM,none,Sonar,14,0.09953890824622548,0.9038327526132403,26,60,197.32285116589628
bSCSO,SVM,none,Sonar,15,0.10907084785133574,0.8945412311265969,28,60,194.22998445900157
bSCSO,SVM,none,Sonar,16,0.10969744483159123,0.8940766550522647,29,60,195.2087210419122
bSCSO,SVM,none,Sonar,17,0.10447154471544717,0.8991869918699187,28,60,196.73253850010224
bSCSO,SVM,none,Sonar,18,0.09027700348432065,0.9133565621370499,27,60,193.28517054207623
bSCSO,SVM,none,Sonar,19,0.12714634146341464,0.875609756097561,24,60,196.5505585419014
bSCSO,SVM,none,Sonar,20,0.11897096399535433,0.8842044134727061,26,60,196.11261345795356
bSCSO,SVM,none,Sonar,21,0.1175110336817654,0.8846689895470383,20,60,194.69577362504788
bSCSO,SVM,none,Sonar,22,0.11964924506387936,0.8838559814169569,28,60,195.7676826249808
bSCSO,SVM,none,Sonar,23,0.11895934959349597,0.8845528455284553,28,60,195.8508396660909
bSCSO,SVM,none,Sonar,24,0.11363008130081304,0.8894308943089431,25,60,197.45629466697574
bSCSO,SVM,none,Sonar,25,0.10609814169570277,0.8987224157955864,35,60,196.29602683405392
bSCSO,SVM,none,Sonar,26,0.10114227642276424,0.9040650406504065,37,60,198.9257469580043
bSCSO,SVM,none,Sonar,27,0.1042415795586527,0.8994192799070848,28,60,197.96176062501036
bSCSO,SVM,none,Sonar,28,0.09932055749128928,0.9037166085946573,24,60,197.20683500007726
bSCSO,SVM,none,Sonar,29,0.11356678281068522,0.8896631823461092,26,60,196.68950425018556
bSCSO,SVM,none,WDBC,0,0.022469337059462784,0.98067070330694,10,30,296.64292866690084
bSCSO,SVM,none,WDBC,1,0.023368421052631524,0.9824561403508772,18,30,295.08667862485163
bSCSO,SVM,none,WDBC,2,0.018228070175438642,0.9859649122807017,13,30,292.55506537505426
bSCSO,SVM,none,WDBC,3,0.022399161620866505,0.982425089271852,15,30,291.3162742080167
bSCSO,SVM,none,WDBC,4,0.02203508771929819,0.9824561403508772,14,30,294.83530454104766
bSCSO,SVM,none,WDBC,5,0.022414531904983832,0.9824095637323396,15,30,294.0855964580551
bSCSO,SVM,none,WDBC,6,0.02478730010867879,0.9806862288464524,17,30,294.6241888748482
bSCSO,SVM,none,WDBC,7,0.021011023133054002,0.9841639496972518,16,30,291.1672584579792
bSCSO,SVM,none,WDBC,8,0.024857475547275285,0.9789318428815401,12,30,297.8898046668619
bSCSO,SVM,none,WDBC,9,0.021050458003415623,0.9824406148113647,11,30,292.7333333750721
bSCSO,SVM,none,WDBC,10,0.019344356466387113,0.9841639496972521,11,30,291.8891800409183
bSCSO,SVM,none,WDBC,11,0.018258810743673404,0.9859338612016767,13,30,291.78979179100133
bSCSO,SVM,none,WDBC,12,0.020980282564819017,0.9841950007762771,16,30,294.46522462484427
bSCSO,SVM,none,WDBC,13,0.018258810743673404,0.9859338612016767,13,30,292.9893689590972
bSCSO,SVM,none,WDBC,14,0.022701754385964855,0.9824561403508772,16,30,296.622340957867
bSCSO,SVM,none,WDBC,15,0.020980282564819017,0.9841950007762771,16,30,293.5139413329307
bSCSO,SVM,none,WDBC,16,0.02271712467008229,0.9824406148113647,16,30,297.6456918749027
bSCSO,SVM,none,WDBC,17,0.019980282564819242,0.9841950007762769,13,30,296.4866104160901
bSCSO,SVM,none,WDBC,18,0.02277192982456146,0.9807017543859649,11,30,294.63688091607764
bSCSO,SVM,none,WDBC,19,0.02067768979972067,0.9841639496972518,15,30,295.1948844168801
bSCSO,SVM,none,WDBC,20,0.021313615898152574,0.9841950007762769,17,30,297.08520662481897
bSCSO,SVM,none,WDBC,22,0.02341453190498361,0.9824095637323398,18,30,293.8643795840908
bSCSO,SVM,none,WDBC,21,0.022050458003415624,0.9824406148113647,14,30,299.3100924589671
bSCSO,SVM,none,WDBC,23,0.019980282564819242,0.9841950007762769,13,30,296.25477195787244
bSCSO,SVM,none,WDBC,24,0.022414531904983614,0.9824095637323398,15,30,305.52589091588743
bSCSO,SVM,none,WDBC,25,0.02067768979972067,0.9841639496972518,15,30,304.5939425418619
bSCSO,SVM,none,WDBC,26,0.018561403508771973,0.9859649122807017,14,30,302.3516777078621
bSCSO,SVM,none,ColonCancer,0,0.1175715384615384,0.885897435897436,922,2000,251.94854716700502
bSCSO,SVM,none,WDBC,27,0.020344356466387114,0.9841639496972521,14,30,306.9648555838503
bSCSO,SVM,none,ColonCancer,1,0.13167807692307704,0.8717948717948717,951,2000,250.1561723339837
bSCSO,SVM,none,WDBC,28,0.021383791336748958,0.9824406148113647,12,30,316.89757662499323
bSCSO,SVM,none,WDBC,29,0.023151374010246886,0.9806551777674274,12,30,316.35242450004444
bSCSO,SVM,none,ColonCancer,2,0.1177415384615384,0.885897435897436,956,2000,267.1128977080807
bSCSO,SVM,none,ColonCancer,3,0.13053884615384626,0.873076923076923,977,2000,266.8719411669299
bSCSO,SVM,none,ColonCancer,4,0.11762153846153839,0.885897435897436,932,2000,274.414091165876
bSCSO,SVM,none,ColonCancer,5,0.13596576923076908,0.8679487179487181,1047,2000,277.8703145000618
bSCSO,SVM,none,ColonCancer,6,0.11628730769230762,0.8871794871794872,919,2000,276.20611766609363
bSCSO,SVM,none,ColonCancer,7,0.13023884615384626,0.873076923076923,917,2000,274.9743339580018
bSCSO,SVM,none,ColonCancer,9,0.11751153846153839,0.885897435897436,910,2000,275.0925995418802
bSCSO,SVM,none,ColonCancer,8,0.11766653846153839,0.885897435897436,941,2000,279.660049875034
bSCSO,SVM,none,ColonCancer,10,0.13278230769230778,0.8705128205128204,918,2000,279.20870179194026
bSCSO,SVM,none,ColonCancer,11,0.11625730769230762,0.8871794871794872,913,2000,281.33963170903735
bSCSO,SVM,none,ColonCancer,12,0.11514807692307685,0.8884615384615385,945,2000,278.85907579096965
bSCSO,SVM,none,ColonCancer,13,0.13310730769230777,0.8705128205128204,983,2000,282.2034844579175
bSCSO,SVM,none,ColonCancer,14,0.11499307692307686,0.8884615384615385,914,2000,280.9082929578144
bSCSO,SVM,none,ColonCancer,15,0.11755153846153839,0.885897435897436,918,2000,280.58772437507287
bSCSO,SVM,none,ColonCancer,16,0.11771653846153839,0.885897435897436,951,2000,280.57031724997796
bSCSO,SVM,none,ColonCancer,17,0.11618230769230761,0.8871794871794872,898,2000,281.01568633294664
bSCSO,SVM,none,ColonCancer,18,0.10124653846153844,0.9025641025641026,957,2000,281.9240509578958
bSCSO,SVM,none,ColonCancer,19,0.11637230769230762,0.8871794871794872,936,2000,281.8964396249503
bSCSO,SVM,none,ColonCancer,20,0.13287730769230777,0.8705128205128204,937,2000,284.7186774171423
bSCSO,SVM,none,ColonCancer,22,0.11753653846153839,0.885897435897436,915,2000,281.9098579159472
bSCSO,SVM,none,ColonCancer,21,0.11497807692307686,0.8884615384615385,911,2000,283.6383572090417
bSCSO,SVM,none,ColonCancer,23,0.1319180769230768,0.8717948717948719,999,2000,280.8554961248301
bSCSO,SVM,none,ColonCancer,24,0.10104153846153845,0.9025641025641026,916,2000,282.7229632080998
bSCSO,SVM,none,ColonCancer,25,0.11525307692307686,0.8884615384615385,966,2000,281.5455937499646
bSCSO,SVM,none,ColonCancer,26,0.1137138461538461,0.8897435897435898,912,2000,289.0204717500601
bSCSO,SVM,none,ColonCancer,27,0.10285076923076922,0.9012820512820513,1024,2000,290.3405638751574
bSCSO,SVM,none,ColonCancer,28,0.11632730769230762,0.8871794871794872,927,2000,291.73197141708806
bSCSO,SVM,none,ColonCancer,29,0.11631730769230762,0.8871794871794872,925,2000,291.09269104199484
bSCSO,SVM,none,Leukemia,0,0.01924506940832895,0.9857142857142858,1822,3571,473.6621761659626
bSCSO,SVM,none,Leukemia,1,0.018749409929191455,0.9857142857142858,1645,3571,469.6027020830661
bSCSO,SVM,none,Leukemia,2,0.018917430091610943,0.9857142857142858,1705,3571,475.8440556251444
bSCSO,SVM,none,Leukemia,3,0.017943769252310254,0.9866666666666667,1694,3571,477.2086245000828
bSCSO,SVM,none,Leukemia,4,0.018878225387046393,0.9857142857142858,1691,3571,475.5441651660949
bSCSO,SVM,none,Leukemia,5,0.017812153458414984,0.9866666666666667,1647,3571,473.18551845895126
bSCSO,SVM,none,Leukemia,6,0.031146569588350555,0.9733333333333334,1695,3571,478.27788095897995
bSCSO,SVM,none,Leukemia,7,0.018825019002280223,0.9857142857142858,1672,3571,480.6166964999866
bSCSO,SVM,none,Leukemia,8,0.018167796135536242,0.9866666666666667,1774,3571,476.22811183403246
bSCSO,SVM,none,Leukemia,9,0.031068160179221458,0.9733333333333334,1667,3571,473.8606790408958
bSCSO,SVM,none,Leukemia,10,0.018008176981237724,0.9866666666666667,1717,3571,473.62857170798816
bSCSO,SVM,none,Leukemia,11,0.018953834460135165,0.9857142857142858,1718,3571,471.1156114588957
bSCSO,SVM,none,Leukemia,12,0.018861423370804445,0.9857142857142858,1685,3571,476.0702372500673
bSCSO,SVM,none,Leukemia,13,0.017851358162979534,0.9866666666666667,1661,3571,472.2354659589473
bSCSO,SVM,none,Leukemia,14,0.018931431771812567,0.9857142857142858,1710,3571,475.19564483407885
bSCSO,SVM,none,Leukemia,15,0.01896783614033679,0.9857142857142858,1723,3571,471.18850104208104
bSCSO,SVM,none,Leukemia,16,0.017991374964995775,0.9866666666666667,1711,3571,472.33011187496595
bSCSO,SVM,none,Leukemia,17,0.018813817658118924,0.9857142857142858,1668,3571,468.95619974983856
bSCSO,SVM,none,Leukemia,19,0.018878225387046393,0.9857142857142858,1691,3571,470.73560958285816
bSCSO,SVM,none,Leukemia,18,0.018987438492619066,0.9857142857142858,1730,3571,472.80210545891896
bSCSO,SVM,none,Leukemia,20,0.018923030763691593,0.9857142857142858,1707,3571,472.83238083310425
bSCSO,SVM,none,Leukemia,21,0.03299587950554057,0.9714285714285715,1682,3571,473.9564835000783
bSCSO,SVM,none,Leukemia,22,0.018802616313957625,0.9857142857142858,1664,3571,468.0464773750864
bSCSO,SVM,none,Leukemia,23,0.01793536824418928,0.9866666666666667,1691,3571,470.2065457091667
bSCSO,SVM,none,Leukemia,25,0.018889426731207696,0.9857142857142858,1695,3571,444.6269594170153
bSCSO,SVM,none,Leukemia,24,0.018872624714965744,0.9857142857142858,1689,3571,447.94284341600724
bSCSO,SVM,none,Leukemia,26,0.01890902908348997,0.9857142857142858,1702,3571,436.19897291692905
bSCSO,SVM,none,Leukemia,27,0.0187998159779173,0.9857142857142858,1663,3571,435.6376207501162
bSCSO,SVM,none,Leukemia,28,0.018822218666239898,0.9857142857142858,1671,3571,388.3833307500463
bSCSO,SVM,none,Leukemia,29,0.018867024042885094,0.9857142857142858,1687,3571,382.6043557501398
RG-SCSO-MI,SVM,mi,BreastEW,4,0.031946805972997316,0.9722198368398456,4,9,248.35101412492804
RG-SCSO-MI,SVM,mi,BreastEW,3,0.0320105672439292,0.972155431515672,4,9,249.6010534998495
RG-SCSO-MI,SVM,mi,BreastEW,2,0.033455822718381795,0.9706955775010734,4,9,251.94983416702598
RG-SCSO-MI,SVM,mi,BreastEW,7,0.0320105672439292,0.972155431515672,4,9,252.00261416682042
RG-SCSO-MI,SVM,mi,BreastEW,0,0.033455822718381684,0.9706955775010735,4,9,253.2455080000218
RG-SCSO-MI,SVM,mi,BreastEW,1,0.03346644959687048,0.9706848432803777,4,9,253.4808810830582
RG-SCSO-MI,SVM,mi,BreastEW,6,0.03344519583989322,0.9707063117217689,4,9,253.65806124988012
RG-SCSO-MI,SVM,mi,BreastEW,5,0.03420090883068548,0.9721876341777588,6,9,256.7961260001175
RG-SCSO-MI,SVM,mi,BreastEW,8,0.033100424598063054,0.9721768999570631,5,9,239.88030249997973
RG-SCSO-MI,SVM,mi,BreastEW,9,0.03344519583989322,0.9707063117217689,4,9,240.8807630839292
RG-SCSO-MI,SVM,mi,BreastEW,10,0.034577560707981375,0.970684843280378,5,9,238.76972233317792
RG-SCSO-MI,SVM,mi,BreastEW,11,0.03161266160965605,0.973679690854444,5,9,239.76165091595612
RG-SCSO-MI,SVM,mi,BreastEW,14,0.03197868660846326,0.9721876341777588,4,9,238.68676570802927
RG-SCSO-MI,SVM,mi,BreastEW,13,0.03339206144745002,0.9707599828252469,4,9,239.37370041618124
RG-SCSO-MI,SVM,mi,BreastEW,15,0.03344519583989322,0.9707063117217689,4,9,237.22669879114255
RG-SCSO-MI,SVM,mi,BreastEW,12,0.03276628023472156,0.9736367539716617,6,9,243.0863002501428
RG-SCSO-MI,SVM,mi,BreastEW,16,0.03455630695100433,0.9707063117217689,5,9,239.29407449997962
RG-SCSO-MI,SVM,mi,BreastEW,18,0.03308979771957437,0.9721876341777588,5,9,239.58380554104224
RG-SCSO-MI,SVM,mi,BreastEW,17,0.030565311769476605,0.9736152855302705,4,9,243.91388333309442
RG-SCSO-MI,SVM,mi,BreastEW,20,0.03308979771957437,0.9721876341777588,5,9,242.04605449992232
RG-SCSO-MI,SVM,mi,BreastEW,19,0.030565311769476605,0.9736152855302705,4,9,242.96386975003406
RG-SCSO-MI,SVM,mi,BreastEW,21,0.033079170841085796,0.9721983683984543,5,9,243.68008204200305
RG-SCSO-MI,SVM,mi,BreastEW,22,0.031633915366633306,0.9736582224130528,5,9,243.38484525005333
RG-SCSO-MI,SVM,mi,BreastEW,23,0.03198931348695194,0.9721768999570631,4,9,244.70263420790434
RG-SCSO-MI,SVM,mi,BreastEW,24,0.031999940365440516,0.9721661657363676,4,9,238.56144012510777
RG-SCSO-MI,SVM,mi,BreastEW,25,0.031946805972997316,0.9722198368398456,4,9,241.13936808309518
RG-SCSO-MI,SVM,mi,BreastEW,26,0.03276628023472156,0.9736367539716617,6,9,244.31195320817642
RG-SCSO-MI,SVM,mi,BreastEW,29,0.03311105147655163,0.9721661657363676,5,9,242.3856493330095
RG-SCSO-MI,SVM,mi,BreastEW,28,0.03161266160965605,0.973679690854444,5,9,244.56447108299471
RG-SCSO-MI,SVM,mi,BreastEW,27,0.03424341634464011,0.9721446972949763,6,9,245.0122751670424
RG-SCSO-MI,SVM,mi,Diabetes,0,0.23060294117647062,0.7733808674985145,5,8,723.0059827498626
RG-SCSO-MI,SVM,mi,Diabetes,1,0.231905462184874,0.7720651897122485,5,8,725.2912270410452
RG-SCSO-MI,SVM,mi,Diabetes,2,0.2253928571428572,0.7786435786435786,5,8,713.3288688338362
RG-SCSO-MI,SVM,mi,Diabetes,3,0.21638655462184878,0.7864782276546982,4,8,732.5720362090506
RG-SCSO-MI,SVM,mi,Diabetes,7,0.2253949579831933,0.7773788303200068,4,8,732.8466241671704
RG-SCSO-MI,SVM,mi,Diabetes,4,0.22931932773109248,0.773414820473644,4,8,735.0116577919107
RG-SCSO-MI,SVM,mi,Diabetes,6,0.2306113445378152,0.7733723792547321,5,8,735.7403308749199
RG-SCSO-MI,SVM,mi,Diabetes,5,0.22402100840336145,0.7812919107036753,6,8,741.3591476660222
RG-SCSO-MI,SVM,mi,Diabetes,9,0.22668697478991603,0.7773363891010949,5,8,732.455757208867
RG-SCSO-MI,SVM,mi,Diabetes,8,0.2241848739495798,0.7786011374246669,4,8,746.9143695000093
RG-SCSO-MI,SVM,mi,Diabetes,10,0.23184663865546212,0.7721246074187251,5,8,719.016829041997
RG-SCSO-MI,SVM,mi,Diabetes,11,0.22673109243697484,0.7760291995586113,4,8,735.7106570829637
RG-SCSO-MI,SVM,mi,Diabetes,15,0.2266533613445379,0.7773703420762244,5,8,728.6140357090626
RG-SCSO-MI,SVM,mi,Diabetes,12,0.2279495798319328,0.7747984042101689,4,8,742.145953415893
RG-SCSO-MI,SVM,mi,Diabetes,14,0.217577731092437,0.7865376453611748,5,8,740.5919634159654
RG-SCSO-MI,SVM,mi,Diabetes,13,0.22401260504201684,0.7813003989474577,6,8,748.6620257091708
RG-SCSO-MI,SVM,mi,Diabetes,16,0.2266533613445379,0.7773703420762244,5,8,728.9554546670988
RG-SCSO-MI,SVM,mi,Diabetes,17,0.22535084033613448,0.7786860198624904,5,8,737.2358360828366
RG-SCSO-MI,SVM,mi,Diabetes,18,0.2202331932773109,0.7838553603259486,5,8,715.7914629590232
RG-SCSO-MI,SVM,mi,Diabetes,19,0.22285714285714286,0.7799422799422799,4,8,731.7400328749791
RG-SCSO-MI,SVM,mi,Diabetes,20,0.22025000000000006,0.7838383838383838,5,8,732.5845829159953
RG-SCSO-MI,SVM,mi,Diabetes,22,0.228,0.7747474747474747,4,8,733.3654934160877
RG-SCSO-MI,SVM,mi,Diabetes,23,0.2202331932773109,0.7838553603259486,5,8,728.9759024169762
RG-SCSO-MI,SVM,mi,Diabetes,21,0.22658613445378153,0.7774382480264833,5,8,737.8866766251158
RG-SCSO-MI,SVM,mi,Diabetes,24,0.22014705882352947,0.785204991087344,6,8,738.6217682079878
RG-SCSO-MI,SVM,mi,Diabetes,25,0.2317605042016807,0.7734742381801205,6,8,735.2254349170253
RG-SCSO-MI,SVM,mi,Diabetes,26,0.22671008403361348,0.7785756726933197,6,8,728.7438960419968
RG-SCSO-MI,SVM,mi,Diabetes,27,0.2279537815126051,0.7773194126135302,6,8,736.4639384169132
RG-SCSO-MI,SVM,mi,Diabetes,28,0.22405462184873945,0.781257957728546,6,8,735.5263658338226
RG-SCSO-MI,SVM,mi,Diabetes,29,0.22543697478991603,0.7773363891010949,4,8,728.3193251660559
RG-SCSO-MI,SVM,mi,GermanCredit,1,0.2277300000000001,0.7729999999999999,6,20,1344.4326903328765
RG-SCSO-MI,SVM,mi,GermanCredit,0,0.22626999999999997,0.777,11,20,1356.774803374894
RG-SCSO-MI,SVM,mi,GermanCredit,2,0.22377000000000008,0.7769999999999999,6,20,1372.4422662088182
RG-SCSO-MI,SVM,mi,GermanCredit,3,0.22526999999999997,0.777,9,20,1359.166074333014
RG-SCSO-MI,SVM,mi,GermanCredit,4,0.22576999999999997,0.777,10,20,1341.0512118330225
RG-SCSO-MI,SVM,mi,GermanCredit,5,0.2327000000000001,0.7699999999999999,10,20,1369.092358125141
RG-SCSO-MI,SVM,mi,GermanCredit,7,0.22527000000000008,0.7769999999999999,9,20,1364.821547791129
RG-SCSO-MI,SVM,mi,GermanCredit,6,0.23170999999999997,0.771,10,20,1387.1455782919656
RG-SCSO-MI,SVM,mi,GermanCredit,9,0.22526,0.776,7,20,1352.1332051670179
RG-SCSO-MI,SVM,mi,GermanCredit,8,0.22229,0.779,7,20,1363.64451220911
RG-SCSO-MI,SVM,mi,GermanCredit,11,0.21685000000000007,0.7849999999999999,8,20,1360.261402624892
RG-SCSO-MI,SVM,mi,GermanCredit,10,0.22673999999999997,0.774,6,20,1364.3811562911142
RG-SCSO-MI,SVM,mi,GermanCredit,12,0.22577999999999998,0.778,12,20,1330.3499633749016
RG-SCSO-MI,SVM,mi,GermanCredit,14,0.2217900000000001,0.7789999999999999,6,20,1353.9376940419897
RG-SCSO-MI,SVM,mi,GermanCredit,13,0.2312000000000001,0.7699999999999999,7,20,1368.3096716250293
RG-SCSO-MI,SVM,mi,GermanCredit,15,0.22873,0.773,8,20,1384.3571513330098
RG-SCSO-MI,SVM,mi,GermanCredit,17,0.23615,0.765,7,20,1335.8936222090852
RG-SCSO-MI,SVM,mi,GermanCredit,16,0.22673999999999997,0.774,6,20,1354.2004726671148
RG-SCSO-MI,SVM,mi,GermanCredit,18,0.23120999999999986,0.7710000000000001,9,20,1357.2564688329585
RG-SCSO-MI,SVM,mi,GermanCredit,19,0.22327999999999998,0.778,7,20,1356.5124157080427
RG-SCSO-MI,SVM,mi,GermanCredit,20,0.22921999999999998,0.772,7,20,1335.9730852080975
RG-SCSO-MI,SVM,mi,GermanCredit,22,0.22329,0.779,9,20,1349.2539365841076
RG-SCSO-MI,SVM,mi,GermanCredit,21,0.22971999999999998,0.772,8,20,1379.9016933748499
RG-SCSO-MI,SVM,mi,GermanCredit,23,0.22823,0.773,7,20,1381.3485228749923
RG-SCSO-MI,SVM,mi,HeartDisease,0,0.15138148631029982,0.8517514124293786,6,13,211.9409189580474
RG-SCSO-MI,SVM,mi,HeartDisease,1,0.1445018252933506,0.8587005649717515,6,13,211.5847260421142
RG-SCSO-MI,SVM,mi,HeartDisease,2,0.15533885267275105,0.8485310734463276,7,13,208.04332533408888
RG-SCSO-MI,SVM,mi,HeartDisease,3,0.15621994784876145,0.8484180790960452,8,13,210.91145112505183
RG-SCSO-MI,SVM,mi,GermanCredit,25,0.22426999999999997,0.777,7,20,1358.4225706250872
RG-SCSO-MI,SVM,mi,GermanCredit,24,0.22430999999999998,0.781,15,20,1390.039613999892
RG-SCSO-MI,SVM,mi,HeartDisease,4,0.14262842242503268,0.8621468926553671,8,13,210.2941409999039
RG-SCSO-MI,SVM,mi,HeartDisease,5,0.16028917861799227,0.8450847457627118,9,13,206.91079449979588
RG-SCSO-MI,SVM,mi,HeartDisease,6,0.15715632333767932,0.8451412429378531,5,13,206.86331620905548
RG-SCSO-MI,SVM,mi,HeartDisease,7,0.15929621903520216,0.8453107344632768,8,13,209.5711985421367
RG-SCSO-MI,SVM,mi,HeartDisease,8,0.14945215123859185,0.8552542372881357,8,13,208.28212366695516
RG-SCSO-MI,SVM,mi,HeartDisease,9,0.16199413298565846,0.8387005649717514,3,13,208.16632087505423
RG-SCSO-MI,SVM,mi,HeartDisease,10,0.14802555410690993,0.8551412429378532,6,13,210.5979992498178
RG-SCSO-MI,SVM,mi,HeartDisease,11,0.14768996088657094,0.8554802259887007,6,13,209.8280079588294
RG-SCSO-MI,SVM,mi,HeartDisease,12,0.14472555410691018,0.8584745762711863,6,13,209.74217020790093
RG-SCSO-MI,SVM,mi,HeartDisease,13,0.15192698826597134,0.8519774011299435,7,13,210.60024841688573
RG-SCSO-MI,SVM,mi,GermanCredit,26,0.23021999999999998,0.772,9,20,1373.4890501669142
RG-SCSO-MI,SVM,mi,GermanCredit,27,0.22676,0.776,10,20,1382.6568192089908
RG-SCSO-MI,SVM,mi,GermanCredit,28,0.22526999999999997,0.777,9,20,1344.037467374932
RG-SCSO-MI,SVM,mi,HeartDisease,14,0.1553941329856583,0.8453672316384182,3,13,202.54211062495597
RG-SCSO-MI,SVM,mi,HeartDisease,15,0.15869478487614083,0.8451412429378531,7,13,205.9359389578458
RG-SCSO-MI,SVM,mi,HeartDisease,16,0.14808148631029996,0.8550847457627118,6,13,208.15014933305793
RG-SCSO-MI,SVM,mi,HeartDisease,17,0.14845919165580193,0.8554802259887004,7,13,210.27042220789008
RG-SCSO-MI,SVM,mi,HeartDisease,18,0.156052151238592,0.8485875706214688,8,13,205.82223637518473
RG-SCSO-MI,SVM,mi,HeartDisease,19,0.15594028683181227,0.8487005649717514,8,13,207.29159804200754
RG-SCSO-MI,SVM,mi,GermanCredit,29,0.22576999999999997,0.777,10,20,1382.6161519580055
RG-SCSO-MI,SVM,mi,HeartDisease,20,0.15633181225554116,0.8483050847457626,8,13,208.21956120803952
RG-SCSO-MI,SVM,mi,HeartDisease,21,0.15363259452411998,0.8487005649717514,5,13,209.8002556671854
RG-SCSO-MI,SVM,mi,HeartDisease,22,0.15897444589308987,0.844858757062147,7,13,209.90403316705488
RG-SCSO-MI,SVM,mi,HeartDisease,23,0.1653500651890482,0.8353107344632769,3,13,204.3002816250082
RG-SCSO-MI,SVM,mi,HeartDisease,24,0.15511512385919168,0.8487570621468926,7,13,210.14088399987668
RG-SCSO-MI,SVM,mi,HeartDisease,25,0.1547374185136898,0.8483615819209038,6,13,206.5470909171272
RG-SCSO-MI,SVM,mi,HeartDisease,26,0.16051225554106918,0.8417514124293785,5,13,207.16580529185012
RG-SCSO-MI,SVM,mi,HeartDisease,27,0.15786962190352025,0.8451977401129943,6,13,206.31535025010817
RG-SCSO-MI,SVM,mi,HeartDisease,28,0.15462555410690998,0.8484745762711865,6,13,204.6302630000282
RG-SCSO-MI,SVM,mi,HeartDisease,29,0.14780182529335079,0.855367231638418,6,13,206.83331958390772
RG-SCSO-MI,SVM,mi,IonosphereEW,0,0.037940987099064946,0.9658350100603622,14,34,215.62754087499343
RG-SCSO-MI,SVM,mi,IonosphereEW,1,0.03739259083915246,0.9657947686116701,12,34,214.43918366590515
RG-SCSO-MI,SVM,mi,IonosphereEW,2,0.04110351520890038,0.9629376257545272,15,34,215.83009770908393
RG-SCSO-MI,SVM,mi,IonosphereEW,3,0.03886317907444657,0.9657947686116701,17,34,213.67945045791566
RG-SCSO-MI,SVM,mi,IonosphereEW,4,0.040809397561841564,0.9629376257545272,14,34,216.47231783298776
RG-SCSO-MI,SVM,mi,IonosphereEW,5,0.04047544088057758,0.9629778672032193,13,34,216.55904729198664
RG-SCSO-MI,SVM,mi,IonosphereEW,6,0.03739259083915246,0.9657947686116701,12,34,214.24948737490922
RG-SCSO-MI,SVM,mi,IonosphereEW,7,0.04059495798319317,0.962857142857143,13,34,215.99581191595644
RG-SCSO-MI,SVM,mi,IonosphereEW,8,0.0373527518049473,0.9658350100603622,12,34,213.8821829999797
RG-SCSO-MI,SVM,mi,IonosphereEW,9,0.03477845898922939,0.9687323943661973,13,34,212.2784743749071
RG-SCSO-MI,SVM,mi,IonosphereEW,10,0.03570065096461124,0.968692152917505,16,34,214.12955829198472
RG-SCSO-MI,SVM,mi,IonosphereEW,11,0.040849236596046834,0.962897384305835,14,34,214.86559883295558
RG-SCSO-MI,SVM,mi,IonosphereEW,12,0.034937815126050355,0.9685714285714286,13,34,212.7689682089258
RG-SCSO-MI,SVM,mi,IonosphereEW,13,0.038648739495798175,0.9657142857142859,16,34,215.35338491713628
RG-SCSO-MI,SVM,mi,IonosphereEW,14,0.037980826133270106,0.9657947686116701,14,34,210.81863045785576
RG-SCSO-MI,SVM,mi,IonosphereEW,15,0.03743242987335772,0.9657545271629779,12,34,214.46537745790556
RG-SCSO-MI,SVM,mi,IonosphereEW,16,0.040101645165108335,0.9630583501006036,12,34,209.17045408301055
RG-SCSO-MI,SVM,mi,IonosphereEW,17,0.04059495798319328,0.9628571428571429,13,34,212.66705833305605
RG-SCSO-MI,SVM,mi,IonosphereEW,18,0.046466540418984494,0.9572233400402415,14,34,214.3484952079598
RG-SCSO-MI,SVM,mi,IonosphereEW,19,0.03684419457924007,0.9657545271629779,10,34,213.58803316694684
RG-SCSO-MI,SVM,mi,IonosphereEW,20,0.03988720558645993,0.9629778672032193,11,34,216.1602302500978
RG-SCSO-MI,SVM,mi,IonosphereEW,21,0.040809397561841564,0.9629376257545272,14,34,219.8667760840617
RG-SCSO-MI,SVM,mi,IonosphereEW,22,0.04026100130192919,0.962897384305835,12,34,214.4417305830866
RG-SCSO-MI,SVM,mi,IonosphereEW,23,0.03548621138596284,0.9686116700201207,15,34,217.81687533296645
RG-SCSO-MI,SVM,mi,IonosphereEW,24,0.04318449520653334,0.9602414486921529,13,34,217.04823383293115
RG-SCSO-MI,SVM,mi,IonosphereEW,25,0.03756719138359569,0.9659154929577465,13,34,216.30231745913625
RG-SCSO-MI,SVM,mi,IonosphereEW,26,0.04289037755947442,0.960241448692153,12,34,218.98555533285253
RG-SCSO-MI,SVM,mi,IonosphereEW,27,0.04022116226772392,0.9629376257545272,12,34,219.12522874982096
RG-SCSO-MI,SVM,mi,IonosphereEW,28,0.03511241567049359,0.968692152917505,14,34,219.88075787504204
RG-SCSO-MI,SVM,mi,IonosphereEW,29,0.040101645165108335,0.9630583501006036,12,34,216.42469574999996
RG-SCSO-MI,SVM,mi,Lymphography,2,0.14957088122605358,0.8517241379310345,5,18,288.9547561670188
RG-SCSO-MI,SVM,mi,Lymphography,4,0.14934329501915708,0.8519540229885058,5,18,289.9331389158033
RG-SCSO-MI,SVM,mi,Lymphography,0,0.1298712643678161,0.872183908045977,6,18,290.4418091250118
RG-SCSO-MI,SVM,mi,Lymphography,7,0.1632260536398466,0.8379310344827587,5,18,290.55556945782155
RG-SCSO-MI,SVM,mi,Lymphography,5,0.13712720306513398,0.865977011494253,8,18,291.6396777909249
RG-SCSO-MI,SVM,mi,Lymphography,1,0.1587478927203064,0.8441379310344829,8,18,292.1891639579553
RG-SCSO-MI,SVM,mi,Lymphography,3,0.13970421455938697,0.8650574712643678,11,18,292.4026495409198
RG-SCSO-MI,SVM,mi,Lymphography,6,0.13290344827586212,0.8708045977011494,9,18,292.58976166695356
RG-SCSO-MI,SVM,mi,Lymphography,9,0.1587478927203064,0.8441379310344829,8,18,284.690303334035
RG-SCSO-MI,SVM,mi,Lymphography,8,0.13836551724137933,0.8652873563218391,9,18,285.8152939581778
RG-SCSO-MI,SVM,mi,Lymphography,10,0.13758237547892724,0.8655172413793103,8,18,286.7163071669638
RG-SCSO-MI,SVM,mi,Lymphography,11,0.14443678160919532,0.8574712643678162,6,18,286.73094433313236
RG-SCSO-MI,SVM,mi,Lymphography,14,0.15022681992337167,0.852183908045977,7,18,285.58998870803043
RG-SCSO-MI,SVM,mi,Lymphography,15,0.15695402298850572,0.8448275862068966,6,18,287.99000991601497
RG-SCSO-MI,SVM,mi,Lymphography,12,0.14094252873563218,0.864367816091954,12,18,288.94716108287685
RG-SCSO-MI,SVM,mi,Lymphography,13,0.1405877394636013,0.8652873563218393,13,18,288.9751840829849
RG-SCSO-MI,SVM,mi,Lymphography,16,0.16567586206896537,0.8377011494252875,9,18,286.75142195797525
RG-SCSO-MI,SVM,mi,Lymphography,17,0.15345977011494247,0.8517241379310345,12,18,289.0897329580039
RG-SCSO-MI,SVM,mi,Lymphography,20,0.14486513409961685,0.8581609195402299,8,18,286.09525291691534
RG-SCSO-MI,SVM,mi,Lymphography,18,0.15738237547892717,0.8455172413793104,8,18,288.7259227919858
RG-SCSO-MI,SVM,mi,Lymphography,19,0.15816551724137923,0.8452873563218392,9,18,290.50307095889
RG-SCSO-MI,SVM,mi,Lymphography,21,0.13950344827586206,0.8641379310344828,9,18,290.3841711671557
RG-SCSO-MI,SVM,mi,Lymphography,22,0.13219386973180083,0.8726436781609195,11,18,290.7336484170519
RG-SCSO-MI,SVM,mi,Lymphography,23,0.15985900383141752,0.8441379310344829,10,18,292.81373183312826
RG-SCSO-MI,SVM,mi,Lymphography,24,0.12460996168582368,0.8786206896551725,8,18,284.9675555410795
RG-SCSO-MI,SVM,mi,Lymphography,25,0.15179310344827582,0.8517241379310345,9,18,284.06172379199415
RG-SCSO-MI,SVM,mi,Lymphography,26,0.14476475095785435,0.8577011494252874,7,18,283.99156704195775
RG-SCSO-MI,SVM,mi,Lymphography,27,0.15090957854406123,0.8514942528735633,7,18,285.04308808385395
RG-SCSO-MI,SVM,mi,Lymphography,28,0.1453203065134099,0.8577011494252874,8,18,289.82373383291997
RG-SCSO-MI,SVM,mi,Lymphography,29,0.14574865900383147,0.8583908045977011,10,18,287.77730295807123
RG-SCSO-MI,SVM,mi,M-of-n,1,0.004615384615384616,1.0,6,13,1994.477532332996
RG-SCSO-MI,SVM,mi,M-of-n,0,0.005384615384615384,1.0,7,13,2010.7188423750922
RG-SCSO-MI,SVM,mi,M-of-n,4,0.004615384615384616,1.0,6,13,1927.3791346249636
RG-SCSO-MI,SVM,mi,M-of-n,2,0.005384615384615384,1.0,7,13,1971.0470273341052
RG-SCSO-MI,SVM,mi,M-of-n,3,0.004615384615384616,1.0,6,13,1992.8633255409077
RG-SCSO-MI,SVM,mi,M-of-n,6,0.004615384615384616,1.0,6,13,2002.1758424590807
RG-SCSO-MI,SVM,mi,M-of-n,7,0.004615384615384616,1.0,6,13,2009.2600851671305
RG-SCSO-MI,SVM,mi,M-of-n,5,0.004615384615384616,1.0,6,13,2046.108549040975
RG-SCSO-MI,SVM,mi,M-of-n,8,0.004615384615384616,1.0,6,13,2006.6346074168105
RG-SCSO-MI,SVM,mi,M-of-n,9,0.004615384615384616,1.0,6,13,2026.1293628748972
RG-SCSO-MI,SVM,mi,M-of-n,10,0.004615384615384616,1.0,6,13,1939.4553766669706
RG-SCSO-MI,SVM,mi,M-of-n,11,0.004615384615384616,1.0,6,13,1974.1487790001556
RG-SCSO-MI,SVM,mi,M-of-n,13,0.004615384615384616,1.0,6,13,1955.1362452090252
RG-SCSO-MI,SVM,mi,M-of-n,12,0.005384615384615384,1.0,7,13,2015.764259666903
RG-SCSO-MI,SVM,mi,M-of-n,14,0.004615384615384616,1.0,6,13,1989.4664292498492
RG-SCSO-MI,SVM,mi,M-of-n,15,0.004615384615384616,1.0,6,13,2032.0448487079702
RG-SCSO-MI,SVM,mi,M-of-n,16,0.005384615384615384,1.0,7,13,1987.2022731669713
RG-SCSO-MI,SVM,mi,M-of-n,17,0.004615384615384616,1.0,6,13,1984.6659449581057
RG-SCSO-MI,SVM,mi,M-of-n,18,0.004615384615384616,1.0,6,13,1894.99850649992
RG-SCSO-MI,SVM,mi,M-of-n,19,0.005384615384615384,1.0,7,13,1964.2009560829028
RG-SCSO-MI,SVM,mi,M-of-n,21,0.004615384615384616,1.0,6,13,1936.3600540829357
RG-SCSO-MI,SVM,mi,M-of-n,20,0.005384615384615384,1.0,7,13,1996.0397245411295
RG-SCSO-MI,SVM,mi,M-of-n,22,0.005384615384615384,1.0,7,13,2051.7869908749126
RG-SCSO-MI,SVM,mi,M-of-n,23,0.005384615384615384,1.0,7,13,2004.8241211250424
RG-SCSO-MI,SVM,mi,Parkinsons,0,0.07797202797202803,0.923076923076923,4,22,290.03966312482953
RG-SCSO-MI,SVM,mi,Parkinsons,1,0.083958041958042,0.9179487179487179,6,22,292.3061194170732
RG-SCSO-MI,SVM,mi,Parkinsons,2,0.09456643356643346,0.9076923076923078,7,22,291.50436420785263
RG-SCSO-MI,SVM,mi,Parkinsons,3,0.09085314685314677,0.9128205128205129,10,22,296.6193927919958
RG-SCSO-MI,SVM,mi,Parkinsons,4,0.09365734265734266,0.9076923076923077,5,22,299.27725029201247
RG-SCSO-MI,SVM,mi,Parkinsons,5,0.09365734265734255,0.9076923076923078,5,22,300.66777633316815
RG-SCSO-MI,SVM,mi,Parkinsons,6,0.0932027972027972,0.9076923076923077,4,22,292.94320441712625
RG-SCSO-MI,SVM,mi,Parkinsons,7,0.08903496503496507,0.9128205128205128,6,22,291.6283422498964
RG-SCSO-MI,SVM,mi,Parkinsons,8,0.09365734265734266,0.9076923076923077,5,22,296.0861090410035
RG-SCSO-MI,SVM,mi,Parkinsons,9,0.09274825174825174,0.9076923076923077,3,22,297.8831326670479
RG-SCSO-MI,SVM,mi,M-of-n,26,0.004615384615384616,1.0,6,13,1910.0701464579906
RG-SCSO-MI,SVM,mi,M-of-n,24,0.004615384615384616,1.0,6,13,1967.3625124171376
RG-SCSO-MI,SVM,mi,M-of-n,25,0.005384615384615384,1.0,7,13,2016.4699842080008
RG-SCSO-MI,SVM,mi,Parkinsons,10,0.08994405594405586,0.9128205128205129,8,22,291.36819616681896
RG-SCSO-MI,SVM,mi,M-of-n,27,0.005384615384615384,1.0,7,13,1929.489524290897
RG-SCSO-MI,SVM,mi,Parkinsons,11,0.08441258741258746,0.9179487179487179,7,22,293.541380333947
RG-SCSO-MI,SVM,mi,M-of-n,29,0.004615384615384616,1.0,6,13,1957.299205499934
RG-SCSO-MI,SVM,mi,M-of-n,28,0.004615384615384616,1.0,6,13,1976.9573369161226
RG-SCSO-MI,SVM,mi,Parkinsons,12,0.08858041958041961,0.9128205128205128,5,22,287.26222554105334
RG-SCSO-MI,SVM,mi,Parkinsons,13,0.08948951048951052,0.9128205128205128,7,22,293.55780837498605
RG-SCSO-MI,SVM,mi,Parkinsons,14,0.09827972027972026,0.9025641025641026,4,22,293.70032529183663
RG-SCSO-MI,SVM,mi,Parkinsons,15,0.09365734265734266,0.9076923076923077,5,22,290.9996314579621
RG-SCSO-MI,SVM,mi,Parkinsons,16,0.09039860139860142,0.9128205128205128,9,22,288.9906568331644
RG-SCSO-MI,SVM,mi,Parkinsons,17,0.07933566433566429,0.9230769230769231,7,22,293.05042883288115
RG-SCSO-MI,SVM,mi,Parkinsons,19,0.08858041958041961,0.9128205128205128,5,22,291.6111217911821
RG-SCSO-MI,SVM,mi,Parkinsons,18,0.08812587412587415,0.9128205128205128,4,22,292.2205555839464
RG-SCSO-MI,SVM,mi,Parkinsons,20,0.0932027972027972,0.9076923076923077,4,22,289.5219745421782
RG-SCSO-MI,SVM,mi,Parkinsons,21,0.08903496503496507,0.9128205128205128,6,22,291.03304974990897
RG-SCSO-MI,SVM,mi,Parkinsons,22,0.08858041958041961,0.9128205128205128,5,22,291.95281333406456
RG-SCSO-MI,SVM,mi,Parkinsons,23,0.09365734265734266,0.9076923076923077,5,22,294.5878533332143
RG-SCSO-MI,SVM,mi,Parkinsons,24,0.08441258741258746,0.9179487179487179,7,22,289.32824520906433
RG-SCSO-MI,SVM,mi,Parkinsons,25,0.08994405594405586,0.9128205128205129,8,22,294.16934841684997
RG-SCSO-MI,SVM,mi,Parkinsons,26,0.08858041958041961,0.9128205128205128,5,22,291.02524925000034
RG-SCSO-MI,SVM,mi,Parkinsons,27,0.08903496503496507,0.9128205128205128,6,22,295.0160639169626
RG-SCSO-MI,SVM,mi,Parkinsons,28,0.08903496503496507,0.9128205128205128,6,22,292.6562236668542
RG-SCSO-MI,SVM,mi,Parkinsons,29,0.083958041958042,0.9179487179487179,6,22,292.6193972080946
RG-SCSO-MI,SVM,mi,SpectEW,0,0.13366952544311048,0.8691125087351501,9,22,333.9533387501724
RG-SCSO-MI,SVM,mi,SpectEW,1,0.13276043453401956,0.8691125087351501,7,22,332.77707512513734
RG-SCSO-MI,SVM,mi,SpectEW,2,0.13356089193825035,0.8687631027253669,8,22,327.8900709999725
RG-SCSO-MI,SVM,mi,SpectEW,3,0.12950886220697533,0.872396925227114,7,22,330.82677587494254
RG-SCSO-MI,SVM,mi,SpectEW,4,0.13349170954831333,0.8688329839273236,8,22,330.6500073331408
RG-SCSO-MI,SVM,mi,SpectEW,5,0.13276043453401956,0.8691125087351501,7,22,331.5606151248794
RG-SCSO-MI,SVM,mi,SpectEW,6,0.1336300743281874,0.8686932215234103,8,22,332.15192016703077
RG-SCSO-MI,SVM,mi,SpectEW,7,0.13412407089765593,0.8691125087351501,10,22,337.48909920896403
RG-SCSO-MI,SVM,mi,SpectEW,8,0.13303716409376806,0.8688329839273233,7,22,326.73508641589433
RG-SCSO-MI,SVM,mi,SpectEW,10,0.12975586049170953,0.8726065688329839,8,22,326.2799493339844
RG-SCSO-MI,SVM,mi,SpectEW,9,0.1329679817038307,0.8689028651292803,7,22,329.49680049996823
RG-SCSO-MI,SVM,mi,SpectEW,11,0.13376843910806172,0.8685534591194969,8,22,336.282074250048
RG-SCSO-MI,SVM,mi,SpectEW,12,0.13631846769582628,0.8650593990216631,6,22,332.65711395884864
RG-SCSO-MI,SVM,mi,SpectEW,13,0.13289879931389365,0.8689727463312369,7,22,334.5625273329206
RG-SCSO-MI,SVM,mi,SpectEW,14,0.13383762149799888,0.8684835779175402,8,22,330.11381808295846
RG-SCSO-MI,SVM,mi,SpectEW,15,0.1324442538593482,0.8689727463312369,6,22,333.92884166701697
RG-SCSO-MI,SVM,mi,SpectEW,16,0.13373870783304753,0.8690426275331935,9,22,334.35370020917617
RG-SCSO-MI,SVM,mi,SpectEW,17,0.12668210405946248,0.8761705101327744,9,22,334.371129832929
RG-SCSO-MI,SVM,mi,SpectEW,18,0.13027958833619216,0.8725366876310272,9,22,341.4374291249551
RG-SCSO-MI,SVM,mi,SpectEW,19,0.13328416237850207,0.8690426275331935,8,22,331.9770659580827
RG-SCSO-MI,SVM,mi,SpectEW,20,0.12934076615208692,0.8730258560447239,8,22,332.4327932498418
RG-SCSO-MI,SVM,mi,SpectEW,21,0.1348553459119496,0.8688329839273237,11,22,331.20797720900737
RG-SCSO-MI,SVM,mi,SpectEW,22,0.13363007432818763,0.8686932215234101,8,22,326.79596362495795
RG-SCSO-MI,SVM,mi,SpectEW,23,0.13080331618067464,0.8724668064290706,10,22,334.228510749992
RG-SCSO-MI,SVM,mi,SpectEW,24,0.13289879931389365,0.8689727463312369,7,22,330.6403834579978
RG-SCSO-MI,SVM,mi,SpectEW,25,0.12688965122927395,0.8759608665269042,9,22,326.39075087499805
RG-SCSO-MI,SVM,mi,SpectEW,26,0.1324442538593482,0.8689727463312369,6,22,327.1816106250044
RG-SCSO-MI,SVM,mi,SpectEW,27,0.12661292166952542,0.876240391334731,9,22,329.71618462516926
RG-SCSO-MI,SVM,mi,SpectEW,28,0.13349170954831333,0.8688329839273236,8,22,330.21280474984087
RG-SCSO-MI,SVM,mi,SpectEW,29,0.12986449399656944,0.8729559748427673,9,22,325.551977874944
RG-SCSO-MI,SVM,mi,TicTacToe,0,0.1205651178010471,0.8883180628272251,9,9,2044.495287250029
RG-SCSO-MI,SVM,mi,TicTacToe,1,0.13386990983129732,0.8737565445026177,8,9,2106.614430292044
RG-SCSO-MI,SVM,mi,TicTacToe,2,0.11952846858638734,0.8893651832460734,9,9,2089.2302400409244
RG-SCSO-MI,SVM,mi,TicTacToe,3,0.11851881544502603,0.8903850349040141,9,9,2069.9077552498784
RG-SCSO-MI,SVM,mi,TicTacToe,4,0.13093700916230358,0.877841404886562,9,9,2121.0663129580207
RG-SCSO-MI,SVM,mi,TicTacToe,5,0.12883671465968594,0.8799629144851657,9,9,2093.3323990830686
RG-SCSO-MI,SVM,mi,TicTacToe,6,0.12367506544502607,0.8851767015706807,9,9,2106.884645457845
RG-SCSO-MI,SVM,mi,TicTacToe,7,0.11539267015706804,0.893542757417103,9,9,2124.5888488329947
RG-SCSO-MI,SVM,mi,TicTacToe,8,0.11438301701570673,0.8945626090750437,9,9,2065.8998536670115
RG-SCSO-MI,SVM,mi,TicTacToe,9,0.11953386780104694,0.889359729493892,9,9,2115.218621667009
RG-SCSO-MI,SVM,mi,TicTacToe,11,0.11749836387434551,0.8914157940663177,9,9,2093.676153416978
RG-SCSO-MI,SVM,mi,TicTacToe,10,0.12679581151832467,0.882024432809773,9,9,2131.123754207976
RG-SCSO-MI,SVM,mi,TicTacToe,12,0.13700685354857484,0.8705879144851657,8,9,2160.1173465829343
RG-SCSO-MI,SVM,mi,TicTacToe,13,0.12468471858638748,0.8841568499127399,9,9,2162.3988990830258
RG-SCSO-MI,SVM,mi,TicTacToe,14,0.12368586387434549,0.8851657940663177,9,9,2127.5273854169063
RG-SCSO-MI,SVM,mi,TicTacToe,15,0.1205705170157067,0.8883126090750437,9,9,2126.9683493750636
RG-SCSO-MI,SVM,mi,TicTacToe,16,0.11748756544502631,0.8914267015706805,9,9,2065.163867375115
RG-SCSO-MI,SVM,mi,TicTacToe,17,0.11744977094240831,0.8914648778359512,9,9,2124.023580332985
RG-SCSO-MI,SVM,mi,TicTacToe,18,0.12267621073298407,0.8861856457242585,9,9,2081.252528042067
RG-SCSO-MI,SVM,mi,TicTacToe,19,0.13908015197789403,0.8684936736474695,8,9,2118.9316416250076
RG-SCSO-MI,SVM,mi,TicTacToe,20,0.11951767015706813,0.8893760907504362,9,9,2127.2663871659897
RG-SCSO-MI,SVM,mi,TicTacToe,21,0.12883131544502632,0.8799683682373471,9,9,2126.2225480841007
RG-SCSO-MI,SVM,mi,TicTacToe,22,0.1298841623036649,0.8789048865619546,9,9,2110.374596999958
RG-SCSO-MI,SVM,mi,TicTacToe,23,0.11852421465968585,0.8903795811518325,9,9,2126.859867791878
RG-SCSO-MI,SVM,mi,Vote,0,0.023746993524514416,0.9785383903792784,4,16,266.6303563748952
RG-SCSO-MI,SVM,mi,Vote,1,0.02823450508788158,0.9740055504162812,4,16,266.9894510000013
RG-SCSO-MI,SVM,mi,Vote,2,0.02455515726179465,0.9783533765032377,5,16,271.7406962090172
RG-SCSO-MI,SVM,mi,Vote,3,0.028051341350601236,0.974190564292322,4,16,268.511310959002
RG-SCSO-MI,SVM,mi,Vote,4,0.02428041165587408,0.9786308973172989,5,16,266.4596107080579
RG-SCSO-MI,SVM,mi,Vote,5,0.02455515726179465,0.9783533765032377,5,16,272.59573054197244
RG-SCSO-MI,SVM,mi,Vote,6,0.01962580943570761,0.9827012025901943,4,16,267.78318970790133
RG-SCSO-MI,SVM,mi,Vote,7,0.028051341350601236,0.974190564292322,4,16,264.17420699982904
RG-SCSO-MI,SVM,mi,Vote,8,0.02428041165587408,0.9786308973172989,5,16,275.58741729101166
RG-SCSO-MI,SVM,mi,Vote,9,0.030389107308048054,0.9699352451433858,1,16,268.5084985420108
RG-SCSO-MI,SVM,mi,TicTacToe,24,0.11749296465968591,0.8914212478184991,9,9,2081.636966542108
RG-SCSO-MI,SVM,mi,Vote,10,0.019442645698427265,0.9828862164662351,4,16,268.35860095801763
RG-SCSO-MI,SVM,mi,Vote,11,0.028142923219241354,0.9740980573543017,4,16,269.3534099170938
RG-SCSO-MI,SVM,mi,TicTacToe,25,0.12264381544502634,0.8862183682373471,9,9,2132.1227941671386
RG-SCSO-MI,SVM,mi,Vote,12,0.02795975948196112,0.9742830712303423,4,16,266.4516328328755
RG-SCSO-MI,SVM,mi,TicTacToe,26,0.11851881544502603,0.8903850349040141,9,9,2084.4539328329265
RG-SCSO-MI,SVM,mi,Vote,13,0.019442645698427265,0.9828862164662351,4,16,269.05269554210827
RG-SCSO-MI,SVM,mi,Vote,14,0.02823450508788158,0.9740055504162812,4,16,267.78725850000046
RG-SCSO-MI,SVM,mi,TicTacToe,27,0.12777846858638764,0.8810318499127398,9,9,2126.229973042151
RG-SCSO-MI,SVM,mi,TicTacToe,28,0.12057591623036652,0.8883071553228621,9,9,2136.745186999906
RG-SCSO-MI,SVM,mi,TicTacToe,29,0.11748756544502631,0.8914267015706805,9,9,2133.690224208869
RG-SCSO-MI,SVM,mi,Vote,15,0.02455515726179465,0.9783533765032377,5,16,269.9144519169349
RG-SCSO-MI,SVM,mi,Vote,16,0.024021739130434767,0.9782608695652174,4,16,269.69705029181205
RG-SCSO-MI,SVM,mi,Vote,17,0.023838575393154534,0.978445883441258,4,16,269.20869624987245
RG-SCSO-MI,SVM,mi,Vote,18,0.020967391304347945,0.9826086956521738,6,16,271.71033158316277
RG-SCSO-MI,SVM,mi,Vote,19,0.023838575393154534,0.978445883441258,4,16,270.0112564160954
RG-SCSO-MI,SVM,mi,Vote,20,0.02428041165587419,0.9786308973172988,5,16,272.01911983289756
RG-SCSO-MI,SVM,mi,Vote,21,0.02795975948196112,0.9742830712303423,4,16,266.02742658299394
RG-SCSO-MI,SVM,mi,Vote,22,0.028051341350601236,0.974190564292322,4,16,268.25044070906006
RG-SCSO-MI,SVM,mi,Vote,23,0.019442645698427265,0.9828862164662351,4,16,265.597435249947
RG-SCSO-MI,SVM,mi,Vote,25,0.030663852913968625,0.9696577243293246,1,16,259.870847791899
RG-SCSO-MI,SVM,mi,Vote,24,0.02823450508788158,0.9740055504162812,4,16,265.40651366696693
RG-SCSO-MI,SVM,mi,Vote,26,0.019625809435707717,0.9827012025901942,4,16,266.4501804159954
RG-SCSO-MI,SVM,mi,Vote,27,0.019717391304347943,0.9826086956521738,4,16,269.35400608414784
RG-SCSO-MI,SVM,mi,Vote,28,0.02823450508788169,0.9740055504162811,4,16,267.97998308297247
RG-SCSO-MI,SVM,mi,Vote,29,0.020601063829787367,0.9829787234042552,6,16,272.66521183308214
RG-SCSO-ReliefF,SVM,relieff,BreastEW,0,0.033455822718381684,0.9706955775010735,4,9,499.73580587492324
RG-SCSO-ReliefF,SVM,relieff,BreastEW,1,0.03346644959687048,0.9706848432803777,4,9,500.06174987507984
RG-SCSO-ReliefF,SVM,relieff,BreastEW,3,0.0320105672439292,0.972155431515672,4,9,488.9119345829822
RG-SCSO-ReliefF,SVM,relieff,BreastEW,2,0.033455822718381795,0.9706955775010734,4,9,491.88790054200217
RG-SCSO-ReliefF,SVM,relieff,BreastEW,4,0.031946805972997316,0.9722198368398456,4,9,496.5206304998137
RG-SCSO-ReliefF,SVM,relieff,BreastEW,5,0.03420090883068548,0.9721876341777588,6,9,506.6430891251657
RG-SCSO-ReliefF,SVM,relieff,BreastEW,6,0.03344519583989322,0.9707063117217689,4,9,502.98878079187125
RG-SCSO-ReliefF,SVM,relieff,BreastEW,7,0.0320105672439292,0.972155431515672,4,9,504.5250882911496
RG-SCSO-ReliefF,SVM,relieff,BreastEW,8,0.033100424598063054,0.9721768999570631,5,9,512.2539434160572
RG-SCSO-ReliefF,SVM,relieff,BreastEW,11,0.03161266160965605,0.973679690854444,5,9,495.506237457972
RG-SCSO-ReliefF,SVM,relieff,BreastEW,10,0.034577560707981375,0.970684843280378,5,9,497.21816245792434
RG-SCSO-ReliefF,SVM,relieff,BreastEW,9,0.03344519583989322,0.9707063117217689,4,9,507.05731016700156
RG-SCSO-ReliefF,SVM,relieff,BreastEW,12,0.03276628023472156,0.9736367539716617,6,9,507.6172514590435
RG-SCSO-ReliefF,SVM,relieff,BreastEW,13,0.03339206144745002,0.9707599828252469,4,9,503.7615066249855
RG-SCSO-ReliefF,SVM,relieff,BreastEW,14,0.03197868660846326,0.9721876341777588,4,9,506.5919581667986
RG-SCSO-ReliefF,SVM,relieff,BreastEW,15,0.03344519583989322,0.9707063117217689,4,9,500.9087652498856
RG-SCSO-ReliefF,SVM,relieff,BreastEW,18,0.03308979771957437,0.9721876341777588,5,9,491.0633594170213
RG-SCSO-ReliefF,SVM,relieff,BreastEW,17,0.030565311769476605,0.9736152855302705,4,9,494.6343407500535
RG-SCSO-ReliefF,SVM,relieff,BreastEW,16,0.03455630695100433,0.9707063117217689,5,9,503.3163596249651
RG-SCSO-ReliefF,SVM,relieff,BreastEW,19,0.030565311769476605,0.9736152855302705,4,9,500.41880758292973
RG-SCSO-ReliefF,SVM,relieff,BreastEW,20,0.03308979771957437,0.9721876341777588,5,9,498.5147364169825
RG-SCSO-ReliefF,SVM,relieff,BreastEW,21,0.033079170841085796,0.9721983683984543,5,9,499.362815707922
RG-SCSO-ReliefF,SVM,relieff,BreastEW,22,0.031633915366633306,0.9736582224130528,5,9,502.8049812500831
RG-SCSO-ReliefF,SVM,relieff,BreastEW,23,0.03198931348695194,0.9721768999570631,4,9,505.1369158751331
RG-SCSO-ReliefF,SVM,relieff,BreastEW,24,0.031999940365440516,0.9721661657363676,4,9,495.30561904096976
RG-SCSO-ReliefF,SVM,relieff,BreastEW,25,0.031946805972997316,0.9722198368398456,4,9,494.73015225003473
RG-SCSO-ReliefF,SVM,relieff,BreastEW,26,0.03276628023472156,0.9736367539716617,6,9,505.3118762499653
RG-SCSO-ReliefF,SVM,relieff,BreastEW,27,0.03424341634464011,0.9721446972949763,6,9,506.70138008287176
RG-SCSO-ReliefF,SVM,relieff,BreastEW,28,0.03161266160965605,0.973679690854444,5,9,501.739369292045
RG-SCSO-ReliefF,SVM,relieff,BreastEW,29,0.03311105147655163,0.9721661657363676,5,9,496.2648843328934
RG-SCSO-ReliefF,SVM,relieff,Diabetes,0,0.23060294117647062,0.7733808674985145,5,8,1308.4517205830198
RG-SCSO-ReliefF,SVM,relieff,Diabetes,1,0.231905462184874,0.7720651897122485,5,8,1246.3951600838918
RG-SCSO-ReliefF,SVM,relieff,Diabetes,2,0.2253928571428572,0.7786435786435786,5,8,1123.4669941249304
RG-SCSO-ReliefF,SVM,relieff,Diabetes,3,0.21638655462184878,0.7864782276546982,4,8,1126.1377549159806
RG-SCSO-ReliefF,SVM,relieff,Diabetes,4,0.22931932773109248,0.773414820473644,4,8,1139.0983123329934
RG-SCSO-ReliefF,SVM,relieff,Diabetes,6,0.2306113445378152,0.7733723792547321,5,8,1120.2503002909943
RG-SCSO-ReliefF,SVM,relieff,Diabetes,5,0.22402100840336145,0.7812919107036753,6,8,1146.3127905838192
RG-SCSO-ReliefF,SVM,relieff,Diabetes,7,0.2253949579831933,0.7773788303200068,4,8,1116.8715328329708
RG-SCSO-ReliefF,SVM,relieff,Diabetes,8,0.2241848739495798,0.7786011374246669,4,8,867.0274752499536
RG-SCSO-ReliefF,SVM,relieff,Diabetes,9,0.22668697478991603,0.7773363891010949,5,8,855.9472042920534
RG-SCSO-ReliefF,SVM,relieff,Diabetes,10,0.23184663865546212,0.7721246074187251,5,8,831.5311183750164
RG-SCSO-ReliefF,SVM,relieff,Diabetes,11,0.22673109243697484,0.7760291995586113,4,8,837.9607469590846
RG-SCSO-ReliefF,SVM,relieff,Diabetes,12,0.2279495798319328,0.7747984042101689,4,8,851.8692260419484
RG-SCSO-ReliefF,SVM,relieff,Diabetes,13,0.22401260504201684,0.7813003989474577,6,8,856.4089979580604
RG-SCSO-ReliefF,SVM,relieff,Diabetes,14,0.217577731092437,0.7865376453611748,5,8,856.7518051250372
RG-SCSO-ReliefF,SVM,relieff,Diabetes,15,0.2266533613445379,0.7773703420762244,5,8,846.2782620000653
RG-SCSO-ReliefF,SVM,relieff,Diabetes,16,0.2266533613445379,0.7773703420762244,5,8,854.0809745839797
RG-SCSO-ReliefF,SVM,relieff,Diabetes,17,0.22535084033613448,0.7786860198624904,5,8,851.3274852919858
RG-SCSO-ReliefF,SVM,relieff,Diabetes,18,0.2202331932773109,0.7838553603259486,5,8,832.4020212909672
RG-SCSO-ReliefF,SVM,relieff,Diabetes,19,0.22285714285714286,0.7799422799422799,4,8,835.0626241671853
RG-SCSO-ReliefF,SVM,relieff,Diabetes,20,0.22025000000000006,0.7838383838383838,5,8,854.2098268750124
RG-SCSO-ReliefF,SVM,relieff,Diabetes,21,0.22658613445378153,0.7774382480264833,5,8,853.9269501669332
RG-SCSO-ReliefF,SVM,relieff,Diabetes,23,0.2202331932773109,0.7838553603259486,5,8,851.9729374588933
RG-SCSO-ReliefF,SVM,relieff,Diabetes,22,0.228,0.7747474747474747,4,8,869.5050303330645
RG-SCSO-ReliefF,SVM,relieff,Diabetes,24,0.22014705882352947,0.785204991087344,6,8,871.6242582499981
RG-SCSO-ReliefF,SVM,relieff,Diabetes,25,0.2317605042016807,0.7734742381801205,6,8,865.7294204169884
RG-SCSO-ReliefF,SVM,relieff,Diabetes,26,0.22671008403361348,0.7785756726933197,6,8,847.8748502498493
RG-SCSO-ReliefF,SVM,relieff,Diabetes,27,0.2279537815126051,0.7773194126135302,6,8,845.1137582089286
RG-SCSO-ReliefF,SVM,relieff,Diabetes,29,0.22543697478991603,0.7773363891010949,4,8,851.2037769171875
RG-SCSO-ReliefF,SVM,relieff,Diabetes,28,0.22405462184873945,0.781257957728546,6,8,866.746920082951
RG-SCSO-ReliefF,SVM,relieff,GermanCredit,1,0.2213100000000001,0.7809999999999999,9,20,1575.798850750085
RG-SCSO-ReliefF,SVM,relieff,GermanCredit,0,0.21885999999999997,0.786,14,20,1603.1674760829192
RG-SCSO-ReliefF,SVM,relieff,GermanCredit,2,0.21935000000000007,0.7849999999999999,13,20,1575.3552769159433
RG-SCSO-ReliefF,SVM,relieff,GermanCredit,3,0.22084999999999996,0.785,16,20,1582.152332750149
RG-SCSO-ReliefF,SVM,relieff,GermanCredit,4,0.21885999999999986,0.7860000000000001,14,20,1554.4707608341705
RG-SCSO-ReliefF,SVM,relieff,GermanCredit,5,0.22379,0.779,10,20,1551.4478574579116
RG-SCSO-ReliefF,SVM,relieff,GermanCredit,7,0.22081999999999996,0.782,10,20,1576.0503424170893
RG-SCSO-ReliefF,SVM,relieff,GermanCredit,6,0.22429999999999997,0.78,13,20,1591.0006844170857
RG-SCSO-ReliefF,SVM,relieff,GermanCredit,8,0.21538999999999997,0.789,13,20,1589.8480592078995
RG-SCSO-ReliefF,SVM,relieff,GermanCredit,9,0.21537999999999996,0.788,11,20,1589.1784797091968
RG-SCSO-ReliefF,SVM,relieff,GermanCredit,10,0.22033999999999998,0.784,13,20,1580.8870247090235
RG-SCSO-ReliefF,SVM,relieff,GermanCredit,12,0.22231999999999996,0.782,13,20,1541.947442417033
RG-SCSO-ReliefF,SVM,relieff,GermanCredit,11,0.21586000000000008,0.7859999999999999,8,20,1561.2921710000373
RG-SCSO-ReliefF,SVM,relieff,GermanCredit,13,0.22579999999999997,0.78,16,20,1557.6927420420107
RG-SCSO-ReliefF,SVM,relieff,GermanCredit,14,0.22032999999999997,0.783,11,20,1581.2351306250785
RG-SCSO-ReliefF,SVM,relieff,GermanCredit,15,0.22132999999999997,0.783,13,20,1592.580118750222
RG-SCSO-ReliefF,SVM,relieff,GermanCredit,16,0.22479999999999997,0.78,14,20,1589.6529424581677
RG-SCSO-ReliefF,SVM,relieff,GermanCredit,17,0.23221999999999998,0.772,13,20,1606.0026039171498
RG-SCSO-ReliefF,SVM,relieff,GermanCredit,19,0.22031999999999996,0.782,9,20,1535.136827667011
RG-SCSO-ReliefF,SVM,relieff,GermanCredit,18,0.21785999999999986,0.7860000000000001,12,20,1581.4222289158497
RG-SCSO-ReliefF,SVM,relieff,GermanCredit,20,0.22329999999999997,0.78,11,20,1566.8756783748977
RG-SCSO-ReliefF,SVM,relieff,GermanCredit,21,0.21984999999999996,0.785,14,20,1557.715169291012
RG-SCSO-ReliefF,SVM,relieff,GermanCredit,22,0.22229,0.779,7,20,1568.5258893328719
RG-SCSO-ReliefF,SVM,relieff,GermanCredit,23,0.22280999999999998,0.781,12,20,1591.651053959038
RG-SCSO-ReliefF,SVM,relieff,HeartDisease,0,0.15578631029986975,0.8480790960451976,7,13,232.64542266679928
RG-SCSO-ReliefF,SVM,relieff,HeartDisease,1,0.1445018252933506,0.8587005649717515,6,13,232.6270899581723
RG-SCSO-ReliefF,SVM,relieff,HeartDisease,2,0.15451368970013046,0.8485875706214688,6,13,232.56555679114535
RG-SCSO-ReliefF,SVM,relieff,HeartDisease,3,0.15621994784876145,0.8484180790960452,8,13,233.5691799169872
RG-SCSO-ReliefF,SVM,relieff,HeartDisease,4,0.14262842242503268,0.8621468926553671,8,13,235.60669575002976
RG-SCSO-ReliefF,SVM,relieff,HeartDisease,5,0.15286401564537166,0.8518079096045197,8,13,234.89453791687265
RG-SCSO-ReliefF,SVM,relieff,GermanCredit,24,0.21587999999999996,0.788,12,20,1586.60138779087
RG-SCSO-ReliefF,SVM,relieff,GermanCredit,25,0.21884999999999985,0.7850000000000001,12,20,1591.1339797920082
RG-SCSO-ReliefF,SVM,relieff,HeartDisease,6,0.1522066492829204,0.8516949152542374,7,13,231.42854854208417
RG-SCSO-ReliefF,SVM,relieff,HeartDisease,7,0.15929621903520216,0.8453107344632768,8,13,233.61200504214503
RG-SCSO-ReliefF,SVM,relieff,HeartDisease,8,0.1493402868318121,0.8553672316384182,8,13,231.90226904209703
RG-SCSO-ReliefF,SVM,relieff,HeartDisease,9,0.15605215123859179,0.8485875706214691,8,13,233.74636208382435
RG-SCSO-ReliefF,SVM,relieff,HeartDisease,10,0.15022138200782262,0.8552542372881357,9,13,234.6318396248389
RG-SCSO-ReliefF,SVM,relieff,HeartDisease,11,0.14768996088657094,0.8554802259887007,6,13,231.3450559999328
RG-SCSO-ReliefF,SVM,relieff,HeartDisease,12,0.15033324641460225,0.8551412429378532,9,13,233.47737254202366
RG-SCSO-ReliefF,SVM,relieff,HeartDisease,13,0.15192698826597134,0.8519774011299435,7,13,233.38038141699508
RG-SCSO-ReliefF,SVM,relieff,GermanCredit,26,0.22379999999999997,0.78,12,20,1542.8189065421466
RG-SCSO-ReliefF,SVM,relieff,GermanCredit,29,0.22032999999999997,0.783,11,20,1531.6487952501047
RG-SCSO-ReliefF,SVM,relieff,GermanCredit,27,0.21293000000000006,0.7929999999999999,16,20,1579.2183202079032
RG-SCSO-ReliefF,SVM,relieff,HeartDisease,14,0.15659765319426341,0.8488135593220338,9,13,235.9569545001723
RG-SCSO-ReliefF,SVM,relieff,GermanCredit,28,0.21986000000000008,0.7859999999999999,16,20,1574.1983286661562
RG-SCSO-ReliefF,SVM,relieff,HeartDisease,15,0.15164732724902208,0.8522598870056498,7,13,231.3232746249996
RG-SCSO-ReliefF,SVM,relieff,HeartDisease,16,0.14703324641460228,0.8584745762711865,9,13,233.15293012489565
RG-SCSO-ReliefF,SVM,relieff,HeartDisease,17,0.14845919165580193,0.8554802259887004,7,13,230.78567720786668
RG-SCSO-ReliefF,SVM,relieff,HeartDisease,18,0.156052151238592,0.8485875706214688,8,13,228.44774800003506
RG-SCSO-ReliefF,SVM,relieff,HeartDisease,19,0.15594028683181227,0.8487005649717514,8,13,229.66280195885338
RG-SCSO-ReliefF,SVM,relieff,HeartDisease,20,0.15451434159061272,0.8516949152542374,10,13,233.71725812507793
RG-SCSO-ReliefF,SVM,relieff,HeartDisease,21,0.14746688396349408,0.858813559322034,10,13,236.99621941591613
RG-SCSO-ReliefF,SVM,relieff,HeartDisease,22,0.14637588005215113,0.8583615819209041,8,13,233.0893404171802
RG-SCSO-ReliefF,SVM,relieff,HeartDisease,23,0.16281994784876147,0.8417514124293785,8,13,234.22108004195616
RG-SCSO-ReliefF,SVM,relieff,HeartDisease,24,0.15511512385919168,0.8487570621468926,7,13,234.79843804100528
RG-SCSO-ReliefF,SVM,relieff,HeartDisease,25,0.14808148631029974,0.855084745762712,6,13,234.30790441692807
RG-SCSO-ReliefF,SVM,relieff,HeartDisease,26,0.16051225554106918,0.8417514124293785,5,13,231.48474129196256
RG-SCSO-ReliefF,SVM,relieff,HeartDisease,27,0.1526962190352021,0.8519774011299435,8,13,233.48592991707847
RG-SCSO-ReliefF,SVM,relieff,HeartDisease,28,0.1544584093872229,0.8517514124293786,10,13,237.4214064590633
RG-SCSO-ReliefF,SVM,relieff,HeartDisease,29,0.14934028683181233,0.855367231638418,8,13,237.70004037511535
RG-SCSO-ReliefF,SVM,relieff,IonosphereEW,0,0.03856906142738775,0.9657947686116701,16,34,247.95040204096586
RG-SCSO-ReliefF,SVM,relieff,IonosphereEW,1,0.04304973369629549,0.9600804828973842,12,34,245.28007637499832
RG-SCSO-ReliefF,SVM,relieff,IonosphereEW,2,0.042279985797135794,0.9629376257545271,19,34,245.9903570828028
RG-SCSO-ReliefF,SVM,relieff,IonosphereEW,3,0.040849236596046834,0.962897384305835,14,34,248.59820033307187
RG-SCSO-ReliefF,SVM,relieff,IonosphereEW,4,0.04477460054444305,0.9601207243460765,18,34,243.38413570798002
RG-SCSO-ReliefF,SVM,relieff,IonosphereEW,5,0.04337677831696044,0.9630181086519116,23,34,243.44142112508416
RG-SCSO-ReliefF,SVM,relieff,IonosphereEW,6,0.0419460291158717,0.9629778672032193,18,34,247.33212974993512
RG-SCSO-ReliefF,SVM,relieff,IonosphereEW,7,0.04397192567167712,0.9600402414486922,15,34,244.1571682919748
RG-SCSO-ReliefF,SVM,relieff,IonosphereEW,8,0.0432243342407385,0.9602012072434608,13,34,241.18069770815782
RG-SCSO-ReliefF,SVM,relieff,IonosphereEW,9,0.03870382293762571,0.9659557344064387,17,34,245.1230951671023
RG-SCSO-ReliefF,SVM,relieff,IonosphereEW,10,0.041023837140490065,0.9630181086519114,15,34,240.99137183302082
RG-SCSO-ReliefF,SVM,relieff,IonosphereEW,11,0.041063676174695224,0.9629778672032193,15,34,243.6497306250967
RG-SCSO-ReliefF,SVM,relieff,IonosphereEW,12,0.041143354243105654,0.962897384305835,15,34,241.69886533287354
RG-SCSO-ReliefF,SVM,relieff,IonosphereEW,13,0.042279985797135794,0.9629376257545271,19,34,242.92581120785326
RG-SCSO-ReliefF,SVM,relieff,IonosphereEW,14,0.0425741034441945,0.9629376257545272,20,34,246.86280679213814
RG-SCSO-ReliefF,SVM,relieff,IonosphereEW,15,0.03856906142738797,0.9657947686116699,16,34,245.99315570807084
RG-SCSO-ReliefF,SVM,relieff,IonosphereEW,16,0.044734761510238,0.9601609657947685,18,34,246.02627558400854
RG-SCSO-ReliefF,SVM,relieff,IonosphereEW,17,0.03835462184873957,0.9657142857142856,15,34,242.26516129192896
RG-SCSO-ReliefF,SVM,relieff,IonosphereEW,18,0.0479371286542785,0.9572233400402416,19,34,244.82711058296263
RG-SCSO-ReliefF,SVM,relieff,IonosphereEW,19,0.044226204284530786,0.9600804828973842,16,34,249.37975429091603
RG-SCSO-ReliefF,SVM,relieff,IonosphereEW,20,0.04393208663747174,0.9600804828973845,15,34,243.29843574995175
RG-SCSO-ReliefF,SVM,relieff,IonosphereEW,21,0.04026100130192919,0.962897384305835,12,34,237.99187591695227
RG-SCSO-ReliefF,SVM,relieff,IonosphereEW,22,0.038608900461593015,0.9657545271629779,16,34,245.6446937499568
RG-SCSO-ReliefF,SVM,relieff,IonosphereEW,23,0.038608900461593015,0.9657545271629779,16,34,246.19752895785496
RG-SCSO-ReliefF,SVM,relieff,IonosphereEW,24,0.044480482897384224,0.9601207243460765,17,34,244.47945091710426
RG-SCSO-ReliefF,SVM,relieff,IonosphereEW,25,0.041317954787548676,0.9630181086519116,16,34,241.98917683307081
RG-SCSO-ReliefF,SVM,relieff,IonosphereEW,26,0.044106687181914975,0.9602012072434608,16,34,233.8721506248694
RG-SCSO-ReliefF,SVM,relieff,IonosphereEW,27,0.041985868150076856,0.9629376257545272,18,34,232.7236396248918
RG-SCSO-ReliefF,SVM,relieff,Lymphography,0,0.11922145593869737,0.8857471264367816,11,18,148.57834141608328
RG-SCSO-ReliefF,SVM,relieff,Lymphography,1,0.15179310344827582,0.8517241379310345,9,18,148.0195196249988
RG-SCSO-ReliefF,SVM,relieff,IonosphereEW,28,0.03886317907444657,0.9657947686116701,17,34,225.20530804106966
RG-SCSO-ReliefF,SVM,relieff,Lymphography,2,0.1454206896551724,0.8581609195402299,9,18,144.4993214160204
RG-SCSO-ReliefF,SVM,relieff,Lymphography,3,0.1326490421455939,0.872183908045977,11,18,143.46269450010732
RG-SCSO-ReliefF,SVM,relieff,IonosphereEW,29,0.04220030772872514,0.9630181086519116,19,34,219.00697291688994
RG-SCSO-ReliefF,SVM,relieff,Lymphography,4,0.15290421455938694,0.8517241379310345,11,18,144.07274900004268
RG-SCSO-ReliefF,SVM,relieff,Lymphography,5,0.13778314176245215,0.8664367816091954,10,18,144.54200974991545
RG-SCSO-ReliefF,SVM,relieff,Lymphography,6,0.13267586206896537,0.8710344827586208,9,18,143.42567595816217
RG-SCSO-ReliefF,SVM,relieff,Lymphography,7,0.14228122605363983,0.8641379310344828,14,18,143.84806133410893
RG-SCSO-ReliefF,SVM,relieff,Lymphography,8,0.13365977011494257,0.8717241379310344,12,18,142.33423095801845
RG-SCSO-ReliefF,SVM,relieff,Lymphography,9,0.15381455938697314,0.8508045977011495,11,18,143.11327199987136
RG-SCSO-ReliefF,SVM,relieff,Lymphography,10,0.13131034482758625,0.8724137931034482,9,18,142.9680890000891
RG-SCSO-ReliefF,SVM,relieff,Lymphography,11,0.12617624521072784,0.87816091954023,10,18,142.80021987506188
RG-SCSO-ReliefF,SVM,relieff,Lymphography,12,0.1335593869731801,0.871264367816092,11,18,144.5661007910967
RG-SCSO-ReliefF,SVM,relieff,Lymphography,13,0.13947662835249044,0.8652873563218391,11,18,144.43497054209
RG-SCSO-ReliefF,SVM,relieff,Lymphography,14,0.13947662835249044,0.8652873563218391,11,18,145.87441733293235
RG-SCSO-ReliefF,SVM,relieff,Lymphography,15,0.15189348659003835,0.852183908045977,10,18,144.343272625003
RG-SCSO-ReliefF,SVM,relieff,Lymphography,16,0.14685977011494256,0.8583908045977011,12,18,143.697882915847
RG-SCSO-ReliefF,SVM,relieff,Lymphography,17,0.1443095785440613,0.8581609195402299,7,18,144.45656595821492
RG-SCSO-ReliefF,SVM,relieff,Lymphography,18,0.1444099616858237,0.8586206896551725,8,18,143.5211879168637
RG-SCSO-ReliefF,SVM,relieff,Lymphography,19,0.13791034482758607,0.8657471264367818,9,18,142.59237504191697
RG-SCSO-ReliefF,SVM,relieff,Lymphography,20,0.13947662835249044,0.8652873563218391,11,18,145.13971604197286
RG-SCSO-ReliefF,SVM,relieff,Lymphography,21,0.13323141762452104,0.8710344827586207,10,18,144.21503716590814
RG-SCSO-ReliefF,SVM,relieff,Lymphography,22,0.1247103448275863,0.8790804597701148,9,18,144.1714524999261
RG-SCSO-ReliefF,SVM,relieff,Lymphography,23,0.11274865900383134,0.8917241379310346,10,18,144.01643775007688
RG-SCSO-ReliefF,SVM,relieff,Lymphography,24,0.13320459770114942,0.872183908045977,12,18,142.57951487484388
RG-SCSO-ReliefF,SVM,relieff,Lymphography,25,0.13836551724137933,0.8652873563218391,9,18,143.02986674988642
RG-SCSO-ReliefF,SVM,relieff,Lymphography,26,0.1335593869731801,0.871264367816092,11,18,143.8315455839038
RG-SCSO-ReliefF,SVM,relieff,Lymphography,27,0.13467049808429118,0.871264367816092,13,18,142.3377264169976
RG-SCSO-ReliefF,SVM,relieff,Lymphography,28,0.1399318007662835,0.8648275862068966,11,18,144.11712125013582
RG-SCSO-ReliefF,SVM,relieff,Lymphography,29,0.13444291187739466,0.8714942528735632,13,18,144.39200091687962
RG-SCSO-ReliefF,SVM,relieff,M-of-n,0,0.004615384615384616,1.0,6,13,914.5424544580746
RG-SCSO-ReliefF,SVM,relieff,M-of-n,2,0.004615384615384616,1.0,6,13,907.5807291250676
RG-SCSO-ReliefF,SVM,relieff,M-of-n,1,0.004615384615384616,1.0,6,13,918.862113625044
RG-SCSO-ReliefF,SVM,relieff,M-of-n,5,0.004615384615384616,1.0,6,13,895.9519115830772
RG-SCSO-ReliefF,SVM,relieff,M-of-n,3,0.004615384615384616,1.0,6,13,920.0392797081731
RG-SCSO-ReliefF,SVM,relieff,M-of-n,4,0.004615384615384616,1.0,6,13,924.5381091670133
RG-SCSO-ReliefF,SVM,relieff,M-of-n,6,0.004615384615384616,1.0,6,13,918.7601571669802
RG-SCSO-ReliefF,SVM,relieff,M-of-n,7,0.004615384615384616,1.0,6,13,921.0346104998607
RG-SCSO-ReliefF,SVM,relieff,M-of-n,8,0.004615384615384616,1.0,6,13,900.9918111250736
RG-SCSO-ReliefF,SVM,relieff,M-of-n,9,0.004615384615384616,1.0,6,13,903.5696052920539
RG-SCSO-ReliefF,SVM,relieff,M-of-n,11,0.004615384615384616,1.0,6,13,905.8511005421169
RG-SCSO-ReliefF,SVM,relieff,M-of-n,10,0.004615384615384616,1.0,6,13,920.2421323338058
RG-SCSO-ReliefF,SVM,relieff,M-of-n,12,0.004615384615384616,1.0,6,13,918.3620888749138
RG-SCSO-ReliefF,SVM,relieff,M-of-n,13,0.004615384615384616,1.0,6,13,917.5932566248812
RG-SCSO-ReliefF,SVM,relieff,M-of-n,14,0.004615384615384616,1.0,6,13,922.3280265831854
RG-SCSO-ReliefF,SVM,relieff,M-of-n,15,0.004615384615384616,1.0,6,13,920.417362584034
RG-SCSO-ReliefF,SVM,relieff,M-of-n,17,0.004615384615384616,1.0,6,13,900.2921052079182
RG-SCSO-ReliefF,SVM,relieff,M-of-n,16,0.004615384615384616,1.0,6,13,920.4189707920887
RG-SCSO-ReliefF,SVM,relieff,M-of-n,18,0.004615384615384616,1.0,6,13,906.1319798748009
RG-SCSO-ReliefF,SVM,relieff,M-of-n,19,0.004615384615384616,1.0,6,13,922.7824682919309
RG-SCSO-ReliefF,SVM,relieff,M-of-n,20,0.004615384615384616,1.0,6,13,923.0906764171086
RG-SCSO-ReliefF,SVM,relieff,M-of-n,21,0.004615384615384616,1.0,6,13,924.6224955420475
RG-SCSO-ReliefF,SVM,relieff,M-of-n,22,0.004615384615384616,1.0,6,13,922.4376197499223
RG-SCSO-ReliefF,SVM,relieff,M-of-n,23,0.004615384615384616,1.0,6,13,922.0239437499549
RG-SCSO-ReliefF,SVM,relieff,Parkinsons,0,0.10055244755244754,0.9025641025641026,9,22,145.18511620908976
RG-SCSO-ReliefF,SVM,relieff,Parkinsons,1,0.09039860139860142,0.9128205128205128,9,22,145.56858445797116
RG-SCSO-ReliefF,SVM,relieff,Parkinsons,2,0.10100699300699299,0.9025641025641026,10,22,145.74065079097636
RG-SCSO-ReliefF,SVM,relieff,Parkinsons,3,0.09176223776223767,0.9128205128205129,12,22,145.60484445816837
RG-SCSO-ReliefF,SVM,relieff,Parkinsons,4,0.09456643356643357,0.9076923076923077,7,22,146.69156670803204
RG-SCSO-ReliefF,SVM,relieff,Parkinsons,5,0.09593006993006993,0.9076923076923077,10,22,147.61639104201458
RG-SCSO-ReliefF,SVM,relieff,Parkinsons,6,0.11441958041958035,0.8871794871794872,6,22,144.02669237507507
RG-SCSO-ReliefF,SVM,relieff,Parkinsons,7,0.09964335664335663,0.9025641025641026,7,22,144.4482706671115
RG-SCSO-ReliefF,SVM,relieff,Parkinsons,8,0.09502097902097902,0.9076923076923077,8,22,144.62562004104257
RG-SCSO-ReliefF,SVM,relieff,Parkinsons,9,0.08948951048951052,0.9128205128205128,7,22,145.3530742910225
RG-SCSO-ReliefF,SVM,relieff,M-of-n,24,0.004615384615384616,1.0,6,13,900.242135874927
RG-SCSO-ReliefF,SVM,relieff,M-of-n,26,0.004615384615384616,1.0,6,13,898.0152296249289
RG-SCSO-ReliefF,SVM,relieff,M-of-n,25,0.004615384615384616,1.0,6,13,911.2583573749289
RG-SCSO-ReliefF,SVM,relieff,M-of-n,27,0.004615384615384616,1.0,6,13,914.8543061248492
RG-SCSO-ReliefF,SVM,relieff,M-of-n,28,0.004615384615384616,1.0,6,13,910.0517019999679
RG-SCSO-ReliefF,SVM,relieff,M-of-n,29,0.004615384615384616,1.0,6,13,912.1611466249451
RG-SCSO-ReliefF,SVM,relieff,Parkinsons,10,0.09729370629370618,0.9076923076923078,13,22,145.3390715830028
RG-SCSO-ReliefF,SVM,relieff,Parkinsons,11,0.08623076923076928,0.9179487179487179,11,22,145.21424129186198
RG-SCSO-ReliefF,SVM,relieff,Parkinsons,12,0.08532167832167836,0.9179487179487179,9,22,143.0199263340328
RG-SCSO-ReliefF,SVM,relieff,Parkinsons,13,0.09456643356643357,0.9076923076923077,7,22,141.21522212494165
RG-SCSO-ReliefF,SVM,relieff,Parkinsons,14,0.10009790209790208,0.9025641025641026,8,22,143.72532441583462
RG-SCSO-ReliefF,SVM,relieff,Parkinsons,15,0.10146153846153845,0.9025641025641026,11,22,145.4913337090984
RG-SCSO-ReliefF,SVM,relieff,Parkinsons,16,0.10055244755244754,0.9025641025641026,9,22,143.98258404200897
RG-SCSO-ReliefF,SVM,relieff,Parkinsons,17,0.08994405594405586,0.9128205128205129,8,22,144.06243437505327
RG-SCSO-ReliefF,SVM,relieff,Parkinsons,18,0.09411188811188811,0.9076923076923077,6,22,143.51314695784822
RG-SCSO-ReliefF,SVM,relieff,Parkinsons,19,0.09502097902097902,0.9076923076923077,8,22,144.36912579205818
RG-SCSO-ReliefF,SVM,relieff,Parkinsons,20,0.1102517482517482,0.8923076923076924,8,22,142.037975249812
RG-SCSO-ReliefF,SVM,relieff,Parkinsons,21,0.08994405594405597,0.9128205128205128,8,22,143.16774949990213
RG-SCSO-ReliefF,SVM,relieff,Parkinsons,22,0.08948951048951041,0.9128205128205129,7,22,144.08872374985367
RG-SCSO-ReliefF,SVM,relieff,Parkinsons,23,0.1056293706293706,0.8974358974358975,9,22,145.71125191706233
RG-SCSO-ReliefF,SVM,relieff,Parkinsons,24,0.09039860139860142,0.9128205128205128,9,22,144.69913908303715
RG-SCSO-ReliefF,SVM,relieff,Parkinsons,26,0.1102517482517482,0.8923076923076924,8,22,143.95999808306806
RG-SCSO-ReliefF,SVM,relieff,Parkinsons,25,0.09638461538461539,0.9076923076923077,11,22,145.17862745909952
RG-SCSO-ReliefF,SVM,relieff,Parkinsons,27,0.09547552447552447,0.9076923076923077,9,22,145.0922109161038
RG-SCSO-ReliefF,SVM,relieff,Parkinsons,28,0.09130769230769234,0.9128205128205128,11,22,143.42376879183576
RG-SCSO-ReliefF,SVM,relieff,Parkinsons,29,0.09547552447552436,0.9076923076923078,9,22,141.2941100411117
RG-SCSO-ReliefF,SVM,relieff,SpectEW,0,0.13276043453401956,0.8691125087351501,7,22,169.00378899998032
RG-SCSO-ReliefF,SVM,relieff,SpectEW,1,0.12619782732990284,0.876659678546471,9,22,172.2510892089922
RG-SCSO-ReliefF,SVM,relieff,SpectEW,2,0.13317552887364217,0.8686932215234101,7,22,169.35822441685013
RG-SCSO-ReliefF,SVM,relieff,SpectEW,3,0.13460834762721535,0.8686233403214537,10,22,171.55962554202415
RG-SCSO-ReliefF,SVM,relieff,SpectEW,4,0.13027958833619205,0.8725366876310273,9,22,172.5762929590419
RG-SCSO-ReliefF,SVM,relieff,SpectEW,5,0.13503316180674685,0.8691125087351501,12,22,174.37981187505648
RG-SCSO-ReliefF,SVM,relieff,SpectEW,6,0.1321669525443109,0.8724668064290707,13,22,171.63520000013523
RG-SCSO-ReliefF,SVM,relieff,SpectEW,7,0.13000285877644363,0.872816212438854,9,22,169.8222102499567
RG-SCSO-ReliefF,SVM,relieff,SpectEW,8,0.13460834762721535,0.8686233403214537,10,22,172.80167037504725
RG-SCSO-ReliefF,SVM,relieff,SpectEW,9,0.13118867924528307,0.8725366876310272,11,22,174.9655629589688
RG-SCSO-ReliefF,SVM,relieff,SpectEW,10,0.130210405946255,0.8726065688329839,9,22,172.09374204208143
RG-SCSO-ReliefF,SVM,relieff,SpectEW,11,0.1295780445969126,0.8723270440251572,7,22,170.49160070810467
RG-SCSO-ReliefF,SVM,relieff,SpectEW,12,0.13761292166952538,0.8651292802236199,9,22,172.8604347910732
RG-SCSO-ReliefF,SVM,relieff,SpectEW,14,0.13331389365351626,0.8685534591194969,7,22,169.57081195805222
RG-SCSO-ReliefF,SVM,relieff,SpectEW,13,0.12685991995425952,0.876450034940601,10,22,173.25109116593376
RG-SCSO-ReliefF,SVM,relieff,SpectEW,15,0.13471698113207548,0.8689727463312369,11,22,171.2669706668239
RG-SCSO-ReliefF,SVM,relieff,SpectEW,16,0.13433161806746707,0.8689028651292803,10,22,171.2659967499785
RG-SCSO-ReliefF,SVM,relieff,SpectEW,17,0.1336300743281874,0.8686932215234103,8,22,172.08509554201737
RG-SCSO-ReliefF,SVM,relieff,SpectEW,18,0.13164322469982853,0.8725366876310272,12,22,173.10245329211466
RG-SCSO-ReliefF,SVM,relieff,SpectEW,19,0.13052658662092614,0.8727463312368974,10,22,172.24231504113413
RG-SCSO-ReliefF,SVM,relieff,SpectEW,20,0.1307044025157233,0.8730258560447239,11,22,172.86638329201378
RG-SCSO-ReliefF,SVM,relieff,SpectEW,21,0.13342252715837616,0.8689028651292803,8,22,170.9549729579594
RG-SCSO-ReliefF,SVM,relieff,SpectEW,22,0.13178158947970262,0.872396925227114,12,22,173.9846228749957
RG-SCSO-ReliefF,SVM,relieff,SpectEW,23,0.13356089193825035,0.8687631027253669,8,22,171.56763254106045
RG-SCSO-ReliefF,SVM,relieff,SpectEW,24,0.13433161806746707,0.8689028651292803,10,22,173.37402929086238
RG-SCSO-ReliefF,SVM,relieff,SpectEW,25,0.12734419668381938,0.8759608665269042,10,22,172.7036215828266
RG-SCSO-ReliefF,SVM,relieff,SpectEW,26,0.1269291023441968,0.8763801537386442,10,22,172.65976816718467
RG-SCSO-ReliefF,SVM,relieff,SpectEW,27,0.1233316180674671,0.8800139762403913,10,22,171.65269637480378
RG-SCSO-ReliefF,SVM,relieff,SpectEW,28,0.1312578616352201,0.8724668064290706,11,22,172.61798641597852
RG-SCSO-ReliefF,SVM,relieff,SpectEW,29,0.13077358490566046,0.8729559748427672,11,22,171.3413910411764
RG-SCSO-ReliefF,SVM,relieff,TicTacToe,1,0.11638612565445021,0.8925392670157068,9,9,1232.7597197499126
RG-SCSO-ReliefF,SVM,relieff,TicTacToe,0,0.1205651178010471,0.8883180628272251,9,9,1251.2831499578897
RG-SCSO-ReliefF,SVM,relieff,TicTacToe,2,0.11952846858638734,0.8893651832460734,9,9,1253.4579891250469
RG-SCSO-ReliefF,SVM,relieff,TicTacToe,3,0.11851881544502603,0.8903850349040141,9,9,1249.5295399581082
RG-SCSO-ReliefF,SVM,relieff,TicTacToe,4,0.13093700916230358,0.877841404886562,9,9,1253.120845333906
RG-SCSO-ReliefF,SVM,relieff,TicTacToe,5,0.12883671465968594,0.8799629144851657,9,9,1259.7713552080095
RG-SCSO-ReliefF,SVM,relieff,TicTacToe,6,0.12367506544502607,0.8851767015706807,9,9,1254.6219972081017
RG-SCSO-ReliefF,SVM,relieff,TicTacToe,7,0.11539267015706804,0.893542757417103,9,9,1226.9963520420715
RG-SCSO-ReliefF,SVM,relieff,TicTacToe,8,0.11438301701570673,0.8945626090750437,9,9,1219.4978554998524
RG-SCSO-ReliefF,SVM,relieff,TicTacToe,9,0.11953386780104694,0.889359729493892,9,9,1240.6942654999439
RG-SCSO-ReliefF,SVM,relieff,TicTacToe,10,0.12679581151832467,0.882024432809773,9,9,1257.8687520830426
RG-SCSO-ReliefF,SVM,relieff,TicTacToe,11,0.11749836387434551,0.8914157940663177,9,9,1238.877353375079
RG-SCSO-ReliefF,SVM,relieff,TicTacToe,12,0.119501472513089,0.8893924520069808,9,9,1244.6018099999055
RG-SCSO-ReliefF,SVM,relieff,TicTacToe,15,0.1205705170157067,0.8883126090750437,9,9,1214.014518750133
RG-SCSO-ReliefF,SVM,relieff,TicTacToe,14,0.12368586387434549,0.8851657940663177,9,9,1238.0664112078957
RG-SCSO-ReliefF,SVM,relieff,TicTacToe,13,0.12468471858638748,0.8841568499127399,9,9,1253.619079375174
RG-SCSO-ReliefF,SVM,relieff,TicTacToe,16,0.11748756544502631,0.8914267015706805,9,9,1219.9456383329816
RG-SCSO-ReliefF,SVM,relieff,TicTacToe,17,0.11744977094240831,0.8914648778359512,9,9,1240.9080212500412
RG-SCSO-ReliefF,SVM,relieff,TicTacToe,18,0.12267621073298407,0.8861856457242585,9,9,1251.8109995841514
RG-SCSO-ReliefF,SVM,relieff,TicTacToe,21,0.12883131544502632,0.8799683682373471,9,9,1213.154961375054
RG-SCSO-ReliefF,SVM,relieff,TicTacToe,19,0.12782706151832474,0.8809827661431063,9,9,1246.6005187500268
RG-SCSO-ReliefF,SVM,relieff,TicTacToe,20,0.11951767015706813,0.8893760907504362,9,9,1249.2959529580548
RG-SCSO-ReliefF,SVM,relieff,TicTacToe,22,0.1298841623036649,0.8789048865619546,9,9,1239.582140417071
RG-SCSO-ReliefF,SVM,relieff,TicTacToe,23,0.11852421465968585,0.8903795811518325,9,9,1255.3341191250365
RG-SCSO-ReliefF,SVM,relieff,Vote,0,0.02795975948196112,0.9742830712303423,4,16,139.20811945805326
RG-SCSO-ReliefF,SVM,relieff,Vote,1,0.02885950508788158,0.9740055504162812,5,16,136.40200824989006
RG-SCSO-ReliefF,SVM,relieff,Vote,2,0.02823450508788169,0.9740055504162811,4,16,137.61402941611595
RG-SCSO-ReliefF,SVM,relieff,Vote,3,0.028676341350601237,0.974190564292322,5,16,138.6476498749107
RG-SCSO-ReliefF,SVM,relieff,Vote,4,0.02428041165587408,0.9786308973172989,5,16,139.11776695912704
RG-SCSO-ReliefF,SVM,relieff,Vote,5,0.028142923219241354,0.9740980573543017,4,16,138.00688404100947
RG-SCSO-ReliefF,SVM,relieff,Vote,6,0.02025080943570761,0.9827012025901943,5,16,140.00251212506555
RG-SCSO-ReliefF,SVM,relieff,Vote,7,0.028676341350601237,0.974190564292322,5,16,138.8162700838875
RG-SCSO-ReliefF,SVM,relieff,Vote,8,0.02428041165587408,0.9786308973172989,5,16,140.08745929202996
RG-SCSO-ReliefF,SVM,relieff,Vote,9,0.031014107308048055,0.9699352451433858,2,16,137.10579683305696
RG-SCSO-ReliefF,SVM,relieff,Vote,10,0.024371993524514416,0.9785383903792784,5,16,139.3909659581259
RG-SCSO-ReliefF,SVM,relieff,Vote,11,0.028142923219241354,0.9740980573543017,4,16,136.95431483280845
RG-SCSO-ReliefF,SVM,relieff,Vote,12,0.02858475948196112,0.9742830712303423,5,16,138.63096924987622
RG-SCSO-ReliefF,SVM,relieff,Vote,13,0.020692645698427267,0.9828862164662351,6,16,141.47436499991454
RG-SCSO-ReliefF,SVM,relieff,TicTacToe,24,0.11749296465968591,0.8914212478184991,9,9,1223.0931442091241
RG-SCSO-ReliefF,SVM,relieff,Vote,14,0.02885950508788158,0.9740055504162812,5,16,141.10863612499088
RG-SCSO-ReliefF,SVM,relieff,TicTacToe,25,0.12264381544502634,0.8862183682373471,9,9,1246.5503962920047
RG-SCSO-ReliefF,SVM,relieff,Vote,15,0.028859505087881692,0.9740055504162811,5,16,140.30458241701126
RG-SCSO-ReliefF,SVM,relieff,TicTacToe,27,0.12777846858638764,0.8810318499127398,9,9,1219.033557875082
RG-SCSO-ReliefF,SVM,relieff,Vote,16,0.024646739130434768,0.9782608695652174,5,16,139.865562583087
RG-SCSO-ReliefF,SVM,relieff,TicTacToe,26,0.11851881544502603,0.8903850349040141,9,9,1247.0233025839552
RG-SCSO-ReliefF,SVM,relieff,TicTacToe,28,0.12057591623036652,0.8883071553228621,9,9,1238.7603632078972
RG-SCSO-ReliefF,SVM,relieff,TicTacToe,29,0.11748756544502631,0.8914267015706805,9,9,1247.6020481670275
RG-SCSO-ReliefF,SVM,relieff,Vote,17,0.025088575393154535,0.978445883441258,6,16,139.44241266697645
RG-SCSO-ReliefF,SVM,relieff,Vote,18,0.024646739130434768,0.9782608695652174,5,16,141.00276008294895
RG-SCSO-ReliefF,SVM,relieff,Vote,19,0.028676341350601237,0.974190564292322,5,16,138.56117412494496
RG-SCSO-ReliefF,SVM,relieff,Vote,20,0.02428041165587419,0.9786308973172988,5,16,137.57973537500948
RG-SCSO-ReliefF,SVM,relieff,Vote,21,0.028142923219241354,0.9740980573543017,4,16,136.15770995919593
RG-SCSO-ReliefF,SVM,relieff,Vote,22,0.028767923219241355,0.9740980573543017,5,16,139.87854666705243
RG-SCSO-ReliefF,SVM,relieff,Vote,23,0.020067645698427266,0.9828862164662351,5,16,138.97835999983363
RG-SCSO-ReliefF,SVM,relieff,Vote,24,0.02393015726179465,0.9783533765032377,4,16,138.54582216590643
RG-SCSO-ReliefF,SVM,relieff,Vote,25,0.02948450508788158,0.9740055504162812,6,16,137.6530303331092
RG-SCSO-ReliefF,SVM,relieff,Vote,26,0.02393015726179465,0.9783533765032377,4,16,137.9151705831755
RG-SCSO-ReliefF,SVM,relieff,Vote,27,0.020342391304347944,0.9826086956521738,5,16,137.91260337503627
RG-SCSO-ReliefF,SVM,relieff,Vote,28,0.02823450508788169,0.9740055504162811,4,16,138.42835362488404
RG-SCSO-ReliefF,SVM,relieff,Vote,29,0.024813829787234072,0.9787234042553191,6,16,137.95539020816796
bSCSO,SVM,none,BreastEW,0,0.033455822718381684,0.9706955775010735,4,9,243.07131570810452
bSCSO,SVM,none,BreastEW,1,0.03346644959687048,0.9706848432803777,4,9,245.54082949995063
bSCSO,SVM,none,BreastEW,2,0.033455822718381795,0.9706955775010734,4,9,253.53170395782217
bSCSO,SVM,none,BreastEW,3,0.0320105672439292,0.972155431515672,4,9,242.44268745789304
bSCSO,SVM,none,BreastEW,4,0.031946805972997316,0.9722198368398456,4,9,250.1822701669298
bSCSO,SVM,none,BreastEW,5,0.03420090883068548,0.9721876341777588,6,9,250.74127712496556
bSCSO,SVM,none,BreastEW,6,0.03344519583989322,0.9707063117217689,4,9,246.36817658296786
bSCSO,SVM,none,BreastEW,7,0.0320105672439292,0.972155431515672,4,9,244.42148791695945
bSCSO,SVM,none,BreastEW,8,0.033100424598063054,0.9721768999570631,5,9,252.3872921250295
bSCSO,SVM,none,BreastEW,9,0.03344519583989322,0.9707063117217689,4,9,251.1435691670049
bSCSO,SVM,none,BreastEW,10,0.034577560707981375,0.970684843280378,5,9,239.42433420801535
bSCSO,SVM,none,BreastEW,11,0.03161266160965605,0.973679690854444,5,9,243.61825779196806
bSCSO,SVM,none,BreastEW,12,0.03276628023472156,0.9736367539716617,6,9,247.58437558379956
bSCSO,SVM,none,BreastEW,13,0.03339206144745002,0.9707599828252469,4,9,250.911068667192
bSCSO,SVM,none,BreastEW,14,0.03197868660846326,0.9721876341777588,4,9,244.4787651251536
bSCSO,SVM,none,BreastEW,15,0.03344519583989322,0.9707063117217689,4,9,245.50902329105884
bSCSO,SVM,none,BreastEW,16,0.03455630695100433,0.9707063117217689,5,9,251.1345177500043
bSCSO,SVM,none,BreastEW,17,0.030565311769476605,0.9736152855302705,4,9,254.6393062500283
bSCSO,SVM,none,BreastEW,18,0.03308979771957437,0.9721876341777588,5,9,249.60209887498058
bSCSO,SVM,none,BreastEW,19,0.030565311769476605,0.9736152855302705,4,9,252.0990419171285
bSCSO,SVM,none,BreastEW,20,0.03308979771957437,0.9721876341777588,5,9,249.617596416967
bSCSO,SVM,none,BreastEW,21,0.033079170841085796,0.9721983683984543,5,9,250.5197432078421
bSCSO,SVM,none,BreastEW,22,0.031633915366633306,0.9736582224130528,5,9,241.85261687496677
bSCSO,SVM,none,BreastEW,23,0.03198931348695194,0.9721768999570631,4,9,245.97668324992992
bSCSO,SVM,none,BreastEW,24,0.031999940365440516,0.9721661657363676,4,9,249.17689854186028
bSCSO,SVM,none,BreastEW,25,0.031946805972997316,0.9722198368398456,4,9,255.66008608415723
bSCSO,SVM,none,BreastEW,26,0.03276628023472156,0.9736367539716617,6,9,246.78601641696878
bSCSO,SVM,none,BreastEW,27,0.03424341634464011,0.9721446972949763,6,9,249.11588774994016
bSCSO,SVM,none,BreastEW,28,0.03161266160965605,0.973679690854444,5,9,249.9692900418304
bSCSO,SVM,none,BreastEW,29,0.03311105147655163,0.9721661657363676,5,9,250.2273583339993
bSCSO,SVM,none,Diabetes,0,0.23060294117647062,0.7733808674985145,5,8,751.3734431660268
bSCSO,SVM,none,Diabetes,1,0.231905462184874,0.7720651897122485,5,8,758.6339247089345
bSCSO,SVM,none,Diabetes,2,0.2253928571428572,0.7786435786435786,5,8,789.8967557919677
bSCSO,SVM,none,Diabetes,3,0.21638655462184878,0.7864782276546982,4,8,785.1784712921362
bSCSO,SVM,none,Diabetes,4,0.22931932773109248,0.773414820473644,4,8,785.9525848340709
bSCSO,SVM,none,Diabetes,6,0.2306113445378152,0.7733723792547321,5,8,757.4976559998468
bSCSO,SVM,none,Diabetes,5,0.22402100840336145,0.7812919107036753,6,8,782.7968510838691
bSCSO,SVM,none,Diabetes,7,0.2253949579831933,0.7773788303200068,4,8,785.3107078750618
bSCSO,SVM,none,Diabetes,9,0.22668697478991603,0.7773363891010949,5,8,764.146200499963
bSCSO,SVM,none,Diabetes,8,0.2241848739495798,0.7786011374246669,4,8,795.9458901251201
bSCSO,SVM,none,Diabetes,10,0.23184663865546212,0.7721246074187251,5,8,783.6284520421177
bSCSO,SVM,none,Diabetes,11,0.22673109243697484,0.7760291995586113,4,8,779.9538626670837
bSCSO,SVM,none,Diabetes,12,0.2279495798319328,0.7747984042101689,4,8,775.6213637911715
bSCSO,SVM,none,Diabetes,13,0.22401260504201684,0.7813003989474577,6,8,790.6847439580597
bSCSO,SVM,none,Diabetes,14,0.217577731092437,0.7865376453611748,5,8,784.3564712498337
bSCSO,SVM,none,Diabetes,15,0.2266533613445379,0.7773703420762244,5,8,784.4084504588973
bSCSO,SVM,none,Diabetes,16,0.2266533613445379,0.7773703420762244,5,8,749.6596083329059
bSCSO,SVM,none,Diabetes,17,0.22535084033613448,0.7786860198624904,5,8,766.8450505000073
bSCSO,SVM,none,Diabetes,18,0.2202331932773109,0.7838553603259486,5,8,787.3607410830446
bSCSO,SVM,none,Diabetes,19,0.22285714285714286,0.7799422799422799,4,8,777.214061500039
bSCSO,SVM,none,Diabetes,20,0.22025000000000006,0.7838383838383838,5,8,775.4540115841664
bSCSO,SVM,none,Diabetes,22,0.228,0.7747474747474747,4,8,757.4380110830534
bSCSO,SVM,none,Diabetes,21,0.22658613445378153,0.7774382480264833,5,8,776.6956330409739
bSCSO,SVM,none,Diabetes,23,0.2202331932773109,0.7838553603259486,5,8,782.2014844999649
bSCSO,SVM,none,Diabetes,24,0.22014705882352947,0.785204991087344,6,8,747.7193177081645
bSCSO,SVM,none,Diabetes,25,0.2317605042016807,0.7734742381801205,6,8,752.4781475830823
bSCSO,SVM,none,Diabetes,27,0.2279537815126051,0.7773194126135302,6,8,740.4785580839962
bSCSO,SVM,none,Diabetes,29,0.22543697478991603,0.7773363891010949,4,8,744.7859554160386
bSCSO,SVM,none,Diabetes,28,0.22405462184873945,0.781257957728546,6,8,747.446028875187
bSCSO,SVM,none,Diabetes,26,0.22671008403361348,0.7785756726933197,6,8,765.4916637500282
bSCSO,SVM,none,GermanCredit,0,0.22427999999999987,0.7780000000000001,9,20,1412.7227233329322
bSCSO,SVM,none,GermanCredit,1,0.22131999999999996,0.782,11,20,1406.9142926249187
bSCSO,SVM,none,GermanCredit,2,0.22576,0.776,8,20,1368.2543407911435
bSCSO,SVM,none,GermanCredit,3,0.22377999999999998,0.778,8,20,1392.6420393751469
bSCSO,SVM,none,GermanCredit,6,0.22429,0.779,11,20,1364.563740707934
bSCSO,SVM,none,GermanCredit,4,0.21883999999999998,0.784,10,20,1392.227590083843
bSCSO,SVM,none,GermanCredit,5,0.22427000000000008,0.7769999999999999,7,20,1400.9659199169837
bSCSO,SVM,none,GermanCredit,7,0.22082999999999997,0.783,12,20,1400.8726305419113
bSCSO,SVM,none,GermanCredit,8,0.21885999999999997,0.786,14,20,1393.5091259998735
bSCSO,SVM,none,GermanCredit,9,0.21935000000000007,0.7849999999999999,13,20,1375.6035334998742
bSCSO,SVM,none,GermanCredit,10,0.22034999999999996,0.785,15,20,1318.5108081658836
bSCSO,SVM,none,GermanCredit,11,0.21735999999999997,0.786,11,20,1352.1194731660653
bSCSO,SVM,none,GermanCredit,12,0.22476999999999997,0.777,8,20,1376.222262541065
bSCSO,SVM,none,GermanCredit,14,0.22379999999999997,0.78,12,20,1385.014296791982
bSCSO,SVM,none,GermanCredit,13,0.22579999999999997,0.78,16,20,1411.0609487912152
bSCSO,SVM,none,GermanCredit,15,0.21935000000000007,0.7849999999999999,13,20,1387.8494886660483
bSCSO,SVM,none,GermanCredit,16,0.22033999999999998,0.784,13,20,1388.3149965419434
bSCSO,SVM,none,GermanCredit,17,0.23221999999999998,0.772,13,20,1396.3067274170462
bSCSO,SVM,none,GermanCredit,18,0.22032999999999986,0.7830000000000001,11,20,1351.0200052501168
bSCSO,SVM,none,GermanCredit,19,0.22182999999999997,0.783,14,20,1344.6708507919684
bSCSO,SVM,none,GermanCredit,20,0.21735000000000007,0.7849999999999999,9,20,1324.2694810000248
bSCSO,SVM,none,GermanCredit,22,0.21934999999999985,0.7850000000000001,13,20,1354.4808833331335
bSCSO,SVM,none,GermanCredit,21,0.22379,0.779,10,20,1388.610609708121
bSCSO,SVM,none,GermanCredit,23,0.22577999999999987,0.7780000000000001,12,20,1391.91956224991
bSCSO,SVM,none,HeartDisease,0,0.15138148631029982,0.8517514124293786,6,13,206.40096704103053
bSCSO,SVM,none,HeartDisease,1,0.1445018252933506,0.8587005649717515,6,13,205.38133266707882
bSCSO,SVM,none,HeartDisease,2,0.15451368970013046,0.8485875706214688,6,13,203.908782124985
bSCSO,SVM,none,HeartDisease,3,0.15621994784876145,0.8484180790960452,8,13,203.1067733329255
bSCSO,SVM,none,HeartDisease,4,0.14262842242503268,0.8621468926553671,8,13,203.6787384171039
bSCSO,SVM,none,HeartDisease,5,0.15286401564537166,0.8518079096045197,8,13,208.19284899998456
bSCSO,SVM,none,GermanCredit,24,0.22231999999999996,0.782,13,20,1361.0302692921832
bSCSO,SVM,none,GermanCredit,25,0.22527999999999998,0.778,11,20,1408.6712034579832
bSCSO,SVM,none,HeartDisease,6,0.1522066492829204,0.8516949152542374,7,13,204.48701533302665
bSCSO,SVM,none,HeartDisease,7,0.15929621903520216,0.8453107344632768,8,13,205.99972712504677
bSCSO,SVM,none,HeartDisease,8,0.1493402868318121,0.8553672316384182,8,13,204.86564033292234
bSCSO,SVM,none,HeartDisease,9,0.15605215123859179,0.8485875706214691,8,13,202.43127187504433
bSCSO,SVM,none,GermanCredit,26,0.22182999999999986,0.7830000000000001,14,20,1369.2168278750032
bSCSO,SVM,none,HeartDisease,10,0.14802555410690993,0.8551412429378532,6,13,202.69107454200275
bSCSO,SVM,none,HeartDisease,11,0.15241655801825285,0.8522598870056498,8,13,202.88240737491287
bSCSO,SVM,none,HeartDisease,12,0.14736818774445892,0.8550282485875706,5,13,203.88243195810355
bSCSO,SVM,none,GermanCredit,27,0.21293000000000006,0.7929999999999999,16,20,1342.8668498338666
bSCSO,SVM,none,HeartDisease,13,0.15192698826597134,0.8519774011299435,7,13,203.6693017501384
bSCSO,SVM,none,HeartDisease,14,0.1553941329856583,0.8453672316384182,3,13,200.5349091249518
bSCSO,SVM,none,HeartDisease,15,0.15164732724902208,0.8522598870056498,7,13,203.9763185000047
bSCSO,SVM,none,HeartDisease,16,0.14703324641460228,0.8584745762711865,9,13,204.59663891699165
bSCSO,SVM,none,GermanCredit,28,0.22083999999999998,0.784,14,20,1370.724998708116
bSCSO,SVM,none,HeartDisease,17,0.14845919165580193,0.8554802259887004,7,13,203.54450675006956
bSCSO,SVM,none,HeartDisease,18,0.156052151238592,0.8485875706214688,8,13,201.27823458402418
bSCSO,SVM,none,HeartDisease,19,0.15594028683181227,0.8487005649717514,8,13,204.20294195809402
bSCSO,SVM,none,GermanCredit,29,0.22281999999999996,0.782,14,20,1388.1834969578777
bSCSO,SVM,none,HeartDisease,20,0.15627588005215134,0.8483615819209038,8,13,201.55112854205072
bSCSO,SVM,none,HeartDisease,21,0.1526962190352021,0.8519774011299435,8,13,203.4725217500236
bSCSO,SVM,none,HeartDisease,22,0.14637588005215113,0.8583615819209041,8,13,203.384658082854
bSCSO,SVM,none,HeartDisease,25,0.14808148631029974,0.855084745762712,6,13,200.78269966691732
bSCSO,SVM,none,HeartDisease,23,0.1633095176010431,0.8420338983050847,9,13,205.2427939590998
bSCSO,SVM,none,HeartDisease,24,0.15511512385919168,0.8487570621468926,7,13,203.84037233307026
bSCSO,SVM,none,HeartDisease,26,0.16051225554106918,0.8417514124293785,5,13,201.54807204101235
bSCSO,SVM,none,HeartDisease,27,0.15533885267275105,0.8485310734463276,7,13,204.44034854113124
bSCSO,SVM,none,HeartDisease,28,0.1544584093872229,0.8517514124293786,10,13,198.85994612518698
bSCSO,SVM,none,HeartDisease,29,0.14780182529335079,0.855367231638418,6,13,205.3034033330623
bSCSO,SVM,none,IonosphereEW,0,0.04135779382175405,0.9629778672032193,16,34,209.73066499992274
bSCSO,SVM,none,IonosphereEW,1,0.04401176470588239,0.96,15,34,208.9341422910802
bSCSO,SVM,none,IonosphereEW,2,0.04165191146881287,0.9629778672032193,17,34,208.45081120799296
bSCSO,SVM,none,IonosphereEW,3,0.04139763285595921,0.9629376257545272,16,34,212.40043412498198
bSCSO,SVM,none,IonosphereEW,4,0.04022116226772392,0.9629376257545272,12,34,207.1198357080575
bSCSO,SVM,none,IonosphereEW,5,0.04025408924133026,0.9658752515090544,22,34,211.49843470891938
bSCSO,SVM,none,IonosphereEW,6,0.03827494378032914,0.9657947686116699,15,34,209.82427395903505
bSCSO,SVM,none,IonosphereEW,7,0.044520321931589384,0.9600804828973845,17,34,211.82594416686334
bSCSO,SVM,none,IonosphereEW,8,0.044106687181914975,0.9602012072434608,16,34,212.13358516711742
bSCSO,SVM,none,IonosphereEW,9,0.0409839981062848,0.9630583501006036,15,34,210.39447175012901
bSCSO,SVM,none,IonosphereEW,10,0.04047544088057758,0.9629778672032193,13,34,209.90064204111695
bSCSO,SVM,none,IonosphereEW,11,0.040849236596046834,0.962897384305835,14,34,211.61530770803802
bSCSO,SVM,none,IonosphereEW,12,0.03802066516747537,0.9657545271629779,14,34,207.40788687486202
bSCSO,SVM,none,IonosphereEW,13,0.040849236596046834,0.962897384305835,14,34,210.6264426249545
bSCSO,SVM,none,IonosphereEW,14,0.04026100130192919,0.962897384305835,12,34,203.59471545787528
bSCSO,SVM,none,IonosphereEW,15,0.037980826133270106,0.9657947686116701,14,34,208.7991072498262
bSCSO,SVM,none,IonosphereEW,16,0.03768670848621128,0.9657947686116701,13,34,208.20638150000013
bSCSO,SVM,none,IonosphereEW,17,0.040889075630252104,0.9628571428571429,14,34,206.3163515420165
bSCSO,SVM,none,IonosphereEW,18,0.0436778080246183,0.9600402414486922,14,34,208.58851383416913
bSCSO,SVM,none,IonosphereEW,19,0.037392590839152674,0.9657947686116699,12,34,210.1690406659618
bSCSO,SVM,none,IonosphereEW,20,0.04169175050301814,0.9629376257545271,17,34,209.8061192079913
bSCSO,SVM,none,IonosphereEW,21,0.038608900461593015,0.9657545271629779,16,34,211.67104312498122
bSCSO,SVM,none,IonosphereEW,22,0.040849236596046834,0.962897384305835,14,34,205.91478891693987
bSCSO,SVM,none,IonosphereEW,23,0.03831478281453419,0.9657545271629779,15,34,207.9347973749973
bSCSO,SVM,none,IonosphereEW,24,0.04135779382175405,0.9629778672032193,16,34,210.67518662498333
bSCSO,SVM,none,IonosphereEW,25,0.03848938335897732,0.9658752515090544,16,34,204.64474333287217
bSCSO,SVM,none,IonosphereEW,26,0.034524180376375946,0.968692152917505,12,34,209.72593483305536
bSCSO,SVM,none,IonosphereEW,27,0.04139763285595932,0.9629376257545271,16,34,211.1610933749471
bSCSO,SVM,none,Lymphography,0,0.13823831417624521,0.8659770114942529,10,18,139.08962783310562
bSCSO,SVM,none,IonosphereEW,28,0.037940987099064946,0.9658350100603622,14,34,208.60550808301196
bSCSO,SVM,none,Lymphography,1,0.15234865900383138,0.8517241379310345,10,18,140.52276745904237
bSCSO,SVM,none,IonosphereEW,29,0.037901148064859676,0.9658752515090544,14,34,209.23507029097527
bSCSO,SVM,none,Lymphography,3,0.14473793103448274,0.8588505747126437,9,18,138.5904242079705
bSCSO,SVM,none,Lymphography,2,0.139048275862069,0.8645977011494252,9,18,139.69070104090497
bSCSO,SVM,none,Lymphography,4,0.15345977011494247,0.8517241379310345,12,18,141.82932050013915
bSCSO,SVM,none,Lymphography,5,0.13163831417624527,0.8726436781609195,10,18,141.06625550007448
bSCSO,SVM,none,Lymphography,6,0.1411701149425287,0.8641379310344828,12,18,137.70345716690645
bSCSO,SVM,none,Lymphography,7,0.14509272030651338,0.8579310344827586,8,18,138.3297272089403
bSCSO,SVM,none,Lymphography,8,0.13947662835249022,0.8652873563218393,11,18,140.43358416715637
bSCSO,SVM,none,Lymphography,9,0.13960383141762456,0.8645977011494252,10,18,141.05237466702238
bSCSO,SVM,none,Lymphography,10,0.14552107279693482,0.8586206896551725,10,18,139.42519804206677
bSCSO,SVM,none,Lymphography,11,0.14228122605363983,0.8641379310344828,14,18,139.9129379580263
bSCSO,SVM,none,Lymphography,12,0.13826513409961683,0.8648275862068966,8,18,140.08454079087824
bSCSO,SVM,none,Lymphography,13,0.14003218390804575,0.8652873563218393,12,18,140.8951368338894
bSCSO,SVM,none,Lymphography,14,0.1451931034482759,0.8583908045977011,9,18,139.0290571670048
bSCSO,SVM,none,Lymphography,15,0.1497716475095785,0.8526436781609196,7,18,137.0015441251453
bSCSO,SVM,none,Lymphography,16,0.15401532567049803,0.8517241379310345,13,18,138.85655329213478
bSCSO,SVM,none,Lymphography,17,0.1443095785440613,0.8581609195402299,7,18,138.9978226670064
bSCSO,SVM,none,Lymphography,18,0.1513379310344828,0.852183908045977,9,18,140.03828962496482
bSCSO,SVM,none,Lymphography,19,0.15378773946360152,0.8519540229885058,13,18,140.47261574980803
bSCSO,SVM,none,Lymphography,20,0.1452934865900383,0.8588505747126437,10,18,141.7097067499999
bSCSO,SVM,none,Lymphography,21,0.139048275862069,0.8645977011494252,9,18,143.29195154109038
bSCSO,SVM,none,Lymphography,22,0.12503831417624534,0.8793103448275861,10,18,145.07193762506358
bSCSO,SVM,none,Lymphography,23,0.12013180076628346,0.8848275862068966,11,18,143.6494061248377
bSCSO,SVM,none,Lymphography,24,0.1383655172413791,0.8652873563218393,9,18,142.71889545815066
bSCSO,SVM,none,Lymphography,25,0.14058773946360154,0.8652873563218391,13,18,145.3206087090075
bSCSO,SVM,none,Lymphography,26,0.1454206896551724,0.8581609195402299,9,18,142.16505566705018
bSCSO,SVM,none,Lymphography,27,0.14653180076628353,0.8581609195402299,11,18,144.04921300010756
bSCSO,SVM,none,Lymphography,28,0.14587586206896547,0.8577011494252874,9,18,147.52815324999392
bSCSO,SVM,none,Lymphography,29,0.13411494252873563,0.871264367816092,12,18,145.31950587499887
bSCSO,SVM,none,M-of-n,0,0.004615384615384616,1.0,6,13,994.4390969581436
bSCSO,SVM,none,M-of-n,1,0.004615384615384616,1.0,6,13,1069.2134024999104
bSCSO,SVM,none,M-of-n,3,0.004615384615384616,1.0,6,13,1037.3390988749452
bSCSO,SVM,none,M-of-n,4,0.004615384615384616,1.0,6,13,1033.7318657909054
bSCSO,SVM,none,M-of-n,2,0.004615384615384616,1.0,6,13,1068.9949678329285
bSCSO,SVM,none,M-of-n,5,0.005384615384615384,1.0,7,13,1082.6948093748651
bSCSO,SVM,none,M-of-n,6,0.004615384615384616,1.0,6,13,1090.5673227501102
bSCSO,SVM,none,M-of-n,7,0.004615384615384616,1.0,6,13,1096.0093012908474
bSCSO,SVM,none,M-of-n,11,0.004615384615384616,1.0,6,13,923.8130857080687
bSCSO,SVM,none,M-of-n,8,0.004615384615384616,1.0,6,13,1051.1609138341155
bSCSO,SVM,none,M-of-n,12,0.004615384615384616,1.0,6,13,1023.5654499169905
bSCSO,SVM,none,M-of-n,10,0.004615384615384616,1.0,6,13,1072.9839025419205
bSCSO,SVM,none,M-of-n,9,0.004615384615384616,1.0,6,13,1083.2785637089983
bSCSO,SVM,none,M-of-n,14,0.004615384615384616,1.0,6,13,1005.5604040001053
bSCSO,SVM,none,M-of-n,15,0.004615384615384616,1.0,6,13,1036.594917041948
bSCSO,SVM,none,M-of-n,13,0.005384615384615384,1.0,7,13,1079.3713272078894
bSCSO,SVM,none,M-of-n,16,0.004615384615384616,1.0,6,13,1031.4549189999234
bSCSO,SVM,none,M-of-n,17,0.004615384615384616,1.0,6,13,1062.2517589998897
bSCSO,SVM,none,M-of-n,20,0.004615384615384616,1.0,6,13,981.2302099580411
bSCSO,SVM,none,M-of-n,18,0.004615384615384616,1.0,6,13,1081.3453684998676
bSCSO,SVM,none,M-of-n,19,0.004615384615384616,1.0,6,13,1090.8284109169617
bSCSO,SVM,none,M-of-n,22,0.004615384615384616,1.0,6,13,1039.9830129998736
bSCSO,SVM,none,M-of-n,21,0.004615384615384616,1.0,6,13,1090.2858024160378
bSCSO,SVM,none,M-of-n,23,0.004615384615384616,1.0,6,13,1090.7330915839411
bSCSO,SVM,none,Parkinsons,0,0.09918881118881118,0.9025641025641026,6,22,140.86745583312586
bSCSO,SVM,none,Parkinsons,1,0.09085314685314688,0.9128205128205128,10,22,141.2510774580296
bSCSO,SVM,none,Parkinsons,2,0.09547552447552447,0.9076923076923077,9,22,141.6398087919224
bSCSO,SVM,none,Parkinsons,3,0.09593006993006982,0.9076923076923078,10,22,143.23142750002444
bSCSO,SVM,none,Parkinsons,4,0.08903496503496496,0.9128205128205129,6,22,143.07357895793393
bSCSO,SVM,none,Parkinsons,5,0.09039860139860131,0.9128205128205129,9,22,141.8145975000225
bSCSO,SVM,none,Parkinsons,6,0.1047202797202797,0.8974358974358975,7,22,140.98771200003102
bSCSO,SVM,none,Parkinsons,7,0.09411188811188811,0.9076923076923077,6,22,142.35316287493333
bSCSO,SVM,none,Parkinsons,8,0.09547552447552447,0.9076923076923077,9,22,142.343032249948
bSCSO,SVM,none,Parkinsons,9,0.09456643356643357,0.9076923076923077,7,22,142.1443137919996
bSCSO,SVM,none,Parkinsons,10,0.09039860139860131,0.9128205128205129,9,22,143.1664024591446
bSCSO,SVM,none,M-of-n,24,0.005384615384615384,1.0,7,13,1070.9807483751792
bSCSO,SVM,none,M-of-n,25,0.004615384615384616,1.0,6,13,1072.3474097079597
bSCSO,SVM,none,Parkinsons,11,0.08441258741258746,0.9179487179487179,7,22,142.66932875011116
bSCSO,SVM,none,M-of-n,27,0.004615384615384616,1.0,6,13,1008.2870840830728
bSCSO,SVM,none,M-of-n,26,0.004615384615384616,1.0,6,13,1086.1498279999942
bSCSO,SVM,none,Parkinsons,12,0.08994405594405597,0.9128205128205128,8,22,143.81316033401527
bSCSO,SVM,none,Parkinsons,13,0.09918881118881118,0.9025641025641026,6,22,143.61484941700473
bSCSO,SVM,none,Parkinsons,14,0.10009790209790208,0.9025641025641026,8,22,142.41056525008753
bSCSO,SVM,none,M-of-n,29,0.004615384615384616,1.0,6,13,1052.5060415421613
bSCSO,SVM,none,Parkinsons,15,0.09918881118881118,0.9025641025641026,6,22,144.2393151661381
bSCSO,SVM,none,Parkinsons,16,0.09964335664335663,0.9025641025641026,7,22,142.28308045794256
bSCSO,SVM,none,Parkinsons,17,0.07888111888111883,0.9230769230769231,6,22,141.7216407910455
bSCSO,SVM,none,Parkinsons,18,0.09456643356643357,0.9076923076923077,7,22,143.41918054199778
bSCSO,SVM,none,M-of-n,28,0.004615384615384616,1.0,6,13,1163.3209939999506
bSCSO,SVM,none,Parkinsons,19,0.09085314685314677,0.9128205128205129,10,22,142.395180915948
bSCSO,SVM,none,Parkinsons,20,0.10426573426573424,0.8974358974358975,6,22,142.9212548751384
bSCSO,SVM,none,Parkinsons,21,0.09039860139860142,0.9128205128205128,9,22,143.94707545801066
bSCSO,SVM,none,Parkinsons,22,0.08903496503496496,0.9128205128205129,6,22,144.11469054198824
bSCSO,SVM,none,Parkinsons,23,0.10009790209790208,0.9025641025641026,8,22,144.9808379590977
bSCSO,SVM,none,Parkinsons,24,0.08948951048951052,0.9128205128205128,7,22,144.3509743330069
bSCSO,SVM,none,Parkinsons,25,0.09502097902097902,0.9076923076923077,8,22,145.71692108293064
bSCSO,SVM,none,Parkinsons,27,0.09411188811188811,0.9076923076923077,6,22,144.1013830830343
bSCSO,SVM,none,Parkinsons,26,0.09918881118881118,0.9025641025641026,6,22,145.09325070795603
bSCSO,SVM,none,Parkinsons,28,0.08903496503496507,0.9128205128205128,6,22,143.03359816689044
bSCSO,SVM,none,Parkinsons,29,0.09456643356643357,0.9076923076923077,7,22,144.48787637497298
bSCSO,SVM,none,SpectEW,0,0.13136649514008,0.872816212438854,12,22,173.51424279087223
bSCSO,SVM,none,SpectEW,1,0.1284705546026301,0.876659678546471,14,22,173.3809962500818
bSCSO,SVM,none,SpectEW,2,0.13080331618067464,0.8724668064290706,10,22,171.2487109999638
bSCSO,SVM,none,SpectEW,4,0.13027958833619205,0.8725366876310273,9,22,169.58101387508214
bSCSO,SVM,none,SpectEW,3,0.1308724985706117,0.872396925227114,10,22,170.45058425003663
bSCSO,SVM,none,SpectEW,5,0.13785991995425947,0.86533892382949,10,22,171.1337767089717
bSCSO,SVM,none,SpectEW,6,0.13125786163522,0.8724668064290707,11,22,164.98921579215676
bSCSO,SVM,none,SpectEW,7,0.13091194968553455,0.872816212438854,11,22,171.4566969582811
bSCSO,SVM,none,SpectEW,8,0.13369925671812444,0.8686233403214537,8,22,168.47415554174222
bSCSO,SVM,none,SpectEW,9,0.13150485991995434,0.8726764500349405,12,22,171.73167454171926
bSCSO,SVM,none,SpectEW,10,0.13066495140080045,0.8726065688329839,10,22,169.1559718749486
bSCSO,SVM,none,SpectEW,11,0.12856946826758156,0.8761006289308175,13,22,170.8088479579892
bSCSO,SVM,none,SpectEW,12,0.1340154373927958,0.8687631027253669,9,22,170.75686854170635
bSCSO,SVM,none,SpectEW,13,0.13059576901086342,0.8726764500349405,10,22,172.96236308291554
bSCSO,SVM,none,SpectEW,14,0.13041795311606624,0.872396925227114,9,22,170.59452979220077
bSCSO,SVM,none,SpectEW,15,0.13143567753001706,0.8727463312368974,12,22,172.19371308293194
bSCSO,SVM,none,SpectEW,16,0.13387707261292162,0.8689028651292803,9,22,173.6995505830273
bSCSO,SVM,none,SpectEW,17,0.13670383076043446,0.8651292802236199,7,22,173.4062872081995
bSCSO,SVM,none,SpectEW,18,0.13118867924528307,0.8725366876310272,11,22,173.81607041694224
bSCSO,SVM,none,SpectEW,19,0.13052658662092614,0.8727463312368974,10,22,169.04599462496117
bSCSO,SVM,none,SpectEW,20,0.12979531160663238,0.8730258560447239,9,22,172.22894283337519
bSCSO,SVM,none,SpectEW,21,0.13761292166952538,0.8651292802236199,9,22,173.2030877918005
bSCSO,SVM,none,SpectEW,22,0.13492452830188673,0.8687631027253669,11,22,170.46169241704047
bSCSO,SVM,none,SpectEW,23,0.1311194968553459,0.8726065688329839,11,22,170.56918587489054
bSCSO,SVM,none,SpectEW,24,0.13380789022298456,0.8689727463312369,9,22,171.0312237921171
bSCSO,SVM,none,SpectEW,25,0.12734419668381938,0.8759608665269042,10,22,171.57645587529987
bSCSO,SVM,none,SpectEW,26,0.13027958833619216,0.8725366876310272,9,22,170.07451412500814
bSCSO,SVM,none,SpectEW,27,0.13118867924528307,0.8725366876310272,11,22,169.11041670804843
bSCSO,SVM,none,SpectEW,28,0.12989422527158373,0.8724668064290706,8,22,171.4267837079242
bSCSO,SVM,none,SpectEW,29,0.12986449399656955,0.8729559748427672,9,22,168.18393195793033
bSCSO,SVM,none,TicTacToe,1,0.11638612565445021,0.8925392670157068,9,9,1193.5150804170407
bSCSO,SVM,none,TicTacToe,0,0.1205651178010471,0.8883180628272251,9,9,1231.2352098752744
bSCSO,SVM,none,TicTacToe,4,0.13093700916230358,0.877841404886562,9,9,1189.4533698749729
bSCSO,SVM,none,TicTacToe,2,0.11952846858638734,0.8893651832460734,9,9,1256.0050674169324
bSCSO,SVM,none,TicTacToe,5,0.12883671465968594,0.8799629144851657,9,9,1174.8088399576955
bSCSO,SVM,none,TicTacToe,3,0.11851881544502603,0.8903850349040141,9,9,1229.913574332837
bSCSO,SVM,none,TicTacToe,6,0.12367506544502607,0.8851767015706807,9,9,1185.934943374712
bSCSO,SVM,none,TicTacToe,7,0.11539267015706804,0.893542757417103,9,9,1226.185422624927
bSCSO,SVM,none,TicTacToe,9,0.11953386780104694,0.889359729493892,9,9,1160.4424559590407
bSCSO,SVM,none,TicTacToe,8,0.11438301701570673,0.8945626090750437,9,9,1200.7604777910747
bSCSO,SVM,none,TicTacToe,12,0.119501472513089,0.8893924520069808,9,9,1186.3588175410405
bSCSO,SVM,none,TicTacToe,13,0.12468471858638748,0.8841568499127399,9,9,1175.478438375052
bSCSO,SVM,none,TicTacToe,11,0.11749836387434551,0.8914157940663177,9,9,1195.0411586249247
bSCSO,SVM,none,TicTacToe,10,0.12679581151832467,0.882024432809773,9,9,1234.440226458013
bSCSO,SVM,none,TicTacToe,14,0.12368586387434549,0.8851657940663177,9,9,1224.930154000409
bSCSO,SVM,none,TicTacToe,15,0.1205705170157067,0.8883126090750437,9,9,1194.7890334590338
bSCSO,SVM,none,TicTacToe,17,0.11744977094240831,0.8914648778359512,9,9,1197.5405326248147
bSCSO,SVM,none,TicTacToe,16,0.11748756544502631,0.8914267015706805,9,9,1213.619739125017
bSCSO,SVM,none,TicTacToe,18,0.12267621073298407,0.8861856457242585,9,9,1151.1138244578615
bSCSO,SVM,none,TicTacToe,19,0.12782706151832474,0.8809827661431063,9,9,1210.604084291961
bSCSO,SVM,none,TicTacToe,21,0.12883131544502632,0.8799683682373471,9,9,1210.5469688749872
bSCSO,SVM,none,TicTacToe,22,0.1298841623036649,0.8789048865619546,9,9,1201.3722027498297
bSCSO,SVM,none,TicTacToe,20,0.11951767015706813,0.8893760907504362,9,9,1255.0773954591714
bSCSO,SVM,none,TicTacToe,23,0.11852421465968585,0.8903795811518325,9,9,1243.1699278750457
bSCSO,SVM,none,Vote,0,0.028051341350601236,0.974190564292322,4,16,139.37795495893806
bSCSO,SVM,none,Vote,1,0.02823450508788158,0.9740055504162812,4,16,137.41579058393836
bSCSO,SVM,none,Vote,2,0.02393015726179465,0.9783533765032377,4,16,139.2908958750777
bSCSO,SVM,none,Vote,3,0.028676341350601237,0.974190564292322,5,16,141.67674174997956
bSCSO,SVM,none,Vote,4,0.02858475948196112,0.9742830712303423,5,16,136.28407295793295
bSCSO,SVM,none,Vote,5,0.028859505087881692,0.9740055504162811,5,16,140.045867332723
bSCSO,SVM,none,Vote,6,0.02025080943570761,0.9827012025901943,5,16,138.029876915738
bSCSO,SVM,none,Vote,7,0.028051341350601236,0.974190564292322,4,16,139.86756608309224
bSCSO,SVM,none,Vote,8,0.02490541165587408,0.9786308973172989,6,16,137.31854229187593
bSCSO,SVM,none,Vote,9,0.030389107308048054,0.9699352451433858,1,16,137.3310070829466
bSCSO,SVM,none,Vote,10,0.020692645698427267,0.9828862164662351,6,16,139.3363379589282
bSCSO,SVM,none,Vote,11,0.028767923219241355,0.9740980573543017,5,16,141.3761934163049
bSCSO,SVM,none,Vote,12,0.02795975948196112,0.9742830712303423,4,16,141.86982149956748
bSCSO,SVM,none,Vote,13,0.019442645698427265,0.9828862164662351,4,16,138.02436274988577
bSCSO,SVM,none,TicTacToe,26,0.11851881544502603,0.8903850349040141,9,9,1174.5735379583202
bSCSO,SVM,none,TicTacToe,25,0.12264381544502634,0.8862183682373471,9,9,1213.953709458001
bSCSO,SVM,none,TicTacToe,24,0.11749296465968591,0.8914212478184991,9,9,1221.2149640000425
bSCSO,SVM,none,Vote,14,0.031197271045328507,0.9697502312673449,2,16,139.4608468748629
bSCSO,SVM,none,TicTacToe,27,0.12777846858638764,0.8810318499127398,9,9,1189.3263243329711
bSCSO,SVM,none,Vote,15,0.02823450508788169,0.9740055504162811,4,16,140.65530795790255
bSCSO,SVM,none,TicTacToe,28,0.12057591623036652,0.8883071553228621,9,9,1213.6320310002193
bSCSO,SVM,none,Vote,16,0.02885950508788158,0.9740055504162812,5,16,135.1458929157816
bSCSO,SVM,none,TicTacToe,29,0.11748756544502631,0.8914267015706805,9,9,1208.1445587920025
bSCSO,SVM,none,Vote,17,0.025713575393154536,0.978445883441258,7,16,137.06872945884243
bSCSO,SVM,none,Vote,18,0.024646739130434768,0.9782608695652174,5,16,138.97640416631475
bSCSO,SVM,none,Vote,19,0.028676341350601237,0.974190564292322,5,16,139.58177245920524
bSCSO,SVM,none,Vote,20,0.027868177613321003,0.9743755781683626,4,16,137.2435617079027
bSCSO,SVM,none,Vote,21,0.028051341350601236,0.974190564292322,4,16,137.41999483294785
bSCSO,SVM,none,Vote,22,0.028142923219241573,0.9740980573543014,4,16,141.39775683311746
bSCSO,SVM,none,Vote,23,0.020692645698427267,0.9828862164662351,6,16,140.32548437500373
bSCSO,SVM,none,Vote,24,0.02393015726179465,0.9783533765032377,4,16,139.8783869999461
bSCSO,SVM,none,Vote,25,0.03128885291396862,0.9696577243293246,2,16,138.8068201248534
bSCSO,SVM,none,Vote,26,0.028051341350601236,0.974190564292322,4,16,138.10846979217604
bSCSO,SVM,none,Vote,27,0.019717391304347943,0.9826086956521738,4,16,124.18843220779672
bSCSO,SVM,none,Vote,28,0.028859505087881692,0.9740055504162811,5,16,113.36033029155806
bSCSO,SVM,none,Vote,29,0.024813829787234072,0.9787234042553191,6,16,104.14379487512633
RG-SCSO-MI,RF,mi,Zoo,2,0.01365000000000001,0.99,6,16,6646.164526292123
RG-SCSO-MI,RF,mi,Zoo,1,0.005625,1.0,9,16,6654.679333415814
RG-SCSO-MI,RF,mi,Zoo,7,0.0075,1.0,12,16,6658.301415082999
RG-SCSO-MI,RF,mi,Zoo,4,0.01427500000000001,0.99,7,16,6659.455896792002
RG-SCSO-MI,RF,mi,Zoo,6,0.00625,1.0,10,16,6675.719412082806
RG-SCSO-MI,RF,mi,Zoo,5,0.01427500000000001,0.99,7,16,6678.254542457871
RG-SCSO-MI,RF,mi,Zoo,0,0.01427500000000001,0.99,7,16,6680.663884124719
RG-SCSO-MI,RF,mi,Zoo,3,0.014428571428571395,0.9904761904761905,8,16,6693.435822540894
RG-SCSO-MI,RF,mi,Zoo,8,0.022924999999999907,0.9800000000000001,5,16,6073.790383416694
RG-SCSO-MI,RF,mi,Zoo,9,0.01490000000000001,0.99,8,16,6078.199982124846
RG-SCSO-MI,RF,mi,Sonar,0,0.13105052264808362,0.870150987224158,15,60,7417.456516040955
RG-SCSO-MI,RF,mi,Sonar,1,0.11234843205574914,0.8895470383275261,18,60,7439.6341955000535
RG-SCSO-MI,RF,mi,Sonar,3,0.09853890824622537,0.9038327526132404,20,60,7421.069297041744
RG-SCSO-MI,RF,mi,Sonar,5,0.14479674796747968,0.8560975609756097,14,60,7419.577755332924
RG-SCSO-MI,RF,mi,Sonar,4,0.1272845528455285,0.8747967479674796,20,60,7456.4133115410805
RG-SCSO-MI,RF,mi,Sonar,2,0.1122967479674797,0.8894308943089431,17,60,7480.797565415967
RG-SCSO-MI,RF,mi,Sonar,6,0.1175110336817654,0.8846689895470383,20,60,8354.634193749633
RG-SCSO-MI,RF,mi,Sonar,7,0.10291986062717774,0.8990708478513356,18,60,8347.420373041183
RG-SCSO-MI,RF,mi,Sonar,8,0.12122531939605109,0.8799070847851336,14,60,8552.470412292052
RG-SCSO-MI,RF,mi,Sonar,9,0.10298315911730553,0.8988385598141695,17,60,8631.715131167322
RG-SCSO-MI,RF,mi,WDBC,0,0.028750038813848768,0.9736531594472908,8,30,10655.32515666727
RG-SCSO-MI,RF,mi,WDBC,3,0.025609687936655776,0.9771619313771154,9,30,10654.23987950012
RG-SCSO-MI,RF,mi,WDBC,1,0.029719298245614114,0.9736842105263157,11,30,10752.168872332666
RG-SCSO-MI,RF,mi,WDBC,2,0.028361900326036266,0.9753920198726906,12,30,10732.295456833206
RG-SCSO-MI,RF,mi,WDBC,4,0.02594302126998911,0.9771619313771154,10,30,11374.524134208914
RG-SCSO-MI,RF,mi,WDBC,5,0.029416705480515434,0.9736531594472908,10,30,11469.359647792298
RG-SCSO-MI,RF,mi,ColonCancer,0,0.09902153846153845,0.9025641025641026,512,2000,8708.39443291584
RG-SCSO-MI,RF,mi,ColonCancer,1,0.09793730769230768,0.9038461538461539,549,2000,8715.48704466736
RG-SCSO-MI,RF,mi,WDBC,6,0.029013196708585605,0.9754075454122031,14,30,11176.704046458937
RG-SCSO-MI,RF,mi,WDBC,7,0.026291724887439766,0.9771464058376029,11,30,11117.872438749764
RG-SCSO-MI,RF,mi,WDBC,8,0.02834653004191894,0.9754075454122031,12,30,10709.495134708937
RG-SCSO-MI,RF,mi,WDBC,9,0.028043937276820367,0.9753764943331781,11,30,10700.207775834017
RG-SCSO-MI,RF,mi,ColonCancer,2,0.08385576923076928,0.9179487179487179,525,2000,7207.583100124728
RG-SCSO-MI,RF,mi,ColonCancer,3,0.08152230769230774,0.9205128205128205,566,2000,7203.431348624639
RG-SCSO-MI,RF,mi,ColonCancer,5,0.08523999999999993,0.9166666666666667,548,2000,7369.978742499836
RG-SCSO-MI,RF,mi,ColonCancer,4,0.09918153846153845,0.9025641025641026,544,2000,7383.333681917284
RG-SCSO-MI,RF,mi,ColonCancer,6,0.08388576923076928,0.9179487179487179,531,2000,7411.150869249832
RG-SCSO-MI,RF,mi,ColonCancer,7,0.08021807692307688,0.9217948717948719,559,2000,7382.59240633389
RG-SCSO-MI,RF,mi,ColonCancer,8,0.08279653846153841,0.9192307692307693,567,2000,7652.512481665704
RG-SCSO-MI,RF,mi,ColonCancer,9,0.09907653846153845,0.9025641025641026,523,2000,7657.605651041027
RG-SCSO-MI,RF,mi,Leukemia,0,0.002856342761131336,1.0,1020,3571,8560.260445083957
RG-SCSO-MI,RF,mi,Leukemia,1,0.002873144777373285,1.0,1026,3571,8528.69131958345
RG-SCSO-MI,RF,mi,Leukemia,3,0.015815513861663376,0.9866666666666667,934,3571,8584.444582375232
RG-SCSO-MI,RF,mi,Leukemia,2,0.0029795575469056287,1.0,1064,3571,8606.603139041923
RG-SCSO-MI,RF,mi,Leukemia,4,0.002875945113413609,1.0,1027,3571,8584.753628124949
RG-SCSO-MI,RF,mi,Leukemia,5,0.015857518902268247,0.9866666666666667,949,3571,8575.739952999633
RG-SCSO-MI,RF,mi,Leukemia,6,0.0158407168860263,0.9866666666666667,943,3571,8677.350554708857
RG-SCSO-MI,RF,mi,Leukemia,7,0.002735928311397368,1.0,977,3571,8662.57317887526
RG-SCSO-ReliefF,RF,relieff,Zoo,0,0.01365000000000001,0.99,6,16,7107.190625666175
RG-SCSO-ReliefF,RF,relieff,Zoo,1,0.005625,1.0,9,16,7106.36943245912
RG-SCSO-ReliefF,RF,relieff,Zoo,2,0.005625,1.0,9,16,7082.818556167185
RG-SCSO-ReliefF,RF,relieff,Zoo,3,0.0075,1.0,12,16,7083.435591707937
RG-SCSO-MI,RF,mi,Leukemia,8,0.002573508821058527,1.0,919,3571,8673.800218250137
RG-SCSO-MI,RF,mi,Leukemia,9,0.0028339400728087374,1.0,1012,3571,8730.9331903751
RG-SCSO-ReliefF,RF,relieff,Zoo,5,0.01740000000000001,0.99,12,16,7162.810853166971
RG-SCSO-ReliefF,RF,relieff,Zoo,4,0.00625,1.0,10,16,7238.016753292177
RG-SCSO-ReliefF,RF,relieff,Zoo,6,0.00625,1.0,10,16,6723.905113250017
RG-SCSO-ReliefF,RF,relieff,Zoo,7,0.00625,1.0,10,16,6708.308233999647
RG-SCSO-ReliefF,RF,relieff,Zoo,8,0.01615000000000001,0.99,10,16,6648.45257666707
RG-SCSO-ReliefF,RF,relieff,Zoo,9,0.01490000000000001,0.99,8,16,6648.050977458712
RG-SCSO-ReliefF,RF,relieff,Sonar,0,0.1183844367015099,0.8851335656213705,28,60,8406.874748332892
RG-SCSO-ReliefF,RF,relieff,Sonar,1,0.1192293844367016,0.8847851335656213,31,60,8432.328973374795
RG-SCSO-ReliefF,RF,relieff,Sonar,2,0.11924099883855986,0.8844367015098722,29,60,8550.16357774986
RG-SCSO-ReliefF,RF,relieff,Sonar,3,0.10480487804878051,0.8991869918699187,30,60,8607.147211791947
RG-SCSO-ReliefF,RF,relieff,Sonar,4,0.12929616724738685,0.8744483159117304,30,60,8760.346010291018
RG-SCSO-ReliefF,RF,relieff,Sonar,5,0.1428641114982579,0.8607433217189314,30,60,8762.213948792312
RG-SCSO-ReliefF,RF,relieff,Sonar,6,0.110082462253194,0.8941927990708478,32,60,8750.25657629082
RG-SCSO-ReliefF,RF,relieff,Sonar,7,0.11619337979094084,0.8891986062717769,39,60,8823.787981542293
RG-SCSO-ReliefF,RF,relieff,Sonar,8,0.12372531939605108,0.8799070847851336,29,60,8783.970298208762
RG-SCSO-ReliefF,RF,relieff,Sonar,9,0.10997909407665514,0.8939605110336817,30,60,8812.666088415775
RG-SCSO-ReliefF,RF,relieff,WDBC,0,0.031432075764632875,0.9736376339077782,16,30,9991.754887416027
RG-SCSO-ReliefF,RF,relieff,WDBC,1,0.02967986337525227,0.9754075454122031,16,30,10194.043551708106
RG-SCSO-ReliefF,RF,relieff,WDBC,2,0.027997826424468276,0.9754230709517155,11,30,9540.585682084318
RG-SCSO-ReliefF,RF,relieff,WDBC,4,0.026958391554106436,0.9771464058376029,13,30,9467.039133792277
RG-SCSO-ReliefF,RF,relieff,WDBC,3,0.028013196708585604,0.9754075454122031,11,30,9608.622859708965
RG-SCSO-ReliefF,RF,relieff,WDBC,5,0.0286952336593696,0.9753920198726906,13,30,9521.607295250054
RG-SCSO-ReliefF,RF,relieff,WDBC,6,0.03315354758577871,0.9718987734823784,16,30,9607.64689174993
RG-SCSO-ReliefF,RF,relieff,WDBC,7,0.0294474460487502,0.9736221083682658,10,30,9555.18933095783
RG-SCSO-ReliefF,RF,relieff,WDBC,8,0.025857475547275285,0.9789318428815401,15,30,9582.33896745788
RG-SCSO-ReliefF,RF,relieff,WDBC,9,0.02934653004191894,0.9754075454122031,15,30,9652.5177000002
RG-SCSO-ReliefF,RF,relieff,ColonCancer,0,0.10165653846153845,0.9025641025641026,1039,2000,7408.307714291848
RG-SCSO-ReliefF,RF,relieff,ColonCancer,1,0.10030230769230769,0.9038461538461539,1022,2000,7356.668592208065
RG-SCSO-ReliefF,RF,relieff,ColonCancer,2,0.08625076923076927,0.9179487179487179,1004,2000,7393.380542917177
RG-SCSO-ReliefF,RF,relieff,ColonCancer,3,0.09911307692307691,0.9051282051282051,1038,2000,7339.383291666862
RG-SCSO-ReliefF,RF,relieff,ColonCancer,4,0.10273576923076921,0.9012820512820513,1001,2000,7356.55454629194
RG-SCSO-ReliefF,RF,relieff,ColonCancer,5,0.10279576923076911,0.9012820512820514,1013,2000,7354.244710166939
RG-SCSO-ReliefF,RF,relieff,ColonCancer,6,0.08623076923076928,0.9179487179487179,1000,2000,7391.485048250295
RG-SCSO-ReliefF,RF,relieff,ColonCancer,7,0.09768384615384615,0.9064102564102564,1006,2000,7369.478563708253
RG-SCSO-ReliefF,RF,relieff,ColonCancer,8,0.08511653846153841,0.9192307692307693,1031,2000,7519.890296708327
RG-SCSO-ReliefF,RF,relieff,ColonCancer,9,0.10163653846153844,0.9025641025641026,1035,2000,7521.983372834045
RG-SCSO-ReliefF,RF,relieff,Leukemia,0,0.005141416970036405,1.0,1836,3571,8499.911709416192
RG-SCSO-ReliefF,RF,relieff,Leukemia,1,0.019009841180941664,0.9857142857142858,1738,3571,8457.144317165948
RG-SCSO-ReliefF,RF,relieff,Leukemia,2,0.01900704084490134,0.9857142857142858,1737,3571,8757.158203290775
RG-SCSO-ReliefF,RF,relieff,Leukemia,3,0.017960571268552203,0.9866666666666667,1700,3571,8749.482853333
RG-SCSO-ReliefF,RF,relieff,Leukemia,4,0.005203024362923551,1.0,1858,3571,9073.029668459203
RG-SCSO-ReliefF,RF,relieff,Leukemia,5,0.01808658639036682,0.9866666666666667,1745,3571,9065.753310791682
RG-SCSO-ReliefF,RF,relieff,Leukemia,7,0.005082609913189583,1.0,1815,3571,9048.081431042403
RG-SCSO-ReliefF,RF,relieff,Leukemia,6,0.018089386726407145,0.9866666666666667,1746,3571,9062.012627916876
bSCSO,RF,none,Zoo,0,0.006875,1.0,11,16,6465.8867128747515
RG-SCSO-ReliefF,RF,relieff,Leukemia,8,0.005152618314197704,1.0,1840,3571,8756.871085791849
bSCSO,RF,none,Zoo,1,0.005625,1.0,9,16,6480.372660250403
RG-SCSO-ReliefF,RF,relieff,Leukemia,9,0.0051442173060767295,1.0,1837,3571,8721.809262291994
bSCSO,RF,none,Zoo,2,0.01427500000000001,0.99,7,16,6560.268085416872
bSCSO,RF,none,Zoo,3,0.006875,1.0,11,16,6629.727835250087
bSCSO,RF,none,Zoo,4,0.01427500000000001,0.99,7,16,6563.674780666828
bSCSO,RF,none,Zoo,5,0.01427500000000001,0.99,7,16,6573.253138958011
bSCSO,RF,none,Zoo,6,0.0075,1.0,12,16,6551.27420850005
bSCSO,RF,none,Zoo,9,0.01490000000000001,0.99,8,16,6552.389606874902
bSCSO,RF,none,Zoo,8,0.01427500000000001,0.99,7,16,6557.739758207928
bSCSO,RF,none,Zoo,7,0.005625,1.0,9,16,6581.346076332964
bSCSO,RF,none,Sonar,0,0.13232055749128926,0.870383275261324,24,60,8172.230481334031
bSCSO,RF,none,Sonar,1,0.12377700348432064,0.8800232288037165,30,60,8183.137407291681
bSCSO,RF,none,Sonar,2,0.11468176538908247,0.8895470383275261,32,60,8154.479146250058
bSCSO,RF,none,Sonar,3,0.1050865272938444,0.8990708478513356,31,60,8186.826344334055
bSCSO,RF,none,Sonar,4,0.11474506387921027,0.88931475029036,31,60,8125.567404875066
bSCSO,RF,none,Sonar,6,0.11013414634146344,0.8943089430894309,33,60,8160.475314457901
bSCSO,RF,none,Sonar,5,0.14274912891986066,0.8608594657375145,30,60,8165.932722624857
bSCSO,RF,none,Sonar,7,0.11174912891986066,0.8941927990708478,42,60,8184.555753166787
bSCSO,RF,none,Sonar,8,0.11463008130081304,0.8894308943089431,31,60,8449.811437124852
bSCSO,RF,none,Sonar,9,0.11446341463414637,0.8894308943089431,30,60,8514.404066290706
bSCSO,RF,none,WDBC,0,0.029361900326036267,0.9753920198726906,15,30,10225.946876166854
bSCSO,RF,none,WDBC,1,0.02834653004191894,0.9754075454122031,12,30,10241.67047449993
bSCSO,RF,none,WDBC,2,0.02691228070175435,0.9771929824561404,13,30,10293.13883495843
bSCSO,RF,none,WDBC,3,0.026260984319205004,0.9771774569166279,11,30,10274.750633707736
bSCSO,RF,none,WDBC,4,0.026943021269989112,0.9771619313771154,13,30,10276.082292750012
bSCSO,RF,none,WDBC,5,0.027276354603322443,0.9771619313771154,14,30,10352.842690207995
bSCSO,RF,none,WDBC,6,0.030416705480515435,0.9736531594472908,13,30,10613.104305416811
bSCSO,RF,none,WDBC,7,0.026943021269989112,0.9771619313771154,13,30,10658.52585020801
bSCSO,RF,none,ColonCancer,0,0.10143153846153845,0.9025641025641026,994,2000,8429.537088125013
bSCSO,RF,none,ColonCancer,1,0.10017730769230769,0.9038461538461539,997,2000,8418.723899875302
bSCSO,RF,none,ColonCancer,2,0.08611076923076927,0.9179487179487179,976,2000,8415.881446917076
bSCSO,RF,none,ColonCancer,3,0.09875807692307692,0.9051282051282051,967,2000,8422.353763208259
bSCSO,RF,none,WDBC,8,0.023469337059463004,0.9806707033069397,13,30,10739.586872417014
bSCSO,RF,none,WDBC,9,0.027679863375252273,0.9754075454122031,10,30,10704.23932616692
bSCSO,RF,none,ColonCancer,4,0.10142653846153844,0.9025641025641026,993,2000,9943.626368250232
bSCSO,RF,none,ColonCancer,5,0.10261576923076922,0.9012820512820513,977,2000,10062.932721500285
bSCSO,RF,none,ColonCancer,6,0.10106653846153844,0.9025641025641026,921,2000,9963.956617665943
bSCSO,RF,none,ColonCancer,8,0.09994730769230768,0.9038461538461539,951,2000,9900.274807875045
bSCSO,RF,none,ColonCancer,7,0.09754384615384616,0.9064102564102564,978,2000,9919.953260333743
bSCSO,RF,none,ColonCancer,9,0.10135653846153844,0.9025641025641026,979,2000,9935.123035875149
bSCSO,RF,none,Leukemia,0,0.005082609913189583,1.0,1815,3571,10464.82029170869
bSCSO,RF,none,Leukemia,1,0.018878225387046393,0.9857142857142858,1691,3571,10435.921712249983
bSCSO,RF,none,Leukemia,2,0.018855822698723795,0.9857142857142858,1683,3571,8386.615948999766
bSCSO,RF,none,Leukemia,3,0.017938168580229605,0.9866666666666667,1692,3571,8169.477662499994
bSCSO,RF,none,Leukemia,4,0.018808216986038274,0.9857142857142858,1666,3571,7869.51562229218
bSCSO,RF,none,Leukemia,5,0.01793536824418928,0.9866666666666667,1691,3571,7838.606745583005
bSCSO,RF,none,Leukemia,6,0.017921366563987656,0.9866666666666667,1686,3571,7853.789884916972
bSCSO,RF,none,Leukemia,7,0.0048473816858022965,1.0,1731,3571,7819.907554625068
bSCSO,RF,none,Leukemia,8,0.004819378325399048,1.0,1721,3571,7070.8475118749775
bSCSO,RF,none,Leukemia,9,0.01788496219546343,0.9866666666666667,1673,3571,7110.507927458733
